condition,drive,frame_offset,phase,phase_frame_index,raw_frame_index,frame_name,layer,instantaneous_prediction_error_rms,dynamic_error_rms,representation_normalized_l2
current_stateful,2011_09_26/2011_09_26_drive_0011_sync,0,baseline,0,0,0000000000.png,1,0.27705740556543346,0.05735088359109203,0.0
current_stateful,2011_09_26/2011_09_26_drive_0011_sync,0,baseline,0,0,0000000000.png,2,0.5947683926156654,0.12311705861660538,0.0
current_stateful,2011_09_26/2011_09_26_drive_0011_sync,0,baseline,0,0,0000000000.png,3,1.8030761904264339,0.3732367754590645,0.0
current_stateful,2011_09_26/2011_09_26_drive_0011_sync,0,baseline,0,0,0000000000.png,4,2.8116027160004875,0.5820017685329941,0.0
current_stateful,2011_09_26/2011_09_26_drive_0011_sync,0,baseline,0,0,0000000000.png,5,1.2703585250982976,0.26296421750274573,0.0
current_stateful,2011_09_26/2011_09_26_drive_0011_sync,1,baseline,1,1,0000000001.png,1,0.7692952544805506,0.1769847297129167,0.0
current_stateful,2011_09_26/2011_09_26_drive_0011_sync,1,baseline,1,1,0000000001.png,2,0.5334942837647294,0.20137567297497747,0.0
current_stateful,2011_09_26/2011_09_26_drive_0011_sync,1,baseline,1,1,0000000001.png,3,1.4833564859032982,0.6008596702630945,0.0
current_stateful,2011_09_26/2011_09_26_drive_0011_sync,1,baseline,1,1,0000000001.png,4,2.4491059039969865,0.9670141514859658,0.0
current_stateful,2011_09_26/2011_09_26_drive_0011_sync,1,baseline,1,1,0000000001.png,5,1.1050766642441103,0.43707762099266867,0.0
current_stateful,2011_09_26/2011_09_26_drive_0011_sync,2,baseline,2,2,0000000002.png,1,0.8690235349853012,0.2778031623123772,0.0
current_stateful,2011_09_26/2011_09_26_drive_0011_sync,2,baseline,2,2,0000000002.png,2,0.5220819862853603,0.25506013892064827,0.0
current_stateful,2011_09_26/2011_09_26_drive_0011_sync,2,baseline,2,2,0000000002.png,3,1.2164214668192996,0.722902264014091,0.0
current_stateful,2011_09_26/2011_09_26_drive_0011_sync,2,baseline,2,2,0000000002.png,4,2.1352966099667094,1.2050656771159107,0.0
current_stateful,2011_09_26/2011_09_26_drive_0011_sync,2,baseline,2,2,0000000002.png,5,0.9889581560546575,0.5503498143033305,0.0
current_stateful,2011_09_26/2011_09_26_drive_0011_sync,3,baseline,3,3,0000000003.png,1,0.9616522215256454,0.3683071286590303,0.0
current_stateful,2011_09_26/2011_09_26_drive_0011_sync,3,baseline,3,3,0000000003.png,2,0.5339349418692427,0.2957218850989386,0.0
current_stateful,2011_09_26/2011_09_26_drive_0011_sync,3,baseline,3,3,0000000003.png,3,1.0041780385323322,0.7714647502581775,0.0
current_stateful,2011_09_26/2011_09_26_drive_0011_sync,3,baseline,3,3,0000000003.png,4,1.8478337116543377,1.3304300931798587,0.0
current_stateful,2011_09_26/2011_09_26_drive_0011_sync,3,baseline,3,3,0000000003.png,5,0.8876626246370944,0.6175996483446297,0.0
current_stateful,2011_09_26/2011_09_26_drive_0011_sync,4,baseline,4,4,0000000004.png,1,0.9610503754746563,0.432647041237058,0.0
current_stateful,2011_09_26/2011_09_26_drive_0011_sync,4,baseline,4,4,0000000004.png,2,0.5524273067512573,0.3300516714941652,0.0
current_stateful,2011_09_26/2011_09_26_drive_0011_sync,4,baseline,4,4,0000000004.png,3,0.847947727460402,0.7727086505663748,0.0
current_stateful,2011_09_26/2011_09_26_drive_0011_sync,4,baseline,4,4,0000000004.png,4,1.5936503023673803,1.3720304749150425,0.0
current_stateful,2011_09_26/2011_09_26_drive_0011_sync,4,baseline,4,4,0000000004.png,5,0.7966982818714698,0.6494968233345729,0.0
current_stateful,2011_09_26/2011_09_26_drive_0011_sync,5,baseline,5,5,0000000005.png,1,0.9430571961449792,0.48126840503851787,0.0
current_stateful,2011_09_26/2011_09_26_drive_0011_sync,5,baseline,5,5,0000000005.png,2,0.5653516622832885,0.3605547037268586,0.0
current_stateful,2011_09_26/2011_09_26_drive_0011_sync,5,baseline,5,5,0000000005.png,3,0.7375424609752972,0.7461883063339965,0.0
current_stateful,2011_09_26/2011_09_26_drive_0011_sync,5,baseline,5,5,0000000005.png,4,1.378396005760572,1.3545236239942378,0.0
current_stateful,2011_09_26/2011_09_26_drive_0011_sync,5,baseline,5,5,0000000005.png,5,0.718390921447499,0.6549800146760233,0.0
current_stateful,2011_09_26/2011_09_26_drive_0011_sync,6,baseline,6,6,0000000006.png,1,0.8388578168423073,0.49497185201720606,0.0
current_stateful,2011_09_26/2011_09_26_drive_0011_sync,6,baseline,6,6,0000000006.png,2,0.5691817743123949,0.38662713293148876,0.0
current_stateful,2011_09_26/2011_09_26_drive_0011_sync,6,baseline,6,6,0000000006.png,3,0.6576485647312178,0.7052667118384478,0.0
current_stateful,2011_09_26/2011_09_26_drive_0011_sync,6,baseline,6,6,0000000006.png,4,1.2039908116958296,1.2991026202613067,0.0
current_stateful,2011_09_26/2011_09_26_drive_0011_sync,6,baseline,6,6,0000000006.png,5,0.6567811938866205,0.6427066317649963,0.0
current_stateful,2011_09_26/2011_09_26_drive_0011_sync,7,baseline,7,7,0000000007.png,1,0.7870520429025453,0.49048753861445726,0.0
current_stateful,2011_09_26/2011_09_26_drive_0011_sync,7,baseline,7,7,0000000007.png,2,0.5706866611297183,0.408611874782563,0.0
current_stateful,2011_09_26/2011_09_26_drive_0011_sync,7,baseline,7,7,0000000007.png,3,0.6034776561139182,0.6587570230138843,0.0
current_stateful,2011_09_26/2011_09_26_drive_0011_sync,7,baseline,7,7,0000000007.png,4,1.0686766892926978,1.2223842620013412,0.0
current_stateful,2011_09_26/2011_09_26_drive_0011_sync,7,baseline,7,7,0000000007.png,5,0.6097610423639901,0.620162471968312,0.0
current_stateful,2011_09_26/2011_09_26_drive_0011_sync,8,baseline,8,8,0000000008.png,1,0.7637912925817557,0.47465611679515324,0.0
current_stateful,2011_09_26/2011_09_26_drive_0011_sync,8,baseline,8,8,0000000008.png,2,0.5672342719114338,0.42667434689535544,0.0
current_stateful,2011_09_26/2011_09_26_drive_0011_sync,8,baseline,8,8,0000000008.png,3,0.5700611760178149,0.6129773838931648,0.0
current_stateful,2011_09_26/2011_09_26_drive_0011_sync,8,baseline,8,8,0000000008.png,4,0.9678547758527414,1.1366551893623393,0.0
current_stateful,2011_09_26/2011_09_26_drive_0011_sync,8,baseline,8,8,0000000008.png,5,0.5727921446376896,0.5926302616936658,0.0
current_stateful,2011_09_26/2011_09_26_drive_0011_sync,9,baseline,9,9,0000000009.png,1,0.7488989490343284,0.451273418661347,0.0
current_stateful,2011_09_26/2011_09_26_drive_0011_sync,9,baseline,9,9,0000000009.png,2,0.5617564625252884,0.440810303154213,0.0
current_stateful,2011_09_26/2011_09_26_drive_0011_sync,9,baseline,9,9,0000000009.png,3,0.548520523523142,0.5714457460979299,0.0
current_stateful,2011_09_26/2011_09_26_drive_0011_sync,9,baseline,9,9,0000000009.png,4,0.8950472691275809,1.0506191160172464,0.0
current_stateful,2011_09_26/2011_09_26_drive_0011_sync,9,baseline,9,9,0000000009.png,5,0.5435007884508936,0.563746897634605,0.0
current_stateful,2011_09_26/2011_09_26_drive_0011_sync,10,baseline,10,10,0000000010.png,1,0.7725571452442455,0.4201502657238179,0.0
current_stateful,2011_09_26/2011_09_26_drive_0011_sync,10,baseline,10,10,0000000010.png,2,0.5576793212678278,0.45164877523058883,0.0
current_stateful,2011_09_26/2011_09_26_drive_0011_sync,10,baseline,10,10,0000000010.png,3,0.530839541446361,0.5353873746321296,0.0
current_stateful,2011_09_26/2011_09_26_drive_0011_sync,10,baseline,10,10,0000000010.png,4,0.844325411332684,0.9703171365693777,0.0
current_stateful,2011_09_26/2011_09_26_drive_0011_sync,10,baseline,10,10,0000000010.png,5,0.5202400742103307,0.5360867728341022,0.0
current_stateful,2011_09_26/2011_09_26_drive_0011_sync,11,baseline,11,11,0000000011.png,1,0.7542432340638697,0.4049505793671254,0.0
current_stateful,2011_09_26/2011_09_26_drive_0011_sync,11,baseline,11,11,0000000011.png,2,0.556641954037222,0.46022590799978347,0.0
current_stateful,2011_09_26/2011_09_26_drive_0011_sync,11,baseline,11,11,0000000011.png,3,0.5121321152917806,0.5041779763647571,0.0
current_stateful,2011_09_26/2011_09_26_drive_0011_sync,11,baseline,11,11,0000000011.png,4,0.8065007080052802,0.8988026751116482,0.0
current_stateful,2011_09_26/2011_09_26_drive_0011_sync,11,baseline,11,11,0000000011.png,5,0.5007834988220913,0.5109943905091728,0.0
current_stateful,2011_09_26/2011_09_26_drive_0011_sync,12,baseline,12,12,0000000012.png,1,0.725732909103041,0.3955011327409163,0.0
current_stateful,2011_09_26/2011_09_26_drive_0011_sync,12,baseline,12,12,0000000012.png,2,0.5650076081396872,0.4683452956712974,0.0
current_stateful,2011_09_26/2011_09_26_drive_0011_sync,12,baseline,12,12,0000000012.png,3,0.5078820040362189,0.47861071692066137,0.0
current_stateful,2011_09_26/2011_09_26_drive_0011_sync,12,baseline,12,12,0000000012.png,4,0.7802311512069375,0.8374885858206396,0.0
current_stateful,2011_09_26/2011_09_26_drive_0011_sync,12,baseline,12,12,0000000012.png,5,0.48403319998612543,0.4888854825807972,0.0
current_stateful,2011_09_26/2011_09_26_drive_0011_sync,13,baseline,13,13,0000000013.png,1,0.711798499346534,0.3875350152581728,0.0
current_stateful,2011_09_26/2011_09_26_drive_0011_sync,13,baseline,13,13,0000000013.png,2,0.5670894750347748,0.4756638208665266,0.0
current_stateful,2011_09_26/2011_09_26_drive_0011_sync,13,baseline,13,13,0000000013.png,3,0.5137088224157484,0.45992078081985494,0.0
current_stateful,2011_09_26/2011_09_26_drive_0011_sync,13,baseline,13,13,0000000013.png,4,0.765414489085778,0.7871685256987063,0.0
current_stateful,2011_09_26/2011_09_26_drive_0011_sync,13,baseline,13,13,0000000013.png,5,0.46963126147785694,0.4699934773493427,0.0
current_stateful,2011_09_26/2011_09_26_drive_0011_sync,14,baseline,14,14,0000000014.png,1,0.6909887927599997,0.3799074945107714,0.0
current_stateful,2011_09_26/2011_09_26_drive_0011_sync,14,baseline,14,14,0000000014.png,2,0.5652734906896508,0.48173370832590834,0.0
current_stateful,2011_09_26/2011_09_26_drive_0011_sync,14,baseline,14,14,0000000014.png,3,0.5183544345820444,0.44800435097398983,0.0
current_stateful,2011_09_26/2011_09_26_drive_0011_sync,14,baseline,14,14,0000000014.png,4,0.7568957279539593,0.747568727074283,0.0
current_stateful,2011_09_26/2011_09_26_drive_0011_sync,14,baseline,14,14,0000000014.png,5,0.45691112438427345,0.45399189176631105,0.0
current_stateful,2011_09_26/2011_09_26_drive_0011_sync,15,baseline,15,15,0000000015.png,1,0.678321996345838,0.3681048701690285,0.0
current_stateful,2011_09_26/2011_09_26_drive_0011_sync,15,baseline,15,15,0000000015.png,2,0.5653053853857809,0.48687874574864703,0.0
current_stateful,2011_09_26/2011_09_26_drive_0011_sync,15,baseline,15,15,0000000015.png,3,0.5225651219192973,0.4414140605267598,0.0
current_stateful,2011_09_26/2011_09_26_drive_0011_sync,15,baseline,15,15,0000000015.png,4,0.7532368456116567,0.7178501417683284,0.0
current_stateful,2011_09_26/2011_09_26_drive_0011_sync,15,baseline,15,15,0000000015.png,5,0.4451856415010656,0.4401834192715821,0.0
current_stateful,2011_09_26/2011_09_26_drive_0011_sync,16,baseline,16,16,0000000016.png,1,0.6721090450293861,0.3621822634916668,0.0
current_stateful,2011_09_26/2011_09_26_drive_0011_sync,16,baseline,16,16,0000000016.png,2,0.562114628614657,0.49060916770480234,0.0
current_stateful,2011_09_26/2011_09_26_drive_0011_sync,16,baseline,16,16,0000000016.png,3,0.5303847185167185,0.43919611376366974,0.0
current_stateful,2011_09_26/2011_09_26_drive_0011_sync,16,baseline,16,16,0000000016.png,4,0.7543299303435902,0.6968475645200615,0.0
current_stateful,2011_09_26/2011_09_26_drive_0011_sync,16,baseline,16,16,0000000016.png,5,0.43599879040534517,0.42828391761537876,0.0
current_stateful,2011_09_26/2011_09_26_drive_0011_sync,17,baseline,17,17,0000000017.png,1,0.6652290404227774,0.35601320046619056,0.0
current_stateful,2011_09_26/2011_09_26_drive_0011_sync,17,baseline,17,17,0000000017.png,2,0.5586438952205188,0.4930930124125887,0.0
current_stateful,2011_09_26/2011_09_26_drive_0011_sync,17,baseline,17,17,0000000017.png,3,0.5371415517570259,0.44010808008886443,0.0
current_stateful,2011_09_26/2011_09_26_drive_0011_sync,17,baseline,17,17,0000000017.png,4,0.7582028581135949,0.683361916819796,0.0
current_stateful,2011_09_26/2011_09_26_drive_0011_sync,17,baseline,17,17,0000000017.png,5,0.43041923764185,0.41848426133755295,0.0
current_stateful,2011_09_26/2011_09_26_drive_0011_sync,18,baseline,18,18,0000000018.png,1,0.6540096387828004,0.3473366573021762,0.0
current_stateful,2011_09_26/2011_09_26_drive_0011_sync,18,baseline,18,18,0000000018.png,2,0.5571098863305545,0.4946187403290856,0.0
current_stateful,2011_09_26/2011_09_26_drive_0011_sync,18,baseline,18,18,0000000018.png,3,0.5439062423894525,0.4431179949796675,0.0
current_stateful,2011_09_26/2011_09_26_drive_0011_sync,18,baseline,18,18,0000000018.png,4,0.762785330066847,0.6756833800736436,0.0
current_stateful,2011_09_26/2011_09_26_drive_0011_sync,18,baseline,18,18,0000000018.png,5,0.4284727470281917,0.4110845598007166,0.0
current_stateful,2011_09_26/2011_09_26_drive_0011_sync,19,baseline,19,19,0000000019.png,1,0.6388787231997094,0.3324263026677646,0.0
current_stateful,2011_09_26/2011_09_26_drive_0011_sync,19,baseline,19,19,0000000019.png,2,0.5541550809180156,0.495416810708905,0.0
current_stateful,2011_09_26/2011_09_26_drive_0011_sync,19,baseline,19,19,0000000019.png,3,0.5444846627703841,0.44666528679907197,0.0
current_stateful,2011_09_26/2011_09_26_drive_0011_sync,19,baseline,19,19,0000000019.png,4,0.7650295397133107,0.6716806203347344,0.0
current_stateful,2011_09_26/2011_09_26_drive_0011_sync,19,baseline,19,19,0000000019.png,5,0.42784369655186977,0.4056068216108114,0.0
current_stateful,2011_09_26/2011_09_26_drive_0011_sync,20,baseline,20,20,0000000020.png,1,0.5947253927553531,0.31897238961695745,0.0
current_stateful,2011_09_26/2011_09_26_drive_0011_sync,20,baseline,20,20,0000000020.png,2,0.5464038435025956,0.4948681078479047,0.0
current_stateful,2011_09_26/2011_09_26_drive_0011_sync,20,baseline,20,20,0000000020.png,3,0.5408005719049832,0.4492359447318785,0.0
current_stateful,2011_09_26/2011_09_26_drive_0011_sync,20,baseline,20,20,0000000020.png,4,0.7634321559685556,0.6692212051484046,0.0
current_stateful,2011_09_26/2011_09_26_drive_0011_sync,20,baseline,20,20,0000000020.png,5,0.42672942479939674,0.4014015845990285,0.0
current_stateful,2011_09_26/2011_09_26_drive_0011_sync,21,baseline,21,21,0000000021.png,1,0.584018859420477,0.31117186128373064,0.0
current_stateful,2011_09_26/2011_09_26_drive_0011_sync,21,baseline,21,21,0000000021.png,2,0.5407599208030477,0.4932204152449008,0.0
current_stateful,2011_09_26/2011_09_26_drive_0011_sync,21,baseline,21,21,0000000021.png,3,0.5428080691540117,0.4512734809886247,0.0
current_stateful,2011_09_26/2011_09_26_drive_0011_sync,21,baseline,21,21,0000000021.png,4,0.7630106109254525,0.6675819991335641,0.0
current_stateful,2011_09_26/2011_09_26_drive_0011_sync,21,baseline,21,21,0000000021.png,5,0.4269428955934104,0.39846614574120354,0.0
current_stateful,2011_09_26/2011_09_26_drive_0011_sync,22,baseline,22,22,0000000022.png,1,0.5872938544670706,0.30291075809338347,0.0
current_stateful,2011_09_26/2011_09_26_drive_0011_sync,22,baseline,22,22,0000000022.png,2,0.5307539257469215,0.4905349609665157,0.0
current_stateful,2011_09_26/2011_09_26_drive_0011_sync,22,baseline,22,22,0000000022.png,3,0.544559739612024,0.4536603408668186,0.0
current_stateful,2011_09_26/2011_09_26_drive_0011_sync,22,baseline,22,22,0000000022.png,4,0.7654401550543546,0.6671634140095726,0.0
current_stateful,2011_09_26/2011_09_26_drive_0011_sync,22,baseline,22,22,0000000022.png,5,0.4277880753557556,0.396806814210984,0.0
current_stateful,2011_09_26/2011_09_26_drive_0011_sync,23,baseline,23,23,0000000023.png,1,0.5770878806799861,0.2985412835682194,0.0
current_stateful,2011_09_26/2011_09_26_drive_0011_sync,23,baseline,23,23,0000000023.png,2,0.525812412305467,0.48715212240957545,0.0
current_stateful,2011_09_26/2011_09_26_drive_0011_sync,23,baseline,23,23,0000000023.png,3,0.5513631842882668,0.4569704338868173,0.0
current_stateful,2011_09_26/2011_09_26_drive_0011_sync,23,baseline,23,23,0000000023.png,4,0.7731813417213506,0.6684689319242539,0.0
current_stateful,2011_09_26/2011_09_26_drive_0011_sync,23,baseline,23,23,0000000023.png,5,0.42856642055473604,0.3960842582370112,0.0
current_stateful,2011_09_26/2011_09_26_drive_0011_sync,24,baseline,24,24,0000000024.png,1,0.5808244509694506,0.29343790504013584,0.0
current_stateful,2011_09_26/2011_09_26_drive_0011_sync,24,baseline,24,24,0000000024.png,2,0.5175005088014417,0.4828551980165261,0.0
current_stateful,2011_09_26/2011_09_26_drive_0011_sync,24,baseline,24,24,0000000024.png,3,0.5583253868477799,0.4610238953829798,0.0
current_stateful,2011_09_26/2011_09_26_drive_0011_sync,24,baseline,24,24,0000000024.png,4,0.788316953724364,0.6720940563175544,0.0
current_stateful,2011_09_26/2011_09_26_drive_0011_sync,24,baseline,24,24,0000000024.png,5,0.4308838811286611,0.39597717604465305,0.0
current_stateful,2011_09_26/2011_09_26_drive_0011_sync,25,baseline,25,25,0000000025.png,1,0.5818872321946459,0.29095447174818584,0.0
current_stateful,2011_09_26/2011_09_26_drive_0011_sync,25,baseline,25,25,0000000025.png,2,0.5076240843902662,0.4774911382353988,0.0
current_stateful,2011_09_26/2011_09_26_drive_0011_sync,25,baseline,25,25,0000000025.png,3,0.5554595567157977,0.46385068368304544,0.0
current_stateful,2011_09_26/2011_09_26_drive_0011_sync,25,baseline,25,25,0000000025.png,4,0.8028750067040048,0.6776917683570765,0.0
current_stateful,2011_09_26/2011_09_26_drive_0011_sync,25,baseline,25,25,0000000025.png,5,0.4348328927299434,0.39630599120167864,0.0
current_stateful,2011_09_26/2011_09_26_drive_0011_sync,26,baseline,26,26,0000000026.png,1,0.6378645720872194,0.29304706073169406,0.0
current_stateful,2011_09_26/2011_09_26_drive_0011_sync,26,baseline,26,26,0000000026.png,2,0.503290344045126,0.4721038282901063,0.0
current_stateful,2011_09_26/2011_09_26_drive_0011_sync,26,baseline,26,26,0000000026.png,3,0.5336454607215343,0.46236100713255956,0.0
current_stateful,2011_09_26/2011_09_26_drive_0011_sync,26,baseline,26,26,0000000026.png,4,0.8030706076926417,0.6829903851955864,0.0
current_stateful,2011_09_26/2011_09_26_drive_0011_sync,26,baseline,26,26,0000000026.png,5,0.43754412418955263,0.3968379231729271,0.0
current_stateful,2011_09_26/2011_09_26_drive_0011_sync,27,baseline,27,27,0000000027.png,1,0.6058200997756121,0.30436788815973714,0.0
current_stateful,2011_09_26/2011_09_26_drive_0011_sync,27,baseline,27,27,0000000027.png,2,0.5087597455116908,0.46815948773107763,0.0
current_stateful,2011_09_26/2011_09_26_drive_0011_sync,27,baseline,27,27,0000000027.png,3,0.527563928625014,0.4587169861138148,0.0
current_stateful,2011_09_26/2011_09_26_drive_0011_sync,27,baseline,27,27,0000000027.png,4,0.7991526029069179,0.6866633468290083,0.0
current_stateful,2011_09_26/2011_09_26_drive_0011_sync,27,baseline,27,27,0000000027.png,5,0.4388112742276517,0.3973942606427348,0.0
current_stateful,2011_09_26/2011_09_26_drive_0011_sync,28,baseline,28,28,0000000028.png,1,0.5735717628618191,0.30594960502414664,0.0
current_stateful,2011_09_26/2011_09_26_drive_0011_sync,28,baseline,28,28,0000000028.png,2,0.5040689047925472,0.4651433612116809,0.0
current_stateful,2011_09_26/2011_09_26_drive_0011_sync,28,baseline,28,28,0000000028.png,3,0.5268766085083534,0.45594799352276333,0.0
current_stateful,2011_09_26/2011_09_26_drive_0011_sync,28,baseline,28,28,0000000028.png,4,0.8012796108870762,0.6899077209699992,0.0
current_stateful,2011_09_26/2011_09_26_drive_0011_sync,28,baseline,28,28,0000000028.png,5,0.44073625975303565,0.39814119432268397,0.0
current_stateful,2011_09_26/2011_09_26_drive_0011_sync,29,baseline,29,29,0000000029.png,1,0.5858111480743797,0.30132912620759883,0.0
current_stateful,2011_09_26/2011_09_26_drive_0011_sync,29,baseline,29,29,0000000029.png,2,0.5001092377923018,0.46236861608200186,0.0
current_stateful,2011_09_26/2011_09_26_drive_0011_sync,29,baseline,29,29,0000000029.png,3,0.5184410069983398,0.45321253120157257,0.0
current_stateful,2011_09_26/2011_09_26_drive_0011_sync,29,baseline,29,29,0000000029.png,4,0.8006548672712669,0.6927836814910758,0.0
current_stateful,2011_09_26/2011_09_26_drive_0011_sync,29,baseline,29,29,0000000029.png,5,0.44262077510621256,0.3991993056963061,0.0
current_stateful,2011_09_26/2011_09_26_drive_0011_sync,30,baseline,30,30,0000000030.png,1,0.5776953513589294,0.30270117499313165,0.0
current_stateful,2011_09_26/2011_09_26_drive_0011_sync,30,baseline,30,30,0000000030.png,2,0.4963732791473142,0.4591432189082613,0.0
current_stateful,2011_09_26/2011_09_26_drive_0011_sync,30,baseline,30,30,0000000030.png,3,0.5159569673016723,0.450252199703627,0.0
current_stateful,2011_09_26/2011_09_26_drive_0011_sync,30,baseline,30,30,0000000030.png,4,0.798299209720677,0.694657302811783,0.0
current_stateful,2011_09_26/2011_09_26_drive_0011_sync,30,baseline,30,30,0000000030.png,5,0.44511688777678576,0.40067187063827936,0.0
current_stateful,2011_09_26/2011_09_26_drive_0011_sync,31,baseline,31,31,0000000031.png,1,0.5584891637351183,0.3075683962904693,0.0
current_stateful,2011_09_26/2011_09_26_drive_0011_sync,31,baseline,31,31,0000000031.png,2,0.48919568012744635,0.45513722135447565,0.0
current_stateful,2011_09_26/2011_09_26_drive_0011_sync,31,baseline,31,31,0000000031.png,3,0.524400062847151,0.44837855559629175,0.0
current_stateful,2011_09_26/2011_09_26_drive_0011_sync,31,baseline,31,31,0000000031.png,4,0.8029629640488054,0.6964822309099808,0.0
current_stateful,2011_09_26/2011_09_26_drive_0011_sync,31,baseline,31,31,0000000031.png,5,0.4489972789477033,0.4026915388181866,0.0
current_stateful,2011_09_26/2011_09_26_drive_0011_sync,32,baseline,32,32,0000000032.png,1,0.5697684340229994,0.31380146480905274,0.0
current_stateful,2011_09_26/2011_09_26_drive_0011_sync,32,baseline,32,32,0000000032.png,2,0.4799835479671214,0.45011735829953387,0.0
current_stateful,2011_09_26/2011_09_26_drive_0011_sync,32,baseline,32,32,0000000032.png,3,0.5376622715439353,0.44863009800434084,0.0
current_stateful,2011_09_26/2011_09_26_drive_0011_sync,32,baseline,32,32,0000000032.png,4,0.8142324886620482,0.6991682792530158,0.0
current_stateful,2011_09_26/2011_09_26_drive_0011_sync,32,baseline,32,32,0000000032.png,5,0.45411930746389184,0.40538959032630884,0.0
current_stateful,2011_09_26/2011_09_26_drive_0011_sync,33,baseline,33,33,0000000033.png,1,0.595593685463554,0.32025930655529744,0.0
current_stateful,2011_09_26/2011_09_26_drive_0011_sync,33,baseline,33,33,0000000033.png,2,0.4695239467816543,0.4444133102081722,0.0
current_stateful,2011_09_26/2011_09_26_drive_0011_sync,33,baseline,33,33,0000000033.png,3,0.5495001084822294,0.45141609920086395,0.0
current_stateful,2011_09_26/2011_09_26_drive_0011_sync,33,baseline,33,33,0000000033.png,4,0.8312859502759573,0.7040143273963358,0.0
current_stateful,2011_09_26/2011_09_26_drive_0011_sync,33,baseline,33,33,0000000033.png,5,0.45975359859809606,0.4086532671105045,0.0
current_stateful,2011_09_26/2011_09_26_drive_0011_sync,34,baseline,34,34,0000000034.png,1,0.6113096584966778,0.3279982821662303,0.0
current_stateful,2011_09_26/2011_09_26_drive_0011_sync,34,baseline,34,34,0000000034.png,2,0.4620183068108224,0.43825303156361534,0.0
current_stateful,2011_09_26/2011_09_26_drive_0011_sync,34,baseline,34,34,0000000034.png,3,0.5516170934239306,0.45485169520342117,0.0
current_stateful,2011_09_26/2011_09_26_drive_0011_sync,34,baseline,34,34,0000000034.png,4,0.8479837125892484,0.7110498867885732,0.0
current_stateful,2011_09_26/2011_09_26_drive_0011_sync,34,baseline,34,34,0000000034.png,5,0.4655056591957377,0.41225902640060513,0.0
current_stateful,2011_09_26/2011_09_26_drive_0011_sync,35,baseline,35,35,0000000035.png,1,0.6107679585280521,0.33640531697185183,0.0
current_stateful,2011_09_26/2011_09_26_drive_0011_sync,35,baseline,35,35,0000000035.png,2,0.45596065867206254,0.432017090460185,0.0
current_stateful,2011_09_26/2011_09_26_drive_0011_sync,35,baseline,35,35,0000000035.png,3,0.5517248109922895,0.45791241463252974,0.0
current_stateful,2011_09_26/2011_09_26_drive_0011_sync,35,baseline,35,35,0000000035.png,4,0.8617173166628989,0.7197154552036533,0.0
current_stateful,2011_09_26/2011_09_26_drive_0011_sync,35,baseline,35,35,0000000035.png,5,0.47205345015774375,0.4162033496007102,0.0
current_stateful,2011_09_26/2011_09_26_drive_0011_sync,36,baseline,36,36,0000000036.png,1,0.6226805146589217,0.34078850608757294,0.0
current_stateful,2011_09_26/2011_09_26_drive_0011_sync,36,baseline,36,36,0000000036.png,2,0.4486732368699467,0.4258459329784129,0.0
current_stateful,2011_09_26/2011_09_26_drive_0011_sync,36,baseline,36,36,0000000036.png,3,0.5434104376810763,0.4591181721442462,0.0
current_stateful,2011_09_26/2011_09_26_drive_0011_sync,36,baseline,36,36,0000000036.png,4,0.867696695483874,0.7284447144593924,0.0
current_stateful,2011_09_26/2011_09_26_drive_0011_sync,36,baseline,36,36,0000000036.png,5,0.4792927968675211,0.42069168410180313,0.0
current_stateful,2011_09_26/2011_09_26_drive_0011_sync,37,baseline,37,37,0000000037.png,1,0.6297804100036904,0.3419397353366796,0.0
current_stateful,2011_09_26/2011_09_26_drive_0011_sync,37,baseline,37,37,0000000037.png,2,0.446155626157824,0.42005797851321813,0.0
current_stateful,2011_09_26/2011_09_26_drive_0011_sync,37,baseline,37,37,0000000037.png,3,0.5355413458836683,0.4579691044759227,0.0
current_stateful,2011_09_26/2011_09_26_drive_0011_sync,37,baseline,37,37,0000000037.png,4,0.8665929614191668,0.7353746709468097,0.0
current_stateful,2011_09_26/2011_09_26_drive_0011_sync,37,baseline,37,37,0000000037.png,5,0.48646456410415123,0.42567159995305803,0.0
current_stateful,2011_09_26/2011_09_26_drive_0011_sync,38,baseline,38,38,0000000038.png,1,0.6072570901423027,0.3412219054190978,0.0
current_stateful,2011_09_26/2011_09_26_drive_0011_sync,38,baseline,38,38,0000000038.png,2,0.4408869723308181,0.4143991404262271,0.0
current_stateful,2011_09_26/2011_09_26_drive_0011_sync,38,baseline,38,38,0000000038.png,3,0.527878896704704,0.45492708910940316,0.0
current_stateful,2011_09_26/2011_09_26_drive_0011_sync,38,baseline,38,38,0000000038.png,4,0.8620524363157909,0.7398344885103767,0.0
current_stateful,2011_09_26/2011_09_26_drive_0011_sync,38,baseline,38,38,0000000038.png,5,0.4926187296497795,0.43078495211987855,0.0
current_stateful,2011_09_26/2011_09_26_drive_0011_sync,39,baseline,39,39,0000000039.png,1,0.551555346830514,0.3381117534650597,0.0
current_stateful,2011_09_26/2011_09_26_drive_0011_sync,39,baseline,39,39,0000000039.png,2,0.4370569231167865,0.40891130824297717,0.0
current_stateful,2011_09_26/2011_09_26_drive_0011_sync,39,baseline,39,39,0000000039.png,3,0.5219731193920747,0.45061269013214017,0.0
current_stateful,2011_09_26/2011_09_26_drive_0011_sync,39,baseline,39,39,0000000039.png,4,0.8546295485549145,0.7413634572494737,0.0
current_stateful,2011_09_26/2011_09_26_drive_0011_sync,39,baseline,39,39,0000000039.png,5,0.49824980809374864,0.43584478244653624,0.0
current_stateful,2011_09_26/2011_09_26_drive_0011_sync,40,disturbance,0,40,0000000040.png,1,0.41797621377769445,0.3139341439714265,0.23507821041195198
current_stateful,2011_09_26/2011_09_26_drive_0011_sync,40,disturbance,0,40,0000000040.png,2,0.35307772715661806,0.3910638253724857,0.1395390371409944
current_stateful,2011_09_26/2011_09_26_drive_0011_sync,40,disturbance,0,40,0000000040.png,3,0.4919795878624268,0.44336975235555065,0.06747125529450577
current_stateful,2011_09_26/2011_09_26_drive_0011_sync,40,disturbance,0,40,0000000040.png,4,0.8494626808599222,0.7414865614219942,0.03730110048508849
current_stateful,2011_09_26/2011_09_26_drive_0011_sync,40,disturbance,0,40,0000000040.png,5,0.5034471352741869,0.4408314332481851,0.017582804353007023
current_stateful,2011_09_26/2011_09_26_drive_0011_sync,41,disturbance,1,41,0000000041.png,1,0.3978280826239036,0.29891096084924895,0.3479010396258719
current_stateful,2011_09_26/2011_09_26_drive_0011_sync,41,disturbance,1,41,0000000041.png,2,0.3061918816741934,0.3672915635943966,0.2655437785643093
current_stateful,2011_09_26/2011_09_26_drive_0011_sync,41,disturbance,1,41,0000000041.png,3,0.45488735164647043,0.43213957850129264,0.15998923213721045
current_stateful,2011_09_26/2011_09_26_drive_0011_sync,41,disturbance,1,41,0000000041.png,4,0.8389814568922391,0.7403649559471939,0.10701362661375968
current_stateful,2011_09_26/2011_09_26_drive_0011_sync,41,disturbance,1,41,0000000041.png,5,0.5054460390497421,0.44537236833516025,0.0600287381684352
current_stateful,2011_09_26/2011_09_26_drive_0011_sync,42,disturbance,2,42,0000000042.png,1,0.3817442415898468,0.29260642304844325,0.4186743210819411
current_stateful,2011_09_26/2011_09_26_drive_0011_sync,42,disturbance,2,42,0000000042.png,2,0.278920403136595,0.3420934913903302,0.3705589264838138
current_stateful,2011_09_26/2011_09_26_drive_0011_sync,42,disturbance,2,42,0000000042.png,3,0.4234608992230688,0.41743369688374116,0.25661992782804033
current_stateful,2011_09_26/2011_09_26_drive_0011_sync,42,disturbance,2,42,0000000042.png,4,0.8238776683087505,0.737111068753014,0.1964754272568716
current_stateful,2011_09_26/2011_09_26_drive_0011_sync,42,disturbance,2,42,0000000042.png,5,0.5023304136367441,0.4485053215966992,0.12590167636822355
current_stateful,2011_09_26/2011_09_26_drive_0011_sync,43,disturbance,3,43,0000000043.png,1,0.38294054438662883,0.29046675780846004,0.46718642612664646
current_stateful,2011_09_26/2011_09_26_drive_0011_sync,43,disturbance,3,43,0000000043.png,2,0.2621954717740916,0.31802018975681784,0.4583233565401803
current_stateful,2011_09_26/2011_09_26_drive_0011_sync,43,disturbance,3,43,0000000043.png,3,0.4003214144546487,0.4005814797982285,0.34821611747262243
current_stateful,2011_09_26/2011_09_26_drive_0011_sync,43,disturbance,3,43,0000000043.png,4,0.8079246760372534,0.7309977737004494,0.29333398168911756
current_stateful,2011_09_26/2011_09_26_drive_0011_sync,43,disturbance,3,43,0000000043.png,5,0.4941236580152262,0.44910470171429007,0.21075357505883302
current_stateful,2011_09_26/2011_09_26_drive_0011_sync,44,disturbance,4,44,0000000044.png,1,0.37531480120023075,0.2899647258042969,0.49945737776689936
current_stateful,2011_09_26/2011_09_26_drive_0011_sync,44,disturbance,4,44,0000000044.png,2,0.2508166900168123,0.29616248198949524,0.5316086517654721
current_stateful,2011_09_26/2011_09_26_drive_0011_sync,44,disturbance,4,44,0000000044.png,3,0.38498869953909265,0.3830874933402696,0.4297291892977861
current_stateful,2011_09_26/2011_09_26_drive_0011_sync,44,disturbance,4,44,0000000044.png,4,0.7933317759237564,0.7219980563024841,0.3860402552926989
current_stateful,2011_09_26/2011_09_26_drive_0011_sync,44,disturbance,4,44,0000000044.png,5,0.48181107509525944,0.44642536155786827,0.3053043747224696
current_stateful,2011_09_26/2011_09_26_drive_0011_sync,45,disturbance,5,45,0000000045.png,1,0.37448883212233797,0.28835623731686294,0.5170787676149542
current_stateful,2011_09_26/2011_09_26_drive_0011_sync,45,disturbance,5,45,0000000045.png,2,0.2424914506379682,0.2769791132702448,0.5921944143058482
current_stateful,2011_09_26/2011_09_26_drive_0011_sync,45,disturbance,5,45,0000000045.png,3,0.3752645869859951,0.3663492856235494,0.49973201645863724
current_stateful,2011_09_26/2011_09_26_drive_0011_sync,45,disturbance,5,45,0000000045.png,4,0.7807403783794563,0.7107463953156268,0.4690511092922352
current_stateful,2011_09_26/2011_09_26_drive_0011_sync,45,disturbance,5,45,0000000045.png,5,0.46675581193280474,0.4403087046280514,0.39968817061276296
current_stateful,2011_09_26/2011_09_26_drive_0011_sync,46,disturbance,6,46,0000000046.png,1,0.3835975413929108,0.28721540659591616,0.5244647321412037
current_stateful,2011_09_26/2011_09_26_drive_0011_sync,46,disturbance,6,46,0000000046.png,2,0.23768409115651837,0.26072504129994656,0.6426554207993651
current_stateful,2011_09_26/2011_09_26_drive_0011_sync,46,disturbance,6,46,0000000046.png,3,0.36845077859713143,0.351195713457954,0.5593005181517244
current_stateful,2011_09_26/2011_09_26_drive_0011_sync,46,disturbance,6,46,0000000046.png,4,0.7693444503413747,0.6981794994947538,0.5398998877318713
current_stateful,2011_09_26/2011_09_26_drive_0011_sync,46,disturbance,6,46,0000000046.png,5,0.4509394244118613,0.4312273135225188,0.48611234399140185
current_stateful,2011_09_26/2011_09_26_drive_0011_sync,47,disturbance,7,47,0000000047.png,1,0.38591897576485995,0.28922301893353564,0.5366963971947504
current_stateful,2011_09_26/2011_09_26_drive_0011_sync,47,disturbance,7,47,0000000047.png,2,0.23636861248293875,0.24763240040121715,0.6893262031790036
current_stateful,2011_09_26/2011_09_26_drive_0011_sync,47,disturbance,7,47,0000000047.png,3,0.36596827076880206,0.3383385791852532,0.6112545444542964
current_stateful,2011_09_26/2011_09_26_drive_0011_sync,47,disturbance,7,47,0000000047.png,4,0.7601669294734589,0.6852902962883278,0.5985834602974721
current_stateful,2011_09_26/2011_09_26_drive_0011_sync,47,disturbance,7,47,0000000047.png,5,0.4354130676446358,0.4199509367078489,0.5581332845315129
current_stateful,2011_09_26/2011_09_26_drive_0011_sync,48,disturbance,8,48,0000000048.png,1,0.3793072211441881,0.29018003426815775,0.5456597092988229
current_stateful,2011_09_26/2011_09_26_drive_0011_sync,48,disturbance,8,48,0000000048.png,2,0.23595720870870063,0.23763294220791942,0.7299178393808825
current_stateful,2011_09_26/2011_09_26_drive_0011_sync,48,disturbance,8,48,0000000048.png,3,0.36843200130201104,0.32869862691007756,0.6559357054691501
current_stateful,2011_09_26/2011_09_26_drive_0011_sync,48,disturbance,8,48,0000000048.png,4,0.7556050038498475,0.6732640612401394,0.64734486785803
current_stateful,2011_09_26/2011_09_26_drive_0011_sync,48,disturbance,8,48,0000000048.png,5,0.4224602923608768,0.4076157990128592,0.6204530419939529
current_stateful,2011_09_26/2011_09_26_drive_0011_sync,49,disturbance,9,49,0000000049.png,1,0.3952216487540965,0.2909027240338478,0.5534530543952358
current_stateful,2011_09_26/2011_09_26_drive_0011_sync,49,disturbance,9,49,0000000049.png,2,0.23609034713431623,0.23030175486292107,0.7645920725494666
current_stateful,2011_09_26/2011_09_26_drive_0011_sync,49,disturbance,9,49,0000000049.png,3,0.37241286980780214,0.3224062139680711,0.6930681500959426
current_stateful,2011_09_26/2011_09_26_drive_0011_sync,49,disturbance,9,49,0000000049.png,4,0.7554115171615707,0.663410763991773,0.6900978918608875
current_stateful,2011_09_26/2011_09_26_drive_0011_sync,49,disturbance,9,49,0000000049.png,5,0.4145414803073158,0.3956487291153248,0.6806967930795684
current_stateful,2011_09_26/2011_09_26_drive_0011_sync,50,disturbance,10,50,0000000050.png,1,0.3968232385993245,0.2907484273444725,0.555570365080673
current_stateful,2011_09_26/2011_09_26_drive_0011_sync,50,disturbance,10,50,0000000050.png,2,0.23549155311962364,0.22500975744813417,0.792535870852942
current_stateful,2011_09_26/2011_09_26_drive_0011_sync,50,disturbance,10,50,0000000050.png,3,0.37750564926848246,0.31927631877279744,0.7224395367832656
current_stateful,2011_09_26/2011_09_26_drive_0011_sync,50,disturbance,10,50,0000000050.png,4,0.7569578816657024,0.6563473602281221,0.7264290696248065
current_stateful,2011_09_26/2011_09_26_drive_0011_sync,50,disturbance,10,50,0000000050.png,5,0.41135665585342057,0.38541656077478925,0.738983929777252
current_stateful,2011_09_26/2011_09_26_drive_0011_sync,51,disturbance,11,51,0000000051.png,1,0.4128037469870807,0.29067517020723665,0.5559170692608351
current_stateful,2011_09_26/2011_09_26_drive_0011_sync,51,disturbance,11,51,0000000051.png,2,0.23491042161546136,0.22127927081472293,0.8148073625473699
current_stateful,2011_09_26/2011_09_26_drive_0011_sync,51,disturbance,11,51,0000000051.png,3,0.38195197986803725,0.3187074698973449,0.7454221802933843
current_stateful,2011_09_26/2011_09_26_drive_0011_sync,51,disturbance,11,51,0000000051.png,4,0.7593642811013792,0.6522519524138327,0.7552272522925854
current_stateful,2011_09_26/2011_09_26_drive_0011_sync,51,disturbance,11,51,0000000051.png,5,0.41036793499536073,0.37766292562254583,0.7908707384740861
current_stateful,2011_09_26/2011_09_26_drive_0011_sync,52,disturbance,12,52,0000000052.png,1,0.4117240676846462,0.2919426762173389,0.5592940176995578
current_stateful,2011_09_26/2011_09_26_drive_0011_sync,52,disturbance,12,52,0000000052.png,2,0.2352086983172779,0.21887251532105306,0.8325991596277496
current_stateful,2011_09_26/2011_09_26_drive_0011_sync,52,disturbance,12,52,0000000052.png,3,0.3860644526418273,0.31998123332610356,0.7629723336143269
current_stateful,2011_09_26/2011_09_26_drive_0011_sync,52,disturbance,12,52,0000000052.png,4,0.7620980609482334,0.650796622832518,0.7770140494192606
current_stateful,2011_09_26/2011_09_26_drive_0011_sync,52,disturbance,12,52,0000000052.png,5,0.40994158494668537,0.37239587582443245,0.8318182715269125
current_stateful,2011_09_26/2011_09_26_drive_0011_sync,53,disturbance,13,53,0000000053.png,1,0.4205931345825244,0.2940658108347038,0.5630420420182044
current_stateful,2011_09_26/2011_09_26_drive_0011_sync,53,disturbance,13,53,0000000053.png,2,0.23598940702014065,0.2175847979008224,0.8461436285635409
current_stateful,2011_09_26/2011_09_26_drive_0011_sync,53,disturbance,13,53,0000000053.png,3,0.39090908098713,0.322700912229008,0.7761841807818771
current_stateful,2011_09_26/2011_09_26_drive_0011_sync,53,disturbance,13,53,0000000053.png,4,0.7640490754464596,0.651189997294525,0.794857298804942
current_stateful,2011_09_26/2011_09_26_drive_0011_sync,53,disturbance,13,53,0000000053.png,5,0.41015562414159606,0.369093638068535,0.8652359134661238
current_stateful,2011_09_26/2011_09_26_drive_0011_sync,54,disturbance,14,54,0000000054.png,1,0.4305302843656466,0.2967352130868802,0.5610380539347971
current_stateful,2011_09_26/2011_09_26_drive_0011_sync,54,disturbance,14,54,0000000054.png,2,0.23757131708889828,0.21719757665543424,0.8543628422552823
current_stateful,2011_09_26/2011_09_26_drive_0011_sync,54,disturbance,14,54,0000000054.png,3,0.395006310654385,0.3262987765976239,0.7852803003867701
current_stateful,2011_09_26/2011_09_26_drive_0011_sync,54,disturbance,14,54,0000000054.png,4,0.7652796726191715,0.6527719183488512,0.8090677854334781
current_stateful,2011_09_26/2011_09_26_drive_0011_sync,54,disturbance,14,54,0000000054.png,5,0.4109672210744322,0.3672566443734692,0.8970554077725599
current_stateful,2011_09_26/2011_09_26_drive_0011_sync,55,disturbance,15,55,0000000055.png,1,0.42321698153103876,0.2955954954337969,0.5599270361174561
current_stateful,2011_09_26/2011_09_26_drive_0011_sync,55,disturbance,15,55,0000000055.png,2,0.23777442064046472,0.2172058225262656,0.8593560812597587
current_stateful,2011_09_26/2011_09_26_drive_0011_sync,55,disturbance,15,55,0000000055.png,3,0.39792336765824876,0.33023614168228177,0.791699610458435
current_stateful,2011_09_26/2011_09_26_drive_0011_sync,55,disturbance,15,55,0000000055.png,4,0.7658759348631248,0.6551167590838389,0.8193435265247608
current_stateful,2011_09_26/2011_09_26_drive_0011_sync,55,disturbance,15,55,0000000055.png,5,0.41294611830596867,0.3666157349519015,0.9287988154821755
current_stateful,2011_09_26/2011_09_26_drive_0011_sync,56,disturbance,16,56,0000000056.png,1,0.42563835511880777,0.2964152407046763,0.559044897736187
current_stateful,2011_09_26/2011_09_26_drive_0011_sync,56,disturbance,16,56,0000000056.png,2,0.23700929457334807,0.2172836638293082,0.8619404217303349
current_stateful,2011_09_26/2011_09_26_drive_0011_sync,56,disturbance,16,56,0000000056.png,3,0.4001416599947441,0.334188827822658,0.79581326940683
current_stateful,2011_09_26/2011_09_26_drive_0011_sync,56,disturbance,16,56,0000000056.png,4,0.7654595800282121,0.6577726680134515,0.8263474473033764
current_stateful,2011_09_26/2011_09_26_drive_0011_sync,56,disturbance,16,56,0000000056.png,5,0.4154982140495921,0.3670140939537555,0.95620532341159
current_stateful,2011_09_26/2011_09_26_drive_0011_sync,57,disturbance,17,57,0000000057.png,1,0.4192318062759263,0.29589608887520746,0.560676997938089
current_stateful,2011_09_26/2011_09_26_drive_0011_sync,57,disturbance,17,57,0000000057.png,2,0.23480245014883813,0.21712104544175684,0.8636667855602429
current_stateful,2011_09_26/2011_09_26_drive_0011_sync,57,disturbance,17,57,0000000057.png,3,0.4019085130554706,0.33808477249017416,0.7985964179881349
current_stateful,2011_09_26/2011_09_26_drive_0011_sync,57,disturbance,17,57,0000000057.png,4,0.7651590552281822,0.660528044628083,0.8303107760014123
current_stateful,2011_09_26/2011_09_26_drive_0011_sync,57,disturbance,17,57,0000000057.png,5,0.41723015908441863,0.36820861971605634,0.9739517867450354
current_stateful,2011_09_26/2011_09_26_drive_0011_sync,58,disturbance,18,58,0000000058.png,1,0.41126928374898664,0.29431930019666497,0.5566607064236357
current_stateful,2011_09_26/2011_09_26_drive_0011_sync,58,disturbance,18,58,0000000058.png,2,0.2332019820283778,0.21686479216261378,0.8644921067184205
current_stateful,2011_09_26/2011_09_26_drive_0011_sync,58,disturbance,18,58,0000000058.png,3,0.40336280268215724,0.3418961607971263,0.8006311516322953
current_stateful,2011_09_26/2011_09_26_drive_0011_sync,58,disturbance,18,58,0000000058.png,4,0.765529853526594,0.6634433020914652,0.8315570518998903
current_stateful,2011_09_26/2011_09_26_drive_0011_sync,58,disturbance,18,58,0000000058.png,5,0.41745765761147435,0.369785501076598,0.9808124948041572
current_stateful,2011_09_26/2011_09_26_drive_0011_sync,59,disturbance,19,59,0000000059.png,1,0.408299245462549,0.29267626002224995,0.5572592763491264
current_stateful,2011_09_26/2011_09_26_drive_0011_sync,59,disturbance,19,59,0000000059.png,2,0.23235653249188382,0.21656675817345006,0.8651639925818373
current_stateful,2011_09_26/2011_09_26_drive_0011_sync,59,disturbance,19,59,0000000059.png,3,0.40581969187470096,0.34556304616400385,0.8028215724063782
current_stateful,2011_09_26/2011_09_26_drive_0011_sync,59,disturbance,19,59,0000000059.png,4,0.7657714485914983,0.6664440777319844,0.8308584637320147
current_stateful,2011_09_26/2011_09_26_drive_0011_sync,59,disturbance,19,59,0000000059.png,5,0.4160157075260556,0.3713067187907202,0.9810710790276935
current_stateful,2011_09_26/2011_09_26_drive_0011_sync,60,disturbance,20,60,0000000060.png,1,0.41664655320450056,0.29143859594002447,0.5567191081177671
current_stateful,2011_09_26/2011_09_26_drive_0011_sync,60,disturbance,20,60,0000000060.png,2,0.2310034524563388,0.21606223882961828,0.8656179630640494
current_stateful,2011_09_26/2011_09_26_drive_0011_sync,60,disturbance,20,60,0000000060.png,3,0.40782778038880224,0.34888445545520785,0.8045211353092472
current_stateful,2011_09_26/2011_09_26_drive_0011_sync,60,disturbance,20,60,0000000060.png,4,0.7655180748649708,0.6691815293505191,0.8293741833711133
current_stateful,2011_09_26/2011_09_26_drive_0011_sync,60,disturbance,20,60,0000000060.png,5,0.41384689992713064,0.37248971656469565,0.9810037580793289
current_stateful,2011_09_26/2011_09_26_drive_0011_sync,61,disturbance,21,61,0000000061.png,1,0.4269809502868186,0.2899080892451724,0.556692165001186
current_stateful,2011_09_26/2011_09_26_drive_0011_sync,61,disturbance,21,61,0000000061.png,2,0.22945026984250616,0.2153350558764638,0.8661676886530806
current_stateful,2011_09_26/2011_09_26_drive_0011_sync,61,disturbance,21,61,0000000061.png,3,0.4080440421285095,0.3514298936939618,0.8062987404030572
current_stateful,2011_09_26/2011_09_26_drive_0011_sync,61,disturbance,21,61,0000000061.png,4,0.7641651624796757,0.6712352137352929,0.828767907488733
current_stateful,2011_09_26/2011_09_26_drive_0011_sync,61,disturbance,21,61,0000000061.png,5,0.4117901361390238,0.37321898580859625,0.9834735494997093
current_stateful,2011_09_26/2011_09_26_drive_0011_sync,62,disturbance,22,62,0000000062.png,1,0.451178563359568,0.2893035739294006,0.5556615089334987
current_stateful,2011_09_26/2011_09_26_drive_0011_sync,62,disturbance,22,62,0000000062.png,2,0.227284017181619,0.2142829438857632,0.866965850188003
current_stateful,2011_09_26/2011_09_26_drive_0011_sync,62,disturbance,22,62,0000000062.png,3,0.405279927617172,0.3527241508267761,0.8080264009877178
current_stateful,2011_09_26/2011_09_26_drive_0011_sync,62,disturbance,22,62,0000000062.png,4,0.7615380679099508,0.6723384391380589,0.8285252517289475
current_stateful,2011_09_26/2011_09_26_drive_0011_sync,62,disturbance,22,62,0000000062.png,5,0.4093186441385188,0.3733748244123628,0.9898296980880482
current_stateful,2011_09_26/2011_09_26_drive_0011_sync,63,disturbance,23,63,0000000063.png,1,0.43478722830302724,0.28823858395645274,0.5612436656429891
current_stateful,2011_09_26/2011_09_26_drive_0011_sync,63,disturbance,23,63,0000000063.png,2,0.22603994832257915,0.21308338942584085,0.8675816740602963
current_stateful,2011_09_26/2011_09_26_drive_0011_sync,63,disturbance,23,63,0000000063.png,3,0.40271620518549883,0.3528881679185633,0.8094803755605667
current_stateful,2011_09_26/2011_09_26_drive_0011_sync,63,disturbance,23,63,0000000063.png,4,0.7591129523690122,0.6725467615840975,0.8299841517333978
current_stateful,2011_09_26/2011_09_26_drive_0011_sync,63,disturbance,23,63,0000000063.png,5,0.4067404651818382,0.3729769036694212,0.9972788807116773
current_stateful,2011_09_26/2011_09_26_drive_0011_sync,64,disturbance,24,64,0000000064.png,1,0.4044376247868179,0.2822302646422927,0.5700083886675823
current_stateful,2011_09_26/2011_09_26_drive_0011_sync,64,disturbance,24,64,0000000064.png,2,0.2258094578840302,0.2120603035891435,0.8686459628612149
current_stateful,2011_09_26/2011_09_26_drive_0011_sync,64,disturbance,24,64,0000000064.png,3,0.4025131046389435,0.35253306048622,0.8111922843137803
current_stateful,2011_09_26/2011_09_26_drive_0011_sync,64,disturbance,24,64,0000000064.png,4,0.7586055509227162,0.6721534165173063,0.8311607655299119
current_stateful,2011_09_26/2011_09_26_drive_0011_sync,64,disturbance,24,64,0000000064.png,5,0.40382977820622185,0.37199450085186786,1.001128867691402
current_stateful,2011_09_26/2011_09_26_drive_0011_sync,65,disturbance,25,65,0000000065.png,1,0.3753395898250239,0.2674414726511651,0.56852601347663
current_stateful,2011_09_26/2011_09_26_drive_0011_sync,65,disturbance,25,65,0000000065.png,2,0.22506397829520483,0.21132892564728842,0.8690785032805912
current_stateful,2011_09_26/2011_09_26_drive_0011_sync,65,disturbance,25,65,0000000065.png,3,0.4032915663977971,0.3523381479415526,0.813380685434663
current_stateful,2011_09_26/2011_09_26_drive_0011_sync,65,disturbance,25,65,0000000065.png,4,0.7601452227698493,0.6716314867698023,0.8325747062707647
current_stateful,2011_09_26/2011_09_26_drive_0011_sync,65,disturbance,25,65,0000000065.png,5,0.40246170807006204,0.37080221184589224,0.998558451911955
current_stateful,2011_09_26/2011_09_26_drive_0011_sync,66,disturbance,26,66,0000000066.png,1,0.3599599203265052,0.2562242155881374,0.568548532107744
current_stateful,2011_09_26/2011_09_26_drive_0011_sync,66,disturbance,26,66,0000000066.png,2,0.22564576498974104,0.21100504864182115,0.8685797658049925
current_stateful,2011_09_26/2011_09_26_drive_0011_sync,66,disturbance,26,66,0000000066.png,3,0.4035736734364172,0.3523293630773972,0.8158200254741546
current_stateful,2011_09_26/2011_09_26_drive_0011_sync,66,disturbance,26,66,0000000066.png,4,0.7630698748977904,0.6713749624865648,0.8343582305451825
current_stateful,2011_09_26/2011_09_26_drive_0011_sync,66,disturbance,26,66,0000000066.png,5,0.40235721269527536,0.3697378184441782,0.9912339442332601
current_stateful,2011_09_26/2011_09_26_drive_0011_sync,67,disturbance,27,67,0000000067.png,1,0.3507857265760413,0.2536775529638802,0.5698417877497103
current_stateful,2011_09_26/2011_09_26_drive_0011_sync,67,disturbance,27,67,0000000067.png,2,0.22773146501546634,0.21125138300103638,0.8679362828893478
current_stateful,2011_09_26/2011_09_26_drive_0011_sync,67,disturbance,27,67,0000000067.png,3,0.40399284372672506,0.35248638493808815,0.8170426363508659
current_stateful,2011_09_26/2011_09_26_drive_0011_sync,67,disturbance,27,67,0000000067.png,4,0.7668174561550792,0.6715809524192571,0.8360580761551216
current_stateful,2011_09_26/2011_09_26_drive_0011_sync,67,disturbance,27,67,0000000067.png,5,0.40406726549984673,0.3691778295097876,0.9805718156220443
current_stateful,2011_09_26/2011_09_26_drive_0011_sync,68,disturbance,28,68,0000000068.png,1,0.3712291322872181,0.25596220827120103,0.560531885072877
current_stateful,2011_09_26/2011_09_26_drive_0011_sync,68,disturbance,28,68,0000000068.png,2,0.22960480390444882,0.211862081256579,0.8681594469730424
current_stateful,2011_09_26/2011_09_26_drive_0011_sync,68,disturbance,28,68,0000000068.png,3,0.4011684567155337,0.3523481998929693,0.81845894232304
current_stateful,2011_09_26/2011_09_26_drive_0011_sync,68,disturbance,28,68,0000000068.png,4,0.7698094983749182,0.67236545908588,0.837181205604884
current_stateful,2011_09_26/2011_09_26_drive_0011_sync,68,disturbance,28,68,0000000068.png,5,0.4072250993859676,0.3693071112562679,0.9684953236828586
current_stateful,2011_09_26/2011_09_26_drive_0011_sync,69,disturbance,29,69,0000000069.png,1,0.38267818924371005,0.2617137447246543,0.5580641261717195
current_stateful,2011_09_26/2011_09_26_drive_0011_sync,69,disturbance,29,69,0000000069.png,2,0.23366479825460074,0.21302226912198846,0.8703324067272126
current_stateful,2011_09_26/2011_09_26_drive_0011_sync,69,disturbance,29,69,0000000069.png,3,0.39849539909053033,0.35169213123838444,0.8207328577577083
current_stateful,2011_09_26/2011_09_26_drive_0011_sync,69,disturbance,29,69,0000000069.png,4,0.7713468940710031,0.6734773053581555,0.8378293083740668
current_stateful,2011_09_26/2011_09_26_drive_0011_sync,69,disturbance,29,69,0000000069.png,5,0.41079323276458574,0.3701300372217341,0.9583259087029693
current_stateful,2011_09_26/2011_09_26_drive_0011_sync,70,disturbance,30,70,0000000070.png,1,0.384950617991863,0.267955313254789,0.5633040490632971
current_stateful,2011_09_26/2011_09_26_drive_0011_sync,70,disturbance,30,70,0000000070.png,2,0.23890701146137605,0.21497611163611968,0.8734894160232962
current_stateful,2011_09_26/2011_09_26_drive_0011_sync,70,disturbance,30,70,0000000070.png,3,0.40011505091073024,0.3511652427071303,0.8243354735339137
current_stateful,2011_09_26/2011_09_26_drive_0011_sync,70,disturbance,30,70,0000000070.png,4,0.7732412908537426,0.6747762814201176,0.8393450629091846
current_stateful,2011_09_26/2011_09_26_drive_0011_sync,70,disturbance,30,70,0000000070.png,5,0.4141116710052818,0.37144374719909945,0.9517870688079932
current_stateful,2011_09_26/2011_09_26_drive_0011_sync,71,disturbance,31,71,0000000071.png,1,0.3803465861062014,0.27169232057238535,0.5630651061979657
current_stateful,2011_09_26/2011_09_26_drive_0011_sync,71,disturbance,31,71,0000000071.png,2,0.2430601891392204,0.21747558106400985,0.8761685107372245
current_stateful,2011_09_26/2011_09_26_drive_0011_sync,71,disturbance,31,71,0000000071.png,3,0.40470636594924414,0.35156803430830047,0.8275555021023717
current_stateful,2011_09_26/2011_09_26_drive_0011_sync,71,disturbance,31,71,0000000071.png,4,0.7775487668105037,0.6765325140644067,0.8419362447184253
current_stateful,2011_09_26/2011_09_26_drive_0011_sync,71,disturbance,31,71,0000000071.png,5,0.4179445640553237,0.37324755895393513,0.9486314034422553
current_stateful,2011_09_26/2011_09_26_drive_0011_sync,72,disturbance,32,72,0000000072.png,1,0.38522693209873765,0.27517455159925686,0.5586896477046306
current_stateful,2011_09_26/2011_09_26_drive_0011_sync,72,disturbance,32,72,0000000072.png,2,0.24638095912120617,0.22009106618410512,0.877142525920537
current_stateful,2011_09_26/2011_09_26_drive_0011_sync,72,disturbance,32,72,0000000072.png,3,0.4089903839716325,0.3528825337509561,0.8284853127578873
current_stateful,2011_09_26/2011_09_26_drive_0011_sync,72,disturbance,32,72,0000000072.png,4,0.783278065946367,0.6789548557684728,0.8454385674663765
current_stateful,2011_09_26/2011_09_26_drive_0011_sync,72,disturbance,32,72,0000000072.png,5,0.4218061820940982,0.37546722464369725,0.9512917210901904
current_stateful,2011_09_26/2011_09_26_drive_0011_sync,73,disturbance,33,73,0000000073.png,1,0.3960806353607212,0.27803284284078483,0.5506563023814851
current_stateful,2011_09_26/2011_09_26_drive_0011_sync,73,disturbance,33,73,0000000073.png,2,0.24862327614919236,0.22247757360877332,0.8767770058673384
current_stateful,2011_09_26/2011_09_26_drive_0011_sync,73,disturbance,33,73,0000000073.png,3,0.4105749764045955,0.35451958680671014,0.8272276359749878
current_stateful,2011_09_26/2011_09_26_drive_0011_sync,73,disturbance,33,73,0000000073.png,4,0.7887142025186981,0.6820547378967435,0.8498305467631723
current_stateful,2011_09_26/2011_09_26_drive_0011_sync,73,disturbance,33,73,0000000073.png,5,0.42575875867052837,0.37800254841659403,0.959796535188141
current_stateful,2011_09_26/2011_09_26_drive_0011_sync,74,disturbance,34,74,0000000074.png,1,0.4075630696671059,0.282342066204643,0.5449823470950962
current_stateful,2011_09_26/2011_09_26_drive_0011_sync,74,disturbance,34,74,0000000074.png,2,0.2501136448871996,0.2244549343373107,0.8755520376306944
current_stateful,2011_09_26/2011_09_26_drive_0011_sync,74,disturbance,34,74,0000000074.png,3,0.41001596124581513,0.3557513932128395,0.8257161419557938
current_stateful,2011_09_26/2011_09_26_drive_0011_sync,74,disturbance,34,74,0000000074.png,4,0.7925747118807523,0.6854169249383444,0.8553345968864654
current_stateful,2011_09_26/2011_09_26_drive_0011_sync,74,disturbance,34,74,0000000074.png,5,0.42847679328252286,0.38051290371072405,0.9728032242211624
current_stateful,2011_09_26/2011_09_26_drive_0011_sync,75,disturbance,35,75,0000000075.png,1,0.40072852897557176,0.2876130395629229,0.5445294237628202
current_stateful,2011_09_26/2011_09_26_drive_0011_sync,75,disturbance,35,75,0000000075.png,2,0.25184325504124955,0.2262871895543382,0.873969070423334
current_stateful,2011_09_26/2011_09_26_drive_0011_sync,75,disturbance,35,75,0000000075.png,3,0.41086571508658537,0.35675914787544044,0.8253004275652747
current_stateful,2011_09_26/2011_09_26_drive_0011_sync,75,disturbance,35,75,0000000075.png,4,0.7947747344921512,0.6885368152691099,0.8614940285458546
current_stateful,2011_09_26/2011_09_26_drive_0011_sync,75,disturbance,35,75,0000000075.png,5,0.4300999134769318,0.3827263377382294,0.9874041818799937
current_stateful,2011_09_26/2011_09_26_drive_0011_sync,76,disturbance,36,76,0000000076.png,1,0.4078939971536422,0.29342530198901223,0.5401044488315776
current_stateful,2011_09_26/2011_09_26_drive_0011_sync,76,disturbance,36,76,0000000076.png,2,0.25226143860945155,0.22801790392433072,0.870565675964499
current_stateful,2011_09_26/2011_09_26_drive_0011_sync,76,disturbance,36,76,0000000076.png,3,0.413496396994111,0.35827687009896575,0.8243820295440869
current_stateful,2011_09_26/2011_09_26_drive_0011_sync,76,disturbance,36,76,0000000076.png,4,0.7989820392444625,0.6918685921320994,0.8671697591564997
current_stateful,2011_09_26/2011_09_26_drive_0011_sync,76,disturbance,36,76,0000000076.png,5,0.4307463870822319,0.384531619679936,1.0010375775072118
current_stateful,2011_09_26/2011_09_26_drive_0011_sync,77,disturbance,37,77,0000000077.png,1,0.420958000412424,0.29902089124326026,0.526267838146162
current_stateful,2011_09_26/2011_09_26_drive_0011_sync,77,disturbance,37,77,0000000077.png,2,0.25196331680556594,0.2294517037869464,0.8681082277172736
current_stateful,2011_09_26/2011_09_26_drive_0011_sync,77,disturbance,37,77,0000000077.png,3,0.4129206590761548,0.35985515251400324,0.8224477473610908
current_stateful,2011_09_26/2011_09_26_drive_0011_sync,77,disturbance,37,77,0000000077.png,4,0.8039079275346421,0.695947456084639,0.8707260650049929
current_stateful,2011_09_26/2011_09_26_drive_0011_sync,77,disturbance,37,77,0000000077.png,5,0.4301858660909636,0.3859195309573542,1.0091258582042926
current_stateful,2011_09_26/2011_09_26_drive_0011_sync,78,disturbance,38,78,0000000078.png,1,0.424401779743377,0.30558813796040873,0.5251808626992565
current_stateful,2011_09_26/2011_09_26_drive_0011_sync,78,disturbance,38,78,0000000078.png,2,0.2525471658885729,0.23062630577645393,0.8661091693229916
current_stateful,2011_09_26/2011_09_26_drive_0011_sync,78,disturbance,38,78,0000000078.png,3,0.41163693456389017,0.3608178833066695,0.820201321519687
current_stateful,2011_09_26/2011_09_26_drive_0011_sync,78,disturbance,38,78,0000000078.png,4,0.8075719151948128,0.7003573221740794,0.8729435982733107
current_stateful,2011_09_26/2011_09_26_drive_0011_sync,78,disturbance,38,78,0000000078.png,5,0.4291740102165704,0.38698082160003205,1.0105423827646083
current_stateful,2011_09_26/2011_09_26_drive_0011_sync,79,disturbance,39,79,0000000079.png,1,0.3838157185597255,0.3070726136180063,0.5301395316656954
current_stateful,2011_09_26/2011_09_26_drive_0011_sync,79,disturbance,39,79,0000000079.png,2,0.2525827287025103,0.2317184195326745,0.865547652600253
current_stateful,2011_09_26/2011_09_26_drive_0011_sync,79,disturbance,39,79,0000000079.png,3,0.4137861668318589,0.36181286367563975,0.8196839289230958
current_stateful,2011_09_26/2011_09_26_drive_0011_sync,79,disturbance,39,79,0000000079.png,4,0.8118097591407756,0.704803714448192,0.8735989303713487
current_stateful,2011_09_26/2011_09_26_drive_0011_sync,79,disturbance,39,79,0000000079.png,5,0.42920343546866646,0.38796857090131825,1.0095368172252082
current_stateful,2011_09_26/2011_09_26_drive_0011_sync,80,disturbance,40,80,0000000080.png,1,0.36933816310004147,0.30671236532560187,0.5296871053174447
current_stateful,2011_09_26/2011_09_26_drive_0011_sync,80,disturbance,40,80,0000000080.png,2,0.2513123883879688,0.23243944736714067,0.8653518917107488
current_stateful,2011_09_26/2011_09_26_drive_0011_sync,80,disturbance,40,80,0000000080.png,3,0.41522821444421326,0.36308758273439884,0.8205924893034484
current_stateful,2011_09_26/2011_09_26_drive_0011_sync,80,disturbance,40,80,0000000080.png,4,0.8166031379907803,0.7093716050488469,0.8727113502604156
current_stateful,2011_09_26/2011_09_26_drive_0011_sync,80,disturbance,40,80,0000000080.png,5,0.43055379217555567,0.38921256958551886,1.0062773283276196
current_stateful,2011_09_26/2011_09_26_drive_0011_sync,81,disturbance,41,81,0000000081.png,1,0.36883983110292334,0.3060998994776195,0.533519830257904
current_stateful,2011_09_26/2011_09_26_drive_0011_sync,81,disturbance,41,81,0000000081.png,2,0.24885363692808077,0.23246583397126547,0.8648902510239921
current_stateful,2011_09_26/2011_09_26_drive_0011_sync,81,disturbance,41,81,0000000081.png,3,0.4151512549719357,0.3642876000064725,0.8217996972023172
current_stateful,2011_09_26/2011_09_26_drive_0011_sync,81,disturbance,41,81,0000000081.png,4,0.8208433174557812,0.7140167077634549,0.8718443417755766
current_stateful,2011_09_26/2011_09_26_drive_0011_sync,81,disturbance,41,81,0000000081.png,5,0.43242562206712193,0.39078346798958424,1.001359073068407
current_stateful,2011_09_26/2011_09_26_drive_0011_sync,82,disturbance,42,82,0000000082.png,1,0.3695659963012723,0.3062074159139679,0.5419555530615995
current_stateful,2011_09_26/2011_09_26_drive_0011_sync,82,disturbance,42,82,0000000082.png,2,0.2460255924663731,0.2318086452606757,0.8645504859814322
current_stateful,2011_09_26/2011_09_26_drive_0011_sync,82,disturbance,42,82,0000000082.png,3,0.41556098164357524,0.365326400655358,0.822705956354571
current_stateful,2011_09_26/2011_09_26_drive_0011_sync,82,disturbance,42,82,0000000082.png,4,0.8237878591569687,0.7185422333335568,0.871340315383408
current_stateful,2011_09_26/2011_09_26_drive_0011_sync,82,disturbance,42,82,0000000082.png,5,0.43371920375994333,0.3924009432639377,0.9984809443190195
current_stateful,2011_09_26/2011_09_26_drive_0011_sync,83,disturbance,43,83,0000000083.png,1,0.35924621271216006,0.3049823897955361,0.5497070264509395
current_stateful,2011_09_26/2011_09_26_drive_0011_sync,83,disturbance,43,83,0000000083.png,2,0.24349368097051902,0.2307249493749302,0.864305826463811
current_stateful,2011_09_26/2011_09_26_drive_0011_sync,83,disturbance,43,83,0000000083.png,3,0.417515918483781,0.3664843564380514,0.8231130566552016
current_stateful,2011_09_26/2011_09_26_drive_0011_sync,83,disturbance,43,83,0000000083.png,4,0.8262705577795235,0.7228428430216228,0.8704787207283036
current_stateful,2011_09_26/2011_09_26_drive_0011_sync,83,disturbance,43,83,0000000083.png,5,0.4343919090027586,0.3938649087913389,0.9975821192208989
current_stateful,2011_09_26/2011_09_26_drive_0011_sync,84,disturbance,44,84,0000000084.png,1,0.3533448881925181,0.3027246153209524,0.5568228470502885
current_stateful,2011_09_26/2011_09_26_drive_0011_sync,84,disturbance,44,84,0000000084.png,2,0.24140517781560314,0.2294108086837806,0.8649086982421764
current_stateful,2011_09_26/2011_09_26_drive_0011_sync,84,disturbance,44,84,0000000084.png,3,0.4206548274627995,0.367942050749614,0.8237529589664951
current_stateful,2011_09_26/2011_09_26_drive_0011_sync,84,disturbance,44,84,0000000084.png,4,0.8279704439088664,0.7266683466184132,0.8690429658824683
current_stateful,2011_09_26/2011_09_26_drive_0011_sync,84,disturbance,44,84,0000000084.png,5,0.4342091609978914,0.3950381502799794,0.9956970031332136
current_stateful,2011_09_26/2011_09_26_drive_0011_sync,85,disturbance,45,85,0000000085.png,1,0.34583142771262776,0.29887466428133846,0.5624731566972541
current_stateful,2011_09_26/2011_09_26_drive_0011_sync,85,disturbance,45,85,0000000085.png,2,0.24027552136086272,0.22821085942285063,0.8652074191467546
current_stateful,2011_09_26/2011_09_26_drive_0011_sync,85,disturbance,45,85,0000000085.png,3,0.42470294567191696,0.3698390268630891,0.8243218699942012
current_stateful,2011_09_26/2011_09_26_drive_0011_sync,85,disturbance,45,85,0000000085.png,4,0.8291281298856895,0.7297977654218575,0.8671301895265625
current_stateful,2011_09_26/2011_09_26_drive_0011_sync,85,disturbance,45,85,0000000085.png,5,0.4338444466856286,0.39595634607166347,0.9888364968903904
current_stateful,2011_09_26/2011_09_26_drive_0011_sync,86,disturbance,46,86,0000000086.png,1,0.3447276455440911,0.29504161163194487,0.5671779769396494
current_stateful,2011_09_26/2011_09_26_drive_0011_sync,86,disturbance,46,86,0000000086.png,2,0.23933481561247666,0.2271611727681887,0.865052128645354
current_stateful,2011_09_26/2011_09_26_drive_0011_sync,86,disturbance,46,86,0000000086.png,3,0.4285009185244585,0.3721131411388726,0.8238662213637282
current_stateful,2011_09_26/2011_09_26_drive_0011_sync,86,disturbance,46,86,0000000086.png,4,0.8302943203969932,0.7322172170642749,0.8639166702514928
current_stateful,2011_09_26/2011_09_26_drive_0011_sync,86,disturbance,46,86,0000000086.png,5,0.43482288858308143,0.39689840447460784,0.9782279058518499
current_stateful,2011_09_26/2011_09_26_drive_0011_sync,87,disturbance,47,87,0000000087.png,1,0.3439624825632956,0.2922200142795357,0.5707014108543718
current_stateful,2011_09_26/2011_09_26_drive_0011_sync,87,disturbance,47,87,0000000087.png,2,0.23856481193494564,0.22626151671219927,0.8646129436939263
current_stateful,2011_09_26/2011_09_26_drive_0011_sync,87,disturbance,47,87,0000000087.png,3,0.43115693841860975,0.37444281813094554,0.8223859607766313
current_stateful,2011_09_26/2011_09_26_drive_0011_sync,87,disturbance,47,87,0000000087.png,4,0.8319229894045956,0.7341300089848339,0.86020641301946
current_stateful,2011_09_26/2011_09_26_drive_0011_sync,87,disturbance,47,87,0000000087.png,5,0.43739154378890954,0.3980853289291111,0.9663048056345951
current_stateful,2011_09_26/2011_09_26_drive_0011_sync,88,disturbance,48,88,0000000088.png,1,0.3455329252543921,0.28929657719701823,0.5739679605362822
current_stateful,2011_09_26/2011_09_26_drive_0011_sync,88,disturbance,48,88,0000000088.png,2,0.23778253831767526,0.22546773243100557,0.8642164242944297
current_stateful,2011_09_26/2011_09_26_drive_0011_sync,88,disturbance,48,88,0000000088.png,3,0.43258410399036445,0.3765660223597329,0.8210020746006754
current_stateful,2011_09_26/2011_09_26_drive_0011_sync,88,disturbance,48,88,0000000088.png,4,0.8344991676127447,0.7359934155943504,0.8563573395883093
current_stateful,2011_09_26/2011_09_26_drive_0011_sync,88,disturbance,48,88,0000000088.png,5,0.4408006658352869,0.39959753809254966,0.954641618300537
current_stateful,2011_09_26/2011_09_26_drive_0011_sync,89,disturbance,49,89,0000000089.png,1,0.35088582866995066,0.28676278290748547,0.5757031663829217
current_stateful,2011_09_26/2011_09_26_drive_0011_sync,89,disturbance,49,89,0000000089.png,2,0.23702248021544806,0.2247243736486633,0.863599314376234
current_stateful,2011_09_26/2011_09_26_drive_0011_sync,89,disturbance,49,89,0000000089.png,3,0.43255159954949607,0.37817903086225935,0.820547731557706
current_stateful,2011_09_26/2011_09_26_drive_0011_sync,89,disturbance,49,89,0000000089.png,4,0.8368788564169053,0.7379115582002235,0.8528181119226917
current_stateful,2011_09_26/2011_09_26_drive_0011_sync,89,disturbance,49,89,0000000089.png,5,0.4442379159541588,0.40142131665468145,0.9442997933593988
current_stateful,2011_09_26/2011_09_26_drive_0011_sync,90,disturbance,50,90,0000000090.png,1,0.35322623830401667,0.2844192843578681,0.578099331663016
current_stateful,2011_09_26/2011_09_26_drive_0011_sync,90,disturbance,50,90,0000000090.png,2,0.23618917014970853,0.2240018377869485,0.8627749792373668
current_stateful,2011_09_26/2011_09_26_drive_0011_sync,90,disturbance,50,90,0000000090.png,3,0.4325095964305201,0.37930966814857336,0.8199342465888565
current_stateful,2011_09_26/2011_09_26_drive_0011_sync,90,disturbance,50,90,0000000090.png,4,0.8387617468642542,0.739829732219576,0.8496486828641994
current_stateful,2011_09_26/2011_09_26_drive_0011_sync,90,disturbance,50,90,0000000090.png,5,0.44709691325238166,0.40346739728033515,0.9366597512472269
current_stateful,2011_09_26/2011_09_26_drive_0011_sync,91,disturbance,51,91,0000000091.png,1,0.34908880082144933,0.2821257394694843,0.5808601636294634
current_stateful,2011_09_26/2011_09_26_drive_0011_sync,91,disturbance,51,91,0000000091.png,2,0.23575160853644594,0.22338245722879183,0.8622319169331016
current_stateful,2011_09_26/2011_09_26_drive_0011_sync,91,disturbance,51,91,0000000091.png,3,0.4337092006071351,0.3803867094806372,0.8190186787445396
current_stateful,2011_09_26/2011_09_26_drive_0011_sync,91,disturbance,51,91,0000000091.png,4,0.8415798150030189,0.741963832013021,0.8474338840475717
current_stateful,2011_09_26/2011_09_26_drive_0011_sync,91,disturbance,51,91,0000000091.png,5,0.44915645189707615,0.4055954873409631,0.9316912164502533
current_stateful,2011_09_26/2011_09_26_drive_0011_sync,92,disturbance,52,92,0000000092.png,1,0.34727237000044825,0.2797016771252617,0.5836460583442732
current_stateful,2011_09_26/2011_09_26_drive_0011_sync,92,disturbance,52,92,0000000092.png,2,0.23554861884627248,0.22285509475487858,0.8618972810626446
current_stateful,2011_09_26/2011_09_26_drive_0011_sync,92,disturbance,52,92,0000000092.png,3,0.43645277180031555,0.3818033352156041,0.8183280511205224
current_stateful,2011_09_26/2011_09_26_drive_0011_sync,92,disturbance,52,92,0000000092.png,4,0.8458872113788365,0.7445549834407855,0.8467986422333462
current_stateful,2011_09_26/2011_09_26_drive_0011_sync,92,disturbance,52,92,0000000092.png,5,0.4505283632752133,0.407719683072178,0.9287777782584968
current_stateful,2011_09_26/2011_09_26_drive_0011_sync,93,disturbance,53,93,0000000093.png,1,0.34812045477666437,0.27698933917384466,0.5876534950086727
current_stateful,2011_09_26/2011_09_26_drive_0011_sync,93,disturbance,53,93,0000000093.png,2,0.23538952961365686,0.2224106159542927,0.8619660104271535
current_stateful,2011_09_26/2011_09_26_drive_0011_sync,93,disturbance,53,93,0000000093.png,3,0.43981111389868366,0.38366159251550525,0.8179877043796826
current_stateful,2011_09_26/2011_09_26_drive_0011_sync,93,disturbance,53,93,0000000093.png,4,0.8516596191773107,0.7478679988824578,0.8464728385597411
current_stateful,2011_09_26/2011_09_26_drive_0011_sync,93,disturbance,53,93,0000000093.png,5,0.4515323352226191,0.4098527608818654,0.9277862733112542
current_stateful,2011_09_26/2011_09_26_drive_0011_sync,94,disturbance,54,94,0000000094.png,1,0.35405129415144165,0.2739082937774313,0.5909667554151442
current_stateful,2011_09_26/2011_09_26_drive_0011_sync,94,disturbance,54,94,0000000094.png,2,0.23525107253348032,0.2219896745652381,0.861646717132314
current_stateful,2011_09_26/2011_09_26_drive_0011_sync,94,disturbance,54,94,0000000094.png,3,0.4429344027831095,0.38577683280126757,0.8167606982571298
current_stateful,2011_09_26/2011_09_26_drive_0011_sync,94,disturbance,54,94,0000000094.png,4,0.8581185120815347,0.7519091737554677,0.8446575303441342
current_stateful,2011_09_26/2011_09_26_drive_0011_sync,94,disturbance,54,94,0000000094.png,5,0.4525642600953145,0.4119760916383913,0.9260299608406936
current_stateful,2011_09_26/2011_09_26_drive_0011_sync,95,disturbance,55,95,0000000095.png,1,0.36144470599861167,0.2713399307992438,0.5941052940192779
current_stateful,2011_09_26/2011_09_26_drive_0011_sync,95,disturbance,55,95,0000000095.png,2,0.2356141337194667,0.22165169592148334,0.8612275383141906
current_stateful,2011_09_26/2011_09_26_drive_0011_sync,95,disturbance,55,95,0000000095.png,3,0.4467983085230556,0.3881917865361814,0.8143658032264111
current_stateful,2011_09_26/2011_09_26_drive_0011_sync,95,disturbance,55,95,0000000095.png,4,0.8645099791201222,0.7564120196280916,0.8415289490303596
current_stateful,2011_09_26/2011_09_26_drive_0011_sync,95,disturbance,55,95,0000000095.png,5,0.45393680005989073,0.4141093410769892,0.9223622813752245
current_stateful,2011_09_26/2011_09_26_drive_0011_sync,96,disturbance,56,96,0000000096.png,1,0.35680406594177805,0.2706317285896251,0.597991460058744
current_stateful,2011_09_26/2011_09_26_drive_0011_sync,96,disturbance,56,96,0000000096.png,2,0.2359589819793089,0.22142402183475424,0.8612295758935923
current_stateful,2011_09_26/2011_09_26_drive_0011_sync,96,disturbance,56,96,0000000096.png,3,0.4510131080189876,0.39097870174452476,0.8117413545613156
current_stateful,2011_09_26/2011_09_26_drive_0011_sync,96,disturbance,56,96,0000000096.png,4,0.8707802990398119,0.7611694813233059,0.8379355728569143
current_stateful,2011_09_26/2011_09_26_drive_0011_sync,96,disturbance,56,96,0000000096.png,5,0.45584497976817084,0.4162518447508858,0.9166399134241842
current_stateful,2011_09_26/2011_09_26_drive_0011_sync,97,disturbance,57,97,0000000097.png,1,0.343099852967477,0.27045808571067353,0.6017175373282847
current_stateful,2011_09_26/2011_09_26_drive_0011_sync,97,disturbance,57,97,0000000097.png,2,0.23608612954073105,0.22130318057006343,0.8617309317032716
current_stateful,2011_09_26/2011_09_26_drive_0011_sync,97,disturbance,57,97,0000000097.png,3,0.4546350939240079,0.3940514153868999,0.8096752251332905
current_stateful,2011_09_26/2011_09_26_drive_0011_sync,97,disturbance,57,97,0000000097.png,4,0.8761263712986601,0.7659950164345354,0.834802344845894
current_stateful,2011_09_26/2011_09_26_drive_0011_sync,97,disturbance,57,97,0000000097.png,5,0.45903189495051344,0.41853928449294436,0.908787762500768
current_stateful,2011_09_26/2011_09_26_drive_0011_sync,98,disturbance,58,98,0000000098.png,1,0.3355086230853443,0.26916033510395465,0.6038995783420023
current_stateful,2011_09_26/2011_09_26_drive_0011_sync,98,disturbance,58,98,0000000098.png,2,0.2359677476221251,0.22125977501894614,0.8623878801261321
current_stateful,2011_09_26/2011_09_26_drive_0011_sync,98,disturbance,58,98,0000000098.png,3,0.45772796936666305,0.39726174503038775,0.8080419429911491
current_stateful,2011_09_26/2011_09_26_drive_0011_sync,98,disturbance,58,98,0000000098.png,4,0.8799486979117497,0.7707399713311185,0.8315372441646075
current_stateful,2011_09_26/2011_09_26_drive_0011_sync,98,disturbance,58,98,0000000098.png,5,0.463617972031366,0.42112943562893174,0.9003421605199141
current_stateful,2011_09_26/2011_09_26_drive_0011_sync,99,disturbance,59,99,0000000099.png,1,0.3330645609293052,0.26736469264124946,0.6053264985496023
current_stateful,2011_09_26/2011_09_26_drive_0011_sync,99,disturbance,59,99,0000000099.png,2,0.23599315149716912,0.22126168913685992,0.8628902788063931
current_stateful,2011_09_26/2011_09_26_drive_0011_sync,99,disturbance,59,99,0000000099.png,3,0.4598467045621345,0.40035583474078873,0.8065522790460625
current_stateful,2011_09_26/2011_09_26_drive_0011_sync,99,disturbance,59,99,0000000099.png,4,0.882618629883302,0.7752271237568271,0.8276744255676287
current_stateful,2011_09_26/2011_09_26_drive_0011_sync,99,disturbance,59,99,0000000099.png,5,0.46885658779437916,0.4240371462156427,0.8922429974798772
current_stateful,2011_09_26/2011_09_26_drive_0011_sync,100,disturbance,60,100,0000000100.png,1,0.331133388696063,0.2645027553816769,0.6052508113499974
current_stateful,2011_09_26/2011_09_26_drive_0011_sync,100,disturbance,60,100,0000000100.png,2,0.2361357563399758,0.22127257800866998,0.8635081684487923
current_stateful,2011_09_26/2011_09_26_drive_0011_sync,100,disturbance,60,100,0000000100.png,3,0.4613703614862981,0.4031710403449659,0.8052250736576263
current_stateful,2011_09_26/2011_09_26_drive_0011_sync,100,disturbance,60,100,0000000100.png,4,0.8849013003325821,0.7794731982672836,0.8223075773688175
current_stateful,2011_09_26/2011_09_26_drive_0011_sync,100,disturbance,60,100,0000000100.png,5,0.4749090960943019,0.4274494693881897,0.8831946565705986
current_stateful,2011_09_26/2011_09_26_drive_0011_sync,101,disturbance,61,101,0000000101.png,1,0.33473166810194965,0.26191214379650085,0.6057331647667701
current_stateful,2011_09_26/2011_09_26_drive_0011_sync,101,disturbance,61,101,0000000101.png,2,0.23619776854888028,0.22126161273167871,0.8639780163349736
current_stateful,2011_09_26/2011_09_26_drive_0011_sync,101,disturbance,61,101,0000000101.png,3,0.4627838991089323,0.40578619049955145,0.8044427974123796
current_stateful,2011_09_26/2011_09_26_drive_0011_sync,101,disturbance,61,101,0000000101.png,4,0.8870665913351907,0.7835284490554548,0.8176996343865937
current_stateful,2011_09_26/2011_09_26_drive_0011_sync,101,disturbance,61,101,0000000101.png,5,0.48132266350028213,0.4314797688853211,0.8725065368562482
current_stateful,2011_09_26/2011_09_26_drive_0011_sync,102,disturbance,62,102,0000000102.png,1,0.3370406601340558,0.26134051203323394,0.6060075572417949
current_stateful,2011_09_26/2011_09_26_drive_0011_sync,102,disturbance,62,102,0000000102.png,2,0.23630112262083472,0.22127592640960253,0.8650932361749958
current_stateful,2011_09_26/2011_09_26_drive_0011_sync,102,disturbance,62,102,0000000102.png,3,0.46397346843859966,0.40824883639428167,0.8040433039529796
current_stateful,2011_09_26/2011_09_26_drive_0011_sync,102,disturbance,62,102,0000000102.png,4,0.8899039716897272,0.7874553620935373,0.8156640449643069
current_stateful,2011_09_26/2011_09_26_drive_0011_sync,102,disturbance,62,102,0000000102.png,5,0.4874962232622498,0.43610086559677264,0.8623328719943549
current_stateful,2011_09_26/2011_09_26_drive_0011_sync,103,disturbance,63,103,0000000103.png,1,0.3275327955427436,0.25971544573925603,0.6056506347988723
current_stateful,2011_09_26/2011_09_26_drive_0011_sync,103,disturbance,63,103,0000000103.png,2,0.23655719300487094,0.2214236782227658,0.8656055234465615
current_stateful,2011_09_26/2011_09_26_drive_0011_sync,103,disturbance,63,103,0000000103.png,3,0.46500510817392293,0.4106110386394023,0.803280986667536
current_stateful,2011_09_26/2011_09_26_drive_0011_sync,103,disturbance,63,103,0000000103.png,4,0.8936771262629115,0.7914938578114074,0.8148009015352756
current_stateful,2011_09_26/2011_09_26_drive_0011_sync,103,disturbance,63,103,0000000103.png,5,0.49296068858672776,0.4411065237557235,0.8534014538749374
current_stateful,2011_09_26/2011_09_26_drive_0011_sync,104,disturbance,64,104,0000000104.png,1,0.32711871534081743,0.25727283617084207,0.6047571924013097
current_stateful,2011_09_26/2011_09_26_drive_0011_sync,104,disturbance,64,104,0000000104.png,2,0.2369222747001752,0.22169818589077497,0.8651986228844996
current_stateful,2011_09_26/2011_09_26_drive_0011_sync,104,disturbance,64,104,0000000104.png,3,0.4656493518141668,0.4128257609989492,0.8024048409942697
current_stateful,2011_09_26/2011_09_26_drive_0011_sync,104,disturbance,64,104,0000000104.png,4,0.8976906530722074,0.7957249500360422,0.8142697120854454
current_stateful,2011_09_26/2011_09_26_drive_0011_sync,104,disturbance,64,104,0000000104.png,5,0.4974552984235845,0.4462034188219285,0.8466442905739965
current_stateful,2011_09_26/2011_09_26_drive_0011_sync,105,disturbance,65,105,0000000105.png,1,0.3303985640479878,0.25574593022360215,0.6054889890991213
current_stateful,2011_09_26/2011_09_26_drive_0011_sync,105,disturbance,65,105,0000000105.png,2,0.2370503460785501,0.22195540866656904,0.8647113317490353
current_stateful,2011_09_26/2011_09_26_drive_0011_sync,105,disturbance,65,105,0000000105.png,3,0.46566131429659763,0.41472988785370707,0.8018065519058023
current_stateful,2011_09_26/2011_09_26_drive_0011_sync,105,disturbance,65,105,0000000105.png,4,0.901323464740505,0.800040779561257,0.8135022028684972
current_stateful,2011_09_26/2011_09_26_drive_0011_sync,105,disturbance,65,105,0000000105.png,5,0.501322228558753,0.45113296418723264,0.8398795659266135
current_stateful,2011_09_26/2011_09_26_drive_0011_sync,106,disturbance,66,106,0000000106.png,1,0.33543261323562734,0.25612394468795635,0.6068596563301989
current_stateful,2011_09_26/2011_09_26_drive_0011_sync,106,disturbance,66,106,0000000106.png,2,0.23716531029142388,0.22220119971373112,0.8637891160514979
current_stateful,2011_09_26/2011_09_26_drive_0011_sync,106,disturbance,66,106,0000000106.png,3,0.46563241628067714,0.4162932224199077,0.8006461902440447
current_stateful,2011_09_26/2011_09_26_drive_0011_sync,106,disturbance,66,106,0000000106.png,4,0.9049455687141209,0.8044545415828877,0.8130453660385772
current_stateful,2011_09_26/2011_09_26_drive_0011_sync,106,disturbance,66,106,0000000106.png,5,0.5053283545986123,0.45589736378535295,0.8344032881628946
current_stateful,2011_09_26/2011_09_26_drive_0011_sync,107,disturbance,67,107,0000000107.png,1,0.3294063696637928,0.2574707677370756,0.6075617961446422
current_stateful,2011_09_26/2011_09_26_drive_0011_sync,107,disturbance,67,107,0000000107.png,2,0.23712661581591787,0.222451289500149,0.8625733655812643
current_stateful,2011_09_26/2011_09_26_drive_0011_sync,107,disturbance,67,107,0000000107.png,3,0.4659500789306945,0.417635565285256,0.7995117441570747
current_stateful,2011_09_26/2011_09_26_drive_0011_sync,107,disturbance,67,107,0000000107.png,4,0.9084273002206007,0.8089517729795556,0.8137761719149874
current_stateful,2011_09_26/2011_09_26_drive_0011_sync,107,disturbance,67,107,0000000107.png,5,0.5093339442159186,0.4605964945045587,0.8322667709102536
current_stateful,2011_09_26/2011_09_26_drive_0011_sync,108,disturbance,68,108,0000000108.png,1,0.31840996999995813,0.2583372459813864,0.607443540281024
current_stateful,2011_09_26/2011_09_26_drive_0011_sync,108,disturbance,68,108,0000000108.png,2,0.23685738147060298,0.22266260943799548,0.8614847206528643
current_stateful,2011_09_26/2011_09_26_drive_0011_sync,108,disturbance,68,108,0000000108.png,3,0.4661707121734045,0.41877785306287496,0.7991209115173138
current_stateful,2011_09_26/2011_09_26_drive_0011_sync,108,disturbance,68,108,0000000108.png,4,0.9119791077507197,0.8135765199335028,0.815784782795533
current_stateful,2011_09_26/2011_09_26_drive_0011_sync,108,disturbance,68,108,0000000108.png,5,0.5123735590258301,0.46515355473773806,0.8339105741870535
current_stateful,2011_09_26/2011_09_26_drive_0011_sync,109,disturbance,69,109,0000000109.png,1,0.30588939229994716,0.25685604139052537,0.6074912313074613
current_stateful,2011_09_26/2011_09_26_drive_0011_sync,109,disturbance,69,109,0000000109.png,2,0.2365358560888596,0.22283548026357955,0.8605405231243178
current_stateful,2011_09_26/2011_09_26_drive_0011_sync,109,disturbance,69,109,0000000109.png,3,0.4662455812480501,0.41979406288861937,0.8004317011809977
current_stateful,2011_09_26/2011_09_26_drive_0011_sync,109,disturbance,69,109,0000000109.png,4,0.9151775213112425,0.8183400557088428,0.8197347009934045
current_stateful,2011_09_26/2011_09_26_drive_0011_sync,109,disturbance,69,109,0000000109.png,5,0.5138946428735696,0.4693396273764647,0.8386540364404549
current_stateful,2011_09_26/2011_09_26_drive_0011_sync,110,disturbance,70,110,0000000110.png,1,0.2978614048949398,0.25293362407145753,0.6078228657410348
current_stateful,2011_09_26/2011_09_26_drive_0011_sync,110,disturbance,70,110,0000000110.png,2,0.23619328284511246,0.22293978165091569,0.8592200647513204
current_stateful,2011_09_26/2011_09_26_drive_0011_sync,110,disturbance,70,110,0000000110.png,3,0.4661462146678628,0.4206875794809056,0.8032995485724767
current_stateful,2011_09_26/2011_09_26_drive_0011_sync,110,disturbance,70,110,0000000110.png,4,0.918045013197548,0.8232165270067034,0.8256121907815039
current_stateful,2011_09_26/2011_09_26_drive_0011_sync,110,disturbance,70,110,0000000110.png,5,0.5144359821372116,0.4729465379764398,0.8446100700213989
current_stateful,2011_09_26/2011_09_26_drive_0011_sync,111,disturbance,71,111,0000000111.png,1,0.297080360015866,0.2488532504284228,0.6108940267458847
current_stateful,2011_09_26/2011_09_26_drive_0011_sync,111,disturbance,71,111,0000000111.png,2,0.23626772016192793,0.223037871264826,0.8582126710077588
current_stateful,2011_09_26/2011_09_26_drive_0011_sync,111,disturbance,71,111,0000000111.png,3,0.46667057799213846,0.4215530183566959,0.8070636453998192
current_stateful,2011_09_26/2011_09_26_drive_0011_sync,111,disturbance,71,111,0000000111.png,4,0.9214617175994642,0.828213431295173,0.8317514912939606
current_stateful,2011_09_26/2011_09_26_drive_0011_sync,111,disturbance,71,111,0000000111.png,5,0.5139477024098197,0.47575576611566095,0.8512526292632351
current_stateful,2011_09_26/2011_09_26_drive_0011_sync,112,disturbance,72,112,0000000112.png,1,0.29740631762637254,0.24541148981567615,0.6134933384404806
current_stateful,2011_09_26/2011_09_26_drive_0011_sync,112,disturbance,72,112,0000000112.png,2,0.23630551649354178,0.22315330828962826,0.8583232175161918
current_stateful,2011_09_26/2011_09_26_drive_0011_sync,112,disturbance,72,112,0000000112.png,3,0.4676411152738158,0.4225008026358537,0.8113024052570945
current_stateful,2011_09_26/2011_09_26_drive_0011_sync,112,disturbance,72,112,0000000112.png,4,0.9252915097657829,0.8332581167995705,0.8373845557852395
current_stateful,2011_09_26/2011_09_26_drive_0011_sync,112,disturbance,72,112,0000000112.png,5,0.5128392804092884,0.4776812759390704,0.8581312162498577
current_stateful,2011_09_26/2011_09_26_drive_0011_sync,113,disturbance,73,113,0000000113.png,1,0.2982928207392483,0.2428698212847,0.6155865586130987
current_stateful,2011_09_26/2011_09_26_drive_0011_sync,113,disturbance,73,113,0000000113.png,2,0.23622961778412876,0.2232469487248246,0.8590269391202474
current_stateful,2011_09_26/2011_09_26_drive_0011_sync,113,disturbance,73,113,0000000113.png,3,0.46846246494607985,0.42352180739551454,0.8152834104581026
current_stateful,2011_09_26/2011_09_26_drive_0011_sync,113,disturbance,73,113,0000000113.png,4,0.9298199953488957,0.8384202642454361,0.8428492902952662
current_stateful,2011_09_26/2011_09_26_drive_0011_sync,113,disturbance,73,113,0000000113.png,5,0.5120554601164712,0.47883748780485735,0.8663991302257784
current_stateful,2011_09_26/2011_09_26_drive_0011_sync,114,disturbance,74,114,0000000114.png,1,0.3037998332587465,0.24159309599902745,0.6166874127517835
current_stateful,2011_09_26/2011_09_26_drive_0011_sync,114,disturbance,74,114,0000000114.png,2,0.23651439806812757,0.22335638582720346,0.8598280190584293
current_stateful,2011_09_26/2011_09_26_drive_0011_sync,114,disturbance,74,114,0000000114.png,3,0.4689573016946714,0.4244553607130582,0.8187314395270663
current_stateful,2011_09_26/2011_09_26_drive_0011_sync,114,disturbance,74,114,0000000114.png,4,0.9350891112916208,0.8438027121970494,0.8476631184531132
current_stateful,2011_09_26/2011_09_26_drive_0011_sync,114,disturbance,74,114,0000000114.png,5,0.5114865068612274,0.47942190725210326,0.8751552070579581
current_stateful,2011_09_26/2011_09_26_drive_0011_sync,115,disturbance,75,115,0000000115.png,1,0.3052793657276908,0.23995090076591385,0.6188462614606198
current_stateful,2011_09_26/2011_09_26_drive_0011_sync,115,disturbance,75,115,0000000115.png,2,0.23687423745502614,0.2234789448196543,0.8608901092055495
current_stateful,2011_09_26/2011_09_26_drive_0011_sync,115,disturbance,75,115,0000000115.png,3,0.4691328532088606,0.4253101370467532,0.8218713354878798
current_stateful,2011_09_26/2011_09_26_drive_0011_sync,115,disturbance,75,115,0000000115.png,4,0.9405077022670932,0.8494072779280216,0.8517996081348866
current_stateful,2011_09_26/2011_09_26_drive_0011_sync,115,disturbance,75,115,0000000115.png,5,0.5105861685755128,0.4796012166095364,0.8839967360594192
current_stateful,2011_09_26/2011_09_26_drive_0011_sync,116,disturbance,76,116,0000000116.png,1,0.30920945649248194,0.23781605684961787,0.6211189064410588
current_stateful,2011_09_26/2011_09_26_drive_0011_sync,116,disturbance,76,116,0000000116.png,2,0.23734555706074753,0.22364952627141474,0.8624222843893855
current_stateful,2011_09_26/2011_09_26_drive_0011_sync,116,disturbance,76,116,0000000116.png,3,0.4693883293433412,0.42617150427166045,0.8250249542739645
current_stateful,2011_09_26/2011_09_26_drive_0011_sync,116,disturbance,76,116,0000000116.png,4,0.9453506220875293,0.8551898260830318,0.8558027355187996
current_stateful,2011_09_26/2011_09_26_drive_0011_sync,116,disturbance,76,116,0000000116.png,5,0.5097594568373905,0.47960127218936927,0.8929838467539036
current_stateful,2011_09_26/2011_09_26_drive_0011_sync,117,disturbance,77,117,0000000117.png,1,0.31433269488888316,0.23697785493688647,0.6233024563821694
current_stateful,2011_09_26/2011_09_26_drive_0011_sync,117,disturbance,77,117,0000000117.png,2,0.237983757450676,0.2239050370388116,0.8638137195169587
current_stateful,2011_09_26/2011_09_26_drive_0011_sync,117,disturbance,77,117,0000000117.png,3,0.4700255958360242,0.4271169418436647,0.8278355592505063
current_stateful,2011_09_26/2011_09_26_drive_0011_sync,117,disturbance,77,117,0000000117.png,4,0.9499761987966497,0.8610974850892659,0.8597122354088403
current_stateful,2011_09_26/2011_09_26_drive_0011_sync,117,disturbance,77,117,0000000117.png,5,0.5095864591656795,0.4796654004479116,0.9020023399754354
current_stateful,2011_09_26/2011_09_26_drive_0011_sync,118,disturbance,78,118,0000000118.png,1,0.3216765485720222,0.23682549354363058,0.6251933241341772
current_stateful,2011_09_26/2011_09_26_drive_0011_sync,118,disturbance,78,118,0000000118.png,2,0.23826008567749285,0.2242037556081809,0.8654294100401068
current_stateful,2011_09_26/2011_09_26_drive_0011_sync,118,disturbance,78,118,0000000118.png,3,0.47109296515240323,0.42826237178423504,0.8301953247683594
current_stateful,2011_09_26/2011_09_26_drive_0011_sync,118,disturbance,78,118,0000000118.png,4,0.9549332963321024,0.867147148427155,0.8636166433331481
current_stateful,2011_09_26/2011_09_26_drive_0011_sync,118,disturbance,78,118,0000000118.png,5,0.5102864744385763,0.48002039160203314,0.9098269210064505
current_stateful,2011_09_26/2011_09_26_drive_0011_sync,119,disturbance,79,119,0000000119.png,1,0.32887918121780774,0.2377866699104594,0.6276239186899999
current_stateful,2011_09_26/2011_09_26_drive_0011_sync,119,disturbance,79,119,0000000119.png,2,0.23883915546155207,0.22453082057615462,0.8664303405285131
current_stateful,2011_09_26/2011_09_26_drive_0011_sync,119,disturbance,79,119,0000000119.png,3,0.472092378233997,0.42951627872593245,0.8316497525259451
current_stateful,2011_09_26/2011_09_26_drive_0011_sync,119,disturbance,79,119,0000000119.png,4,0.9592793976765309,0.8731395095540196,0.8667104768884152
current_stateful,2011_09_26/2011_09_26_drive_0011_sync,119,disturbance,79,119,0000000119.png,5,0.5115463472511486,0.4807723381526358,0.9149689255788417
current_stateful,2011_09_26/2011_09_26_drive_0011_sync,120,recovery,0,120,0000000120.png,1,0.4962956309713345,0.25531938212163635,0.4879928313882977
current_stateful,2011_09_26/2011_09_26_drive_0011_sync,120,recovery,0,120,0000000120.png,2,0.2896216721032827,0.22727928739098507,0.7462580744844066
current_stateful,2011_09_26/2011_09_26_drive_0011_sync,120,recovery,0,120,0000000120.png,3,0.44741652970933055,0.4178496789422171,0.7860263458908674
current_stateful,2011_09_26/2011_09_26_drive_0011_sync,120,recovery,0,120,0000000120.png,4,0.9284982617729838,0.8697379480090003,0.847207913459474
current_stateful,2011_09_26/2011_09_26_drive_0011_sync,120,recovery,0,120,0000000120.png,5,0.5051429101338006,0.480205910221941,0.9010829336243797
current_stateful,2011_09_26/2011_09_26_drive_0011_sync,121,recovery,1,121,0000000121.png,1,0.4689016876095107,0.26824196691611046,0.3827222727661355
current_stateful,2011_09_26/2011_09_26_drive_0011_sync,121,recovery,1,121,0000000121.png,2,0.33407931563899246,0.23589843843260694,0.6197872386223289
current_stateful,2011_09_26/2011_09_26_drive_0011_sync,121,recovery,1,121,0000000121.png,3,0.49230154089957423,0.40622668634027276,0.7040828305751194
current_stateful,2011_09_26/2011_09_26_drive_0011_sync,121,recovery,1,121,0000000121.png,4,0.9108919406547604,0.854599435091425,0.7991092961345411
current_stateful,2011_09_26/2011_09_26_drive_0011_sync,121,recovery,1,121,0000000121.png,5,0.49317366079788555,0.4753748602921756,0.8592436574301575
current_stateful,2011_09_26/2011_09_26_drive_0011_sync,122,recovery,2,122,0000000122.png,1,0.4587683564557381,0.27404769493809633,0.30136626860247545
current_stateful,2011_09_26/2011_09_26_drive_0011_sync,122,recovery,2,122,0000000122.png,2,0.3596590749916917,0.24927854123480403,0.5079622560178885
current_stateful,2011_09_26/2011_09_26_drive_0011_sync,122,recovery,2,122,0000000122.png,3,0.5551146296668675,0.4062749843452643,0.6121642596140702
current_stateful,2011_09_26/2011_09_26_drive_0011_sync,122,recovery,2,122,0000000122.png,4,0.9348009260543904,0.8373325951904046,0.7321481264635763
current_stateful,2011_09_26/2011_09_26_drive_0011_sync,122,recovery,2,122,0000000122.png,5,0.48997242428139165,0.46674240167319586,0.7999766490832158
current_stateful,2011_09_26/2011_09_26_drive_0011_sync,123,recovery,3,123,0000000123.png,1,0.4581312886228979,0.276931609331461,0.2379242175244743
current_stateful,2011_09_26/2011_09_26_drive_0011_sync,123,recovery,3,123,0000000123.png,2,0.374880680342189,0.26477233330666483,0.4138279036697568
current_stateful,2011_09_26/2011_09_26_drive_0011_sync,123,recovery,3,123,0000000123.png,3,0.6113168198589228,0.4210636603696517,0.5232870829648989
current_stateful,2011_09_26/2011_09_26_drive_0011_sync,123,recovery,3,123,0000000123.png,4,0.98523369235912,0.828493949464519,0.6542507127020587
current_stateful,2011_09_26/2011_09_26_drive_0011_sync,123,recovery,3,123,0000000123.png,5,0.5007275736356287,0.45784482378457936,0.7262066232058396
current_stateful,2011_09_26/2011_09_26_drive_0011_sync,124,recovery,4,124,0000000124.png,1,0.4614560429503126,0.2775454495133424,0.18806832508045834
current_stateful,2011_09_26/2011_09_26_drive_0011_sync,124,recovery,4,124,0000000124.png,2,0.38415306437189733,0.280199736723426,0.33603870031327143
current_stateful,2011_09_26/2011_09_26_drive_0011_sync,124,recovery,4,124,0000000124.png,3,0.6563169095999045,0.44737547062234856,0.44309629719869903
current_stateful,2011_09_26/2011_09_26_drive_0011_sync,124,recovery,4,124,0000000124.png,4,1.0454181052089317,0.8339897607756771,0.5714271261015755
current_stateful,2011_09_26/2011_09_26_drive_0011_sync,124,recovery,4,124,0000000124.png,5,0.5211515127382471,0.45231163477722863,0.6433153672683927
current_stateful,2011_09_26/2011_09_26_drive_0011_sync,125,recovery,5,125,0000000125.png,1,0.4565945437284075,0.2795886034636026,0.14847829311442712
current_stateful,2011_09_26/2011_09_26_drive_0011_sync,125,recovery,5,125,0000000125.png,2,0.39131570969494184,0.2946090402476975,0.27170621823678176
current_stateful,2011_09_26/2011_09_26_drive_0011_sync,125,recovery,5,125,0000000125.png,3,0.6938397698872607,0.48042371623600155,0.37175929625041115
current_stateful,2011_09_26/2011_09_26_drive_0011_sync,125,recovery,5,125,0000000125.png,4,1.1052565753926513,0.8544004744841913,0.48939489514760587
current_stateful,2011_09_26/2011_09_26_drive_0011_sync,125,recovery,5,125,0000000125.png,5,0.546458621102446,0.45250695882810826,0.560092253266604
current_stateful,2011_09_26/2011_09_26_drive_0011_sync,126,recovery,6,126,0000000126.png,1,0.4542879349295588,0.28254811071387254,0.1175130837329266
current_stateful,2011_09_26/2011_09_26_drive_0011_sync,126,recovery,6,126,0000000126.png,2,0.39473749515100565,0.30711638784404194,0.21914588673425175
current_stateful,2011_09_26/2011_09_26_drive_0011_sync,126,recovery,6,126,0000000126.png,3,0.722587548771678,0.5156315260919648,0.30925849310702613
current_stateful,2011_09_26/2011_09_26_drive_0011_sync,126,recovery,6,126,0000000126.png,4,1.1604384313796106,0.8870331634793839,0.4132138335340802
current_stateful,2011_09_26/2011_09_26_drive_0011_sync,126,recovery,6,126,0000000126.png,5,0.5727102657914692,0.4591774720215327,0.4823493462597391
current_stateful,2011_09_26/2011_09_26_drive_0011_sync,127,recovery,7,127,0000000127.png,1,0.46412139924447526,0.28362921305907013,0.09328079484492902
current_stateful,2011_09_26/2011_09_26_drive_0011_sync,127,recovery,7,127,0000000127.png,2,0.39700778078886306,0.3176338913001771,0.17679417968606972
current_stateful,2011_09_26/2011_09_26_drive_0011_sync,127,recovery,7,127,0000000127.png,3,0.7453052618249387,0.5501095416035017,0.25559736242089937
current_stateful,2011_09_26/2011_09_26_drive_0011_sync,127,recovery,7,127,0000000127.png,4,1.2085753600315747,0.9276713738908382,0.3451967171840956
current_stateful,2011_09_26/2011_09_26_drive_0011_sync,127,recovery,7,127,0000000127.png,5,0.5978205658645924,0.47181506258348466,0.41166245704948934
current_stateful,2011_09_26/2011_09_26_drive_0011_sync,128,recovery,8,128,0000000128.png,1,0.4637037369634643,0.2867407565451924,0.07402678204836184
current_stateful,2011_09_26/2011_09_26_drive_0011_sync,128,recovery,8,128,0000000128.png,2,0.4010530088238492,0.3265703790522094,0.14253893254949676
current_stateful,2011_09_26/2011_09_26_drive_0011_sync,128,recovery,8,128,0000000128.png,3,0.7651961295796101,0.582411756955166,0.21052935946469867
current_stateful,2011_09_26/2011_09_26_drive_0011_sync,128,recovery,8,128,0000000128.png,4,1.2494121575980417,0.972123625475543,0.2869701292887398
current_stateful,2011_09_26/2011_09_26_drive_0011_sync,128,recovery,8,128,0000000128.png,5,0.6196507207676855,0.48878021338139677,0.3501217522361429
current_stateful,2011_09_26/2011_09_26_drive_0011_sync,129,recovery,9,129,0000000129.png,1,0.4665305935555368,0.2904042183270024,0.05891120392213124
current_stateful,2011_09_26/2011_09_26_drive_0011_sync,129,recovery,9,129,0000000129.png,2,0.4025106096439803,0.33390028672975663,0.11493164090251905
current_stateful,2011_09_26/2011_09_26_drive_0011_sync,129,recovery,9,129,0000000129.png,3,0.7818390459952996,0.6118321432844974,0.17310242581631557
current_stateful,2011_09_26/2011_09_26_drive_0011_sync,129,recovery,9,129,0000000129.png,4,1.283999288654538,1.0172115342354924,0.2373818073642086
current_stateful,2011_09_26/2011_09_26_drive_0011_sync,129,recovery,9,129,0000000129.png,5,0.6379392277901609,0.5081916335987564,0.2955544819749551
current_stateful,2011_09_26/2011_09_26_drive_0011_sync,130,recovery,10,130,0000000130.png,1,0.4750291890609746,0.2933804473924037,0.047074470203581756
current_stateful,2011_09_26/2011_09_26_drive_0011_sync,130,recovery,10,130,0000000130.png,2,0.4025892722733415,0.33974136650982323,0.09291344689804887
current_stateful,2011_09_26/2011_09_26_drive_0011_sync,130,recovery,10,130,0000000130.png,3,0.7937048999926908,0.6379209784212879,0.14236486410164417
current_stateful,2011_09_26/2011_09_26_drive_0011_sync,130,recovery,10,130,0000000130.png,4,1.311727203517907,1.0606112218444874,0.1958910150419631
current_stateful,2011_09_26/2011_09_26_drive_0011_sync,130,recovery,10,130,0000000130.png,5,0.6532480660425217,0.5285128039355454,0.24823020180644745
current_stateful,2011_09_26/2011_09_26_drive_0011_sync,131,recovery,11,131,0000000131.png,1,0.48128296709852436,0.29670258215403145,0.037688928599837496
current_stateful,2011_09_26/2011_09_26_drive_0011_sync,131,recovery,11,131,0000000131.png,2,0.40309923642233153,0.3443220071788339,0.07526215768639172
current_stateful,2011_09_26/2011_09_26_drive_0011_sync,131,recovery,11,131,0000000131.png,3,0.8019830548644358,0.6605350004190935,0.11704290252347198
current_stateful,2011_09_26/2011_09_26_drive_0011_sync,131,recovery,11,131,0000000131.png,4,1.3334378760885786,1.1008431761917719,0.1615382544278057
current_stateful,2011_09_26/2011_09_26_drive_0011_sync,131,recovery,11,131,0000000131.png,5,0.6659432529117635,0.5485932885837654,0.20730047258635603
current_stateful,2011_09_26/2011_09_26_drive_0011_sync,132,recovery,12,132,0000000132.png,1,0.4901300548294335,0.299987014320007,0.030256622487622283
current_stateful,2011_09_26/2011_09_26_drive_0011_sync,132,recovery,12,132,0000000132.png,2,0.4034838928220638,0.3478576904338058,0.06112798036215266
current_stateful,2011_09_26/2011_09_26_drive_0011_sync,132,recovery,12,132,0000000132.png,3,0.806114977452635,0.6794202982374202,0.09616007825559837
current_stateful,2011_09_26/2011_09_26_drive_0011_sync,132,recovery,12,132,0000000132.png,4,1.3498398184933433,1.1370355067620352,0.13320191184303828
current_stateful,2011_09_26/2011_09_26_drive_0011_sync,132,recovery,12,132,0000000132.png,5,0.6756917952960833,0.5675119398006219,0.1722882130892336
current_stateful,2011_09_26/2011_09_26_drive_0011_sync,133,recovery,13,133,0000000133.png,1,0.4893909841691063,0.304356731228099,0.024298188381887645
current_stateful,2011_09_26/2011_09_26_drive_0011_sync,133,recovery,13,133,0000000133.png,2,0.4051402925551485,0.3508547801866653,0.04964322111545727
current_stateful,2011_09_26/2011_09_26_drive_0011_sync,133,recovery,13,133,0000000133.png,3,0.8095879479556761,0.6948823619979598,0.07901032289928964
current_stateful,2011_09_26/2011_09_26_drive_0011_sync,133,recovery,13,133,0000000133.png,4,1.362109693103168,1.1688151335789172,0.10983907451298466
current_stateful,2011_09_26/2011_09_26_drive_0011_sync,133,recovery,13,133,0000000133.png,5,0.6828464829803793,0.5846146273392141,0.14358419803276504
current_stateful,2011_09_26/2011_09_26_drive_0011_sync,134,recovery,14,134,0000000134.png,1,0.4897528084855632,0.3087933107176769,0.019508282825932362
current_stateful,2011_09_26/2011_09_26_drive_0011_sync,134,recovery,14,134,0000000134.png,2,0.40592573380662106,0.3535326099212741,0.04030267420125077
current_stateful,2011_09_26/2011_09_26_drive_0011_sync,134,recovery,14,134,0000000134.png,3,0.8141429727351253,0.7077859643892217,0.06493213304752735
current_stateful,2011_09_26/2011_09_26_drive_0011_sync,134,recovery,14,134,0000000134.png,4,1.3722892743371469,1.1964566357224267,0.09032444487798708
current_stateful,2011_09_26/2011_09_26_drive_0011_sync,134,recovery,14,134,0000000134.png,5,0.6887715310321095,0.599743798109963,0.11980926806966581
current_stateful,2011_09_26/2011_09_26_drive_0011_sync,135,recovery,15,135,0000000135.png,1,0.4958629578178954,0.31198687795465563,0.01569041426157776
current_stateful,2011_09_26/2011_09_26_drive_0011_sync,135,recovery,15,135,0000000135.png,2,0.40672148436882616,0.35582961076921177,0.03272378232415973
current_stateful,2011_09_26/2011_09_26_drive_0011_sync,135,recovery,15,135,0000000135.png,3,0.8184570179993623,0.7186973632978808,0.053377751709516176
current_stateful,2011_09_26/2011_09_26_drive_0011_sync,135,recovery,15,135,0000000135.png,4,1.3797397144688373,1.2201230772898117,0.07426797666228577
current_stateful,2011_09_26/2011_09_26_drive_0011_sync,135,recovery,15,135,0000000135.png,5,0.6935147583192928,0.6129157977664319,0.10016154171976703
current_stateful,2011_09_26/2011_09_26_drive_0011_sync,136,recovery,16,136,0000000136.png,1,0.5238896999866095,0.3110131437725865,0.012816902933949555
current_stateful,2011_09_26/2011_09_26_drive_0011_sync,136,recovery,16,136,0000000136.png,2,0.4016175645042932,0.3561568828872581,0.026843912812148724
current_stateful,2011_09_26/2011_09_26_drive_0011_sync,136,recovery,16,136,0000000136.png,3,0.8070188055903398,0.725397354753231,0.04393830008692737
current_stateful,2011_09_26/2011_09_26_drive_0011_sync,136,recovery,16,136,0000000136.png,4,1.3795830261117221,1.2393040915053444,0.06118492166505939
current_stateful,2011_09_26/2011_09_26_drive_0011_sync,136,recovery,16,136,0000000136.png,5,0.695810372309638,0.6240309080592907,0.08269218712933096
current_stateful,2011_09_26/2011_09_26_drive_0011_sync,137,recovery,17,137,0000000137.png,1,0.5329856239665606,0.3106832281039678,0.010525395739892163
current_stateful,2011_09_26/2011_09_26_drive_0011_sync,137,recovery,17,137,0000000137.png,2,0.4029755936689329,0.35515256788423216,0.022247936252691634
current_stateful,2011_09_26/2011_09_26_drive_0011_sync,137,recovery,17,137,0000000137.png,3,0.7826335488479016,0.7254446479004871,0.03632164676318629
current_stateful,2011_09_26/2011_09_26_drive_0011_sync,137,recovery,17,137,0000000137.png,4,1.3687981743249316,1.2525054823874222,0.05049842960902425
current_stateful,2011_09_26/2011_09_26_drive_0011_sync,137,recovery,17,137,0000000137.png,5,0.6941303768328145,0.6326379458979967,0.06744261812488517
current_stateful,2011_09_26/2011_09_26_drive_0011_sync,138,recovery,18,138,0000000138.png,1,0.5141124410983576,0.31563404443681325,0.008531761145068458
current_stateful,2011_09_26/2011_09_26_drive_0011_sync,138,recovery,18,138,0000000138.png,2,0.4102893533741997,0.3551711283333711,0.018346962927385392
current_stateful,2011_09_26/2011_09_26_drive_0011_sync,138,recovery,18,138,0000000138.png,3,0.7686966761311775,0.7210356031325033,0.030000122183510433
current_stateful,2011_09_26/2011_09_26_drive_0011_sync,138,recovery,18,138,0000000138.png,4,1.3553987945659671,1.259644448059607,0.04153378684829553
current_stateful,2011_09_26/2011_09_26_drive_0011_sync,138,recovery,18,138,0000000138.png,5,0.6895970632811989,0.6384471450401382,0.05486022445732495
current_stateful,2011_09_26/2011_09_26_drive_0011_sync,139,recovery,19,139,0000000139.png,1,0.4934297958359417,0.3206109072638625,0.006884893608429197
current_stateful,2011_09_26/2011_09_26_drive_0011_sync,139,recovery,19,139,0000000139.png,2,0.4109220873897589,0.35611257877605396,0.01501500696193059
current_stateful,2011_09_26/2011_09_26_drive_0011_sync,139,recovery,19,139,0000000139.png,3,0.7652359481348672,0.7155381057323983,0.024709398863652875
current_stateful,2011_09_26/2011_09_26_drive_0011_sync,139,recovery,19,139,0000000139.png,4,1.3451354417062327,1.262347698163044,0.03425244979790059
current_stateful,2011_09_26/2011_09_26_drive_0011_sync,139,recovery,19,139,0000000139.png,5,0.6848127490015163,0.6418103250113226,0.045082935336075464
current_stateful,2011_09_26/2011_09_26_drive_0011_sync,140,recovery,20,140,0000000140.png,1,0.48691493438800365,0.31910559323425075,0.0055699630316949356
current_stateful,2011_09_26/2011_09_26_drive_0011_sync,140,recovery,20,140,0000000140.png,2,0.41069757935977236,0.35701324397161044,0.0122793993732375
current_stateful,2011_09_26/2011_09_26_drive_0011_sync,140,recovery,20,140,0000000140.png,3,0.7634096406899477,0.7099266568032668,0.020369890276766306
current_stateful,2011_09_26/2011_09_26_drive_0011_sync,140,recovery,20,140,0000000140.png,4,1.3352964543381527,1.2619053437576195,0.02821436963245786
current_stateful,2011_09_26/2011_09_26_drive_0011_sync,140,recovery,20,140,0000000140.png,5,0.6797469032675361,0.6431953279127463,0.03687386668985499
current_stateful,2011_09_26/2011_09_26_drive_0011_sync,141,recovery,21,141,0000000141.png,1,0.46980853962518887,0.3136506723678568,0.004504230682366746
current_stateful,2011_09_26/2011_09_26_drive_0011_sync,141,recovery,21,141,0000000141.png,2,0.4104010384802397,0.35780134560672716,0.01002369428356963
current_stateful,2011_09_26/2011_09_26_drive_0011_sync,141,recovery,21,141,0000000141.png,3,0.763099722762963,0.7048654146833259,0.016799646927089525
current_stateful,2011_09_26/2011_09_26_drive_0011_sync,141,recovery,21,141,0000000141.png,4,1.326662823220546,1.259389392610135,0.023362956600832357
current_stateful,2011_09_26/2011_09_26_drive_0011_sync,141,recovery,21,141,0000000141.png,5,0.6747742816561918,0.643157983725478,0.03021347772437438
current_stateful,2011_09_26/2011_09_26_drive_0011_sync,142,recovery,22,142,0000000142.png,1,0.45567618986196584,0.30834257115803604,0.003632942409278715
current_stateful,2011_09_26/2011_09_26_drive_0011_sync,142,recovery,22,142,0000000142.png,2,0.41053507217928153,0.35878269631533133,0.008160683046475888
current_stateful,2011_09_26/2011_09_26_drive_0011_sync,142,recovery,22,142,0000000142.png,3,0.7666437939889419,0.7013908991982868,0.013787282230506627
current_stateful,2011_09_26/2011_09_26_drive_0011_sync,142,recovery,22,142,0000000142.png,4,1.3230149249673056,1.256314059174605,0.019357380461260128
current_stateful,2011_09_26/2011_09_26_drive_0011_sync,142,recovery,22,142,0000000142.png,5,0.6712102489252632,0.6423835835340427,0.024801451986706205
current_stateful,2011_09_26/2011_09_26_drive_0011_sync,143,recovery,23,143,0000000143.png,1,0.4480816261188911,0.3043242555033977,0.0029317998486567813
current_stateful,2011_09_26/2011_09_26_drive_0011_sync,143,recovery,23,143,0000000143.png,2,0.41027989410767546,0.35974446223518514,0.006635431699581032
current_stateful,2011_09_26/2011_09_26_drive_0011_sync,143,recovery,23,143,0000000143.png,3,0.7710997421875082,0.6996084313861068,0.011282176936074025
current_stateful,2011_09_26/2011_09_26_drive_0011_sync,143,recovery,23,143,0000000143.png,4,1.3246697918886783,1.254122098485165,0.015944393805360016
current_stateful,2011_09_26/2011_09_26_drive_0011_sync,143,recovery,23,143,0000000143.png,5,0.669443601005851,0.6414905270156627,0.02025507379135159
current_stateful,2011_09_26/2011_09_26_drive_0011_sync,144,recovery,24,144,0000000144.png,1,0.43932680230888194,0.30258578376057815,0.002366306504515616
current_stateful,2011_09_26/2011_09_26_drive_0011_sync,144,recovery,24,144,0000000144.png,2,0.4089394150518655,0.3605680698341764,0.005400898034304383
current_stateful,2011_09_26/2011_09_26_drive_0011_sync,144,recovery,24,144,0000000144.png,3,0.7744648589305262,0.6993518849123956,0.009226218275458891
current_stateful,2011_09_26/2011_09_26_drive_0011_sync,144,recovery,24,144,0000000144.png,4,1.3278003904528568,1.2531377935057795,0.013120121798834846
current_stateful,2011_09_26/2011_09_26_drive_0011_sync,144,recovery,24,144,0000000144.png,5,0.6684257068016107,0.6407239053016515,0.016616829053499677
current_stateful,2011_09_26/2011_09_26_drive_0011_sync,145,recovery,25,145,0000000145.png,1,0.43341369446254524,0.3008468250658883,0.001912814982487345
current_stateful,2011_09_26/2011_09_26_drive_0011_sync,145,recovery,25,145,0000000145.png,2,0.40799678261501393,0.3610644922118389,0.00440311661866407
current_stateful,2011_09_26/2011_09_26_drive_0011_sync,145,recovery,25,145,0000000145.png,3,0.7764385058974227,0.6998177061726869,0.007541856357580429
current_stateful,2011_09_26/2011_09_26_drive_0011_sync,145,recovery,25,145,0000000145.png,4,1.3316770967987053,1.2531991612397015,0.010737348674756536
current_stateful,2011_09_26/2011_09_26_drive_0011_sync,145,recovery,25,145,0000000145.png,5,0.6679137430447151,0.6400699689825645,0.0137193383732399
current_stateful,2011_09_26/2011_09_26_drive_0011_sync,146,recovery,26,146,0000000146.png,1,0.42197458093125584,0.299368798923135,0.0015488940597710773
current_stateful,2011_09_26/2011_09_26_drive_0011_sync,146,recovery,26,146,0000000146.png,2,0.407063048102038,0.36137478123904476,0.0035881320492830177
current_stateful,2011_09_26/2011_09_26_drive_0011_sync,146,recovery,26,146,0000000146.png,3,0.7802106109943768,0.70091340952212,0.006169689414025218
current_stateful,2011_09_26/2011_09_26_drive_0011_sync,146,recovery,26,146,0000000146.png,4,1.337041531098593,1.2542405696419037,0.008745491872989208
current_stateful,2011_09_26/2011_09_26_drive_0011_sync,146,recovery,26,146,0000000146.png,5,0.6691514871362674,0.6397896770767838,0.011218089373605024
current_stateful,2011_09_26/2011_09_26_drive_0011_sync,147,recovery,27,147,0000000147.png,1,0.41374303639176363,0.2979405667730958,0.001257490621722184
current_stateful,2011_09_26/2011_09_26_drive_0011_sync,147,recovery,27,147,0000000147.png,2,0.4048351081249503,0.3612321737860351,0.0029373358284415286
current_stateful,2011_09_26/2011_09_26_drive_0011_sync,147,recovery,27,147,0000000147.png,3,0.7824246376604866,0.702111233013647,0.005070358328694139
current_stateful,2011_09_26/2011_09_26_drive_0011_sync,147,recovery,27,147,0000000147.png,4,1.3418856579058887,1.2560175911218925,0.007130601097423313
current_stateful,2011_09_26/2011_09_26_drive_0011_sync,147,recovery,27,147,0000000147.png,5,0.6717190512235329,0.6400796822091375,0.009138468432150671
current_stateful,2011_09_26/2011_09_26_drive_0011_sync,148,recovery,28,148,0000000148.png,1,0.4103617460757455,0.29594336364929047,0.0010216559848888467
current_stateful,2011_09_26/2011_09_26_drive_0011_sync,148,recovery,28,148,0000000148.png,2,0.4036474433855809,0.3609886598015301,0.0024074032147865594
current_stateful,2011_09_26/2011_09_26_drive_0011_sync,148,recovery,28,148,0000000148.png,3,0.785534271188524,0.7036597920196874,0.004170960092374075
current_stateful,2011_09_26/2011_09_26_drive_0011_sync,148,recovery,28,148,0000000148.png,4,1.3458656256866282,1.258450851724731,0.005844810676135626
current_stateful,2011_09_26/2011_09_26_drive_0011_sync,148,recovery,28,148,0000000148.png,5,0.6746835106849468,0.6409555420735329,0.007492562558054648
current_stateful,2011_09_26/2011_09_26_drive_0011_sync,149,recovery,29,149,0000000149.png,1,0.3995628905815918,0.29346314584389455,0.0008313864696169282
current_stateful,2011_09_26/2011_09_26_drive_0011_sync,149,recovery,29,149,0000000149.png,2,0.40292918278057965,0.3607570685734356,0.0019749211546289435
current_stateful,2011_09_26/2011_09_26_drive_0011_sync,149,recovery,29,149,0000000149.png,3,0.7887160985768504,0.7056101715529898,0.0034335298100709615
current_stateful,2011_09_26/2011_09_26_drive_0011_sync,149,recovery,29,149,0000000149.png,4,1.3490421411689955,1.2613448818109325,0.004797399004789083
current_stateful,2011_09_26/2011_09_26_drive_0011_sync,149,recovery,29,149,0000000149.png,5,0.6773898242486339,0.6423339156485154,0.006118829055573417
current_stateful,2011_09_26/2011_09_26_drive_0011_sync,150,recovery,30,150,0000000150.png,1,0.3923689118939128,0.29101654228540846,0.000675593651636972
current_stateful,2011_09_26/2011_09_26_drive_0011_sync,150,recovery,30,150,0000000150.png,2,0.40327922879194,0.36083340128157443,0.00162004920644431
current_stateful,2011_09_26/2011_09_26_drive_0011_sync,150,recovery,30,150,0000000150.png,3,0.7938988151009267,0.7082642865440929,0.002825887264465588
current_stateful,2011_09_26/2011_09_26_drive_0011_sync,150,recovery,30,150,0000000150.png,4,1.3539301516109394,1.264830517587349,0.003959900319033248
current_stateful,2011_09_26/2011_09_26_drive_0011_sync,150,recovery,30,150,0000000150.png,5,0.6793830339147208,0.6439060320924935,0.005007436459181511
current_stateful,2011_09_26/2011_09_26_drive_0011_sync,151,recovery,31,151,0000000151.png,1,0.40492225291493916,0.2896905786867323,0.000550135195426646
current_stateful,2011_09_26/2011_09_26_drive_0011_sync,151,recovery,31,151,0000000151.png,2,0.4035106849668329,0.36117408018830294,0.0013308144033425966
current_stateful,2011_09_26/2011_09_26_drive_0011_sync,151,recovery,31,151,0000000151.png,3,0.799580490457698,0.7118857566217277,0.00233371780106273
current_stateful,2011_09_26/2011_09_26_drive_0011_sync,151,recovery,31,151,0000000151.png,4,1.3596499932033612,1.2690819317215052,0.00327062294552185
current_stateful,2011_09_26/2011_09_26_drive_0011_sync,151,recovery,31,151,0000000151.png,5,0.6812471771292827,0.6455415807927384,0.004096617936635496
current_stateful,2011_09_26/2011_09_26_drive_0011_sync,152,recovery,32,152,0000000152.png,1,0.4101257506143375,0.2881055051139021,0.0004495977073616327
current_stateful,2011_09_26/2011_09_26_drive_0011_sync,152,recovery,32,152,0000000152.png,2,0.4030427103089653,0.3614581932165621,0.001097565164505416
current_stateful,2011_09_26/2011_09_26_drive_0011_sync,152,recovery,32,152,0000000152.png,3,0.8033293058690818,0.7162562863572884,0.0019335333284898647
current_stateful,2011_09_26/2011_09_26_drive_0011_sync,152,recovery,32,152,0000000152.png,4,1.3642685432055823,1.273968892376677,0.0027154573180440313
current_stateful,2011_09_26/2011_09_26_drive_0011_sync,152,recovery,32,152,0000000152.png,5,0.6835381020731837,0.6473715605202698,0.0033554848861005442
current_stateful,2011_09_26/2011_09_26_drive_0011_sync,153,recovery,33,153,0000000153.png,1,0.4268330828482674,0.28849887900025556,0.00036629406779224407
current_stateful,2011_09_26/2011_09_26_drive_0011_sync,153,recovery,33,153,0000000153.png,2,0.4065139139431148,0.36215600463730035,0.000906322744712361
current_stateful,2011_09_26/2011_09_26_drive_0011_sync,153,recovery,33,153,0000000153.png,3,0.8084809238802677,0.7211273458273784,0.001601723791492566
current_stateful,2011_09_26/2011_09_26_drive_0011_sync,153,recovery,33,153,0000000153.png,4,1.3679590032480096,1.2790350728631643,0.0022500411195285354
current_stateful,2011_09_26/2011_09_26_drive_0011_sync,153,recovery,33,153,0000000153.png,5,0.6865393410653162,0.6494973697865696,0.002765354337566222
current_stateful,2011_09_26/2011_09_26_drive_0011_sync,154,recovery,34,154,0000000154.png,1,0.4491861508478202,0.2908495177906182,0.0002994951023372527
current_stateful,2011_09_26/2011_09_26_drive_0011_sync,154,recovery,34,154,0000000154.png,2,0.40810893221802474,0.3629490415811905,0.0007526327106924698
current_stateful,2011_09_26/2011_09_26_drive_0011_sync,154,recovery,34,154,0000000154.png,3,0.8123303378215813,0.7259467174723698,0.0013338512773619915
current_stateful,2011_09_26/2011_09_26_drive_0011_sync,154,recovery,34,154,0000000154.png,4,1.3718406601340933,1.2841558957514425,0.001874866341331477
current_stateful,2011_09_26/2011_09_26_drive_0011_sync,154,recovery,34,154,0000000154.png,5,0.6879598013113556,0.6515868373190813,0.0022885233835064117
current_stateful,2011_09_26/2011_09_26_drive_0011_sync,155,recovery,35,155,0000000155.png,1,0.4596653440960305,0.2934702443874641,0.0002452311657903638
current_stateful,2011_09_26/2011_09_26_drive_0011_sync,155,recovery,35,155,0000000155.png,2,0.41038767330929943,0.3638145850614006,0.0006276448885621965
current_stateful,2011_09_26/2011_09_26_drive_0011_sync,155,recovery,35,155,0000000155.png,3,0.8150988235847826,0.730305025662023,0.0011100224987607465
current_stateful,2011_09_26/2011_09_26_drive_0011_sync,155,recovery,35,155,0000000155.png,4,1.3740422826167338,1.2888200179288887,0.0015615279957527557
current_stateful,2011_09_26/2011_09_26_drive_0011_sync,155,recovery,35,155,0000000155.png,5,0.6870399515700552,0.653192156062903,0.001874570305829438
current_stateful,2011_09_26/2011_09_26_drive_0011_sync,156,recovery,36,156,0000000156.png,1,0.4481703993124109,0.29224649763657323,0.00020129825564749784
current_stateful,2011_09_26/2011_09_26_drive_0011_sync,156,recovery,36,156,0000000156.png,2,0.4112550101059084,0.364586282499351,0.0005222960050963441
current_stateful,2011_09_26/2011_09_26_drive_0011_sync,156,recovery,36,156,0000000156.png,3,0.8167387753049433,0.7339903088931126,0.0009267500318916247
current_stateful,2011_09_26/2011_09_26_drive_0011_sync,156,recovery,36,156,0000000156.png,4,1.3764039738931584,1.292853062310482,0.001317184755322768
current_stateful,2011_09_26/2011_09_26_drive_0011_sync,156,recovery,36,156,0000000156.png,5,0.6856597562758004,0.6541967914588274,0.001534520824885435
current_stateful,2011_09_26/2011_09_26_drive_0011_sync,157,recovery,37,157,0000000157.png,1,0.43100447681526644,0.2866986245907551,0.00016562256798726481
current_stateful,2011_09_26/2011_09_26_drive_0011_sync,157,recovery,37,157,0000000157.png,2,0.41167817234400494,0.3654288101353806,0.00043788699623006027
current_stateful,2011_09_26/2011_09_26_drive_0011_sync,157,recovery,37,157,0000000157.png,3,0.8174285304445624,0.7373529697682609,0.0007770499084346387
current_stateful,2011_09_26/2011_09_26_drive_0011_sync,157,recovery,37,157,0000000157.png,4,1.3789057328386474,1.2964092818012463,0.001115648031593553
current_stateful,2011_09_26/2011_09_26_drive_0011_sync,157,recovery,37,157,0000000157.png,5,0.6849964660534346,0.6547713994295418,0.0012586811590271493
current_stateful,2011_09_26/2011_09_26_drive_0011_sync,158,recovery,38,158,0000000158.png,1,0.42620859024842506,0.2839020155339497,0.00013627933375768273
current_stateful,2011_09_26/2011_09_26_drive_0011_sync,158,recovery,38,158,0000000158.png,2,0.4131383340030866,0.36633802160030565,0.0003695289207993777
current_stateful,2011_09_26/2011_09_26_drive_0011_sync,158,recovery,38,158,0000000158.png,3,0.8191348810745747,0.7405310851209284,0.0006580749851435653
current_stateful,2011_09_26/2011_09_26_drive_0011_sync,158,recovery,38,158,0000000158.png,4,1.3825941373364927,1.2998959352240909,0.0009495685553810114
current_stateful,2011_09_26/2011_09_26_drive_0011_sync,158,recovery,38,158,0000000158.png,5,0.6848238656139568,0.6550654299204527,0.0010294466163469826
current_stateful,2011_09_26/2011_09_26_drive_0011_sync,159,recovery,39,159,0000000159.png,1,0.4039502372603051,0.2832264601698521,0.00011189140171157381
current_stateful,2011_09_26/2011_09_26_drive_0011_sync,159,recovery,39,159,0000000159.png,2,0.4153409231602945,0.3678618567658122,0.00030986942390903884
current_stateful,2011_09_26/2011_09_26_drive_0011_sync,159,recovery,39,159,0000000159.png,3,0.8275561549418659,0.7447052630752287,0.0005559597877611731
current_stateful,2011_09_26/2011_09_26_drive_0011_sync,159,recovery,39,159,0000000159.png,4,1.3892264919802948,1.3039729664391186,0.0008059296742723472
current_stateful,2011_09_26/2011_09_26_drive_0011_sync,159,recovery,39,159,0000000159.png,5,0.6865717810865659,0.6554621126121264,0.0008693981512949113
current_stateful,2011_09_26/2011_09_26_drive_0039_sync,0,baseline,0,0,0000000000.png,1,0.20366454407166953,0.04215856113884068,0.0
current_stateful,2011_09_26/2011_09_26_drive_0039_sync,0,baseline,0,0,0000000000.png,2,0.36660373346580954,0.075886973657803,0.0
current_stateful,2011_09_26/2011_09_26_drive_0039_sync,0,baseline,0,0,0000000000.png,3,1.0972595117285782,0.22713272142496113,0.0
current_stateful,2011_09_26/2011_09_26_drive_0039_sync,0,baseline,0,0,0000000000.png,4,2.001075275587881,0.41422258656455496,0.0
current_stateful,2011_09_26/2011_09_26_drive_0039_sync,0,baseline,0,0,0000000000.png,5,1.315916916477997,0.27239480472311756,0.0
current_stateful,2011_09_26/2011_09_26_drive_0039_sync,1,baseline,1,1,0000000001.png,1,0.6285200872481054,0.13966423714643622,0.0
current_stateful,2011_09_26/2011_09_26_drive_0039_sync,1,baseline,1,1,0000000001.png,2,0.335007167328475,0.12582671876288262,0.0
current_stateful,2011_09_26/2011_09_26_drive_0039_sync,1,baseline,1,1,0000000001.png,3,0.9201042393146223,0.36856569038187376,0.0
current_stateful,2011_09_26/2011_09_26_drive_0039_sync,1,baseline,1,1,0000000001.png,4,1.7465304689584704,0.6880217930137352,0.0
current_stateful,2011_09_26/2011_09_26_drive_0039_sync,1,baseline,1,1,0000000001.png,5,1.1447650466318213,0.45274959949123034,0.0
current_stateful,2011_09_26/2011_09_26_drive_0039_sync,2,baseline,2,2,0000000002.png,1,0.7236907444927709,0.2273425346559778,0.0
current_stateful,2011_09_26/2011_09_26_drive_0039_sync,2,baseline,2,2,0000000002.png,2,0.32762897370055233,0.1603125459038728,0.0
current_stateful,2011_09_26/2011_09_26_drive_0039_sync,2,baseline,2,2,0000000002.png,3,0.7807568970351317,0.44900519316440085,0.0
current_stateful,2011_09_26/2011_09_26_drive_0039_sync,2,baseline,2,2,0000000002.png,4,1.5342040490876945,0.8587154700158198,0.0
current_stateful,2011_09_26/2011_09_26_drive_0039_sync,2,baseline,2,2,0000000002.png,5,1.0162344913512982,0.5682118629859771,0.0
current_stateful,2011_09_26/2011_09_26_drive_0039_sync,3,baseline,3,3,0000000003.png,1,0.7683228784753606,0.29296778092916237,0.0
current_stateful,2011_09_26/2011_09_26_drive_0039_sync,3,baseline,3,3,0000000003.png,2,0.33419451985917203,0.18586412318986809,0.0
current_stateful,2011_09_26/2011_09_26_drive_0039_sync,3,baseline,3,3,0000000003.png,3,0.6726235015345488,0.4865881906198994,0.0
current_stateful,2011_09_26/2011_09_26_drive_0039_sync,3,baseline,3,3,0000000003.png,4,1.345061252426887,0.9513282947791418,0.0
current_stateful,2011_09_26/2011_09_26_drive_0039_sync,3,baseline,3,3,0000000003.png,5,0.9004615856287664,0.6339362011498605,0.0
current_stateful,2011_09_26/2011_09_26_drive_0039_sync,4,baseline,4,4,0000000004.png,1,0.755975178872078,0.327779489150552,0.0
current_stateful,2011_09_26/2011_09_26_drive_0039_sync,4,baseline,4,4,0000000004.png,2,0.3483695812618768,0.2070058726678847,0.0
current_stateful,2011_09_26/2011_09_26_drive_0039_sync,4,baseline,4,4,0000000004.png,3,0.59322528382557,0.495714651292425,0.0
current_stateful,2011_09_26/2011_09_26_drive_0039_sync,4,baseline,4,4,0000000004.png,4,1.1765011739628441,0.9855458538555831,0.0
current_stateful,2011_09_26/2011_09_26_drive_0039_sync,4,baseline,4,4,0000000004.png,5,0.7944004880191489,0.6615157005829948,0.0
current_stateful,2011_09_26/2011_09_26_drive_0039_sync,5,baseline,5,5,0000000005.png,1,0.80112065033373,0.3595153872176852,0.0
current_stateful,2011_09_26/2011_09_26_drive_0039_sync,5,baseline,5,5,0000000005.png,2,0.36505526119732407,0.2264332531325328,0.0
current_stateful,2011_09_26/2011_09_26_drive_0039_sync,5,baseline,5,5,0000000005.png,3,0.5369746173246494,0.48753738375032374,0.0
current_stateful,2011_09_26/2011_09_26_drive_0039_sync,5,baseline,5,5,0000000005.png,4,1.0334493464834753,0.978844840069193,0.0
current_stateful,2011_09_26/2011_09_26_drive_0039_sync,5,baseline,5,5,0000000005.png,5,0.7017140209552122,0.6614889362928107,0.0
current_stateful,2011_09_26/2011_09_26_drive_0039_sync,6,baseline,6,6,0000000006.png,1,0.8331581125554613,0.3880855547944027,0.0
current_stateful,2011_09_26/2011_09_26_drive_0039_sync,6,baseline,6,6,0000000006.png,2,0.3842423629328835,0.24542860732316762,0.0
current_stateful,2011_09_26/2011_09_26_drive_0039_sync,6,baseline,6,6,0000000006.png,3,0.4968383973838786,0.4695610916641742,0.0
current_stateful,2011_09_26/2011_09_26_drive_0039_sync,6,baseline,6,6,0000000006.png,4,0.9131492518253472,0.9448795877261813,0.0
current_stateful,2011_09_26/2011_09_26_drive_0039_sync,6,baseline,6,6,0000000006.png,5,0.6215913376783577,0.6425531991523131,0.0
current_stateful,2011_09_26/2011_09_26_drive_0039_sync,7,baseline,7,7,0000000007.png,1,0.84481574374495,0.40766410531514247,0.0
current_stateful,2011_09_26/2011_09_26_drive_0039_sync,7,baseline,7,7,0000000007.png,2,0.39935601425827005,0.2639147194551129,0.0
current_stateful,2011_09_26/2011_09_26_drive_0039_sync,7,baseline,7,7,0000000007.png,3,0.4658990330591742,0.44685173307595644,0.0
current_stateful,2011_09_26/2011_09_26_drive_0039_sync,7,baseline,7,7,0000000007.png,4,0.8134336853445943,0.8937332674440465,0.0
current_stateful,2011_09_26/2011_09_26_drive_0039_sync,7,baseline,7,7,0000000007.png,5,0.5512729499211975,0.6109497871231844,0.0
current_stateful,2011_09_26/2011_09_26_drive_0039_sync,8,baseline,8,8,0000000008.png,1,0.802089161934052,0.4179740402963552,0.0
current_stateful,2011_09_26/2011_09_26_drive_0039_sync,8,baseline,8,8,0000000008.png,2,0.41074148510956104,0.2817168101615954,0.0
current_stateful,2011_09_26/2011_09_26_drive_0039_sync,8,baseline,8,8,0000000008.png,3,0.4433487699809065,0.4231331178337652,0.0
current_stateful,2011_09_26/2011_09_26_drive_0039_sync,8,baseline,8,8,0000000008.png,4,0.7360897129130891,0.8342008319146592,0.0
current_stateful,2011_09_26/2011_09_26_drive_0039_sync,8,baseline,8,8,0000000008.png,5,0.49056652130346856,0.5713888719598723,0.0
current_stateful,2011_09_26/2011_09_26_drive_0039_sync,9,baseline,9,9,0000000009.png,1,0.7997671789516808,0.42897552375921816,0.0
current_stateful,2011_09_26/2011_09_26_drive_0039_sync,9,baseline,9,9,0000000009.png,2,0.4201514292543147,0.2985110576975937,0.0
current_stateful,2011_09_26/2011_09_26_drive_0039_sync,9,baseline,9,9,0000000009.png,3,0.4280648813535276,0.400861590780311,0.0
current_stateful,2011_09_26/2011_09_26_drive_0039_sync,9,baseline,9,9,0000000009.png,4,0.6722772752973049,0.7717366696671846,0.0
current_stateful,2011_09_26/2011_09_26_drive_0039_sync,9,baseline,9,9,0000000009.png,5,0.4391791756883631,0.5274253944207086,0.0
current_stateful,2011_09_26/2011_09_26_drive_0039_sync,10,baseline,10,10,0000000010.png,1,0.8003195623726307,0.4390107709825091,0.0
current_stateful,2011_09_26/2011_09_26_drive_0039_sync,10,baseline,10,10,0000000010.png,2,0.42734047227100114,0.3139572653216649,0.0
current_stateful,2011_09_26/2011_09_26_drive_0039_sync,10,baseline,10,10,0000000010.png,3,0.41957979093625325,0.38150743365812967,0.0
current_stateful,2011_09_26/2011_09_26_drive_0039_sync,10,baseline,10,10,0000000010.png,4,0.6218652565841948,0.7104002650852183,0.0
current_stateful,2011_09_26/2011_09_26_drive_0039_sync,10,baseline,10,10,0000000010.png,5,0.39786870081797776,0.48225690535113025,0.0
current_stateful,2011_09_26/2011_09_26_drive_0039_sync,11,baseline,11,11,0000000011.png,1,0.7899983442641865,0.44405455220247886,0.0
current_stateful,2011_09_26/2011_09_26_drive_0039_sync,11,baseline,11,11,0000000011.png,2,0.4307263533783154,0.3275207208435309,0.0
current_stateful,2011_09_26/2011_09_26_drive_0039_sync,11,baseline,11,11,0000000011.png,3,0.41333038106051,0.3656583145674058,0.0
current_stateful,2011_09_26/2011_09_26_drive_0039_sync,11,baseline,11,11,0000000011.png,4,0.581919609379453,0.6530860535282926,0.0
current_stateful,2011_09_26/2011_09_26_drive_0039_sync,11,baseline,11,11,0000000011.png,5,0.36632168196068915,0.43852194061729616,0.0
current_stateful,2011_09_26/2011_09_26_drive_0039_sync,12,baseline,12,12,0000000012.png,1,0.7739519379176831,0.4414169631591174,0.0
current_stateful,2011_09_26/2011_09_26_drive_0039_sync,12,baseline,12,12,0000000012.png,2,0.43370675821760357,0.33905533472371036,0.0
current_stateful,2011_09_26/2011_09_26_drive_0039_sync,12,baseline,12,12,0000000012.png,3,0.40645655613567855,0.35294702730864014,0.0
current_stateful,2011_09_26/2011_09_26_drive_0039_sync,12,baseline,12,12,0000000012.png,4,0.5551854001917876,0.6023066823991422,0.0
current_stateful,2011_09_26/2011_09_26_drive_0039_sync,12,baseline,12,12,0000000012.png,5,0.3443598775644323,0.39874947531305655,0.0
current_stateful,2011_09_26/2011_09_26_drive_0039_sync,13,baseline,13,13,0000000013.png,1,0.7543429060399379,0.43687776160837327,0.0
current_stateful,2011_09_26/2011_09_26_drive_0039_sync,13,baseline,13,13,0000000013.png,2,0.43550189414472507,0.3487858584182483,0.0
current_stateful,2011_09_26/2011_09_26_drive_0039_sync,13,baseline,13,13,0000000013.png,3,0.4021501518629562,0.3431228964430558,0.0
current_stateful,2011_09_26/2011_09_26_drive_0039_sync,13,baseline,13,13,0000000013.png,4,0.5364095639953333,0.558706945526492,0.0
current_stateful,2011_09_26/2011_09_26_drive_0039_sync,13,baseline,13,13,0000000013.png,5,0.3278850920169508,0.36419998209984394,0.0
current_stateful,2011_09_26/2011_09_26_drive_0039_sync,14,baseline,14,14,0000000014.png,1,0.7578312739121873,0.43341115438247374,0.0
current_stateful,2011_09_26/2011_09_26_drive_0039_sync,14,baseline,14,14,0000000014.png,2,0.43638553626672344,0.35689218326882405,0.0
current_stateful,2011_09_26/2011_09_26_drive_0039_sync,14,baseline,14,14,0000000014.png,3,0.3955097350421065,0.33514441971761916,0.0
current_stateful,2011_09_26/2011_09_26_drive_0039_sync,14,baseline,14,14,0000000014.png,4,0.5261645839323459,0.5226371040416625,0.0
current_stateful,2011_09_26/2011_09_26_drive_0039_sync,14,baseline,14,14,0000000014.png,5,0.31542616232410425,0.33510030872987506,0.0
current_stateful,2011_09_26/2011_09_26_drive_0039_sync,15,baseline,15,15,0000000015.png,1,0.7652069991656685,0.43516651929218736,0.0
current_stateful,2011_09_26/2011_09_26_drive_0039_sync,15,baseline,15,15,0000000015.png,2,0.4335780421408287,0.36304559048123164,0.0
current_stateful,2011_09_26/2011_09_26_drive_0039_sync,15,baseline,15,15,0000000015.png,3,0.38928777361446065,0.32838680504104023,0.0
current_stateful,2011_09_26/2011_09_26_drive_0039_sync,15,baseline,15,15,0000000015.png,4,0.5188206147160396,0.49360200992274933,0.0
current_stateful,2011_09_26/2011_09_26_drive_0039_sync,15,baseline,15,15,0000000015.png,5,0.30554900149994263,0.3110406703906402,0.0
current_stateful,2011_09_26/2011_09_26_drive_0039_sync,16,baseline,16,16,0000000016.png,1,0.7615150364893349,0.4387969636097841,0.0
current_stateful,2011_09_26/2011_09_26_drive_0039_sync,16,baseline,16,16,0000000016.png,2,0.4285372058334845,0.3670742662767695,0.0
current_stateful,2011_09_26/2011_09_26_drive_0039_sync,16,baseline,16,16,0000000016.png,3,0.38545998041690155,0.32273914555628724,0.0
current_stateful,2011_09_26/2011_09_26_drive_0039_sync,16,baseline,16,16,0000000016.png,4,0.5135768808566067,0.4706677741931882,0.0
current_stateful,2011_09_26/2011_09_26_drive_0039_sync,16,baseline,16,16,0000000016.png,5,0.2986565363924105,0.2914876202574696,0.0
current_stateful,2011_09_26/2011_09_26_drive_0039_sync,17,baseline,17,17,0000000017.png,1,0.7490933658782065,0.44211278095061657,0.0
current_stateful,2011_09_26/2011_09_26_drive_0039_sync,17,baseline,17,17,0000000017.png,2,0.4228095861806949,0.36916363848863076,0.0
current_stateful,2011_09_26/2011_09_26_drive_0039_sync,17,baseline,17,17,0000000017.png,3,0.3824587630998571,0.3179639774684736,0.0
current_stateful,2011_09_26/2011_09_26_drive_0039_sync,17,baseline,17,17,0000000017.png,4,0.512776281939087,0.45326324232070664,0.0
current_stateful,2011_09_26/2011_09_26_drive_0039_sync,17,baseline,17,17,0000000017.png,5,0.2951330111680463,0.27608933960388626,0.0
current_stateful,2011_09_26/2011_09_26_drive_0039_sync,18,baseline,18,18,0000000018.png,1,0.7205771887630644,0.44207308606887064,0.0
current_stateful,2011_09_26/2011_09_26_drive_0039_sync,18,baseline,18,18,0000000018.png,2,0.41858076944622363,0.36984693415554615,0.0
current_stateful,2011_09_26/2011_09_26_drive_0039_sync,18,baseline,18,18,0000000018.png,3,0.38139947939520347,0.3142340667385057,0.0
current_stateful,2011_09_26/2011_09_26_drive_0039_sync,18,baseline,18,18,0000000018.png,4,0.516663817659489,0.4408522950359137,0.0
current_stateful,2011_09_26/2011_09_26_drive_0039_sync,18,baseline,18,18,0000000018.png,5,0.294350988502548,0.2645157674527353,0.0
current_stateful,2011_09_26/2011_09_26_drive_0039_sync,19,baseline,19,19,0000000019.png,1,0.6817887855479027,0.43962383351807693,0.0
current_stateful,2011_09_26/2011_09_26_drive_0039_sync,19,baseline,19,19,0000000019.png,2,0.41526249388760283,0.3697051313754472,0.0
current_stateful,2011_09_26/2011_09_26_drive_0039_sync,19,baseline,19,19,0000000019.png,3,0.3807571227565566,0.31160268588697565,0.0
current_stateful,2011_09_26/2011_09_26_drive_0039_sync,19,baseline,19,19,0000000019.png,4,0.5249129355155968,0.4333916168856636,0.0
current_stateful,2011_09_26/2011_09_26_drive_0039_sync,19,baseline,19,19,0000000019.png,5,0.29736973294226754,0.256736882971778,0.0
current_stateful,2011_09_26/2011_09_26_drive_0039_sync,20,baseline,20,20,0000000020.png,1,0.6405458196947947,0.4337429356345854,0.0
current_stateful,2011_09_26/2011_09_26_drive_0039_sync,20,baseline,20,20,0000000020.png,2,0.41222678905909216,0.36894435905776174,0.0
current_stateful,2011_09_26/2011_09_26_drive_0039_sync,20,baseline,20,20,0000000020.png,3,0.38344517501307634,0.31021309698773036,0.0
current_stateful,2011_09_26/2011_09_26_drive_0039_sync,20,baseline,20,20,0000000020.png,4,0.536746527415691,0.4303686797309379,0.0
current_stateful,2011_09_26/2011_09_26_drive_0039_sync,20,baseline,20,20,0000000020.png,5,0.3028805559872394,0.2522518230061477,0.0
current_stateful,2011_09_26/2011_09_26_drive_0039_sync,21,baseline,21,21,0000000021.png,1,0.6033406212541848,0.42411164975049115,0.0
current_stateful,2011_09_26/2011_09_26_drive_0039_sync,21,baseline,21,21,0000000021.png,2,0.4089876699689272,0.36775590274115216,0.0
current_stateful,2011_09_26/2011_09_26_drive_0039_sync,21,baseline,21,21,0000000021.png,3,0.3903905183220852,0.31046790212039216,0.0
current_stateful,2011_09_26/2011_09_26_drive_0039_sync,21,baseline,21,21,0000000021.png,4,0.5566223345017103,0.43188400810675487,0.0
current_stateful,2011_09_26/2011_09_26_drive_0039_sync,21,baseline,21,21,0000000021.png,5,0.3124048971193866,0.2508094349694732,0.0
current_stateful,2011_09_26/2011_09_26_drive_0039_sync,22,baseline,22,22,0000000022.png,1,0.5670160134929366,0.41072133394463484,0.0
current_stateful,2011_09_26/2011_09_26_drive_0039_sync,22,baseline,22,22,0000000022.png,2,0.40636250969047305,0.3663116712719846,0.0
current_stateful,2011_09_26/2011_09_26_drive_0039_sync,22,baseline,22,22,0000000022.png,3,0.40391456442982226,0.31295967623096876,0.0
current_stateful,2011_09_26/2011_09_26_drive_0039_sync,22,baseline,22,22,0000000022.png,4,0.5860496385557199,0.4383596831175165,0.0
current_stateful,2011_09_26/2011_09_26_drive_0039_sync,22,baseline,22,22,0000000022.png,5,0.3274143424991049,0.2527153107593155,0.0
current_stateful,2011_09_26/2011_09_26_drive_0039_sync,23,baseline,23,23,0000000023.png,1,0.5393691552342071,0.39449386114914964,0.0
current_stateful,2011_09_26/2011_09_26_drive_0039_sync,23,baseline,23,23,0000000023.png,2,0.40259838207221543,0.36458403384266613,0.0
current_stateful,2011_09_26/2011_09_26_drive_0039_sync,23,baseline,23,23,0000000023.png,3,0.4240830931139287,0.3185270273918764,0.0
current_stateful,2011_09_26/2011_09_26_drive_0039_sync,23,baseline,23,23,0000000023.png,4,0.6266144786955294,0.45113469172911275,0.0
current_stateful,2011_09_26/2011_09_26_drive_0039_sync,23,baseline,23,23,0000000023.png,5,0.34735217296081317,0.25829622739521596,0.0
current_stateful,2011_09_26/2011_09_26_drive_0039_sync,24,baseline,24,24,0000000024.png,1,0.5097951112221926,0.37756878382339504,0.0
current_stateful,2011_09_26/2011_09_26_drive_0039_sync,24,baseline,24,24,0000000024.png,2,0.3975780789171783,0.3626544168516675,0.0
current_stateful,2011_09_26/2011_09_26_drive_0039_sync,24,baseline,24,24,0000000024.png,3,0.44178162296509216,0.3268366281649849,0.0
current_stateful,2011_09_26/2011_09_26_drive_0039_sync,24,baseline,24,24,0000000024.png,4,0.6729864125003631,0.4709496138987134,0.0
current_stateful,2011_09_26/2011_09_26_drive_0039_sync,24,baseline,24,24,0000000024.png,5,0.37194348603835276,0.2676354143413461,0.0
current_stateful,2011_09_26/2011_09_26_drive_0039_sync,25,baseline,25,25,0000000025.png,1,0.4882600968627579,0.35902928154988906,0.0
current_stateful,2011_09_26/2011_09_26_drive_0039_sync,25,baseline,25,25,0000000025.png,2,0.3932369662880245,0.36065400788063207,0.0
current_stateful,2011_09_26/2011_09_26_drive_0039_sync,25,baseline,25,25,0000000025.png,3,0.4517314583186812,0.3364342310935785,0.0
current_stateful,2011_09_26/2011_09_26_drive_0039_sync,25,baseline,25,25,0000000025.png,4,0.7157558987490247,0.4966410842873449,0.0
current_stateful,2011_09_26/2011_09_26_drive_0039_sync,25,baseline,25,25,0000000025.png,5,0.3976842647342695,0.2806508922525233,0.0
current_stateful,2011_09_26/2011_09_26_drive_0039_sync,26,baseline,26,26,0000000026.png,1,0.45232246092171513,0.34526309169977476,0.0
current_stateful,2011_09_26/2011_09_26_drive_0039_sync,26,baseline,26,26,0000000026.png,2,0.39130693469733335,0.3587982724726038,0.0
current_stateful,2011_09_26/2011_09_26_drive_0039_sync,26,baseline,26,26,0000000026.png,3,0.4701609562442388,0.3478470577593578,0.0
current_stateful,2011_09_26/2011_09_26_drive_0039_sync,26,baseline,26,26,0000000026.png,4,0.7574364269945147,0.5263565206140611,0.0
current_stateful,2011_09_26/2011_09_26_drive_0039_sync,26,baseline,26,26,0000000026.png,5,0.42192397906623863,0.296673661619039,0.0
current_stateful,2011_09_26/2011_09_26_drive_0039_sync,27,baseline,27,27,0000000027.png,1,0.44114919252342055,0.33107139520093526,0.0
current_stateful,2011_09_26/2011_09_26_drive_0039_sync,27,baseline,27,27,0000000027.png,2,0.3844810176007122,0.35679393047984215,0.0
current_stateful,2011_09_26/2011_09_26_drive_0039_sync,27,baseline,27,27,0000000027.png,3,0.47484546895571167,0.3597384250354383,0.0
current_stateful,2011_09_26/2011_09_26_drive_0039_sync,27,baseline,27,27,0000000027.png,4,0.7961689921614643,0.5591290690565542,0.0
current_stateful,2011_09_26/2011_09_26_drive_0039_sync,27,baseline,27,27,0000000027.png,5,0.44162983016243024,0.3142726389254809,0.0
current_stateful,2011_09_26/2011_09_26_drive_0039_sync,28,baseline,28,28,0000000028.png,1,0.4608771893117913,0.3170581901308593,0.0
current_stateful,2011_09_26/2011_09_26_drive_0039_sync,28,baseline,28,28,0000000028.png,2,0.38105545490826054,0.35441609075504904,0.0
current_stateful,2011_09_26/2011_09_26_drive_0039_sync,28,baseline,28,28,0000000028.png,3,0.46060920105667397,0.36752700519537346,0.0
current_stateful,2011_09_26/2011_09_26_drive_0039_sync,28,baseline,28,28,0000000028.png,4,0.8200189961634312,0.5921934706016366,0.0
current_stateful,2011_09_26/2011_09_26_drive_0039_sync,28,baseline,28,28,0000000028.png,5,0.455954170946706,0.3322092300783077,0.0
current_stateful,2011_09_26/2011_09_26_drive_0039_sync,29,baseline,29,29,0000000029.png,1,0.47615426850946746,0.30781288704346255,0.0
current_stateful,2011_09_26/2011_09_26_drive_0039_sync,29,baseline,29,29,0000000029.png,2,0.38067449371628304,0.3519998839126363,0.0
current_stateful,2011_09_26/2011_09_26_drive_0039_sync,29,baseline,29,29,0000000029.png,3,0.4458730346336082,0.36983627930287477,0.0
current_stateful,2011_09_26/2011_09_26_drive_0039_sync,29,baseline,29,29,0000000029.png,4,0.8234830615790779,0.6204258788661816,0.0
current_stateful,2011_09_26/2011_09_26_drive_0039_sync,29,baseline,29,29,0000000029.png,5,0.46277493265878505,0.3488337132443611,0.0
current_stateful,2011_09_26/2011_09_26_drive_0039_sync,30,baseline,30,30,0000000030.png,1,0.4695204641393068,0.3031414500493581,0.0
current_stateful,2011_09_26/2011_09_26_drive_0039_sync,30,baseline,30,30,0000000030.png,2,0.3833282737554967,0.3502992343096901,0.0
current_stateful,2011_09_26/2011_09_26_drive_0039_sync,30,baseline,30,30,0000000030.png,3,0.44339049206636594,0.369335234087221,0.0
current_stateful,2011_09_26/2011_09_26_drive_0039_sync,30,baseline,30,30,0000000030.png,4,0.8152526216871944,0.6406012706763015,0.0
current_stateful,2011_09_26/2011_09_26_drive_0039_sync,30,baseline,30,30,0000000030.png,5,0.46472960571536265,0.36285513478294684,0.0
current_stateful,2011_09_26/2011_09_26_drive_0039_sync,31,baseline,31,31,0000000031.png,1,0.47279661636756626,0.2978227430302929,0.0
current_stateful,2011_09_26/2011_09_26_drive_0039_sync,31,baseline,31,31,0000000031.png,2,0.38361362440047647,0.3492343814220093,0.0
current_stateful,2011_09_26/2011_09_26_drive_0039_sync,31,baseline,31,31,0000000031.png,3,0.44724465476449266,0.368731619673917,0.0
current_stateful,2011_09_26/2011_09_26_drive_0039_sync,31,baseline,31,31,0000000031.png,4,0.8064192362967116,0.6527292604588903,0.0
current_stateful,2011_09_26/2011_09_26_drive_0039_sync,31,baseline,31,31,0000000031.png,5,0.4667346372814659,0.37411015639458967,0.0
current_stateful,2011_09_26/2011_09_26_drive_0039_sync,32,baseline,32,32,0000000032.png,1,0.48179827316679164,0.2905521899331162,0.0
current_stateful,2011_09_26/2011_09_26_drive_0039_sync,32,baseline,32,32,0000000032.png,2,0.3839133715316751,0.348602237646312,0.0
current_stateful,2011_09_26/2011_09_26_drive_0039_sync,32,baseline,32,32,0000000032.png,3,0.4471716041955339,0.36842465725060836,0.0
current_stateful,2011_09_26/2011_09_26_drive_0039_sync,32,baseline,32,32,0000000032.png,4,0.8014126326647449,0.659352527680359,0.0
current_stateful,2011_09_26/2011_09_26_drive_0039_sync,32,baseline,32,32,0000000032.png,5,0.4707778227956639,0.38338136650972665,0.0
current_stateful,2011_09_26/2011_09_26_drive_0039_sync,33,baseline,33,33,0000000033.png,1,0.4987499956492729,0.2821188352278601,0.0
current_stateful,2011_09_26/2011_09_26_drive_0039_sync,33,baseline,33,33,0000000033.png,2,0.3865614561849135,0.34855756575670044,0.0
current_stateful,2011_09_26/2011_09_26_drive_0039_sync,33,baseline,33,33,0000000033.png,3,0.44128150263292387,0.3673798477785665,0.0
current_stateful,2011_09_26/2011_09_26_drive_0039_sync,33,baseline,33,33,0000000033.png,4,0.7944595742166746,0.6623534387746626,0.0
current_stateful,2011_09_26/2011_09_26_drive_0039_sync,33,baseline,33,33,0000000033.png,5,0.47393711116601045,0.3912587161334454,0.0
current_stateful,2011_09_26/2011_09_26_drive_0039_sync,34,baseline,34,34,0000000034.png,1,0.5052669264621067,0.27642018037284216,0.0
current_stateful,2011_09_26/2011_09_26_drive_0039_sync,34,baseline,34,34,0000000034.png,2,0.3893884655143438,0.34897487608813155,0.0
current_stateful,2011_09_26/2011_09_26_drive_0039_sync,34,baseline,34,34,0000000034.png,3,0.43646305864440316,0.3657584940062021,0.0
current_stateful,2011_09_26/2011_09_26_drive_0039_sync,34,baseline,34,34,0000000034.png,4,0.7834807044006507,0.6622335107887172,0.0
current_stateful,2011_09_26/2011_09_26_drive_0039_sync,34,baseline,34,34,0000000034.png,5,0.47302453825525753,0.3975619383436853,0.0
current_stateful,2011_09_26/2011_09_26_drive_0039_sync,35,baseline,35,35,0000000035.png,1,0.5241273951399619,0.2746324281662835,0.0
current_stateful,2011_09_26/2011_09_26_drive_0039_sync,35,baseline,35,35,0000000035.png,2,0.39284058415602935,0.3498275262434861,0.0
current_stateful,2011_09_26/2011_09_26_drive_0039_sync,35,baseline,35,35,0000000035.png,3,0.4307483218975604,0.3632097860175463,0.0
current_stateful,2011_09_26/2011_09_26_drive_0039_sync,35,baseline,35,35,0000000035.png,4,0.7690315641141588,0.6589119590333186,0.0
current_stateful,2011_09_26/2011_09_26_drive_0039_sync,35,baseline,35,35,0000000035.png,5,0.46685911871798924,0.40155043051234124,0.0
current_stateful,2011_09_26/2011_09_26_drive_0039_sync,36,baseline,36,36,0000000036.png,1,0.540202518808503,0.27753724778983124,0.0
current_stateful,2011_09_26/2011_09_26_drive_0039_sync,36,baseline,36,36,0000000036.png,2,0.3971522595595741,0.351059465858299,0.0
current_stateful,2011_09_26/2011_09_26_drive_0039_sync,36,baseline,36,36,0000000036.png,3,0.4276102715974475,0.3599774816103309,0.0
current_stateful,2011_09_26/2011_09_26_drive_0039_sync,36,baseline,36,36,0000000036.png,4,0.7519955428428577,0.652260802612559,0.0
current_stateful,2011_09_26/2011_09_26_drive_0039_sync,36,baseline,36,36,0000000036.png,5,0.45691872513882775,0.40283801144554215,0.0
current_stateful,2011_09_26/2011_09_26_drive_0039_sync,37,baseline,37,37,0000000037.png,1,0.5460930766234732,0.2842721839620787,0.0
current_stateful,2011_09_26/2011_09_26_drive_0039_sync,37,baseline,37,37,0000000037.png,2,0.40036955042154376,0.3525164009690669,0.0
current_stateful,2011_09_26/2011_09_26_drive_0039_sync,37,baseline,37,37,0000000037.png,3,0.4275638303810279,0.3568502816109977,0.0
current_stateful,2011_09_26/2011_09_26_drive_0039_sync,37,baseline,37,37,0000000037.png,4,0.7390560932631379,0.6432681174896627,0.0
current_stateful,2011_09_26/2011_09_26_drive_0039_sync,37,baseline,37,37,0000000037.png,5,0.44798160944857407,0.40196033961031,0.0
current_stateful,2011_09_26/2011_09_26_drive_0039_sync,38,baseline,38,38,0000000038.png,1,0.5334067798634756,0.29395521880592307,0.0
current_stateful,2011_09_26/2011_09_26_drive_0039_sync,38,baseline,38,38,0000000038.png,2,0.40453628370400424,0.35429844993102183,0.0
current_stateful,2011_09_26/2011_09_26_drive_0039_sync,38,baseline,38,38,0000000038.png,3,0.43548653944834625,0.3552821927827502,0.0
current_stateful,2011_09_26/2011_09_26_drive_0039_sync,38,baseline,38,38,0000000038.png,4,0.7346208278070886,0.6338338899787747,0.0
current_stateful,2011_09_26/2011_09_26_drive_0039_sync,38,baseline,38,38,0000000038.png,5,0.44119491633974506,0.39966644901054216,0.0
current_stateful,2011_09_26/2011_09_26_drive_0039_sync,39,baseline,39,39,0000000039.png,1,0.5169384745115938,0.30110078121039824,0.0
current_stateful,2011_09_26/2011_09_26_drive_0039_sync,39,baseline,39,39,0000000039.png,2,0.40586612773498765,0.3561767316975656,0.0
current_stateful,2011_09_26/2011_09_26_drive_0039_sync,39,baseline,39,39,0000000039.png,3,0.4485164984404127,0.3561634959403536,0.0
current_stateful,2011_09_26/2011_09_26_drive_0039_sync,39,baseline,39,39,0000000039.png,4,0.7415192278623379,0.6265273154246639,0.0
current_stateful,2011_09_26/2011_09_26_drive_0039_sync,39,baseline,39,39,0000000039.png,5,0.4372753059142975,0.39689685649842343,0.0
current_stateful,2011_09_26/2011_09_26_drive_0039_sync,40,disturbance,0,40,0000000040.png,1,0.40073030736858517,0.284155105610347,0.21398423220131532
current_stateful,2011_09_26/2011_09_26_drive_0039_sync,40,disturbance,0,40,0000000040.png,2,0.3520145091250056,0.3500126613467493,0.1661331789623831
current_stateful,2011_09_26/2011_09_26_drive_0039_sync,40,disturbance,0,40,0000000040.png,3,0.4359966428214351,0.35740594958271293,0.086886366803952
current_stateful,2011_09_26/2011_09_26_drive_0039_sync,40,disturbance,0,40,0000000040.png,4,0.7606025865701844,0.6249158035412121,0.04469932750861737
current_stateful,2011_09_26/2011_09_26_drive_0039_sync,40,disturbance,0,40,0000000040.png,5,0.43645363822779665,0.3943152972925434,0.027550609638832536
current_stateful,2011_09_26/2011_09_26_drive_0039_sync,41,disturbance,1,41,0000000041.png,1,0.38769463409976296,0.27500337838561284,0.3170459571093768
current_stateful,2011_09_26/2011_09_26_drive_0039_sync,41,disturbance,1,41,0000000041.png,2,0.32362658371843395,0.3394162285816028,0.3072056830896624
current_stateful,2011_09_26/2011_09_26_drive_0039_sync,41,disturbance,1,41,0000000041.png,3,0.4169513737248334,0.3568888736548496,0.20093643076020198
current_stateful,2011_09_26/2011_09_26_drive_0039_sync,41,disturbance,1,41,0000000041.png,4,0.7763793705605271,0.629173626224848,0.12606608549527756
current_stateful,2011_09_26/2011_09_26_drive_0039_sync,41,disturbance,1,41,0000000041.png,5,0.4349125412925518,0.3919676033917306,0.09027895272620823
current_stateful,2011_09_26/2011_09_26_drive_0039_sync,42,disturbance,2,42,0000000042.png,1,0.35647293844729155,0.2692253794649275,0.3852058754375178
current_stateful,2011_09_26/2011_09_26_drive_0039_sync,42,disturbance,2,42,0000000042.png,2,0.3052046635822135,0.32701186692502016,0.4247491089945298
current_stateful,2011_09_26/2011_09_26_drive_0039_sync,42,disturbance,2,42,0000000042.png,3,0.403059673270716,0.35445503963241626,0.31980147963672617
current_stateful,2011_09_26/2011_09_26_drive_0039_sync,42,disturbance,2,42,0000000042.png,4,0.7863356028412275,0.6367935152747473,0.2351025672419366
current_stateful,2011_09_26/2011_09_26_drive_0039_sync,42,disturbance,2,42,0000000042.png,5,0.42964878902975495,0.3890828361005324,0.19430067594144762
current_stateful,2011_09_26/2011_09_26_drive_0039_sync,43,disturbance,3,43,0000000043.png,1,0.3419804520901729,0.2639615752871732,0.4294883002388846
current_stateful,2011_09_26/2011_09_26_drive_0039_sync,43,disturbance,3,43,0000000043.png,2,0.29083178882028093,0.31418602126833634,0.5151269122481978
current_stateful,2011_09_26/2011_09_26_drive_0039_sync,43,disturbance,3,43,0000000043.png,3,0.39497524652005284,0.35087428179767854,0.42698647583841326
current_stateful,2011_09_26/2011_09_26_drive_0039_sync,43,disturbance,3,43,0000000043.png,4,0.7935841124690092,0.6452467842563605,0.35591570267042844
current_stateful,2011_09_26/2011_09_26_drive_0039_sync,43,disturbance,3,43,0000000043.png,5,0.42100200930646925,0.3845887726325316,0.3292422349731484
current_stateful,2011_09_26/2011_09_26_drive_0039_sync,44,disturbance,4,44,0000000044.png,1,0.34775726669116,0.2571757431566525,0.4370204427012084
current_stateful,2011_09_26/2011_09_26_drive_0039_sync,44,disturbance,4,44,0000000044.png,2,0.27979087941431063,0.3018023086534551,0.5725248148889538
current_stateful,2011_09_26/2011_09_26_drive_0039_sync,44,disturbance,4,44,0000000044.png,3,0.38881271050844074,0.3466290877134221,0.5105811394526864
current_stateful,2011_09_26/2011_09_26_drive_0039_sync,44,disturbance,4,44,0000000044.png,4,0.7981525255229569,0.6529658689673351,0.46651056080836506
current_stateful,2011_09_26/2011_09_26_drive_0039_sync,44,disturbance,4,44,0000000044.png,5,0.41147230706038584,0.3780175407445981,0.4569554696461245
current_stateful,2011_09_26/2011_09_26_drive_0039_sync,45,disturbance,5,45,0000000045.png,1,0.3629381849719659,0.25129882679231763,0.43777246244433604
current_stateful,2011_09_26/2011_09_26_drive_0039_sync,45,disturbance,5,45,0000000045.png,2,0.27221928935000483,0.2903928915538672,0.6110735312076314
current_stateful,2011_09_26/2011_09_26_drive_0039_sync,45,disturbance,5,45,0000000045.png,3,0.38335479894215624,0.34198335660387363,0.5713259413379179
current_stateful,2011_09_26/2011_09_26_drive_0039_sync,45,disturbance,5,45,0000000045.png,4,0.7975736996303965,0.6587833424412888,0.5555235401618634
current_stateful,2011_09_26/2011_09_26_drive_0039_sync,45,disturbance,5,45,0000000045.png,5,0.40335383975321004,0.36973014920087266,0.5625931199591686
current_stateful,2011_09_26/2011_09_26_drive_0039_sync,46,disturbance,6,46,0000000046.png,1,0.35395977665118444,0.25013455517122213,0.4573294986810742
current_stateful,2011_09_26/2011_09_26_drive_0039_sync,46,disturbance,6,46,0000000046.png,2,0.2663738774819391,0.2801995032119021,0.6511662223950997
current_stateful,2011_09_26/2011_09_26_drive_0039_sync,46,disturbance,6,46,0000000046.png,3,0.38318837486741414,0.3379690279311997,0.6212340712736442
current_stateful,2011_09_26/2011_09_26_drive_0039_sync,46,disturbance,6,46,0000000046.png,4,0.796528779376284,0.6626428786455596,0.6278392661883859
current_stateful,2011_09_26/2011_09_26_drive_0039_sync,46,disturbance,6,46,0000000046.png,5,0.3980974563446541,0.360725758423576,0.6587912585490151
current_stateful,2011_09_26/2011_09_26_drive_0039_sync,47,disturbance,7,47,0000000047.png,1,0.3762827062201846,0.24811942960100805,0.45757436831286585
current_stateful,2011_09_26/2011_09_26_drive_0039_sync,47,disturbance,7,47,0000000047.png,2,0.2584996453962745,0.27084047338912787,0.6805222054310431
current_stateful,2011_09_26/2011_09_26_drive_0039_sync,47,disturbance,7,47,0000000047.png,3,0.3808641163473769,0.33479050779595526,0.6617341275489111
current_stateful,2011_09_26/2011_09_26_drive_0039_sync,47,disturbance,7,47,0000000047.png,4,0.7981647497650516,0.6657712913651271,0.6871005701657965
current_stateful,2011_09_26/2011_09_26_drive_0039_sync,47,disturbance,7,47,0000000047.png,5,0.396927575000725,0.35253485223576364,0.7537627808352886
current_stateful,2011_09_26/2011_09_26_drive_0039_sync,48,disturbance,8,48,0000000048.png,1,0.42529319968519946,0.2513486427582876,0.46053385538799646
current_stateful,2011_09_26/2011_09_26_drive_0039_sync,48,disturbance,8,48,0000000048.png,2,0.2532478605443636,0.26209175989144984,0.706707904892226
current_stateful,2011_09_26/2011_09_26_drive_0039_sync,48,disturbance,8,48,0000000048.png,3,0.37413637141374967,0.331097418742201,0.6945756629885961
current_stateful,2011_09_26/2011_09_26_drive_0039_sync,48,disturbance,8,48,0000000048.png,4,0.7946405114449938,0.668147557240687,0.7377426678260842
current_stateful,2011_09_26/2011_09_26_drive_0039_sync,48,disturbance,8,48,0000000048.png,5,0.3959388715626411,0.34589087712616606,0.8394117295548059
current_stateful,2011_09_26/2011_09_26_drive_0039_sync,49,disturbance,9,49,0000000049.png,1,0.42073259815796427,0.2616354344623146,0.47505098835293275
current_stateful,2011_09_26/2011_09_26_drive_0039_sync,49,disturbance,9,49,0000000049.png,2,0.25237126548008454,0.2547203007087064,0.7340660710862772
current_stateful,2011_09_26/2011_09_26_drive_0039_sync,49,disturbance,9,49,0000000049.png,3,0.372598072549097,0.32718174481640083,0.7224054733953218
current_stateful,2011_09_26/2011_09_26_drive_0039_sync,49,disturbance,9,49,0000000049.png,4,0.7856779989429136,0.6685305889188908,0.7804619309579907
current_stateful,2011_09_26/2011_09_26_drive_0039_sync,49,disturbance,9,49,0000000049.png,5,0.3923359532181873,0.34042694252403793,0.905893023619763
current_stateful,2011_09_26/2011_09_26_drive_0039_sync,50,disturbance,10,50,0000000050.png,1,0.4098214439041841,0.2700101994995359,0.478822720295409
current_stateful,2011_09_26/2011_09_26_drive_0039_sync,50,disturbance,10,50,0000000050.png,2,0.25134538900164294,0.24905315833747027,0.7566226145735733
current_stateful,2011_09_26/2011_09_26_drive_0039_sync,50,disturbance,10,50,0000000050.png,3,0.3768352675185033,0.3247335262524553,0.7465600161909354
current_stateful,2011_09_26/2011_09_26_drive_0039_sync,50,disturbance,10,50,0000000050.png,4,0.7819089809863096,0.66761932548363,0.8150934646466785
current_stateful,2011_09_26/2011_09_26_drive_0039_sync,50,disturbance,10,50,0000000050.png,5,0.3879770054842426,0.33569722364681315,0.958306095878919
current_stateful,2011_09_26/2011_09_26_drive_0039_sync,51,disturbance,11,51,0000000051.png,1,0.39264913117312156,0.2732594846132655,0.47876933190877974
current_stateful,2011_09_26/2011_09_26_drive_0039_sync,51,disturbance,11,51,0000000051.png,2,0.2499767272986624,0.24484947616020428,0.7728103284652699
current_stateful,2011_09_26/2011_09_26_drive_0039_sync,51,disturbance,11,51,0000000051.png,3,0.38194888327375043,0.32449234171199554,0.7676245074456
current_stateful,2011_09_26/2011_09_26_drive_0039_sync,51,disturbance,11,51,0000000051.png,4,0.7865874427714538,0.6676652284063901,0.8429861517687253
current_stateful,2011_09_26/2011_09_26_drive_0039_sync,51,disturbance,11,51,0000000051.png,5,0.3852632949847345,0.3318381683854536,0.9983290084189157
current_stateful,2011_09_26/2011_09_26_drive_0039_sync,52,disturbance,12,52,0000000052.png,1,0.3966168815892119,0.2734373725660053,0.47756475195432957
current_stateful,2011_09_26/2011_09_26_drive_0039_sync,52,disturbance,12,52,0000000052.png,2,0.2498981751401658,0.24180298746494513,0.7842270118563629
current_stateful,2011_09_26/2011_09_26_drive_0039_sync,52,disturbance,12,52,0000000052.png,3,0.3864208707554188,0.32613360939149905,0.783979187886687
current_stateful,2011_09_26/2011_09_26_drive_0039_sync,52,disturbance,12,52,0000000052.png,4,0.795262441044749,0.6701867441977776,0.8667787016145652
current_stateful,2011_09_26/2011_09_26_drive_0039_sync,52,disturbance,12,52,0000000052.png,5,0.3845152418374191,0.32939172413120227,1.03089667760875
current_stateful,2011_09_26/2011_09_26_drive_0039_sync,53,disturbance,13,53,0000000053.png,1,0.4054626557458903,0.27264334515261845,0.4822822312520046
current_stateful,2011_09_26/2011_09_26_drive_0039_sync,53,disturbance,13,53,0000000053.png,2,0.2503655481458297,0.23966678325729368,0.7935099930938341
current_stateful,2011_09_26/2011_09_26_drive_0039_sync,53,disturbance,13,53,0000000053.png,3,0.39067676124147055,0.329014628910354,0.7957279414500894
current_stateful,2011_09_26/2011_09_26_drive_0039_sync,53,disturbance,13,53,0000000053.png,4,0.8040135887944306,0.6752434821876157,0.8861334672497861
current_stateful,2011_09_26/2011_09_26_drive_0039_sync,53,disturbance,13,53,0000000053.png,5,0.3848057355531028,0.3285939399643308,1.062396614308246
current_stateful,2011_09_26/2011_09_26_drive_0039_sync,54,disturbance,14,54,0000000054.png,1,0.39217787598338194,0.2720598500333573,0.4953318669819332
current_stateful,2011_09_26/2011_09_26_drive_0039_sync,54,disturbance,14,54,0000000054.png,2,0.25084633004810786,0.2382004428921121,0.8031393760930023
current_stateful,2011_09_26/2011_09_26_drive_0039_sync,54,disturbance,14,54,0000000054.png,3,0.3961609406598792,0.3329180847269811,0.8060689483618074
current_stateful,2011_09_26/2011_09_26_drive_0039_sync,54,disturbance,14,54,0000000054.png,4,0.8128677725720204,0.6824200224657649,0.9018388995666287
current_stateful,2011_09_26/2011_09_26_drive_0039_sync,54,disturbance,14,54,0000000054.png,5,0.38664915417655743,0.32947506980990293,1.092454044211005
current_stateful,2011_09_26/2011_09_26_drive_0039_sync,55,disturbance,15,55,0000000055.png,1,0.38009460902278236,0.2715940915171504,0.5068133253490741
current_stateful,2011_09_26/2011_09_26_drive_0039_sync,55,disturbance,15,55,0000000055.png,2,0.2510461645360273,0.23729586666947255,0.8108822082102859
current_stateful,2011_09_26/2011_09_26_drive_0039_sync,55,disturbance,15,55,0000000055.png,3,0.4017509231941868,0.3376565704034108,0.8149632001848207
current_stateful,2011_09_26/2011_09_26_drive_0039_sync,55,disturbance,15,55,0000000055.png,4,0.821092896000714,0.6910538510980199,0.9132526993202975
current_stateful,2011_09_26/2011_09_26_drive_0039_sync,55,disturbance,15,55,0000000055.png,5,0.390963883805183,0.33204007065318325,1.1239950284402784
current_stateful,2011_09_26/2011_09_26_drive_0039_sync,56,disturbance,16,56,0000000056.png,1,0.36886788171634455,0.26889093108681467,0.5163317688274014
current_stateful,2011_09_26/2011_09_26_drive_0039_sync,56,disturbance,16,56,0000000056.png,2,0.25065488713772127,0.2367284359700189,0.8164879361734166
current_stateful,2011_09_26/2011_09_26_drive_0039_sync,56,disturbance,16,56,0000000056.png,3,0.40764559488930097,0.34307867965563343,0.8221666409886476
current_stateful,2011_09_26/2011_09_26_drive_0039_sync,56,disturbance,16,56,0000000056.png,4,0.8287539877323727,0.700487716173743,0.9194559583926257
current_stateful,2011_09_26/2011_09_26_drive_0039_sync,56,disturbance,16,56,0000000056.png,5,0.39766221298450066,0.3362904114963458,1.1536410614181263
current_stateful,2011_09_26/2011_09_26_drive_0039_sync,57,disturbance,17,57,0000000057.png,1,0.37196449926198233,0.26465946017484715,0.5218182805035845
current_stateful,2011_09_26/2011_09_26_drive_0039_sync,57,disturbance,17,57,0000000057.png,2,0.24994348732782698,0.23628256809991538,0.8200956552054
current_stateful,2011_09_26/2011_09_26_drive_0039_sync,57,disturbance,17,57,0000000057.png,3,0.41353484436935817,0.3489359245476678,0.8276114858946161
current_stateful,2011_09_26/2011_09_26_drive_0039_sync,57,disturbance,17,57,0000000057.png,4,0.8362662215214831,0.7102410603093958,0.9210926131494915
current_stateful,2011_09_26/2011_09_26_drive_0039_sync,57,disturbance,17,57,0000000057.png,5,0.4047988387588667,0.34180959504040975,1.1765819062536935
current_stateful,2011_09_26/2011_09_26_drive_0039_sync,58,disturbance,18,58,0000000058.png,1,0.37485525140085846,0.25824023528101336,0.5146461500765888
current_stateful,2011_09_26/2011_09_26_drive_0039_sync,58,disturbance,18,58,0000000058.png,2,0.2481860500146959,0.2357291158765351,0.8205953582805087
current_stateful,2011_09_26/2011_09_26_drive_0039_sync,58,disturbance,18,58,0000000058.png,3,0.4172347028280085,0.3547906145601547,0.83045711582694
current_stateful,2011_09_26/2011_09_26_drive_0039_sync,58,disturbance,18,58,0000000058.png,4,0.8423110800147533,0.7198809865690095,0.9211507407276895
current_stateful,2011_09_26/2011_09_26_drive_0039_sync,58,disturbance,18,58,0000000058.png,5,0.4121648195188691,0.34816756066744475,1.1917175375975562
current_stateful,2011_09_26/2011_09_26_drive_0039_sync,59,disturbance,19,59,0000000059.png,1,0.39962372374900024,0.25515479695921395,0.4957506419322777
current_stateful,2011_09_26/2011_09_26_drive_0039_sync,59,disturbance,19,59,0000000059.png,2,0.24641006054660947,0.2348346465752958,0.8209861102274487
current_stateful,2011_09_26/2011_09_26_drive_0039_sync,59,disturbance,19,59,0000000059.png,3,0.41474752052320113,0.3592562089060219,0.8310634835179765
current_stateful,2011_09_26/2011_09_26_drive_0039_sync,59,disturbance,19,59,0000000059.png,4,0.8432632758857236,0.7284760763274051,0.9222986088934934
current_stateful,2011_09_26/2011_09_26_drive_0039_sync,59,disturbance,19,59,0000000059.png,5,0.419289696128241,0.3550370854460764,1.2038580285585627
current_stateful,2011_09_26/2011_09_26_drive_0039_sync,60,disturbance,20,60,0000000060.png,1,0.4250294544232063,0.25829885690495047,0.47965036125465876
current_stateful,2011_09_26/2011_09_26_drive_0039_sync,60,disturbance,20,60,0000000060.png,2,0.2458789013137611,0.2336052450683667,0.8254991622097471
current_stateful,2011_09_26/2011_09_26_drive_0039_sync,60,disturbance,20,60,0000000060.png,3,0.40548035846407576,0.36060158987640145,0.832039170653084
current_stateful,2011_09_26/2011_09_26_drive_0039_sync,60,disturbance,20,60,0000000060.png,4,0.833328821206092,0.7339625713810062,0.9255568357668312
current_stateful,2011_09_26/2011_09_26_drive_0039_sync,60,disturbance,20,60,0000000060.png,5,0.4224221565517496,0.3615838964965845,1.212938991170775
current_stateful,2011_09_26/2011_09_26_drive_0039_sync,61,disturbance,21,61,0000000061.png,1,0.4431321264184237,0.26689870639889934,0.4716160712981574
current_stateful,2011_09_26/2011_09_26_drive_0039_sync,61,disturbance,21,61,0000000061.png,2,0.24663539339974253,0.23228646175923345,0.8323681492895753
current_stateful,2011_09_26/2011_09_26_drive_0039_sync,61,disturbance,21,61,0000000061.png,3,0.39575027390148326,0.3584388401177915,0.833292455599365
current_stateful,2011_09_26/2011_09_26_drive_0039_sync,61,disturbance,21,61,0000000061.png,4,0.8124282177323521,0.7339118934892596,0.9278479634465033
current_stateful,2011_09_26/2011_09_26_drive_0039_sync,61,disturbance,21,61,0000000061.png,5,0.4205466984188046,0.36669589182880136,1.2185209006020488
current_stateful,2011_09_26/2011_09_26_drive_0039_sync,62,disturbance,22,62,0000000062.png,1,0.4201901584307486,0.2753989650030982,0.4836673905185092
current_stateful,2011_09_26/2011_09_26_drive_0039_sync,62,disturbance,22,62,0000000062.png,2,0.24803461193951515,0.23136097256805402,0.8376274453767676
current_stateful,2011_09_26/2011_09_26_drive_0039_sync,62,disturbance,22,62,0000000062.png,3,0.39397571424882166,0.35467596456419337,0.8334551536536896
current_stateful,2011_09_26/2011_09_26_drive_0039_sync,62,disturbance,22,62,0000000062.png,4,0.7894720199861874,0.727382491201781,0.9283787672829419
current_stateful,2011_09_26/2011_09_26_drive_0039_sync,62,disturbance,22,62,0000000062.png,5,0.41538585824359686,0.3696002672744306,1.2250300489329542
current_stateful,2011_09_26/2011_09_26_drive_0039_sync,63,disturbance,23,63,0000000063.png,1,0.39563158999244274,0.26992803441602575,0.47455316241808015
current_stateful,2011_09_26/2011_09_26_drive_0039_sync,63,disturbance,23,63,0000000063.png,2,0.24591353942330668,0.23095473289268567,0.8417000465442567
current_stateful,2011_09_26/2011_09_26_drive_0039_sync,63,disturbance,23,63,0000000063.png,3,0.39311699986316656,0.351878143824448,0.8326161181645291
current_stateful,2011_09_26/2011_09_26_drive_0039_sync,63,disturbance,23,63,0000000063.png,4,0.7796728614665402,0.7179756253567656,0.9279132569928665
current_stateful,2011_09_26/2011_09_26_drive_0039_sync,63,disturbance,23,63,0000000063.png,5,0.41088970112340284,0.3706003588550644,1.2320133979157684
current_stateful,2011_09_26/2011_09_26_drive_0039_sync,64,disturbance,24,64,0000000064.png,1,0.4635480951269045,0.2530731338936549,0.46585814231572126
current_stateful,2011_09_26/2011_09_26_drive_0039_sync,64,disturbance,24,64,0000000064.png,2,0.24502332964403756,0.23046165519635795,0.8453534291612544
current_stateful,2011_09_26/2011_09_26_drive_0039_sync,64,disturbance,24,64,0000000064.png,3,0.3808561941015796,0.3486933567397917,0.8341913374498409
current_stateful,2011_09_26/2011_09_26_drive_0039_sync,64,disturbance,24,64,0000000064.png,4,0.7753416480284033,0.7097216640267493,0.9281604838132265
current_stateful,2011_09_26/2011_09_26_drive_0039_sync,64,disturbance,24,64,0000000064.png,5,0.407794779219931,0.3706824019226097,1.240885971181948
current_stateful,2011_09_26/2011_09_26_drive_0039_sync,65,disturbance,25,65,0000000065.png,1,0.4575951291484102,0.2554113846758328,0.475891324923
current_stateful,2011_09_26/2011_09_26_drive_0039_sync,65,disturbance,25,65,0000000065.png,2,0.2500354847514181,0.23057373242710333,0.8438596059458066
current_stateful,2011_09_26/2011_09_26_drive_0039_sync,65,disturbance,25,65,0000000065.png,3,0.37629921574686453,0.3448672904449244,0.8350535723521961
current_stateful,2011_09_26/2011_09_26_drive_0039_sync,65,disturbance,25,65,0000000065.png,4,0.7688341876126649,0.7028346133647954,0.9290693596821259
current_stateful,2011_09_26/2011_09_26_drive_0039_sync,65,disturbance,25,65,0000000065.png,5,0.4036610501778463,0.3701600571884739,1.2488981570217519
current_stateful,2011_09_26/2011_09_26_drive_0039_sync,66,disturbance,26,66,0000000066.png,1,0.41843701946400985,0.26401340129976403,0.46802279570749344
current_stateful,2011_09_26/2011_09_26_drive_0039_sync,66,disturbance,26,66,0000000066.png,2,0.2501634652959182,0.23119656822825554,0.8448367472384184
current_stateful,2011_09_26/2011_09_26_drive_0039_sync,66,disturbance,26,66,0000000066.png,3,0.38047637907686016,0.3422712516571175,0.8345784386902464
current_stateful,2011_09_26/2011_09_26_drive_0039_sync,66,disturbance,26,66,0000000066.png,4,0.7684854119846912,0.6971255550190535,0.9299812986412825
current_stateful,2011_09_26/2011_09_26_drive_0039_sync,66,disturbance,26,66,0000000066.png,5,0.4004244596228172,0.36911269267121843,1.2555955603617044
current_stateful,2011_09_26/2011_09_26_drive_0039_sync,67,disturbance,27,67,0000000067.png,1,0.4151502179790447,0.2706539739033075,0.4661652380904135
current_stateful,2011_09_26/2011_09_26_drive_0039_sync,67,disturbance,27,67,0000000067.png,2,0.24882721411352238,0.231679677853573,0.8458874118195312
current_stateful,2011_09_26/2011_09_26_drive_0039_sync,67,disturbance,27,67,0000000067.png,3,0.3826396622706636,0.34090751117642004,0.8344685843671233
current_stateful,2011_09_26/2011_09_26_drive_0039_sync,67,disturbance,27,67,0000000067.png,4,0.7719803041508088,0.6929579117306192,0.9314331084622852
current_stateful,2011_09_26/2011_09_26_drive_0039_sync,67,disturbance,27,67,0000000067.png,5,0.3995795909566227,0.36796500349312905,1.258244995230162
current_stateful,2011_09_26/2011_09_26_drive_0039_sync,68,disturbance,28,68,0000000068.png,1,0.38929187756316824,0.2738719948974566,0.48479970300554837
current_stateful,2011_09_26/2011_09_26_drive_0039_sync,68,disturbance,28,68,0000000068.png,2,0.2485196384367351,0.23194681265498926,0.8445055113739077
current_stateful,2011_09_26/2011_09_26_drive_0039_sync,68,disturbance,28,68,0000000068.png,3,0.3876367962923255,0.3406343830308705,0.8343545235395832
current_stateful,2011_09_26/2011_09_26_drive_0039_sync,68,disturbance,28,68,0000000068.png,4,0.7756956553140907,0.690115099653111,0.9328726538532486
current_stateful,2011_09_26/2011_09_26_drive_0039_sync,68,disturbance,28,68,0000000068.png,5,0.4008039929806663,0.36720890838713427,1.2617482687484898
current_stateful,2011_09_26/2011_09_26_drive_0039_sync,69,disturbance,29,69,0000000069.png,1,0.37777992231423924,0.27159040540017404,0.4847572482815969
current_stateful,2011_09_26/2011_09_26_drive_0039_sync,69,disturbance,29,69,0000000069.png,2,0.24748295422936653,0.23204362620498323,0.8426532580438577
current_stateful,2011_09_26/2011_09_26_drive_0039_sync,69,disturbance,29,69,0000000069.png,3,0.3939503950035072,0.34167639742573147,0.8331537013580789
current_stateful,2011_09_26/2011_09_26_drive_0039_sync,69,disturbance,29,69,0000000069.png,4,0.7812777624198091,0.6885546746507791,0.931933546136933
current_stateful,2011_09_26/2011_09_26_drive_0039_sync,69,disturbance,29,69,0000000069.png,5,0.40348648757203315,0.36696984402541194,1.2654443509977813
current_stateful,2011_09_26/2011_09_26_drive_0039_sync,70,disturbance,30,70,0000000070.png,1,0.38987408996309647,0.2675870216452534,0.4851330036332068
current_stateful,2011_09_26/2011_09_26_drive_0039_sync,70,disturbance,30,70,0000000070.png,2,0.24728567450839947,0.232021096879352,0.8394306997576652
current_stateful,2011_09_26/2011_09_26_drive_0039_sync,70,disturbance,30,70,0000000070.png,3,0.39824155199114614,0.3435636550005548,0.8305558147914655
current_stateful,2011_09_26/2011_09_26_drive_0039_sync,70,disturbance,30,70,0000000070.png,4,0.7874108734746051,0.6883235460188455,0.9281491178629664
current_stateful,2011_09_26/2011_09_26_drive_0039_sync,70,disturbance,30,70,0000000070.png,5,0.40806429829723456,0.36734242155384594,1.2646294297030403
current_stateful,2011_09_26/2011_09_26_drive_0039_sync,71,disturbance,31,71,0000000071.png,1,0.39706383781651455,0.2650010020175545,0.4956872334304395
current_stateful,2011_09_26/2011_09_26_drive_0039_sync,71,disturbance,31,71,0000000071.png,2,0.24814073501041675,0.2320266908776094,0.8360768881740405
current_stateful,2011_09_26/2011_09_26_drive_0039_sync,71,disturbance,31,71,0000000071.png,3,0.4029087593965352,0.3459230979815219,0.828038109001628
current_stateful,2011_09_26/2011_09_26_drive_0039_sync,71,disturbance,31,71,0000000071.png,4,0.7942074734529073,0.6895291976872348,0.9229979220480734
current_stateful,2011_09_26/2011_09_26_drive_0039_sync,71,disturbance,31,71,0000000071.png,5,0.4135673200226886,0.36845171233744467,1.260490771916121
current_stateful,2011_09_26/2011_09_26_drive_0039_sync,72,disturbance,32,72,0000000072.png,1,0.4052826280083116,0.26359368269909483,0.507272412858043
current_stateful,2011_09_26/2011_09_26_drive_0039_sync,72,disturbance,32,72,0000000072.png,2,0.24923254863023386,0.2321701932935078,0.8342990072605951
current_stateful,2011_09_26/2011_09_26_drive_0039_sync,72,disturbance,32,72,0000000072.png,3,0.4081369150942456,0.348704940578456,0.8269487925607385
current_stateful,2011_09_26/2011_09_26_drive_0039_sync,72,disturbance,32,72,0000000072.png,4,0.8020485854539683,0.6920787116929463,0.9175980678703408
current_stateful,2011_09_26/2011_09_26_drive_0039_sync,72,disturbance,32,72,0000000072.png,5,0.42002687900091884,0.3705275331122353,1.258412491588124
current_stateful,2011_09_26/2011_09_26_drive_0039_sync,73,disturbance,33,73,0000000073.png,1,0.43112546274793345,0.26365361626195505,0.5141902946709134
current_stateful,2011_09_26/2011_09_26_drive_0039_sync,73,disturbance,33,73,0000000073.png,2,0.24995009167338264,0.23240513032690854,0.8342950655472388
current_stateful,2011_09_26/2011_09_26_drive_0039_sync,73,disturbance,33,73,0000000073.png,3,0.4126775568430105,0.3519148333720399,0.8279393418934282
current_stateful,2011_09_26/2011_09_26_drive_0039_sync,73,disturbance,33,73,0000000073.png,4,0.8105479861015069,0.6959206395216194,0.9137344252125792
current_stateful,2011_09_26/2011_09_26_drive_0039_sync,73,disturbance,33,73,0000000073.png,5,0.4267352583180161,0.3736475608514571,1.2542263599318915
current_stateful,2011_09_26/2011_09_26_drive_0039_sync,74,disturbance,34,74,0000000074.png,1,0.4664038772875713,0.2662847169043232,0.4968469621157655
current_stateful,2011_09_26/2011_09_26_drive_0039_sync,74,disturbance,34,74,0000000074.png,2,0.24898414713589748,0.23226722433851482,0.836569239755946
current_stateful,2011_09_26/2011_09_26_drive_0039_sync,74,disturbance,34,74,0000000074.png,3,0.4104021982475189,0.35448323610349636,0.8286639769520594
current_stateful,2011_09_26/2011_09_26_drive_0039_sync,74,disturbance,34,74,0000000074.png,4,0.8157651265388006,0.7006875393244745,0.910993730757469
current_stateful,2011_09_26/2011_09_26_drive_0039_sync,74,disturbance,34,74,0000000074.png,5,0.4319542691413905,0.3774949800930977,1.241825451044825
current_stateful,2011_09_26/2011_09_26_drive_0039_sync,75,disturbance,35,75,0000000075.png,1,0.49843638988721223,0.27345335410985044,0.48319910300879504
current_stateful,2011_09_26/2011_09_26_drive_0039_sync,75,disturbance,35,75,0000000075.png,2,0.2482645479158635,0.23149206809032302,0.8418878036650813
current_stateful,2011_09_26/2011_09_26_drive_0039_sync,75,disturbance,35,75,0000000075.png,3,0.3990091489909387,0.35430852793736844,0.8294031308434026
current_stateful,2011_09_26/2011_09_26_drive_0039_sync,75,disturbance,35,75,0000000075.png,4,0.809078074562927,0.7042825006564586,0.9084662934685418
current_stateful,2011_09_26/2011_09_26_drive_0039_sync,75,disturbance,35,75,0000000075.png,5,0.43332698322266894,0.3811577439087651,1.2256850294267425
current_stateful,2011_09_26/2011_09_26_drive_0039_sync,76,disturbance,36,76,0000000076.png,1,0.4708715261537366,0.28268241811040123,0.48723025617489135
current_stateful,2011_09_26/2011_09_26_drive_0039_sync,76,disturbance,36,76,0000000076.png,2,0.24997090750332315,0.23081670748139532,0.8465714707401871
current_stateful,2011_09_26/2011_09_26_drive_0039_sync,76,disturbance,36,76,0000000076.png,3,0.3933308615493207,0.3518888029275948,0.8294830737628719
current_stateful,2011_09_26/2011_09_26_drive_0039_sync,76,disturbance,36,76,0000000076.png,4,0.7939094768950452,0.7042394323063798,0.9054792275961365
current_stateful,2011_09_26/2011_09_26_drive_0039_sync,76,disturbance,36,76,0000000076.png,5,0.4303077697101032,0.38338436720047325,1.2126338698115193
current_stateful,2011_09_26/2011_09_26_drive_0039_sync,77,disturbance,37,77,0000000077.png,1,0.43077552466534674,0.2810797934298144,0.48074288479458055
current_stateful,2011_09_26/2011_09_26_drive_0039_sync,77,disturbance,37,77,0000000077.png,2,0.2497225323510181,0.23067050566164513,0.8488153455795662
current_stateful,2011_09_26/2011_09_26_drive_0039_sync,77,disturbance,37,77,0000000077.png,3,0.3933691765294747,0.3495068879546598,0.8301441150422082
current_stateful,2011_09_26/2011_09_26_drive_0039_sync,77,disturbance,37,77,0000000077.png,4,0.7843026452470765,0.7015280037116984,0.9038359154658726
current_stateful,2011_09_26/2011_09_26_drive_0039_sync,77,disturbance,37,77,0000000077.png,5,0.42629513074963815,0.38396720756953456,1.205349399007151
current_stateful,2011_09_26/2011_09_26_drive_0039_sync,78,disturbance,38,78,0000000078.png,1,0.4380179340699594,0.2719253562518545,0.4761484737317309
current_stateful,2011_09_26/2011_09_26_drive_0039_sync,78,disturbance,38,78,0000000078.png,2,0.24948333969315775,0.2308075671689407,0.8473380642029193
current_stateful,2011_09_26/2011_09_26_drive_0039_sync,78,disturbance,38,78,0000000078.png,3,0.3918468886600453,0.34782367113969725,0.8311842807482414
current_stateful,2011_09_26/2011_09_26_drive_0039_sync,78,disturbance,38,78,0000000078.png,4,0.7799998959831209,0.6983941858651666,0.9034924660241586
current_stateful,2011_09_26/2011_09_26_drive_0039_sync,78,disturbance,38,78,0000000078.png,5,0.423242990450695,0.38358817332751416,1.2000344976794706
current_stateful,2011_09_26/2011_09_26_drive_0039_sync,79,disturbance,39,79,0000000079.png,1,0.4300789137995368,0.26833447280534906,0.4900791921632806
current_stateful,2011_09_26/2011_09_26_drive_0039_sync,79,disturbance,39,79,0000000079.png,2,0.25120708779526363,0.23122459499426326,0.8426889608847234
current_stateful,2011_09_26/2011_09_26_drive_0039_sync,79,disturbance,39,79,0000000079.png,3,0.3936926126101455,0.34692527282723484,0.8330170370094904
current_stateful,2011_09_26/2011_09_26_drive_0039_sync,79,disturbance,39,79,0000000079.png,4,0.7780061205114256,0.6956040001884534,0.9046569793043864
current_stateful,2011_09_26/2011_09_26_drive_0039_sync,79,disturbance,39,79,0000000079.png,5,0.42056983936402653,0.38267922155826734,1.1975294472827627
current_stateful,2011_09_26/2011_09_26_drive_0039_sync,80,disturbance,40,80,0000000080.png,1,0.4184478874871492,0.26610308800468163,0.502070869225965
current_stateful,2011_09_26/2011_09_26_drive_0039_sync,80,disturbance,40,80,0000000080.png,2,0.2516516102113151,0.23175151290520224,0.8392632820217666
current_stateful,2011_09_26/2011_09_26_drive_0039_sync,80,disturbance,40,80,0000000080.png,3,0.3973887543905019,0.3470447855546883,0.8357394777820344
current_stateful,2011_09_26/2011_09_26_drive_0039_sync,80,disturbance,40,80,0000000080.png,4,0.7797728224056102,0.6935992782813966,0.907781748160637
current_stateful,2011_09_26/2011_09_26_drive_0039_sync,80,disturbance,40,80,0000000080.png,5,0.4178857891095781,0.3814139296725002,1.1967448222228199
current_stateful,2011_09_26/2011_09_26_drive_0039_sync,81,disturbance,41,81,0000000081.png,1,0.41660790624397936,0.2605052199397868,0.4983941168753483
current_stateful,2011_09_26/2011_09_26_drive_0039_sync,81,disturbance,41,81,0000000081.png,2,0.25253553929369293,0.23250881047312838,0.8358393079888075
current_stateful,2011_09_26/2011_09_26_drive_0039_sync,81,disturbance,41,81,0000000081.png,3,0.4009939209985017,0.34820702575270285,0.8374009457947911
current_stateful,2011_09_26/2011_09_26_drive_0039_sync,81,disturbance,41,81,0000000081.png,4,0.7828149092666454,0.6926136744371012,0.9109768987450941
current_stateful,2011_09_26/2011_09_26_drive_0039_sync,81,disturbance,41,81,0000000081.png,5,0.41574960511611103,0.3800176516075718,1.1930185131296283
current_stateful,2011_09_26/2011_09_26_drive_0039_sync,82,disturbance,42,82,0000000082.png,1,0.4363236094818692,0.2532789236238272,0.48464566737870424
current_stateful,2011_09_26/2011_09_26_drive_0039_sync,82,disturbance,42,82,0000000082.png,2,0.25315758957510154,0.23325376462569078,0.8324729167204526
current_stateful,2011_09_26/2011_09_26_drive_0039_sync,82,disturbance,42,82,0000000082.png,3,0.400230463012501,0.3494933841759109,0.8376892637426663
current_stateful,2011_09_26/2011_09_26_drive_0039_sync,82,disturbance,42,82,0000000082.png,4,0.7825609867651052,0.692279135584451,0.9122517327389359
current_stateful,2011_09_26/2011_09_26_drive_0039_sync,82,disturbance,42,82,0000000082.png,5,0.41380224588954684,0.3786108549725489,1.1869156235661167
current_stateful,2011_09_26/2011_09_26_drive_0039_sync,83,disturbance,43,83,0000000083.png,1,0.46157401044615665,0.2505449186216615,0.4754663228023918
current_stateful,2011_09_26/2011_09_26_drive_0039_sync,83,disturbance,43,83,0000000083.png,2,0.251745384986101,0.2334634320285666,0.8293531613002216
current_stateful,2011_09_26/2011_09_26_drive_0039_sync,83,disturbance,43,83,0000000083.png,3,0.39472998944106946,0.3495226638071227,0.8359931296232341
current_stateful,2011_09_26/2011_09_26_drive_0039_sync,83,disturbance,43,83,0000000083.png,4,0.7764483638516875,0.6914436173639804,0.913655789001561
current_stateful,2011_09_26/2011_09_26_drive_0039_sync,83,disturbance,43,83,0000000083.png,5,0.41198613804630396,0.3772515160281307,1.1870787812308414
current_stateful,2011_09_26/2011_09_26_drive_0039_sync,84,disturbance,44,84,0000000084.png,1,0.4227566988765218,0.255219287697552,0.4831630457113993
current_stateful,2011_09_26/2011_09_26_drive_0039_sync,84,disturbance,44,84,0000000084.png,2,0.2503777523913312,0.23353606417033057,0.826564473971616
current_stateful,2011_09_26/2011_09_26_drive_0039_sync,84,disturbance,44,84,0000000084.png,3,0.39567160658088696,0.34946874387768323,0.8331571930335833
current_stateful,2011_09_26/2011_09_26_drive_0039_sync,84,disturbance,44,84,0000000084.png,4,0.7725615320910236,0.6899881848873914,0.9164270839220433
current_stateful,2011_09_26/2011_09_26_drive_0039_sync,84,disturbance,44,84,0000000084.png,5,0.4123318559177464,0.37619801980984835,1.1975488223963446
current_stateful,2011_09_26/2011_09_26_drive_0039_sync,85,disturbance,45,85,0000000085.png,1,0.39283288306683056,0.2556455977278566,0.48246816354038125
current_stateful,2011_09_26/2011_09_26_drive_0039_sync,85,disturbance,45,85,0000000085.png,2,0.24603150255005965,0.2332286822768247,0.8314849309223785
current_stateful,2011_09_26/2011_09_26_drive_0039_sync,85,disturbance,45,85,0000000085.png,3,0.39488123204558767,0.350391572958766,0.8334599762787828
current_stateful,2011_09_26/2011_09_26_drive_0039_sync,85,disturbance,45,85,0000000085.png,4,0.7759981483453033,0.6898716076883229,0.9213512549540191
current_stateful,2011_09_26/2011_09_26_drive_0039_sync,85,disturbance,45,85,0000000085.png,5,0.41518084507147135,0.3761405626644375,1.2178939915171936
current_stateful,2011_09_26/2011_09_26_drive_0039_sync,86,disturbance,46,86,0000000086.png,1,0.4698068396746262,0.2543173804326277,0.4775882175422061
current_stateful,2011_09_26/2011_09_26_drive_0039_sync,86,disturbance,46,86,0000000086.png,2,0.24273007193211255,0.23193069578841577,0.8393852393898017
current_stateful,2011_09_26/2011_09_26_drive_0039_sync,86,disturbance,46,86,0000000086.png,3,0.37716555477464,0.34854456746381723,0.8380140382677946
current_stateful,2011_09_26/2011_09_26_drive_0039_sync,86,disturbance,46,86,0000000086.png,4,0.7716774452392058,0.6904228405837811,0.9263557108258013
current_stateful,2011_09_26/2011_09_26_drive_0039_sync,86,disturbance,46,86,0000000086.png,5,0.41580823913514253,0.3768669839557945,1.246682633355742
current_stateful,2011_09_26/2011_09_26_drive_0039_sync,87,disturbance,47,87,0000000087.png,1,0.4756116482560333,0.26184782606390766,0.47740326987295684
current_stateful,2011_09_26/2011_09_26_drive_0039_sync,87,disturbance,47,87,0000000087.png,2,0.2443204319152382,0.2304426778207709,0.8466156766791756
current_stateful,2011_09_26/2011_09_26_drive_0039_sync,87,disturbance,47,87,0000000087.png,3,0.36370438088396223,0.34283945733769766,0.8425662189493357
current_stateful,2011_09_26/2011_09_26_drive_0039_sync,87,disturbance,47,87,0000000087.png,4,0.7527407215982923,0.6879011882714139,0.9287263036067465
current_stateful,2011_09_26/2011_09_26_drive_0039_sync,87,disturbance,47,87,0000000087.png,5,0.4105041714490866,0.3769796832271258,1.2719331810595225
current_stateful,2011_09_26/2011_09_26_drive_0039_sync,88,disturbance,48,88,0000000088.png,1,0.4236261996210672,0.2637381548543745,0.4957045791519627
current_stateful,2011_09_26/2011_09_26_drive_0039_sync,88,disturbance,48,88,0000000088.png,2,0.2472775469283963,0.2296414783588507,0.8510769142330912
current_stateful,2011_09_26/2011_09_26_drive_0039_sync,88,disturbance,48,88,0000000088.png,3,0.36314240254240426,0.33579661227845803,0.8456969872532686
current_stateful,2011_09_26/2011_09_26_drive_0039_sync,88,disturbance,48,88,0000000088.png,4,0.7303184799045741,0.6798487208381684,0.9295893669235376
current_stateful,2011_09_26/2011_09_26_drive_0039_sync,88,disturbance,48,88,0000000088.png,5,0.4005267190529286,0.3750242556636608,1.2879162424181416
current_stateful,2011_09_26/2011_09_26_drive_0039_sync,89,disturbance,49,89,0000000089.png,1,0.3499378542004426,0.24104057706983845,0.4863660218892221
current_stateful,2011_09_26/2011_09_26_drive_0039_sync,89,disturbance,49,89,0000000089.png,2,0.24438112720522603,0.22953533389904612,0.8567567378955657
current_stateful,2011_09_26/2011_09_26_drive_0039_sync,89,disturbance,49,89,0000000089.png,3,0.36217938576249203,0.3305306147238255,0.8511312250704838
current_stateful,2011_09_26/2011_09_26_drive_0039_sync,89,disturbance,49,89,0000000089.png,4,0.7244158925237917,0.6704337207403687,0.9317124112218408
current_stateful,2011_09_26/2011_09_26_drive_0039_sync,89,disturbance,49,89,0000000089.png,5,0.3925071615686159,0.3712812268835523,1.2979305323416412
current_stateful,2011_09_26/2011_09_26_drive_0039_sync,90,disturbance,50,90,0000000090.png,1,0.36522317420612965,0.21806403146662282,0.48043183834637104
current_stateful,2011_09_26/2011_09_26_drive_0039_sync,90,disturbance,50,90,0000000090.png,2,0.24382229339702208,0.22985365023296797,0.8589697771464829
current_stateful,2011_09_26/2011_09_26_drive_0039_sync,90,disturbance,50,90,0000000090.png,3,0.3569059827638459,0.32742478085433196,0.8568740453505362
current_stateful,2011_09_26/2011_09_26_drive_0039_sync,90,disturbance,50,90,0000000090.png,4,0.7252664791918796,0.6638314806515041,0.9357189991822148
current_stateful,2011_09_26/2011_09_26_drive_0039_sync,90,disturbance,50,90,0000000090.png,5,0.3888341888820619,0.36732194157295006,1.311618743472146
current_stateful,2011_09_26/2011_09_26_drive_0039_sync,91,disturbance,51,91,0000000091.png,1,0.3761652072090739,0.21135773495030422,0.47683189140241655
current_stateful,2011_09_26/2011_09_26_drive_0039_sync,91,disturbance,51,91,0000000091.png,2,0.2480485480097912,0.23072144502965133,0.8558338094275628
current_stateful,2011_09_26/2011_09_26_drive_0039_sync,91,disturbance,51,91,0000000091.png,3,0.3550715680363974,0.32530608437591785,0.8594083060259056
current_stateful,2011_09_26/2011_09_26_drive_0039_sync,91,disturbance,51,91,0000000091.png,4,0.7213442339547308,0.659686573226925,0.9388824269801358
current_stateful,2011_09_26/2011_09_26_drive_0039_sync,91,disturbance,51,91,0000000091.png,5,0.38640948394411007,0.36392818288807766,1.3299648474673418
current_stateful,2011_09_26/2011_09_26_drive_0039_sync,92,disturbance,52,92,0000000092.png,1,0.3531944333734693,0.21557515091349505,0.4914035853798399
current_stateful,2011_09_26/2011_09_26_drive_0039_sync,92,disturbance,52,92,0000000092.png,2,0.25211314278015706,0.23214475147193425,0.850532580020782
current_stateful,2011_09_26/2011_09_26_drive_0039_sync,92,disturbance,52,92,0000000092.png,3,0.36147436273828765,0.32429765012816075,0.8587790693409416
current_stateful,2011_09_26/2011_09_26_drive_0039_sync,92,disturbance,52,92,0000000092.png,4,0.7187507366130321,0.6564588126951809,0.9410782281860925
current_stateful,2011_09_26/2011_09_26_drive_0039_sync,92,disturbance,52,92,0000000092.png,5,0.38382639563995147,0.3609895977358093,1.3424040998357842
current_stateful,2011_09_26/2011_09_26_drive_0039_sync,93,disturbance,53,93,0000000093.png,1,0.342175256228321,0.21856438862604935,0.48846957313076883
current_stateful,2011_09_26/2011_09_26_drive_0039_sync,93,disturbance,53,93,0000000093.png,2,0.2512592525006298,0.2334208390277623,0.8501960794098298
current_stateful,2011_09_26/2011_09_26_drive_0039_sync,93,disturbance,53,93,0000000093.png,3,0.37004481868396655,0.32498271907179055,0.8574339823773668
current_stateful,2011_09_26/2011_09_26_drive_0039_sync,93,disturbance,53,93,0000000093.png,4,0.7257314404538182,0.6543104778773142,0.9410120154538936
current_stateful,2011_09_26/2011_09_26_drive_0039_sync,93,disturbance,53,93,0000000093.png,5,0.3839652710123659,0.35872691227155185,1.3419407257376978
current_stateful,2011_09_26/2011_09_26_drive_0039_sync,94,disturbance,54,94,0000000094.png,1,0.3776065029774635,0.21993929462925796,0.4821801715203352
current_stateful,2011_09_26/2011_09_26_drive_0039_sync,94,disturbance,54,94,0000000094.png,2,0.24881440157882992,0.23393315118511462,0.85296440538709
current_stateful,2011_09_26/2011_09_26_drive_0039_sync,94,disturbance,54,94,0000000094.png,3,0.3731498393510319,0.32644647115140135,0.8567186254732972
current_stateful,2011_09_26/2011_09_26_drive_0039_sync,94,disturbance,54,94,0000000094.png,4,0.7359562254006077,0.6539060450544772,0.9415141007600066
current_stateful,2011_09_26/2011_09_26_drive_0039_sync,94,disturbance,54,94,0000000094.png,5,0.3875227811546163,0.35764501504325796,1.331048175072731
current_stateful,2011_09_26/2011_09_26_drive_0039_sync,95,disturbance,55,95,0000000095.png,1,0.4056764502453131,0.22189653807055684,0.4802866718950861
current_stateful,2011_09_26/2011_09_26_drive_0039_sync,95,disturbance,55,95,0000000095.png,2,0.24707399384821532,0.23364662955274335,0.8574467565990844
current_stateful,2011_09_26/2011_09_26_drive_0039_sync,95,disturbance,55,95,0000000095.png,3,0.3722678659192287,0.32746107338336133,0.8564231529295016
current_stateful,2011_09_26/2011_09_26_drive_0039_sync,95,disturbance,55,95,0000000095.png,4,0.7431425178247486,0.6552002909958979,0.9422916897076138
current_stateful,2011_09_26/2011_09_26_drive_0039_sync,95,disturbance,55,95,0000000095.png,5,0.3918285450764933,0.3578445438002645,1.3198188966371505
current_stateful,2011_09_26/2011_09_26_drive_0039_sync,96,disturbance,56,96,0000000096.png,1,0.4070870041219916,0.22319203480948507,0.48580090334307735
current_stateful,2011_09_26/2011_09_26_drive_0039_sync,96,disturbance,56,96,0000000096.png,2,0.2469259513738578,0.232979733745145,0.8591746528494119
current_stateful,2011_09_26/2011_09_26_drive_0039_sync,96,disturbance,56,96,0000000096.png,3,0.37313809516908775,0.3276747802063698,0.8565454619347471
current_stateful,2011_09_26/2011_09_26_drive_0039_sync,96,disturbance,56,96,0000000096.png,4,0.7450879526790695,0.656658718584077,0.9418263124101085
current_stateful,2011_09_26/2011_09_26_drive_0039_sync,96,disturbance,56,96,0000000096.png,5,0.39454632997195205,0.3587410126815363,1.3138857322511655
current_stateful,2011_09_26/2011_09_26_drive_0039_sync,97,disturbance,57,97,0000000097.png,1,0.37294819650744193,0.2279175969976363,0.5008212816735763
current_stateful,2011_09_26/2011_09_26_drive_0039_sync,97,disturbance,57,97,0000000097.png,2,0.24748624021338014,0.23243905856053446,0.8592249376891642
current_stateful,2011_09_26/2011_09_26_drive_0039_sync,97,disturbance,57,97,0000000097.png,3,0.37823046017590883,0.3280125565607959,0.8572377591906207
current_stateful,2011_09_26/2011_09_26_drive_0039_sync,97,disturbance,57,97,0000000097.png,4,0.7496078974870966,0.6578650127018921,0.9417633646870481
current_stateful,2011_09_26/2011_09_26_drive_0039_sync,97,disturbance,57,97,0000000097.png,5,0.39623312653448106,0.35972450561518504,1.3103764277875478
current_stateful,2011_09_26/2011_09_26_drive_0039_sync,98,disturbance,58,98,0000000098.png,1,0.351798331853061,0.2267734223670588,0.5010515970826291
current_stateful,2011_09_26/2011_09_26_drive_0039_sync,98,disturbance,58,98,0000000098.png,2,0.2472231338545215,0.232183302631708,0.8586561995982328
current_stateful,2011_09_26/2011_09_26_drive_0039_sync,98,disturbance,58,98,0000000098.png,3,0.3838095262077333,0.3293617522336195,0.857994483467777
current_stateful,2011_09_26/2011_09_26_drive_0039_sync,98,disturbance,58,98,0000000098.png,4,0.7609470258617802,0.6601373171031694,0.9416240823344695
current_stateful,2011_09_26/2011_09_26_drive_0039_sync,98,disturbance,58,98,0000000098.png,5,0.39715499292016304,0.3604234350992664,1.3015740699302834
current_stateful,2011_09_26/2011_09_26_drive_0039_sync,99,disturbance,59,99,0000000099.png,1,0.3582762158305003,0.2260674052937989,0.5068746310505653
current_stateful,2011_09_26/2011_09_26_drive_0039_sync,99,disturbance,59,99,0000000099.png,2,0.2471342452947773,0.23204495911538917,0.8569757002694423
current_stateful,2011_09_26/2011_09_26_drive_0039_sync,99,disturbance,59,99,0000000099.png,3,0.3883530568199975,0.331602549017783,0.858572215762381
current_stateful,2011_09_26/2011_09_26_drive_0039_sync,99,disturbance,59,99,0000000099.png,4,0.7764327845351355,0.6646968068475436,0.9412909792500422
current_stateful,2011_09_26/2011_09_26_drive_0039_sync,99,disturbance,59,99,0000000099.png,5,0.39695722238494613,0.3606199843617429,1.2863196835420867
current_stateful,2011_09_26/2011_09_26_drive_0039_sync,100,disturbance,60,100,0000000100.png,1,0.35377669409908047,0.2273583658766886,0.5125690833799618
current_stateful,2011_09_26/2011_09_26_drive_0039_sync,100,disturbance,60,100,0000000100.png,2,0.24810454330706858,0.23213605318773456,0.8555815587235391
current_stateful,2011_09_26/2011_09_26_drive_0039_sync,100,disturbance,60,100,0000000100.png,3,0.3924335682448051,0.3344864231091154,0.8600307858561237
current_stateful,2011_09_26/2011_09_26_drive_0039_sync,100,disturbance,60,100,0000000100.png,4,0.7923229726590043,0.6717054945340505,0.94077904534026
current_stateful,2011_09_26/2011_09_26_drive_0039_sync,100,disturbance,60,100,0000000100.png,5,0.3961842642694918,0.3602857682880631,1.2650051633476553
current_stateful,2011_09_26/2011_09_26_drive_0039_sync,101,disturbance,61,101,0000000101.png,1,0.36231891472710787,0.228375636195798,0.5142172801748199
current_stateful,2011_09_26/2011_09_26_drive_0039_sync,101,disturbance,61,101,0000000101.png,2,0.24923998897357455,0.2324054937951584,0.8549913655765495
current_stateful,2011_09_26/2011_09_26_drive_0039_sync,101,disturbance,61,101,0000000101.png,3,0.39463619756943,0.3375766805762156,0.8614648595807025
current_stateful,2011_09_26/2011_09_26_drive_0039_sync,101,disturbance,61,101,0000000101.png,4,0.805208605788884,0.6804655214203735,0.9392352699308382
current_stateful,2011_09_26/2011_09_26_drive_0039_sync,101,disturbance,61,101,0000000101.png,5,0.3965787652492473,0.35973573482335963,1.2389257408757
current_stateful,2011_09_26/2011_09_26_drive_0039_sync,102,disturbance,62,102,0000000102.png,1,0.36713539960520414,0.2295202072044627,0.5108217308374478
current_stateful,2011_09_26/2011_09_26_drive_0039_sync,102,disturbance,62,102,0000000102.png,2,0.25078926327020756,0.23289880070859076,0.8540458247345254
current_stateful,2011_09_26/2011_09_26_drive_0039_sync,102,disturbance,62,102,0000000102.png,3,0.39545305785718476,0.3403545876761565,0.8621375366195909
current_stateful,2011_09_26/2011_09_26_drive_0039_sync,102,disturbance,62,102,0000000102.png,4,0.8137077724335374,0.6897849268585262,0.9369913885338099
current_stateful,2011_09_26/2011_09_26_drive_0039_sync,102,disturbance,62,102,0000000102.png,5,0.3984392320091591,0.3593365797497813,1.209993901772036
current_stateful,2011_09_26/2011_09_26_drive_0039_sync,103,disturbance,63,103,0000000103.png,1,0.35820091323190095,0.23370556251087232,0.5183360748837973
current_stateful,2011_09_26/2011_09_26_drive_0039_sync,103,disturbance,63,103,0000000103.png,2,0.2518001902911481,0.23361247868193294,0.8518285113258651
current_stateful,2011_09_26/2011_09_26_drive_0039_sync,103,disturbance,63,103,0000000103.png,3,0.39918979828134665,0.3431438052775306,0.8618102328659089
current_stateful,2011_09_26/2011_09_26_drive_0039_sync,103,disturbance,63,103,0000000103.png,4,0.8207898498212401,0.6988614130343611,0.9359614946813523
current_stateful,2011_09_26/2011_09_26_drive_0039_sync,103,disturbance,63,103,0000000103.png,5,0.40110087907629116,0.35933231986905034,1.180791427179732
current_stateful,2011_09_26/2011_09_26_drive_0039_sync,104,disturbance,64,104,0000000104.png,1,0.3790627142788742,0.2389064758157886,0.5100085427002088
current_stateful,2011_09_26/2011_09_26_drive_0039_sync,104,disturbance,64,104,0000000104.png,2,0.24992670519372479,0.23406949306439423,0.8508103103144959
current_stateful,2011_09_26/2011_09_26_drive_0039_sync,104,disturbance,64,104,0000000104.png,3,0.4016156834373456,0.34618935334607526,0.8613866197681059
current_stateful,2011_09_26/2011_09_26_drive_0039_sync,104,disturbance,64,104,0000000104.png,4,0.8261769433199659,0.7074274030280218,0.9362082086123453
current_stateful,2011_09_26/2011_09_26_drive_0039_sync,104,disturbance,64,104,0000000104.png,5,0.4041390490340566,0.36000876627334566,1.1605775525684616
current_stateful,2011_09_26/2011_09_26_drive_0039_sync,105,disturbance,65,105,0000000105.png,1,0.41206054359396993,0.24436406286130818,0.5047629266338315
current_stateful,2011_09_26/2011_09_26_drive_0039_sync,105,disturbance,65,105,0000000105.png,2,0.24821950650355096,0.23397023143129592,0.8502711515169271
current_stateful,2011_09_26/2011_09_26_drive_0039_sync,105,disturbance,65,105,0000000105.png,3,0.4009167535292618,0.3485801530895811,0.860062059337149
current_stateful,2011_09_26/2011_09_26_drive_0039_sync,105,disturbance,65,105,0000000105.png,4,0.8260074028987956,0.7145350028470195,0.9378819930906352
current_stateful,2011_09_26/2011_09_26_drive_0039_sync,105,disturbance,65,105,0000000105.png,5,0.4068365110420676,0.36139733860016743,1.1515458345615788
current_stateful,2011_09_26/2011_09_26_drive_0039_sync,106,disturbance,66,106,0000000106.png,1,0.40969923451261686,0.25201024021475776,0.5099654198842901
current_stateful,2011_09_26/2011_09_26_drive_0039_sync,106,disturbance,66,106,0000000106.png,2,0.2466433839382704,0.23352480974960121,0.8493216049666317
current_stateful,2011_09_26/2011_09_26_drive_0039_sync,106,disturbance,66,106,0000000106.png,3,0.4036573742281976,0.35069912990619384,0.8596379909303854
current_stateful,2011_09_26/2011_09_26_drive_0039_sync,106,disturbance,66,106,0000000106.png,4,0.8234953397579725,0.7194602260844545,0.9406993950436909
current_stateful,2011_09_26/2011_09_26_drive_0039_sync,106,disturbance,66,106,0000000106.png,5,0.41069261100537063,0.3634154837866861,1.1494803089864174
current_stateful,2011_09_26/2011_09_26_drive_0039_sync,107,disturbance,67,107,0000000107.png,1,0.37406554921199103,0.25631329616360954,0.5080793076726204
current_stateful,2011_09_26/2011_09_26_drive_0039_sync,107,disturbance,67,107,0000000107.png,2,0.2451448024581005,0.23304421773999867,0.8475034750931891
current_stateful,2011_09_26/2011_09_26_drive_0039_sync,107,disturbance,67,107,0000000107.png,3,0.4093305195208484,0.3535411627363584,0.8610763088878637
current_stateful,2011_09_26/2011_09_26_drive_0039_sync,107,disturbance,67,107,0000000107.png,4,0.8252700378655611,0.7232143034541189,0.9428187550518273
current_stateful,2011_09_26/2011_09_26_drive_0039_sync,107,disturbance,67,107,0000000107.png,5,0.4160179784090066,0.36613369202853624,1.1496767335626967
current_stateful,2011_09_26/2011_09_26_drive_0039_sync,108,disturbance,68,108,0000000108.png,1,0.3654884114415079,0.2598240581674928,0.5156824358526024
current_stateful,2011_09_26/2011_09_26_drive_0039_sync,108,disturbance,68,108,0000000108.png,2,0.24440129154926352,0.2325031605152165,0.8452153168767877
current_stateful,2011_09_26/2011_09_26_drive_0039_sync,108,disturbance,68,108,0000000108.png,3,0.415505766869903,0.35719750676113615,0.8621187833241009
current_stateful,2011_09_26/2011_09_26_drive_0039_sync,108,disturbance,68,108,0000000108.png,4,0.8299832570311563,0.7270530828886168,0.9434518553042893
current_stateful,2011_09_26/2011_09_26_drive_0039_sync,108,disturbance,68,108,0000000108.png,5,0.42130654214681357,0.3696570528736232,1.150107239525386
current_stateful,2011_09_26/2011_09_26_drive_0039_sync,109,disturbance,69,109,0000000109.png,1,0.3819158897191066,0.265523297978983,0.5106930426583882
current_stateful,2011_09_26/2011_09_26_drive_0039_sync,109,disturbance,69,109,0000000109.png,2,0.24321089470525478,0.23175110867221652,0.8431787886062215
current_stateful,2011_09_26/2011_09_26_drive_0039_sync,109,disturbance,69,109,0000000109.png,3,0.4180833477609154,0.3607312268690679,0.8617676007703131
current_stateful,2011_09_26/2011_09_26_drive_0039_sync,109,disturbance,69,109,0000000109.png,4,0.8328404729883059,0.7308917936878493,0.9419029756407394
current_stateful,2011_09_26/2011_09_26_drive_0039_sync,109,disturbance,69,109,0000000109.png,5,0.4253255260372581,0.37367606822581134,1.1488396687988758
current_stateful,2011_09_26/2011_09_26_drive_0039_sync,110,disturbance,70,110,0000000110.png,1,0.42402935950509824,0.27270514665077333,0.496625282464912
current_stateful,2011_09_26/2011_09_26_drive_0039_sync,110,disturbance,70,110,0000000110.png,2,0.24110413267622627,0.23041863213473981,0.8433630400807818
current_stateful,2011_09_26/2011_09_26_drive_0039_sync,110,disturbance,70,110,0000000110.png,3,0.4106015068266841,0.36187802509117883,0.8609366874222524
current_stateful,2011_09_26/2011_09_26_drive_0039_sync,110,disturbance,70,110,0000000110.png,4,0.8281522022563406,0.7331800369524422,0.9393715577029004
current_stateful,2011_09_26/2011_09_26_drive_0039_sync,110,disturbance,70,110,0000000110.png,5,0.42696757959316883,0.37742989947199773,1.1481407946119813
current_stateful,2011_09_26/2011_09_26_drive_0039_sync,111,disturbance,71,111,0000000111.png,1,0.42647580702846644,0.28208407750474324,0.49389041744036793
current_stateful,2011_09_26/2011_09_26_drive_0039_sync,111,disturbance,71,111,0000000111.png,2,0.24209915644295296,0.22901730239439352,0.8434665727793048
current_stateful,2011_09_26/2011_09_26_drive_0039_sync,111,disturbance,71,111,0000000111.png,3,0.40243192719489856,0.3600183423269779,0.8588591531041871
current_stateful,2011_09_26/2011_09_26_drive_0039_sync,111,disturbance,71,111,0000000111.png,4,0.8157550747940316,0.7320011597546249,0.9365161601819718
current_stateful,2011_09_26/2011_09_26_drive_0039_sync,111,disturbance,71,111,0000000111.png,5,0.4263325327906996,0.3801861187053148,1.1495591372688891
current_stateful,2011_09_26/2011_09_26_drive_0039_sync,112,disturbance,72,112,0000000112.png,1,0.39953685103260755,0.287370264543313,0.5018785882535864
current_stateful,2011_09_26/2011_09_26_drive_0039_sync,112,disturbance,72,112,0000000112.png,2,0.24505563342629821,0.2282233608592738,0.8417850180500149
current_stateful,2011_09_26/2011_09_26_drive_0039_sync,112,disturbance,72,112,0000000112.png,3,0.4018239918876992,0.35697915748391873,0.8567799546103282
current_stateful,2011_09_26/2011_09_26_drive_0039_sync,112,disturbance,72,112,0000000112.png,4,0.803985909320998,0.7271544190414603,0.9346928898180025
current_stateful,2011_09_26/2011_09_26_drive_0039_sync,112,disturbance,72,112,0000000112.png,5,0.4250597734966629,0.38150671960838867,1.156351747524761
current_stateful,2011_09_26/2011_09_26_drive_0039_sync,113,disturbance,73,113,0000000113.png,1,0.3775381147646946,0.2864060488507669,0.5088585499430678
current_stateful,2011_09_26/2011_09_26_drive_0039_sync,113,disturbance,73,113,0000000113.png,2,0.24728855137326317,0.22802643993275,0.8397384257569517
current_stateful,2011_09_26/2011_09_26_drive_0039_sync,113,disturbance,73,113,0000000113.png,3,0.40623836626705134,0.3547484720187475,0.8564010894731857
current_stateful,2011_09_26/2011_09_26_drive_0039_sync,113,disturbance,73,113,0000000113.png,4,0.7990622991250383,0.7204960378309534,0.9334035248336292
current_stateful,2011_09_26/2011_09_26_drive_0039_sync,113,disturbance,73,113,0000000113.png,5,0.42487589240976015,0.3817701532009646,1.1686461573765428
current_stateful,2011_09_26/2011_09_26_drive_0039_sync,114,disturbance,74,114,0000000114.png,1,0.3526456246351455,0.276812230049209,0.5000105773387494
current_stateful,2011_09_26/2011_09_26_drive_0039_sync,114,disturbance,74,114,0000000114.png,2,0.2493069107539723,0.22861812224568512,0.8368408577612334
current_stateful,2011_09_26/2011_09_26_drive_0039_sync,114,disturbance,74,114,0000000114.png,3,0.41322541022946807,0.35503408932962943,0.8584874615946484
current_stateful,2011_09_26/2011_09_26_drive_0039_sync,114,disturbance,74,114,0000000114.png,4,0.8034435297987729,0.7152453349640105,0.9333202065689095
current_stateful,2011_09_26/2011_09_26_drive_0039_sync,114,disturbance,74,114,0000000114.png,5,0.426430446490716,0.38200900506930185,1.1812709652770228
current_stateful,2011_09_26/2011_09_26_drive_0039_sync,115,disturbance,75,115,0000000115.png,1,0.3857030757253853,0.2485082759529409,0.48651011383262766
current_stateful,2011_09_26/2011_09_26_drive_0039_sync,115,disturbance,75,115,0000000115.png,2,0.2509256322266045,0.2296085477184281,0.8351436405330387
current_stateful,2011_09_26/2011_09_26_drive_0039_sync,115,disturbance,75,115,0000000115.png,3,0.40256692439931857,0.3554674476985312,0.8612241847879452
current_stateful,2011_09_26/2011_09_26_drive_0039_sync,115,disturbance,75,115,0000000115.png,4,0.8080212769417349,0.7136093140938692,0.9332688340607822
current_stateful,2011_09_26/2011_09_26_drive_0039_sync,115,disturbance,75,115,0000000115.png,5,0.4272168339364257,0.38282414730406106,1.1853891489270147
current_stateful,2011_09_26/2011_09_26_drive_0039_sync,116,disturbance,76,116,0000000116.png,1,0.4580962784784933,0.22047520602354123,0.4769202140126038
current_stateful,2011_09_26/2011_09_26_drive_0039_sync,116,disturbance,76,116,0000000116.png,2,0.2544194045435411,0.23055178406597723,0.8308123791457294
current_stateful,2011_09_26/2011_09_26_drive_0039_sync,116,disturbance,76,116,0000000116.png,3,0.382377023850618,0.3520079669115451,0.8616608688498316
current_stateful,2011_09_26/2011_09_26_drive_0039_sync,116,disturbance,76,116,0000000116.png,4,0.7992554986643695,0.7132054761986218,0.9325513316391412
current_stateful,2011_09_26/2011_09_26_drive_0039_sync,116,disturbance,76,116,0000000116.png,5,0.42435916319222156,0.38357758604528214,1.1846813443463946
current_stateful,2011_09_26/2011_09_26_drive_0039_sync,117,disturbance,77,117,0000000117.png,1,0.47063202150632394,0.2185993898485791,0.4717041956037711
current_stateful,2011_09_26/2011_09_26_drive_0039_sync,117,disturbance,77,117,0000000117.png,2,0.2601022504382768,0.23154268142047946,0.8251775837657812
current_stateful,2011_09_26/2011_09_26_drive_0039_sync,117,disturbance,77,117,0000000117.png,3,0.37069010213794407,0.34500265781815886,0.8574021202452862
current_stateful,2011_09_26/2011_09_26_drive_0039_sync,117,disturbance,77,117,0000000117.png,4,0.7752606025067601,0.7091110487328367,0.9287665893033982
current_stateful,2011_09_26/2011_09_26_drive_0039_sync,117,disturbance,77,117,0000000117.png,5,0.4160990079860611,0.38285085202199837,1.1843740764475517
current_stateful,2011_09_26/2011_09_26_drive_0039_sync,118,disturbance,78,118,0000000118.png,1,0.4108865104083252,0.23027098098150192,0.4836840963462104
current_stateful,2011_09_26/2011_09_26_drive_0039_sync,118,disturbance,78,118,0000000118.png,2,0.26613014199428114,0.23332927970312023,0.8211758860550774
current_stateful,2011_09_26/2011_09_26_drive_0039_sync,118,disturbance,78,118,0000000118.png,3,0.3736973112142354,0.3378836384393253,0.8501430782417622
current_stateful,2011_09_26/2011_09_26_drive_0039_sync,118,disturbance,78,118,0000000118.png,4,0.7499073081065859,0.6989452935950916,0.9208309624366599
current_stateful,2011_09_26/2011_09_26_drive_0039_sync,118,disturbance,78,118,0000000118.png,5,0.4039296604619991,0.3795387231520997,1.1815577705833917
current_stateful,2011_09_26/2011_09_26_drive_0039_sync,119,disturbance,79,119,0000000119.png,1,0.3664395888612576,0.23410706135778894,0.48339969214465406
current_stateful,2011_09_26/2011_09_26_drive_0039_sync,119,disturbance,79,119,0000000119.png,2,0.2654823529101962,0.23557332018821142,0.82242264161115
current_stateful,2011_09_26/2011_09_26_drive_0039_sync,119,disturbance,79,119,0000000119.png,3,0.37807567854305124,0.3329857262648201,0.843675143032603
current_stateful,2011_09_26/2011_09_26_drive_0039_sync,119,disturbance,79,119,0000000119.png,4,0.7395909773676113,0.6860144636715273,0.9127665560446735
current_stateful,2011_09_26/2011_09_26_drive_0039_sync,119,disturbance,79,119,0000000119.png,5,0.39280796136909535,0.37408092676159277,1.1780937526491113
current_stateful,2011_09_26/2011_09_26_drive_0039_sync,120,recovery,0,120,0000000120.png,1,0.5376400746758994,0.24262711535994938,0.3715089435766187
current_stateful,2011_09_26/2011_09_26_drive_0039_sync,120,recovery,0,120,0000000120.png,2,0.31386450068616384,0.24155978639807135,0.7057892544084744
current_stateful,2011_09_26/2011_09_26_drive_0039_sync,120,recovery,0,120,0000000120.png,3,0.3838873668995312,0.32395088889179025,0.7710470057928585
current_stateful,2011_09_26/2011_09_26_drive_0039_sync,120,recovery,0,120,0000000120.png,4,0.7091905701297572,0.6661962869574842,0.8743678754365137
current_stateful,2011_09_26/2011_09_26_drive_0039_sync,120,recovery,0,120,0000000120.png,5,0.37806000520951516,0.36590077700761164,1.1454493233498544
current_stateful,2011_09_26/2011_09_26_drive_0039_sync,121,recovery,1,121,0000000121.png,1,0.5388997958426391,0.25028333364371064,0.2866340979799815
current_stateful,2011_09_26/2011_09_26_drive_0039_sync,121,recovery,1,121,0000000121.png,2,0.3500562047935543,0.25187558408942856,0.5915989693576553
current_stateful,2011_09_26/2011_09_26_drive_0039_sync,121,recovery,1,121,0000000121.png,3,0.41897277779203296,0.3187034257970962,0.6882525515124184
current_stateful,2011_09_26/2011_09_26_drive_0039_sync,121,recovery,1,121,0000000121.png,4,0.7230207717796762,0.645155104925385,0.8039783518179746
current_stateful,2011_09_26/2011_09_26_drive_0039_sync,121,recovery,1,121,0000000121.png,5,0.36683898942070575,0.35478875562019174,1.0725478351964308
current_stateful,2011_09_26/2011_09_26_drive_0039_sync,122,recovery,2,122,0000000122.png,1,0.5412953251748257,0.2599396214002922,0.22060698148760388
current_stateful,2011_09_26/2011_09_26_drive_0039_sync,122,recovery,2,122,0000000122.png,2,0.3762587366053303,0.2656655460411743,0.485879971691146
current_stateful,2011_09_26/2011_09_26_drive_0039_sync,122,recovery,2,122,0000000122.png,3,0.45297206259368367,0.32119588218080625,0.606643383154598
current_stateful,2011_09_26/2011_09_26_drive_0039_sync,122,recovery,2,122,0000000122.png,4,0.7625167392844815,0.630489769497926,0.7163902748371566
current_stateful,2011_09_26/2011_09_26_drive_0039_sync,122,recovery,2,122,0000000122.png,5,0.37091337926543644,0.3429289148513857,0.9640030620075241
current_stateful,2011_09_26/2011_09_26_drive_0039_sync,123,recovery,3,123,0000000123.png,1,0.5480661551318304,0.26940996752502194,0.16977991116373364
current_stateful,2011_09_26/2011_09_26_drive_0039_sync,123,recovery,3,123,0000000123.png,2,0.3921797378200436,0.2809602821519928,0.39217821805026565
current_stateful,2011_09_26/2011_09_26_drive_0039_sync,123,recovery,3,123,0000000123.png,3,0.48276295095326743,0.3313233926930764,0.5257383132023322
current_stateful,2011_09_26/2011_09_26_drive_0039_sync,123,recovery,3,123,0000000123.png,4,0.808132355589257,0.6268404208933185,0.6251887602657267
current_stateful,2011_09_26/2011_09_26_drive_0039_sync,123,recovery,3,123,0000000123.png,5,0.39247822092774737,0.33441758980560643,0.8358764551036736
current_stateful,2011_09_26/2011_09_26_drive_0039_sync,124,recovery,4,124,0000000124.png,1,0.5602436129043276,0.2784443233055085,0.13062562786525483
current_stateful,2011_09_26/2011_09_26_drive_0039_sync,124,recovery,4,124,0000000124.png,2,0.4017202779109288,0.29615201692495857,0.3118685031144244
current_stateful,2011_09_26/2011_09_26_drive_0039_sync,124,recovery,4,124,0000000124.png,3,0.5131099583955854,0.3478412685291877,0.44572918033961495
current_stateful,2011_09_26/2011_09_26_drive_0039_sync,124,recovery,4,124,0000000124.png,4,0.8526725092414946,0.6349426357972007,0.5385517470837301
current_stateful,2011_09_26/2011_09_26_drive_0039_sync,124,recovery,4,124,0000000124.png,5,0.423560827199062,0.3323339482894493,0.7066471865615152
current_stateful,2011_09_26/2011_09_26_drive_0039_sync,125,recovery,5,125,0000000125.png,1,0.5763574575657262,0.27882690041234653,0.10259785184561317
current_stateful,2011_09_26/2011_09_26_drive_0039_sync,125,recovery,5,125,0000000125.png,2,0.4078176381609755,0.3101722268278653,0.25135795762762136
current_stateful,2011_09_26/2011_09_26_drive_0039_sync,125,recovery,5,125,0000000125.png,3,0.5155789193270167,0.3655768241360314,0.37460267477864834
current_stateful,2011_09_26/2011_09_26_drive_0039_sync,125,recovery,5,125,0000000125.png,4,0.8861579218824615,0.65290987273423,0.46204289184978903
current_stateful,2011_09_26/2011_09_26_drive_0039_sync,125,recovery,5,125,0000000125.png,5,0.4570301681694202,0.33831356426916753,0.5825926641851197
current_stateful,2011_09_26/2011_09_26_drive_0039_sync,126,recovery,6,126,0000000126.png,1,0.5901742670573751,0.2735288791213555,0.08156333771261329
current_stateful,2011_09_26/2011_09_26_drive_0039_sync,126,recovery,6,126,0000000126.png,2,0.41648974183921256,0.32276545199938717,0.20445283987166266
current_stateful,2011_09_26/2011_09_26_drive_0039_sync,126,recovery,6,126,0000000126.png,3,0.4927662939567021,0.3772463534979031,0.31302935406810695
current_stateful,2011_09_26/2011_09_26_drive_0039_sync,126,recovery,6,126,0000000126.png,4,0.891191265313458,0.6740468097719872,0.39508152927314344
current_stateful,2011_09_26/2011_09_26_drive_0039_sync,126,recovery,6,126,0000000126.png,5,0.4820696263019568,0.35118323845239213,0.4789289011022415
current_stateful,2011_09_26/2011_09_26_drive_0039_sync,127,recovery,7,127,0000000127.png,1,0.5341914724333178,0.2808300008315767,0.06369907216944787
current_stateful,2011_09_26/2011_09_26_drive_0039_sync,127,recovery,7,127,0000000127.png,2,0.430074629084972,0.33513433009685445,0.16388543580909032
current_stateful,2011_09_26/2011_09_26_drive_0039_sync,127,recovery,7,127,0000000127.png,3,0.49328940336429494,0.38503020957403394,0.25669998184212534
current_stateful,2011_09_26/2011_09_26_drive_0039_sync,127,recovery,7,127,0000000127.png,4,0.8875429582379412,0.6930273172957468,0.3330586978423351
current_stateful,2011_09_26/2011_09_26_drive_0039_sync,127,recovery,7,127,0000000127.png,5,0.49580046680195844,0.36735684786607253,0.397169400157346
current_stateful,2011_09_26/2011_09_26_drive_0039_sync,128,recovery,8,128,0000000128.png,1,0.5090825342691578,0.27803885371012654,0.05054517961617983
current_stateful,2011_09_26/2011_09_26_drive_0039_sync,128,recovery,8,128,0000000128.png,2,0.42564661218323496,0.3458650563610495,0.13218285172174357
current_stateful,2011_09_26/2011_09_26_drive_0039_sync,128,recovery,8,128,0000000128.png,3,0.4887703692130546,0.39169740340291465,0.210446208656219
current_stateful,2011_09_26/2011_09_26_drive_0039_sync,128,recovery,8,128,0000000128.png,4,0.8903641746650339,0.7102830666878659,0.2781079667404512
current_stateful,2011_09_26/2011_09_26_drive_0039_sync,128,recovery,8,128,0000000128.png,5,0.5032951881068417,0.38412022383645833,0.32968164355382246
current_stateful,2011_09_26/2011_09_26_drive_0039_sync,129,recovery,9,129,0000000129.png,1,0.5631498857584583,0.2735387878928562,0.04070850846624553
current_stateful,2011_09_26/2011_09_26_drive_0039_sync,129,recovery,9,129,0000000129.png,2,0.42167878691897287,0.35331507257973865,0.10847623820622924
current_stateful,2011_09_26/2011_09_26_drive_0039_sync,129,recovery,9,129,0000000129.png,3,0.46457133172602105,0.3923695637594809,0.17380833064018622
current_stateful,2011_09_26/2011_09_26_drive_0039_sync,129,recovery,9,129,0000000129.png,4,0.876076724135329,0.7229405094402565,0.23262386324856435
current_stateful,2011_09_26/2011_09_26_drive_0039_sync,129,recovery,9,129,0000000129.png,5,0.5010908839101212,0.3988729996252551,0.2773744453122295
current_stateful,2011_09_26/2011_09_26_drive_0039_sync,130,recovery,10,130,0000000130.png,1,0.5242115494497777,0.2826983263019002,0.03215674993468607
current_stateful,2011_09_26/2011_09_26_drive_0039_sync,130,recovery,10,130,0000000130.png,2,0.42672855734486265,0.35920103444205725,0.08747141571846705
current_stateful,2011_09_26/2011_09_26_drive_0039_sync,130,recovery,10,130,0000000130.png,3,0.46543689562173707,0.39023797378703323,0.1426992459261224
current_stateful,2011_09_26/2011_09_26_drive_0039_sync,130,recovery,10,130,0000000130.png,4,0.8567451854790559,0.7287892950582562,0.1942741430594503
current_stateful,2011_09_26/2011_09_26_drive_0039_sync,130,recovery,10,130,0000000130.png,5,0.4926127867983686,0.40968535789725913,0.23649574704862825
current_stateful,2011_09_26/2011_09_26_drive_0039_sync,131,recovery,11,131,0000000131.png,1,0.49090226459592934,0.2837439779480794,0.025512691126447117
current_stateful,2011_09_26/2011_09_26_drive_0039_sync,131,recovery,11,131,0000000131.png,2,0.42269941576246434,0.36390564479653315,0.07007188252246772
current_stateful,2011_09_26/2011_09_26_drive_0039_sync,131,recovery,11,131,0000000131.png,3,0.4735136792324138,0.38961398440852674,0.11608248271985964
current_stateful,2011_09_26/2011_09_26_drive_0039_sync,131,recovery,11,131,0000000131.png,4,0.851535360853085,0.7306044535606749,0.1614093511135683
current_stateful,2011_09_26/2011_09_26_drive_0039_sync,131,recovery,11,131,0000000131.png,5,0.4867358107743703,0.41681539510815063,0.20110686703780192
current_stateful,2011_09_26/2011_09_26_drive_0039_sync,132,recovery,12,132,0000000132.png,1,0.5188469907712081,0.26932742875513455,0.020423281884522262
current_stateful,2011_09_26/2011_09_26_drive_0039_sync,132,recovery,12,132,0000000132.png,2,0.41927714351074963,0.36761549248652503,0.05647080571887931
current_stateful,2011_09_26/2011_09_26_drive_0039_sync,132,recovery,12,132,0000000132.png,3,0.4647170881945735,0.38998452062752487,0.09408445443139848
current_stateful,2011_09_26/2011_09_26_drive_0039_sync,132,recovery,12,132,0000000132.png,4,0.8537733444914657,0.7322247688542114,0.13277793123361287
current_stateful,2011_09_26/2011_09_26_drive_0039_sync,132,recovery,12,132,0000000132.png,5,0.4857606012689424,0.4218151224394304,0.16959339220684164
current_stateful,2011_09_26/2011_09_26_drive_0039_sync,133,recovery,13,133,0000000133.png,1,0.5018092037966825,0.2675106600266473,0.016218527741494595
current_stateful,2011_09_26/2011_09_26_drive_0039_sync,133,recovery,13,133,0000000133.png,2,0.42179199694609704,0.37054601516817887,0.04523075891893445
current_stateful,2011_09_26/2011_09_26_drive_0039_sync,133,recovery,13,133,0000000133.png,3,0.46428608236183994,0.39041540155784865,0.07549484032183205
current_stateful,2011_09_26/2011_09_26_drive_0039_sync,133,recovery,13,133,0000000133.png,4,0.8546173971561293,0.7347106427786069,0.10745763774291028
current_stateful,2011_09_26/2011_09_26_drive_0039_sync,133,recovery,13,133,0000000133.png,5,0.4869654576369058,0.4258838703592165,0.14092262939589487
current_stateful,2011_09_26/2011_09_26_drive_0039_sync,134,recovery,14,134,0000000134.png,1,0.48351322612018793,0.272244867267745,0.01279440363731699
current_stateful,2011_09_26/2011_09_26_drive_0039_sync,134,recovery,14,134,0000000134.png,2,0.4232016638969161,0.37278912991938223,0.03561487930054184
current_stateful,2011_09_26/2011_09_26_drive_0039_sync,134,recovery,14,134,0000000134.png,3,0.47749897700477023,0.39209198665113804,0.059706618755930946
current_stateful,2011_09_26/2011_09_26_drive_0039_sync,134,recovery,14,134,0000000134.png,4,0.8569661286242467,0.7374758333880369,0.08593570880818883
current_stateful,2011_09_26/2011_09_26_drive_0039_sync,134,recovery,14,134,0000000134.png,5,0.48934853421825847,0.429634269088142,0.1144756730467361
current_stateful,2011_09_26/2011_09_26_drive_0039_sync,135,recovery,15,135,0000000135.png,1,0.47694776119539506,0.2761827120205148,0.010102385329521294
current_stateful,2011_09_26/2011_09_26_drive_0039_sync,135,recovery,15,135,0000000135.png,2,0.42059913014197126,0.3740612893310833,0.027801940538750836
current_stateful,2011_09_26/2011_09_26_drive_0039_sync,135,recovery,15,135,0000000135.png,3,0.4940184123961548,0.3958331887181188,0.04695027115939082
current_stateful,2011_09_26/2011_09_26_drive_0039_sync,135,recovery,15,135,0000000135.png,4,0.8663917610154576,0.7403864506219701,0.06850730060757454
current_stateful,2011_09_26/2011_09_26_drive_0039_sync,135,recovery,15,135,0000000135.png,5,0.49354573773656557,0.43333874376636505,0.09181745564363807
current_stateful,2011_09_26/2011_09_26_drive_0039_sync,136,recovery,16,136,0000000136.png,1,0.5040672497501254,0.2768202425701279,0.008051854939348653
current_stateful,2011_09_26/2011_09_26_drive_0039_sync,136,recovery,16,136,0000000136.png,2,0.418862789108526,0.37457353634377005,0.021847634718384364
current_stateful,2011_09_26/2011_09_26_drive_0039_sync,136,recovery,16,136,0000000136.png,3,0.5008680517306637,0.4004789308220615,0.03693793918387867
current_stateful,2011_09_26/2011_09_26_drive_0039_sync,136,recovery,16,136,0000000136.png,4,0.8803509957697991,0.7443175808946659,0.05473222156691151
current_stateful,2011_09_26/2011_09_26_drive_0039_sync,136,recovery,16,136,0000000136.png,5,0.49842699036270033,0.43687834928464303,0.0734052556981793
current_stateful,2011_09_26/2011_09_26_drive_0039_sync,137,recovery,17,137,0000000137.png,1,0.5049461786166868,0.27882074122277306,0.006406054244948406
current_stateful,2011_09_26/2011_09_26_drive_0039_sync,137,recovery,17,137,0000000137.png,2,0.42011456333348945,0.37494784220759025,0.017195510399749286
current_stateful,2011_09_26/2011_09_26_drive_0039_sync,137,recovery,17,137,0000000137.png,3,0.5059004510315328,0.4053014506438339,0.028991250464986695
current_stateful,2011_09_26/2011_09_26_drive_0039_sync,137,recovery,17,137,0000000137.png,4,0.8948312664048481,0.74979442672534,0.04370421836473404
current_stateful,2011_09_26/2011_09_26_drive_0039_sync,137,recovery,17,137,0000000137.png,5,0.5043324912275294,0.44051463906819666,0.058657302877698034
current_stateful,2011_09_26/2011_09_26_drive_0039_sync,138,recovery,18,138,0000000138.png,1,0.5258658337312857,0.28000139324343737,0.005135558349583583
current_stateful,2011_09_26/2011_09_26_drive_0039_sync,138,recovery,18,138,0000000138.png,2,0.42066359985159335,0.37543136522727893,0.013725853967579069
current_stateful,2011_09_26/2011_09_26_drive_0039_sync,138,recovery,18,138,0000000138.png,3,0.5007665288189032,0.4086238826232596,0.022949266334104042
current_stateful,2011_09_26/2011_09_26_drive_0039_sync,138,recovery,18,138,0000000138.png,4,0.9017366042843492,0.7560779517210298,0.03478566073694955
current_stateful,2011_09_26/2011_09_26_drive_0039_sync,138,recovery,18,138,0000000138.png,5,0.5102508639328767,0.4446769729238907,0.04689789574386269
current_stateful,2011_09_26/2011_09_26_drive_0039_sync,139,recovery,19,139,0000000139.png,1,0.5461842762791757,0.2849547920603199,0.004115273617187346
current_stateful,2011_09_26/2011_09_26_drive_0039_sync,139,recovery,19,139,0000000139.png,2,0.4240628623013927,0.37612544722026936,0.011003917600982682
current_stateful,2011_09_26/2011_09_26_drive_0039_sync,139,recovery,19,139,0000000139.png,3,0.4974049850279401,0.4097981127326798,0.018247544367748423
current_stateful,2011_09_26/2011_09_26_drive_0039_sync,139,recovery,19,139,0000000139.png,4,0.8991222754076815,0.7606878141014006,0.027677191951830757
current_stateful,2011_09_26/2011_09_26_drive_0039_sync,139,recovery,19,139,0000000139.png,5,0.5138091664121615,0.44893307634336194,0.03740662778846791
current_stateful,2011_09_26/2011_09_26_drive_0039_sync,140,recovery,20,140,0000000140.png,1,0.5622831477971212,0.2943094807782521,0.003291726584094093
current_stateful,2011_09_26/2011_09_26_drive_0039_sync,140,recovery,20,140,0000000140.png,2,0.42763817116462893,0.37706958385312306,0.008810063457205905
current_stateful,2011_09_26/2011_09_26_drive_0039_sync,140,recovery,20,140,0000000140.png,3,0.5004443417417147,0.40997894840044535,0.014547105825184408
current_stateful,2011_09_26/2011_09_26_drive_0039_sync,140,recovery,20,140,0000000140.png,4,0.8933465071162211,0.7622574842696453,0.022206432367810783
current_stateful,2011_09_26/2011_09_26_drive_0039_sync,140,recovery,20,140,0000000140.png,5,0.5149165965575413,0.4524237271587472,0.029825949575082604
current_stateful,2011_09_26/2011_09_26_drive_0039_sync,141,recovery,21,141,0000000141.png,1,0.5832216816234931,0.3047607440053582,0.0026444853466918317
current_stateful,2011_09_26/2011_09_26_drive_0039_sync,141,recovery,21,141,0000000141.png,2,0.42968536706314314,0.37808369994917856,0.007076679909519725
current_stateful,2011_09_26/2011_09_26_drive_0039_sync,141,recovery,21,141,0000000141.png,3,0.5017710213101856,0.4098531385065487,0.01170330805867422
current_stateful,2011_09_26/2011_09_26_drive_0039_sync,141,recovery,21,141,0000000141.png,4,0.888127037897436,0.7610799384614025,0.017976767132085437
current_stateful,2011_09_26/2011_09_26_drive_0039_sync,141,recovery,21,141,0000000141.png,5,0.5139428251463914,0.4547557831742946,0.024165243931354632
current_stateful,2011_09_26/2011_09_26_drive_0039_sync,142,recovery,22,142,0000000142.png,1,0.592628137442898,0.3161430798655282,0.0021208599543799567
current_stateful,2011_09_26/2011_09_26_drive_0039_sync,142,recovery,22,142,0000000142.png,2,0.43271581676160525,0.3792428140540021,0.005677537201003497
current_stateful,2011_09_26/2011_09_26_drive_0039_sync,142,recovery,22,142,0000000142.png,3,0.506723909757239,0.41032037524939924,0.009432817347111298
current_stateful,2011_09_26/2011_09_26_drive_0039_sync,142,recovery,22,142,0000000142.png,4,0.8867144382730219,0.7585345651727827,0.014546284018599828
current_stateful,2011_09_26/2011_09_26_drive_0039_sync,142,recovery,22,142,0000000142.png,5,0.5111764005222698,0.45583942324155663,0.019558433556361877
current_stateful,2011_09_26/2011_09_26_drive_0039_sync,143,recovery,23,143,0000000143.png,1,0.5836170822105854,0.3237674839249097,0.0016945887864054658
current_stateful,2011_09_26/2011_09_26_drive_0039_sync,143,recovery,23,143,0000000143.png,2,0.4341175015042085,0.3807758243131233,0.0045346006764190455
current_stateful,2011_09_26/2011_09_26_drive_0039_sync,143,recovery,23,143,0000000143.png,3,0.5200331593002415,0.4129883515370575,0.007597231559059114
current_stateful,2011_09_26/2011_09_26_drive_0039_sync,143,recovery,23,143,0000000143.png,4,0.8922373288885411,0.7565512979643441,0.011829243645437554
current_stateful,2011_09_26/2011_09_26_drive_0039_sync,143,recovery,23,143,0000000143.png,5,0.5102959296316651,0.45642131665348384,0.015891282361544398
current_stateful,2011_09_26/2011_09_26_drive_0039_sync,144,recovery,24,144,0000000144.png,1,0.588264137127714,0.32715327896657936,0.0013647740142217523
current_stateful,2011_09_26/2011_09_26_drive_0039_sync,144,recovery,24,144,0000000144.png,2,0.43309794458726436,0.3820149881877181,0.003662637576806125
current_stateful,2011_09_26/2011_09_26_drive_0039_sync,144,recovery,24,144,0000000144.png,3,0.5266488226359439,0.41710505793795316,0.0061756952300708505
current_stateful,2011_09_26/2011_09_26_drive_0039_sync,144,recovery,24,144,0000000144.png,4,0.9009572783411156,0.756566991617715,0.009651533720834727
current_stateful,2011_09_26/2011_09_26_drive_0039_sync,144,recovery,24,144,0000000144.png,5,0.5128607174562613,0.45730503331604677,0.013110750477872118
current_stateful,2011_09_26/2011_09_26_drive_0039_sync,145,recovery,25,145,0000000145.png,1,0.5694108226345473,0.33152838735447215,0.0010941718523285492
current_stateful,2011_09_26/2011_09_26_drive_0039_sync,145,recovery,25,145,0000000145.png,2,0.43580741458238753,0.38320834392241315,0.00294743353943988
current_stateful,2011_09_26/2011_09_26_drive_0039_sync,145,recovery,25,145,0000000145.png,3,0.53537100195928,0.4223487277456467,0.005037167649882192
current_stateful,2011_09_26/2011_09_26_drive_0039_sync,145,recovery,25,145,0000000145.png,4,0.9128826582083318,0.7592266451115717,0.007900196435483557
current_stateful,2011_09_26/2011_09_26_drive_0039_sync,145,recovery,25,145,0000000145.png,5,0.5186287059078981,0.45883568636823047,0.010916446988833995
current_stateful,2011_09_26/2011_09_26_drive_0039_sync,146,recovery,26,146,0000000146.png,1,0.5503045512795168,0.3343842359193464,0.0008815368287543386
current_stateful,2011_09_26/2011_09_26_drive_0039_sync,146,recovery,26,146,0000000146.png,2,0.43443081945929096,0.38434971137357854,0.002381346545358103
current_stateful,2011_09_26/2011_09_26_drive_0039_sync,146,recovery,26,146,0000000146.png,3,0.5377087528492103,0.42806535197509443,0.00411483400360691
current_stateful,2011_09_26/2011_09_26_drive_0039_sync,146,recovery,26,146,0000000146.png,4,0.9284688653866451,0.7652360133947871,0.006489674720862486
current_stateful,2011_09_26/2011_09_26_drive_0039_sync,146,recovery,26,146,0000000146.png,5,0.5280389250247984,0.46146986362844955,0.009112220105627242
current_stateful,2011_09_26/2011_09_26_drive_0039_sync,147,recovery,27,147,0000000147.png,1,0.5466650066178214,0.3332845788316929,0.0007125527720387517
current_stateful,2011_09_26/2011_09_26_drive_0039_sync,147,recovery,27,147,0000000147.png,2,0.4338557014806058,0.3851554966167964,0.0019368252460654903
current_stateful,2011_09_26/2011_09_26_drive_0039_sync,147,recovery,27,147,0000000147.png,3,0.5336165596694589,0.43242459249910375,0.0033754980122011335
current_stateful,2011_09_26/2011_09_26_drive_0039_sync,147,recovery,27,147,0000000147.png,4,0.940642615254701,0.7737526786575891,0.005325040601940711
current_stateful,2011_09_26/2011_09_26_drive_0039_sync,147,recovery,27,147,0000000147.png,5,0.5384870955345766,0.46553762918896063,0.007593362032731737
current_stateful,2011_09_26/2011_09_26_drive_0039_sync,148,recovery,28,148,0000000148.png,1,0.5363003620591807,0.32947508599786496,0.0005735800230992187
current_stateful,2011_09_26/2011_09_26_drive_0039_sync,148,recovery,28,148,0000000148.png,2,0.43494174412012493,0.3859503734907533,0.0015672830366601298
current_stateful,2011_09_26/2011_09_26_drive_0039_sync,148,recovery,28,148,0000000148.png,3,0.5398076791517048,0.4367632954275932,0.0027590580393447237
current_stateful,2011_09_26/2011_09_26_drive_0039_sync,148,recovery,28,148,0000000148.png,4,0.9537118649161035,0.7839101129429786,0.00437033040580883
current_stateful,2011_09_26/2011_09_26_drive_0039_sync,148,recovery,28,148,0000000148.png,5,0.5501087533926587,0.4710631151615376,0.006340709010939868
current_stateful,2011_09_26/2011_09_26_drive_0039_sync,149,recovery,29,149,0000000149.png,1,0.5601287119301613,0.3206953466908438,0.0004690102476711716
current_stateful,2011_09_26/2011_09_26_drive_0039_sync,149,recovery,29,149,0000000149.png,2,0.4334136683108412,0.3866256588414921,0.0012914649075774058
current_stateful,2011_09_26/2011_09_26_drive_0039_sync,149,recovery,29,149,0000000149.png,3,0.5345234656797526,0.4401457041563118,0.002273595320865521
current_stateful,2011_09_26/2011_09_26_drive_0039_sync,149,recovery,29,149,0000000149.png,4,0.9609578004288247,0.7947519697118852,0.0035734890240276297
current_stateful,2011_09_26/2011_09_26_drive_0039_sync,149,recovery,29,149,0000000149.png,5,0.5614622147839494,0.4779860120415911,0.005219315335386327
current_stateful,2011_09_26/2011_09_26_drive_0039_sync,150,recovery,30,150,0000000150.png,1,0.5572995878499479,0.31662004906383545,0.0003824015933818166
current_stateful,2011_09_26/2011_09_26_drive_0039_sync,150,recovery,30,150,0000000150.png,2,0.43777130418647564,0.3875409283458695,0.0010676090027667878
current_stateful,2011_09_26/2011_09_26_drive_0039_sync,150,recovery,30,150,0000000150.png,3,0.5275286710310927,0.44144601887215895,0.0018854483500954494
current_stateful,2011_09_26/2011_09_26_drive_0039_sync,150,recovery,30,150,0000000150.png,4,0.9584269861995178,0.8043517505573202,0.002935337676847245
current_stateful,2011_09_26/2011_09_26_drive_0039_sync,150,recovery,30,150,0000000150.png,5,0.5672231012417732,0.485424194247434,0.004296108409366546
current_stateful,2011_09_26/2011_09_26_drive_0039_sync,151,recovery,31,151,0000000151.png,1,0.550412511878159,0.31417469331683784,0.0003106065449098376
current_stateful,2011_09_26/2011_09_26_drive_0039_sync,151,recovery,31,151,0000000151.png,2,0.4391142046450653,0.38847909832826016,0.0008776607086492838
current_stateful,2011_09_26/2011_09_26_drive_0039_sync,151,recovery,31,151,0000000151.png,3,0.5286227268511234,0.44172915209969577,0.00156064788556217
current_stateful,2011_09_26/2011_09_26_drive_0039_sync,151,recovery,31,151,0000000151.png,4,0.9540205209488941,0.8116532538165594,0.002406495009537665
current_stateful,2011_09_26/2011_09_26_drive_0039_sync,151,recovery,31,151,0000000151.png,5,0.5676414953086713,0.4922013634457377,0.003474615934369609
current_stateful,2011_09_26/2011_09_26_drive_0039_sync,152,recovery,32,152,0000000152.png,1,0.5585986347539446,0.3112236239366223,0.0002533544400270319
current_stateful,2011_09_26/2011_09_26_drive_0039_sync,152,recovery,32,152,0000000152.png,2,0.43573821374888305,0.3890394189129022,0.0007269122371137732
current_stateful,2011_09_26/2011_09_26_drive_0039_sync,152,recovery,32,152,0000000152.png,3,0.5287971064113872,0.4418240646005193,0.0012933706731103481
current_stateful,2011_09_26/2011_09_26_drive_0039_sync,152,recovery,32,152,0000000152.png,4,0.9509375538196055,0.816950781477685,0.00198489894962235
current_stateful,2011_09_26/2011_09_26_drive_0039_sync,152,recovery,32,152,0000000152.png,5,0.5662685628534271,0.49780321225755025,0.0028282811282957284
current_stateful,2011_09_26/2011_09_26_drive_0039_sync,153,recovery,33,153,0000000153.png,1,0.5714390104769062,0.3074087932131224,0.00020654597469336726
current_stateful,2011_09_26/2011_09_26_drive_0039_sync,153,recovery,33,153,0000000153.png,2,0.43483608469694907,0.3891407980302911,0.0006048814728830998
current_stateful,2011_09_26/2011_09_26_drive_0039_sync,153,recovery,33,153,0000000153.png,3,0.5307092960548312,0.44196128054406686,0.001071910158041271
current_stateful,2011_09_26/2011_09_26_drive_0039_sync,153,recovery,33,153,0000000153.png,4,0.9496743092797566,0.8204601434643438,0.0016472828730799954
current_stateful,2011_09_26/2011_09_26_drive_0039_sync,153,recovery,33,153,0000000153.png,5,0.5640063480161259,0.5021648148376836,0.002319223570560541
current_stateful,2011_09_26/2011_09_26_drive_0039_sync,154,recovery,34,154,0000000154.png,1,0.5811769448606612,0.3057954795876445,0.00016952073080720156
current_stateful,2011_09_26/2011_09_26_drive_0039_sync,154,recovery,34,154,0000000154.png,2,0.4317016837286905,0.38855709614920475,0.0005028506990169308
current_stateful,2011_09_26/2011_09_26_drive_0039_sync,154,recovery,34,154,0000000154.png,3,0.5314482273472997,0.44188196093832594,0.0008936779633750241
current_stateful,2011_09_26/2011_09_26_drive_0039_sync,154,recovery,34,154,0000000154.png,4,0.9504613387982731,0.8224989991579764,0.0013606544704756454
current_stateful,2011_09_26/2011_09_26_drive_0039_sync,154,recovery,34,154,0000000154.png,5,0.5614695465731161,0.5053408517090547,0.0018882544341947566
current_stateful,2011_09_26/2011_09_26_drive_0039_sync,155,recovery,35,155,0000000155.png,1,0.5744311461505853,0.30761986539542546,0.00013952725346817914
current_stateful,2011_09_26/2011_09_26_drive_0039_sync,155,recovery,35,155,0000000155.png,2,0.42994499169376726,0.3877485531915109,0.00042095024994985233
current_stateful,2011_09_26/2011_09_26_drive_0039_sync,155,recovery,35,155,0000000155.png,3,0.5342468186258296,0.4422168954041427,0.000743584434581854
current_stateful,2011_09_26/2011_09_26_drive_0039_sync,155,recovery,35,155,0000000155.png,4,0.9530717049331668,0.8238585886203427,0.0011392862835447656
current_stateful,2011_09_26/2011_09_26_drive_0039_sync,155,recovery,35,155,0000000155.png,5,0.5598039466647076,0.5075099368363766,0.001539250596625319
current_stateful,2011_09_26/2011_09_26_drive_0039_sync,156,recovery,36,156,0000000156.png,1,0.5670999272983618,0.311583212909384,0.00011499130467199671
current_stateful,2011_09_26/2011_09_26_drive_0039_sync,156,recovery,36,156,0000000156.png,2,0.43005559405064525,0.38702640124692844,0.00035500527502933983
current_stateful,2011_09_26/2011_09_26_drive_0039_sync,156,recovery,36,156,0000000156.png,3,0.5358611503687069,0.44301449207874916,0.0006254194577781334
current_stateful,2011_09_26/2011_09_26_drive_0039_sync,156,recovery,36,156,0000000156.png,4,0.953828325121156,0.8247024663730472,0.0009574163852628279
current_stateful,2011_09_26/2011_09_26_drive_0039_sync,156,recovery,36,156,0000000156.png,5,0.5593089750938035,0.5090551047407376,0.0012590864014413103
current_stateful,2011_09_26/2011_09_26_drive_0039_sync,157,recovery,37,157,0000000157.png,1,0.5518683525928529,0.31580534213139655,9.44402793940466e-05
current_stateful,2011_09_26/2011_09_26_drive_0039_sync,157,recovery,37,157,0000000157.png,2,0.4338934827743603,0.3869678490426812,0.00029871585643799915
current_stateful,2011_09_26/2011_09_26_drive_0039_sync,157,recovery,37,157,0000000157.png,3,0.5404505873543887,0.44451214427235697,0.0005276032961333574
current_stateful,2011_09_26/2011_09_26_drive_0039_sync,157,recovery,37,157,0000000157.png,4,0.9561060197322094,0.8253492625583959,0.0008086498343452108
current_stateful,2011_09_26/2011_09_26_drive_0039_sync,157,recovery,37,157,0000000157.png,5,0.5594440276042396,0.5102327071675025,0.0010621078333743759
current_stateful,2011_09_26/2011_09_26_drive_0039_sync,158,recovery,38,158,0000000158.png,1,0.5365301872300935,0.31681115301726065,7.80228049440903e-05
current_stateful,2011_09_26/2011_09_26_drive_0039_sync,158,recovery,38,158,0000000158.png,2,0.4327617536179996,0.38714213659242885,0.00025306812904259357
current_stateful,2011_09_26/2011_09_26_drive_0039_sync,158,recovery,38,158,0000000158.png,3,0.5367657555876916,0.4459425627276971,0.0004440824146289994
current_stateful,2011_09_26/2011_09_26_drive_0039_sync,158,recovery,38,158,0000000158.png,4,0.9600080642336511,0.8268135698288608,0.0006723082220519227
current_stateful,2011_09_26/2011_09_26_drive_0039_sync,158,recovery,38,158,0000000158.png,5,0.5604600544010799,0.5113050447369072,0.0008934786602079266
current_stateful,2011_09_26/2011_09_26_drive_0039_sync,159,recovery,39,159,0000000159.png,1,0.5729820347747402,0.3149467825347486,6.52439355323801e-05
current_stateful,2011_09_26/2011_09_26_drive_0039_sync,159,recovery,39,159,0000000159.png,2,0.4334421991437396,0.38728163601421983,0.00022212823713777736
current_stateful,2011_09_26/2011_09_26_drive_0039_sync,159,recovery,39,159,0000000159.png,3,0.5120194337433436,0.443314426994722,0.0003815210365794242
current_stateful,2011_09_26/2011_09_26_drive_0039_sync,159,recovery,39,159,0000000159.png,4,0.949033638979086,0.8269861844233558,0.0005710772336658746
current_stateful,2011_09_26/2011_09_26_drive_0039_sync,159,recovery,39,159,0000000159.png,5,0.558358041421594,0.5118142260615226,0.0007598851445097821
learned_error_driven_zeroed,2011_09_26/2011_09_26_drive_0011_sync,0,baseline,0,0,0000000000.png,1,0.0,0.0,0.0
learned_error_driven_zeroed,2011_09_26/2011_09_26_drive_0011_sync,0,baseline,0,0,0000000000.png,2,0.0,0.0,0.0
learned_error_driven_zeroed,2011_09_26/2011_09_26_drive_0011_sync,0,baseline,0,0,0000000000.png,3,0.0,0.0,0.0
learned_error_driven_zeroed,2011_09_26/2011_09_26_drive_0011_sync,0,baseline,0,0,0000000000.png,4,0.0,0.0,0.0
learned_error_driven_zeroed,2011_09_26/2011_09_26_drive_0011_sync,0,baseline,0,0,0000000000.png,5,0.0,0.0,0.0
learned_error_driven_zeroed,2011_09_26/2011_09_26_drive_0011_sync,1,baseline,1,1,0000000001.png,1,0.9593017275309975,0.19857545976478316,0.0
learned_error_driven_zeroed,2011_09_26/2011_09_26_drive_0011_sync,1,baseline,1,1,0000000001.png,2,1.6688447264724209,0.3454508621483345,0.0
learned_error_driven_zeroed,2011_09_26/2011_09_26_drive_0011_sync,1,baseline,1,1,0000000001.png,3,2.646065654681095,0.5477355964325946,0.0
learned_error_driven_zeroed,2011_09_26/2011_09_26_drive_0011_sync,1,baseline,1,1,0000000001.png,4,3.1395361156434043,0.6498839829692746,0.0
learned_error_driven_zeroed,2011_09_26/2011_09_26_drive_0011_sync,1,baseline,1,1,0000000001.png,5,1.3008216787643947,0.26927009041413213,0.0
learned_error_driven_zeroed,2011_09_26/2011_09_26_drive_0011_sync,2,baseline,2,2,0000000002.png,1,1.1659507740121597,0.348989770966975,0.0
learned_error_driven_zeroed,2011_09_26/2011_09_26_drive_0011_sync,2,baseline,2,2,0000000002.png,2,1.5584619602898808,0.48998629079097755,0.0
learned_error_driven_zeroed,2011_09_26/2011_09_26_drive_0011_sync,2,baseline,2,2,0000000002.png,3,2.666379311739862,0.7996693811889309,0.0
learned_error_driven_zeroed,2011_09_26/2011_09_26_drive_0011_sync,2,baseline,2,2,0000000002.png,4,3.344776961160006,1.0139751456715074,0.0
learned_error_driven_zeroed,2011_09_26/2011_09_26_drive_0011_sync,2,baseline,2,2,0000000002.png,5,1.3706496220085027,0.455584325199258,0.0
learned_error_driven_zeroed,2011_09_26/2011_09_26_drive_0011_sync,3,baseline,3,3,0000000003.png,1,1.2865264204639524,0.488583596775372,0.0
learned_error_driven_zeroed,2011_09_26/2011_09_26_drive_0011_sync,3,baseline,3,3,0000000003.png,2,1.5211338083566572,0.566667222781468,0.0
learned_error_driven_zeroed,2011_09_26/2011_09_26_drive_0011_sync,3,baseline,3,3,0000000003.png,3,2.7037352578158895,0.9644304076146786,0.0
learned_error_driven_zeroed,2011_09_26/2011_09_26_drive_0011_sync,3,baseline,3,3,0000000003.png,4,3.423169280829452,1.278701015438852,0.0
learned_error_driven_zeroed,2011_09_26/2011_09_26_drive_0011_sync,3,baseline,3,3,0000000003.png,5,1.4096338603067222,0.5858800125552047,0.0
learned_error_driven_zeroed,2011_09_26/2011_09_26_drive_0011_sync,4,baseline,4,4,0000000004.png,1,1.3369286970440006,0.6035410361263789,0.0
learned_error_driven_zeroed,2011_09_26/2011_09_26_drive_0011_sync,4,baseline,4,4,0000000004.png,2,1.5121378613689165,0.6216694896643841,0.0
learned_error_driven_zeroed,2011_09_26/2011_09_26_drive_0011_sync,4,baseline,4,4,0000000004.png,3,2.707279891294589,1.0901209777236809,0.0
learned_error_driven_zeroed,2011_09_26/2011_09_26_drive_0011_sync,4,baseline,4,4,0000000004.png,4,3.4390484988752297,1.475847957758107,0.0
learned_error_driven_zeroed,2011_09_26/2011_09_26_drive_0011_sync,4,baseline,4,4,0000000004.png,5,1.4051646108444475,0.6767875818772751,0.0
learned_error_driven_zeroed,2011_09_26/2011_09_26_drive_0011_sync,5,baseline,5,5,0000000005.png,1,1.3604623527803912,0.7045452564814138,0.0
learned_error_driven_zeroed,2011_09_26/2011_09_26_drive_0011_sync,5,baseline,5,5,0000000005.png,2,1.4781201426486954,0.6655362910824562,0.0
learned_error_driven_zeroed,2011_09_26/2011_09_26_drive_0011_sync,5,baseline,5,5,0000000005.png,3,2.6577507214186586,1.1863208764908126,0.0
learned_error_driven_zeroed,2011_09_26/2011_09_26_drive_0011_sync,5,baseline,5,5,0000000005.png,4,3.3731205833716964,1.6085092782688253,0.0
learned_error_driven_zeroed,2011_09_26/2011_09_26_drive_0011_sync,5,baseline,5,5,0000000005.png,5,1.359720983636722,0.7349411097483876,0.0
learned_error_driven_zeroed,2011_09_26/2011_09_26_drive_0011_sync,6,baseline,6,6,0000000006.png,1,1.26958796363614,0.7643657346534692,0.0
learned_error_driven_zeroed,2011_09_26/2011_09_26_drive_0011_sync,6,baseline,6,6,0000000006.png,2,1.4547197040330933,0.6908500085300998,0.0
learned_error_driven_zeroed,2011_09_26/2011_09_26_drive_0011_sync,6,baseline,6,6,0000000006.png,3,2.6372302904890557,1.2463432777331127,0.0
learned_error_driven_zeroed,2011_09_26/2011_09_26_drive_0011_sync,6,baseline,6,6,0000000006.png,4,3.4003750237237758,1.700272222643981,0.0
learned_error_driven_zeroed,2011_09_26/2011_09_26_drive_0011_sync,6,baseline,6,6,0000000006.png,5,1.3910917105378309,0.7855117123755165,0.0
learned_error_driven_zeroed,2011_09_26/2011_09_26_drive_0011_sync,7,baseline,7,7,0000000007.png,1,1.2411781607697847,0.8022384579512797,0.0
learned_error_driven_zeroed,2011_09_26/2011_09_26_drive_0011_sync,7,baseline,7,7,0000000007.png,2,1.426869243330368,0.7147455480373879,0.0
learned_error_driven_zeroed,2011_09_26/2011_09_26_drive_0011_sync,7,baseline,7,7,0000000007.png,3,2.6161583694346784,1.2993841511994217,0.0
learned_error_driven_zeroed,2011_09_26/2011_09_26_drive_0011_sync,7,baseline,7,7,0000000007.png,4,3.412316285643016,1.7826522100959448,0.0
learned_error_driven_zeroed,2011_09_26/2011_09_26_drive_0011_sync,7,baseline,7,7,0000000007.png,5,1.375769176181786,0.8239355206279775,0.0
learned_error_driven_zeroed,2011_09_26/2011_09_26_drive_0011_sync,8,baseline,8,8,0000000008.png,1,1.2330890965047048,0.8250966834271594,0.0
learned_error_driven_zeroed,2011_09_26/2011_09_26_drive_0011_sync,8,baseline,8,8,0000000008.png,2,1.416768476522849,0.7337961561236277,0.0
learned_error_driven_zeroed,2011_09_26/2011_09_26_drive_0011_sync,8,baseline,8,8,0000000008.png,3,2.618930796489872,1.347306036523046,0.0
learned_error_driven_zeroed,2011_09_26/2011_09_26_drive_0011_sync,8,baseline,8,8,0000000008.png,4,3.5061772958105526,1.8737107028384443,0.0
learned_error_driven_zeroed,2011_09_26/2011_09_26_drive_0011_sync,8,baseline,8,8,0000000008.png,5,1.4113214736719804,0.8644186428882642,0.0
learned_error_driven_zeroed,2011_09_26/2011_09_26_drive_0011_sync,9,baseline,9,9,0000000009.png,1,1.2239271293596627,0.8365875381317636,0.0
learned_error_driven_zeroed,2011_09_26/2011_09_26_drive_0011_sync,9,baseline,9,9,0000000009.png,2,1.3996195695107987,0.745792971416145,0.0
learned_error_driven_zeroed,2011_09_26/2011_09_26_drive_0011_sync,9,baseline,9,9,0000000009.png,3,2.6007875984969417,1.3831044891576212,0.0
learned_error_driven_zeroed,2011_09_26/2011_09_26_drive_0011_sync,9,baseline,9,9,0000000009.png,4,3.4835455026072264,1.9493882594964322,0.0
learned_error_driven_zeroed,2011_09_26/2011_09_26_drive_0011_sync,9,baseline,9,9,0000000009.png,5,1.3944484322170931,0.8994882579411138,0.0
learned_error_driven_zeroed,2011_09_26/2011_09_26_drive_0011_sync,10,baseline,10,10,0000000010.png,1,1.2278747082561439,0.8326981422127665,0.0
learned_error_driven_zeroed,2011_09_26/2011_09_26_drive_0011_sync,10,baseline,10,10,0000000010.png,2,1.4090952464360822,0.7515472718058205,0.0
learned_error_driven_zeroed,2011_09_26/2011_09_26_drive_0011_sync,10,baseline,10,10,0000000010.png,3,2.6073929373348905,1.404678804150593,0.0
learned_error_driven_zeroed,2011_09_26/2011_09_26_drive_0011_sync,10,baseline,10,10,0000000010.png,4,3.4706322682558994,2.0000490545760874,0.0
learned_error_driven_zeroed,2011_09_26/2011_09_26_drive_0011_sync,10,baseline,10,10,0000000010.png,5,1.3422006369810007,0.917352334216639,0.0
learned_error_driven_zeroed,2011_09_26/2011_09_26_drive_0011_sync,11,baseline,11,11,0000000011.png,1,1.2469333378601055,0.8433907082200182,0.0
learned_error_driven_zeroed,2011_09_26/2011_09_26_drive_0011_sync,11,baseline,11,11,0000000011.png,2,1.4227510003005106,0.7538632382158403,0.0
learned_error_driven_zeroed,2011_09_26/2011_09_26_drive_0011_sync,11,baseline,11,11,0000000011.png,3,2.6236526867758188,1.4111762611376,0.0
learned_error_driven_zeroed,2011_09_26/2011_09_26_drive_0011_sync,11,baseline,11,11,0000000011.png,4,3.4842000760478182,2.026756600725129,0.0
learned_error_driven_zeroed,2011_09_26/2011_09_26_drive_0011_sync,11,baseline,11,11,0000000011.png,5,1.3688418595659042,0.9336029389687205,0.0
learned_error_driven_zeroed,2011_09_26/2011_09_26_drive_0011_sync,12,baseline,12,12,0000000012.png,1,1.253898990270349,0.8628830247346178,0.0
learned_error_driven_zeroed,2011_09_26/2011_09_26_drive_0011_sync,12,baseline,12,12,0000000012.png,2,1.4688673574687356,0.7733910925954534,0.0
learned_error_driven_zeroed,2011_09_26/2011_09_26_drive_0011_sync,12,baseline,12,12,0000000012.png,3,2.6828553703230607,1.4419204755478332,0.0
learned_error_driven_zeroed,2011_09_26/2011_09_26_drive_0011_sync,12,baseline,12,12,0000000012.png,4,3.4790192855658675,2.052332520515913,0.0
learned_error_driven_zeroed,2011_09_26/2011_09_26_drive_0011_sync,12,baseline,12,12,0000000012.png,5,1.3714541875671036,0.9446413982617456,0.0
learned_error_driven_zeroed,2011_09_26/2011_09_26_drive_0011_sync,13,baseline,13,13,0000000013.png,1,1.2626162431343428,0.8848148740771374,0.0
learned_error_driven_zeroed,2011_09_26/2011_09_26_drive_0011_sync,13,baseline,13,13,0000000013.png,2,1.4845442805426994,0.7953340840401035,0.0
learned_error_driven_zeroed,2011_09_26/2011_09_26_drive_0011_sync,13,baseline,13,13,0000000013.png,3,2.6928132320693687,1.478166962038265,0.0
learned_error_driven_zeroed,2011_09_26/2011_09_26_drive_0011_sync,13,baseline,13,13,0000000013.png,4,3.4567030828674206,2.070359536420304,0.0
learned_error_driven_zeroed,2011_09_26/2011_09_26_drive_0011_sync,13,baseline,13,13,0000000013.png,5,1.3313534670111158,0.93851043184658,0.0
learned_error_driven_zeroed,2011_09_26/2011_09_26_drive_0011_sync,14,baseline,14,14,0000000014.png,1,1.2836312335751074,0.9124429016882764,0.0
learned_error_driven_zeroed,2011_09_26/2011_09_26_drive_0011_sync,14,baseline,14,14,0000000014.png,2,1.4846390464628667,0.8102020025170746,0.0
learned_error_driven_zeroed,2011_09_26/2011_09_26_drive_0011_sync,14,baseline,14,14,0000000014.png,3,2.695576133124593,1.5042163708732352,0.0
learned_error_driven_zeroed,2011_09_26/2011_09_26_drive_0011_sync,14,baseline,14,14,0000000014.png,4,3.4577243853386688,2.084271421820807,0.0
learned_error_driven_zeroed,2011_09_26/2011_09_26_drive_0011_sync,14,baseline,14,14,0000000014.png,5,1.3569455685289726,0.9384606868569514,0.0
learned_error_driven_zeroed,2011_09_26/2011_09_26_drive_0011_sync,15,baseline,15,15,0000000015.png,1,1.278014715914557,0.9352061680088997,0.0
learned_error_driven_zeroed,2011_09_26/2011_09_26_drive_0011_sync,15,baseline,15,15,0000000015.png,2,1.489245569345226,0.8255034205758819,0.0
learned_error_driven_zeroed,2011_09_26/2011_09_26_drive_0011_sync,15,baseline,15,15,0000000015.png,3,2.71476166297053,1.530684742972657,0.0
learned_error_driven_zeroed,2011_09_26/2011_09_26_drive_0011_sync,15,baseline,15,15,0000000015.png,4,3.434792986295304,2.0940116275613327,0.0
learned_error_driven_zeroed,2011_09_26/2011_09_26_drive_0011_sync,15,baseline,15,15,0000000015.png,5,1.341505358990224,0.931410855698903,0.0
learned_error_driven_zeroed,2011_09_26/2011_09_26_drive_0011_sync,16,baseline,16,16,0000000016.png,1,1.308924555319839,0.9634149601052929,0.0
learned_error_driven_zeroed,2011_09_26/2011_09_26_drive_0011_sync,16,baseline,16,16,0000000016.png,2,1.4688924631301903,0.8400366319845706,0.0
learned_error_driven_zeroed,2011_09_26/2011_09_26_drive_0011_sync,16,baseline,16,16,0000000016.png,3,2.659448035366641,1.5526458097630058,0.0
learned_error_driven_zeroed,2011_09_26/2011_09_26_drive_0011_sync,16,baseline,16,16,0000000016.png,4,3.3057582501353364,2.0870892016103384,0.0
learned_error_driven_zeroed,2011_09_26/2011_09_26_drive_0011_sync,16,baseline,16,16,0000000016.png,5,1.2754406073863735,0.9189488545633488,0.0
learned_error_driven_zeroed,2011_09_26/2011_09_26_drive_0011_sync,17,baseline,17,17,0000000017.png,1,1.3266858031706246,0.9927484601423252,0.0
learned_error_driven_zeroed,2011_09_26/2011_09_26_drive_0011_sync,17,baseline,17,17,0000000017.png,2,1.4687514883762822,0.851469094471244,0.0
learned_error_driven_zeroed,2011_09_26/2011_09_26_drive_0011_sync,17,baseline,17,17,0000000017.png,3,2.665718909156058,1.575071644129724,0.0
learned_error_driven_zeroed,2011_09_26/2011_09_26_drive_0011_sync,17,baseline,17,17,0000000017.png,4,3.3290251658969647,2.093304516792471,0.0
learned_error_driven_zeroed,2011_09_26/2011_09_26_drive_0011_sync,17,baseline,17,17,0000000017.png,5,1.2783637964902328,0.9171340046750204,0.0
learned_error_driven_zeroed,2011_09_26/2011_09_26_drive_0011_sync,18,baseline,18,18,0000000018.png,1,1.3309431791868602,1.01838179698314,0.0
learned_error_driven_zeroed,2011_09_26/2011_09_26_drive_0011_sync,18,baseline,18,18,0000000018.png,2,1.4728988249725596,0.8621138942353028,0.0
learned_error_driven_zeroed,2011_09_26/2011_09_26_drive_0011_sync,18,baseline,18,18,0000000018.png,3,2.6883721446157685,1.5970303217402348,0.0
learned_error_driven_zeroed,2011_09_26/2011_09_26_drive_0011_sync,18,baseline,18,18,0000000018.png,4,3.3400623378324625,2.1042560977749813,0.0
learned_error_driven_zeroed,2011_09_26/2011_09_26_drive_0011_sync,18,baseline,18,18,0000000018.png,5,1.3186410297202655,0.9253625635762737,0.0
learned_error_driven_zeroed,2011_09_26/2011_09_26_drive_0011_sync,19,baseline,19,19,0000000019.png,1,1.3125931920259997,1.0367997299023695,0.0
learned_error_driven_zeroed,2011_09_26/2011_09_26_drive_0011_sync,19,baseline,19,19,0000000019.png,2,1.4622040069224567,0.8671598448157808,0.0
learned_error_driven_zeroed,2011_09_26/2011_09_26_drive_0011_sync,19,baseline,19,19,0000000019.png,3,2.6772679411610745,1.6085465142128643,0.0
learned_error_driven_zeroed,2011_09_26/2011_09_26_drive_0011_sync,19,baseline,19,19,0000000019.png,4,3.3243597602539494,2.1095571669635587,0.0
learned_error_driven_zeroed,2011_09_26/2011_09_26_drive_0011_sync,19,baseline,19,19,0000000019.png,5,1.3202091324735872,0.934824194715653,0.0
learned_error_driven_zeroed,2011_09_26/2011_09_26_drive_0011_sync,20,baseline,20,20,0000000020.png,1,1.3275466590397726,1.060884170725688,0.0
learned_error_driven_zeroed,2011_09_26/2011_09_26_drive_0011_sync,20,baseline,20,20,0000000020.png,2,1.4067574074932365,0.8657924471438835,0.0
learned_error_driven_zeroed,2011_09_26/2011_09_26_drive_0011_sync,20,baseline,20,20,0000000020.png,3,2.6047281920451812,1.6098770671337426,0.0
learned_error_driven_zeroed,2011_09_26/2011_09_26_drive_0011_sync,20,baseline,20,20,0000000020.png,4,3.284131291365218,2.1144382595704965,0.0
learned_error_driven_zeroed,2011_09_26/2011_09_26_drive_0011_sync,20,baseline,20,20,0000000020.png,5,1.3331106116158413,0.9463830178451381,0.0
learned_error_driven_zeroed,2011_09_26/2011_09_26_drive_0011_sync,21,baseline,21,21,0000000021.png,1,1.3562799948467161,1.0891014865838304,0.0
learned_error_driven_zeroed,2011_09_26/2011_09_26_drive_0011_sync,21,baseline,21,21,0000000021.png,2,1.3944174206074627,0.8703313386799946,0.0
learned_error_driven_zeroed,2011_09_26/2011_09_26_drive_0011_sync,21,baseline,21,21,0000000021.png,3,2.59005253849354,1.6234686779714171,0.0
learned_error_driven_zeroed,2011_09_26/2011_09_26_drive_0011_sync,21,baseline,21,21,0000000021.png,4,3.2878354793137476,2.132386535615597,0.0
learned_error_driven_zeroed,2011_09_26/2011_09_26_drive_0011_sync,21,baseline,21,21,0000000021.png,5,1.313427445973736,0.9597979379160689,0.0
learned_error_driven_zeroed,2011_09_26/2011_09_26_drive_0011_sync,22,baseline,22,22,0000000022.png,1,1.3778364518353308,1.1157082209134221,0.0
learned_error_driven_zeroed,2011_09_26/2011_09_26_drive_0011_sync,22,baseline,22,22,0000000022.png,2,1.3885597453284377,0.8704091126413931,0.0
learned_error_driven_zeroed,2011_09_26/2011_09_26_drive_0011_sync,22,baseline,22,22,0000000022.png,3,2.569425383710727,1.6294678361425416,0.0
learned_error_driven_zeroed,2011_09_26/2011_09_26_drive_0011_sync,22,baseline,22,22,0000000022.png,4,3.2504508561810432,2.143871363786901,0.0
learned_error_driven_zeroed,2011_09_26/2011_09_26_drive_0011_sync,22,baseline,22,22,0000000022.png,5,1.363440323000204,0.982561130083813,0.0
learned_error_driven_zeroed,2011_09_26/2011_09_26_drive_0011_sync,23,baseline,23,23,0000000023.png,1,1.3778558079647085,1.1385464098867026,0.0
learned_error_driven_zeroed,2011_09_26/2011_09_26_drive_0011_sync,23,baseline,23,23,0000000023.png,2,1.386493650120322,0.8783854452900021,0.0
learned_error_driven_zeroed,2011_09_26/2011_09_26_drive_0011_sync,23,baseline,23,23,0000000023.png,3,2.581613061195415,1.649076087366367,0.0
learned_error_driven_zeroed,2011_09_26/2011_09_26_drive_0011_sync,23,baseline,23,23,0000000023.png,4,3.301537195338998,2.1777114733217116,0.0
learned_error_driven_zeroed,2011_09_26/2011_09_26_drive_0011_sync,23,baseline,23,23,0000000023.png,5,1.4140188816473525,1.0129469780015181,0.0
learned_error_driven_zeroed,2011_09_26/2011_09_26_drive_0011_sync,24,baseline,24,24,0000000024.png,1,1.3800262441142976,1.1563716269886026,0.0
learned_error_driven_zeroed,2011_09_26/2011_09_26_drive_0011_sync,24,baseline,24,24,0000000024.png,2,1.3788461864506696,0.8845568174511401,0.0
learned_error_driven_zeroed,2011_09_26/2011_09_26_drive_0011_sync,24,baseline,24,24,0000000024.png,3,2.5689952912217864,1.665780051967584,0.0
learned_error_driven_zeroed,2011_09_26/2011_09_26_drive_0011_sync,24,baseline,24,24,0000000024.png,4,3.3160424304150062,2.215110260169691,0.0
learned_error_driven_zeroed,2011_09_26/2011_09_26_drive_0011_sync,24,baseline,24,24,0000000024.png,5,1.4266012842464124,1.0429345950714186,0.0
learned_error_driven_zeroed,2011_09_26/2011_09_26_drive_0011_sync,25,baseline,25,25,0000000025.png,1,1.3998069233809531,1.174497250767405,0.0
learned_error_driven_zeroed,2011_09_26/2011_09_26_drive_0011_sync,25,baseline,25,25,0000000025.png,2,1.3602534634122032,0.8795240364342424,0.0
learned_error_driven_zeroed,2011_09_26/2011_09_26_drive_0011_sync,25,baseline,25,25,0000000025.png,3,2.5372429393527227,1.664340660165876,0.0
learned_error_driven_zeroed,2011_09_26/2011_09_26_drive_0011_sync,25,baseline,25,25,0000000025.png,4,3.2660920419948107,2.2338572088718163,0.0
learned_error_driven_zeroed,2011_09_26/2011_09_26_drive_0011_sync,25,baseline,25,25,0000000025.png,5,1.4145341878266584,1.066510079776118,0.0
learned_error_driven_zeroed,2011_09_26/2011_09_26_drive_0011_sync,26,baseline,26,26,0000000026.png,1,1.43077484071222,1.1884229133390956,0.0
learned_error_driven_zeroed,2011_09_26/2011_09_26_drive_0011_sync,26,baseline,26,26,0000000026.png,2,1.3585869886382784,0.862290434777344,0.0
learned_error_driven_zeroed,2011_09_26/2011_09_26_drive_0011_sync,26,baseline,26,26,0000000026.png,3,2.538459722056846,1.630675789710639,0.0
learned_error_driven_zeroed,2011_09_26/2011_09_26_drive_0011_sync,26,baseline,26,26,0000000026.png,4,3.313018313621638,2.2194066403966466,0.0
learned_error_driven_zeroed,2011_09_26/2011_09_26_drive_0011_sync,26,baseline,26,26,0000000026.png,5,1.422091842569452,1.0799286183638006,0.0
learned_error_driven_zeroed,2011_09_26/2011_09_26_drive_0011_sync,27,baseline,27,27,0000000027.png,1,1.440478558831753,1.206544119486897,0.0
learned_error_driven_zeroed,2011_09_26/2011_09_26_drive_0011_sync,27,baseline,27,27,0000000027.png,2,1.3687409296540045,0.8657985682907049,0.0
learned_error_driven_zeroed,2011_09_26/2011_09_26_drive_0011_sync,27,baseline,27,27,0000000027.png,3,2.56173630590487,1.638062975737273,0.0
learned_error_driven_zeroed,2011_09_26/2011_09_26_drive_0011_sync,27,baseline,27,27,0000000027.png,4,3.3649799440694075,2.249346453287177,0.0
learned_error_driven_zeroed,2011_09_26/2011_09_26_drive_0011_sync,27,baseline,27,27,0000000027.png,5,1.487224028851914,1.1055625190535787,0.0
learned_error_driven_zeroed,2011_09_26/2011_09_26_drive_0011_sync,28,baseline,28,28,0000000028.png,1,1.4428917865095505,1.2260231510194917,0.0
learned_error_driven_zeroed,2011_09_26/2011_09_26_drive_0011_sync,28,baseline,28,28,0000000028.png,2,1.3612473430001992,0.8675039136156596,0.0
learned_error_driven_zeroed,2011_09_26/2011_09_26_drive_0011_sync,28,baseline,28,28,0000000028.png,3,2.5515943435946533,1.647550493833884,0.0
learned_error_driven_zeroed,2011_09_26/2011_09_26_drive_0011_sync,28,baseline,28,28,0000000028.png,4,3.3204389128017895,2.2742091473205606,0.0
learned_error_driven_zeroed,2011_09_26/2011_09_26_drive_0011_sync,28,baseline,28,28,0000000028.png,5,1.4711373867949116,1.1274380029866258,0.0
learned_error_driven_zeroed,2011_09_26/2011_09_26_drive_0011_sync,29,baseline,29,29,0000000029.png,1,1.442524469587568,1.2398685296479348,0.0
learned_error_driven_zeroed,2011_09_26/2011_09_26_drive_0011_sync,29,baseline,29,29,0000000029.png,2,1.3544835263507369,0.8640831517922632,0.0
learned_error_driven_zeroed,2011_09_26/2011_09_26_drive_0011_sync,29,baseline,29,29,0000000029.png,3,2.550436764679258,1.640547318489086,0.0
learned_error_driven_zeroed,2011_09_26/2011_09_26_drive_0011_sync,29,baseline,29,29,0000000029.png,4,3.344441109256275,2.2795410879525035,0.0
learned_error_driven_zeroed,2011_09_26/2011_09_26_drive_0011_sync,29,baseline,29,29,0000000029.png,5,1.5282295294474122,1.1523415362771792,0.0
learned_error_driven_zeroed,2011_09_26/2011_09_26_drive_0011_sync,30,baseline,30,30,0000000030.png,1,1.4528893615884082,1.2540113596041282,0.0
learned_error_driven_zeroed,2011_09_26/2011_09_26_drive_0011_sync,30,baseline,30,30,0000000030.png,2,1.3270033393931182,0.8643761931837467,0.0
learned_error_driven_zeroed,2011_09_26/2011_09_26_drive_0011_sync,30,baseline,30,30,0000000030.png,3,2.5038601995284524,1.6368585659622732,0.0
learned_error_driven_zeroed,2011_09_26/2011_09_26_drive_0011_sync,30,baseline,30,30,0000000030.png,4,3.3178772424104,2.280088584235582,0.0
learned_error_driven_zeroed,2011_09_26/2011_09_26_drive_0011_sync,30,baseline,30,30,0000000030.png,5,1.5487465849072701,1.1734424113458028,0.0
learned_error_driven_zeroed,2011_09_26/2011_09_26_drive_0011_sync,31,baseline,31,31,0000000031.png,1,1.4614073967600556,1.2690651093214578,0.0
learned_error_driven_zeroed,2011_09_26/2011_09_26_drive_0011_sync,31,baseline,31,31,0000000031.png,2,1.3052422964021138,0.869735253127986,0.0
learned_error_driven_zeroed,2011_09_26/2011_09_26_drive_0011_sync,31,baseline,31,31,0000000031.png,3,2.480306251933615,1.6429963035941033,0.0
learned_error_driven_zeroed,2011_09_26/2011_09_26_drive_0011_sync,31,baseline,31,31,0000000031.png,4,3.311890246338777,2.2889742926919623,0.0
learned_error_driven_zeroed,2011_09_26/2011_09_26_drive_0011_sync,31,baseline,31,31,0000000031.png,5,1.5491429364470126,1.191200002189218,0.0
learned_error_driven_zeroed,2011_09_26/2011_09_26_drive_0011_sync,32,baseline,32,32,0000000032.png,1,1.460391495847425,1.2796378304181877,0.0
learned_error_driven_zeroed,2011_09_26/2011_09_26_drive_0011_sync,32,baseline,32,32,0000000032.png,2,1.2967225835652723,0.875548160468991,0.0
learned_error_driven_zeroed,2011_09_26/2011_09_26_drive_0011_sync,32,baseline,32,32,0000000032.png,3,2.4717964934873793,1.6513213186180322,0.0
learned_error_driven_zeroed,2011_09_26/2011_09_26_drive_0011_sync,32,baseline,32,32,0000000032.png,4,3.3284329197717737,2.30285013470572,0.0
learned_error_driven_zeroed,2011_09_26/2011_09_26_drive_0011_sync,32,baseline,32,32,0000000032.png,5,1.5729876329927857,1.207003278938251,0.0
learned_error_driven_zeroed,2011_09_26/2011_09_26_drive_0011_sync,33,baseline,33,33,0000000033.png,1,1.4574264670872004,1.284217046407625,0.0
learned_error_driven_zeroed,2011_09_26/2011_09_26_drive_0011_sync,33,baseline,33,33,0000000033.png,2,1.297415239306974,0.8777687078992518,0.0
learned_error_driven_zeroed,2011_09_26/2011_09_26_drive_0011_sync,33,baseline,33,33,0000000033.png,3,2.4623374598923395,1.658385201056447,0.0
learned_error_driven_zeroed,2011_09_26/2011_09_26_drive_0011_sync,33,baseline,33,33,0000000033.png,4,3.3363641981242953,2.3229125460613793,0.0
learned_error_driven_zeroed,2011_09_26/2011_09_26_drive_0011_sync,33,baseline,33,33,0000000033.png,5,1.6016328242236326,1.2261372067817875,0.0
learned_error_driven_zeroed,2011_09_26/2011_09_26_drive_0011_sync,34,baseline,34,34,0000000034.png,1,1.447057910061777,1.2839674227988083,0.0
learned_error_driven_zeroed,2011_09_26/2011_09_26_drive_0011_sync,34,baseline,34,34,0000000034.png,2,1.2824397590103245,0.8745575015619913,0.0
learned_error_driven_zeroed,2011_09_26/2011_09_26_drive_0011_sync,34,baseline,34,34,0000000034.png,3,2.432288109720085,1.6540288321869143,0.0
learned_error_driven_zeroed,2011_09_26/2011_09_26_drive_0011_sync,34,baseline,34,34,0000000034.png,4,3.316675295438936,2.3324534065302234,0.0
learned_error_driven_zeroed,2011_09_26/2011_09_26_drive_0011_sync,34,baseline,34,34,0000000034.png,5,1.6159576183926228,1.2442983652338535,0.0
learned_error_driven_zeroed,2011_09_26/2011_09_26_drive_0011_sync,35,baseline,35,35,0000000035.png,1,1.4278230677845174,1.2803321656814846,0.0
learned_error_driven_zeroed,2011_09_26/2011_09_26_drive_0011_sync,35,baseline,35,35,0000000035.png,2,1.2632891612219592,0.8719770697150026,0.0
learned_error_driven_zeroed,2011_09_26/2011_09_26_drive_0011_sync,35,baseline,35,35,0000000035.png,3,2.4025330087378114,1.6475921873922321,0.0
learned_error_driven_zeroed,2011_09_26/2011_09_26_drive_0011_sync,35,baseline,35,35,0000000035.png,4,3.286236891544612,2.3365875806695144,0.0
learned_error_driven_zeroed,2011_09_26/2011_09_26_drive_0011_sync,35,baseline,35,35,0000000035.png,5,1.6004074351871984,1.2571753266613912,0.0
learned_error_driven_zeroed,2011_09_26/2011_09_26_drive_0011_sync,36,baseline,36,36,0000000036.png,1,1.3883431192329034,1.267440102816197,0.0
learned_error_driven_zeroed,2011_09_26/2011_09_26_drive_0011_sync,36,baseline,36,36,0000000036.png,2,1.249378743682711,0.8614333860034443,0.0
learned_error_driven_zeroed,2011_09_26/2011_09_26_drive_0011_sync,36,baseline,36,36,0000000036.png,3,2.3949670486477834,1.6312099406120546,0.0
learned_error_driven_zeroed,2011_09_26/2011_09_26_drive_0011_sync,36,baseline,36,36,0000000036.png,4,3.280778069399831,2.3292187929480064,0.0
learned_error_driven_zeroed,2011_09_26/2011_09_26_drive_0011_sync,36,baseline,36,36,0000000036.png,5,1.630916071797077,1.272290932470786,0.0
learned_error_driven_zeroed,2011_09_26/2011_09_26_drive_0011_sync,37,baseline,37,37,0000000037.png,1,1.3166628291987519,1.2400092960917906,0.0
learned_error_driven_zeroed,2011_09_26/2011_09_26_drive_0011_sync,37,baseline,37,37,0000000037.png,2,1.2313239488773435,0.8526613700647552,0.0
learned_error_driven_zeroed,2011_09_26/2011_09_26_drive_0011_sync,37,baseline,37,37,0000000037.png,3,2.362614873777059,1.616489406329893,0.0
learned_error_driven_zeroed,2011_09_26/2011_09_26_drive_0011_sync,37,baseline,37,37,0000000037.png,4,3.2581518237765215,2.318950318201594,0.0
learned_error_driven_zeroed,2011_09_26/2011_09_26_drive_0011_sync,37,baseline,37,37,0000000037.png,5,1.6394273537062638,1.283027648481029,0.0
learned_error_driven_zeroed,2011_09_26/2011_09_26_drive_0011_sync,38,baseline,38,38,0000000038.png,1,1.2766463274719757,1.2112791315680003,0.0
learned_error_driven_zeroed,2011_09_26/2011_09_26_drive_0011_sync,38,baseline,38,38,0000000038.png,2,1.2097499087349888,0.8387597714462993,0.0
learned_error_driven_zeroed,2011_09_26/2011_09_26_drive_0011_sync,38,baseline,38,38,0000000038.png,3,2.328522522805461,1.5981766721442126,0.0
learned_error_driven_zeroed,2011_09_26/2011_09_26_drive_0011_sync,38,baseline,38,38,0000000038.png,4,3.2148443340466333,2.306777956934424,0.0
learned_error_driven_zeroed,2011_09_26/2011_09_26_drive_0011_sync,38,baseline,38,38,0000000038.png,5,1.626867670389867,1.29410302467939,0.0
learned_error_driven_zeroed,2011_09_26/2011_09_26_drive_0011_sync,39,baseline,39,39,0000000039.png,1,1.2536476451487846,1.1901073758269427,0.0
learned_error_driven_zeroed,2011_09_26/2011_09_26_drive_0011_sync,39,baseline,39,39,0000000039.png,2,1.1833872064167872,0.8255596753067465,0.0
learned_error_driven_zeroed,2011_09_26/2011_09_26_drive_0011_sync,39,baseline,39,39,0000000039.png,3,2.3060497347460056,1.5812434188167637,0.0
learned_error_driven_zeroed,2011_09_26/2011_09_26_drive_0011_sync,39,baseline,39,39,0000000039.png,4,3.1924800876536974,2.2954446122049594,0.0
learned_error_driven_zeroed,2011_09_26/2011_09_26_drive_0011_sync,39,baseline,39,39,0000000039.png,5,1.6264774299225198,1.3064487147014983,0.0
learned_error_driven_zeroed,2011_09_26/2011_09_26_drive_0011_sync,40,disturbance,0,40,0000000040.png,1,1.1311883198064099,1.1612026931559902,0.0
learned_error_driven_zeroed,2011_09_26/2011_09_26_drive_0011_sync,40,disturbance,0,40,0000000040.png,2,0.6073349991152078,0.7323074746462386,0.0
learned_error_driven_zeroed,2011_09_26/2011_09_26_drive_0011_sync,40,disturbance,0,40,0000000040.png,3,1.4152868952564275,1.3920072916974775,0.0
learned_error_driven_zeroed,2011_09_26/2011_09_26_drive_0011_sync,40,disturbance,0,40,0000000040.png,4,2.091983953296748,2.033743514977213,0.0
learned_error_driven_zeroed,2011_09_26/2011_09_26_drive_0011_sync,40,disturbance,0,40,0000000040.png,5,1.0219138023634304,1.1487635535585519,0.0
learned_error_driven_zeroed,2011_09_26/2011_09_26_drive_0011_sync,41,disturbance,1,41,0000000041.png,1,1.124315756269323,1.138038554475345,0.0
learned_error_driven_zeroed,2011_09_26/2011_09_26_drive_0011_sync,41,disturbance,1,41,0000000041.png,2,0.6102940830251956,0.6654060277568309,0.0
learned_error_driven_zeroed,2011_09_26/2011_09_26_drive_0011_sync,41,disturbance,1,41,0000000041.png,3,1.4065899511953617,1.2698270833515917,0.0
learned_error_driven_zeroed,2011_09_26/2011_09_26_drive_0011_sync,41,disturbance,1,41,0000000041.png,4,2.0747014439293237,1.8605990297595283,0.0
learned_error_driven_zeroed,2011_09_26/2011_09_26_drive_0011_sync,41,disturbance,1,41,0000000041.png,5,1.0051598991590378,1.0412657719336564,0.0
learned_error_driven_zeroed,2011_09_26/2011_09_26_drive_0011_sync,42,disturbance,2,42,0000000042.png,1,1.1191803643377733,1.119364730131478,0.0
learned_error_driven_zeroed,2011_09_26/2011_09_26_drive_0011_sync,42,disturbance,2,42,0000000042.png,2,0.6187113255173046,0.6204780375397838,0.0
learned_error_driven_zeroed,2011_09_26/2011_09_26_drive_0011_sync,42,disturbance,2,42,0000000042.png,3,1.408039301105567,1.1966480105032273,0.0
learned_error_driven_zeroed,2011_09_26/2011_09_26_drive_0011_sync,42,disturbance,2,42,0000000042.png,4,2.079792589347789,1.7537669759742567,0.0
learned_error_driven_zeroed,2011_09_26/2011_09_26_drive_0011_sync,42,disturbance,2,42,0000000042.png,5,1.0191024472236443,0.9721063331594679,0.0
learned_error_driven_zeroed,2011_09_26/2011_09_26_drive_0011_sync,43,disturbance,3,43,0000000043.png,1,1.1167705507903742,1.1038530110320959,0.0
learned_error_driven_zeroed,2011_09_26/2011_09_26_drive_0011_sync,43,disturbance,3,43,0000000043.png,2,0.6334193221703164,0.5923392121799804,0.0
learned_error_driven_zeroed,2011_09_26/2011_09_26_drive_0011_sync,43,disturbance,3,43,0000000043.png,3,1.4256663668411957,1.1579970062272018,0.0
learned_error_driven_zeroed,2011_09_26/2011_09_26_drive_0011_sync,43,disturbance,3,43,0000000043.png,4,2.1142153781420396,1.6958701043054558,0.0
learned_error_driven_zeroed,2011_09_26/2011_09_26_drive_0011_sync,43,disturbance,3,43,0000000043.png,5,1.0476731926468434,0.9336477368889059,0.0
learned_error_driven_zeroed,2011_09_26/2011_09_26_drive_0011_sync,44,disturbance,4,44,0000000044.png,1,1.1051687932750123,1.089790481638857,0.0
learned_error_driven_zeroed,2011_09_26/2011_09_26_drive_0011_sync,44,disturbance,4,44,0000000044.png,2,0.6348814926438701,0.5746596500975665,0.0
learned_error_driven_zeroed,2011_09_26/2011_09_26_drive_0011_sync,44,disturbance,4,44,0000000044.png,3,1.4123161244767921,1.1355521308896614,0.0
learned_error_driven_zeroed,2011_09_26/2011_09_26_drive_0011_sync,44,disturbance,4,44,0000000044.png,4,2.0887099095495874,1.6602673865985356,0.0
learned_error_driven_zeroed,2011_09_26/2011_09_26_drive_0011_sync,44,disturbance,4,44,0000000044.png,5,1.045943042025963,0.9138341882310848,0.0
learned_error_driven_zeroed,2011_09_26/2011_09_26_drive_0011_sync,45,disturbance,5,45,0000000045.png,1,1.1054335288728456,1.0783880135102637,0.0
learned_error_driven_zeroed,2011_09_26/2011_09_26_drive_0011_sync,45,disturbance,5,45,0000000045.png,2,0.6387224630668278,0.5639974402650638,0.0
learned_error_driven_zeroed,2011_09_26/2011_09_26_drive_0011_sync,45,disturbance,5,45,0000000045.png,3,1.4089182525439492,1.121239270618812,0.0
learned_error_driven_zeroed,2011_09_26/2011_09_26_drive_0011_sync,45,disturbance,5,45,0000000045.png,4,2.0977878264080876,1.6376025377540977,0.0
learned_error_driven_zeroed,2011_09_26/2011_09_26_drive_0011_sync,45,disturbance,5,45,0000000045.png,5,1.0483921925189508,0.903283008869376,0.0
learned_error_driven_zeroed,2011_09_26/2011_09_26_drive_0011_sync,46,disturbance,6,46,0000000046.png,1,1.112843303034707,1.0696006676049081,0.0
learned_error_driven_zeroed,2011_09_26/2011_09_26_drive_0011_sync,46,disturbance,6,46,0000000046.png,2,0.6478931939664858,0.5585146022499858,0.0
learned_error_driven_zeroed,2011_09_26/2011_09_26_drive_0011_sync,46,disturbance,6,46,0000000046.png,3,1.4115075631914589,1.1099267985591053,0.0
learned_error_driven_zeroed,2011_09_26/2011_09_26_drive_0011_sync,46,disturbance,6,46,0000000046.png,4,2.097559066844661,1.6180611936580496,0.0
learned_error_driven_zeroed,2011_09_26/2011_09_26_drive_0011_sync,46,disturbance,6,46,0000000046.png,5,1.0381078996241322,0.8959962753541402,0.0
learned_error_driven_zeroed,2011_09_26/2011_09_26_drive_0011_sync,47,disturbance,7,47,0000000047.png,1,1.1228743065900897,1.0648541194923427,0.0
learned_error_driven_zeroed,2011_09_26/2011_09_26_drive_0011_sync,47,disturbance,7,47,0000000047.png,2,0.6593642049810351,0.5587057641905361,0.0
learned_error_driven_zeroed,2011_09_26/2011_09_26_drive_0011_sync,47,disturbance,7,47,0000000047.png,3,1.4315540194487615,1.1097282502698305,0.0
learned_error_driven_zeroed,2011_09_26/2011_09_26_drive_0011_sync,47,disturbance,7,47,0000000047.png,4,2.1329665640152937,1.613501412742558,0.0
learned_error_driven_zeroed,2011_09_26/2011_09_26_drive_0011_sync,47,disturbance,7,47,0000000047.png,5,1.057615009321097,0.8950055449512895,0.0
learned_error_driven_zeroed,2011_09_26/2011_09_26_drive_0011_sync,48,disturbance,8,48,0000000048.png,1,1.125988699851254,1.062820546183542,0.0
learned_error_driven_zeroed,2011_09_26/2011_09_26_drive_0011_sync,48,disturbance,8,48,0000000048.png,2,0.6661264210612817,0.5623886751323853,0.0
learned_error_driven_zeroed,2011_09_26/2011_09_26_drive_0011_sync,48,disturbance,8,48,0000000048.png,3,1.4513314369997674,1.1182018367452555,0.0
learned_error_driven_zeroed,2011_09_26/2011_09_26_drive_0011_sync,48,disturbance,8,48,0000000048.png,4,2.167596108514078,1.6236077887360074,0.0
learned_error_driven_zeroed,2011_09_26/2011_09_26_drive_0011_sync,48,disturbance,8,48,0000000048.png,5,1.0785284122405119,0.9005997995010642,0.0
learned_error_driven_zeroed,2011_09_26/2011_09_26_drive_0011_sync,49,disturbance,9,49,0000000049.png,1,1.1361842615284587,1.0616219638539397,0.0
learned_error_driven_zeroed,2011_09_26/2011_09_26_drive_0011_sync,49,disturbance,9,49,0000000049.png,2,0.6734740583897084,0.5669235182419449,0.0
learned_error_driven_zeroed,2011_09_26/2011_09_26_drive_0011_sync,49,disturbance,9,49,0000000049.png,3,1.4558756147535705,1.1251574532480024,0.0
learned_error_driven_zeroed,2011_09_26/2011_09_26_drive_0011_sync,49,disturbance,9,49,0000000049.png,4,2.188405086255887,1.632912073209994,0.0
learned_error_driven_zeroed,2011_09_26/2011_09_26_drive_0011_sync,49,disturbance,9,49,0000000049.png,5,1.091683491949085,0.9079918970822797,0.0
learned_error_driven_zeroed,2011_09_26/2011_09_26_drive_0011_sync,50,disturbance,10,50,0000000050.png,1,1.1380292402021606,1.0614979761577945,0.0
learned_error_driven_zeroed,2011_09_26/2011_09_26_drive_0011_sync,50,disturbance,10,50,0000000050.png,2,0.6688853199067495,0.5707259396962083,0.0
learned_error_driven_zeroed,2011_09_26/2011_09_26_drive_0011_sync,50,disturbance,10,50,0000000050.png,3,1.4351703508201326,1.1282587221125218,0.0
learned_error_driven_zeroed,2011_09_26/2011_09_26_drive_0011_sync,50,disturbance,10,50,0000000050.png,4,2.144591144994564,1.6321261481599127,0.0
learned_error_driven_zeroed,2011_09_26/2011_09_26_drive_0011_sync,50,disturbance,10,50,0000000050.png,5,1.0887640874621365,0.9122927444440894,0.0
learned_error_driven_zeroed,2011_09_26/2011_09_26_drive_0011_sync,51,disturbance,11,51,0000000051.png,1,1.1452317338844906,1.0618150954639072,0.0
learned_error_driven_zeroed,2011_09_26/2011_09_26_drive_0011_sync,51,disturbance,11,51,0000000051.png,2,0.6706902123873765,0.5736033903166448,0.0
learned_error_driven_zeroed,2011_09_26/2011_09_26_drive_0011_sync,51,disturbance,11,51,0000000051.png,3,1.431404940450644,1.1275840731558835,0.0
learned_error_driven_zeroed,2011_09_26/2011_09_26_drive_0011_sync,51,disturbance,11,51,0000000051.png,4,2.13419603031778,1.625717686925228,0.0
learned_error_driven_zeroed,2011_09_26/2011_09_26_drive_0011_sync,51,disturbance,11,51,0000000051.png,5,1.095961345229771,0.9145427608200891,0.0
learned_error_driven_zeroed,2011_09_26/2011_09_26_drive_0011_sync,52,disturbance,12,52,0000000052.png,1,1.149879171037398,1.0633380416605873,0.0
learned_error_driven_zeroed,2011_09_26/2011_09_26_drive_0011_sync,52,disturbance,12,52,0000000052.png,2,0.6710135440130466,0.5760903231833541,0.0
learned_error_driven_zeroed,2011_09_26/2011_09_26_drive_0011_sync,52,disturbance,12,52,0000000052.png,3,1.4335887797940239,1.1273200484233572,0.0
learned_error_driven_zeroed,2011_09_26/2011_09_26_drive_0011_sync,52,disturbance,12,52,0000000052.png,4,2.1442483822183194,1.6206904565598195,0.0
learned_error_driven_zeroed,2011_09_26/2011_09_26_drive_0011_sync,52,disturbance,12,52,0000000052.png,5,1.085540038976894,0.9163199983849368,0.0
learned_error_driven_zeroed,2011_09_26/2011_09_26_drive_0011_sync,53,disturbance,13,53,0000000053.png,1,1.1630217631755566,1.0664617742572602,0.0
learned_error_driven_zeroed,2011_09_26/2011_09_26_drive_0011_sync,53,disturbance,13,53,0000000053.png,2,0.6742845012704167,0.5787826345183099,0.0
learned_error_driven_zeroed,2011_09_26/2011_09_26_drive_0011_sync,53,disturbance,13,53,0000000053.png,3,1.4381481975314632,1.127945264803044,0.0
learned_error_driven_zeroed,2011_09_26/2011_09_26_drive_0011_sync,53,disturbance,13,53,0000000053.png,4,2.157994653606993,1.617538247059133,0.0
learned_error_driven_zeroed,2011_09_26/2011_09_26_drive_0011_sync,53,disturbance,13,53,0000000053.png,5,1.097415243502971,0.9172972972496434,0.0
learned_error_driven_zeroed,2011_09_26/2011_09_26_drive_0011_sync,54,disturbance,14,54,0000000054.png,1,1.1703907094655441,1.0698621366122094,0.0
learned_error_driven_zeroed,2011_09_26/2011_09_26_drive_0011_sync,54,disturbance,14,54,0000000054.png,2,0.6767394480936196,0.581443648279473,0.0
learned_error_driven_zeroed,2011_09_26/2011_09_26_drive_0011_sync,54,disturbance,14,54,0000000054.png,3,1.4334938318834147,1.1282879830675776,0.0
learned_error_driven_zeroed,2011_09_26/2011_09_26_drive_0011_sync,54,disturbance,14,54,0000000054.png,4,2.1426488683110403,1.6178381240547066,0.0
learned_error_driven_zeroed,2011_09_26/2011_09_26_drive_0011_sync,54,disturbance,14,54,0000000054.png,5,1.131966519226317,0.9255367525504996,0.0
learned_error_driven_zeroed,2011_09_26/2011_09_26_drive_0011_sync,55,disturbance,15,55,0000000055.png,1,1.1618354311242485,1.0715154318641753,0.0
learned_error_driven_zeroed,2011_09_26/2011_09_26_drive_0011_sync,55,disturbance,15,55,0000000055.png,2,0.6628388784321219,0.5814716346503961,0.0
learned_error_driven_zeroed,2011_09_26/2011_09_26_drive_0011_sync,55,disturbance,15,55,0000000055.png,3,1.4078461650648049,1.125114677391101,0.0
learned_error_driven_zeroed,2011_09_26/2011_09_26_drive_0011_sync,55,disturbance,15,55,0000000055.png,4,2.098734631345811,1.6127663113405277,0.0
learned_error_driven_zeroed,2011_09_26/2011_09_26_drive_0011_sync,55,disturbance,15,55,0000000055.png,5,1.1032052916076986,0.931396801554985,0.0
learned_error_driven_zeroed,2011_09_26/2011_09_26_drive_0011_sync,56,disturbance,16,56,0000000056.png,1,1.1669621128080128,1.0739373160917967,0.0
learned_error_driven_zeroed,2011_09_26/2011_09_26_drive_0011_sync,56,disturbance,16,56,0000000056.png,2,0.6528183879133966,0.5796839702547615,0.0
learned_error_driven_zeroed,2011_09_26/2011_09_26_drive_0011_sync,56,disturbance,16,56,0000000056.png,3,1.3934389100694606,1.1206637038412122,0.0
learned_error_driven_zeroed,2011_09_26/2011_09_26_drive_0011_sync,56,disturbance,16,56,0000000056.png,4,2.0592748481238696,1.601987035769719,0.0
learned_error_driven_zeroed,2011_09_26/2011_09_26_drive_0011_sync,56,disturbance,16,56,0000000056.png,5,1.0685208247061262,0.9304035016315283,0.0
learned_error_driven_zeroed,2011_09_26/2011_09_26_drive_0011_sync,57,disturbance,17,57,0000000057.png,1,1.1725150810616407,1.0777796927730743,0.0
learned_error_driven_zeroed,2011_09_26/2011_09_26_drive_0011_sync,57,disturbance,17,57,0000000057.png,2,0.6451627693818773,0.5767414771363318,0.0
learned_error_driven_zeroed,2011_09_26/2011_09_26_drive_0011_sync,57,disturbance,17,57,0000000057.png,3,1.3858403023669004,1.1163157145763394,0.0
learned_error_driven_zeroed,2011_09_26/2011_09_26_drive_0011_sync,57,disturbance,17,57,0000000057.png,4,2.035986837460568,1.5901617409366244,0.0
learned_error_driven_zeroed,2011_09_26/2011_09_26_drive_0011_sync,57,disturbance,17,57,0000000057.png,5,1.0489796278948758,0.9254258882523136,0.0
learned_error_driven_zeroed,2011_09_26/2011_09_26_drive_0011_sync,58,disturbance,18,58,0000000058.png,1,1.187405011295469,1.0845193669782485,0.0
learned_error_driven_zeroed,2011_09_26/2011_09_26_drive_0011_sync,58,disturbance,18,58,0000000058.png,2,0.653496317828715,0.5756295577652157,0.0
learned_error_driven_zeroed,2011_09_26/2011_09_26_drive_0011_sync,58,disturbance,18,58,0000000058.png,3,1.4107450749794135,1.116323190663094,0.0
learned_error_driven_zeroed,2011_09_26/2011_09_26_drive_0011_sync,58,disturbance,18,58,0000000058.png,4,2.0752980057691524,1.588169128260174,0.0
learned_error_driven_zeroed,2011_09_26/2011_09_26_drive_0011_sync,58,disturbance,18,58,0000000058.png,5,1.0764216263003816,0.9277422571876578,0.0
learned_error_driven_zeroed,2011_09_26/2011_09_26_drive_0011_sync,59,disturbance,19,59,0000000059.png,1,1.198639715381451,1.0926957172875456,0.0
learned_error_driven_zeroed,2011_09_26/2011_09_26_drive_0011_sync,59,disturbance,19,59,0000000059.png,2,0.6596524479485635,0.5761741616476703,0.0
learned_error_driven_zeroed,2011_09_26/2011_09_26_drive_0011_sync,59,disturbance,19,59,0000000059.png,3,1.4332263827607068,1.1222641939267104,0.0
learned_error_driven_zeroed,2011_09_26/2011_09_26_drive_0011_sync,59,disturbance,19,59,0000000059.png,4,2.107116996305443,1.5947904203395291,0.0
learned_error_driven_zeroed,2011_09_26/2011_09_26_drive_0011_sync,59,disturbance,19,59,0000000059.png,5,1.0931709689918196,0.9331595298688881,0.0
learned_error_driven_zeroed,2011_09_26/2011_09_26_drive_0011_sync,60,disturbance,20,60,0000000060.png,1,1.201373411231302,1.0995359103324998,0.0
learned_error_driven_zeroed,2011_09_26/2011_09_26_drive_0011_sync,60,disturbance,20,60,0000000060.png,2,0.6588063300328649,0.5760449177268304,0.0
learned_error_driven_zeroed,2011_09_26/2011_09_26_drive_0011_sync,60,disturbance,20,60,0000000060.png,3,1.4361683458437586,1.126527221325937,0.0
learned_error_driven_zeroed,2011_09_26/2011_09_26_drive_0011_sync,60,disturbance,20,60,0000000060.png,4,2.1223364971252208,1.6018076923465,0.0
learned_error_driven_zeroed,2011_09_26/2011_09_26_drive_0011_sync,60,disturbance,20,60,0000000060.png,5,1.1108127314116776,0.9404876692471767,0.0
learned_error_driven_zeroed,2011_09_26/2011_09_26_drive_0011_sync,61,disturbance,21,61,0000000061.png,1,1.2017299135981776,1.104630921781988,0.0
learned_error_driven_zeroed,2011_09_26/2011_09_26_drive_0011_sync,61,disturbance,21,61,0000000061.png,2,0.6541823043358815,0.5749303529441997,0.0
learned_error_driven_zeroed,2011_09_26/2011_09_26_drive_0011_sync,61,disturbance,21,61,0000000061.png,3,1.4287662945033532,1.1265487970245678,0.0
learned_error_driven_zeroed,2011_09_26/2011_09_26_drive_0011_sync,61,disturbance,21,61,0000000061.png,4,2.108363881762191,1.6018846605481312,0.0
learned_error_driven_zeroed,2011_09_26/2011_09_26_drive_0011_sync,61,disturbance,21,61,0000000061.png,5,1.0945570990283724,0.9420529683181165,0.0
learned_error_driven_zeroed,2011_09_26/2011_09_26_drive_0011_sync,62,disturbance,22,62,0000000062.png,1,1.2086510667531385,1.1079968712395412,0.0
learned_error_driven_zeroed,2011_09_26/2011_09_26_drive_0011_sync,62,disturbance,22,62,0000000062.png,2,0.6485790225392781,0.5719408733892751,0.0
learned_error_driven_zeroed,2011_09_26/2011_09_26_drive_0011_sync,62,disturbance,22,62,0000000062.png,3,1.4225465717114085,1.121975616555134,0.0
learned_error_driven_zeroed,2011_09_26/2011_09_26_drive_0011_sync,62,disturbance,22,62,0000000062.png,4,2.0790178672739534,1.5928694358015512,0.0
learned_error_driven_zeroed,2011_09_26/2011_09_26_drive_0011_sync,62,disturbance,22,62,0000000062.png,5,1.0724194529410533,0.9386663655462439,0.0
learned_error_driven_zeroed,2011_09_26/2011_09_26_drive_0011_sync,63,disturbance,23,63,0000000063.png,1,1.2009144960955758,1.1102179359467104,0.0
learned_error_driven_zeroed,2011_09_26/2011_09_26_drive_0011_sync,63,disturbance,23,63,0000000063.png,2,0.6520131069458628,0.5703489939959028,0.0
learned_error_driven_zeroed,2011_09_26/2011_09_26_drive_0011_sync,63,disturbance,23,63,0000000063.png,3,1.4377260594667771,1.1231726268514879,0.0
learned_error_driven_zeroed,2011_09_26/2011_09_26_drive_0011_sync,63,disturbance,23,63,0000000063.png,4,2.1056911822885884,1.5923353121967567,0.0
learned_error_driven_zeroed,2011_09_26/2011_09_26_drive_0011_sync,63,disturbance,23,63,0000000063.png,5,1.0636736540827163,0.9348550894391602,0.0
learned_error_driven_zeroed,2011_09_26/2011_09_26_drive_0011_sync,64,disturbance,24,64,0000000064.png,1,1.1832590770687548,1.1102874344880809,0.0
learned_error_driven_zeroed,2011_09_26/2011_09_26_drive_0011_sync,64,disturbance,24,64,0000000064.png,2,0.6579041474712203,0.5710239615435723,0.0
learned_error_driven_zeroed,2011_09_26/2011_09_26_drive_0011_sync,64,disturbance,24,64,0000000064.png,3,1.4559126013392027,1.1305735118288864,0.0
learned_error_driven_zeroed,2011_09_26/2011_09_26_drive_0011_sync,64,disturbance,24,64,0000000064.png,4,2.1425483394897213,1.6045176598169408,0.0
learned_error_driven_zeroed,2011_09_26/2011_09_26_drive_0011_sync,64,disturbance,24,64,0000000064.png,5,1.080694778104449,0.9356596083945597,0.0
learned_error_driven_zeroed,2011_09_26/2011_09_26_drive_0011_sync,65,disturbance,25,65,0000000065.png,1,1.1630573740967618,1.1074013486700955,0.0
learned_error_driven_zeroed,2011_09_26/2011_09_26_drive_0011_sync,65,disturbance,25,65,0000000065.png,2,0.6585628055530746,0.5725757971947331,0.0
learned_error_driven_zeroed,2011_09_26/2011_09_26_drive_0011_sync,65,disturbance,25,65,0000000065.png,3,1.444954496919284,1.136776255983102,0.0
learned_error_driven_zeroed,2011_09_26/2011_09_26_drive_0011_sync,65,disturbance,25,65,0000000065.png,4,2.1317070435488437,1.6177674731600478,0.0
learned_error_driven_zeroed,2011_09_26/2011_09_26_drive_0011_sync,65,disturbance,25,65,0000000065.png,5,1.087509514748883,0.9386582066748826,0.0
learned_error_driven_zeroed,2011_09_26/2011_09_26_drive_0011_sync,66,disturbance,26,66,0000000066.png,1,1.1533801034513653,1.1042173448421893,0.0
learned_error_driven_zeroed,2011_09_26/2011_09_26_drive_0011_sync,66,disturbance,26,66,0000000066.png,2,0.659556672055842,0.5749129140947775,0.0
learned_error_driven_zeroed,2011_09_26/2011_09_26_drive_0011_sync,66,disturbance,26,66,0000000066.png,3,1.42993635158727,1.1403377550627047,0.0
learned_error_driven_zeroed,2011_09_26/2011_09_26_drive_0011_sync,66,disturbance,26,66,0000000066.png,4,2.1229270885009854,1.6293479556089587,0.0
learned_error_driven_zeroed,2011_09_26/2011_09_26_drive_0011_sync,66,disturbance,26,66,0000000066.png,5,1.0948507815605906,0.944016687122933,0.0
learned_error_driven_zeroed,2011_09_26/2011_09_26_drive_0011_sync,67,disturbance,27,67,0000000067.png,1,1.1431808580141374,1.1013604839736906,0.0
learned_error_driven_zeroed,2011_09_26/2011_09_26_drive_0011_sync,67,disturbance,27,67,0000000067.png,2,0.664335742033352,0.5782741863261164,0.0
learned_error_driven_zeroed,2011_09_26/2011_09_26_drive_0011_sync,67,disturbance,27,67,0000000067.png,3,1.4146857466010547,1.1420259011100362,0.0
learned_error_driven_zeroed,2011_09_26/2011_09_26_drive_0011_sync,67,disturbance,27,67,0000000067.png,4,2.1007202091297117,1.6365356936836273,0.0
learned_error_driven_zeroed,2011_09_26/2011_09_26_drive_0011_sync,67,disturbance,27,67,0000000067.png,5,1.0906566634351584,0.9474642255323272,0.0
learned_error_driven_zeroed,2011_09_26/2011_09_26_drive_0011_sync,68,disturbance,28,68,0000000068.png,1,1.1372232050621673,1.0971944287148898,0.0
learned_error_driven_zeroed,2011_09_26/2011_09_26_drive_0011_sync,68,disturbance,28,68,0000000068.png,2,0.663797486682213,0.5795281996973702,0.0
learned_error_driven_zeroed,2011_09_26/2011_09_26_drive_0011_sync,68,disturbance,28,68,0000000068.png,3,1.403469024298029,1.136067575429832,0.0
learned_error_driven_zeroed,2011_09_26/2011_09_26_drive_0011_sync,68,disturbance,28,68,0000000068.png,4,2.0879165110020472,1.6308832593007123,0.0
learned_error_driven_zeroed,2011_09_26/2011_09_26_drive_0011_sync,68,disturbance,28,68,0000000068.png,5,1.0705992281526229,0.9445368131266836,0.0
learned_error_driven_zeroed,2011_09_26/2011_09_26_drive_0011_sync,69,disturbance,29,69,0000000069.png,1,1.1413457860165253,1.0942963163502268,0.0
learned_error_driven_zeroed,2011_09_26/2011_09_26_drive_0011_sync,69,disturbance,29,69,0000000069.png,2,0.6787805281103421,0.5835145605412846,0.0
learned_error_driven_zeroed,2011_09_26/2011_09_26_drive_0011_sync,69,disturbance,29,69,0000000069.png,3,1.4224951295894401,1.1356684831878927,0.0
learned_error_driven_zeroed,2011_09_26/2011_09_26_drive_0011_sync,69,disturbance,29,69,0000000069.png,4,2.12975782805237,1.6340674774763537,0.0
learned_error_driven_zeroed,2011_09_26/2011_09_26_drive_0011_sync,69,disturbance,29,69,0000000069.png,5,1.0816624849978238,0.9442005943577201,0.0
learned_error_driven_zeroed,2011_09_26/2011_09_26_drive_0011_sync,70,disturbance,30,70,0000000070.png,1,1.1501273132415606,1.0938736590471438,0.0
learned_error_driven_zeroed,2011_09_26/2011_09_26_drive_0011_sync,70,disturbance,30,70,0000000070.png,2,0.6983860317998396,0.5918176608827793,0.0
learned_error_driven_zeroed,2011_09_26/2011_09_26_drive_0011_sync,70,disturbance,30,70,0000000070.png,3,1.4408731650766584,1.1434507582909985,0.0
learned_error_driven_zeroed,2011_09_26/2011_09_26_drive_0011_sync,70,disturbance,30,70,0000000070.png,4,2.1420252675789997,1.6450901602503982,0.0
learned_error_driven_zeroed,2011_09_26/2011_09_26_drive_0011_sync,70,disturbance,30,70,0000000070.png,5,1.0908863702723246,0.9464310417619822,0.0
learned_error_driven_zeroed,2011_09_26/2011_09_26_drive_0011_sync,71,disturbance,31,71,0000000071.png,1,1.1562372138989436,1.0949384750648787,0.0
learned_error_driven_zeroed,2011_09_26/2011_09_26_drive_0011_sync,71,disturbance,31,71,0000000071.png,2,0.7113002710346532,0.6019221348529252,0.0
learned_error_driven_zeroed,2011_09_26/2011_09_26_drive_0011_sync,71,disturbance,31,71,0000000071.png,3,1.4507039998733082,1.154137956812253,0.0
learned_error_driven_zeroed,2011_09_26/2011_09_26_drive_0011_sync,71,disturbance,31,71,0000000071.png,4,2.169213257650413,1.6623857107037152,0.0
learned_error_driven_zeroed,2011_09_26/2011_09_26_drive_0011_sync,71,disturbance,31,71,0000000071.png,5,1.12578506689314,0.9537543831109637,0.0
learned_error_driven_zeroed,2011_09_26/2011_09_26_drive_0011_sync,72,disturbance,32,72,0000000072.png,1,1.159452623819682,1.096057434801787,0.0
learned_error_driven_zeroed,2011_09_26/2011_09_26_drive_0011_sync,72,disturbance,32,72,0000000072.png,2,0.71986690373016,0.6111842797597128,0.0
learned_error_driven_zeroed,2011_09_26/2011_09_26_drive_0011_sync,72,disturbance,32,72,0000000072.png,3,1.4545842928556814,1.1611332290078131,0.0
learned_error_driven_zeroed,2011_09_26/2011_09_26_drive_0011_sync,72,disturbance,32,72,0000000072.png,4,2.1825610851497435,1.676524351669059,0.0
learned_error_driven_zeroed,2011_09_26/2011_09_26_drive_0011_sync,72,disturbance,32,72,0000000072.png,5,1.1207815358621869,0.9590794829615216,0.0
learned_error_driven_zeroed,2011_09_26/2011_09_26_drive_0011_sync,73,disturbance,33,73,0000000073.png,1,1.16571938299438,1.097128915678032,0.0
learned_error_driven_zeroed,2011_09_26/2011_09_26_drive_0011_sync,73,disturbance,33,73,0000000073.png,2,0.7227497540429808,0.6180802522826807,0.0
learned_error_driven_zeroed,2011_09_26/2011_09_26_drive_0011_sync,73,disturbance,33,73,0000000073.png,3,1.4481514220141163,1.1608772557400293,0.0
learned_error_driven_zeroed,2011_09_26/2011_09_26_drive_0011_sync,73,disturbance,33,73,0000000073.png,4,2.1812638073951103,1.6810303706736023,0.0
learned_error_driven_zeroed,2011_09_26/2011_09_26_drive_0011_sync,73,disturbance,33,73,0000000073.png,5,1.1166914168528352,0.9611817588039386,0.0
learned_error_driven_zeroed,2011_09_26/2011_09_26_drive_0011_sync,74,disturbance,34,74,0000000074.png,1,1.1665020555934869,1.0970030042619745,0.0
learned_error_driven_zeroed,2011_09_26/2011_09_26_drive_0011_sync,74,disturbance,34,74,0000000074.png,2,0.7189401113673053,0.6222681271146696,0.0
learned_error_driven_zeroed,2011_09_26/2011_09_26_drive_0011_sync,74,disturbance,34,74,0000000074.png,3,1.4306654987207996,1.1558734551783898,0.0
learned_error_driven_zeroed,2011_09_26/2011_09_26_drive_0011_sync,74,disturbance,34,74,0000000074.png,4,2.173157460896073,1.678802638055042,0.0
learned_error_driven_zeroed,2011_09_26/2011_09_26_drive_0011_sync,74,disturbance,34,74,0000000074.png,5,1.109234958536822,0.958729719708654,0.0
learned_error_driven_zeroed,2011_09_26/2011_09_26_drive_0011_sync,75,disturbance,35,75,0000000075.png,1,1.166409795048372,1.097329783666438,0.0
learned_error_driven_zeroed,2011_09_26/2011_09_26_drive_0011_sync,75,disturbance,35,75,0000000075.png,2,0.7183969341919011,0.6269367429867737,0.0
learned_error_driven_zeroed,2011_09_26/2011_09_26_drive_0011_sync,75,disturbance,35,75,0000000075.png,3,1.430261255121606,1.1558380476681902,0.0
learned_error_driven_zeroed,2011_09_26/2011_09_26_drive_0011_sync,75,disturbance,35,75,0000000075.png,4,2.177408903871067,1.682156729846907,0.0
learned_error_driven_zeroed,2011_09_26/2011_09_26_drive_0011_sync,75,disturbance,35,75,0000000075.png,5,1.100054471633779,0.9566928416032393,0.0
learned_error_driven_zeroed,2011_09_26/2011_09_26_drive_0011_sync,76,disturbance,36,76,0000000076.png,1,1.1635705160950742,1.096793512063147,0.0
learned_error_driven_zeroed,2011_09_26/2011_09_26_drive_0011_sync,76,disturbance,36,76,0000000076.png,2,0.7184206386460441,0.6314521339982807,0.0
learned_error_driven_zeroed,2011_09_26/2011_09_26_drive_0011_sync,76,disturbance,36,76,0000000076.png,3,1.4389989385501076,1.1601458826229674,0.0
learned_error_driven_zeroed,2011_09_26/2011_09_26_drive_0011_sync,76,disturbance,36,76,0000000076.png,4,2.1854800070713667,1.6901231654730302,0.0
learned_error_driven_zeroed,2011_09_26/2011_09_26_drive_0011_sync,76,disturbance,36,76,0000000076.png,5,1.100964651116724,0.9554539754190637,0.0
learned_error_driven_zeroed,2011_09_26/2011_09_26_drive_0011_sync,77,disturbance,37,77,0000000077.png,1,1.16099819004049,1.0950695624033209,0.0
learned_error_driven_zeroed,2011_09_26/2011_09_26_drive_0011_sync,77,disturbance,37,77,0000000077.png,2,0.7200303549845147,0.6339696383764468,0.0
learned_error_driven_zeroed,2011_09_26/2011_09_26_drive_0011_sync,77,disturbance,37,77,0000000077.png,3,1.4481069785459288,1.1588887471689358,0.0
learned_error_driven_zeroed,2011_09_26/2011_09_26_drive_0011_sync,77,disturbance,37,77,0000000077.png,4,2.2160350434634353,1.6938495036690009,0.0
learned_error_driven_zeroed,2011_09_26/2011_09_26_drive_0011_sync,77,disturbance,37,77,0000000077.png,5,1.1219308007126108,0.9551240438173146,0.0
learned_error_driven_zeroed,2011_09_26/2011_09_26_drive_0011_sync,78,disturbance,38,78,0000000078.png,1,1.1659896360628121,1.0947353375457123,0.0
learned_error_driven_zeroed,2011_09_26/2011_09_26_drive_0011_sync,78,disturbance,38,78,0000000078.png,2,0.7204868022127155,0.6361903207612531,0.0
learned_error_driven_zeroed,2011_09_26/2011_09_26_drive_0011_sync,78,disturbance,38,78,0000000078.png,3,1.4456178273164293,1.1591700812591286,0.0
learned_error_driven_zeroed,2011_09_26/2011_09_26_drive_0011_sync,78,disturbance,38,78,0000000078.png,4,2.2116518201994713,1.6986936567683557,0.0
learned_error_driven_zeroed,2011_09_26/2011_09_26_drive_0011_sync,78,disturbance,38,78,0000000078.png,5,1.1236232469847034,0.9560497711868372,0.0
learned_error_driven_zeroed,2011_09_26/2011_09_26_drive_0011_sync,79,disturbance,39,79,0000000079.png,1,1.1544557568652403,1.0948139021618577,0.0
learned_error_driven_zeroed,2011_09_26/2011_09_26_drive_0011_sync,79,disturbance,39,79,0000000079.png,2,0.7120108694692733,0.63940373973024,0.0
learned_error_driven_zeroed,2011_09_26/2011_09_26_drive_0011_sync,79,disturbance,39,79,0000000079.png,3,1.4056002385727786,1.1629018506661695,0.0
learned_error_driven_zeroed,2011_09_26/2011_09_26_drive_0011_sync,79,disturbance,39,79,0000000079.png,4,2.165978405844867,1.7108807251833382,0.0
learned_error_driven_zeroed,2011_09_26/2011_09_26_drive_0011_sync,79,disturbance,39,79,0000000079.png,5,1.12348332304941,0.9617131235425284,0.0
learned_error_driven_zeroed,2011_09_26/2011_09_26_drive_0011_sync,80,disturbance,40,80,0000000080.png,1,1.1591044965959483,1.0973359174856279,0.0
learned_error_driven_zeroed,2011_09_26/2011_09_26_drive_0011_sync,80,disturbance,40,80,0000000080.png,2,0.705729996365,0.6409015819123008,0.0
learned_error_driven_zeroed,2011_09_26/2011_09_26_drive_0011_sync,80,disturbance,40,80,0000000080.png,3,1.389262998739423,1.162250779746066,0.0
learned_error_driven_zeroed,2011_09_26/2011_09_26_drive_0011_sync,80,disturbance,40,80,0000000080.png,4,2.1447006843091696,1.7162164545028458,0.0
learned_error_driven_zeroed,2011_09_26/2011_09_26_drive_0011_sync,80,disturbance,40,80,0000000080.png,5,1.1071613535901812,0.9638027145911583,0.0
learned_error_driven_zeroed,2011_09_26/2011_09_26_drive_0011_sync,81,disturbance,41,81,0000000081.png,1,1.1598740455560261,1.100258924516934,0.0
learned_error_driven_zeroed,2011_09_26/2011_09_26_drive_0011_sync,81,disturbance,41,81,0000000081.png,2,0.6933832162249938,0.6391852504859782,0.0
learned_error_driven_zeroed,2011_09_26/2011_09_26_drive_0011_sync,81,disturbance,41,81,0000000081.png,3,1.3782332819547773,1.1586787701913686,0.0
learned_error_driven_zeroed,2011_09_26/2011_09_26_drive_0011_sync,81,disturbance,41,81,0000000081.png,4,2.112831677035691,1.7143642567412694,0.0
learned_error_driven_zeroed,2011_09_26/2011_09_26_drive_0011_sync,81,disturbance,41,81,0000000081.png,5,1.0925197443811945,0.9621015997195707,0.0
learned_error_driven_zeroed,2011_09_26/2011_09_26_drive_0011_sync,82,disturbance,42,82,0000000082.png,1,1.1660251361988865,1.1044340395575314,0.0
learned_error_driven_zeroed,2011_09_26/2011_09_26_drive_0011_sync,82,disturbance,42,82,0000000082.png,2,0.6862831386164372,0.6363458648356374,0.0
learned_error_driven_zeroed,2011_09_26/2011_09_26_drive_0011_sync,82,disturbance,42,82,0000000082.png,3,1.3757106097718734,1.157041116004723,0.0
learned_error_driven_zeroed,2011_09_26/2011_09_26_drive_0011_sync,82,disturbance,42,82,0000000082.png,4,2.0917671750710953,1.709565936139439,0.0
learned_error_driven_zeroed,2011_09_26/2011_09_26_drive_0011_sync,82,disturbance,42,82,0000000082.png,5,1.0643189539211078,0.9553436577312087,0.0
learned_error_driven_zeroed,2011_09_26/2011_09_26_drive_0011_sync,83,disturbance,43,83,0000000083.png,1,1.1671812881341164,1.108944153790884,0.0
learned_error_driven_zeroed,2011_09_26/2011_09_26_drive_0011_sync,83,disturbance,43,83,0000000083.png,2,0.6851908172031682,0.6341797066383665,0.0
learned_error_driven_zeroed,2011_09_26/2011_09_26_drive_0011_sync,83,disturbance,43,83,0000000083.png,3,1.385445254275649,1.1588999314219768,0.0
learned_error_driven_zeroed,2011_09_26/2011_09_26_drive_0011_sync,83,disturbance,43,83,0000000083.png,4,2.1008921694836364,1.709075523305945,0.0
learned_error_driven_zeroed,2011_09_26/2011_09_26_drive_0011_sync,83,disturbance,43,83,0000000083.png,5,1.0650525959286268,0.9506664136525215,0.0
learned_error_driven_zeroed,2011_09_26/2011_09_26_drive_0011_sync,84,disturbance,44,84,0000000084.png,1,1.167716026687986,1.1131882790850192,0.0
learned_error_driven_zeroed,2011_09_26/2011_09_26_drive_0011_sync,84,disturbance,44,84,0000000084.png,2,0.6857987049057234,0.6325238878386249,0.0
learned_error_driven_zeroed,2011_09_26/2011_09_26_drive_0011_sync,84,disturbance,44,84,0000000084.png,3,1.401323213231353,1.1635198009955956,0.0
learned_error_driven_zeroed,2011_09_26/2011_09_26_drive_0011_sync,84,disturbance,44,84,0000000084.png,4,2.134216032506182,1.7156693190580006,0.0
learned_error_driven_zeroed,2011_09_26/2011_09_26_drive_0011_sync,84,disturbance,44,84,0000000084.png,5,1.0803535782550924,0.9509672616999106,0.0
learned_error_driven_zeroed,2011_09_26/2011_09_26_drive_0011_sync,85,disturbance,45,85,0000000085.png,1,1.1679942264016472,1.1170688884448425,0.0
learned_error_driven_zeroed,2011_09_26/2011_09_26_drive_0011_sync,85,disturbance,45,85,0000000085.png,2,0.6893098848832001,0.6324690777833677,0.0
learned_error_driven_zeroed,2011_09_26/2011_09_26_drive_0011_sync,85,disturbance,45,85,0000000085.png,3,1.414932066017523,1.1703791921757727,0.0
learned_error_driven_zeroed,2011_09_26/2011_09_26_drive_0011_sync,85,disturbance,45,85,0000000085.png,4,2.1512239824813677,1.7278956386692093,0.0
learned_error_driven_zeroed,2011_09_26/2011_09_26_drive_0011_sync,85,disturbance,45,85,0000000085.png,5,1.0972280233788585,0.9562289647329587,0.0
learned_error_driven_zeroed,2011_09_26/2011_09_26_drive_0011_sync,86,disturbance,46,86,0000000086.png,1,1.1683459977540367,1.1202137559892127,0.0
learned_error_driven_zeroed,2011_09_26/2011_09_26_drive_0011_sync,86,disturbance,46,86,0000000086.png,2,0.6902157568856943,0.6328157414338509,0.0
learned_error_driven_zeroed,2011_09_26/2011_09_26_drive_0011_sync,86,disturbance,46,86,0000000086.png,3,1.4204006804566736,1.1766614030457736,0.0
learned_error_driven_zeroed,2011_09_26/2011_09_26_drive_0011_sync,86,disturbance,46,86,0000000086.png,4,2.165555784078989,1.740403086874,0.0
learned_error_driven_zeroed,2011_09_26/2011_09_26_drive_0011_sync,86,disturbance,46,86,0000000086.png,5,1.1129157067140103,0.9638939383260108,0.0
learned_error_driven_zeroed,2011_09_26/2011_09_26_drive_0011_sync,87,disturbance,47,87,0000000087.png,1,1.1665660939558782,1.1225545055300707,0.0
learned_error_driven_zeroed,2011_09_26/2011_09_26_drive_0011_sync,87,disturbance,47,87,0000000087.png,2,0.6884864813331967,0.6327094149020084,0.0
learned_error_driven_zeroed,2011_09_26/2011_09_26_drive_0011_sync,87,disturbance,47,87,0000000087.png,3,1.4161891414494887,1.1799656683817852,0.0
learned_error_driven_zeroed,2011_09_26/2011_09_26_drive_0011_sync,87,disturbance,47,87,0000000087.png,4,2.155474724878739,1.7472212770641804,0.0
learned_error_driven_zeroed,2011_09_26/2011_09_26_drive_0011_sync,87,disturbance,47,87,0000000087.png,5,1.1244554941786307,0.9715813776053778,0.0
learned_error_driven_zeroed,2011_09_26/2011_09_26_drive_0011_sync,88,disturbance,48,88,0000000088.png,1,1.1631790501660986,1.1236707198939166,0.0
learned_error_driven_zeroed,2011_09_26/2011_09_26_drive_0011_sync,88,disturbance,48,88,0000000088.png,2,0.687219331488381,0.6320778225327032,0.0
learned_error_driven_zeroed,2011_09_26/2011_09_26_drive_0011_sync,88,disturbance,48,88,0000000088.png,3,1.4170194469622837,1.1810348944813456,0.0
learned_error_driven_zeroed,2011_09_26/2011_09_26_drive_0011_sync,88,disturbance,48,88,0000000088.png,4,2.162517922706631,1.7516407402395628,0.0
learned_error_driven_zeroed,2011_09_26/2011_09_26_drive_0011_sync,88,disturbance,48,88,0000000088.png,5,1.1292247044289936,0.9782348238254545,0.0
learned_error_driven_zeroed,2011_09_26/2011_09_26_drive_0011_sync,89,disturbance,49,89,0000000089.png,1,1.1579234592840275,1.1230567107808545,0.0
learned_error_driven_zeroed,2011_09_26/2011_09_26_drive_0011_sync,89,disturbance,49,89,0000000089.png,2,0.6852747942063528,0.6306508729362289,0.0
learned_error_driven_zeroed,2011_09_26/2011_09_26_drive_0011_sync,89,disturbance,49,89,0000000089.png,3,1.4191020822329874,1.1801011763397249,0.0
learned_error_driven_zeroed,2011_09_26/2011_09_26_drive_0011_sync,89,disturbance,49,89,0000000089.png,4,2.1617754939933986,1.750678876405008,0.0
learned_error_driven_zeroed,2011_09_26/2011_09_26_drive_0011_sync,89,disturbance,49,89,0000000089.png,5,1.1382645269811034,0.9824859370914188,0.0
learned_error_driven_zeroed,2011_09_26/2011_09_26_drive_0011_sync,90,disturbance,50,90,0000000090.png,1,1.1541045262719594,1.1213896987380105,0.0
learned_error_driven_zeroed,2011_09_26/2011_09_26_drive_0011_sync,90,disturbance,50,90,0000000090.png,2,0.6845009456305201,0.629241282695335,0.0
learned_error_driven_zeroed,2011_09_26/2011_09_26_drive_0011_sync,90,disturbance,50,90,0000000090.png,3,1.4249567412103568,1.1806606430159303,0.0
learned_error_driven_zeroed,2011_09_26/2011_09_26_drive_0011_sync,90,disturbance,50,90,0000000090.png,4,2.182367826291933,1.7521738914933382,0.0
learned_error_driven_zeroed,2011_09_26/2011_09_26_drive_0011_sync,90,disturbance,50,90,0000000090.png,5,1.1446645355840788,0.986898937528163,0.0
learned_error_driven_zeroed,2011_09_26/2011_09_26_drive_0011_sync,91,disturbance,51,91,0000000091.png,1,1.1538687031987322,1.1199644285035264,0.0
learned_error_driven_zeroed,2011_09_26/2011_09_26_drive_0011_sync,91,disturbance,51,91,0000000091.png,2,0.6884625331453874,0.629134033457808,0.0
learned_error_driven_zeroed,2011_09_26/2011_09_26_drive_0011_sync,91,disturbance,51,91,0000000091.png,3,1.433513500259861,1.1840732239166127,0.0
learned_error_driven_zeroed,2011_09_26/2011_09_26_drive_0011_sync,91,disturbance,51,91,0000000091.png,4,2.172863378438449,1.7538839039221885,0.0
learned_error_driven_zeroed,2011_09_26/2011_09_26_drive_0011_sync,91,disturbance,51,91,0000000091.png,5,1.1258573620326873,0.9867878918704387,0.0
learned_error_driven_zeroed,2011_09_26/2011_09_26_drive_0011_sync,92,disturbance,52,92,0000000092.png,1,1.1529649921468763,1.1183007423063094,0.0
learned_error_driven_zeroed,2011_09_26/2011_09_26_drive_0011_sync,92,disturbance,52,92,0000000092.png,2,0.6952332619833507,0.6301436897093926,0.0
learned_error_driven_zeroed,2011_09_26/2011_09_26_drive_0011_sync,92,disturbance,52,92,0000000092.png,3,1.4606625486278064,1.1917145833714742,0.0
learned_error_driven_zeroed,2011_09_26/2011_09_26_drive_0011_sync,92,disturbance,52,92,0000000092.png,4,2.2079991527490748,1.7617604543486507,0.0
learned_error_driven_zeroed,2011_09_26/2011_09_26_drive_0011_sync,92,disturbance,52,92,0000000092.png,5,1.1200004519900366,0.9861559752713216,0.0
learned_error_driven_zeroed,2011_09_26/2011_09_26_drive_0011_sync,93,disturbance,53,93,0000000093.png,1,1.152607528149771,1.1163901693083838,0.0
learned_error_driven_zeroed,2011_09_26/2011_09_26_drive_0011_sync,93,disturbance,53,93,0000000093.png,2,0.7020588615931198,0.6321459507139879,0.0
learned_error_driven_zeroed,2011_09_26/2011_09_26_drive_0011_sync,93,disturbance,53,93,0000000093.png,3,1.480785422518759,1.2015757778773188,0.0
learned_error_driven_zeroed,2011_09_26/2011_09_26_drive_0011_sync,93,disturbance,53,93,0000000093.png,4,2.2373980358377263,1.7747881144240152,0.0
learned_error_driven_zeroed,2011_09_26/2011_09_26_drive_0011_sync,93,disturbance,53,93,0000000093.png,5,1.1419611678568478,0.9897594233506314,0.0
learned_error_driven_zeroed,2011_09_26/2011_09_26_drive_0011_sync,94,disturbance,54,94,0000000094.png,1,1.15083924471505,1.1136355810215088,0.0
learned_error_driven_zeroed,2011_09_26/2011_09_26_drive_0011_sync,94,disturbance,54,94,0000000094.png,2,0.7074888566730422,0.6341064631358614,0.0
learned_error_driven_zeroed,2011_09_26/2011_09_26_drive_0011_sync,94,disturbance,54,94,0000000094.png,3,1.5024403835691875,1.2118519080672516,0.0
learned_error_driven_zeroed,2011_09_26/2011_09_26_drive_0011_sync,94,disturbance,54,94,0000000094.png,4,2.2624618388717814,1.789997883126854,0.0
learned_error_driven_zeroed,2011_09_26/2011_09_26_drive_0011_sync,94,disturbance,54,94,0000000094.png,5,1.1622480579690824,0.9965240885183302,0.0
learned_error_driven_zeroed,2011_09_26/2011_09_26_drive_0011_sync,95,disturbance,55,95,0000000095.png,1,1.1507885625347822,1.1103466770558295,0.0
learned_error_driven_zeroed,2011_09_26/2011_09_26_drive_0011_sync,95,disturbance,55,95,0000000095.png,2,0.7124910070124215,0.6363852060805049,0.0
learned_error_driven_zeroed,2011_09_26/2011_09_26_drive_0011_sync,95,disturbance,55,95,0000000095.png,3,1.5175258073918299,1.2228863800512588,0.0
learned_error_driven_zeroed,2011_09_26/2011_09_26_drive_0011_sync,95,disturbance,55,95,0000000095.png,4,2.2841906246216244,1.8082428801644341,0.0
learned_error_driven_zeroed,2011_09_26/2011_09_26_drive_0011_sync,95,disturbance,55,95,0000000095.png,5,1.1750822645509693,1.0051506733823459,0.0
learned_error_driven_zeroed,2011_09_26/2011_09_26_drive_0011_sync,96,disturbance,56,96,0000000096.png,1,1.1510016716490934,1.1082280015316963,0.0
learned_error_driven_zeroed,2011_09_26/2011_09_26_drive_0011_sync,96,disturbance,56,96,0000000096.png,2,0.7118923820155895,0.638372352795709,0.0
learned_error_driven_zeroed,2011_09_26/2011_09_26_drive_0011_sync,96,disturbance,56,96,0000000096.png,3,1.5181448290474442,1.2329928098942495,0.0
learned_error_driven_zeroed,2011_09_26/2011_09_26_drive_0011_sync,96,disturbance,56,96,0000000096.png,4,2.281993814834822,1.8255348466395553,0.0
learned_error_driven_zeroed,2011_09_26/2011_09_26_drive_0011_sync,96,disturbance,56,96,0000000096.png,5,1.196136583341792,1.0147421568576696,0.0
learned_error_driven_zeroed,2011_09_26/2011_09_26_drive_0011_sync,97,disturbance,57,97,0000000097.png,1,1.1456049300840716,1.1069123733497528,0.0
learned_error_driven_zeroed,2011_09_26/2011_09_26_drive_0011_sync,97,disturbance,57,97,0000000097.png,2,0.7093296091512955,0.6395372522488008,0.0
learned_error_driven_zeroed,2011_09_26/2011_09_26_drive_0011_sync,97,disturbance,57,97,0000000097.png,3,1.5195004777342642,1.2413827884251853,0.0
learned_error_driven_zeroed,2011_09_26/2011_09_26_drive_0011_sync,97,disturbance,57,97,0000000097.png,4,2.2899884828607515,1.8397115724949205,0.0
learned_error_driven_zeroed,2011_09_26/2011_09_26_drive_0011_sync,97,disturbance,57,97,0000000097.png,5,1.2073594874814906,1.0253590890855921,0.0
learned_error_driven_zeroed,2011_09_26/2011_09_26_drive_0011_sync,98,disturbance,58,98,0000000098.png,1,1.145234121266325,1.106484529468301,0.0
learned_error_driven_zeroed,2011_09_26/2011_09_26_drive_0011_sync,98,disturbance,58,98,0000000098.png,2,0.7075287356510319,0.6405415594083497,0.0
learned_error_driven_zeroed,2011_09_26/2011_09_26_drive_0011_sync,98,disturbance,58,98,0000000098.png,3,1.5128610220422642,1.2482561557719714,0.0
learned_error_driven_zeroed,2011_09_26/2011_09_26_drive_0011_sync,98,disturbance,58,98,0000000098.png,4,2.269522697380759,1.8493178402006898,0.0
learned_error_driven_zeroed,2011_09_26/2011_09_26_drive_0011_sync,98,disturbance,58,98,0000000098.png,5,1.2042646611767314,1.0327267940560947,0.0
learned_error_driven_zeroed,2011_09_26/2011_09_26_drive_0011_sync,99,disturbance,59,99,0000000099.png,1,1.1446875082635175,1.1062066994907482,0.0
learned_error_driven_zeroed,2011_09_26/2011_09_26_drive_0011_sync,99,disturbance,59,99,0000000099.png,2,0.7098021793845325,0.6416734323215775,0.0
learned_error_driven_zeroed,2011_09_26/2011_09_26_drive_0011_sync,99,disturbance,59,99,0000000099.png,3,1.5167088119365273,1.2540790858972395,0.0
learned_error_driven_zeroed,2011_09_26/2011_09_26_drive_0011_sync,99,disturbance,59,99,0000000099.png,4,2.271740275640758,1.856506841130795,0.0
learned_error_driven_zeroed,2011_09_26/2011_09_26_drive_0011_sync,99,disturbance,59,99,0000000099.png,5,1.2157630649004287,1.04161079437437,0.0
learned_error_driven_zeroed,2011_09_26/2011_09_26_drive_0011_sync,100,disturbance,60,100,0000000100.png,1,1.1453139156264431,1.1060677568703794,0.0
learned_error_driven_zeroed,2011_09_26/2011_09_26_drive_0011_sync,100,disturbance,60,100,0000000100.png,2,0.7096567133860197,0.6424648341659442,0.0
learned_error_driven_zeroed,2011_09_26/2011_09_26_drive_0011_sync,100,disturbance,60,100,0000000100.png,3,1.515224639564791,1.2584699499696173,0.0
learned_error_driven_zeroed,2011_09_26/2011_09_26_drive_0011_sync,100,disturbance,60,100,0000000100.png,4,2.2681221363534294,1.8626073376176262,0.0
learned_error_driven_zeroed,2011_09_26/2011_09_26_drive_0011_sync,100,disturbance,60,100,0000000100.png,5,1.2046796643184545,1.049282473546928,0.0
learned_error_driven_zeroed,2011_09_26/2011_09_26_drive_0011_sync,101,disturbance,61,101,0000000101.png,1,1.1485348566761417,1.10628884312252,0.0
learned_error_driven_zeroed,2011_09_26/2011_09_26_drive_0011_sync,101,disturbance,61,101,0000000101.png,2,0.7085948457052081,0.6425806794962311,0.0
learned_error_driven_zeroed,2011_09_26/2011_09_26_drive_0011_sync,101,disturbance,61,101,0000000101.png,3,1.509406065469303,1.2608687399712342,0.0
learned_error_driven_zeroed,2011_09_26/2011_09_26_drive_0011_sync,101,disturbance,61,101,0000000101.png,4,2.2667920187083217,1.8671975883144114,0.0
learned_error_driven_zeroed,2011_09_26/2011_09_26_drive_0011_sync,101,disturbance,61,101,0000000101.png,5,1.2006034964258854,1.053364654871515,0.0
learned_error_driven_zeroed,2011_09_26/2011_09_26_drive_0011_sync,102,disturbance,62,102,0000000102.png,1,1.1551401585286767,1.1081385994025608,0.0
learned_error_driven_zeroed,2011_09_26/2011_09_26_drive_0011_sync,102,disturbance,62,102,0000000102.png,2,0.7071211873312859,0.642998253551049,0.0
learned_error_driven_zeroed,2011_09_26/2011_09_26_drive_0011_sync,102,disturbance,62,102,0000000102.png,3,1.4986050395046562,1.2631419266029262,0.0
learned_error_driven_zeroed,2011_09_26/2011_09_26_drive_0011_sync,102,disturbance,62,102,0000000102.png,4,2.251484106790925,1.8726614586052253,0.0
learned_error_driven_zeroed,2011_09_26/2011_09_26_drive_0011_sync,102,disturbance,62,102,0000000102.png,5,1.21170817606977,1.058595017304123,0.0
learned_error_driven_zeroed,2011_09_26/2011_09_26_drive_0011_sync,103,disturbance,63,103,0000000103.png,1,1.1568656731575102,1.1110640023901388,0.0
learned_error_driven_zeroed,2011_09_26/2011_09_26_drive_0011_sync,103,disturbance,63,103,0000000103.png,2,0.7087285533463981,0.644276733414414,0.0
learned_error_driven_zeroed,2011_09_26/2011_09_26_drive_0011_sync,103,disturbance,63,103,0000000103.png,3,1.498538626461491,1.2661326407530809,0.0
learned_error_driven_zeroed,2011_09_26/2011_09_26_drive_0011_sync,103,disturbance,63,103,0000000103.png,4,2.257356958996177,1.8798949244331273,0.0
learned_error_driven_zeroed,2011_09_26/2011_09_26_drive_0011_sync,103,disturbance,63,103,0000000103.png,5,1.213013669540677,1.0652786165510892,0.0
learned_error_driven_zeroed,2011_09_26/2011_09_26_drive_0011_sync,104,disturbance,64,104,0000000104.png,1,1.1534516353813387,1.1127482281593826,0.0
learned_error_driven_zeroed,2011_09_26/2011_09_26_drive_0011_sync,104,disturbance,64,104,0000000104.png,2,0.7081336492321818,0.6455175617592281,0.0
learned_error_driven_zeroed,2011_09_26/2011_09_26_drive_0011_sync,104,disturbance,64,104,0000000104.png,3,1.4911062373180168,1.2673632052052057,0.0
learned_error_driven_zeroed,2011_09_26/2011_09_26_drive_0011_sync,104,disturbance,64,104,0000000104.png,4,2.233425346932834,1.8831924486942833,0.0
learned_error_driven_zeroed,2011_09_26/2011_09_26_drive_0011_sync,104,disturbance,64,104,0000000104.png,5,1.1980619749543289,1.069830033549052,0.0
learned_error_driven_zeroed,2011_09_26/2011_09_26_drive_0011_sync,105,disturbance,65,105,0000000105.png,1,1.15000824678456,1.1130848843378698,0.0
learned_error_driven_zeroed,2011_09_26/2011_09_26_drive_0011_sync,105,disturbance,65,105,0000000105.png,2,0.7033127061361738,0.6456296870370964,0.0
learned_error_driven_zeroed,2011_09_26/2011_09_26_drive_0011_sync,105,disturbance,65,105,0000000105.png,3,1.476993955196436,1.266439308766415,0.0
learned_error_driven_zeroed,2011_09_26/2011_09_26_drive_0011_sync,105,disturbance,65,105,0000000105.png,4,2.20743634640642,1.8817969924125195,0.0
learned_error_driven_zeroed,2011_09_26/2011_09_26_drive_0011_sync,105,disturbance,65,105,0000000105.png,5,1.1696404708834278,1.0671594572584748,0.0
learned_error_driven_zeroed,2011_09_26/2011_09_26_drive_0011_sync,106,disturbance,66,106,0000000106.png,1,1.1491037679295686,1.1128949456251211,0.0
learned_error_driven_zeroed,2011_09_26/2011_09_26_drive_0011_sync,106,disturbance,66,106,0000000106.png,2,0.6991740444249797,0.6451677131348962,0.0
learned_error_driven_zeroed,2011_09_26/2011_09_26_drive_0011_sync,106,disturbance,66,106,0000000106.png,3,1.464433726252593,1.2647160787152334,0.0
learned_error_driven_zeroed,2011_09_26/2011_09_26_drive_0011_sync,106,disturbance,66,106,0000000106.png,4,2.1888252443540837,1.8783682131026558,0.0
learned_error_driven_zeroed,2011_09_26/2011_09_26_drive_0011_sync,106,disturbance,66,106,0000000106.png,5,1.1679392268731403,1.0633810282900615,0.0
learned_error_driven_zeroed,2011_09_26/2011_09_26_drive_0011_sync,107,disturbance,67,107,0000000107.png,1,1.1534343882199316,1.1141339668511794,0.0
learned_error_driven_zeroed,2011_09_26/2011_09_26_drive_0011_sync,107,disturbance,67,107,0000000107.png,2,0.6968174174452121,0.64497899931595,0.0
learned_error_driven_zeroed,2011_09_26/2011_09_26_drive_0011_sync,107,disturbance,67,107,0000000107.png,3,1.4514269735911518,1.2633063225880048,0.0
learned_error_driven_zeroed,2011_09_26/2011_09_26_drive_0011_sync,107,disturbance,67,107,0000000107.png,4,2.1599394814496033,1.8738067034339154,0.0
learned_error_driven_zeroed,2011_09_26/2011_09_26_drive_0011_sync,107,disturbance,67,107,0000000107.png,5,1.1380902275944227,1.055702443348167,0.0
learned_error_driven_zeroed,2011_09_26/2011_09_26_drive_0011_sync,108,disturbance,68,108,0000000108.png,1,1.1558188434028214,1.1163807876647338,0.0
learned_error_driven_zeroed,2011_09_26/2011_09_26_drive_0011_sync,108,disturbance,68,108,0000000108.png,2,0.6934729019633467,0.6448164935023576,0.0
learned_error_driven_zeroed,2011_09_26/2011_09_26_drive_0011_sync,108,disturbance,68,108,0000000108.png,3,1.4335644392496494,1.2607801040769158,0.0
learned_error_driven_zeroed,2011_09_26/2011_09_26_drive_0011_sync,108,disturbance,68,108,0000000108.png,4,2.121595621693394,1.8663739262823271,0.0
learned_error_driven_zeroed,2011_09_26/2011_09_26_drive_0011_sync,108,disturbance,68,108,0000000108.png,5,1.109105919635949,1.045592441963569,0.0
learned_error_driven_zeroed,2011_09_26/2011_09_26_drive_0011_sync,109,disturbance,69,109,0000000109.png,1,1.1568716816397602,1.1189364937395712,0.0
learned_error_driven_zeroed,2011_09_26/2011_09_26_drive_0011_sync,109,disturbance,69,109,0000000109.png,2,0.6932485931014724,0.6451189461432603,0.0
learned_error_driven_zeroed,2011_09_26/2011_09_26_drive_0011_sync,109,disturbance,69,109,0000000109.png,3,1.4243173034619778,1.258770470529584,0.0
learned_error_driven_zeroed,2011_09_26/2011_09_26_drive_0011_sync,109,disturbance,69,109,0000000109.png,4,2.096984595732127,1.860023948880299,0.0
learned_error_driven_zeroed,2011_09_26/2011_09_26_drive_0011_sync,109,disturbance,69,109,0000000109.png,5,1.1006111983957212,1.0362592437867713,0.0
learned_error_driven_zeroed,2011_09_26/2011_09_26_drive_0011_sync,110,disturbance,70,110,0000000110.png,1,1.1539772164782465,1.1204361925564756,0.0
learned_error_driven_zeroed,2011_09_26/2011_09_26_drive_0011_sync,110,disturbance,70,110,0000000110.png,2,0.6932141072481313,0.6453480184031392,0.0
learned_error_driven_zeroed,2011_09_26/2011_09_26_drive_0011_sync,110,disturbance,70,110,0000000110.png,3,1.4226172424090324,1.25706852725693,0.0
learned_error_driven_zeroed,2011_09_26/2011_09_26_drive_0011_sync,110,disturbance,70,110,0000000110.png,4,2.0942045501950632,1.85681254432445,0.0
learned_error_driven_zeroed,2011_09_26/2011_09_26_drive_0011_sync,110,disturbance,70,110,0000000110.png,5,1.1034580791584048,1.031635863753569,0.0
learned_error_driven_zeroed,2011_09_26/2011_09_26_drive_0011_sync,111,disturbance,71,111,0000000111.png,1,1.1506252090420328,1.1207786918641507,0.0
learned_error_driven_zeroed,2011_09_26/2011_09_26_drive_0011_sync,111,disturbance,71,111,0000000111.png,2,0.6928941434253431,0.6458366765107911,0.0
learned_error_driven_zeroed,2011_09_26/2011_09_26_drive_0011_sync,111,disturbance,71,111,0000000111.png,3,1.4206458958593309,1.2571939277802564,0.0
learned_error_driven_zeroed,2011_09_26/2011_09_26_drive_0011_sync,111,disturbance,71,111,0000000111.png,4,2.0922804211908095,1.8572107845891273,0.0
learned_error_driven_zeroed,2011_09_26/2011_09_26_drive_0011_sync,111,disturbance,71,111,0000000111.png,5,1.0980832910403373,1.0284739834737902,0.0
learned_error_driven_zeroed,2011_09_26/2011_09_26_drive_0011_sync,112,disturbance,72,112,0000000112.png,1,1.150987425074912,1.1209526819655007,0.0
learned_error_driven_zeroed,2011_09_26/2011_09_26_drive_0011_sync,112,disturbance,72,112,0000000112.png,2,0.6940431919999941,0.6464542706686831,0.0
learned_error_driven_zeroed,2011_09_26/2011_09_26_drive_0011_sync,112,disturbance,72,112,0000000112.png,3,1.4243962398080547,1.2585491352252682,0.0
learned_error_driven_zeroed,2011_09_26/2011_09_26_drive_0011_sync,112,disturbance,72,112,0000000112.png,4,2.096884379773613,1.8595856998261395,0.0
learned_error_driven_zeroed,2011_09_26/2011_09_26_drive_0011_sync,112,disturbance,72,112,0000000112.png,5,1.0946638555454458,1.026457991361908,0.0
learned_error_driven_zeroed,2011_09_26/2011_09_26_drive_0011_sync,113,disturbance,73,113,0000000113.png,1,1.1535169105624252,1.121482833891469,0.0
learned_error_driven_zeroed,2011_09_26/2011_09_26_drive_0011_sync,113,disturbance,73,113,0000000113.png,2,0.6945626267689253,0.6469896655615871,0.0
learned_error_driven_zeroed,2011_09_26/2011_09_26_drive_0011_sync,113,disturbance,73,113,0000000113.png,3,1.4260580765172304,1.259969376764401,0.0
learned_error_driven_zeroed,2011_09_26/2011_09_26_drive_0011_sync,113,disturbance,73,113,0000000113.png,4,2.0965757474513897,1.8614332980780408,0.0
learned_error_driven_zeroed,2011_09_26/2011_09_26_drive_0011_sync,113,disturbance,73,113,0000000113.png,5,1.0979167013624302,1.025271332855783,0.0
learned_error_driven_zeroed,2011_09_26/2011_09_26_drive_0011_sync,114,disturbance,74,114,0000000114.png,1,1.1578510207254014,1.1224006884975062,0.0
learned_error_driven_zeroed,2011_09_26/2011_09_26_drive_0011_sync,114,disturbance,74,114,0000000114.png,2,0.6957953220399856,0.6473748257798005,0.0
learned_error_driven_zeroed,2011_09_26/2011_09_26_drive_0011_sync,114,disturbance,74,114,0000000114.png,3,1.4286665666159313,1.2607828041555829,0.0
learned_error_driven_zeroed,2011_09_26/2011_09_26_drive_0011_sync,114,disturbance,74,114,0000000114.png,4,2.1071942989958816,1.864210361919399,0.0
learned_error_driven_zeroed,2011_09_26/2011_09_26_drive_0011_sync,114,disturbance,74,114,0000000114.png,5,1.092679699631222,1.0240968939254806,0.0
learned_error_driven_zeroed,2011_09_26/2011_09_26_drive_0011_sync,115,disturbance,75,115,0000000115.png,1,1.1593953954159542,1.1232058071641036,0.0
learned_error_driven_zeroed,2011_09_26/2011_09_26_drive_0011_sync,115,disturbance,75,115,0000000115.png,2,0.6970329420733216,0.6476628214080782,0.0
learned_error_driven_zeroed,2011_09_26/2011_09_26_drive_0011_sync,115,disturbance,75,115,0000000115.png,3,1.4307700487151338,1.2613128537561624,0.0
learned_error_driven_zeroed,2011_09_26/2011_09_26_drive_0011_sync,115,disturbance,75,115,0000000115.png,4,2.1099694584240747,1.8663476264277281,0.0
learned_error_driven_zeroed,2011_09_26/2011_09_26_drive_0011_sync,115,disturbance,75,115,0000000115.png,5,1.0909291218630908,1.022577113699024,0.0
learned_error_driven_zeroed,2011_09_26/2011_09_26_drive_0011_sync,116,disturbance,76,116,0000000116.png,1,1.1588101817031249,1.1232866036720275,0.0
learned_error_driven_zeroed,2011_09_26/2011_09_26_drive_0011_sync,116,disturbance,76,116,0000000116.png,2,0.6984391156179127,0.647938608251069,0.0
learned_error_driven_zeroed,2011_09_26/2011_09_26_drive_0011_sync,116,disturbance,76,116,0000000116.png,3,1.4347285296591041,1.2619485228315883,0.0
learned_error_driven_zeroed,2011_09_26/2011_09_26_drive_0011_sync,116,disturbance,76,116,0000000116.png,4,2.1114907394567854,1.866478929801956,0.0
learned_error_driven_zeroed,2011_09_26/2011_09_26_drive_0011_sync,116,disturbance,76,116,0000000116.png,5,1.0875152966246202,1.0208640288593014,0.0
learned_error_driven_zeroed,2011_09_26/2011_09_26_drive_0011_sync,117,disturbance,77,117,0000000117.png,1,1.1594927350343356,1.1231576003011547,0.0
learned_error_driven_zeroed,2011_09_26/2011_09_26_drive_0011_sync,117,disturbance,77,117,0000000117.png,2,0.7002298565025867,0.6485227780061215,0.0
learned_error_driven_zeroed,2011_09_26/2011_09_26_drive_0011_sync,117,disturbance,77,117,0000000117.png,3,1.439945707337972,1.2632741163649281,0.0
learned_error_driven_zeroed,2011_09_26/2011_09_26_drive_0011_sync,117,disturbance,77,117,0000000117.png,4,2.1150869593119332,1.8661907937241877,0.0
learned_error_driven_zeroed,2011_09_26/2011_09_26_drive_0011_sync,117,disturbance,77,117,0000000117.png,5,1.097478168096273,1.021277212325563,0.0
learned_error_driven_zeroed,2011_09_26/2011_09_26_drive_0011_sync,118,disturbance,78,118,0000000118.png,1,1.1625568111931162,1.1231307840133335,0.0
learned_error_driven_zeroed,2011_09_26/2011_09_26_drive_0011_sync,118,disturbance,78,118,0000000118.png,2,0.7009792365005185,0.6489679730204453,0.0
learned_error_driven_zeroed,2011_09_26/2011_09_26_drive_0011_sync,118,disturbance,78,118,0000000118.png,3,1.4399345643522647,1.2645273488425461,0.0
learned_error_driven_zeroed,2011_09_26/2011_09_26_drive_0011_sync,118,disturbance,78,118,0000000118.png,4,2.1207273902881374,1.8659186393877762,0.0
learned_error_driven_zeroed,2011_09_26/2011_09_26_drive_0011_sync,118,disturbance,78,118,0000000118.png,5,1.0827470045041598,1.0191434726705695,0.0
learned_error_driven_zeroed,2011_09_26/2011_09_26_drive_0011_sync,119,disturbance,79,119,0000000119.png,1,1.1648280562473095,1.123115455256798,0.0
learned_error_driven_zeroed,2011_09_26/2011_09_26_drive_0011_sync,119,disturbance,79,119,0000000119.png,2,0.7016199902230703,0.6491668034486546,0.0
learned_error_driven_zeroed,2011_09_26/2011_09_26_drive_0011_sync,119,disturbance,79,119,0000000119.png,3,1.443049093932343,1.2652586489632442,0.0
learned_error_driven_zeroed,2011_09_26/2011_09_26_drive_0011_sync,119,disturbance,79,119,0000000119.png,4,2.122607644947365,1.866128064648292,0.0
learned_error_driven_zeroed,2011_09_26/2011_09_26_drive_0011_sync,119,disturbance,79,119,0000000119.png,5,1.085508319923724,1.0176238188268254,0.0
learned_error_driven_zeroed,2011_09_26/2011_09_26_drive_0011_sync,120,recovery,0,120,0000000120.png,1,1.2833843527520332,1.133872739913985,0.0
learned_error_driven_zeroed,2011_09_26/2011_09_26_drive_0011_sync,120,recovery,0,120,0000000120.png,2,1.2045198180871755,0.6810400965525598,0.0
learned_error_driven_zeroed,2011_09_26/2011_09_26_drive_0011_sync,120,recovery,0,120,0000000120.png,3,2.326964129508897,1.2630437417505505,0.0
learned_error_driven_zeroed,2011_09_26/2011_09_26_drive_0011_sync,120,recovery,0,120,0000000120.png,4,3.3719018179092224,1.8829438967716259,0.0
learned_error_driven_zeroed,2011_09_26/2011_09_26_drive_0011_sync,120,recovery,0,120,0000000120.png,5,1.7141225228363746,1.0211399732201216,0.0
learned_error_driven_zeroed,2011_09_26/2011_09_26_drive_0011_sync,121,recovery,1,121,0000000121.png,1,1.2839035943340924,1.1450276756369997,0.0
learned_error_driven_zeroed,2011_09_26/2011_09_26_drive_0011_sync,121,recovery,1,121,0000000121.png,2,1.194311727661125,0.7285978213701692,0.0
learned_error_driven_zeroed,2011_09_26/2011_09_26_drive_0011_sync,121,recovery,1,121,0000000121.png,3,2.3151813507064216,1.335925611085016,0.0
learned_error_driven_zeroed,2011_09_26/2011_09_26_drive_0011_sync,121,recovery,1,121,0000000121.png,4,3.3448335125519075,1.997152517897195,0.0
learned_error_driven_zeroed,2011_09_26/2011_09_26_drive_0011_sync,121,recovery,1,121,0000000121.png,5,1.7434347001901929,1.083878014536282,0.0
learned_error_driven_zeroed,2011_09_26/2011_09_26_drive_0011_sync,122,recovery,2,122,0000000122.png,1,1.2834120503852104,1.1544101835342886,0.0
learned_error_driven_zeroed,2011_09_26/2011_09_26_drive_0011_sync,122,recovery,2,122,0000000122.png,2,1.1923017121058659,0.775367344403145,0.0
learned_error_driven_zeroed,2011_09_26/2011_09_26_drive_0011_sync,122,recovery,2,122,0000000122.png,3,2.3136507241249076,1.429348171355353,0.0
learned_error_driven_zeroed,2011_09_26/2011_09_26_drive_0011_sync,122,recovery,2,122,0000000122.png,4,3.328590702887592,2.1316156543810134,0.0
learned_error_driven_zeroed,2011_09_26/2011_09_26_drive_0011_sync,122,recovery,2,122,0000000122.png,5,1.7305265145357864,1.15756959525811,0.0
learned_error_driven_zeroed,2011_09_26/2011_09_26_drive_0011_sync,123,recovery,3,123,0000000123.png,1,1.2816710353361207,1.1614811980823687,0.0
learned_error_driven_zeroed,2011_09_26/2011_09_26_drive_0011_sync,123,recovery,3,123,0000000123.png,2,1.1904463232581424,0.816608304775432,0.0
learned_error_driven_zeroed,2011_09_26/2011_09_26_drive_0011_sync,123,recovery,3,123,0000000123.png,3,2.3019279021444765,1.5188637400715228,0.0
learned_error_driven_zeroed,2011_09_26/2011_09_26_drive_0011_sync,123,recovery,3,123,0000000123.png,4,3.307530986642296,2.2575117728603784,0.0
learned_error_driven_zeroed,2011_09_26/2011_09_26_drive_0011_sync,123,recovery,3,123,0000000123.png,5,1.7210127916142015,1.2257255920730104,0.0
learned_error_driven_zeroed,2011_09_26/2011_09_26_drive_0011_sync,124,recovery,4,124,0000000124.png,1,1.278987838355773,1.1660718892475948,0.0
learned_error_driven_zeroed,2011_09_26/2011_09_26_drive_0011_sync,124,recovery,4,124,0000000124.png,2,1.194319197137296,0.85042619046958,0.0
learned_error_driven_zeroed,2011_09_26/2011_09_26_drive_0011_sync,124,recovery,4,124,0000000124.png,3,2.305570666806455,1.5972281779834598,0.0
learned_error_driven_zeroed,2011_09_26/2011_09_26_drive_0011_sync,124,recovery,4,124,0000000124.png,4,3.299171364227808,2.365929274186452,0.0
learned_error_driven_zeroed,2011_09_26/2011_09_26_drive_0011_sync,124,recovery,4,124,0000000124.png,5,1.714411947006574,1.2832208754605137,0.0
learned_error_driven_zeroed,2011_09_26/2011_09_26_drive_0011_sync,125,recovery,5,125,0000000125.png,1,1.2776266271743977,1.170216766024345,0.0
learned_error_driven_zeroed,2011_09_26/2011_09_26_drive_0011_sync,125,recovery,5,125,0000000125.png,2,1.1969828276949508,0.8812523516276758,0.0
learned_error_driven_zeroed,2011_09_26/2011_09_26_drive_0011_sync,125,recovery,5,125,0000000125.png,3,2.308973147985268,1.6677832390805543,0.0
learned_error_driven_zeroed,2011_09_26/2011_09_26_drive_0011_sync,125,recovery,5,125,0000000125.png,4,3.279691110765189,2.460657170961681,0.0
learned_error_driven_zeroed,2011_09_26/2011_09_26_drive_0011_sync,125,recovery,5,125,0000000125.png,5,1.6856479655391037,1.3306275771120624,0.0
learned_error_driven_zeroed,2011_09_26/2011_09_26_drive_0011_sync,126,recovery,6,126,0000000126.png,1,1.2784544295159197,1.1741557802412108,0.0
learned_error_driven_zeroed,2011_09_26/2011_09_26_drive_0011_sync,126,recovery,6,126,0000000126.png,2,1.1966556954275909,0.9055703121512217,0.0
learned_error_driven_zeroed,2011_09_26/2011_09_26_drive_0011_sync,126,recovery,6,126,0000000126.png,3,2.310180650814809,1.7244898909150457,0.0
learned_error_driven_zeroed,2011_09_26/2011_09_26_drive_0011_sync,126,recovery,6,126,0000000126.png,4,3.2814328231935495,2.541440521981434,0.0
learned_error_driven_zeroed,2011_09_26/2011_09_26_drive_0011_sync,126,recovery,6,126,0000000126.png,5,1.6872387365752692,1.3718337278234025,0.0
learned_error_driven_zeroed,2011_09_26/2011_09_26_drive_0011_sync,127,recovery,7,127,0000000127.png,1,1.2808913415648273,1.1767060135045526,0.0
learned_error_driven_zeroed,2011_09_26/2011_09_26_drive_0011_sync,127,recovery,7,127,0000000127.png,2,1.1963506115808988,0.9230436567869977,0.0
learned_error_driven_zeroed,2011_09_26/2011_09_26_drive_0011_sync,127,recovery,7,127,0000000127.png,3,2.310003451493655,1.768998952075155,0.0
learned_error_driven_zeroed,2011_09_26/2011_09_26_drive_0011_sync,127,recovery,7,127,0000000127.png,4,3.2751649445236435,2.6045876675715394,0.0
learned_error_driven_zeroed,2011_09_26/2011_09_26_drive_0011_sync,127,recovery,7,127,0000000127.png,5,1.6891844163894691,1.4056612910752684,0.0
learned_error_driven_zeroed,2011_09_26/2011_09_26_drive_0011_sync,128,recovery,8,128,0000000128.png,1,1.2834761478951093,1.1794836907071797,0.0
learned_error_driven_zeroed,2011_09_26/2011_09_26_drive_0011_sync,128,recovery,8,128,0000000128.png,2,1.1988586681639732,0.938856122507566,0.0
learned_error_driven_zeroed,2011_09_26/2011_09_26_drive_0011_sync,128,recovery,8,128,0000000128.png,3,2.3132343338665353,1.8069006994871863,0.0
learned_error_driven_zeroed,2011_09_26/2011_09_26_drive_0011_sync,128,recovery,8,128,0000000128.png,4,3.299324906278417,2.659843094548019,0.0
learned_error_driven_zeroed,2011_09_26/2011_09_26_drive_0011_sync,128,recovery,8,128,0000000128.png,5,1.677621125731271,1.4313418059476959,0.0
learned_error_driven_zeroed,2011_09_26/2011_09_26_drive_0011_sync,129,recovery,9,129,0000000129.png,1,1.2858219403603437,1.1820317432414706,0.0
learned_error_driven_zeroed,2011_09_26/2011_09_26_drive_0011_sync,129,recovery,9,129,0000000129.png,2,1.193061358126935,0.9505318522662884,0.0
learned_error_driven_zeroed,2011_09_26/2011_09_26_drive_0011_sync,129,recovery,9,129,0000000129.png,3,2.304624868787345,1.8357429645578622,0.0
learned_error_driven_zeroed,2011_09_26/2011_09_26_drive_0011_sync,129,recovery,9,129,0000000129.png,4,3.285089512376466,2.702111313640164,0.0
learned_error_driven_zeroed,2011_09_26/2011_09_26_drive_0011_sync,129,recovery,9,129,0000000129.png,5,1.6812010875109122,1.453069276512156,0.0
learned_error_driven_zeroed,2011_09_26/2011_09_26_drive_0011_sync,130,recovery,10,130,0000000130.png,1,1.286995180543024,1.1833214298613,0.0
learned_error_driven_zeroed,2011_09_26/2011_09_26_drive_0011_sync,130,recovery,10,130,0000000130.png,2,1.1909487831967565,0.9569718176694347,0.0
learned_error_driven_zeroed,2011_09_26/2011_09_26_drive_0011_sync,130,recovery,10,130,0000000130.png,3,2.296230013849195,1.8541991423111845,0.0
learned_error_driven_zeroed,2011_09_26/2011_09_26_drive_0011_sync,130,recovery,10,130,0000000130.png,4,3.275191596702251,2.7303132659186637,0.0
learned_error_driven_zeroed,2011_09_26/2011_09_26_drive_0011_sync,130,recovery,10,130,0000000130.png,5,1.6921714669104313,1.4719656006190305,0.0
learned_error_driven_zeroed,2011_09_26/2011_09_26_drive_0011_sync,131,recovery,11,131,0000000131.png,1,1.2888177129826885,1.1841333213567713,0.0
learned_error_driven_zeroed,2011_09_26/2011_09_26_drive_0011_sync,131,recovery,11,131,0000000131.png,2,1.1919148433478566,0.9610836356617196,0.0
learned_error_driven_zeroed,2011_09_26/2011_09_26_drive_0011_sync,131,recovery,11,131,0000000131.png,3,2.302440406824348,1.8684252499790794,0.0
learned_error_driven_zeroed,2011_09_26/2011_09_26_drive_0011_sync,131,recovery,11,131,0000000131.png,4,3.288368983817605,2.754111697123334,0.0
learned_error_driven_zeroed,2011_09_26/2011_09_26_drive_0011_sync,131,recovery,11,131,0000000131.png,5,1.6937225817203014,1.4879099437399472,0.0
learned_error_driven_zeroed,2011_09_26/2011_09_26_drive_0011_sync,132,recovery,12,132,0000000132.png,1,1.29097274848318,1.1843762967445706,0.0
learned_error_driven_zeroed,2011_09_26/2011_09_26_drive_0011_sync,132,recovery,12,132,0000000132.png,2,1.1876172154418851,0.9626894437342519,0.0
learned_error_driven_zeroed,2011_09_26/2011_09_26_drive_0011_sync,132,recovery,12,132,0000000132.png,3,2.3002030956438726,1.8780524331048833,0.0
learned_error_driven_zeroed,2011_09_26/2011_09_26_drive_0011_sync,132,recovery,12,132,0000000132.png,4,3.282486405654797,2.773081037761613,0.0
learned_error_driven_zeroed,2011_09_26/2011_09_26_drive_0011_sync,132,recovery,12,132,0000000132.png,5,1.7072351422429841,1.502160945786656,0.0
learned_error_driven_zeroed,2011_09_26/2011_09_26_drive_0011_sync,133,recovery,13,133,0000000133.png,1,1.2915873482406943,1.185175337930955,0.0
learned_error_driven_zeroed,2011_09_26/2011_09_26_drive_0011_sync,133,recovery,13,133,0000000133.png,2,1.1840465333560053,0.9650098861738347,0.0
learned_error_driven_zeroed,2011_09_26/2011_09_26_drive_0011_sync,133,recovery,13,133,0000000133.png,3,2.296131130133706,1.8872826129320313,0.0
learned_error_driven_zeroed,2011_09_26/2011_09_26_drive_0011_sync,133,recovery,13,133,0000000133.png,4,3.3031522995310927,2.791429787969088,0.0
learned_error_driven_zeroed,2011_09_26/2011_09_26_drive_0011_sync,133,recovery,13,133,0000000133.png,5,1.73054354338171,1.5153085703619733,0.0
learned_error_driven_zeroed,2011_09_26/2011_09_26_drive_0011_sync,134,recovery,14,134,0000000134.png,1,1.291938498952516,1.186362357928679,0.0
learned_error_driven_zeroed,2011_09_26/2011_09_26_drive_0011_sync,134,recovery,14,134,0000000134.png,2,1.188142604620682,0.9688720430600394,0.0
learned_error_driven_zeroed,2011_09_26/2011_09_26_drive_0011_sync,134,recovery,14,134,0000000134.png,3,2.3045758712241557,1.8974362344705957,0.0
learned_error_driven_zeroed,2011_09_26/2011_09_26_drive_0011_sync,134,recovery,14,134,0000000134.png,4,3.333452981708789,2.810510585434158,0.0
learned_error_driven_zeroed,2011_09_26/2011_09_26_drive_0011_sync,134,recovery,14,134,0000000134.png,5,1.7483141541736829,1.5256307795330202,0.0
learned_error_driven_zeroed,2011_09_26/2011_09_26_drive_0011_sync,135,recovery,15,135,0000000135.png,1,1.2909520138014394,1.1867766245316245,0.0
learned_error_driven_zeroed,2011_09_26/2011_09_26_drive_0011_sync,135,recovery,15,135,0000000135.png,2,1.1924627689513991,0.9718465140062675,0.0
learned_error_driven_zeroed,2011_09_26/2011_09_26_drive_0011_sync,135,recovery,15,135,0000000135.png,3,2.3122326198124843,1.9056293768602184,0.0
learned_error_driven_zeroed,2011_09_26/2011_09_26_drive_0011_sync,135,recovery,15,135,0000000135.png,4,3.319611548320942,2.820779686651053,0.0
learned_error_driven_zeroed,2011_09_26/2011_09_26_drive_0011_sync,135,recovery,15,135,0000000135.png,5,1.7439373262148623,1.5306651089556313,0.0
learned_error_driven_zeroed,2011_09_26/2011_09_26_drive_0011_sync,136,recovery,16,136,0000000136.png,1,1.2864176190565595,1.1829047681499663,0.0
learned_error_driven_zeroed,2011_09_26/2011_09_26_drive_0011_sync,136,recovery,16,136,0000000136.png,2,1.199808204371854,0.9579901227446987,0.0
learned_error_driven_zeroed,2011_09_26/2011_09_26_drive_0011_sync,136,recovery,16,136,0000000136.png,3,2.3218294132702986,1.8885127737900598,0.0
learned_error_driven_zeroed,2011_09_26/2011_09_26_drive_0011_sync,136,recovery,16,136,0000000136.png,4,3.3647426468619672,2.811615442906865,0.0
learned_error_driven_zeroed,2011_09_26/2011_09_26_drive_0011_sync,136,recovery,16,136,0000000136.png,5,1.7897808199657161,1.5371200575280177,0.0
learned_error_driven_zeroed,2011_09_26/2011_09_26_drive_0011_sync,137,recovery,17,137,0000000137.png,1,1.2811295596931098,1.1776906077624025,0.0
learned_error_driven_zeroed,2011_09_26/2011_09_26_drive_0011_sync,137,recovery,17,137,0000000137.png,2,1.2012794786936796,0.9393321005082235,0.0
learned_error_driven_zeroed,2011_09_26/2011_09_26_drive_0011_sync,137,recovery,17,137,0000000137.png,3,2.3130586033748877,1.8627660889924391,0.0
learned_error_driven_zeroed,2011_09_26/2011_09_26_drive_0011_sync,137,recovery,17,137,0000000137.png,4,3.360905611206704,2.7947207243054453,0.0
learned_error_driven_zeroed,2011_09_26/2011_09_26_drive_0011_sync,137,recovery,17,137,0000000137.png,5,1.7843067743285197,1.5367830795694402,0.0
learned_error_driven_zeroed,2011_09_26/2011_09_26_drive_0011_sync,138,recovery,18,138,0000000138.png,1,1.278181153477635,1.175640020871064,0.0
learned_error_driven_zeroed,2011_09_26/2011_09_26_drive_0011_sync,138,recovery,18,138,0000000138.png,2,1.1955239683408265,0.937066321699969,0.0
learned_error_driven_zeroed,2011_09_26/2011_09_26_drive_0011_sync,138,recovery,18,138,0000000138.png,3,2.303917342701737,1.8572577387260691,0.0
learned_error_driven_zeroed,2011_09_26/2011_09_26_drive_0011_sync,138,recovery,18,138,0000000138.png,4,3.3400190546536885,2.7868717538152232,0.0
learned_error_driven_zeroed,2011_09_26/2011_09_26_drive_0011_sync,138,recovery,18,138,0000000138.png,5,1.8046944704298935,1.5425653339053391,0.0
learned_error_driven_zeroed,2011_09_26/2011_09_26_drive_0011_sync,139,recovery,19,139,0000000139.png,1,1.273616396918499,1.1759150726157022,0.0
learned_error_driven_zeroed,2011_09_26/2011_09_26_drive_0011_sync,139,recovery,19,139,0000000139.png,2,1.1894274282283925,0.941276062778021,0.0
learned_error_driven_zeroed,2011_09_26/2011_09_26_drive_0011_sync,139,recovery,19,139,0000000139.png,3,2.281660556126806,1.8590044662651999,0.0
learned_error_driven_zeroed,2011_09_26/2011_09_26_drive_0011_sync,139,recovery,19,139,0000000139.png,4,3.3034663063003866,2.784701984568988,0.0
learned_error_driven_zeroed,2011_09_26/2011_09_26_drive_0011_sync,139,recovery,19,139,0000000139.png,5,1.7774725219190086,1.5458554785576746,0.0
learned_error_driven_zeroed,2011_09_26/2011_09_26_drive_0011_sync,140,recovery,20,140,0000000140.png,1,1.2673418823487923,1.1753535933266195,0.0
learned_error_driven_zeroed,2011_09_26/2011_09_26_drive_0011_sync,140,recovery,20,140,0000000140.png,2,1.186908032942191,0.943211325581429,0.0
learned_error_driven_zeroed,2011_09_26/2011_09_26_drive_0011_sync,140,recovery,20,140,0000000140.png,3,2.2672065048231773,1.8574180045453836,0.0
learned_error_driven_zeroed,2011_09_26/2011_09_26_drive_0011_sync,140,recovery,20,140,0000000140.png,4,3.2713861168191327,2.7758868487899835,0.0
learned_error_driven_zeroed,2011_09_26/2011_09_26_drive_0011_sync,140,recovery,20,140,0000000140.png,5,1.7738924587228986,1.5465863520016725,0.0
learned_error_driven_zeroed,2011_09_26/2011_09_26_drive_0011_sync,141,recovery,21,141,0000000141.png,1,1.2608350191569422,1.1751912048309539,0.0
learned_error_driven_zeroed,2011_09_26/2011_09_26_drive_0011_sync,141,recovery,21,141,0000000141.png,2,1.1826084303570374,0.945864152010283,0.0
learned_error_driven_zeroed,2011_09_26/2011_09_26_drive_0011_sync,141,recovery,21,141,0000000141.png,3,2.266640419544913,1.8579179356689615,0.0
learned_error_driven_zeroed,2011_09_26/2011_09_26_drive_0011_sync,141,recovery,21,141,0000000141.png,4,3.279211313562613,2.773006461086361,0.0
learned_error_driven_zeroed,2011_09_26/2011_09_26_drive_0011_sync,141,recovery,21,141,0000000141.png,5,1.788656257254291,1.5498346187236012,0.0
learned_error_driven_zeroed,2011_09_26/2011_09_26_drive_0011_sync,142,recovery,22,142,0000000142.png,1,1.2521762716112537,1.1745468469682165,0.0
learned_error_driven_zeroed,2011_09_26/2011_09_26_drive_0011_sync,142,recovery,22,142,0000000142.png,2,1.1843184733277854,0.9515916778438386,0.0
learned_error_driven_zeroed,2011_09_26/2011_09_26_drive_0011_sync,142,recovery,22,142,0000000142.png,3,2.2711517627872935,1.8640408348272017,0.0
learned_error_driven_zeroed,2011_09_26/2011_09_26_drive_0011_sync,142,recovery,22,142,0000000142.png,4,3.293838527748796,2.77991229068875,0.0
learned_error_driven_zeroed,2011_09_26/2011_09_26_drive_0011_sync,142,recovery,22,142,0000000142.png,5,1.8157225717596028,1.558329026956202,0.0
learned_error_driven_zeroed,2011_09_26/2011_09_26_drive_0011_sync,143,recovery,23,143,0000000143.png,1,1.243848115873635,1.1728013519010358,0.0
learned_error_driven_zeroed,2011_09_26/2011_09_26_drive_0011_sync,143,recovery,23,143,0000000143.png,2,1.1847633138820226,0.9569791438781605,0.0
learned_error_driven_zeroed,2011_09_26/2011_09_26_drive_0011_sync,143,recovery,23,143,0000000143.png,3,2.260907828248745,1.8696316766155916,0.0
learned_error_driven_zeroed,2011_09_26/2011_09_26_drive_0011_sync,143,recovery,23,143,0000000143.png,4,3.2898436292703814,2.7880145307990896,0.0
learned_error_driven_zeroed,2011_09_26/2011_09_26_drive_0011_sync,143,recovery,23,143,0000000143.png,5,1.7921845532076874,1.5617549066265866,0.0
learned_error_driven_zeroed,2011_09_26/2011_09_26_drive_0011_sync,144,recovery,24,144,0000000144.png,1,1.2357527361038003,1.1705611619438585,0.0
learned_error_driven_zeroed,2011_09_26/2011_09_26_drive_0011_sync,144,recovery,24,144,0000000144.png,2,1.1870769399048464,0.962524413499321,0.0
learned_error_driven_zeroed,2011_09_26/2011_09_26_drive_0011_sync,144,recovery,24,144,0000000144.png,3,2.2638130188076953,1.8746482397142663,0.0
learned_error_driven_zeroed,2011_09_26/2011_09_26_drive_0011_sync,144,recovery,24,144,0000000144.png,4,3.258379503602661,2.790430733355963,0.0
learned_error_driven_zeroed,2011_09_26/2011_09_26_drive_0011_sync,144,recovery,24,144,0000000144.png,5,1.7744754669564624,1.562754936428433,0.0
learned_error_driven_zeroed,2011_09_26/2011_09_26_drive_0011_sync,145,recovery,25,145,0000000145.png,1,1.229427143268637,1.168026177285917,0.0
learned_error_driven_zeroed,2011_09_26/2011_09_26_drive_0011_sync,145,recovery,25,145,0000000145.png,2,1.1843029124152211,0.9670495514836644,0.0
learned_error_driven_zeroed,2011_09_26/2011_09_26_drive_0011_sync,145,recovery,25,145,0000000145.png,3,2.255480647499383,1.8807393345547996,0.0
learned_error_driven_zeroed,2011_09_26/2011_09_26_drive_0011_sync,145,recovery,25,145,0000000145.png,4,3.232261202560899,2.794850253744465,0.0
learned_error_driven_zeroed,2011_09_26/2011_09_26_drive_0011_sync,145,recovery,25,145,0000000145.png,5,1.7171386121071297,1.557495380223661,0.0
learned_error_driven_zeroed,2011_09_26/2011_09_26_drive_0011_sync,146,recovery,26,146,0000000146.png,1,1.2289333744642812,1.1670247034073662,0.0
learned_error_driven_zeroed,2011_09_26/2011_09_26_drive_0011_sync,146,recovery,26,146,0000000146.png,2,1.1754050260636437,0.9705953571962195,0.0
learned_error_driven_zeroed,2011_09_26/2011_09_26_drive_0011_sync,146,recovery,26,146,0000000146.png,3,2.248588635800539,1.8870713297563257,0.0
learned_error_driven_zeroed,2011_09_26/2011_09_26_drive_0011_sync,146,recovery,26,146,0000000146.png,4,3.2227991707912307,2.8006479080493834,0.0
learned_error_driven_zeroed,2011_09_26/2011_09_26_drive_0011_sync,146,recovery,26,146,0000000146.png,5,1.736583032268066,1.5565231754111548,0.0
learned_error_driven_zeroed,2011_09_26/2011_09_26_drive_0011_sync,147,recovery,27,147,0000000147.png,1,1.2291385154016456,1.1671136441199401,0.0
learned_error_driven_zeroed,2011_09_26/2011_09_26_drive_0011_sync,147,recovery,27,147,0000000147.png,2,1.172238361791547,0.9719220070512038,0.0
learned_error_driven_zeroed,2011_09_26/2011_09_26_drive_0011_sync,147,recovery,27,147,0000000147.png,3,2.23880232206868,1.8882734066631832,0.0
learned_error_driven_zeroed,2011_09_26/2011_09_26_drive_0011_sync,147,recovery,27,147,0000000147.png,4,3.1979497683711022,2.8004072819858274,0.0
learned_error_driven_zeroed,2011_09_26/2011_09_26_drive_0011_sync,147,recovery,27,147,0000000147.png,5,1.7058847889031294,1.5522471978181671,0.0
learned_error_driven_zeroed,2011_09_26/2011_09_26_drive_0011_sync,148,recovery,28,148,0000000148.png,1,1.2302536708526928,1.1677931285593401,0.0
learned_error_driven_zeroed,2011_09_26/2011_09_26_drive_0011_sync,148,recovery,28,148,0000000148.png,2,1.1691725259677972,0.9733777402884513,0.0
learned_error_driven_zeroed,2011_09_26/2011_09_26_drive_0011_sync,148,recovery,28,148,0000000148.png,3,2.23601202411779,1.890501754136825,0.0
learned_error_driven_zeroed,2011_09_26/2011_09_26_drive_0011_sync,148,recovery,28,148,0000000148.png,4,3.2026186554080254,2.799232242927269,0.0
learned_error_driven_zeroed,2011_09_26/2011_09_26_drive_0011_sync,148,recovery,28,148,0000000148.png,5,1.7107763027518617,1.5486994709211441,0.0
learned_error_driven_zeroed,2011_09_26/2011_09_26_drive_0011_sync,149,recovery,29,149,0000000149.png,1,1.2317842810940818,1.169494927696063,0.0
learned_error_driven_zeroed,2011_09_26/2011_09_26_drive_0011_sync,149,recovery,29,149,0000000149.png,2,1.1638278845728864,0.974262736028774,0.0
learned_error_driven_zeroed,2011_09_26/2011_09_26_drive_0011_sync,149,recovery,29,149,0000000149.png,3,2.228533182050006,1.8920698171925165,0.0
learned_error_driven_zeroed,2011_09_26/2011_09_26_drive_0011_sync,149,recovery,29,149,0000000149.png,4,3.203621336011165,2.800756522723955,0.0
learned_error_driven_zeroed,2011_09_26/2011_09_26_drive_0011_sync,149,recovery,29,149,0000000149.png,5,1.705225221576475,1.546476037292022,0.0
learned_error_driven_zeroed,2011_09_26/2011_09_26_drive_0011_sync,150,recovery,30,150,0000000150.png,1,1.2313921952735065,1.1717403626841745,0.0
learned_error_driven_zeroed,2011_09_26/2011_09_26_drive_0011_sync,150,recovery,30,150,0000000150.png,2,1.1644924085743318,0.9778400980608553,0.0
learned_error_driven_zeroed,2011_09_26/2011_09_26_drive_0011_sync,150,recovery,30,150,0000000150.png,3,2.2271420982003804,1.897149010205379,0.0
learned_error_driven_zeroed,2011_09_26/2011_09_26_drive_0011_sync,150,recovery,30,150,0000000150.png,4,3.212459604551592,2.809097049910473,0.0
learned_error_driven_zeroed,2011_09_26/2011_09_26_drive_0011_sync,150,recovery,30,150,0000000150.png,5,1.7337744459182693,1.5534401815866545,0.0
learned_error_driven_zeroed,2011_09_26/2011_09_26_drive_0011_sync,151,recovery,31,151,0000000151.png,1,1.2313670057256763,1.1724925657583447,0.0
learned_error_driven_zeroed,2011_09_26/2011_09_26_drive_0011_sync,151,recovery,31,151,0000000151.png,2,1.1672414337733246,0.980633256610706,0.0
learned_error_driven_zeroed,2011_09_26/2011_09_26_drive_0011_sync,151,recovery,31,151,0000000151.png,3,2.2327312472386307,1.9030748116894265,0.0
learned_error_driven_zeroed,2011_09_26/2011_09_26_drive_0011_sync,151,recovery,31,151,0000000151.png,4,3.220950226379047,2.817254683590578,0.0
learned_error_driven_zeroed,2011_09_26/2011_09_26_drive_0011_sync,151,recovery,31,151,0000000151.png,5,1.750862192310389,1.5614029027510286,0.0
learned_error_driven_zeroed,2011_09_26/2011_09_26_drive_0011_sync,152,recovery,32,152,0000000152.png,1,1.2278577909916832,1.1715754758802064,0.0
learned_error_driven_zeroed,2011_09_26/2011_09_26_drive_0011_sync,152,recovery,32,152,0000000152.png,2,1.174218698205479,0.9806559330477653,0.0
learned_error_driven_zeroed,2011_09_26/2011_09_26_drive_0011_sync,152,recovery,32,152,0000000152.png,3,2.2517933268075896,1.9057027307230898,0.0
learned_error_driven_zeroed,2011_09_26/2011_09_26_drive_0011_sync,152,recovery,32,152,0000000152.png,4,3.24238113710607,2.819181572169007,0.0
learned_error_driven_zeroed,2011_09_26/2011_09_26_drive_0011_sync,152,recovery,32,152,0000000152.png,5,1.7792330614227359,1.5674770646260907,0.0
learned_error_driven_zeroed,2011_09_26/2011_09_26_drive_0011_sync,153,recovery,33,153,0000000153.png,1,1.2254508051651647,1.1688596976388566,0.0
learned_error_driven_zeroed,2011_09_26/2011_09_26_drive_0011_sync,153,recovery,33,153,0000000153.png,2,1.196077745673201,0.9858365555866689,0.0
learned_error_driven_zeroed,2011_09_26/2011_09_26_drive_0011_sync,153,recovery,33,153,0000000153.png,3,2.292270790729136,1.9141930857799176,0.0
learned_error_driven_zeroed,2011_09_26/2011_09_26_drive_0011_sync,153,recovery,33,153,0000000153.png,4,3.3036233517245748,2.8239495018946,0.0
learned_error_driven_zeroed,2011_09_26/2011_09_26_drive_0011_sync,153,recovery,33,153,0000000153.png,5,1.8189318154955256,1.5738839286023365,0.0
learned_error_driven_zeroed,2011_09_26/2011_09_26_drive_0011_sync,154,recovery,34,154,0000000154.png,1,1.2296359564579498,1.1654765733042032,0.0
learned_error_driven_zeroed,2011_09_26/2011_09_26_drive_0011_sync,154,recovery,34,154,0000000154.png,2,1.2003572871275252,0.9890573085724299,0.0
learned_error_driven_zeroed,2011_09_26/2011_09_26_drive_0011_sync,154,recovery,34,154,0000000154.png,3,2.300892061482018,1.9199233102747169,0.0
learned_error_driven_zeroed,2011_09_26/2011_09_26_drive_0011_sync,154,recovery,34,154,0000000154.png,4,3.3274002849659627,2.8276552969833175,0.0
learned_error_driven_zeroed,2011_09_26/2011_09_26_drive_0011_sync,154,recovery,34,154,0000000154.png,5,1.8498459893858639,1.5803133420855715,0.0
learned_error_driven_zeroed,2011_09_26/2011_09_26_drive_0011_sync,155,recovery,35,155,0000000155.png,1,1.2321277469251695,1.1620088581644117,0.0
learned_error_driven_zeroed,2011_09_26/2011_09_26_drive_0011_sync,155,recovery,35,155,0000000155.png,2,1.213209296284328,0.9927132448657289,0.0
learned_error_driven_zeroed,2011_09_26/2011_09_26_drive_0011_sync,155,recovery,35,155,0000000155.png,3,2.3172256223164065,1.9238516346448964,0.0
learned_error_driven_zeroed,2011_09_26/2011_09_26_drive_0011_sync,155,recovery,35,155,0000000155.png,4,3.357601353362263,2.82987015578639,0.0
learned_error_driven_zeroed,2011_09_26/2011_09_26_drive_0011_sync,155,recovery,35,155,0000000155.png,5,1.845823372951367,1.5851688510105753,0.0
learned_error_driven_zeroed,2011_09_26/2011_09_26_drive_0011_sync,156,recovery,36,156,0000000156.png,1,1.2329507486116513,1.1603352597242695,0.0
learned_error_driven_zeroed,2011_09_26/2011_09_26_drive_0011_sync,156,recovery,36,156,0000000156.png,2,1.2081731431383889,0.9955786509944932,0.0
learned_error_driven_zeroed,2011_09_26/2011_09_26_drive_0011_sync,156,recovery,36,156,0000000156.png,3,2.3091761996081206,1.9262523847393918,0.0
learned_error_driven_zeroed,2011_09_26/2011_09_26_drive_0011_sync,156,recovery,36,156,0000000156.png,4,3.3838555476061396,2.8377064105912937,0.0
learned_error_driven_zeroed,2011_09_26/2011_09_26_drive_0011_sync,156,recovery,36,156,0000000156.png,5,1.8389957270197812,1.586233905655633,0.0
learned_error_driven_zeroed,2011_09_26/2011_09_26_drive_0011_sync,157,recovery,37,157,0000000157.png,1,1.2324291319061633,1.160277377013129,0.0
learned_error_driven_zeroed,2011_09_26/2011_09_26_drive_0011_sync,157,recovery,37,157,0000000157.png,2,1.214446543164412,0.9978323279464408,0.0
learned_error_driven_zeroed,2011_09_26/2011_09_26_drive_0011_sync,157,recovery,37,157,0000000157.png,3,2.31815465904624,1.9293286103698506,0.0
learned_error_driven_zeroed,2011_09_26/2011_09_26_drive_0011_sync,157,recovery,37,157,0000000157.png,4,3.4249919386079744,2.848068243826441,0.0
learned_error_driven_zeroed,2011_09_26/2011_09_26_drive_0011_sync,157,recovery,37,157,0000000157.png,5,1.8539328814646148,1.5889009189701138,0.0
learned_error_driven_zeroed,2011_09_26/2011_09_26_drive_0011_sync,158,recovery,38,158,0000000158.png,1,1.2357825778679519,1.1615753564641373,0.0
learned_error_driven_zeroed,2011_09_26/2011_09_26_drive_0011_sync,158,recovery,38,158,0000000158.png,2,1.207151956666353,1.001295697061221,0.0
learned_error_driven_zeroed,2011_09_26/2011_09_26_drive_0011_sync,158,recovery,38,158,0000000158.png,3,2.3090238208011034,1.9351994688368859,0.0
learned_error_driven_zeroed,2011_09_26/2011_09_26_drive_0011_sync,158,recovery,38,158,0000000158.png,4,3.4150570721189943,2.8608416172846454,0.0
learned_error_driven_zeroed,2011_09_26/2011_09_26_drive_0011_sync,158,recovery,38,158,0000000158.png,5,1.8687683073898622,1.5956607708714061,0.0
learned_error_driven_zeroed,2011_09_26/2011_09_26_drive_0011_sync,159,recovery,39,159,0000000159.png,1,1.2370308649679853,1.1653976684909866,0.0
learned_error_driven_zeroed,2011_09_26/2011_09_26_drive_0011_sync,159,recovery,39,159,0000000159.png,2,1.2067069056898583,1.010947047909408,0.0
learned_error_driven_zeroed,2011_09_26/2011_09_26_drive_0011_sync,159,recovery,39,159,0000000159.png,3,2.3002571723269347,1.9491287078930466,0.0
learned_error_driven_zeroed,2011_09_26/2011_09_26_drive_0011_sync,159,recovery,39,159,0000000159.png,4,3.3873817571641553,2.877664749527503,0.0
learned_error_driven_zeroed,2011_09_26/2011_09_26_drive_0011_sync,159,recovery,39,159,0000000159.png,5,1.8629342672097238,1.60407116412186,0.0
learned_error_driven_zeroed,2011_09_26/2011_09_26_drive_0039_sync,0,baseline,0,0,0000000000.png,1,0.0,0.0,0.0
learned_error_driven_zeroed,2011_09_26/2011_09_26_drive_0039_sync,0,baseline,0,0,0000000000.png,2,0.0,0.0,0.0
learned_error_driven_zeroed,2011_09_26/2011_09_26_drive_0039_sync,0,baseline,0,0,0000000000.png,3,0.0,0.0,0.0
learned_error_driven_zeroed,2011_09_26/2011_09_26_drive_0039_sync,0,baseline,0,0,0000000000.png,4,0.0,0.0,0.0
learned_error_driven_zeroed,2011_09_26/2011_09_26_drive_0039_sync,0,baseline,0,0,0000000000.png,5,0.0,0.0,0.0
learned_error_driven_zeroed,2011_09_26/2011_09_26_drive_0039_sync,1,baseline,1,1,0000000001.png,1,0.7752610299353103,0.1604790350370104,0.0
learned_error_driven_zeroed,2011_09_26/2011_09_26_drive_0039_sync,1,baseline,1,1,0000000001.png,2,1.0579237155082586,0.21899021147314243,0.0
learned_error_driven_zeroed,2011_09_26/2011_09_26_drive_0039_sync,1,baseline,1,1,0000000001.png,3,2.0616930679965035,0.42677046964998017,0.0
learned_error_driven_zeroed,2011_09_26/2011_09_26_drive_0039_sync,1,baseline,1,1,0000000001.png,4,2.9990761927716023,0.6208087786912956,0.0
learned_error_driven_zeroed,2011_09_26/2011_09_26_drive_0039_sync,1,baseline,1,1,0000000001.png,5,1.3998784567330127,0.2897748436403299,0.0
learned_error_driven_zeroed,2011_09_26/2011_09_26_drive_0039_sync,2,baseline,2,2,0000000002.png,1,1.0396009783273326,0.3077383925896512,0.0
learned_error_driven_zeroed,2011_09_26/2011_09_26_drive_0039_sync,2,baseline,2,2,0000000002.png,2,1.0400335108203507,0.32506054541616186,0.0
learned_error_driven_zeroed,2011_09_26/2011_09_26_drive_0039_sync,2,baseline,2,2,0000000002.png,3,2.0659233616072328,0.6237634894781203,0.0
learned_error_driven_zeroed,2011_09_26/2011_09_26_drive_0039_sync,2,baseline,2,2,0000000002.png,4,3.051048608846758,0.8906846835563081,0.0
learned_error_driven_zeroed,2011_09_26/2011_09_26_drive_0039_sync,2,baseline,2,2,0000000002.png,5,1.5458239797180624,0.4458251186569443,0.0
learned_error_driven_zeroed,2011_09_26/2011_09_26_drive_0039_sync,3,baseline,3,3,0000000003.png,1,1.0942255376022392,0.42737573438888327,0.0
learned_error_driven_zeroed,2011_09_26/2011_09_26_drive_0039_sync,3,baseline,3,3,0000000003.png,2,1.045757325800876,0.38467370678429164,0.0
learned_error_driven_zeroed,2011_09_26/2011_09_26_drive_0039_sync,3,baseline,3,3,0000000003.png,3,2.0892894851827633,0.7313369058623611,0.0
learned_error_driven_zeroed,2011_09_26/2011_09_26_drive_0039_sync,3,baseline,3,3,0000000003.png,4,3.1409244232076956,1.0709158540366892,0.0
learned_error_driven_zeroed,2011_09_26/2011_09_26_drive_0039_sync,3,baseline,3,3,0000000003.png,5,1.6110310207340959,0.5451044790296039,0.0
learned_error_driven_zeroed,2011_09_26/2011_09_26_drive_0039_sync,4,baseline,4,4,0000000004.png,1,1.0585408603673958,0.5031288178212048,0.0
learned_error_driven_zeroed,2011_09_26/2011_09_26_drive_0039_sync,4,baseline,4,4,0000000004.png,2,1.0674521842325868,0.4243388327323952,0.0
learned_error_driven_zeroed,2011_09_26/2011_09_26_drive_0039_sync,4,baseline,4,4,0000000004.png,3,2.1532665118648766,0.8027234231228092,0.0
learned_error_driven_zeroed,2011_09_26/2011_09_26_drive_0039_sync,4,baseline,4,4,0000000004.png,4,3.1902824418330784,1.1860516525108997,0.0
learned_error_driven_zeroed,2011_09_26/2011_09_26_drive_0039_sync,4,baseline,4,4,0000000004.png,5,1.6564561197866148,0.6105882430822389,0.0
learned_error_driven_zeroed,2011_09_26/2011_09_26_drive_0039_sync,5,baseline,5,5,0000000005.png,1,1.1440941301419607,0.575828575363425,0.0
learned_error_driven_zeroed,2011_09_26/2011_09_26_drive_0039_sync,5,baseline,5,5,0000000005.png,2,1.098179116151498,0.45799441268618113,0.0
learned_error_driven_zeroed,2011_09_26/2011_09_26_drive_0039_sync,5,baseline,5,5,0000000005.png,3,2.1980134363605734,0.8619858449037372,0.0
learned_error_driven_zeroed,2011_09_26/2011_09_26_drive_0039_sync,5,baseline,5,5,0000000005.png,4,3.2087117692687093,1.27960842559422,0.0
learned_error_driven_zeroed,2011_09_26/2011_09_26_drive_0039_sync,5,baseline,5,5,0000000005.png,5,1.6414504111881252,0.6670698446924687,0.0
learned_error_driven_zeroed,2011_09_26/2011_09_26_drive_0039_sync,6,baseline,6,6,0000000006.png,1,1.1989291177382209,0.6451039847587072,0.0
learned_error_driven_zeroed,2011_09_26/2011_09_26_drive_0039_sync,6,baseline,6,6,0000000006.png,2,1.1396684659342329,0.490347373542228,0.0
learned_error_driven_zeroed,2011_09_26/2011_09_26_drive_0039_sync,6,baseline,6,6,0000000006.png,3,2.2770051470033326,0.9174218278488215,0.0
learned_error_driven_zeroed,2011_09_26/2011_09_26_drive_0039_sync,6,baseline,6,6,0000000006.png,4,3.2887301875941595,1.3506472570298937,0.0
learned_error_driven_zeroed,2011_09_26/2011_09_26_drive_0039_sync,6,baseline,6,6,0000000006.png,5,1.7040905054095334,0.7166783114629249,0.0
learned_error_driven_zeroed,2011_09_26/2011_09_26_drive_0039_sync,7,baseline,7,7,0000000007.png,1,1.1970730301460641,0.6944326128774843,0.0
learned_error_driven_zeroed,2011_09_26/2011_09_26_drive_0039_sync,7,baseline,7,7,0000000007.png,2,1.1415562874261371,0.5133372807653068,0.0
learned_error_driven_zeroed,2011_09_26/2011_09_26_drive_0039_sync,7,baseline,7,7,0000000007.png,3,2.267541970492499,0.9566461076738637,0.0
learned_error_driven_zeroed,2011_09_26/2011_09_26_drive_0039_sync,7,baseline,7,7,0000000007.png,4,3.2881958683261723,1.3894925435184158,0.0
learned_error_driven_zeroed,2011_09_26/2011_09_26_drive_0039_sync,7,baseline,7,7,0000000007.png,5,1.684040731557871,0.7446852282832108,0.0
learned_error_driven_zeroed,2011_09_26/2011_09_26_drive_0039_sync,8,baseline,8,8,0000000008.png,1,1.1817136597007643,0.7341789989934584,0.0
learned_error_driven_zeroed,2011_09_26/2011_09_26_drive_0039_sync,8,baseline,8,8,0000000008.png,2,1.133609677351803,0.534458552709909,0.0
learned_error_driven_zeroed,2011_09_26/2011_09_26_drive_0039_sync,8,baseline,8,8,0000000008.png,3,2.2549549656571175,0.986463973060295,0.0
learned_error_driven_zeroed,2011_09_26/2011_09_26_drive_0039_sync,8,baseline,8,8,0000000008.png,4,3.2771785679904433,1.4240198397380892,0.0
learned_error_driven_zeroed,2011_09_26/2011_09_26_drive_0039_sync,8,baseline,8,8,0000000008.png,5,1.7171821394313258,0.7787484926676281,0.0
learned_error_driven_zeroed,2011_09_26/2011_09_26_drive_0039_sync,9,baseline,9,9,0000000009.png,1,1.227452631841706,0.780620830362193,0.0
learned_error_driven_zeroed,2011_09_26/2011_09_26_drive_0039_sync,9,baseline,9,9,0000000009.png,2,1.1396758866222674,0.5552802763140121,0.0
learned_error_driven_zeroed,2011_09_26/2011_09_26_drive_0039_sync,9,baseline,9,9,0000000009.png,3,2.2845198944509293,1.0183128897030507,0.0
learned_error_driven_zeroed,2011_09_26/2011_09_26_drive_0039_sync,9,baseline,9,9,0000000009.png,4,3.340422947638955,1.46510914274551,0.0
learned_error_driven_zeroed,2011_09_26/2011_09_26_drive_0039_sync,9,baseline,9,9,0000000009.png,5,1.7579685754419272,0.8179268333836412,0.0
learned_error_driven_zeroed,2011_09_26/2011_09_26_drive_0039_sync,10,baseline,10,10,0000000010.png,1,1.268975758072922,0.8289046689418522,0.0
learned_error_driven_zeroed,2011_09_26/2011_09_26_drive_0039_sync,10,baseline,10,10,0000000010.png,2,1.1456356330737698,0.5745482998601464,0.0
learned_error_driven_zeroed,2011_09_26/2011_09_26_drive_0039_sync,10,baseline,10,10,0000000010.png,3,2.2902380043359813,1.0468033673406072,0.0
learned_error_driven_zeroed,2011_09_26/2011_09_26_drive_0039_sync,10,baseline,10,10,0000000010.png,4,3.380382789355638,1.5058096935839063,0.0
learned_error_driven_zeroed,2011_09_26/2011_09_26_drive_0039_sync,10,baseline,10,10,0000000010.png,5,1.7038938232665897,0.8425171773406248,0.0
learned_error_driven_zeroed,2011_09_26/2011_09_26_drive_0039_sync,11,baseline,11,11,0000000011.png,1,1.279147420850201,0.8692332920200913,0.0
learned_error_driven_zeroed,2011_09_26/2011_09_26_drive_0039_sync,11,baseline,11,11,0000000011.png,2,1.1358929145191494,0.5884603538301597,0.0
learned_error_driven_zeroed,2011_09_26/2011_09_26_drive_0039_sync,11,baseline,11,11,0000000011.png,3,2.2785896539717148,1.0636580442154915,0.0
learned_error_driven_zeroed,2011_09_26/2011_09_26_drive_0039_sync,11,baseline,11,11,0000000011.png,4,3.3991370011914497,1.528774044738405,0.0
learned_error_driven_zeroed,2011_09_26/2011_09_26_drive_0039_sync,11,baseline,11,11,0000000011.png,5,1.776818705675401,0.8674196005692951,0.0
learned_error_driven_zeroed,2011_09_26/2011_09_26_drive_0039_sync,12,baseline,12,12,0000000012.png,1,1.2668768388668652,0.8959795992496496,0.0
learned_error_driven_zeroed,2011_09_26/2011_09_26_drive_0039_sync,12,baseline,12,12,0000000012.png,2,1.1247784059938792,0.5968155068825971,0.0
learned_error_driven_zeroed,2011_09_26/2011_09_26_drive_0039_sync,12,baseline,12,12,0000000012.png,3,2.266102933324809,1.0713542776673668,0.0
learned_error_driven_zeroed,2011_09_26/2011_09_26_drive_0039_sync,12,baseline,12,12,0000000012.png,4,3.3959466844369106,1.5411923860561803,0.0
learned_error_driven_zeroed,2011_09_26/2011_09_26_drive_0039_sync,12,baseline,12,12,0000000012.png,5,1.8177671818929075,0.8946465436733549,0.0
learned_error_driven_zeroed,2011_09_26/2011_09_26_drive_0039_sync,13,baseline,13,13,0000000013.png,1,1.2603994616431553,0.9175076584290057,0.0
learned_error_driven_zeroed,2011_09_26/2011_09_26_drive_0039_sync,13,baseline,13,13,0000000013.png,2,1.1186551300416303,0.6050831363207886,0.0
learned_error_driven_zeroed,2011_09_26/2011_09_26_drive_0039_sync,13,baseline,13,13,0000000013.png,3,2.2639543655447296,1.0827464802444617,0.0
learned_error_driven_zeroed,2011_09_26/2011_09_26_drive_0039_sync,13,baseline,13,13,0000000013.png,4,3.4326965528972484,1.5610634884834707,0.0
learned_error_driven_zeroed,2011_09_26/2011_09_26_drive_0039_sync,13,baseline,13,13,0000000013.png,5,1.8068900772306753,0.9200152787772395,0.0
learned_error_driven_zeroed,2011_09_26/2011_09_26_drive_0039_sync,14,baseline,14,14,0000000014.png,1,1.2618872119084819,0.9337260999044176,0.0
learned_error_driven_zeroed,2011_09_26/2011_09_26_drive_0039_sync,14,baseline,14,14,0000000014.png,2,1.1117251795095706,0.6114267594133926,0.0
learned_error_driven_zeroed,2011_09_26/2011_09_26_drive_0039_sync,14,baseline,14,14,0000000014.png,3,2.262373032076657,1.093635913808951,0.0
learned_error_driven_zeroed,2011_09_26/2011_09_26_drive_0039_sync,14,baseline,14,14,0000000014.png,4,3.44534969950445,1.5853308781282722,0.0
learned_error_driven_zeroed,2011_09_26/2011_09_26_drive_0039_sync,14,baseline,14,14,0000000014.png,5,1.8687555329277288,0.9625797010020558,0.0
learned_error_driven_zeroed,2011_09_26/2011_09_26_drive_0039_sync,15,baseline,15,15,0000000015.png,1,1.2999061523471631,0.9566527311991492,0.0
learned_error_driven_zeroed,2011_09_26/2011_09_26_drive_0039_sync,15,baseline,15,15,0000000015.png,2,1.1040431003048523,0.616673929673861,0.0
learned_error_driven_zeroed,2011_09_26/2011_09_26_drive_0039_sync,15,baseline,15,15,0000000015.png,3,2.254550078716664,1.1013010729155195,0.0
learned_error_driven_zeroed,2011_09_26/2011_09_26_drive_0039_sync,15,baseline,15,15,0000000015.png,4,3.469612062158074,1.6039297538235073,0.0
learned_error_driven_zeroed,2011_09_26/2011_09_26_drive_0039_sync,15,baseline,15,15,0000000015.png,5,1.8509289848898347,0.9930483386394376,0.0
learned_error_driven_zeroed,2011_09_26/2011_09_26_drive_0039_sync,16,baseline,16,16,0000000016.png,1,1.3269618049478735,0.9839243675606862,0.0
learned_error_driven_zeroed,2011_09_26/2011_09_26_drive_0039_sync,16,baseline,16,16,0000000016.png,2,1.0971361060081535,0.620647098743708,0.0
learned_error_driven_zeroed,2011_09_26/2011_09_26_drive_0039_sync,16,baseline,16,16,0000000016.png,3,2.256024406665409,1.110117330100684,0.0
learned_error_driven_zeroed,2011_09_26/2011_09_26_drive_0039_sync,16,baseline,16,16,0000000016.png,4,3.5107291252215944,1.625491070405133,0.0
learned_error_driven_zeroed,2011_09_26/2011_09_26_drive_0039_sync,16,baseline,16,16,0000000016.png,5,1.8565294267540762,1.0213816390898607,0.0
learned_error_driven_zeroed,2011_09_26/2011_09_26_drive_0039_sync,17,baseline,17,17,0000000017.png,1,1.340904840578005,1.0108276596838797,0.0
learned_error_driven_zeroed,2011_09_26/2011_09_26_drive_0039_sync,17,baseline,17,17,0000000017.png,2,1.0901900855422535,0.6236947749379597,0.0
learned_error_driven_zeroed,2011_09_26/2011_09_26_drive_0039_sync,17,baseline,17,17,0000000017.png,3,2.261094263829818,1.1207440584941992,0.0
learned_error_driven_zeroed,2011_09_26/2011_09_26_drive_0039_sync,17,baseline,17,17,0000000017.png,4,3.5192741368434026,1.6576961043505558,0.0
learned_error_driven_zeroed,2011_09_26/2011_09_26_drive_0039_sync,17,baseline,17,17,0000000017.png,5,1.8995391164087567,1.0578090930771702,0.0
learned_error_driven_zeroed,2011_09_26/2011_09_26_drive_0039_sync,18,baseline,18,18,0000000018.png,1,1.3483159048617996,1.0373029601598212,0.0
learned_error_driven_zeroed,2011_09_26/2011_09_26_drive_0039_sync,18,baseline,18,18,0000000018.png,2,1.0809432770971754,0.6262408518688906,0.0
learned_error_driven_zeroed,2011_09_26/2011_09_26_drive_0039_sync,18,baseline,18,18,0000000018.png,3,2.2535205479473928,1.1315839578067324,0.0
learned_error_driven_zeroed,2011_09_26/2011_09_26_drive_0039_sync,18,baseline,18,18,0000000018.png,4,3.5282613660513853,1.7076434671663179,0.0
learned_error_driven_zeroed,2011_09_26/2011_09_26_drive_0039_sync,18,baseline,18,18,0000000018.png,5,1.9136543942549922,1.1052924739603858,0.0
learned_error_driven_zeroed,2011_09_26/2011_09_26_drive_0039_sync,19,baseline,19,19,0000000019.png,1,1.3464368388403376,1.0631494218528483,0.0
learned_error_driven_zeroed,2011_09_26/2011_09_26_drive_0039_sync,19,baseline,19,19,0000000019.png,2,1.0634721178172444,0.629173434034273,0.0
learned_error_driven_zeroed,2011_09_26/2011_09_26_drive_0039_sync,19,baseline,19,19,0000000019.png,3,2.214891540472511,1.1447367240922177,0.0
learned_error_driven_zeroed,2011_09_26/2011_09_26_drive_0039_sync,19,baseline,19,19,0000000019.png,4,3.4704843757641806,1.7732612151597056,0.0
learned_error_driven_zeroed,2011_09_26/2011_09_26_drive_0039_sync,19,baseline,19,19,0000000019.png,5,1.881313314687476,1.1567487400047813,0.0
learned_error_driven_zeroed,2011_09_26/2011_09_26_drive_0039_sync,20,baseline,20,20,0000000020.png,1,1.334353157003886,1.0856313872733232,0.0
learned_error_driven_zeroed,2011_09_26/2011_09_26_drive_0039_sync,20,baseline,20,20,0000000020.png,2,1.0573988284813105,0.6347066695704437,0.0
learned_error_driven_zeroed,2011_09_26/2011_09_26_drive_0039_sync,20,baseline,20,20,0000000020.png,3,2.208469900266691,1.1671853774210488,0.0
learned_error_driven_zeroed,2011_09_26/2011_09_26_drive_0039_sync,20,baseline,20,20,0000000020.png,4,3.457123611390087,1.849851545097819,0.0
learned_error_driven_zeroed,2011_09_26/2011_09_26_drive_0039_sync,20,baseline,20,20,0000000020.png,5,1.8967048792054184,1.2097687208681287,0.0
learned_error_driven_zeroed,2011_09_26/2011_09_26_drive_0039_sync,21,baseline,21,21,0000000021.png,1,1.3216443490318637,1.104256284184877,0.0
learned_error_driven_zeroed,2011_09_26/2011_09_26_drive_0039_sync,21,baseline,21,21,0000000021.png,2,1.048340866185148,0.6418260335591929,0.0
learned_error_driven_zeroed,2011_09_26/2011_09_26_drive_0039_sync,21,baseline,21,21,0000000021.png,3,2.1967995029282372,1.1982109206705311,0.0
learned_error_driven_zeroed,2011_09_26/2011_09_26_drive_0039_sync,21,baseline,21,21,0000000021.png,4,3.48385489603333,1.9361081249405736,0.0
learned_error_driven_zeroed,2011_09_26/2011_09_26_drive_0039_sync,21,baseline,21,21,0000000021.png,5,1.9054718285343875,1.261391443511645,0.0
learned_error_driven_zeroed,2011_09_26/2011_09_26_drive_0039_sync,22,baseline,22,22,0000000022.png,1,1.296385037661491,1.1162050934689902,0.0
learned_error_driven_zeroed,2011_09_26/2011_09_26_drive_0039_sync,22,baseline,22,22,0000000022.png,2,1.0465376490595715,0.6541631193722796,0.0
learned_error_driven_zeroed,2011_09_26/2011_09_26_drive_0039_sync,22,baseline,22,22,0000000022.png,3,2.1894541016987836,1.2420059636824492,0.0
learned_error_driven_zeroed,2011_09_26/2011_09_26_drive_0039_sync,22,baseline,22,22,0000000022.png,4,3.4357270135818965,2.0227555323771673,0.0
learned_error_driven_zeroed,2011_09_26/2011_09_26_drive_0039_sync,22,baseline,22,22,0000000022.png,5,1.8638044919077283,1.3032331778716388,0.0
learned_error_driven_zeroed,2011_09_26/2011_09_26_drive_0039_sync,23,baseline,23,23,0000000023.png,1,1.2649590436338936,1.120104119000954,0.0
learned_error_driven_zeroed,2011_09_26/2011_09_26_drive_0039_sync,23,baseline,23,23,0000000023.png,2,1.0430065444114465,0.6696898445366851,0.0
learned_error_driven_zeroed,2011_09_26/2011_09_26_drive_0039_sync,23,baseline,23,23,0000000023.png,3,2.168397327479814,1.2910229909761277,0.0
learned_error_driven_zeroed,2011_09_26/2011_09_26_drive_0039_sync,23,baseline,23,23,0000000023.png,4,3.4199585893156867,2.1136992412718305,0.0
learned_error_driven_zeroed,2011_09_26/2011_09_26_drive_0039_sync,23,baseline,23,23,0000000023.png,5,1.8176139495953252,1.3319527430787548,0.0
learned_error_driven_zeroed,2011_09_26/2011_09_26_drive_0039_sync,24,baseline,24,24,0000000024.png,1,1.2490521350579782,1.1218869659557336,0.0
learned_error_driven_zeroed,2011_09_26/2011_09_26_drive_0039_sync,24,baseline,24,24,0000000024.png,2,1.0382064219797487,0.6844571909602063,0.0
learned_error_driven_zeroed,2011_09_26/2011_09_26_drive_0039_sync,24,baseline,24,24,0000000024.png,3,2.1507386391443966,1.3290407778539057,0.0
learned_error_driven_zeroed,2011_09_26/2011_09_26_drive_0039_sync,24,baseline,24,24,0000000024.png,4,3.359491959084325,2.1852083270904075,0.0
learned_error_driven_zeroed,2011_09_26/2011_09_26_drive_0039_sync,24,baseline,24,24,0000000024.png,5,1.822522327574015,1.3614640386137773,0.0
learned_error_driven_zeroed,2011_09_26/2011_09_26_drive_0039_sync,25,baseline,25,25,0000000025.png,1,1.23321454797655,1.1211662633139632,0.0
learned_error_driven_zeroed,2011_09_26/2011_09_26_drive_0039_sync,25,baseline,25,25,0000000025.png,2,1.0355019417838687,0.6954219303607367,0.0
learned_error_driven_zeroed,2011_09_26/2011_09_26_drive_0039_sync,25,baseline,25,25,0000000025.png,3,2.146031566193793,1.3567814485215548,0.0
learned_error_driven_zeroed,2011_09_26/2011_09_26_drive_0039_sync,25,baseline,25,25,0000000025.png,4,3.382360466058712,2.2485353078290937,0.0
learned_error_driven_zeroed,2011_09_26/2011_09_26_drive_0039_sync,25,baseline,25,25,0000000025.png,5,1.8304498241943425,1.3923415981070235,0.0
learned_error_driven_zeroed,2011_09_26/2011_09_26_drive_0039_sync,26,baseline,26,26,0000000026.png,1,1.2281680643753676,1.1236206804704225,0.0
learned_error_driven_zeroed,2011_09_26/2011_09_26_drive_0039_sync,26,baseline,26,26,0000000026.png,2,1.037208415653383,0.7138070914968422,0.0
learned_error_driven_zeroed,2011_09_26/2011_09_26_drive_0039_sync,26,baseline,26,26,0000000026.png,3,2.149326417964292,1.3999214915769933,0.0
learned_error_driven_zeroed,2011_09_26/2011_09_26_drive_0039_sync,26,baseline,26,26,0000000026.png,4,3.370520925931976,2.3204131705004527,0.0
learned_error_driven_zeroed,2011_09_26/2011_09_26_drive_0039_sync,26,baseline,26,26,0000000026.png,5,1.8505222731759094,1.4256809921169105,0.0
learned_error_driven_zeroed,2011_09_26/2011_09_26_drive_0039_sync,27,baseline,27,27,0000000027.png,1,1.2294873629760703,1.1274119899074135,0.0
learned_error_driven_zeroed,2011_09_26/2011_09_26_drive_0039_sync,27,baseline,27,27,0000000027.png,2,1.0392119265892357,0.7207077424937445,0.0
learned_error_driven_zeroed,2011_09_26/2011_09_26_drive_0039_sync,27,baseline,27,27,0000000027.png,3,2.162061297615411,1.4203296107758068,0.0
learned_error_driven_zeroed,2011_09_26/2011_09_26_drive_0039_sync,27,baseline,27,27,0000000027.png,4,3.3969987109734645,2.3765049721662383,0.0
learned_error_driven_zeroed,2011_09_26/2011_09_26_drive_0039_sync,27,baseline,27,27,0000000027.png,5,1.86291550401628,1.4592462160879813,0.0
learned_error_driven_zeroed,2011_09_26/2011_09_26_drive_0039_sync,28,baseline,28,28,0000000028.png,1,1.2355843906082251,1.1299439366005986,0.0
learned_error_driven_zeroed,2011_09_26/2011_09_26_drive_0039_sync,28,baseline,28,28,0000000028.png,2,1.0408971557913889,0.7180873644826097,0.0
learned_error_driven_zeroed,2011_09_26/2011_09_26_drive_0039_sync,28,baseline,28,28,0000000028.png,3,2.165751143974008,1.4057053144142346,0.0
learned_error_driven_zeroed,2011_09_26/2011_09_26_drive_0039_sync,28,baseline,28,28,0000000028.png,4,3.4069016057800816,2.379000027143532,0.0
learned_error_driven_zeroed,2011_09_26/2011_09_26_drive_0039_sync,28,baseline,28,28,0000000028.png,5,1.8507011672410099,1.4746776068889613,0.0
learned_error_driven_zeroed,2011_09_26/2011_09_26_drive_0039_sync,29,baseline,29,29,0000000029.png,1,1.2391398516595624,1.1311719077725824,0.0
learned_error_driven_zeroed,2011_09_26/2011_09_26_drive_0039_sync,29,baseline,29,29,0000000029.png,2,1.03379389783206,0.7136550601881594,0.0
learned_error_driven_zeroed,2011_09_26/2011_09_26_drive_0039_sync,29,baseline,29,29,0000000029.png,3,2.1512700363680115,1.384196343596823,0.0
learned_error_driven_zeroed,2011_09_26/2011_09_26_drive_0039_sync,29,baseline,29,29,0000000029.png,4,3.3769986937737824,2.3528618404659074,0.0
learned_error_driven_zeroed,2011_09_26/2011_09_26_drive_0039_sync,29,baseline,29,29,0000000029.png,5,1.8311825078678927,1.4797074041322866,0.0
learned_error_driven_zeroed,2011_09_26/2011_09_26_drive_0039_sync,30,baseline,30,30,0000000030.png,1,1.2506847351241226,1.135701529349948,0.0
learned_error_driven_zeroed,2011_09_26/2011_09_26_drive_0039_sync,30,baseline,30,30,0000000030.png,2,1.0402367065859617,0.7155062013397665,0.0
learned_error_driven_zeroed,2011_09_26/2011_09_26_drive_0039_sync,30,baseline,30,30,0000000030.png,3,2.1609256009669893,1.3840019842308513,0.0
learned_error_driven_zeroed,2011_09_26/2011_09_26_drive_0039_sync,30,baseline,30,30,0000000030.png,4,3.3694744687030513,2.3486969902314825,0.0
learned_error_driven_zeroed,2011_09_26/2011_09_26_drive_0039_sync,30,baseline,30,30,0000000030.png,5,1.8299887040544105,1.4839680869759189,0.0
learned_error_driven_zeroed,2011_09_26/2011_09_26_drive_0039_sync,31,baseline,31,31,0000000031.png,1,1.261422335034027,1.1412043887721788,0.0
learned_error_driven_zeroed,2011_09_26/2011_09_26_drive_0039_sync,31,baseline,31,31,0000000031.png,2,1.0485250223644644,0.7183795953190596,0.0
learned_error_driven_zeroed,2011_09_26/2011_09_26_drive_0039_sync,31,baseline,31,31,0000000031.png,3,2.1761684990810797,1.3892065966649743,0.0
learned_error_driven_zeroed,2011_09_26/2011_09_26_drive_0039_sync,31,baseline,31,31,0000000031.png,4,3.406477750175699,2.3561746703472983,0.0
learned_error_driven_zeroed,2011_09_26/2011_09_26_drive_0039_sync,31,baseline,31,31,0000000031.png,5,1.793371116158114,1.4811586409348376,0.0
learned_error_driven_zeroed,2011_09_26/2011_09_26_drive_0039_sync,32,baseline,32,32,0000000032.png,1,1.2699647343791292,1.1458700312928034,0.0
learned_error_driven_zeroed,2011_09_26/2011_09_26_drive_0039_sync,32,baseline,32,32,0000000032.png,2,1.05510122083607,0.7183546941440354,0.0
learned_error_driven_zeroed,2011_09_26/2011_09_26_drive_0039_sync,32,baseline,32,32,0000000032.png,3,2.1865708276603586,1.3897455797361469,0.0
learned_error_driven_zeroed,2011_09_26/2011_09_26_drive_0039_sync,32,baseline,32,32,0000000032.png,4,3.422508046278767,2.3602904609252047,0.0
learned_error_driven_zeroed,2011_09_26/2011_09_26_drive_0039_sync,32,baseline,32,32,0000000032.png,5,1.8089603592008328,1.4817470124400902,0.0
learned_error_driven_zeroed,2011_09_26/2011_09_26_drive_0039_sync,33,baseline,33,33,0000000033.png,1,1.27121501062287,1.1468890926766797,0.0
learned_error_driven_zeroed,2011_09_26/2011_09_26_drive_0039_sync,33,baseline,33,33,0000000033.png,2,1.0682191860850023,0.7152839091828358,0.0
learned_error_driven_zeroed,2011_09_26/2011_09_26_drive_0039_sync,33,baseline,33,33,0000000033.png,3,2.2143856365540224,1.3808413997247106,0.0
learned_error_driven_zeroed,2011_09_26/2011_09_26_drive_0039_sync,33,baseline,33,33,0000000033.png,4,3.496597164558788,2.3531245715468048,0.0
learned_error_driven_zeroed,2011_09_26/2011_09_26_drive_0039_sync,33,baseline,33,33,0000000033.png,5,1.8483948014822769,1.4819709783180743,0.0
learned_error_driven_zeroed,2011_09_26/2011_09_26_drive_0039_sync,34,baseline,34,34,0000000034.png,1,1.2724072450593238,1.1465507823995345,0.0
learned_error_driven_zeroed,2011_09_26/2011_09_26_drive_0039_sync,34,baseline,34,34,0000000034.png,2,1.0673331199189446,0.7132467687256324,0.0
learned_error_driven_zeroed,2011_09_26/2011_09_26_drive_0039_sync,34,baseline,34,34,0000000034.png,3,2.214385649852379,1.370847107809625,0.0
learned_error_driven_zeroed,2011_09_26/2011_09_26_drive_0039_sync,34,baseline,34,34,0000000034.png,4,3.473842325130582,2.3314818448054275,0.0
learned_error_driven_zeroed,2011_09_26/2011_09_26_drive_0039_sync,34,baseline,34,34,0000000034.png,5,1.8387859352245532,1.4750466096362524,0.0
learned_error_driven_zeroed,2011_09_26/2011_09_26_drive_0039_sync,35,baseline,35,35,0000000035.png,1,1.2778811475984186,1.1451647391546234,0.0
learned_error_driven_zeroed,2011_09_26/2011_09_26_drive_0039_sync,35,baseline,35,35,0000000035.png,2,1.0769784220612706,0.7116011889146927,0.0
learned_error_driven_zeroed,2011_09_26/2011_09_26_drive_0039_sync,35,baseline,35,35,0000000035.png,3,2.2417337697747795,1.3581665143907995,0.0
learned_error_driven_zeroed,2011_09_26/2011_09_26_drive_0039_sync,35,baseline,35,35,0000000035.png,4,3.543302369662331,2.307497209696109,0.0
learned_error_driven_zeroed,2011_09_26/2011_09_26_drive_0039_sync,35,baseline,35,35,0000000035.png,5,1.9086282167880022,1.478991011244834,0.0
learned_error_driven_zeroed,2011_09_26/2011_09_26_drive_0039_sync,36,baseline,36,36,0000000036.png,1,1.280706495421787,1.142570196224586,0.0
learned_error_driven_zeroed,2011_09_26/2011_09_26_drive_0039_sync,36,baseline,36,36,0000000036.png,2,1.0886736616228483,0.7111298498855686,0.0
learned_error_driven_zeroed,2011_09_26/2011_09_26_drive_0039_sync,36,baseline,36,36,0000000036.png,3,2.253016879906945,1.3482100154530254,0.0
learned_error_driven_zeroed,2011_09_26/2011_09_26_drive_0039_sync,36,baseline,36,36,0000000036.png,4,3.560278997185702,2.2852368357054105,0.0
learned_error_driven_zeroed,2011_09_26/2011_09_26_drive_0039_sync,36,baseline,36,36,0000000036.png,5,1.8555394980640896,1.4668796143994218,0.0
learned_error_driven_zeroed,2011_09_26/2011_09_26_drive_0039_sync,37,baseline,37,37,0000000037.png,1,1.2807744937609313,1.1398631723497927,0.0
learned_error_driven_zeroed,2011_09_26/2011_09_26_drive_0039_sync,37,baseline,37,37,0000000037.png,2,1.091618527666164,0.7125517092924182,0.0
learned_error_driven_zeroed,2011_09_26/2011_09_26_drive_0039_sync,37,baseline,37,37,0000000037.png,3,2.2586270852840404,1.3474610895671892,0.0
learned_error_driven_zeroed,2011_09_26/2011_09_26_drive_0039_sync,37,baseline,37,37,0000000037.png,4,3.5592472770342596,2.2782895753545795,0.0
learned_error_driven_zeroed,2011_09_26/2011_09_26_drive_0039_sync,37,baseline,37,37,0000000037.png,5,1.836956312198295,1.4558432364592793,0.0
learned_error_driven_zeroed,2011_09_26/2011_09_26_drive_0039_sync,38,baseline,38,38,0000000038.png,1,1.2930240776661266,1.1422972137140242,0.0
learned_error_driven_zeroed,2011_09_26/2011_09_26_drive_0039_sync,38,baseline,38,38,0000000038.png,2,1.0967116164095663,0.7212080601109808,0.0
learned_error_driven_zeroed,2011_09_26/2011_09_26_drive_0039_sync,38,baseline,38,38,0000000038.png,3,2.264432739371874,1.367146057294943,0.0
learned_error_driven_zeroed,2011_09_26/2011_09_26_drive_0039_sync,38,baseline,38,38,0000000038.png,4,3.5636751303715664,2.299751808832663,0.0
learned_error_driven_zeroed,2011_09_26/2011_09_26_drive_0039_sync,38,baseline,38,38,0000000038.png,5,1.8886450377659292,1.4610607050903974,0.0
learned_error_driven_zeroed,2011_09_26/2011_09_26_drive_0039_sync,39,baseline,39,39,0000000039.png,1,1.3054351534360011,1.14925604010931,0.0
learned_error_driven_zeroed,2011_09_26/2011_09_26_drive_0039_sync,39,baseline,39,39,0000000039.png,2,1.1033162609679759,0.7340823405868881,0.0
learned_error_driven_zeroed,2011_09_26/2011_09_26_drive_0039_sync,39,baseline,39,39,0000000039.png,3,2.26446841545091,1.3959297581971655,0.0
learned_error_driven_zeroed,2011_09_26/2011_09_26_drive_0039_sync,39,baseline,39,39,0000000039.png,4,3.5777093707201955,2.3381324454439976,0.0
learned_error_driven_zeroed,2011_09_26/2011_09_26_drive_0039_sync,39,baseline,39,39,0000000039.png,5,1.8543082063902043,1.4581537504205,0.0
learned_error_driven_zeroed,2011_09_26/2011_09_26_drive_0039_sync,40,disturbance,0,40,0000000040.png,1,1.22181632263113,1.1471046389661692,0.0
learned_error_driven_zeroed,2011_09_26/2011_09_26_drive_0039_sync,40,disturbance,0,40,0000000040.png,2,0.7124727637504069,0.6937824746308876,0.0
learned_error_driven_zeroed,2011_09_26/2011_09_26_drive_0039_sync,40,disturbance,0,40,0000000040.png,3,1.4496562266035347,1.2657202530300153,0.0
learned_error_driven_zeroed,2011_09_26/2011_09_26_drive_0039_sync,40,disturbance,0,40,0000000040.png,4,2.21716549966008,2.072485291873941,0.0
learned_error_driven_zeroed,2011_09_26/2011_09_26_drive_0039_sync,40,disturbance,0,40,0000000040.png,5,1.0239365331722738,1.249236691707068,0.0
learned_error_driven_zeroed,2011_09_26/2011_09_26_drive_0039_sync,41,disturbance,1,41,0000000041.png,1,1.2309392900176983,1.149380218362928,0.0
learned_error_driven_zeroed,2011_09_26/2011_09_26_drive_0039_sync,41,disturbance,1,41,0000000041.png,2,0.7177375083065706,0.6709002987325703,0.0
learned_error_driven_zeroed,2011_09_26/2011_09_26_drive_0039_sync,41,disturbance,1,41,0000000041.png,3,1.4609145613116654,1.1976390257039116,0.0
learned_error_driven_zeroed,2011_09_26/2011_09_26_drive_0039_sync,41,disturbance,1,41,0000000041.png,4,2.2367543721931913,1.9160483290558563,0.0
learned_error_driven_zeroed,2011_09_26/2011_09_26_drive_0039_sync,41,disturbance,1,41,0000000041.png,5,1.0397128680703673,1.1083158435183116,0.0
learned_error_driven_zeroed,2011_09_26/2011_09_26_drive_0039_sync,42,disturbance,2,42,0000000042.png,1,1.228622405390632,1.1540656508675113,0.0
learned_error_driven_zeroed,2011_09_26/2011_09_26_drive_0039_sync,42,disturbance,2,42,0000000042.png,2,0.7194216295260824,0.6594255371701314,0.0
learned_error_driven_zeroed,2011_09_26/2011_09_26_drive_0039_sync,42,disturbance,2,42,0000000042.png,3,1.466990258621906,1.1694095674611331,0.0
learned_error_driven_zeroed,2011_09_26/2011_09_26_drive_0039_sync,42,disturbance,2,42,0000000042.png,4,2.25329388725286,1.834014817703831,0.0
learned_error_driven_zeroed,2011_09_26/2011_09_26_drive_0039_sync,42,disturbance,2,42,0000000042.png,5,1.0370559019541998,1.0171777875577617,0.0
learned_error_driven_zeroed,2011_09_26/2011_09_26_drive_0039_sync,43,disturbance,3,43,0000000043.png,1,1.2269426815959774,1.1589845358413997,0.0
learned_error_driven_zeroed,2011_09_26/2011_09_26_drive_0039_sync,43,disturbance,3,43,0000000043.png,2,0.7226855991492972,0.6543964589994679,0.0
learned_error_driven_zeroed,2011_09_26/2011_09_26_drive_0039_sync,43,disturbance,3,43,0000000043.png,3,1.4767432987907165,1.162634794285659,0.0
learned_error_driven_zeroed,2011_09_26/2011_09_26_drive_0039_sync,43,disturbance,3,43,0000000043.png,4,2.2878844526447826,1.7978060006453989,0.0
learned_error_driven_zeroed,2011_09_26/2011_09_26_drive_0039_sync,43,disturbance,3,43,0000000043.png,5,1.0470401348830702,0.960973437816035,0.0
learned_error_driven_zeroed,2011_09_26/2011_09_26_drive_0039_sync,44,disturbance,4,44,0000000044.png,1,1.2210290088586007,1.1609017019780166,0.0
learned_error_driven_zeroed,2011_09_26/2011_09_26_drive_0039_sync,44,disturbance,4,44,0000000044.png,2,0.7283896712922987,0.6519064741974662,0.0
learned_error_driven_zeroed,2011_09_26/2011_09_26_drive_0039_sync,44,disturbance,4,44,0000000044.png,3,1.486468609543815,1.1603965806271055,0.0
learned_error_driven_zeroed,2011_09_26/2011_09_26_drive_0039_sync,44,disturbance,4,44,0000000044.png,4,2.307599108075139,1.7797421413010652,0.0
learned_error_driven_zeroed,2011_09_26/2011_09_26_drive_0039_sync,44,disturbance,4,44,0000000044.png,5,1.057148093884652,0.9262507813184234,0.0
learned_error_driven_zeroed,2011_09_26/2011_09_26_drive_0039_sync,45,disturbance,5,45,0000000045.png,1,1.2095739174093563,1.1583136484935532,0.0
learned_error_driven_zeroed,2011_09_26/2011_09_26_drive_0039_sync,45,disturbance,5,45,0000000045.png,2,0.7315612963647157,0.6495585030609583,0.0
learned_error_driven_zeroed,2011_09_26/2011_09_26_drive_0039_sync,45,disturbance,5,45,0000000045.png,3,1.4946265651681747,1.1572785548515458,0.0
learned_error_driven_zeroed,2011_09_26/2011_09_26_drive_0039_sync,45,disturbance,5,45,0000000045.png,4,2.3237556822111856,1.7650984775462826,0.0
learned_error_driven_zeroed,2011_09_26/2011_09_26_drive_0039_sync,45,disturbance,5,45,0000000045.png,5,1.0667195733742603,0.9026100230013983,0.0
learned_error_driven_zeroed,2011_09_26/2011_09_26_drive_0039_sync,46,disturbance,6,46,0000000046.png,1,1.2051139529974562,1.156554956904908,0.0
learned_error_driven_zeroed,2011_09_26/2011_09_26_drive_0039_sync,46,disturbance,6,46,0000000046.png,2,0.7264356865749773,0.649401410384238,0.0
learned_error_driven_zeroed,2011_09_26/2011_09_26_drive_0039_sync,46,disturbance,6,46,0000000046.png,3,1.4934325554207752,1.165785276587587,0.0
learned_error_driven_zeroed,2011_09_26/2011_09_26_drive_0039_sync,46,disturbance,6,46,0000000046.png,4,2.348704965062277,1.7716322472287103,0.0
learned_error_driven_zeroed,2011_09_26/2011_09_26_drive_0039_sync,46,disturbance,6,46,0000000046.png,5,1.0673843508662013,0.8927412427324528,0.0
learned_error_driven_zeroed,2011_09_26/2011_09_26_drive_0039_sync,47,disturbance,7,47,0000000047.png,1,1.195666743424227,1.1520827556803446,0.0
learned_error_driven_zeroed,2011_09_26/2011_09_26_drive_0039_sync,47,disturbance,7,47,0000000047.png,2,0.7174191519161371,0.64459318639057,0.0
learned_error_driven_zeroed,2011_09_26/2011_09_26_drive_0039_sync,47,disturbance,7,47,0000000047.png,3,1.493249672163577,1.1597378059919816,0.0
learned_error_driven_zeroed,2011_09_26/2011_09_26_drive_0039_sync,47,disturbance,7,47,0000000047.png,4,2.3250263135426956,1.7499538918919422,0.0
learned_error_driven_zeroed,2011_09_26/2011_09_26_drive_0039_sync,47,disturbance,7,47,0000000047.png,5,1.0427723595318834,0.8781176061282562,0.0
learned_error_driven_zeroed,2011_09_26/2011_09_26_drive_0039_sync,48,disturbance,8,48,0000000048.png,1,1.1898402820298921,1.143081608126729,0.0
learned_error_driven_zeroed,2011_09_26/2011_09_26_drive_0039_sync,48,disturbance,8,48,0000000048.png,2,0.703758691245963,0.6331165477911054,0.0
learned_error_driven_zeroed,2011_09_26/2011_09_26_drive_0039_sync,48,disturbance,8,48,0000000048.png,3,1.4819581672748383,1.1387456546918702,0.0
learned_error_driven_zeroed,2011_09_26/2011_09_26_drive_0039_sync,48,disturbance,8,48,0000000048.png,4,2.3064201783530027,1.7035338864414622,0.0
learned_error_driven_zeroed,2011_09_26/2011_09_26_drive_0039_sync,48,disturbance,8,48,0000000048.png,5,0.9991961656099949,0.8540811341119074,0.0
learned_error_driven_zeroed,2011_09_26/2011_09_26_drive_0039_sync,49,disturbance,9,49,0000000049.png,1,1.202340010660081,1.139302520770793,0.0
learned_error_driven_zeroed,2011_09_26/2011_09_26_drive_0039_sync,49,disturbance,9,49,0000000049.png,2,0.7001028733312702,0.625981086893669,0.0
learned_error_driven_zeroed,2011_09_26/2011_09_26_drive_0039_sync,49,disturbance,9,49,0000000049.png,3,1.4696235988140263,1.131601738601891,0.0
learned_error_driven_zeroed,2011_09_26/2011_09_26_drive_0039_sync,49,disturbance,9,49,0000000049.png,4,2.2851221959446817,1.681389252051678,0.0
learned_error_driven_zeroed,2011_09_26/2011_09_26_drive_0039_sync,49,disturbance,9,49,0000000049.png,5,1.0164086398402052,0.8386674412671113,0.0
learned_error_driven_zeroed,2011_09_26/2011_09_26_drive_0039_sync,50,disturbance,10,50,0000000050.png,1,1.2069896355870382,1.1382915252748267,0.0
learned_error_driven_zeroed,2011_09_26/2011_09_26_drive_0039_sync,50,disturbance,10,50,0000000050.png,2,0.7056813474320324,0.6242036566977374,0.0
learned_error_driven_zeroed,2011_09_26/2011_09_26_drive_0039_sync,50,disturbance,10,50,0000000050.png,3,1.4748311486057388,1.1373938492332039,0.0
learned_error_driven_zeroed,2011_09_26/2011_09_26_drive_0039_sync,50,disturbance,10,50,0000000050.png,4,2.2962859018734076,1.6898634570141264,0.0
learned_error_driven_zeroed,2011_09_26/2011_09_26_drive_0039_sync,50,disturbance,10,50,0000000050.png,5,1.0242874745568862,0.83528297876068,0.0
learned_error_driven_zeroed,2011_09_26/2011_09_26_drive_0039_sync,51,disturbance,11,51,0000000051.png,1,1.2107035609902097,1.1394925889819374,0.0
learned_error_driven_zeroed,2011_09_26/2011_09_26_drive_0039_sync,51,disturbance,11,51,0000000051.png,2,0.7073973857513505,0.6245984252466856,0.0
learned_error_driven_zeroed,2011_09_26/2011_09_26_drive_0039_sync,51,disturbance,11,51,0000000051.png,3,1.4749448733989865,1.1440262215878299,0.0
learned_error_driven_zeroed,2011_09_26/2011_09_26_drive_0039_sync,51,disturbance,11,51,0000000051.png,4,2.299126034631534,1.7026344860186016,0.0
learned_error_driven_zeroed,2011_09_26/2011_09_26_drive_0039_sync,51,disturbance,11,51,0000000051.png,5,1.0276629770940178,0.8361546443974665,0.0
learned_error_driven_zeroed,2011_09_26/2011_09_26_drive_0039_sync,52,disturbance,12,52,0000000052.png,1,1.2144021033179953,1.1403884385961112,0.0
learned_error_driven_zeroed,2011_09_26/2011_09_26_drive_0039_sync,52,disturbance,12,52,0000000052.png,2,0.7127167422779793,0.625326194856024,0.0
learned_error_driven_zeroed,2011_09_26/2011_09_26_drive_0039_sync,52,disturbance,12,52,0000000052.png,3,1.4866168394291759,1.1491259630501753,0.0
learned_error_driven_zeroed,2011_09_26/2011_09_26_drive_0039_sync,52,disturbance,12,52,0000000052.png,4,2.32471242191967,1.7138928274401037,0.0
learned_error_driven_zeroed,2011_09_26/2011_09_26_drive_0039_sync,52,disturbance,12,52,0000000052.png,5,1.0478651637512846,0.8408788975156699,0.0
learned_error_driven_zeroed,2011_09_26/2011_09_26_drive_0039_sync,53,disturbance,13,53,0000000053.png,1,1.219271969303329,1.1409536328936454,0.0
learned_error_driven_zeroed,2011_09_26/2011_09_26_drive_0039_sync,53,disturbance,13,53,0000000053.png,2,0.7155431678960811,0.6265847925551163,0.0
learned_error_driven_zeroed,2011_09_26/2011_09_26_drive_0039_sync,53,disturbance,13,53,0000000053.png,3,1.4827150372745193,1.1543223490042207,0.0
learned_error_driven_zeroed,2011_09_26/2011_09_26_drive_0039_sync,53,disturbance,13,53,0000000053.png,4,2.3010770353825394,1.72180850937885,0.0
learned_error_driven_zeroed,2011_09_26/2011_09_26_drive_0039_sync,53,disturbance,13,53,0000000053.png,5,1.057114624230535,0.8462716780812907,0.0
learned_error_driven_zeroed,2011_09_26/2011_09_26_drive_0039_sync,54,disturbance,14,54,0000000054.png,1,1.2290054427210229,1.1449752880758064,0.0
learned_error_driven_zeroed,2011_09_26/2011_09_26_drive_0039_sync,54,disturbance,14,54,0000000054.png,2,0.7147379398995944,0.6285022922371883,0.0
learned_error_driven_zeroed,2011_09_26/2011_09_26_drive_0039_sync,54,disturbance,14,54,0000000054.png,3,1.4752286512495787,1.161578944745075,0.0
learned_error_driven_zeroed,2011_09_26/2011_09_26_drive_0039_sync,54,disturbance,14,54,0000000054.png,4,2.297404410160852,1.732903635623762,0.0
learned_error_driven_zeroed,2011_09_26/2011_09_26_drive_0039_sync,54,disturbance,14,54,0000000054.png,5,1.0755595777300886,0.8550315292168164,0.0
learned_error_driven_zeroed,2011_09_26/2011_09_26_drive_0039_sync,55,disturbance,15,55,0000000055.png,1,1.2535946132811218,1.1552518133070249,0.0
learned_error_driven_zeroed,2011_09_26/2011_09_26_drive_0039_sync,55,disturbance,15,55,0000000055.png,2,0.7172237463306443,0.6318917074208233,0.0
learned_error_driven_zeroed,2011_09_26/2011_09_26_drive_0039_sync,55,disturbance,15,55,0000000055.png,3,1.4750822752006032,1.1704923479790559,0.0
learned_error_driven_zeroed,2011_09_26/2011_09_26_drive_0039_sync,55,disturbance,15,55,0000000055.png,4,2.313377177852008,1.7482207315209077,0.0
learned_error_driven_zeroed,2011_09_26/2011_09_26_drive_0039_sync,55,disturbance,15,55,0000000055.png,5,1.0931817441699136,0.8663862611965878,0.0
learned_error_driven_zeroed,2011_09_26/2011_09_26_drive_0039_sync,56,disturbance,16,56,0000000056.png,1,1.260136845276397,1.16585755479129,0.0
learned_error_driven_zeroed,2011_09_26/2011_09_26_drive_0039_sync,56,disturbance,16,56,0000000056.png,2,0.7193090368970984,0.6356510683597426,0.0
learned_error_driven_zeroed,2011_09_26/2011_09_26_drive_0039_sync,56,disturbance,16,56,0000000056.png,3,1.4780767549546696,1.1798618119587208,0.0
learned_error_driven_zeroed,2011_09_26/2011_09_26_drive_0039_sync,56,disturbance,16,56,0000000056.png,4,2.324551200205641,1.7639775577936079,0.0
learned_error_driven_zeroed,2011_09_26/2011_09_26_drive_0039_sync,56,disturbance,16,56,0000000056.png,5,1.1007186423952944,0.8761818510273859,0.0
learned_error_driven_zeroed,2011_09_26/2011_09_26_drive_0039_sync,57,disturbance,17,57,0000000057.png,1,1.266100633605351,1.1752997849141786,0.0
learned_error_driven_zeroed,2011_09_26/2011_09_26_drive_0039_sync,57,disturbance,17,57,0000000057.png,2,0.7207802879765409,0.6388333409345653,0.0
learned_error_driven_zeroed,2011_09_26/2011_09_26_drive_0039_sync,57,disturbance,17,57,0000000057.png,3,1.4782107116646899,1.1872989679795596,0.0
learned_error_driven_zeroed,2011_09_26/2011_09_26_drive_0039_sync,57,disturbance,17,57,0000000057.png,4,2.321214982438977,1.7760154804509973,0.0
learned_error_driven_zeroed,2011_09_26/2011_09_26_drive_0039_sync,57,disturbance,17,57,0000000057.png,5,1.078542887998041,0.8795673892567862,0.0
learned_error_driven_zeroed,2011_09_26/2011_09_26_drive_0039_sync,58,disturbance,18,58,0000000058.png,1,1.2625489049130463,1.1817056913207928,0.0
learned_error_driven_zeroed,2011_09_26/2011_09_26_drive_0039_sync,58,disturbance,18,58,0000000058.png,2,0.7135540390371227,0.6394991830712143,0.0
learned_error_driven_zeroed,2011_09_26/2011_09_26_drive_0039_sync,58,disturbance,18,58,0000000058.png,3,1.4659258833569264,1.1881380947726243,0.0
learned_error_driven_zeroed,2011_09_26/2011_09_26_drive_0039_sync,58,disturbance,18,58,0000000058.png,4,2.2784232344113073,1.7751198633459149,0.0
learned_error_driven_zeroed,2011_09_26/2011_09_26_drive_0039_sync,58,disturbance,18,58,0000000058.png,5,1.0499808394022638,0.8778301936935129,0.0
learned_error_driven_zeroed,2011_09_26/2011_09_26_drive_0039_sync,59,disturbance,19,59,0000000059.png,1,1.2591997909579484,1.1840965328778217,0.0
learned_error_driven_zeroed,2011_09_26/2011_09_26_drive_0039_sync,59,disturbance,19,59,0000000059.png,2,0.7059393863421282,0.6355957214776691,0.0
learned_error_driven_zeroed,2011_09_26/2011_09_26_drive_0039_sync,59,disturbance,19,59,0000000059.png,3,1.4562018961549932,1.175212746106029,0.0
learned_error_driven_zeroed,2011_09_26/2011_09_26_drive_0039_sync,59,disturbance,19,59,0000000059.png,4,2.2564491803449007,1.750519785317349,0.0
learned_error_driven_zeroed,2011_09_26/2011_09_26_drive_0039_sync,59,disturbance,19,59,0000000059.png,5,1.0429014267990866,0.8715097306843743,0.0
learned_error_driven_zeroed,2011_09_26/2011_09_26_drive_0039_sync,60,disturbance,20,60,0000000060.png,1,1.2515542657973169,1.1821323510832398,0.0
learned_error_driven_zeroed,2011_09_26/2011_09_26_drive_0039_sync,60,disturbance,20,60,0000000060.png,2,0.7016386254814629,0.6273787381887697,0.0
learned_error_driven_zeroed,2011_09_26/2011_09_26_drive_0039_sync,60,disturbance,20,60,0000000060.png,3,1.4584986402518776,1.149810322819062,0.0
learned_error_driven_zeroed,2011_09_26/2011_09_26_drive_0039_sync,60,disturbance,20,60,0000000060.png,4,2.2616864030222135,1.7057379233444545,0.0
learned_error_driven_zeroed,2011_09_26/2011_09_26_drive_0039_sync,60,disturbance,20,60,0000000060.png,5,1.0465608082039723,0.860637361745792,0.0
learned_error_driven_zeroed,2011_09_26/2011_09_26_drive_0039_sync,61,disturbance,21,61,0000000061.png,1,1.2425446933899622,1.1768372306734474,0.0
learned_error_driven_zeroed,2011_09_26/2011_09_26_drive_0039_sync,61,disturbance,21,61,0000000061.png,2,0.6972760897160969,0.6183825508644365,0.0
learned_error_driven_zeroed,2011_09_26/2011_09_26_drive_0039_sync,61,disturbance,21,61,0000000061.png,3,1.455029339301733,1.1258585098287386,0.0
learned_error_driven_zeroed,2011_09_26/2011_09_26_drive_0039_sync,61,disturbance,21,61,0000000061.png,4,2.25562984188598,1.6626769799582057,0.0
learned_error_driven_zeroed,2011_09_26/2011_09_26_drive_0039_sync,61,disturbance,21,61,0000000061.png,5,1.0369819275566616,0.8467168946696232,0.0
learned_error_driven_zeroed,2011_09_26/2011_09_26_drive_0039_sync,62,disturbance,22,62,0000000062.png,1,1.2335190119953336,1.1725136675364625,0.0
learned_error_driven_zeroed,2011_09_26/2011_09_26_drive_0039_sync,62,disturbance,22,62,0000000062.png,2,0.697170474988721,0.6151670249987302,0.0
learned_error_driven_zeroed,2011_09_26/2011_09_26_drive_0039_sync,62,disturbance,22,62,0000000062.png,3,1.4511963586531027,1.1227903634085843,0.0
learned_error_driven_zeroed,2011_09_26/2011_09_26_drive_0039_sync,62,disturbance,22,62,0000000062.png,4,2.258519960559946,1.65658223970235,0.0
learned_error_driven_zeroed,2011_09_26/2011_09_26_drive_0039_sync,62,disturbance,22,62,0000000062.png,5,1.032286158936313,0.8410550952023061,0.0
learned_error_driven_zeroed,2011_09_26/2011_09_26_drive_0039_sync,63,disturbance,23,63,0000000063.png,1,1.2362505729850237,1.1708198669868604,0.0
learned_error_driven_zeroed,2011_09_26/2011_09_26_drive_0039_sync,63,disturbance,23,63,0000000063.png,2,0.7048763079579876,0.6163041556044502,0.0
learned_error_driven_zeroed,2011_09_26/2011_09_26_drive_0039_sync,63,disturbance,23,63,0000000063.png,3,1.4495552939789116,1.1232774777500265,0.0
learned_error_driven_zeroed,2011_09_26/2011_09_26_drive_0039_sync,63,disturbance,23,63,0000000063.png,4,2.2561694470002234,1.6652696143315326,0.0
learned_error_driven_zeroed,2011_09_26/2011_09_26_drive_0039_sync,63,disturbance,23,63,0000000063.png,5,1.0321185715645658,0.8422850485410552,0.0
learned_error_driven_zeroed,2011_09_26/2011_09_26_drive_0039_sync,64,disturbance,24,64,0000000064.png,1,1.239923610347842,1.1619353601045659,0.0
learned_error_driven_zeroed,2011_09_26/2011_09_26_drive_0039_sync,64,disturbance,24,64,0000000064.png,2,0.7142420210976692,0.6119830279975101,0.0
learned_error_driven_zeroed,2011_09_26/2011_09_26_drive_0039_sync,64,disturbance,24,64,0000000064.png,3,1.4415881721570918,1.0989621541500403,0.0
learned_error_driven_zeroed,2011_09_26/2011_09_26_drive_0039_sync,64,disturbance,24,64,0000000064.png,4,2.239954874671099,1.6282004647451553,0.0
learned_error_driven_zeroed,2011_09_26/2011_09_26_drive_0039_sync,64,disturbance,24,64,0000000064.png,5,1.0512586369627357,0.8357912885271064,0.0
learned_error_driven_zeroed,2011_09_26/2011_09_26_drive_0039_sync,65,disturbance,25,65,0000000065.png,1,1.2402790131898682,1.1556275468395771,0.0
learned_error_driven_zeroed,2011_09_26/2011_09_26_drive_0039_sync,65,disturbance,25,65,0000000065.png,2,0.7189868360849411,0.6139248240649774,0.0
learned_error_driven_zeroed,2011_09_26/2011_09_26_drive_0039_sync,65,disturbance,25,65,0000000065.png,3,1.4405903014057035,1.0979393668453183,0.0
learned_error_driven_zeroed,2011_09_26/2011_09_26_drive_0039_sync,65,disturbance,25,65,0000000065.png,4,2.222905333331994,1.6252832245039142,0.0
learned_error_driven_zeroed,2011_09_26/2011_09_26_drive_0039_sync,65,disturbance,25,65,0000000065.png,5,1.0414240130800403,0.834242135014444,0.0
learned_error_driven_zeroed,2011_09_26/2011_09_26_drive_0039_sync,66,disturbance,26,66,0000000066.png,1,1.2332403131383787,1.1540779835399073,0.0
learned_error_driven_zeroed,2011_09_26/2011_09_26_drive_0039_sync,66,disturbance,26,66,0000000066.png,2,0.7114173427263032,0.6184180385733637,0.0
learned_error_driven_zeroed,2011_09_26/2011_09_26_drive_0039_sync,66,disturbance,26,66,0000000066.png,3,1.4319991894725328,1.108454576421449,0.0
learned_error_driven_zeroed,2011_09_26/2011_09_26_drive_0039_sync,66,disturbance,26,66,0000000066.png,4,2.1908941163715547,1.6381937662780126,0.0
learned_error_driven_zeroed,2011_09_26/2011_09_26_drive_0039_sync,66,disturbance,26,66,0000000066.png,5,0.998058404250972,0.8315520064267151,0.0
learned_error_driven_zeroed,2011_09_26/2011_09_26_drive_0039_sync,67,disturbance,27,67,0000000067.png,1,1.2265261471255302,1.1524363957599106,0.0
learned_error_driven_zeroed,2011_09_26/2011_09_26_drive_0039_sync,67,disturbance,27,67,0000000067.png,2,0.7115542504035614,0.620928431579086,0.0
learned_error_driven_zeroed,2011_09_26/2011_09_26_drive_0039_sync,67,disturbance,27,67,0000000067.png,3,1.4329421324620537,1.1134057396785946,0.0
learned_error_driven_zeroed,2011_09_26/2011_09_26_drive_0039_sync,67,disturbance,27,67,0000000067.png,4,2.1967847408930505,1.6405780055028467,0.0
learned_error_driven_zeroed,2011_09_26/2011_09_26_drive_0039_sync,67,disturbance,27,67,0000000067.png,5,1.005821187007535,0.8292054254361311,0.0
learned_error_driven_zeroed,2011_09_26/2011_09_26_drive_0039_sync,68,disturbance,28,68,0000000068.png,1,1.2170794103474638,1.1512269940137339,0.0
learned_error_driven_zeroed,2011_09_26/2011_09_26_drive_0039_sync,68,disturbance,28,68,0000000068.png,2,0.7133674206895086,0.6255820581430237,0.0
learned_error_driven_zeroed,2011_09_26/2011_09_26_drive_0039_sync,68,disturbance,28,68,0000000068.png,3,1.4360514697744415,1.1271160026191518,0.0
learned_error_driven_zeroed,2011_09_26/2011_09_26_drive_0039_sync,68,disturbance,28,68,0000000068.png,4,2.187543340148292,1.6568484725816481,0.0
learned_error_driven_zeroed,2011_09_26/2011_09_26_drive_0039_sync,68,disturbance,28,68,0000000068.png,5,1.0049654531542747,0.8320821751235585,0.0
learned_error_driven_zeroed,2011_09_26/2011_09_26_drive_0039_sync,69,disturbance,29,69,0000000069.png,1,1.2142064158416646,1.1500534337377255,0.0
learned_error_driven_zeroed,2011_09_26/2011_09_26_drive_0039_sync,69,disturbance,29,69,0000000069.png,2,0.7167736523066984,0.6306349914474436,0.0
learned_error_driven_zeroed,2011_09_26/2011_09_26_drive_0039_sync,69,disturbance,29,69,0000000069.png,3,1.442574476515473,1.141372186114095,0.0
learned_error_driven_zeroed,2011_09_26/2011_09_26_drive_0039_sync,69,disturbance,29,69,0000000069.png,4,2.197673527674578,1.67827157386566,0.0
learned_error_driven_zeroed,2011_09_26/2011_09_26_drive_0039_sync,69,disturbance,29,69,0000000069.png,5,1.0113926063221628,0.8383589451209237,0.0
learned_error_driven_zeroed,2011_09_26/2011_09_26_drive_0039_sync,70,disturbance,30,70,0000000070.png,1,1.213810322980166,1.147640774423329,0.0
learned_error_driven_zeroed,2011_09_26/2011_09_26_drive_0039_sync,70,disturbance,30,70,0000000070.png,2,0.7214773485950307,0.6346419130437241,0.0
learned_error_driven_zeroed,2011_09_26/2011_09_26_drive_0039_sync,70,disturbance,30,70,0000000070.png,3,1.4491752790619556,1.1503573000182779,0.0
learned_error_driven_zeroed,2011_09_26/2011_09_26_drive_0039_sync,70,disturbance,30,70,0000000070.png,4,2.205526087506849,1.6923737486569825,0.0
learned_error_driven_zeroed,2011_09_26/2011_09_26_drive_0039_sync,70,disturbance,30,70,0000000070.png,5,1.0320571876014655,0.8458840629270348,0.0
learned_error_driven_zeroed,2011_09_26/2011_09_26_drive_0039_sync,71,disturbance,31,71,0000000071.png,1,1.2097396159041018,1.1440483886387132,0.0
learned_error_driven_zeroed,2011_09_26/2011_09_26_drive_0039_sync,71,disturbance,31,71,0000000071.png,2,0.7255381656744616,0.6385859844162229,0.0
learned_error_driven_zeroed,2011_09_26/2011_09_26_drive_0039_sync,71,disturbance,31,71,0000000071.png,3,1.4586646616711316,1.160510874339417,0.0
learned_error_driven_zeroed,2011_09_26/2011_09_26_drive_0039_sync,71,disturbance,31,71,0000000071.png,4,2.226229069318031,1.7070693457634158,0.0
learned_error_driven_zeroed,2011_09_26/2011_09_26_drive_0039_sync,71,disturbance,31,71,0000000071.png,5,1.0489044880682181,0.855633741664906,0.0
learned_error_driven_zeroed,2011_09_26/2011_09_26_drive_0039_sync,72,disturbance,32,72,0000000072.png,1,1.2039994706462065,1.1389615929781844,0.0
learned_error_driven_zeroed,2011_09_26/2011_09_26_drive_0039_sync,72,disturbance,32,72,0000000072.png,2,0.7283270327560385,0.6421989633138637,0.0
learned_error_driven_zeroed,2011_09_26/2011_09_26_drive_0039_sync,72,disturbance,32,72,0000000072.png,3,1.4659657040232874,1.1703666822107712,0.0
learned_error_driven_zeroed,2011_09_26/2011_09_26_drive_0039_sync,72,disturbance,32,72,0000000072.png,4,2.241301896823654,1.719456409390589,0.0
learned_error_driven_zeroed,2011_09_26/2011_09_26_drive_0039_sync,72,disturbance,32,72,0000000072.png,5,1.076638056947044,0.8661095647626614,0.0
learned_error_driven_zeroed,2011_09_26/2011_09_26_drive_0039_sync,73,disturbance,33,73,0000000073.png,1,1.1943519263699216,1.1302601485083605,0.0
learned_error_driven_zeroed,2011_09_26/2011_09_26_drive_0039_sync,73,disturbance,33,73,0000000073.png,2,0.7309759957349635,0.6447137330964604,0.0
learned_error_driven_zeroed,2011_09_26/2011_09_26_drive_0039_sync,73,disturbance,33,73,0000000073.png,3,1.4686072200626388,1.177124993976132,0.0
learned_error_driven_zeroed,2011_09_26/2011_09_26_drive_0039_sync,73,disturbance,33,73,0000000073.png,4,2.2377407401411658,1.722916763706648,0.0
learned_error_driven_zeroed,2011_09_26/2011_09_26_drive_0039_sync,73,disturbance,33,73,0000000073.png,5,1.0641050433970358,0.8693739416945712,0.0
learned_error_driven_zeroed,2011_09_26/2011_09_26_drive_0039_sync,74,disturbance,34,74,0000000074.png,1,1.1768060902192545,1.116393911393787,0.0
learned_error_driven_zeroed,2011_09_26/2011_09_26_drive_0039_sync,74,disturbance,34,74,0000000074.png,2,0.7241023832350988,0.6417516252856242,0.0
learned_error_driven_zeroed,2011_09_26/2011_09_26_drive_0039_sync,74,disturbance,34,74,0000000074.png,3,1.459888005783683,1.1674858726392026,0.0
learned_error_driven_zeroed,2011_09_26/2011_09_26_drive_0039_sync,74,disturbance,34,74,0000000074.png,4,2.2296853871147357,1.7020429014039349,0.0
learned_error_driven_zeroed,2011_09_26/2011_09_26_drive_0039_sync,74,disturbance,34,74,0000000074.png,5,1.0545211410173287,0.8642675717464972,0.0
learned_error_driven_zeroed,2011_09_26/2011_09_26_drive_0039_sync,75,disturbance,35,75,0000000075.png,1,1.1693465581665625,1.1010423416234372,0.0
learned_error_driven_zeroed,2011_09_26/2011_09_26_drive_0039_sync,75,disturbance,35,75,0000000075.png,2,0.7118808069735397,0.6321224363602943,0.0
learned_error_driven_zeroed,2011_09_26/2011_09_26_drive_0039_sync,75,disturbance,35,75,0000000075.png,3,1.445489575804429,1.1397670910748705,0.0
learned_error_driven_zeroed,2011_09_26/2011_09_26_drive_0039_sync,75,disturbance,35,75,0000000075.png,4,2.207247960235778,1.6556261673620125,0.0
learned_error_driven_zeroed,2011_09_26/2011_09_26_drive_0039_sync,75,disturbance,35,75,0000000075.png,5,1.0330172250852792,0.8481525524369281,0.0
learned_error_driven_zeroed,2011_09_26/2011_09_26_drive_0039_sync,76,disturbance,36,76,0000000076.png,1,1.176338595369303,1.0939219986209059,0.0
learned_error_driven_zeroed,2011_09_26/2011_09_26_drive_0039_sync,76,disturbance,36,76,0000000076.png,2,0.7111947346031531,0.6275456464720301,0.0
learned_error_driven_zeroed,2011_09_26/2011_09_26_drive_0039_sync,76,disturbance,36,76,0000000076.png,3,1.4488270979432736,1.1314483019856043,0.0
learned_error_driven_zeroed,2011_09_26/2011_09_26_drive_0039_sync,76,disturbance,36,76,0000000076.png,4,2.2009089795663925,1.6364322899760089,0.0
learned_error_driven_zeroed,2011_09_26/2011_09_26_drive_0039_sync,76,disturbance,36,76,0000000076.png,5,1.0390482875429634,0.8409439073874145,0.0
learned_error_driven_zeroed,2011_09_26/2011_09_26_drive_0039_sync,77,disturbance,37,77,0000000077.png,1,1.1921027428236144,1.0954919621813577,0.0
learned_error_driven_zeroed,2011_09_26/2011_09_26_drive_0039_sync,77,disturbance,37,77,0000000077.png,2,0.7174447999214628,0.6282652804401065,0.0
learned_error_driven_zeroed,2011_09_26/2011_09_26_drive_0039_sync,77,disturbance,37,77,0000000077.png,3,1.454276056850366,1.1340602836566784,0.0
learned_error_driven_zeroed,2011_09_26/2011_09_26_drive_0039_sync,77,disturbance,37,77,0000000077.png,4,2.2097443270729906,1.6401935627059347,0.0
learned_error_driven_zeroed,2011_09_26/2011_09_26_drive_0039_sync,77,disturbance,37,77,0000000077.png,5,1.0533790057243824,0.8433182349020963,0.0
learned_error_driven_zeroed,2011_09_26/2011_09_26_drive_0039_sync,78,disturbance,38,78,0000000078.png,1,1.209402235529196,1.099416043324413,0.0
learned_error_driven_zeroed,2011_09_26/2011_09_26_drive_0039_sync,78,disturbance,38,78,0000000078.png,2,0.7231314149602432,0.6287649335222502,0.0
learned_error_driven_zeroed,2011_09_26/2011_09_26_drive_0039_sync,78,disturbance,38,78,0000000078.png,3,1.4611450060243611,1.131741158502226,0.0
learned_error_driven_zeroed,2011_09_26/2011_09_26_drive_0039_sync,78,disturbance,38,78,0000000078.png,4,2.220644192020818,1.6410624982531037,0.0
learned_error_driven_zeroed,2011_09_26/2011_09_26_drive_0039_sync,78,disturbance,38,78,0000000078.png,5,1.067621029048447,0.8486520665090477,0.0
learned_error_driven_zeroed,2011_09_26/2011_09_26_drive_0039_sync,79,disturbance,39,79,0000000079.png,1,1.2155344892737983,1.1051956145363413,0.0
learned_error_driven_zeroed,2011_09_26/2011_09_26_drive_0039_sync,79,disturbance,39,79,0000000079.png,2,0.7249117080829344,0.6315075706605351,0.0
learned_error_driven_zeroed,2011_09_26/2011_09_26_drive_0039_sync,79,disturbance,39,79,0000000079.png,3,1.463380375257565,1.1392857186981353,0.0
learned_error_driven_zeroed,2011_09_26/2011_09_26_drive_0039_sync,79,disturbance,39,79,0000000079.png,4,2.2151270449500484,1.6532659944332777,0.0
learned_error_driven_zeroed,2011_09_26/2011_09_26_drive_0039_sync,79,disturbance,39,79,0000000079.png,5,1.0597774083629992,0.85308524973012,0.0
learned_error_driven_zeroed,2011_09_26/2011_09_26_drive_0039_sync,80,disturbance,40,80,0000000080.png,1,1.2176296427087105,1.1118029296460141,0.0
learned_error_driven_zeroed,2011_09_26/2011_09_26_drive_0039_sync,80,disturbance,40,80,0000000080.png,2,0.7233919780604896,0.6343385798569086,0.0
learned_error_driven_zeroed,2011_09_26/2011_09_26_drive_0039_sync,80,disturbance,40,80,0000000080.png,3,1.4614840616777625,1.1485863483818626,0.0
learned_error_driven_zeroed,2011_09_26/2011_09_26_drive_0039_sync,80,disturbance,40,80,0000000080.png,4,2.2122886618864275,1.6668967416706075,0.0
learned_error_driven_zeroed,2011_09_26/2011_09_26_drive_0039_sync,80,disturbance,40,80,0000000080.png,5,1.053308428974057,0.8568318034551732,0.0
learned_error_driven_zeroed,2011_09_26/2011_09_26_drive_0039_sync,81,disturbance,41,81,0000000081.png,1,1.224460939724201,1.1186410645925942,0.0
learned_error_driven_zeroed,2011_09_26/2011_09_26_drive_0039_sync,81,disturbance,41,81,0000000081.png,2,0.7372168242420182,0.6386902344750763,0.0
learned_error_driven_zeroed,2011_09_26/2011_09_26_drive_0039_sync,81,disturbance,41,81,0000000081.png,3,1.474849059635233,1.1545442776126844,0.0
learned_error_driven_zeroed,2011_09_26/2011_09_26_drive_0039_sync,81,disturbance,41,81,0000000081.png,4,2.2213272719518278,1.6746209306715147,0.0
learned_error_driven_zeroed,2011_09_26/2011_09_26_drive_0039_sync,81,disturbance,41,81,0000000081.png,5,1.0568136066890284,0.8587872926399811,0.0
learned_error_driven_zeroed,2011_09_26/2011_09_26_drive_0039_sync,82,disturbance,42,82,0000000082.png,1,1.2344191319333526,1.1239832641740488,0.0
learned_error_driven_zeroed,2011_09_26/2011_09_26_drive_0039_sync,82,disturbance,42,82,0000000082.png,2,0.7394521989296696,0.6401061065498508,0.0
learned_error_driven_zeroed,2011_09_26/2011_09_26_drive_0039_sync,82,disturbance,42,82,0000000082.png,3,1.4698944364554736,1.1471704517377057,0.0
learned_error_driven_zeroed,2011_09_26/2011_09_26_drive_0039_sync,82,disturbance,42,82,0000000082.png,4,2.2097164452261393,1.6649378062945153,0.0
learned_error_driven_zeroed,2011_09_26/2011_09_26_drive_0039_sync,82,disturbance,42,82,0000000082.png,5,1.0252855924056028,0.8520841421613127,0.0
learned_error_driven_zeroed,2011_09_26/2011_09_26_drive_0039_sync,83,disturbance,43,83,0000000083.png,1,1.2439241109475105,1.1279286221241156,0.0
learned_error_driven_zeroed,2011_09_26/2011_09_26_drive_0039_sync,83,disturbance,43,83,0000000083.png,2,0.720387764983298,0.6361257731085008,0.0
learned_error_driven_zeroed,2011_09_26/2011_09_26_drive_0039_sync,83,disturbance,43,83,0000000083.png,3,1.445433839712633,1.1318166837767396,0.0
learned_error_driven_zeroed,2011_09_26/2011_09_26_drive_0039_sync,83,disturbance,43,83,0000000083.png,4,2.1561697307656083,1.6425775214909686,0.0
learned_error_driven_zeroed,2011_09_26/2011_09_26_drive_0039_sync,83,disturbance,43,83,0000000083.png,5,1.0041122522378079,0.8419544845073329,0.0
learned_error_driven_zeroed,2011_09_26/2011_09_26_drive_0039_sync,84,disturbance,44,84,0000000084.png,1,1.254332654724958,1.1382841144722684,0.0
learned_error_driven_zeroed,2011_09_26/2011_09_26_drive_0039_sync,84,disturbance,44,84,0000000084.png,2,0.7121973990297636,0.636640676698644,0.0
learned_error_driven_zeroed,2011_09_26/2011_09_26_drive_0039_sync,84,disturbance,44,84,0000000084.png,3,1.434525378296087,1.1387934526173018,0.0
learned_error_driven_zeroed,2011_09_26/2011_09_26_drive_0039_sync,84,disturbance,44,84,0000000084.png,4,2.130916138819932,1.6458147231690614,0.0
learned_error_driven_zeroed,2011_09_26/2011_09_26_drive_0039_sync,84,disturbance,44,84,0000000084.png,5,0.9969466909175952,0.8362737195666244,0.0
learned_error_driven_zeroed,2011_09_26/2011_09_26_drive_0039_sync,85,disturbance,45,85,0000000085.png,1,1.2560859471409118,1.1507837920746833,0.0
learned_error_driven_zeroed,2011_09_26/2011_09_26_drive_0039_sync,85,disturbance,45,85,0000000085.png,2,0.7086367619363688,0.6361153114819903,0.0
learned_error_driven_zeroed,2011_09_26/2011_09_26_drive_0039_sync,85,disturbance,45,85,0000000085.png,3,1.4505423485666802,1.14135839095889,0.0
learned_error_driven_zeroed,2011_09_26/2011_09_26_drive_0039_sync,85,disturbance,45,85,0000000085.png,4,2.1708204449725637,1.6470531423117563,0.0
learned_error_driven_zeroed,2011_09_26/2011_09_26_drive_0039_sync,85,disturbance,45,85,0000000085.png,5,1.0004021704200918,0.8340891432402444,0.0
learned_error_driven_zeroed,2011_09_26/2011_09_26_drive_0039_sync,86,disturbance,46,86,0000000086.png,1,1.2494930416959589,1.1525452907776235,0.0
learned_error_driven_zeroed,2011_09_26/2011_09_26_drive_0039_sync,86,disturbance,46,86,0000000086.png,2,0.6984711525050337,0.6225071008830096,0.0
learned_error_driven_zeroed,2011_09_26/2011_09_26_drive_0039_sync,86,disturbance,46,86,0000000086.png,3,1.4499447889865429,1.103789872819459,0.0
learned_error_driven_zeroed,2011_09_26/2011_09_26_drive_0039_sync,86,disturbance,46,86,0000000086.png,4,2.1612499618931915,1.5819091306899071,0.0
learned_error_driven_zeroed,2011_09_26/2011_09_26_drive_0039_sync,86,disturbance,46,86,0000000086.png,5,0.9952623547316928,0.8158057760961288,0.0
learned_error_driven_zeroed,2011_09_26/2011_09_26_drive_0039_sync,87,disturbance,47,87,0000000087.png,1,1.2321626160053727,1.14921474062454,0.0
learned_error_driven_zeroed,2011_09_26/2011_09_26_drive_0039_sync,87,disturbance,47,87,0000000087.png,2,0.6948258625815715,0.610933112190797,0.0
learned_error_driven_zeroed,2011_09_26/2011_09_26_drive_0039_sync,87,disturbance,47,87,0000000087.png,3,1.4576920080347173,1.0801380865738444,0.0
learned_error_driven_zeroed,2011_09_26/2011_09_26_drive_0039_sync,87,disturbance,47,87,0000000087.png,4,2.174463389086883,1.5356292535989726,0.0
learned_error_driven_zeroed,2011_09_26/2011_09_26_drive_0039_sync,87,disturbance,47,87,0000000087.png,5,0.9936732028910081,0.7989444294083808,0.0
learned_error_driven_zeroed,2011_09_26/2011_09_26_drive_0039_sync,88,disturbance,48,88,0000000088.png,1,1.20255099466854,1.1440229521185048,0.0
learned_error_driven_zeroed,2011_09_26/2011_09_26_drive_0039_sync,88,disturbance,48,88,0000000088.png,2,0.6987944980965363,0.6079481064405249,0.0
learned_error_driven_zeroed,2011_09_26/2011_09_26_drive_0039_sync,88,disturbance,48,88,0000000088.png,3,1.4700546701140762,1.0832798308415748,0.0
learned_error_driven_zeroed,2011_09_26/2011_09_26_drive_0039_sync,88,disturbance,48,88,0000000088.png,4,2.197100019520793,1.5368061194113565,0.0
learned_error_driven_zeroed,2011_09_26/2011_09_26_drive_0039_sync,88,disturbance,48,88,0000000088.png,5,1.0039779656303565,0.7956524027051498,0.0
learned_error_driven_zeroed,2011_09_26/2011_09_26_drive_0039_sync,89,disturbance,49,89,0000000089.png,1,1.1901813158186103,1.141400198767726,0.0
learned_error_driven_zeroed,2011_09_26/2011_09_26_drive_0039_sync,89,disturbance,49,89,0000000089.png,2,0.7014874817529696,0.6087082892009634,0.0
learned_error_driven_zeroed,2011_09_26/2011_09_26_drive_0039_sync,89,disturbance,49,89,0000000089.png,3,1.4553313783812452,1.0825862812898595,0.0
learned_error_driven_zeroed,2011_09_26/2011_09_26_drive_0039_sync,89,disturbance,49,89,0000000089.png,4,2.187620554847563,1.5429012518224154,0.0
learned_error_driven_zeroed,2011_09_26/2011_09_26_drive_0039_sync,89,disturbance,49,89,0000000089.png,5,0.9959396685597225,0.7976932624632105,0.0
learned_error_driven_zeroed,2011_09_26/2011_09_26_drive_0039_sync,90,disturbance,50,90,0000000090.png,1,1.2263249883907632,1.1449489263859722,0.0
learned_error_driven_zeroed,2011_09_26/2011_09_26_drive_0039_sync,90,disturbance,50,90,0000000090.png,2,0.7138902376023987,0.609635136904692,0.0
learned_error_driven_zeroed,2011_09_26/2011_09_26_drive_0039_sync,90,disturbance,50,90,0000000090.png,3,1.455341128074354,1.0745723363972524,0.0
learned_error_driven_zeroed,2011_09_26/2011_09_26_drive_0039_sync,90,disturbance,50,90,0000000090.png,4,2.1759770956112607,1.5306180040531439,0.0
learned_error_driven_zeroed,2011_09_26/2011_09_26_drive_0039_sync,90,disturbance,50,90,0000000090.png,5,0.9773719352660858,0.7947740174778317,0.0
learned_error_driven_zeroed,2011_09_26/2011_09_26_drive_0039_sync,91,disturbance,51,91,0000000091.png,1,1.2374548266691396,1.148966232904524,0.0
learned_error_driven_zeroed,2011_09_26/2011_09_26_drive_0039_sync,91,disturbance,51,91,0000000091.png,2,0.724469203480135,0.6132517544205804,0.0
learned_error_driven_zeroed,2011_09_26/2011_09_26_drive_0039_sync,91,disturbance,51,91,0000000091.png,3,1.4684854065112896,1.076990014464161,0.0
learned_error_driven_zeroed,2011_09_26/2011_09_26_drive_0039_sync,91,disturbance,51,91,0000000091.png,4,2.1935287490166155,1.5336186035435544,0.0
learned_error_driven_zeroed,2011_09_26/2011_09_26_drive_0039_sync,91,disturbance,51,91,0000000091.png,5,0.9845758486515639,0.7928770134615568,0.0
learned_error_driven_zeroed,2011_09_26/2011_09_26_drive_0039_sync,92,disturbance,52,92,0000000092.png,1,1.2394128567084886,1.1548091775007163,0.0
learned_error_driven_zeroed,2011_09_26/2011_09_26_drive_0039_sync,92,disturbance,52,92,0000000092.png,2,0.7301978406048881,0.6214929417768568,0.0
learned_error_driven_zeroed,2011_09_26/2011_09_26_drive_0039_sync,92,disturbance,52,92,0000000092.png,3,1.481854070649225,1.0976019712889915,0.0
learned_error_driven_zeroed,2011_09_26/2011_09_26_drive_0039_sync,92,disturbance,52,92,0000000092.png,4,2.2266010303029637,1.5701268411218043,0.0
learned_error_driven_zeroed,2011_09_26/2011_09_26_drive_0039_sync,92,disturbance,52,92,0000000092.png,5,1.015161784530075,0.8037734441792312,0.0
learned_error_driven_zeroed,2011_09_26/2011_09_26_drive_0039_sync,93,disturbance,53,93,0000000093.png,1,1.2351990909606871,1.1602365635782372,0.0
learned_error_driven_zeroed,2011_09_26/2011_09_26_drive_0039_sync,93,disturbance,53,93,0000000093.png,2,0.7250681009273291,0.6281087296478671,0.0
learned_error_driven_zeroed,2011_09_26/2011_09_26_drive_0039_sync,93,disturbance,53,93,0000000093.png,3,1.480375966182161,1.1155264834573138,0.0
learned_error_driven_zeroed,2011_09_26/2011_09_26_drive_0039_sync,93,disturbance,53,93,0000000093.png,4,2.236044983022084,1.602977605963283,0.0
learned_error_driven_zeroed,2011_09_26/2011_09_26_drive_0039_sync,93,disturbance,53,93,0000000093.png,5,1.0262997879282745,0.8148609531033256,0.0
learned_error_driven_zeroed,2011_09_26/2011_09_26_drive_0039_sync,94,disturbance,54,94,0000000094.png,1,1.2285951769386916,1.1608410675505831,0.0
learned_error_driven_zeroed,2011_09_26/2011_09_26_drive_0039_sync,94,disturbance,54,94,0000000094.png,2,0.7203292104163341,0.6296676928487973,0.0
learned_error_driven_zeroed,2011_09_26/2011_09_26_drive_0039_sync,94,disturbance,54,94,0000000094.png,3,1.4788094021665745,1.1195021515498293,0.0
learned_error_driven_zeroed,2011_09_26/2011_09_26_drive_0039_sync,94,disturbance,54,94,0000000094.png,4,2.244462415698342,1.6133948793034925,0.0
learned_error_driven_zeroed,2011_09_26/2011_09_26_drive_0039_sync,94,disturbance,54,94,0000000094.png,5,1.013503146033035,0.8180274488623136,0.0
learned_error_driven_zeroed,2011_09_26/2011_09_26_drive_0039_sync,95,disturbance,55,95,0000000095.png,1,1.2054653871048646,1.154098342244045,0.0
learned_error_driven_zeroed,2011_09_26/2011_09_26_drive_0039_sync,95,disturbance,55,95,0000000095.png,2,0.7174742386780484,0.6273601998728222,0.0
learned_error_driven_zeroed,2011_09_26/2011_09_26_drive_0039_sync,95,disturbance,55,95,0000000095.png,3,1.4803980847773137,1.1147366745724236,0.0
learned_error_driven_zeroed,2011_09_26/2011_09_26_drive_0039_sync,95,disturbance,55,95,0000000095.png,4,2.2467198843390217,1.605391326917917,0.0
learned_error_driven_zeroed,2011_09_26/2011_09_26_drive_0039_sync,95,disturbance,55,95,0000000095.png,5,1.020345477989692,0.8143367235033193,0.0
learned_error_driven_zeroed,2011_09_26/2011_09_26_drive_0039_sync,96,disturbance,56,96,0000000096.png,1,1.1691150471293352,1.140230787836704,0.0
learned_error_driven_zeroed,2011_09_26/2011_09_26_drive_0039_sync,96,disturbance,56,96,0000000096.png,2,0.71314222676255,0.6253917441921503,0.0
learned_error_driven_zeroed,2011_09_26/2011_09_26_drive_0039_sync,96,disturbance,56,96,0000000096.png,3,1.4719676195924798,1.1142764565918113,0.0
learned_error_driven_zeroed,2011_09_26/2011_09_26_drive_0039_sync,96,disturbance,56,96,0000000096.png,4,2.231581938764435,1.602843628871038,0.0
learned_error_driven_zeroed,2011_09_26/2011_09_26_drive_0039_sync,96,disturbance,56,96,0000000096.png,5,1.0053269424769005,0.8094824419056426,0.0
learned_error_driven_zeroed,2011_09_26/2011_09_26_drive_0039_sync,97,disturbance,57,97,0000000097.png,1,1.1769147852758002,1.1337875124829928,0.0
learned_error_driven_zeroed,2011_09_26/2011_09_26_drive_0039_sync,97,disturbance,57,97,0000000097.png,2,0.7161057240041907,0.6273551676596976,0.0
learned_error_driven_zeroed,2011_09_26/2011_09_26_drive_0039_sync,97,disturbance,57,97,0000000097.png,3,1.4777021328295887,1.1258916695373402,0.0
learned_error_driven_zeroed,2011_09_26/2011_09_26_drive_0039_sync,97,disturbance,57,97,0000000097.png,4,2.261159730385732,1.6249294387064719,0.0
learned_error_driven_zeroed,2011_09_26/2011_09_26_drive_0039_sync,97,disturbance,57,97,0000000097.png,5,1.050368168678616,0.8169172661206036,0.0
learned_error_driven_zeroed,2011_09_26/2011_09_26_drive_0039_sync,98,disturbance,58,98,0000000098.png,1,1.1951757501075393,1.1340806826890277,0.0
learned_error_driven_zeroed,2011_09_26/2011_09_26_drive_0039_sync,98,disturbance,58,98,0000000098.png,2,0.7207507674581793,0.6313675941005193,0.0
learned_error_driven_zeroed,2011_09_26/2011_09_26_drive_0039_sync,98,disturbance,58,98,0000000098.png,3,1.4782580895484352,1.1383736784902032,0.0
learned_error_driven_zeroed,2011_09_26/2011_09_26_drive_0039_sync,98,disturbance,58,98,0000000098.png,4,2.2638900970258566,1.6502477190324063,0.0
learned_error_driven_zeroed,2011_09_26/2011_09_26_drive_0039_sync,98,disturbance,58,98,0000000098.png,5,1.040369543801844,0.8242373395884725,0.0
learned_error_driven_zeroed,2011_09_26/2011_09_26_drive_0039_sync,99,disturbance,59,99,0000000099.png,1,1.2097195333054986,1.137264607825444,0.0
learned_error_driven_zeroed,2011_09_26/2011_09_26_drive_0039_sync,99,disturbance,59,99,0000000099.png,2,0.7207449166247228,0.6347114611503734,0.0
learned_error_driven_zeroed,2011_09_26/2011_09_26_drive_0039_sync,99,disturbance,59,99,0000000099.png,3,1.4746294663241142,1.1490506569624348,0.0
learned_error_driven_zeroed,2011_09_26/2011_09_26_drive_0039_sync,99,disturbance,59,99,0000000099.png,4,2.26352120380195,1.6709852818328874,0.0
learned_error_driven_zeroed,2011_09_26/2011_09_26_drive_0039_sync,99,disturbance,59,99,0000000099.png,5,1.0469608089323559,0.8314527061323858,0.0
learned_error_driven_zeroed,2011_09_26/2011_09_26_drive_0039_sync,100,disturbance,60,100,0000000100.png,1,1.2302705022999034,1.145079769573229,0.0
learned_error_driven_zeroed,2011_09_26/2011_09_26_drive_0039_sync,100,disturbance,60,100,0000000100.png,2,0.7260374287812837,0.6384239414882402,0.0
learned_error_driven_zeroed,2011_09_26/2011_09_26_drive_0039_sync,100,disturbance,60,100,0000000100.png,3,1.4838228066122403,1.1585622124071722,0.0
learned_error_driven_zeroed,2011_09_26/2011_09_26_drive_0039_sync,100,disturbance,60,100,0000000100.png,4,2.2792337411965042,1.6898920443172574,0.0
learned_error_driven_zeroed,2011_09_26/2011_09_26_drive_0039_sync,100,disturbance,60,100,0000000100.png,5,1.0382632154999416,0.8369555888286888,0.0
learned_error_driven_zeroed,2011_09_26/2011_09_26_drive_0039_sync,101,disturbance,61,101,0000000101.png,1,1.248730787082118,1.154745729095203,0.0
learned_error_driven_zeroed,2011_09_26/2011_09_26_drive_0039_sync,101,disturbance,61,101,0000000101.png,2,0.7337902535249419,0.6418805376931205,0.0
learned_error_driven_zeroed,2011_09_26/2011_09_26_drive_0039_sync,101,disturbance,61,101,0000000101.png,3,1.4944095039469103,1.164498594975834,0.0
learned_error_driven_zeroed,2011_09_26/2011_09_26_drive_0039_sync,101,disturbance,61,101,0000000101.png,4,2.2771262602608973,1.6990189729036211,0.0
learned_error_driven_zeroed,2011_09_26/2011_09_26_drive_0039_sync,101,disturbance,61,101,0000000101.png,5,1.0402710945672862,0.8384908884838319,0.0
learned_error_driven_zeroed,2011_09_26/2011_09_26_drive_0039_sync,102,disturbance,62,102,0000000102.png,1,1.2619037911956905,1.1649849999034576,0.0
learned_error_driven_zeroed,2011_09_26/2011_09_26_drive_0039_sync,102,disturbance,62,102,0000000102.png,2,0.737514318492292,0.6450443810889532,0.0
learned_error_driven_zeroed,2011_09_26/2011_09_26_drive_0039_sync,102,disturbance,62,102,0000000102.png,3,1.4994857034711522,1.1673546545998872,0.0
learned_error_driven_zeroed,2011_09_26/2011_09_26_drive_0039_sync,102,disturbance,62,102,0000000102.png,4,2.301031660409083,1.70656411982352,0.0
learned_error_driven_zeroed,2011_09_26/2011_09_26_drive_0039_sync,102,disturbance,62,102,0000000102.png,5,1.057885672334626,0.8430949948580778,0.0
learned_error_driven_zeroed,2011_09_26/2011_09_26_drive_0039_sync,103,disturbance,63,103,0000000103.png,1,1.2723723223812635,1.1770784961961014,0.0
learned_error_driven_zeroed,2011_09_26/2011_09_26_drive_0039_sync,103,disturbance,63,103,0000000103.png,2,0.7365293509775188,0.649179985308775,0.0
learned_error_driven_zeroed,2011_09_26/2011_09_26_drive_0039_sync,103,disturbance,63,103,0000000103.png,3,1.508730729030505,1.1773695294737339,0.0
learned_error_driven_zeroed,2011_09_26/2011_09_26_drive_0039_sync,103,disturbance,63,103,0000000103.png,4,2.31619151272067,1.7240619482143722,0.0
learned_error_driven_zeroed,2011_09_26/2011_09_26_drive_0039_sync,103,disturbance,63,103,0000000103.png,5,1.0634168220100342,0.8531817704411663,0.0
learned_error_driven_zeroed,2011_09_26/2011_09_26_drive_0039_sync,104,disturbance,64,104,0000000104.png,1,1.2804401653824677,1.188053924234719,0.0
learned_error_driven_zeroed,2011_09_26/2011_09_26_drive_0039_sync,104,disturbance,64,104,0000000104.png,2,0.73112358587749,0.6496921790865336,0.0
learned_error_driven_zeroed,2011_09_26/2011_09_26_drive_0039_sync,104,disturbance,64,104,0000000104.png,3,1.5195396477771967,1.1797123073355167,0.0
learned_error_driven_zeroed,2011_09_26/2011_09_26_drive_0039_sync,104,disturbance,64,104,0000000104.png,4,2.331437015969552,1.7259912664196484,0.0
learned_error_driven_zeroed,2011_09_26/2011_09_26_drive_0039_sync,104,disturbance,64,104,0000000104.png,5,1.0804795381870267,0.8601622883339763,0.0
learned_error_driven_zeroed,2011_09_26/2011_09_26_drive_0039_sync,105,disturbance,65,105,0000000105.png,1,1.297712587742671,1.1984360273930197,0.0
learned_error_driven_zeroed,2011_09_26/2011_09_26_drive_0039_sync,105,disturbance,65,105,0000000105.png,2,0.7262239656519627,0.6468920001468628,0.0
learned_error_driven_zeroed,2011_09_26/2011_09_26_drive_0039_sync,105,disturbance,65,105,0000000105.png,3,1.524282725376499,1.1759964949088615,0.0
learned_error_driven_zeroed,2011_09_26/2011_09_26_drive_0039_sync,105,disturbance,65,105,0000000105.png,4,2.349404173514215,1.7199614351564227,0.0
learned_error_driven_zeroed,2011_09_26/2011_09_26_drive_0039_sync,105,disturbance,65,105,0000000105.png,5,1.0845557406102357,0.8622427958835974,0.0
learned_error_driven_zeroed,2011_09_26/2011_09_26_drive_0039_sync,106,disturbance,66,106,0000000106.png,1,1.321616241488973,1.2121853485673353,0.0
learned_error_driven_zeroed,2011_09_26/2011_09_26_drive_0039_sync,106,disturbance,66,106,0000000106.png,2,0.7215404463543014,0.6463658450851173,0.0
learned_error_driven_zeroed,2011_09_26/2011_09_26_drive_0039_sync,106,disturbance,66,106,0000000106.png,3,1.5076656991473694,1.1809156510870655,0.0
learned_error_driven_zeroed,2011_09_26/2011_09_26_drive_0039_sync,106,disturbance,66,106,0000000106.png,4,2.3329786058174027,1.7280749186682451,0.0
learned_error_driven_zeroed,2011_09_26/2011_09_26_drive_0039_sync,106,disturbance,66,106,0000000106.png,5,1.104134909774792,0.8687977659445479,0.0
learned_error_driven_zeroed,2011_09_26/2011_09_26_drive_0039_sync,107,disturbance,67,107,0000000107.png,1,1.3238134740094594,1.225937451158599,0.0
learned_error_driven_zeroed,2011_09_26/2011_09_26_drive_0039_sync,107,disturbance,67,107,0000000107.png,2,0.7247867204480516,0.6486544027525465,0.0
learned_error_driven_zeroed,2011_09_26/2011_09_26_drive_0039_sync,107,disturbance,67,107,0000000107.png,3,1.5056747442088039,1.1897148026052478,0.0
learned_error_driven_zeroed,2011_09_26/2011_09_26_drive_0039_sync,107,disturbance,67,107,0000000107.png,4,2.3078227568066993,1.7432011455220824,0.0
learned_error_driven_zeroed,2011_09_26/2011_09_26_drive_0039_sync,107,disturbance,67,107,0000000107.png,5,1.080222347500741,0.8776973006232185,0.0
learned_error_driven_zeroed,2011_09_26/2011_09_26_drive_0039_sync,108,disturbance,68,108,0000000108.png,1,1.3205460048971696,1.2366168974354237,0.0
learned_error_driven_zeroed,2011_09_26/2011_09_26_drive_0039_sync,108,disturbance,68,108,0000000108.png,2,0.7259497677515153,0.6507998035450433,0.0
learned_error_driven_zeroed,2011_09_26/2011_09_26_drive_0039_sync,108,disturbance,68,108,0000000108.png,3,1.508787175897785,1.198253886758294,0.0
learned_error_driven_zeroed,2011_09_26/2011_09_26_drive_0039_sync,108,disturbance,68,108,0000000108.png,4,2.328651651445505,1.7582274344068767,0.0
learned_error_driven_zeroed,2011_09_26/2011_09_26_drive_0039_sync,108,disturbance,68,108,0000000108.png,5,1.0991754152391453,0.8883252522045993,0.0
learned_error_driven_zeroed,2011_09_26/2011_09_26_drive_0039_sync,109,disturbance,69,109,0000000109.png,1,1.3119782191442462,1.242222879545905,0.0
learned_error_driven_zeroed,2011_09_26/2011_09_26_drive_0039_sync,109,disturbance,69,109,0000000109.png,2,0.724871509225983,0.650134790965848,0.0
learned_error_driven_zeroed,2011_09_26/2011_09_26_drive_0039_sync,109,disturbance,69,109,0000000109.png,3,1.5145094512236834,1.1983387884258114,0.0
learned_error_driven_zeroed,2011_09_26/2011_09_26_drive_0039_sync,109,disturbance,69,109,0000000109.png,4,2.352586081447352,1.7618128820252286,0.0
learned_error_driven_zeroed,2011_09_26/2011_09_26_drive_0039_sync,109,disturbance,69,109,0000000109.png,5,1.1350636515731498,0.8992849374253057,0.0
learned_error_driven_zeroed,2011_09_26/2011_09_26_drive_0039_sync,110,disturbance,70,110,0000000110.png,1,1.3071670274720197,1.2423744151731955,0.0
learned_error_driven_zeroed,2011_09_26/2011_09_26_drive_0039_sync,110,disturbance,70,110,0000000110.png,2,0.7163480123792836,0.6434815333676912,0.0
learned_error_driven_zeroed,2011_09_26/2011_09_26_drive_0039_sync,110,disturbance,70,110,0000000110.png,3,1.5037582062133008,1.1794511438280773,0.0
learned_error_driven_zeroed,2011_09_26/2011_09_26_drive_0039_sync,110,disturbance,70,110,0000000110.png,4,2.319621223575691,1.7354169250371536,0.0
learned_error_driven_zeroed,2011_09_26/2011_09_26_drive_0039_sync,110,disturbance,70,110,0000000110.png,5,1.1184218057138837,0.8992692642939331,0.0
learned_error_driven_zeroed,2011_09_26/2011_09_26_drive_0039_sync,111,disturbance,71,111,0000000111.png,1,1.305745163718564,1.241851237645395,0.0
learned_error_driven_zeroed,2011_09_26/2011_09_26_drive_0039_sync,111,disturbance,71,111,0000000111.png,2,0.7230772680528764,0.6391745172369235,0.0
learned_error_driven_zeroed,2011_09_26/2011_09_26_drive_0039_sync,111,disturbance,71,111,0000000111.png,3,1.5031537809431101,1.1668272588202042,0.0
learned_error_driven_zeroed,2011_09_26/2011_09_26_drive_0039_sync,111,disturbance,71,111,0000000111.png,4,2.3131967499996886,1.7146679891892436,0.0
learned_error_driven_zeroed,2011_09_26/2011_09_26_drive_0039_sync,111,disturbance,71,111,0000000111.png,5,1.1025298356520425,0.8941700108272091,0.0
learned_error_driven_zeroed,2011_09_26/2011_09_26_drive_0039_sync,112,disturbance,72,112,0000000112.png,1,1.3083539467029672,1.243918345373341,0.0
learned_error_driven_zeroed,2011_09_26/2011_09_26_drive_0039_sync,112,disturbance,72,112,0000000112.png,2,0.7427275350012644,0.6422491400690278,0.0
learned_error_driven_zeroed,2011_09_26/2011_09_26_drive_0039_sync,112,disturbance,72,112,0000000112.png,3,1.51802177647218,1.1724992383031696,0.0
learned_error_driven_zeroed,2011_09_26/2011_09_26_drive_0039_sync,112,disturbance,72,112,0000000112.png,4,2.3223469854242094,1.7217456848557857,0.0
learned_error_driven_zeroed,2011_09_26/2011_09_26_drive_0039_sync,112,disturbance,72,112,0000000112.png,5,1.0962815943868283,0.8951207049357774,0.0
learned_error_driven_zeroed,2011_09_26/2011_09_26_drive_0039_sync,113,disturbance,73,113,0000000113.png,1,1.3023073462377834,1.2455676502503177,0.0
learned_error_driven_zeroed,2011_09_26/2011_09_26_drive_0039_sync,113,disturbance,73,113,0000000113.png,2,0.7515332313275949,0.6477670090920888,0.0
learned_error_driven_zeroed,2011_09_26/2011_09_26_drive_0039_sync,113,disturbance,73,113,0000000113.png,3,1.5262685484758647,1.1838340518120722,0.0
learned_error_driven_zeroed,2011_09_26/2011_09_26_drive_0039_sync,113,disturbance,73,113,0000000113.png,4,2.343903098648063,1.7400820957502763,0.0
learned_error_driven_zeroed,2011_09_26/2011_09_26_drive_0039_sync,113,disturbance,73,113,0000000113.png,5,1.1164787547800576,0.9024467974325567,0.0
learned_error_driven_zeroed,2011_09_26/2011_09_26_drive_0039_sync,114,disturbance,74,114,0000000114.png,1,1.2946557747344782,1.2464328946784087,0.0
learned_error_driven_zeroed,2011_09_26/2011_09_26_drive_0039_sync,114,disturbance,74,114,0000000114.png,2,0.7598047787548555,0.655658935936645,0.0
learned_error_driven_zeroed,2011_09_26/2011_09_26_drive_0039_sync,114,disturbance,74,114,0000000114.png,3,1.5385135070754183,1.1983297276600462,0.0
learned_error_driven_zeroed,2011_09_26/2011_09_26_drive_0039_sync,114,disturbance,74,114,0000000114.png,4,2.3566655341055256,1.766410879757433,0.0
learned_error_driven_zeroed,2011_09_26/2011_09_26_drive_0039_sync,114,disturbance,74,114,0000000114.png,5,1.134589388708287,0.9154946049850609,0.0
learned_error_driven_zeroed,2011_09_26/2011_09_26_drive_0039_sync,115,disturbance,75,115,0000000115.png,1,1.2884379908359616,1.2410130256029508,0.0
learned_error_driven_zeroed,2011_09_26/2011_09_26_drive_0039_sync,115,disturbance,75,115,0000000115.png,2,0.7704373246105362,0.6557677220976146,0.0
learned_error_driven_zeroed,2011_09_26/2011_09_26_drive_0039_sync,115,disturbance,75,115,0000000115.png,3,1.5541215523591054,1.177017980940844,0.0
learned_error_driven_zeroed,2011_09_26/2011_09_26_drive_0039_sync,115,disturbance,75,115,0000000115.png,4,2.4008483633340396,1.7431704341783303,0.0
learned_error_driven_zeroed,2011_09_26/2011_09_26_drive_0039_sync,115,disturbance,75,115,0000000115.png,5,1.1277001196922425,0.9160584449070907,0.0
learned_error_driven_zeroed,2011_09_26/2011_09_26_drive_0039_sync,116,disturbance,76,116,0000000116.png,1,1.277098353802618,1.2255893072383417,0.0
learned_error_driven_zeroed,2011_09_26/2011_09_26_drive_0039_sync,116,disturbance,76,116,0000000116.png,2,0.7689342618320842,0.646860304074749,0.0
learned_error_driven_zeroed,2011_09_26/2011_09_26_drive_0039_sync,116,disturbance,76,116,0000000116.png,3,1.5499124357682323,1.1362702646691998,0.0
learned_error_driven_zeroed,2011_09_26/2011_09_26_drive_0039_sync,116,disturbance,76,116,0000000116.png,4,2.38283903762734,1.6781025314152014,0.0
learned_error_driven_zeroed,2011_09_26/2011_09_26_drive_0039_sync,116,disturbance,76,116,0000000116.png,5,1.1270548784441345,0.9013528955858323,0.0
learned_error_driven_zeroed,2011_09_26/2011_09_26_drive_0039_sync,117,disturbance,77,117,0000000117.png,1,1.2619141797761169,1.2084814143520684,0.0
learned_error_driven_zeroed,2011_09_26/2011_09_26_drive_0039_sync,117,disturbance,77,117,0000000117.png,2,0.7611849766329656,0.6382751997383456,0.0
learned_error_driven_zeroed,2011_09_26/2011_09_26_drive_0039_sync,117,disturbance,77,117,0000000117.png,3,1.5462727773896872,1.112064725661929,0.0
learned_error_driven_zeroed,2011_09_26/2011_09_26_drive_0039_sync,117,disturbance,77,117,0000000117.png,4,2.397408500728446,1.6392894710048225,0.0
learned_error_driven_zeroed,2011_09_26/2011_09_26_drive_0039_sync,117,disturbance,77,117,0000000117.png,5,1.1468680542454859,0.8897533480096284,0.0
learned_error_driven_zeroed,2011_09_26/2011_09_26_drive_0039_sync,118,disturbance,78,118,0000000118.png,1,1.2502017428745404,1.198941182580921,0.0
learned_error_driven_zeroed,2011_09_26/2011_09_26_drive_0039_sync,118,disturbance,78,118,0000000118.png,2,0.7548022509657963,0.6382993352928674,0.0
learned_error_driven_zeroed,2011_09_26/2011_09_26_drive_0039_sync,118,disturbance,78,118,0000000118.png,3,1.543585301606539,1.119517373301832,0.0
learned_error_driven_zeroed,2011_09_26/2011_09_26_drive_0039_sync,118,disturbance,78,118,0000000118.png,4,2.3562736020234474,1.647862533360904,0.0
learned_error_driven_zeroed,2011_09_26/2011_09_26_drive_0039_sync,118,disturbance,78,118,0000000118.png,5,1.1111585690618744,0.8891197518182761,0.0
learned_error_driven_zeroed,2011_09_26/2011_09_26_drive_0039_sync,119,disturbance,79,119,0000000119.png,1,1.2416926932288117,1.1944925779142852,0.0
learned_error_driven_zeroed,2011_09_26/2011_09_26_drive_0039_sync,119,disturbance,79,119,0000000119.png,2,0.7515151954347525,0.641461052501766,0.0
learned_error_driven_zeroed,2011_09_26/2011_09_26_drive_0039_sync,119,disturbance,79,119,0000000119.png,3,1.5471287437049193,1.1326129172685755,0.0
learned_error_driven_zeroed,2011_09_26/2011_09_26_drive_0039_sync,119,disturbance,79,119,0000000119.png,4,2.3648392870012995,1.6683499707283038,0.0
learned_error_driven_zeroed,2011_09_26/2011_09_26_drive_0039_sync,119,disturbance,79,119,0000000119.png,5,1.1217604967684804,0.8985625784280484,0.0
learned_error_driven_zeroed,2011_09_26/2011_09_26_drive_0039_sync,120,recovery,0,120,0000000120.png,1,1.322245018783784,1.1927559605686833,0.0
learned_error_driven_zeroed,2011_09_26/2011_09_26_drive_0039_sync,120,recovery,0,120,0000000120.png,2,1.2183489381552552,0.6757137778070653,0.0
learned_error_driven_zeroed,2011_09_26/2011_09_26_drive_0039_sync,120,recovery,0,120,0000000120.png,3,2.4780811423027416,1.177779550327904,0.0
learned_error_driven_zeroed,2011_09_26/2011_09_26_drive_0039_sync,120,recovery,0,120,0000000120.png,4,3.8572115697127436,1.759441964486209,0.0
learned_error_driven_zeroed,2011_09_26/2011_09_26_drive_0039_sync,120,recovery,0,120,0000000120.png,5,2.052407241760034,0.9596292332426029,0.0
learned_error_driven_zeroed,2011_09_26/2011_09_26_drive_0039_sync,121,recovery,1,121,0000000121.png,1,1.3069642876390322,1.1877185639445729,0.0
learned_error_driven_zeroed,2011_09_26/2011_09_26_drive_0039_sync,121,recovery,1,121,0000000121.png,2,1.220376913319461,0.7061269180323615,0.0
learned_error_driven_zeroed,2011_09_26/2011_09_26_drive_0039_sync,121,recovery,1,121,0000000121.png,3,2.483324811837959,1.2512402459345446,0.0
learned_error_driven_zeroed,2011_09_26/2011_09_26_drive_0039_sync,121,recovery,1,121,0000000121.png,4,3.8635216828313697,1.9271674242294665,0.0
learned_error_driven_zeroed,2011_09_26/2011_09_26_drive_0039_sync,121,recovery,1,121,0000000121.png,5,2.0859288359869743,1.0822042184176128,0.0
learned_error_driven_zeroed,2011_09_26/2011_09_26_drive_0039_sync,122,recovery,2,122,0000000122.png,1,1.2913824136915817,1.1795615949333258,0.0
learned_error_driven_zeroed,2011_09_26/2011_09_26_drive_0039_sync,122,recovery,2,122,0000000122.png,2,1.214011158026942,0.7364172901450222,0.0
learned_error_driven_zeroed,2011_09_26/2011_09_26_drive_0039_sync,122,recovery,2,122,0000000122.png,3,2.4794550450414197,1.3330590997922758,0.0
learned_error_driven_zeroed,2011_09_26/2011_09_26_drive_0039_sync,122,recovery,2,122,0000000122.png,4,3.8580237984068715,2.097441895118004,0.0
learned_error_driven_zeroed,2011_09_26/2011_09_26_drive_0039_sync,122,recovery,2,122,0000000122.png,5,2.1128128090453466,1.2126677766617318,0.0
learned_error_driven_zeroed,2011_09_26/2011_09_26_drive_0039_sync,123,recovery,3,123,0000000123.png,1,1.2709769718793924,1.167150506935148,0.0
learned_error_driven_zeroed,2011_09_26/2011_09_26_drive_0039_sync,123,recovery,3,123,0000000123.png,2,1.2099854222265343,0.7645183498625857,0.0
learned_error_driven_zeroed,2011_09_26/2011_09_26_drive_0039_sync,123,recovery,3,123,0000000123.png,3,2.4693697010122384,1.409185476366772,0.0
learned_error_driven_zeroed,2011_09_26/2011_09_26_drive_0039_sync,123,recovery,3,123,0000000123.png,4,3.8341273934390165,2.2475176961202408,0.0
learned_error_driven_zeroed,2011_09_26/2011_09_26_drive_0039_sync,123,recovery,3,123,0000000123.png,5,2.085583953657189,1.3190551275389784,0.0
learned_error_driven_zeroed,2011_09_26/2011_09_26_drive_0039_sync,124,recovery,4,124,0000000124.png,1,1.2489662730055877,1.1501436210124532,0.0
learned_error_driven_zeroed,2011_09_26/2011_09_26_drive_0039_sync,124,recovery,4,124,0000000124.png,2,1.2113734072934688,0.7915071263608139,0.0
learned_error_driven_zeroed,2011_09_26/2011_09_26_drive_0039_sync,124,recovery,4,124,0000000124.png,3,2.450098496622629,1.4802594276148395,0.0
learned_error_driven_zeroed,2011_09_26/2011_09_26_drive_0039_sync,124,recovery,4,124,0000000124.png,4,3.7545129689577856,2.3659138589821342,0.0
learned_error_driven_zeroed,2011_09_26/2011_09_26_drive_0039_sync,124,recovery,4,124,0000000124.png,5,2.018789612235519,1.390068877771569,0.0
learned_error_driven_zeroed,2011_09_26/2011_09_26_drive_0039_sync,125,recovery,5,125,0000000125.png,1,1.2298411094947568,1.1294332803780942,0.0
learned_error_driven_zeroed,2011_09_26/2011_09_26_drive_0039_sync,125,recovery,5,125,0000000125.png,2,1.223798952162653,0.7965635419740785,0.0
learned_error_driven_zeroed,2011_09_26/2011_09_26_drive_0039_sync,125,recovery,5,125,0000000125.png,3,2.4635236851619404,1.5126608923957294,0.0
learned_error_driven_zeroed,2011_09_26/2011_09_26_drive_0039_sync,125,recovery,5,125,0000000125.png,4,3.7769602238396365,2.4560385456365554,0.0
learned_error_driven_zeroed,2011_09_26/2011_09_26_drive_0039_sync,125,recovery,5,125,0000000125.png,5,2.0375737583229903,1.4492020378420472,0.0
learned_error_driven_zeroed,2011_09_26/2011_09_26_drive_0039_sync,126,recovery,6,126,0000000126.png,1,1.2286686629549393,1.1103351722580912,0.0
learned_error_driven_zeroed,2011_09_26/2011_09_26_drive_0039_sync,126,recovery,6,126,0000000126.png,2,1.2165510293930946,0.789521755110277,0.0
learned_error_driven_zeroed,2011_09_26/2011_09_26_drive_0039_sync,126,recovery,6,126,0000000126.png,3,2.4572934549724748,1.49811889626512,0.0
learned_error_driven_zeroed,2011_09_26/2011_09_26_drive_0039_sync,126,recovery,6,126,0000000126.png,4,3.778081612569451,2.477825064827831,0.0
learned_error_driven_zeroed,2011_09_26/2011_09_26_drive_0039_sync,126,recovery,6,126,0000000126.png,5,2.0215468880742877,1.4868183431017463,0.0
learned_error_driven_zeroed,2011_09_26/2011_09_26_drive_0039_sync,127,recovery,7,127,0000000127.png,1,1.2336331675561139,1.1045447037275316,0.0
learned_error_driven_zeroed,2011_09_26/2011_09_26_drive_0039_sync,127,recovery,7,127,0000000127.png,2,1.2060103754914093,0.8018626233801512,0.0
learned_error_driven_zeroed,2011_09_26/2011_09_26_drive_0039_sync,127,recovery,7,127,0000000127.png,3,2.427177939071832,1.5280393468720093,0.0
learned_error_driven_zeroed,2011_09_26/2011_09_26_drive_0039_sync,127,recovery,7,127,0000000127.png,4,3.7500602390152675,2.532220863156175,0.0
learned_error_driven_zeroed,2011_09_26/2011_09_26_drive_0039_sync,127,recovery,7,127,0000000127.png,5,2.025513569973557,1.5258130621293535,0.0
learned_error_driven_zeroed,2011_09_26/2011_09_26_drive_0039_sync,128,recovery,8,128,0000000128.png,1,1.2355558158491193,1.1048032119189124,0.0
learned_error_driven_zeroed,2011_09_26/2011_09_26_drive_0039_sync,128,recovery,8,128,0000000128.png,2,1.177693383828511,0.8012537372118346,0.0
learned_error_driven_zeroed,2011_09_26/2011_09_26_drive_0039_sync,128,recovery,8,128,0000000128.png,3,2.3925074827805073,1.5317524799762283,0.0
learned_error_driven_zeroed,2011_09_26/2011_09_26_drive_0039_sync,128,recovery,8,128,0000000128.png,4,3.6972771102404423,2.5496368622777217,0.0
learned_error_driven_zeroed,2011_09_26/2011_09_26_drive_0039_sync,128,recovery,8,128,0000000128.png,5,2.019150835894557,1.5549404733042846,0.0
learned_error_driven_zeroed,2011_09_26/2011_09_26_drive_0039_sync,129,recovery,9,129,0000000129.png,1,1.2354565212906576,1.0985703924402357,0.0
learned_error_driven_zeroed,2011_09_26/2011_09_26_drive_0039_sync,129,recovery,9,129,0000000129.png,2,1.164366883714657,0.7869464114317999,0.0
learned_error_driven_zeroed,2011_09_26/2011_09_26_drive_0039_sync,129,recovery,9,129,0000000129.png,3,2.3872952363115583,1.492437061876849,0.0
learned_error_driven_zeroed,2011_09_26/2011_09_26_drive_0039_sync,129,recovery,9,129,0000000129.png,4,3.6863070078602687,2.491478434399697,0.0
learned_error_driven_zeroed,2011_09_26/2011_09_26_drive_0039_sync,129,recovery,9,129,0000000129.png,5,2.0089406684567943,1.5611389342841813,0.0
learned_error_driven_zeroed,2011_09_26/2011_09_26_drive_0039_sync,130,recovery,10,130,0000000130.png,1,1.2430842326893796,1.1007798164771032,0.0
learned_error_driven_zeroed,2011_09_26/2011_09_26_drive_0039_sync,130,recovery,10,130,0000000130.png,2,1.1621527034936379,0.7923044588251351,0.0
learned_error_driven_zeroed,2011_09_26/2011_09_26_drive_0039_sync,130,recovery,10,130,0000000130.png,3,2.3695723017508588,1.503642580770951,0.0
learned_error_driven_zeroed,2011_09_26/2011_09_26_drive_0039_sync,130,recovery,10,130,0000000130.png,4,3.674206847565724,2.494186649383,0.0
learned_error_driven_zeroed,2011_09_26/2011_09_26_drive_0039_sync,130,recovery,10,130,0000000130.png,5,1.991939851869666,1.5723595924737428,0.0
learned_error_driven_zeroed,2011_09_26/2011_09_26_drive_0039_sync,131,recovery,11,131,0000000131.png,1,1.254244756860206,1.109058090871837,0.0
learned_error_driven_zeroed,2011_09_26/2011_09_26_drive_0039_sync,131,recovery,11,131,0000000131.png,2,1.1589088125039768,0.7944558427262441,0.0
learned_error_driven_zeroed,2011_09_26/2011_09_26_drive_0039_sync,131,recovery,11,131,0000000131.png,3,2.3554082593282706,1.5255547358966188,0.0
learned_error_driven_zeroed,2011_09_26/2011_09_26_drive_0039_sync,131,recovery,11,131,0000000131.png,4,3.646429157178132,2.5366295656276994,0.0
learned_error_driven_zeroed,2011_09_26/2011_09_26_drive_0039_sync,131,recovery,11,131,0000000131.png,5,1.9877182341993294,1.5898712659025092,0.0
learned_error_driven_zeroed,2011_09_26/2011_09_26_drive_0039_sync,132,recovery,12,132,0000000132.png,1,1.2669154721155005,1.1142728654747327,0.0
learned_error_driven_zeroed,2011_09_26/2011_09_26_drive_0039_sync,132,recovery,12,132,0000000132.png,2,1.161687458441839,0.7886678164492067,0.0
learned_error_driven_zeroed,2011_09_26/2011_09_26_drive_0039_sync,132,recovery,12,132,0000000132.png,3,2.3443659882754786,1.5104935749062394,0.0
learned_error_driven_zeroed,2011_09_26/2011_09_26_drive_0039_sync,132,recovery,12,132,0000000132.png,4,3.642285352364408,2.5376157912018997,0.0
learned_error_driven_zeroed,2011_09_26/2011_09_26_drive_0039_sync,132,recovery,12,132,0000000132.png,5,1.9942441828995103,1.6005433084573815,0.0
learned_error_driven_zeroed,2011_09_26/2011_09_26_drive_0039_sync,133,recovery,13,133,0000000133.png,1,1.2648859326981763,1.1197273980320717,0.0
learned_error_driven_zeroed,2011_09_26/2011_09_26_drive_0039_sync,133,recovery,13,133,0000000133.png,2,1.1576440903594312,0.791702970259197,0.0
learned_error_driven_zeroed,2011_09_26/2011_09_26_drive_0039_sync,133,recovery,13,133,0000000133.png,3,2.3223842869493048,1.516248085269813,0.0
learned_error_driven_zeroed,2011_09_26/2011_09_26_drive_0039_sync,133,recovery,13,133,0000000133.png,4,3.573722795346343,2.5383691401984616,0.0
learned_error_driven_zeroed,2011_09_26/2011_09_26_drive_0039_sync,133,recovery,13,133,0000000133.png,5,1.9588590167924453,1.6027521283772586,0.0
learned_error_driven_zeroed,2011_09_26/2011_09_26_drive_0039_sync,134,recovery,14,134,0000000134.png,1,1.2663371484733883,1.1266369683665325,0.0
learned_error_driven_zeroed,2011_09_26/2011_09_26_drive_0039_sync,134,recovery,14,134,0000000134.png,2,1.1644065372018877,0.8028633804544374,0.0
learned_error_driven_zeroed,2011_09_26/2011_09_26_drive_0039_sync,134,recovery,14,134,0000000134.png,3,2.3379309525193017,1.539984262684019,0.0
learned_error_driven_zeroed,2011_09_26/2011_09_26_drive_0039_sync,134,recovery,14,134,0000000134.png,4,3.600559062850177,2.5634824335311914,0.0
learned_error_driven_zeroed,2011_09_26/2011_09_26_drive_0039_sync,134,recovery,14,134,0000000134.png,5,1.9761824124511906,1.6132025294292185,0.0
learned_error_driven_zeroed,2011_09_26/2011_09_26_drive_0039_sync,135,recovery,15,135,0000000135.png,1,1.2629886407292272,1.1319582004235036,0.0
learned_error_driven_zeroed,2011_09_26/2011_09_26_drive_0039_sync,135,recovery,15,135,0000000135.png,2,1.1676837474740303,0.8143959163200651,0.0
learned_error_driven_zeroed,2011_09_26/2011_09_26_drive_0039_sync,135,recovery,15,135,0000000135.png,3,2.3317183913940163,1.5642041547722578,0.0
learned_error_driven_zeroed,2011_09_26/2011_09_26_drive_0039_sync,135,recovery,15,135,0000000135.png,4,3.568937572439658,2.588503186911046,0.0
learned_error_driven_zeroed,2011_09_26/2011_09_26_drive_0039_sync,135,recovery,15,135,0000000135.png,5,1.951809327482858,1.6209468452022762,0.0
learned_error_driven_zeroed,2011_09_26/2011_09_26_drive_0039_sync,136,recovery,16,136,0000000136.png,1,1.2643510120576087,1.1329390949222256,0.0
learned_error_driven_zeroed,2011_09_26/2011_09_26_drive_0039_sync,136,recovery,16,136,0000000136.png,2,1.1827022255684567,0.8172166044765871,0.0
learned_error_driven_zeroed,2011_09_26/2011_09_26_drive_0039_sync,136,recovery,16,136,0000000136.png,3,2.371036650751201,1.577359202739878,0.0
learned_error_driven_zeroed,2011_09_26/2011_09_26_drive_0039_sync,136,recovery,16,136,0000000136.png,4,3.6316014231697995,2.6037803128352532,0.0
learned_error_driven_zeroed,2011_09_26/2011_09_26_drive_0039_sync,136,recovery,16,136,0000000136.png,5,1.9803556477005548,1.6306861869409521,0.0
learned_error_driven_zeroed,2011_09_26/2011_09_26_drive_0039_sync,137,recovery,17,137,0000000137.png,1,1.2635856695410865,1.1331957504626289,0.0
learned_error_driven_zeroed,2011_09_26/2011_09_26_drive_0039_sync,137,recovery,17,137,0000000137.png,2,1.1886390917273237,0.8227126796286311,0.0
learned_error_driven_zeroed,2011_09_26/2011_09_26_drive_0039_sync,137,recovery,17,137,0000000137.png,3,2.393749115386919,1.592669910542486,0.0
learned_error_driven_zeroed,2011_09_26/2011_09_26_drive_0039_sync,137,recovery,17,137,0000000137.png,4,3.668735874265672,2.627539011443472,0.0
learned_error_driven_zeroed,2011_09_26/2011_09_26_drive_0039_sync,137,recovery,17,137,0000000137.png,5,2.01150156077007,1.6456361322600275,0.0
learned_error_driven_zeroed,2011_09_26/2011_09_26_drive_0039_sync,138,recovery,18,138,0000000138.png,1,1.2620294418448075,1.130641244533552,0.0
learned_error_driven_zeroed,2011_09_26/2011_09_26_drive_0039_sync,138,recovery,18,138,0000000138.png,2,1.2009650977879367,0.8221412865094855,0.0
learned_error_driven_zeroed,2011_09_26/2011_09_26_drive_0039_sync,138,recovery,18,138,0000000138.png,3,2.4243953003902377,1.5894786809029455,0.0
learned_error_driven_zeroed,2011_09_26/2011_09_26_drive_0039_sync,138,recovery,18,138,0000000138.png,4,3.710001158609969,2.632858857582351,0.0
learned_error_driven_zeroed,2011_09_26/2011_09_26_drive_0039_sync,138,recovery,18,138,0000000138.png,5,2.03457742196477,1.653562534890404,0.0
learned_error_driven_zeroed,2011_09_26/2011_09_26_drive_0039_sync,139,recovery,19,139,0000000139.png,1,1.2599520623394662,1.1254181987506116,0.0
learned_error_driven_zeroed,2011_09_26/2011_09_26_drive_0039_sync,139,recovery,19,139,0000000139.png,2,1.2096629222540602,0.8229482371519209,0.0
learned_error_driven_zeroed,2011_09_26/2011_09_26_drive_0039_sync,139,recovery,19,139,0000000139.png,3,2.4496820775244132,1.588178279528635,0.0
learned_error_driven_zeroed,2011_09_26/2011_09_26_drive_0039_sync,139,recovery,19,139,0000000139.png,4,3.7577684151483726,2.6327013197005753,0.0
learned_error_driven_zeroed,2011_09_26/2011_09_26_drive_0039_sync,139,recovery,19,139,0000000139.png,5,1.9976168711412563,1.6494964393754878,0.0
learned_error_driven_zeroed,2011_09_26/2011_09_26_drive_0039_sync,140,recovery,20,140,0000000140.png,1,1.2723219913433552,1.1220000279964943,0.0
learned_error_driven_zeroed,2011_09_26/2011_09_26_drive_0039_sync,140,recovery,20,140,0000000140.png,2,1.223203188224661,0.8262796011890208,0.0
learned_error_driven_zeroed,2011_09_26/2011_09_26_drive_0039_sync,140,recovery,20,140,0000000140.png,3,2.480329453070773,1.5942513743201074,0.0
learned_error_driven_zeroed,2011_09_26/2011_09_26_drive_0039_sync,140,recovery,20,140,0000000140.png,4,3.812598380733418,2.638901665626987,0.0
learned_error_driven_zeroed,2011_09_26/2011_09_26_drive_0039_sync,140,recovery,20,140,0000000140.png,5,2.0241654058205225,1.6469863720399782,0.0
learned_error_driven_zeroed,2011_09_26/2011_09_26_drive_0039_sync,141,recovery,21,141,0000000141.png,1,1.278461637035994,1.1178578251900348,0.0
learned_error_driven_zeroed,2011_09_26/2011_09_26_drive_0039_sync,141,recovery,21,141,0000000141.png,2,1.2294517363730308,0.8265810262022508,0.0
learned_error_driven_zeroed,2011_09_26/2011_09_26_drive_0039_sync,141,recovery,21,141,0000000141.png,3,2.4888102312079665,1.5938656718127187,0.0
learned_error_driven_zeroed,2011_09_26/2011_09_26_drive_0039_sync,141,recovery,21,141,0000000141.png,4,3.8245391738303582,2.6364319713150683,0.0
learned_error_driven_zeroed,2011_09_26/2011_09_26_drive_0039_sync,141,recovery,21,141,0000000141.png,5,2.0276366683917435,1.6396495573036536,0.0
learned_error_driven_zeroed,2011_09_26/2011_09_26_drive_0039_sync,142,recovery,22,142,0000000142.png,1,1.282038236103054,1.1143226009616993,0.0
learned_error_driven_zeroed,2011_09_26/2011_09_26_drive_0039_sync,142,recovery,22,142,0000000142.png,2,1.2327267134396085,0.8292792629496639,0.0
learned_error_driven_zeroed,2011_09_26/2011_09_26_drive_0039_sync,142,recovery,22,142,0000000142.png,3,2.5054993241695875,1.602726106343316,0.0
learned_error_driven_zeroed,2011_09_26/2011_09_26_drive_0039_sync,142,recovery,22,142,0000000142.png,4,3.8499551652566515,2.641682750321206,0.0
learned_error_driven_zeroed,2011_09_26/2011_09_26_drive_0039_sync,142,recovery,22,142,0000000142.png,5,2.0428959210098236,1.6312605710735217,0.0
learned_error_driven_zeroed,2011_09_26/2011_09_26_drive_0039_sync,143,recovery,23,143,0000000143.png,1,1.2840909451059754,1.1132509699645181,0.0
learned_error_driven_zeroed,2011_09_26/2011_09_26_drive_0039_sync,143,recovery,23,143,0000000143.png,2,1.2391671799832573,0.8364637347795927,0.0
learned_error_driven_zeroed,2011_09_26/2011_09_26_drive_0039_sync,143,recovery,23,143,0000000143.png,3,2.5136187529029255,1.628533758846239,0.0
learned_error_driven_zeroed,2011_09_26/2011_09_26_drive_0039_sync,143,recovery,23,143,0000000143.png,4,3.859336927892713,2.6740595082179808,0.0
learned_error_driven_zeroed,2011_09_26/2011_09_26_drive_0039_sync,143,recovery,23,143,0000000143.png,5,2.032378739431869,1.6311566166357103,0.0
learned_error_driven_zeroed,2011_09_26/2011_09_26_drive_0039_sync,144,recovery,24,144,0000000144.png,1,1.2918837580496287,1.113435772804434,0.0
learned_error_driven_zeroed,2011_09_26/2011_09_26_drive_0039_sync,144,recovery,24,144,0000000144.png,2,1.233284347131661,0.8363964959772209,0.0
learned_error_driven_zeroed,2011_09_26/2011_09_26_drive_0039_sync,144,recovery,24,144,0000000144.png,3,2.4974472947144046,1.6393858073682739,0.0
learned_error_driven_zeroed,2011_09_26/2011_09_26_drive_0039_sync,144,recovery,24,144,0000000144.png,4,3.872060182800965,2.6977677818188956,0.0
learned_error_driven_zeroed,2011_09_26/2011_09_26_drive_0039_sync,144,recovery,24,144,0000000144.png,5,2.030049270318175,1.6324927373040774,0.0
learned_error_driven_zeroed,2011_09_26/2011_09_26_drive_0039_sync,145,recovery,25,145,0000000145.png,1,1.299191247936522,1.1185168128875063,0.0
learned_error_driven_zeroed,2011_09_26/2011_09_26_drive_0039_sync,145,recovery,25,145,0000000145.png,2,1.2306199394021609,0.8418308612734325,0.0
learned_error_driven_zeroed,2011_09_26/2011_09_26_drive_0039_sync,145,recovery,25,145,0000000145.png,3,2.497190598248545,1.655141842661499,0.0
learned_error_driven_zeroed,2011_09_26/2011_09_26_drive_0039_sync,145,recovery,25,145,0000000145.png,4,3.889458205200886,2.726567909460954,0.0
learned_error_driven_zeroed,2011_09_26/2011_09_26_drive_0039_sync,145,recovery,25,145,0000000145.png,5,2.084091423851183,1.6486952917190956,0.0
learned_error_driven_zeroed,2011_09_26/2011_09_26_drive_0039_sync,146,recovery,26,146,0000000146.png,1,1.3008606284029673,1.126114126689339,0.0
learned_error_driven_zeroed,2011_09_26/2011_09_26_drive_0039_sync,146,recovery,26,146,0000000146.png,2,1.2303871342956196,0.8441664259102578,0.0
learned_error_driven_zeroed,2011_09_26/2011_09_26_drive_0039_sync,146,recovery,26,146,0000000146.png,3,2.502888489286036,1.662463915714132,0.0
learned_error_driven_zeroed,2011_09_26/2011_09_26_drive_0039_sync,146,recovery,26,146,0000000146.png,4,3.9128391969124805,2.745300349680007,0.0
learned_error_driven_zeroed,2011_09_26/2011_09_26_drive_0039_sync,146,recovery,26,146,0000000146.png,5,2.0763198279526245,1.6569648868298628,0.0
learned_error_driven_zeroed,2011_09_26/2011_09_26_drive_0039_sync,147,recovery,27,147,0000000147.png,1,1.2891431144622985,1.129993647891393,0.0
learned_error_driven_zeroed,2011_09_26/2011_09_26_drive_0039_sync,147,recovery,27,147,0000000147.png,2,1.2295311242995837,0.8443921070556448,0.0
learned_error_driven_zeroed,2011_09_26/2011_09_26_drive_0039_sync,147,recovery,27,147,0000000147.png,3,2.4982914937837064,1.6626706021479758,0.0
learned_error_driven_zeroed,2011_09_26/2011_09_26_drive_0039_sync,147,recovery,27,147,0000000147.png,4,3.8877046963169954,2.751180382147753,0.0
learned_error_driven_zeroed,2011_09_26/2011_09_26_drive_0039_sync,147,recovery,27,147,0000000147.png,5,2.0762149681921467,1.6609943505180942,0.0
learned_error_driven_zeroed,2011_09_26/2011_09_26_drive_0039_sync,148,recovery,28,148,0000000148.png,1,1.2759362872834528,1.1311932050608557,0.0
learned_error_driven_zeroed,2011_09_26/2011_09_26_drive_0039_sync,148,recovery,28,148,0000000148.png,2,1.2293933373355865,0.8496766907177837,0.0
learned_error_driven_zeroed,2011_09_26/2011_09_26_drive_0039_sync,148,recovery,28,148,0000000148.png,3,2.4962091515238973,1.675947587176118,0.0
learned_error_driven_zeroed,2011_09_26/2011_09_26_drive_0039_sync,148,recovery,28,148,0000000148.png,4,3.91517677945318,2.774636026239512,0.0
learned_error_driven_zeroed,2011_09_26/2011_09_26_drive_0039_sync,148,recovery,28,148,0000000148.png,5,2.1025837872497797,1.671233163484844,0.0
learned_error_driven_zeroed,2011_09_26/2011_09_26_drive_0039_sync,149,recovery,29,149,0000000149.png,1,1.273236009626993,1.1279873981336916,0.0
learned_error_driven_zeroed,2011_09_26/2011_09_26_drive_0039_sync,149,recovery,29,149,0000000149.png,2,1.2265858678242698,0.8406049632788123,0.0
learned_error_driven_zeroed,2011_09_26/2011_09_26_drive_0039_sync,149,recovery,29,149,0000000149.png,3,2.4906059784387575,1.6630868224533462,0.0
learned_error_driven_zeroed,2011_09_26/2011_09_26_drive_0039_sync,149,recovery,29,149,0000000149.png,4,3.917669560678257,2.7736775771106386,0.0
learned_error_driven_zeroed,2011_09_26/2011_09_26_drive_0039_sync,149,recovery,29,149,0000000149.png,5,2.1319910233339465,1.680008843894762,0.0
learned_error_driven_zeroed,2011_09_26/2011_09_26_drive_0039_sync,150,recovery,30,150,0000000150.png,1,1.2630082500378585,1.1236061594237605,0.0
learned_error_driven_zeroed,2011_09_26/2011_09_26_drive_0039_sync,150,recovery,30,150,0000000150.png,2,1.2225796300361067,0.8360109469095498,0.0
learned_error_driven_zeroed,2011_09_26/2011_09_26_drive_0039_sync,150,recovery,30,150,0000000150.png,3,2.4722916286248564,1.6512405289230556,0.0
learned_error_driven_zeroed,2011_09_26/2011_09_26_drive_0039_sync,150,recovery,30,150,0000000150.png,4,3.872309204624547,2.760126736047841,0.0
learned_error_driven_zeroed,2011_09_26/2011_09_26_drive_0039_sync,150,recovery,30,150,0000000150.png,5,2.0739121089667774,1.675055712542806,0.0
learned_error_driven_zeroed,2011_09_26/2011_09_26_drive_0039_sync,151,recovery,31,151,0000000151.png,1,1.246147946867581,1.1174144402916428,0.0
learned_error_driven_zeroed,2011_09_26/2011_09_26_drive_0039_sync,151,recovery,31,151,0000000151.png,2,1.212441794245731,0.8371920283895505,0.0
learned_error_driven_zeroed,2011_09_26/2011_09_26_drive_0039_sync,151,recovery,31,151,0000000151.png,3,2.455197986084483,1.6508952974851803,0.0
learned_error_driven_zeroed,2011_09_26/2011_09_26_drive_0039_sync,151,recovery,31,151,0000000151.png,4,3.8552090556087912,2.7601929542451886,0.0
learned_error_driven_zeroed,2011_09_26/2011_09_26_drive_0039_sync,151,recovery,31,151,0000000151.png,5,2.087809729507546,1.678098949527887,0.0
learned_error_driven_zeroed,2011_09_26/2011_09_26_drive_0039_sync,152,recovery,32,152,0000000152.png,1,1.223402194040322,1.1062253559850308,0.0
learned_error_driven_zeroed,2011_09_26/2011_09_26_drive_0039_sync,152,recovery,32,152,0000000152.png,2,1.2083236638122463,0.8362599484027288,0.0
learned_error_driven_zeroed,2011_09_26/2011_09_26_drive_0039_sync,152,recovery,32,152,0000000152.png,3,2.450566004838405,1.646016317319692,0.0
learned_error_driven_zeroed,2011_09_26/2011_09_26_drive_0039_sync,152,recovery,32,152,0000000152.png,4,3.8481376603396167,2.7545620216306625,0.0
learned_error_driven_zeroed,2011_09_26/2011_09_26_drive_0039_sync,152,recovery,32,152,0000000152.png,5,2.0901713218122113,1.6768898299472883,0.0
learned_error_driven_zeroed,2011_09_26/2011_09_26_drive_0039_sync,153,recovery,33,153,0000000153.png,1,1.196163433749508,1.0890887077687348,0.0
learned_error_driven_zeroed,2011_09_26/2011_09_26_drive_0039_sync,153,recovery,33,153,0000000153.png,2,1.2111562915702478,0.8371661473737531,0.0
learned_error_driven_zeroed,2011_09_26/2011_09_26_drive_0039_sync,153,recovery,33,153,0000000153.png,3,2.4487294444075434,1.645633538421127,0.0
learned_error_driven_zeroed,2011_09_26/2011_09_26_drive_0039_sync,153,recovery,33,153,0000000153.png,4,3.870535257235704,2.755046432076409,0.0
learned_error_driven_zeroed,2011_09_26/2011_09_26_drive_0039_sync,153,recovery,33,153,0000000153.png,5,2.113019520038107,1.676087680095025,0.0
learned_error_driven_zeroed,2011_09_26/2011_09_26_drive_0039_sync,154,recovery,34,154,0000000154.png,1,1.175416877848659,1.069086071490484,0.0
learned_error_driven_zeroed,2011_09_26/2011_09_26_drive_0039_sync,154,recovery,34,154,0000000154.png,2,1.1982685590809627,0.8338615142523208,0.0
learned_error_driven_zeroed,2011_09_26/2011_09_26_drive_0039_sync,154,recovery,34,154,0000000154.png,3,2.4265789016414483,1.6379873187432807,0.0
learned_error_driven_zeroed,2011_09_26/2011_09_26_drive_0039_sync,154,recovery,34,154,0000000154.png,4,3.8026890698164464,2.7430086597353416,0.0
learned_error_driven_zeroed,2011_09_26/2011_09_26_drive_0039_sync,154,recovery,34,154,0000000154.png,5,2.072344322228562,1.6668792582235086,0.0
learned_error_driven_zeroed,2011_09_26/2011_09_26_drive_0039_sync,155,recovery,35,155,0000000155.png,1,1.1722426688141188,1.0530783658133809,0.0
learned_error_driven_zeroed,2011_09_26/2011_09_26_drive_0039_sync,155,recovery,35,155,0000000155.png,2,1.1864774961734468,0.8295166498521935,0.0
learned_error_driven_zeroed,2011_09_26/2011_09_26_drive_0039_sync,155,recovery,35,155,0000000155.png,3,2.401287126212362,1.6317156908768573,0.0
learned_error_driven_zeroed,2011_09_26/2011_09_26_drive_0039_sync,155,recovery,35,155,0000000155.png,4,3.779274818291632,2.734005222886305,0.0
learned_error_driven_zeroed,2011_09_26/2011_09_26_drive_0039_sync,155,recovery,35,155,0000000155.png,5,2.1137104741303556,1.6703452922587496,0.0
learned_error_driven_zeroed,2011_09_26/2011_09_26_drive_0039_sync,156,recovery,36,156,0000000156.png,1,1.1724718502297444,1.0411906935525668,0.0
learned_error_driven_zeroed,2011_09_26/2011_09_26_drive_0039_sync,156,recovery,36,156,0000000156.png,2,1.187111747965377,0.8246255534063315,0.0
learned_error_driven_zeroed,2011_09_26/2011_09_26_drive_0039_sync,156,recovery,36,156,0000000156.png,3,2.398063324952313,1.6253964754226493,0.0
learned_error_driven_zeroed,2011_09_26/2011_09_26_drive_0039_sync,156,recovery,36,156,0000000156.png,4,3.763191418532242,2.724500709761953,0.0
learned_error_driven_zeroed,2011_09_26/2011_09_26_drive_0039_sync,156,recovery,36,156,0000000156.png,5,2.073578805784477,1.6702923311232891,0.0
learned_error_driven_zeroed,2011_09_26/2011_09_26_drive_0039_sync,157,recovery,37,157,0000000157.png,1,1.1705240568293158,1.0331186018766831,0.0
learned_error_driven_zeroed,2011_09_26/2011_09_26_drive_0039_sync,157,recovery,37,157,0000000157.png,2,1.1979348471543103,0.8266559682825406,0.0
learned_error_driven_zeroed,2011_09_26/2011_09_26_drive_0039_sync,157,recovery,37,157,0000000157.png,3,2.4177262102505526,1.6291372283138394,0.0
learned_error_driven_zeroed,2011_09_26/2011_09_26_drive_0039_sync,157,recovery,37,157,0000000157.png,4,3.7948431726320324,2.7266806794794785,0.0
learned_error_driven_zeroed,2011_09_26/2011_09_26_drive_0039_sync,157,recovery,37,157,0000000157.png,5,2.0625786035300395,1.6705310531221482,0.0
learned_error_driven_zeroed,2011_09_26/2011_09_26_drive_0039_sync,158,recovery,38,158,0000000158.png,1,1.16307282322638,1.0269053769267238,0.0
learned_error_driven_zeroed,2011_09_26/2011_09_26_drive_0039_sync,158,recovery,38,158,0000000158.png,2,1.2021515667568976,0.8253324185395097,0.0
learned_error_driven_zeroed,2011_09_26/2011_09_26_drive_0039_sync,158,recovery,38,158,0000000158.png,3,2.417139246751796,1.625262262953951,0.0
learned_error_driven_zeroed,2011_09_26/2011_09_26_drive_0039_sync,158,recovery,38,158,0000000158.png,4,3.7620247550909327,2.7208259969697512,0.0
learned_error_driven_zeroed,2011_09_26/2011_09_26_drive_0039_sync,158,recovery,38,158,0000000158.png,5,2.0610467311839873,1.6723312312239629,0.0
learned_error_driven_zeroed,2011_09_26/2011_09_26_drive_0039_sync,159,recovery,39,159,0000000159.png,1,1.1554527965565347,1.014676845135593,0.0
learned_error_driven_zeroed,2011_09_26/2011_09_26_drive_0039_sync,159,recovery,39,159,0000000159.png,2,1.2174158849710803,0.8145510491515705,0.0
learned_error_driven_zeroed,2011_09_26/2011_09_26_drive_0039_sync,159,recovery,39,159,0000000159.png,3,2.438351434910944,1.5907815809304269,0.0
learned_error_driven_zeroed,2011_09_26/2011_09_26_drive_0039_sync,159,recovery,39,159,0000000159.png,4,3.7601894317488647,2.6721782422257125,0.0
learned_error_driven_zeroed,2011_09_26/2011_09_26_drive_0039_sync,159,recovery,39,159,0000000159.png,5,2.069544447667021,1.666342445985687,0.0
learned_error_driven,2011_09_26/2011_09_26_drive_0011_sync,0,baseline,0,0,0000000000.png,1,0.0,0.0,0.0
learned_error_driven,2011_09_26/2011_09_26_drive_0011_sync,0,baseline,0,0,0000000000.png,2,0.0,0.0,0.0
learned_error_driven,2011_09_26/2011_09_26_drive_0011_sync,0,baseline,0,0,0000000000.png,3,0.0,0.0,0.0
learned_error_driven,2011_09_26/2011_09_26_drive_0011_sync,0,baseline,0,0,0000000000.png,4,0.0,0.0,0.0
learned_error_driven,2011_09_26/2011_09_26_drive_0011_sync,0,baseline,0,0,0000000000.png,5,0.0,0.0,0.0
learned_error_driven,2011_09_26/2011_09_26_drive_0011_sync,1,baseline,1,1,0000000001.png,1,0.9593017275309975,0.19857545976478316,0.0
learned_error_driven,2011_09_26/2011_09_26_drive_0011_sync,1,baseline,1,1,0000000001.png,2,1.6688447264724209,0.3454508621483345,0.0
learned_error_driven,2011_09_26/2011_09_26_drive_0011_sync,1,baseline,1,1,0000000001.png,3,2.646065654681095,0.5477355964325946,0.0
learned_error_driven,2011_09_26/2011_09_26_drive_0011_sync,1,baseline,1,1,0000000001.png,4,3.1395361156434043,0.6498839829692746,0.0
learned_error_driven,2011_09_26/2011_09_26_drive_0011_sync,1,baseline,1,1,0000000001.png,5,1.3008216787643947,0.26927009041413213,0.0
learned_error_driven,2011_09_26/2011_09_26_drive_0011_sync,2,baseline,2,2,0000000002.png,1,1.1631027009388941,0.30806903473484526,0.0
learned_error_driven,2011_09_26/2011_09_26_drive_0011_sync,2,baseline,2,2,0000000002.png,2,1.545023745351023,0.48072861234822306,0.0
learned_error_driven,2011_09_26/2011_09_26_drive_0011_sync,2,baseline,2,2,0000000002.png,3,2.622338021965779,0.7830306103821612,0.0
learned_error_driven,2011_09_26/2011_09_26_drive_0011_sync,2,baseline,2,2,0000000002.png,4,3.178918980796524,0.9649904595999026,0.0
learned_error_driven,2011_09_26/2011_09_26_drive_0011_sync,2,baseline,2,2,0000000002.png,5,1.356767706082521,0.45201530967575027,0.0
learned_error_driven,2011_09_26/2011_09_26_drive_0011_sync,3,baseline,3,3,0000000003.png,1,1.056535862337919,0.37068644854253185,0.0
learned_error_driven,2011_09_26/2011_09_26_drive_0011_sync,3,baseline,3,3,0000000003.png,2,1.472146044563434,0.5322997246854436,0.0
learned_error_driven,2011_09_26/2011_09_26_drive_0011_sync,3,baseline,3,3,0000000003.png,3,2.564650309911242,0.9005941503673464,0.0
learned_error_driven,2011_09_26/2011_09_26_drive_0011_sync,3,baseline,3,3,0000000003.png,4,3.154849704068582,1.1508110784270889,0.0
learned_error_driven,2011_09_26/2011_09_26_drive_0011_sync,3,baseline,3,3,0000000003.png,5,1.3872744035363755,0.5760922403651783,0.0
learned_error_driven,2011_09_26/2011_09_26_drive_0011_sync,4,baseline,4,4,0000000004.png,1,1.0211730228905922,0.40297583433773365,0.0
learned_error_driven,2011_09_26/2011_09_26_drive_0011_sync,4,baseline,4,4,0000000004.png,2,1.4231639964353153,0.5465640810153498,0.0
learned_error_driven,2011_09_26/2011_09_26_drive_0011_sync,4,baseline,4,4,0000000004.png,3,2.507241871525139,0.957210416673992,0.0
learned_error_driven,2011_09_26/2011_09_26_drive_0011_sync,4,baseline,4,4,0000000004.png,4,3.1393668162718886,1.270145562952747,0.0
learned_error_driven,2011_09_26/2011_09_26_drive_0011_sync,4,baseline,4,4,0000000004.png,5,1.3710716371668077,0.6584281338052554,0.0
learned_error_driven,2011_09_26/2011_09_26_drive_0011_sync,5,baseline,5,5,0000000005.png,1,0.9471343916603714,0.4043122892930332,0.0
learned_error_driven,2011_09_26/2011_09_26_drive_0011_sync,5,baseline,5,5,0000000005.png,2,1.3638918722233544,0.5427677134164303,0.0
learned_error_driven,2011_09_26/2011_09_26_drive_0011_sync,5,baseline,5,5,0000000005.png,3,2.432906920750925,0.9809306687409984,0.0
learned_error_driven,2011_09_26/2011_09_26_drive_0011_sync,5,baseline,5,5,0000000005.png,4,3.066261565133487,1.3362660587344675,0.0
learned_error_driven,2011_09_26/2011_09_26_drive_0011_sync,5,baseline,5,5,0000000005.png,5,1.3138498743292253,0.7059864556250681,0.0
learned_error_driven,2011_09_26/2011_09_26_drive_0011_sync,6,baseline,6,6,0000000006.png,1,0.8446460431328965,0.3732786391927355,0.0
learned_error_driven,2011_09_26/2011_09_26_drive_0011_sync,6,baseline,6,6,0000000006.png,2,1.3521783381072987,0.5274478204353175,0.0
learned_error_driven,2011_09_26/2011_09_26_drive_0011_sync,6,baseline,6,6,0000000006.png,3,2.416127718406092,0.9765474318267594,0.0
learned_error_driven,2011_09_26/2011_09_26_drive_0011_sync,6,baseline,6,6,0000000006.png,4,3.103155933177258,1.3744877166194702,0.0
learned_error_driven,2011_09_26/2011_09_26_drive_0011_sync,6,baseline,6,6,0000000006.png,5,1.3374254425945622,0.745232027225472,0.0
learned_error_driven,2011_09_26/2011_09_26_drive_0011_sync,7,baseline,7,7,0000000007.png,1,0.7973679683999251,0.34046236762794624,0.0
learned_error_driven,2011_09_26/2011_09_26_drive_0011_sync,7,baseline,7,7,0000000007.png,2,1.2958752251803218,0.5178168255884985,0.0
learned_error_driven,2011_09_26/2011_09_26_drive_0011_sync,7,baseline,7,7,0000000007.png,3,2.3716420305325783,0.9757285083896791,0.0
learned_error_driven,2011_09_26/2011_09_26_drive_0011_sync,7,baseline,7,7,0000000007.png,4,3.0990465175923623,1.412880590034284,0.0
learned_error_driven,2011_09_26/2011_09_26_drive_0011_sync,7,baseline,7,7,0000000007.png,5,1.3185022607948707,0.773004918584007,0.0
learned_error_driven,2011_09_26/2011_09_26_drive_0011_sync,8,baseline,8,8,0000000008.png,1,0.8031312080499109,0.31699033854262804,0.0
learned_error_driven,2011_09_26/2011_09_26_drive_0011_sync,8,baseline,8,8,0000000008.png,2,1.2801900486619096,0.5052387762190104,0.0
learned_error_driven,2011_09_26/2011_09_26_drive_0011_sync,8,baseline,8,8,0000000008.png,3,2.35115275274784,0.9754940851882973,0.0
learned_error_driven,2011_09_26/2011_09_26_drive_0011_sync,8,baseline,8,8,0000000008.png,4,3.168926510473477,1.4621607224736444,0.0
learned_error_driven,2011_09_26/2011_09_26_drive_0011_sync,8,baseline,8,8,0000000008.png,5,1.350196458681642,0.8043020860570282,0.0
learned_error_driven,2011_09_26/2011_09_26_drive_0011_sync,9,baseline,9,9,0000000009.png,1,0.8084606208659619,0.29876277829547027,0.0
learned_error_driven,2011_09_26/2011_09_26_drive_0011_sync,9,baseline,9,9,0000000009.png,2,1.2605508614077567,0.4912547132581409,0.0
learned_error_driven,2011_09_26/2011_09_26_drive_0011_sync,9,baseline,9,9,0000000009.png,3,2.3242666171919106,0.9699216651629728,0.0
learned_error_driven,2011_09_26/2011_09_26_drive_0011_sync,9,baseline,9,9,0000000009.png,4,3.1237320972168305,1.4980860884525118,0.0
learned_error_driven,2011_09_26/2011_09_26_drive_0011_sync,9,baseline,9,9,0000000009.png,5,1.3279927543874137,0.831288234837481,0.0
learned_error_driven,2011_09_26/2011_09_26_drive_0011_sync,10,baseline,10,10,0000000010.png,1,0.8637937750590347,0.2842623886110227,0.0
learned_error_driven,2011_09_26/2011_09_26_drive_0011_sync,10,baseline,10,10,0000000010.png,2,1.2792385004889042,0.4767998834614314,0.0
learned_error_driven,2011_09_26/2011_09_26_drive_0011_sync,10,baseline,10,10,0000000010.png,3,2.3369049304479943,0.9569165667419797,0.0
learned_error_driven,2011_09_26/2011_09_26_drive_0011_sync,10,baseline,10,10,0000000010.png,4,3.113646824012169,1.5176053747567666,0.0
learned_error_driven,2011_09_26/2011_09_26_drive_0011_sync,10,baseline,10,10,0000000010.png,5,1.2818913936904233,0.8429927180558499,0.0
learned_error_driven,2011_09_26/2011_09_26_drive_0011_sync,11,baseline,11,11,0000000011.png,1,0.8364231653269371,0.2943159523983536,0.0
learned_error_driven,2011_09_26/2011_09_26_drive_0011_sync,11,baseline,11,11,0000000011.png,2,1.3068695219149697,0.4663577929813706,0.0
learned_error_driven,2011_09_26/2011_09_26_drive_0011_sync,11,baseline,11,11,0000000011.png,3,2.379226388506888,0.941087168777091,0.0
learned_error_driven,2011_09_26/2011_09_26_drive_0011_sync,11,baseline,11,11,0000000011.png,4,3.1367117096606694,1.5208247870506324,0.0
learned_error_driven,2011_09_26/2011_09_26_drive_0011_sync,11,baseline,11,11,0000000011.png,5,1.3110716851174395,0.8543566664997339,0.0
learned_error_driven,2011_09_26/2011_09_26_drive_0011_sync,12,baseline,12,12,0000000012.png,1,0.8117687271064866,0.3060870717600873,0.0
learned_error_driven,2011_09_26/2011_09_26_drive_0011_sync,12,baseline,12,12,0000000012.png,2,1.3119208607462653,0.4744748583716228,0.0
learned_error_driven,2011_09_26/2011_09_26_drive_0011_sync,12,baseline,12,12,0000000012.png,3,2.3970223379362254,0.9531235973114318,0.0
learned_error_driven,2011_09_26/2011_09_26_drive_0011_sync,12,baseline,12,12,0000000012.png,4,3.1234941728978503,1.5305698294472714,0.0
learned_error_driven,2011_09_26/2011_09_26_drive_0011_sync,12,baseline,12,12,0000000012.png,5,1.325794867855389,0.863992166664422,0.0
learned_error_driven,2011_09_26/2011_09_26_drive_0011_sync,13,baseline,13,13,0000000013.png,1,0.8109391490138624,0.31085036555431095,0.0
learned_error_driven,2011_09_26/2011_09_26_drive_0011_sync,13,baseline,13,13,0000000013.png,2,1.3078871864582289,0.4750509841265223,0.0
learned_error_driven,2011_09_26/2011_09_26_drive_0011_sync,13,baseline,13,13,0000000013.png,3,2.3708491456466625,0.9616406980909218,0.0
learned_error_driven,2011_09_26/2011_09_26_drive_0011_sync,13,baseline,13,13,0000000013.png,4,3.114475168597132,1.5357649332462548,0.0
learned_error_driven,2011_09_26/2011_09_26_drive_0011_sync,13,baseline,13,13,0000000013.png,5,1.3158318385392007,0.8639802376951764,0.0
learned_error_driven,2011_09_26/2011_09_26_drive_0011_sync,14,baseline,14,14,0000000014.png,1,0.8003133716186921,0.30299205240474303,0.0
learned_error_driven,2011_09_26/2011_09_26_drive_0011_sync,14,baseline,14,14,0000000014.png,2,1.3163278344210492,0.4672667232253797,0.0
learned_error_driven,2011_09_26/2011_09_26_drive_0011_sync,14,baseline,14,14,0000000014.png,3,2.3715628370185784,0.9534218849563657,0.0
learned_error_driven,2011_09_26/2011_09_26_drive_0011_sync,14,baseline,14,14,0000000014.png,4,3.1023387035815158,1.533157593871347,0.0
learned_error_driven,2011_09_26/2011_09_26_drive_0011_sync,14,baseline,14,14,0000000014.png,5,1.3619673701646327,0.8740737385859519,0.0
learned_error_driven,2011_09_26/2011_09_26_drive_0011_sync,15,baseline,15,15,0000000015.png,1,0.7987368227451915,0.29670398381320645,0.0
learned_error_driven,2011_09_26/2011_09_26_drive_0011_sync,15,baseline,15,15,0000000015.png,2,1.3074293257861178,0.46505573495778985,0.0
learned_error_driven,2011_09_26/2011_09_26_drive_0011_sync,15,baseline,15,15,0000000015.png,3,2.3827167482395,0.9541497880316128,0.0
learned_error_driven,2011_09_26/2011_09_26_drive_0011_sync,15,baseline,15,15,0000000015.png,4,3.0823608591253815,1.532275815626927,0.0
learned_error_driven,2011_09_26/2011_09_26_drive_0011_sync,15,baseline,15,15,0000000015.png,5,1.3648338626656764,0.8819525850476275,0.0
learned_error_driven,2011_09_26/2011_09_26_drive_0011_sync,16,baseline,16,16,0000000016.png,1,0.787241676841998,0.29221797064655075,0.0
learned_error_driven,2011_09_26/2011_09_26_drive_0011_sync,16,baseline,16,16,0000000016.png,2,1.276035857489907,0.46316757439275497,0.0
learned_error_driven,2011_09_26/2011_09_26_drive_0011_sync,16,baseline,16,16,0000000016.png,3,2.3099684916472305,0.9558752413531074,0.0
learned_error_driven,2011_09_26/2011_09_26_drive_0011_sync,16,baseline,16,16,0000000016.png,4,2.9718269576317837,1.5210268546659091,0.0
learned_error_driven,2011_09_26/2011_09_26_drive_0011_sync,16,baseline,16,16,0000000016.png,5,1.3100033542987104,0.8852283574949531,0.0
learned_error_driven,2011_09_26/2011_09_26_drive_0011_sync,17,baseline,17,17,0000000017.png,1,0.7992941073924708,0.28692988951463955,0.0
learned_error_driven,2011_09_26/2011_09_26_drive_0011_sync,17,baseline,17,17,0000000017.png,2,1.2702717440445075,0.45693257834632534,0.0
learned_error_driven,2011_09_26/2011_09_26_drive_0011_sync,17,baseline,17,17,0000000017.png,3,2.2906850568837522,0.9556472280787701,0.0
learned_error_driven,2011_09_26/2011_09_26_drive_0011_sync,17,baseline,17,17,0000000017.png,4,2.9756219607440935,1.5231443158467692,0.0
learned_error_driven,2011_09_26/2011_09_26_drive_0011_sync,17,baseline,17,17,0000000017.png,5,1.3103761326163959,0.895437534623797,0.0
learned_error_driven,2011_09_26/2011_09_26_drive_0011_sync,18,baseline,18,18,0000000018.png,1,0.7832684311373751,0.28077598082461863,0.0
learned_error_driven,2011_09_26/2011_09_26_drive_0011_sync,18,baseline,18,18,0000000018.png,2,1.2638046835522856,0.4544697574127188,0.0
learned_error_driven,2011_09_26/2011_09_26_drive_0011_sync,18,baseline,18,18,0000000018.png,3,2.3046586918335104,0.9581192472399143,0.0
learned_error_driven,2011_09_26/2011_09_26_drive_0011_sync,18,baseline,18,18,0000000018.png,4,2.9780075942807076,1.5304361125624568,0.0
learned_error_driven,2011_09_26/2011_09_26_drive_0011_sync,18,baseline,18,18,0000000018.png,5,1.3582566903987519,0.915613364452519,0.0
learned_error_driven,2011_09_26/2011_09_26_drive_0011_sync,19,baseline,19,19,0000000019.png,1,0.7802785240205152,0.26710856960469287,0.0
learned_error_driven,2011_09_26/2011_09_26_drive_0011_sync,19,baseline,19,19,0000000019.png,2,1.2719529930647149,0.44704594448337337,0.0
learned_error_driven,2011_09_26/2011_09_26_drive_0011_sync,19,baseline,19,19,0000000019.png,3,2.294993066580373,0.9476723311593903,0.0
learned_error_driven,2011_09_26/2011_09_26_drive_0011_sync,19,baseline,19,19,0000000019.png,4,2.9521495999288345,1.5253213736380182,0.0
learned_error_driven,2011_09_26/2011_09_26_drive_0011_sync,19,baseline,19,19,0000000019.png,5,1.3759712257013013,0.9384013078669384,0.0
learned_error_driven,2011_09_26/2011_09_26_drive_0011_sync,20,baseline,20,20,0000000020.png,1,0.713851732861047,0.25159658849881833,0.0
learned_error_driven,2011_09_26/2011_09_26_drive_0011_sync,20,baseline,20,20,0000000020.png,2,1.2025965560113332,0.4370828781658703,0.0
learned_error_driven,2011_09_26/2011_09_26_drive_0011_sync,20,baseline,20,20,0000000020.png,3,2.211491676208119,0.929557321727227,0.0
learned_error_driven,2011_09_26/2011_09_26_drive_0011_sync,20,baseline,20,20,0000000020.png,4,2.891938289263886,1.5172425971539671,0.0
learned_error_driven,2011_09_26/2011_09_26_drive_0011_sync,20,baseline,20,20,0000000020.png,5,1.390254613769121,0.9588831117622415,0.0
learned_error_driven,2011_09_26/2011_09_26_drive_0011_sync,21,baseline,21,21,0000000021.png,1,0.6974862311299048,0.2486653273042207,0.0
learned_error_driven,2011_09_26/2011_09_26_drive_0011_sync,21,baseline,21,21,0000000021.png,2,1.166939070506904,0.4348772732289025,0.0
learned_error_driven,2011_09_26/2011_09_26_drive_0011_sync,21,baseline,21,21,0000000021.png,3,2.17536591754692,0.933469658516429,0.0
learned_error_driven,2011_09_26/2011_09_26_drive_0011_sync,21,baseline,21,21,0000000021.png,4,2.8749542486121102,1.5258669162601188,0.0
learned_error_driven,2011_09_26/2011_09_26_drive_0011_sync,21,baseline,21,21,0000000021.png,5,1.36537613910368,0.979188826087701,0.0
learned_error_driven,2011_09_26/2011_09_26_drive_0011_sync,22,baseline,22,22,0000000022.png,1,0.720083103738281,0.24405183036762262,0.0
learned_error_driven,2011_09_26/2011_09_26_drive_0011_sync,22,baseline,22,22,0000000022.png,2,1.1830520835651337,0.42236493323011387,0.0
learned_error_driven,2011_09_26/2011_09_26_drive_0011_sync,22,baseline,22,22,0000000022.png,3,2.170411408593509,0.9242922102872767,0.0
learned_error_driven,2011_09_26/2011_09_26_drive_0011_sync,22,baseline,22,22,0000000022.png,4,2.813168335901218,1.5220077335009063,0.0
learned_error_driven,2011_09_26/2011_09_26_drive_0011_sync,22,baseline,22,22,0000000022.png,5,1.4137128282040567,1.0070768481663304,0.0
learned_error_driven,2011_09_26/2011_09_26_drive_0011_sync,23,baseline,23,23,0000000023.png,1,0.683297597678154,0.24510721402518887,0.0
learned_error_driven,2011_09_26/2011_09_26_drive_0011_sync,23,baseline,23,23,0000000023.png,2,1.1437720450310922,0.4263213530411029,0.0
learned_error_driven,2011_09_26/2011_09_26_drive_0011_sync,23,baseline,23,23,0000000023.png,3,2.143401893435232,0.9344700628525137,0.0
learned_error_driven,2011_09_26/2011_09_26_drive_0011_sync,23,baseline,23,23,0000000023.png,4,2.8269349184189334,1.5385357074785169,0.0
learned_error_driven,2011_09_26/2011_09_26_drive_0011_sync,23,baseline,23,23,0000000023.png,5,1.4611077446897591,1.0411463137452144,0.0
learned_error_driven,2011_09_26/2011_09_26_drive_0011_sync,24,baseline,24,24,0000000024.png,1,0.67393559069603,0.2409986497983501,0.0
learned_error_driven,2011_09_26/2011_09_26_drive_0011_sync,24,baseline,24,24,0000000024.png,2,1.124816973976474,0.4241644542890511,0.0
learned_error_driven,2011_09_26/2011_09_26_drive_0011_sync,24,baseline,24,24,0000000024.png,3,2.1151722374004835,0.9371201030426413,0.0
learned_error_driven,2011_09_26/2011_09_26_drive_0011_sync,24,baseline,24,24,0000000024.png,4,2.8300109788687147,1.556358935964356,0.0
learned_error_driven,2011_09_26/2011_09_26_drive_0011_sync,24,baseline,24,24,0000000024.png,5,1.4659195829336304,1.0722627602045771,0.0
learned_error_driven,2011_09_26/2011_09_26_drive_0011_sync,25,baseline,25,25,0000000025.png,1,0.658748418739049,0.23776968049592093,0.0
learned_error_driven,2011_09_26/2011_09_26_drive_0011_sync,25,baseline,25,25,0000000025.png,2,1.1274513646385467,0.410642250574203,0.0
learned_error_driven,2011_09_26/2011_09_26_drive_0011_sync,25,baseline,25,25,0000000025.png,3,2.099613035785473,0.9232914742358672,0.0
learned_error_driven,2011_09_26/2011_09_26_drive_0011_sync,25,baseline,25,25,0000000025.png,4,2.768862484837969,1.5551048141280277,0.0
learned_error_driven,2011_09_26/2011_09_26_drive_0011_sync,25,baseline,25,25,0000000025.png,5,1.445753009733279,1.0957711367562326,0.0
learned_error_driven,2011_09_26/2011_09_26_drive_0011_sync,26,baseline,26,26,0000000026.png,1,0.7085670176382352,0.241234389054043,0.0
learned_error_driven,2011_09_26/2011_09_26_drive_0011_sync,26,baseline,26,26,0000000026.png,2,1.1847947627944946,0.3952629969255558,0.0
learned_error_driven,2011_09_26/2011_09_26_drive_0011_sync,26,baseline,26,26,0000000026.png,3,2.1892627537709792,0.8876462154845218,0.0
learned_error_driven,2011_09_26/2011_09_26_drive_0011_sync,26,baseline,26,26,0000000026.png,4,2.850048475091676,1.5236918494078888,0.0
learned_error_driven,2011_09_26/2011_09_26_drive_0011_sync,26,baseline,26,26,0000000026.png,5,1.4446338825531095,1.1083127755128865,0.0
learned_error_driven,2011_09_26/2011_09_26_drive_0011_sync,27,baseline,27,27,0000000027.png,1,0.6376791749516881,0.2460535536521974,0.0
learned_error_driven,2011_09_26/2011_09_26_drive_0011_sync,27,baseline,27,27,0000000027.png,2,1.1297610228083803,0.40682534227838135,0.0
learned_error_driven,2011_09_26/2011_09_26_drive_0011_sync,27,baseline,27,27,0000000027.png,3,2.127880075870401,0.9018542523206999,0.0
learned_error_driven,2011_09_26/2011_09_26_drive_0011_sync,27,baseline,27,27,0000000027.png,4,2.8411924653949994,1.5419969718241346,0.0
learned_error_driven,2011_09_26/2011_09_26_drive_0011_sync,27,baseline,27,27,0000000027.png,5,1.502426115914406,1.1315384664961277,0.0
learned_error_driven,2011_09_26/2011_09_26_drive_0011_sync,28,baseline,28,28,0000000028.png,1,0.6667960252100543,0.2378677648467427,0.0
learned_error_driven,2011_09_26/2011_09_26_drive_0011_sync,28,baseline,28,28,0000000028.png,2,1.1537121466979419,0.3971005841711513,0.0
learned_error_driven,2011_09_26/2011_09_26_drive_0011_sync,28,baseline,28,28,0000000028.png,3,2.108463170641199,0.8887935975371384,0.0
learned_error_driven,2011_09_26/2011_09_26_drive_0011_sync,28,baseline,28,28,0000000028.png,4,2.7819345389335965,1.5446422000430071,0.0
learned_error_driven,2011_09_26/2011_09_26_drive_0011_sync,28,baseline,28,28,0000000028.png,5,1.480982923618551,1.150472254888788,0.0
learned_error_driven,2011_09_26/2011_09_26_drive_0011_sync,29,baseline,29,29,0000000029.png,1,0.6681391926205121,0.23681155675348964,0.0
learned_error_driven,2011_09_26/2011_09_26_drive_0011_sync,29,baseline,29,29,0000000029.png,2,1.1556307919662807,0.39093162322795116,0.0
learned_error_driven,2011_09_26/2011_09_26_drive_0011_sync,29,baseline,29,29,0000000029.png,3,2.1580615503123712,0.8703170685349025,0.0
learned_error_driven,2011_09_26/2011_09_26_drive_0011_sync,29,baseline,29,29,0000000029.png,4,2.8287963886566496,1.5312198064260856,0.0
learned_error_driven,2011_09_26/2011_09_26_drive_0011_sync,29,baseline,29,29,0000000029.png,5,1.5340277032599812,1.1724653936105096,0.0
learned_error_driven,2011_09_26/2011_09_26_drive_0011_sync,30,baseline,30,30,0000000030.png,1,0.6163529002431767,0.2347356896842258,0.0
learned_error_driven,2011_09_26/2011_09_26_drive_0011_sync,30,baseline,30,30,0000000030.png,2,1.0905976021496233,0.39613827771984506,0.0
learned_error_driven,2011_09_26/2011_09_26_drive_0011_sync,30,baseline,30,30,0000000030.png,3,2.0912251475520285,0.8741723752184066,0.0
learned_error_driven,2011_09_26/2011_09_26_drive_0011_sync,30,baseline,30,30,0000000030.png,4,2.8064822732704187,1.5264962420303174,0.0
learned_error_driven,2011_09_26/2011_09_26_drive_0011_sync,30,baseline,30,30,0000000030.png,5,1.5475741218459949,1.1901043197106878,0.0
learned_error_driven,2011_09_26/2011_09_26_drive_0011_sync,31,baseline,31,31,0000000031.png,1,0.5806224780275637,0.22703994330276636,0.0
learned_error_driven,2011_09_26/2011_09_26_drive_0011_sync,31,baseline,31,31,0000000031.png,2,1.0388603768937743,0.4008055146770135,0.0
learned_error_driven,2011_09_26/2011_09_26_drive_0011_sync,31,baseline,31,31,0000000031.png,3,2.0350059099392257,0.8873207596738972,0.0
learned_error_driven,2011_09_26/2011_09_26_drive_0011_sync,31,baseline,31,31,0000000031.png,4,2.7813165501678956,1.530982820657093,0.0
learned_error_driven,2011_09_26/2011_09_26_drive_0011_sync,31,baseline,31,31,0000000031.png,5,1.542467710700943,1.2033079969833043,0.0
learned_error_driven,2011_09_26/2011_09_26_drive_0011_sync,32,baseline,32,32,0000000032.png,1,0.5892764446567166,0.22554318330915332,0.0
learned_error_driven,2011_09_26/2011_09_26_drive_0011_sync,32,baseline,32,32,0000000032.png,2,1.0209753472447383,0.4022011552653263,0.0
learned_error_driven,2011_09_26/2011_09_26_drive_0011_sync,32,baseline,32,32,0000000032.png,3,2.0119927845686303,0.898958632058686,0.0
learned_error_driven,2011_09_26/2011_09_26_drive_0011_sync,32,baseline,32,32,0000000032.png,4,2.7943675178332925,1.5449918846600983,0.0
learned_error_driven,2011_09_26/2011_09_26_drive_0011_sync,32,baseline,32,32,0000000032.png,5,1.561120623046854,1.2145278603495158,0.0
learned_error_driven,2011_09_26/2011_09_26_drive_0011_sync,33,baseline,33,33,0000000033.png,1,0.6271608412238817,0.23020421674043717,0.0
learned_error_driven,2011_09_26/2011_09_26_drive_0011_sync,33,baseline,33,33,0000000033.png,2,1.0315540991331869,0.3946734140943838,0.0
learned_error_driven,2011_09_26/2011_09_26_drive_0011_sync,33,baseline,33,33,0000000033.png,3,2.011515144591571,0.902914082255011,0.0
learned_error_driven,2011_09_26/2011_09_26_drive_0011_sync,33,baseline,33,33,0000000033.png,4,2.7866069965795033,1.559016244184932,0.0
learned_error_driven,2011_09_26/2011_09_26_drive_0011_sync,33,baseline,33,33,0000000033.png,5,1.5815428008639056,1.2283222596297552,0.0
learned_error_driven,2011_09_26/2011_09_26_drive_0011_sync,34,baseline,34,34,0000000034.png,1,0.6250586988865211,0.23731244091033205,0.0
learned_error_driven,2011_09_26/2011_09_26_drive_0011_sync,34,baseline,34,34,0000000034.png,2,1.0222875235747089,0.3869655467783022,0.0
learned_error_driven,2011_09_26/2011_09_26_drive_0011_sync,34,baseline,34,34,0000000034.png,3,1.9947359021167201,0.8951759402632546,0.0
learned_error_driven,2011_09_26/2011_09_26_drive_0011_sync,34,baseline,34,34,0000000034.png,4,2.767336059048791,1.562971754875388,0.0
learned_error_driven,2011_09_26/2011_09_26_drive_0011_sync,34,baseline,34,34,0000000034.png,5,1.5918031536427275,1.2412622770979154,0.0
learned_error_driven,2011_09_26/2011_09_26_drive_0011_sync,35,baseline,35,35,0000000035.png,1,0.6131148519858212,0.24003489647487208,0.0
learned_error_driven,2011_09_26/2011_09_26_drive_0011_sync,35,baseline,35,35,0000000035.png,2,0.9992222271981751,0.3838317542954958,0.0
learned_error_driven,2011_09_26/2011_09_26_drive_0011_sync,35,baseline,35,35,0000000035.png,3,1.9616592989483757,0.8896236033948932,0.0
learned_error_driven,2011_09_26/2011_09_26_drive_0011_sync,35,baseline,35,35,0000000035.png,4,2.73551713125501,1.5621329791794416,0.0
learned_error_driven,2011_09_26/2011_09_26_drive_0011_sync,35,baseline,35,35,0000000035.png,5,1.571411582427226,1.2483682411032446,0.0
learned_error_driven,2011_09_26/2011_09_26_drive_0011_sync,36,baseline,36,36,0000000036.png,1,0.6393552729534929,0.24044651664071973,0.0
learned_error_driven,2011_09_26/2011_09_26_drive_0011_sync,36,baseline,36,36,0000000036.png,2,1.0176050622242474,0.37139500245748724,0.0
learned_error_driven,2011_09_26/2011_09_26_drive_0011_sync,36,baseline,36,36,0000000036.png,3,1.9786505944056032,0.8730368231489043,0.0
learned_error_driven,2011_09_26/2011_09_26_drive_0011_sync,36,baseline,36,36,0000000036.png,4,2.7251310129452135,1.5449557080049057,0.0
learned_error_driven,2011_09_26/2011_09_26_drive_0011_sync,36,baseline,36,36,0000000036.png,5,1.5963984713425725,1.257376401507813,0.0
learned_error_driven,2011_09_26/2011_09_26_drive_0011_sync,37,baseline,37,37,0000000037.png,1,0.6597132938146569,0.24568939757741223,0.0
learned_error_driven,2011_09_26/2011_09_26_drive_0011_sync,37,baseline,37,37,0000000037.png,2,0.9871126011430618,0.37091357663003044,0.0
learned_error_driven,2011_09_26/2011_09_26_drive_0011_sync,37,baseline,37,37,0000000037.png,3,1.9519125993310749,0.8681194985108132,0.0
learned_error_driven,2011_09_26/2011_09_26_drive_0011_sync,37,baseline,37,37,0000000037.png,4,2.71919640251888,1.5299768372596283,0.0
learned_error_driven,2011_09_26/2011_09_26_drive_0011_sync,37,baseline,37,37,0000000037.png,5,1.6025111097252116,1.2627168678840464,0.0
learned_error_driven,2011_09_26/2011_09_26_drive_0011_sync,38,baseline,38,38,0000000038.png,1,0.6263162223582692,0.24943661649430116,0.0
learned_error_driven,2011_09_26/2011_09_26_drive_0011_sync,38,baseline,38,38,0000000038.png,2,0.9799153700758163,0.3630025257589493,0.0
learned_error_driven,2011_09_26/2011_09_26_drive_0011_sync,38,baseline,38,38,0000000038.png,3,1.916575644913427,0.8564127861036419,0.0
learned_error_driven,2011_09_26/2011_09_26_drive_0011_sync,38,baseline,38,38,0000000038.png,4,2.6719459197036954,1.5145869459308512,0.0
learned_error_driven,2011_09_26/2011_09_26_drive_0011_sync,38,baseline,38,38,0000000038.png,5,1.5855664968340597,1.2686508691349334,0.0
learned_error_driven,2011_09_26/2011_09_26_drive_0011_sync,39,baseline,39,39,0000000039.png,1,0.5242591576444433,0.24129392942642006,0.0
learned_error_driven,2011_09_26/2011_09_26_drive_0011_sync,39,baseline,39,39,0000000039.png,2,0.9470466295477716,0.36115084467944475,0.0
learned_error_driven,2011_09_26/2011_09_26_drive_0011_sync,39,baseline,39,39,0000000039.png,3,1.8948893945467338,0.8515330254835909,0.0
learned_error_driven,2011_09_26/2011_09_26_drive_0011_sync,39,baseline,39,39,0000000039.png,4,2.646438112816375,1.5066138765435229,0.0
learned_error_driven,2011_09_26/2011_09_26_drive_0011_sync,39,baseline,39,39,0000000039.png,5,1.577756448816127,1.2753559450173482,0.0
learned_error_driven,2011_09_26/2011_09_26_drive_0011_sync,40,disturbance,0,40,0000000040.png,1,0.3897024414444378,0.19665012970430226,0.06925232500820629
learned_error_driven,2011_09_26/2011_09_26_drive_0011_sync,40,disturbance,0,40,0000000040.png,2,0.5846975158939111,0.27906204151329983,0.18179125848971134
learned_error_driven,2011_09_26/2011_09_26_drive_0011_sync,40,disturbance,0,40,0000000040.png,3,1.4446853369730595,0.7053760242890403,0.19448883798049033
learned_error_driven,2011_09_26/2011_09_26_drive_0011_sync,40,disturbance,0,40,0000000040.png,4,2.1278938541146295,1.3032292368060177,0.21329535757676346
learned_error_driven,2011_09_26/2011_09_26_drive_0011_sync,40,disturbance,0,40,0000000040.png,5,0.9274328209513631,1.1042998866916764,0.0007084716168037454
learned_error_driven,2011_09_26/2011_09_26_drive_0011_sync,41,disturbance,1,41,0000000041.png,1,0.32096236823127466,0.17358812808691218,0.10752853907132906
learned_error_driven,2011_09_26/2011_09_26_drive_0011_sync,41,disturbance,1,41,0000000041.png,2,0.43689338170563785,0.2450944146938387,0.2829995093489365
learned_error_driven,2011_09_26/2011_09_26_drive_0011_sync,41,disturbance,1,41,0000000041.png,3,1.2579972784850186,0.6695404371614896,0.31064170313910927
learned_error_driven,2011_09_26/2011_09_26_drive_0011_sync,41,disturbance,1,41,0000000041.png,4,1.9432838563438595,1.2206367029020586,0.3365482815115253
learned_error_driven,2011_09_26/2011_09_26_drive_0011_sync,41,disturbance,1,41,0000000041.png,5,0.901592307390984,0.9829846382521773,0.0017987356511826294
learned_error_driven,2011_09_26/2011_09_26_drive_0011_sync,42,disturbance,2,42,0000000042.png,1,0.2832243961888847,0.1643110006129885,0.1364055009559659
learned_error_driven,2011_09_26/2011_09_26_drive_0011_sync,42,disturbance,2,42,0000000042.png,2,0.37094947248359594,0.22809838063073828,0.34175104852353194
learned_error_driven,2011_09_26/2011_09_26_drive_0011_sync,42,disturbance,2,42,0000000042.png,3,1.1466594236686887,0.6648037088541835,0.3884023528450494
learned_error_driven,2011_09_26/2011_09_26_drive_0011_sync,42,disturbance,2,42,0000000042.png,4,1.8903995457809981,1.195716640537267,0.42971638864686373
learned_error_driven,2011_09_26/2011_09_26_drive_0011_sync,42,disturbance,2,42,0000000042.png,5,0.9053439879246405,0.8996253223780546,0.003072640626918973
learned_error_driven,2011_09_26/2011_09_26_drive_0011_sync,43,disturbance,3,43,0000000043.png,1,0.3054232478012851,0.16251194197954927,0.16004101596431747
learned_error_driven,2011_09_26/2011_09_26_drive_0011_sync,43,disturbance,3,43,0000000043.png,2,0.3532580813761294,0.21714244078800815,0.3913875195592583
learned_error_driven,2011_09_26/2011_09_26_drive_0011_sync,43,disturbance,3,43,0000000043.png,3,1.0841892094094798,0.6623375495932825,0.4493523054968804
learned_error_driven,2011_09_26/2011_09_26_drive_0011_sync,43,disturbance,3,43,0000000043.png,4,1.8791691844096234,1.1962018861250547,0.505920863256778
learned_error_driven,2011_09_26/2011_09_26_drive_0011_sync,43,disturbance,3,43,0000000043.png,5,0.9326731448487522,0.8488542547592812,0.004387578460895201
learned_error_driven,2011_09_26/2011_09_26_drive_0011_sync,44,disturbance,4,44,0000000044.png,1,0.2894839024927707,0.1644725372288411,0.1796128294800698
learned_error_driven,2011_09_26/2011_09_26_drive_0011_sync,44,disturbance,4,44,0000000044.png,2,0.33475361383409497,0.20903449586833742,0.43091537960289883
learned_error_driven,2011_09_26/2011_09_26_drive_0011_sync,44,disturbance,4,44,0000000044.png,3,1.0269724397426725,0.6540350804465218,0.4991971594593795
learned_error_driven,2011_09_26/2011_09_26_drive_0011_sync,44,disturbance,4,44,0000000044.png,4,1.828753469110729,1.202198763604736,0.5641863091322828
learned_error_driven,2011_09_26/2011_09_26_drive_0011_sync,44,disturbance,4,44,0000000044.png,5,0.9220395041259623,0.8176850881884103,0.005710157865787808
learned_error_driven,2011_09_26/2011_09_26_drive_0011_sync,45,disturbance,5,45,0000000045.png,1,0.29807359869760425,0.16643924677035288,0.1971141708103732
learned_error_driven,2011_09_26/2011_09_26_drive_0011_sync,45,disturbance,5,45,0000000045.png,2,0.33575268053455437,0.20232349778623732,0.462406887170792
learned_error_driven,2011_09_26/2011_09_26_drive_0011_sync,45,disturbance,5,45,0000000045.png,3,1.0088000044506418,0.6394305659027207,0.5389239249123124
learned_error_driven,2011_09_26/2011_09_26_drive_0011_sync,45,disturbance,5,45,0000000045.png,4,1.8308478858209525,1.2084135545842007,0.6135531870102985
learned_error_driven,2011_09_26/2011_09_26_drive_0011_sync,45,disturbance,5,45,0000000045.png,5,0.9204191054847329,0.797297168201301,0.007033013604738875
learned_error_driven,2011_09_26/2011_09_26_drive_0011_sync,46,disturbance,6,46,0000000046.png,1,0.3268015404854744,0.17415593162593893,0.21063117917670043
learned_error_driven,2011_09_26/2011_09_26_drive_0011_sync,46,disturbance,6,46,0000000046.png,2,0.3436680865842013,0.19797456288539675,0.4886158719500531
learned_error_driven,2011_09_26/2011_09_26_drive_0011_sync,46,disturbance,6,46,0000000046.png,3,1.012633669905782,0.6230266490931395,0.5682259814716003
learned_error_driven,2011_09_26/2011_09_26_drive_0011_sync,46,disturbance,6,46,0000000046.png,4,1.8330980115577233,1.2094747808988986,0.6523211173849769
learned_error_driven,2011_09_26/2011_09_26_drive_0011_sync,46,disturbance,6,46,0000000046.png,5,0.9061944023301074,0.7815088933471336,0.008247502607377352
learned_error_driven,2011_09_26/2011_09_26_drive_0011_sync,47,disturbance,7,47,0000000047.png,1,0.3273054908388633,0.18520311429215627,0.22545223112180618
learned_error_driven,2011_09_26/2011_09_26_drive_0011_sync,47,disturbance,7,47,0000000047.png,2,0.3392273956943311,0.19694913155938362,0.5162293855310662
learned_error_driven,2011_09_26/2011_09_26_drive_0011_sync,47,disturbance,7,47,0000000047.png,3,1.0114661591820053,0.6161651713060353,0.5987620958950705
learned_error_driven,2011_09_26/2011_09_26_drive_0011_sync,47,disturbance,7,47,0000000047.png,4,1.8636888735155828,1.2200887184031313,0.6868592137779415
learned_error_driven,2011_09_26/2011_09_26_drive_0011_sync,47,disturbance,7,47,0000000047.png,5,0.92539682563641,0.7735754214952154,0.009406753428118768
learned_error_driven,2011_09_26/2011_09_26_drive_0011_sync,48,disturbance,8,48,0000000048.png,1,0.34354771535136575,0.1938521749267632,0.23935509077761757
learned_error_driven,2011_09_26/2011_09_26_drive_0011_sync,48,disturbance,8,48,0000000048.png,2,0.34531903006308945,0.19681673005729847,0.5395159577968724
learned_error_driven,2011_09_26/2011_09_26_drive_0011_sync,48,disturbance,8,48,0000000048.png,3,1.0141525263961766,0.6132083888623916,0.6250437026077742
learned_error_driven,2011_09_26/2011_09_26_drive_0011_sync,48,disturbance,8,48,0000000048.png,4,1.8848661078399276,1.2382716392674638,0.7173316761959803
learned_error_driven,2011_09_26/2011_09_26_drive_0011_sync,48,disturbance,8,48,0000000048.png,5,0.9477487131504261,0.7744000055291966,0.010491077257933044
learned_error_driven,2011_09_26/2011_09_26_drive_0011_sync,49,disturbance,9,49,0000000049.png,1,0.35902316731194195,0.20287359861449644,0.2547569941860155
learned_error_driven,2011_09_26/2011_09_26_drive_0011_sync,49,disturbance,9,49,0000000049.png,2,0.3522876270295944,0.19702902453998522,0.5604752762247294
learned_error_driven,2011_09_26/2011_09_26_drive_0011_sync,49,disturbance,9,49,0000000049.png,3,1.0183651551746615,0.6080421187993043,0.6451916528859584
learned_error_driven,2011_09_26/2011_09_26_drive_0011_sync,49,disturbance,9,49,0000000049.png,4,1.900876086716857,1.250403277398212,0.7434098423416248
learned_error_driven,2011_09_26/2011_09_26_drive_0011_sync,49,disturbance,9,49,0000000049.png,5,0.9602731365400944,0.7780268659785318,0.01146718295254319
learned_error_driven,2011_09_26/2011_09_26_drive_0011_sync,50,disturbance,10,50,0000000050.png,1,0.35017146533767624,0.20635535049831943,0.26863616589298905
learned_error_driven,2011_09_26/2011_09_26_drive_0011_sync,50,disturbance,10,50,0000000050.png,2,0.3486200416206255,0.19669343855625754,0.577001299818192
learned_error_driven,2011_09_26/2011_09_26_drive_0011_sync,50,disturbance,10,50,0000000050.png,3,0.9996514875445522,0.6010817186863611,0.6627498442642537
learned_error_driven,2011_09_26/2011_09_26_drive_0011_sync,50,disturbance,10,50,0000000050.png,4,1.8669636333943203,1.2525177065455042,0.7666276673894363
learned_error_driven,2011_09_26/2011_09_26_drive_0011_sync,50,disturbance,10,50,0000000050.png,5,0.9563138125818896,0.7789172517105732,0.012339688943624973
learned_error_driven,2011_09_26/2011_09_26_drive_0011_sync,51,disturbance,11,51,0000000051.png,1,0.37451992451821325,0.20921934867091982,0.28129692938351547
learned_error_driven,2011_09_26/2011_09_26_drive_0011_sync,51,disturbance,11,51,0000000051.png,2,0.35869704690040094,0.19682721445716747,0.5911132180471396
learned_error_driven,2011_09_26/2011_09_26_drive_0011_sync,51,disturbance,11,51,0000000051.png,3,1.0002278803376823,0.5907012082863643,0.6753657265816132
learned_error_driven,2011_09_26/2011_09_26_drive_0011_sync,51,disturbance,11,51,0000000051.png,4,1.8595893097419265,1.2472898243737223,0.7840322300941637
learned_error_driven,2011_09_26/2011_09_26_drive_0011_sync,51,disturbance,11,51,0000000051.png,5,0.9604954087707485,0.7771518352659559,0.013113738816821058
learned_error_driven,2011_09_26/2011_09_26_drive_0011_sync,52,disturbance,12,52,0000000052.png,1,0.3595356300642344,0.21205851415693708,0.29390463508915
learned_error_driven,2011_09_26/2011_09_26_drive_0011_sync,52,disturbance,12,52,0000000052.png,2,0.35683118523766283,0.197625224960313,0.6043297889866166
learned_error_driven,2011_09_26/2011_09_26_drive_0011_sync,52,disturbance,12,52,0000000052.png,3,1.0001187354063346,0.5840186697446871,0.6862513182743429
learned_error_driven,2011_09_26/2011_09_26_drive_0011_sync,52,disturbance,12,52,0000000052.png,4,1.8809347109209655,1.2472012213393198,0.7976505442455568
learned_error_driven,2011_09_26/2011_09_26_drive_0011_sync,52,disturbance,12,52,0000000052.png,5,0.9477570334932149,0.7754114817875296,0.01380757065823303
learned_error_driven,2011_09_26/2011_09_26_drive_0011_sync,53,disturbance,13,53,0000000053.png,1,0.3740391368618211,0.2135298698902608,0.30578890164710903
learned_error_driven,2011_09_26/2011_09_26_drive_0011_sync,53,disturbance,13,53,0000000053.png,2,0.3586580548445796,0.19767438351587818,0.6161479914214145
learned_error_driven,2011_09_26/2011_09_26_drive_0011_sync,53,disturbance,13,53,0000000053.png,3,1.0115271232803367,0.5808350052207271,0.6961800507974891
learned_error_driven,2011_09_26/2011_09_26_drive_0011_sync,53,disturbance,13,53,0000000053.png,4,1.8839526009494465,1.2450692504623901,0.8106746162909915
learned_error_driven,2011_09_26/2011_09_26_drive_0011_sync,53,disturbance,13,53,0000000053.png,5,0.9588915266303508,0.7725703452771822,0.014417317351776983
learned_error_driven,2011_09_26/2011_09_26_drive_0011_sync,54,disturbance,14,54,0000000054.png,1,0.3757177444092801,0.21462965130466954,0.3170245120477627
learned_error_driven,2011_09_26/2011_09_26_drive_0011_sync,54,disturbance,14,54,0000000054.png,2,0.3573485586136601,0.19876490311229766,0.6245262783134983
learned_error_driven,2011_09_26/2011_09_26_drive_0011_sync,54,disturbance,14,54,0000000054.png,3,0.9960995532356842,0.5771941695995971,0.7031713437386291
learned_error_driven,2011_09_26/2011_09_26_drive_0011_sync,54,disturbance,14,54,0000000054.png,4,1.847111356905994,1.2419995026931052,0.8184901870937977
learned_error_driven,2011_09_26/2011_09_26_drive_0011_sync,54,disturbance,14,54,0000000054.png,5,0.992227343954745,0.7775963327287629,0.014962381183420574
learned_error_driven,2011_09_26/2011_09_26_drive_0011_sync,55,disturbance,15,55,0000000055.png,1,0.35917127081226025,0.21036450381526398,0.32718711649320215
learned_error_driven,2011_09_26/2011_09_26_drive_0011_sync,55,disturbance,15,55,0000000055.png,2,0.3473905966932212,0.1981291906622515,0.6320346379077407
learned_error_driven,2011_09_26/2011_09_26_drive_0011_sync,55,disturbance,15,55,0000000055.png,3,0.9750091429815522,0.5715235676300539,0.7091345859259466
learned_error_driven,2011_09_26/2011_09_26_drive_0011_sync,55,disturbance,15,55,0000000055.png,4,1.809511593272531,1.2362801214224846,0.8252165288447798
learned_error_driven,2011_09_26/2011_09_26_drive_0011_sync,55,disturbance,15,55,0000000055.png,5,0.9545073401121138,0.7794493533973539,0.015451144379033867
learned_error_driven,2011_09_26/2011_09_26_drive_0011_sync,56,disturbance,16,56,0000000056.png,1,0.3444142633201199,0.20940320047531583,0.33629383754754655
learned_error_driven,2011_09_26/2011_09_26_drive_0011_sync,56,disturbance,16,56,0000000056.png,2,0.3405545616013558,0.1970510962180701,0.6386761471784954
learned_error_driven,2011_09_26/2011_09_26_drive_0011_sync,56,disturbance,16,56,0000000056.png,3,0.9632351941779481,0.5664821224735963,0.7128234318099209
learned_error_driven,2011_09_26/2011_09_26_drive_0011_sync,56,disturbance,16,56,0000000056.png,4,1.7798103562850136,1.227103380820187,0.8343001487201551
learned_error_driven,2011_09_26/2011_09_26_drive_0011_sync,56,disturbance,16,56,0000000056.png,5,0.9108219506496225,0.7733148444985868,0.015883927487032292
learned_error_driven,2011_09_26/2011_09_26_drive_0011_sync,57,disturbance,17,57,0000000057.png,1,0.3383519325243837,0.20737396001693167,0.34528053243219486
learned_error_driven,2011_09_26/2011_09_26_drive_0011_sync,57,disturbance,17,57,0000000057.png,2,0.3395095739624816,0.1954423383442937,0.6446810540683896
learned_error_driven,2011_09_26/2011_09_26_drive_0011_sync,57,disturbance,17,57,0000000057.png,3,0.9584086813658305,0.5608261163684699,0.7163986616974584
learned_error_driven,2011_09_26/2011_09_26_drive_0011_sync,57,disturbance,17,57,0000000057.png,4,1.762195848701684,1.216732584176561,0.8415096885161605
learned_error_driven,2011_09_26/2011_09_26_drive_0011_sync,57,disturbance,17,57,0000000057.png,5,0.8855855056684311,0.7628294724351917,0.0162568685957692
learned_error_driven,2011_09_26/2011_09_26_drive_0011_sync,58,disturbance,18,58,0000000058.png,1,0.34859303573397765,0.20748619023058043,0.3528175491134222
learned_error_driven,2011_09_26/2011_09_26_drive_0011_sync,58,disturbance,18,58,0000000058.png,2,0.3484647094752764,0.19494561458544746,0.6469324169825214
learned_error_driven,2011_09_26/2011_09_26_drive_0011_sync,58,disturbance,18,58,0000000058.png,3,0.9859362981616466,0.5583165606895552,0.7186253360308951
learned_error_driven,2011_09_26/2011_09_26_drive_0011_sync,58,disturbance,18,58,0000000058.png,4,1.7973555487950414,1.21420073266762,0.8460393492211375
learned_error_driven,2011_09_26/2011_09_26_drive_0011_sync,58,disturbance,18,58,0000000058.png,5,0.9172981763644471,0.7617784819102009,0.016564563462606548
learned_error_driven,2011_09_26/2011_09_26_drive_0011_sync,59,disturbance,19,59,0000000059.png,1,0.35301753420438,0.20899312205144333,0.36011223015906346
learned_error_driven,2011_09_26/2011_09_26_drive_0011_sync,59,disturbance,19,59,0000000059.png,2,0.3444861646157367,0.19615324023040073,0.6508647561226383
learned_error_driven,2011_09_26/2011_09_26_drive_0011_sync,59,disturbance,19,59,0000000059.png,3,0.9952699059540897,0.5637763286930837,0.722868726591573
learned_error_driven,2011_09_26/2011_09_26_drive_0011_sync,59,disturbance,19,59,0000000059.png,4,1.8116738814916156,1.2173391166687093,0.8502363485936546
learned_error_driven,2011_09_26/2011_09_26_drive_0011_sync,59,disturbance,19,59,0000000059.png,5,0.9373042431714417,0.7653322692103225,0.016830532360342477
learned_error_driven,2011_09_26/2011_09_26_drive_0011_sync,60,disturbance,20,60,0000000060.png,1,0.3642226706404967,0.20761390821376935,0.36662088862854103
learned_error_driven,2011_09_26/2011_09_26_drive_0011_sync,60,disturbance,20,60,0000000060.png,2,0.34889740003350134,0.19694426504836296,0.6528860866885874
learned_error_driven,2011_09_26/2011_09_26_drive_0011_sync,60,disturbance,20,60,0000000060.png,3,0.9964364116045503,0.56655067564433,0.7264890366394509
learned_error_driven,2011_09_26/2011_09_26_drive_0011_sync,60,disturbance,20,60,0000000060.png,4,1.8232940451498263,1.2196310414702691,0.8539060389176559
learned_error_driven,2011_09_26/2011_09_26_drive_0011_sync,60,disturbance,20,60,0000000060.png,5,0.9561310264123216,0.7714037569819064,0.017064977594150776
learned_error_driven,2011_09_26/2011_09_26_drive_0011_sync,61,disturbance,21,61,0000000061.png,1,0.3720588933540022,0.2026467379830417,0.37303551635342785
learned_error_driven,2011_09_26/2011_09_26_drive_0011_sync,61,disturbance,21,61,0000000061.png,2,0.3451283569508205,0.19660602651447964,0.6557432117482342
learned_error_driven,2011_09_26/2011_09_26_drive_0011_sync,61,disturbance,21,61,0000000061.png,3,0.9970889626021241,0.5671799800062386,0.7283013815673254
learned_error_driven,2011_09_26/2011_09_26_drive_0011_sync,61,disturbance,21,61,0000000061.png,4,1.8224408169551092,1.2189280164891378,0.8588459668379812
learned_error_driven,2011_09_26/2011_09_26_drive_0011_sync,61,disturbance,21,61,0000000061.png,5,0.9387946593671656,0.7712970985901609,0.017269635648014384
learned_error_driven,2011_09_26/2011_09_26_drive_0011_sync,62,disturbance,22,62,0000000062.png,1,0.4022079628059447,0.20101654557104948,0.3787953228553553
learned_error_driven,2011_09_26/2011_09_26_drive_0011_sync,62,disturbance,22,62,0000000062.png,2,0.351237898564346,0.1954663498107525,0.6571427799200167
learned_error_driven,2011_09_26/2011_09_26_drive_0011_sync,62,disturbance,22,62,0000000062.png,3,1.0055472024616345,0.5640976579100132,0.7284831601692607
learned_error_driven,2011_09_26/2011_09_26_drive_0011_sync,62,disturbance,22,62,0000000062.png,4,1.8062532357474936,1.2120143890030477,0.8622593185932496
learned_error_driven,2011_09_26/2011_09_26_drive_0011_sync,62,disturbance,22,62,0000000062.png,5,0.9142891813788278,0.7658632865460565,0.01744759678153579
learned_error_driven,2011_09_26/2011_09_26_drive_0011_sync,63,disturbance,23,63,0000000063.png,1,0.377718037979835,0.20184049784737218,0.38542071881587653
learned_error_driven,2011_09_26/2011_09_26_drive_0011_sync,63,disturbance,23,63,0000000063.png,2,0.3464493359471826,0.1958390765610453,0.6600621558945671
learned_error_driven,2011_09_26/2011_09_26_drive_0011_sync,63,disturbance,23,63,0000000063.png,3,1.0085269757842978,0.567171877634287,0.7289168038721269
learned_error_driven,2011_09_26/2011_09_26_drive_0011_sync,63,disturbance,23,63,0000000063.png,4,1.8285552242000345,1.2128173134128373,0.8649000887448396
learned_error_driven,2011_09_26/2011_09_26_drive_0011_sync,63,disturbance,23,63,0000000063.png,5,0.9076444229985198,0.7610192892152641,0.017599445284126974
learned_error_driven,2011_09_26/2011_09_26_drive_0011_sync,64,disturbance,24,64,0000000064.png,1,0.3676432280993802,0.19843778338721765,0.3931084180738082
learned_error_driven,2011_09_26/2011_09_26_drive_0011_sync,64,disturbance,24,64,0000000064.png,2,0.3425964119656462,0.19697452198907112,0.6627947172164016
learned_error_driven,2011_09_26/2011_09_26_drive_0011_sync,64,disturbance,24,64,0000000064.png,3,1.0113505215637006,0.5744838263987748,0.730669543634534
learned_error_driven,2011_09_26/2011_09_26_drive_0011_sync,64,disturbance,24,64,0000000064.png,4,1.8528375011867741,1.224080037847534,0.8665621668276601
learned_error_driven,2011_09_26/2011_09_26_drive_0011_sync,64,disturbance,24,64,0000000064.png,5,0.931946307463729,0.7630170069404953,0.017736251899985997
learned_error_driven,2011_09_26/2011_09_26_drive_0011_sync,65,disturbance,25,65,0000000065.png,1,0.3934347497619576,0.19301679748067355,0.39845857462319423
learned_error_driven,2011_09_26/2011_09_26_drive_0011_sync,65,disturbance,25,65,0000000065.png,2,0.34072648626303376,0.1952210203998122,0.6623731811620038
learned_error_driven,2011_09_26/2011_09_26_drive_0011_sync,65,disturbance,25,65,0000000065.png,3,0.9956411512605902,0.5756818105910586,0.7324067235167808
learned_error_driven,2011_09_26/2011_09_26_drive_0011_sync,65,disturbance,25,65,0000000065.png,4,1.8226578410265766,1.2303012035928844,0.867844433884977
learned_error_driven,2011_09_26/2011_09_26_drive_0011_sync,65,disturbance,25,65,0000000065.png,5,0.9397358458228892,0.7673959516751715,0.017861230210772735
learned_error_driven,2011_09_26/2011_09_26_drive_0011_sync,66,disturbance,26,66,0000000066.png,1,0.3436567830944391,0.19148813180119542,0.4029669423083419
learned_error_driven,2011_09_26/2011_09_26_drive_0011_sync,66,disturbance,26,66,0000000066.png,2,0.32666718060445576,0.19371532015088277,0.6642160134012106
learned_error_driven,2011_09_26/2011_09_26_drive_0011_sync,66,disturbance,26,66,0000000066.png,3,0.9746148598304865,0.5759893530413432,0.7357285754885654
learned_error_driven,2011_09_26/2011_09_26_drive_0011_sync,66,disturbance,26,66,0000000066.png,4,1.8009489592610552,1.236050047538669,0.8692643881693572
learned_error_driven,2011_09_26/2011_09_26_drive_0011_sync,66,disturbance,26,66,0000000066.png,5,0.9510325662933818,0.7751524830246718,0.01797872644825803
learned_error_driven,2011_09_26/2011_09_26_drive_0011_sync,67,disturbance,27,67,0000000067.png,1,0.2770002444174265,0.18396922098572838,0.40751588477299383
learned_error_driven,2011_09_26/2011_09_26_drive_0011_sync,67,disturbance,27,67,0000000067.png,2,0.3233961426443119,0.1928468485191495,0.6679444428786442
learned_error_driven,2011_09_26/2011_09_26_drive_0011_sync,67,disturbance,27,67,0000000067.png,3,0.9547196793697112,0.57633972963207,0.7380975954658181
learned_error_driven,2011_09_26/2011_09_26_drive_0011_sync,67,disturbance,27,67,0000000067.png,4,1.7823383402524746,1.2400360205675311,0.8700856220845598
learned_error_driven,2011_09_26/2011_09_26_drive_0011_sync,67,disturbance,27,67,0000000067.png,5,0.9520192120242496,0.7818105886442817,0.018089443043294417
learned_error_driven,2011_09_26/2011_09_26_drive_0011_sync,68,disturbance,28,68,0000000068.png,1,0.31642731095130466,0.17861076450762364,0.4115928243461579
learned_error_driven,2011_09_26/2011_09_26_drive_0011_sync,68,disturbance,28,68,0000000068.png,2,0.3382871244292616,0.1922612071054026,0.6676086308925225
learned_error_driven,2011_09_26/2011_09_26_drive_0011_sync,68,disturbance,28,68,0000000068.png,3,0.9754224554220728,0.5700067210227283,0.7396149854949077
learned_error_driven,2011_09_26/2011_09_26_drive_0011_sync,68,disturbance,28,68,0000000068.png,4,1.788497597894823,1.2337288432261977,0.8730174699005941
learned_error_driven,2011_09_26/2011_09_26_drive_0011_sync,68,disturbance,28,68,0000000068.png,5,0.9311010790392142,0.7807434037879732,0.01819234514890234
learned_error_driven,2011_09_26/2011_09_26_drive_0011_sync,69,disturbance,29,69,0000000069.png,1,0.2987763704046488,0.17937912602044115,0.4158818573646551
learned_error_driven,2011_09_26/2011_09_26_drive_0011_sync,69,disturbance,29,69,0000000069.png,2,0.3320107688478284,0.19473352825661064,0.6705497692712299
learned_error_driven,2011_09_26/2011_09_26_drive_0011_sync,69,disturbance,29,69,0000000069.png,3,0.9849817805118393,0.5737242007478176,0.7407272864470655
learned_error_driven,2011_09_26/2011_09_26_drive_0011_sync,69,disturbance,29,69,0000000069.png,4,1.8206425911124395,1.236153628272664,0.8752139719807717
learned_error_driven,2011_09_26/2011_09_26_drive_0011_sync,69,disturbance,29,69,0000000069.png,5,0.9487455433290799,0.7835406243417485,0.018290244528421564
learned_error_driven,2011_09_26/2011_09_26_drive_0011_sync,70,disturbance,30,70,0000000070.png,1,0.2809021411228945,0.17740224086461603,0.4210561212095663
learned_error_driven,2011_09_26/2011_09_26_drive_0011_sync,70,disturbance,30,70,0000000070.png,2,0.32691464040480456,0.19738295877041842,0.6738076072721266
learned_error_driven,2011_09_26/2011_09_26_drive_0011_sync,70,disturbance,30,70,0000000070.png,3,0.9818301089817618,0.5829645099938326,0.743369861917925
learned_error_driven,2011_09_26/2011_09_26_drive_0011_sync,70,disturbance,30,70,0000000070.png,4,1.827073731086947,1.246419173770089,0.8774874924345083
learned_error_driven,2011_09_26/2011_09_26_drive_0011_sync,70,disturbance,30,70,0000000070.png,5,0.9631529116468857,0.7898915025120438,0.018385121315444924
learned_error_driven,2011_09_26/2011_09_26_drive_0011_sync,71,disturbance,31,71,0000000071.png,1,0.292149643798596,0.17539313093043093,0.42571974316054306
learned_error_driven,2011_09_26/2011_09_26_drive_0011_sync,71,disturbance,31,71,0000000071.png,2,0.32935786867342726,0.19898343636226212,0.6743681425702158
learned_error_driven,2011_09_26/2011_09_26_drive_0011_sync,71,disturbance,31,71,0000000071.png,3,0.9822304764573035,0.5904966996437,0.7464945151491118
learned_error_driven,2011_09_26/2011_09_26_drive_0011_sync,71,disturbance,31,71,0000000071.png,4,1.8425330168013931,1.2610823867150869,0.8788504410477272
learned_error_driven,2011_09_26/2011_09_26_drive_0011_sync,71,disturbance,31,71,0000000071.png,5,1.006114610538638,0.8024214156665643,0.018471005936509983
learned_error_driven,2011_09_26/2011_09_26_drive_0011_sync,72,disturbance,32,72,0000000072.png,1,0.2873010324618028,0.17425525142725196,0.42932213909362216
learned_error_driven,2011_09_26/2011_09_26_drive_0011_sync,72,disturbance,32,72,0000000072.png,2,0.33179535993583165,0.19991315328252,0.674380948820589
learned_error_driven,2011_09_26/2011_09_26_drive_0011_sync,72,disturbance,32,72,0000000072.png,3,0.9939682198770069,0.5946978887454252,0.7484656500137951
learned_error_driven,2011_09_26/2011_09_26_drive_0011_sync,72,disturbance,32,72,0000000072.png,4,1.8472823535815808,1.2711250560070055,0.8807861663382328
learned_error_driven,2011_09_26/2011_09_26_drive_0011_sync,72,disturbance,32,72,0000000072.png,5,1.0023954571561982,0.8122032094936995,0.01854686098994809
learned_error_driven,2011_09_26/2011_09_26_drive_0011_sync,73,disturbance,33,73,0000000073.png,1,0.302264674410111,0.17428438615094327,0.43159630099768964
learned_error_driven,2011_09_26/2011_09_26_drive_0011_sync,73,disturbance,33,73,0000000073.png,2,0.3417628527873302,0.1998399744974406,0.6740808620691371
learned_error_driven,2011_09_26/2011_09_26_drive_0011_sync,73,disturbance,33,73,0000000073.png,3,1.0048492774813058,0.5921119512107936,0.7498905295733082
learned_error_driven,2011_09_26/2011_09_26_drive_0011_sync,73,disturbance,33,73,0000000073.png,4,1.8617251588676422,1.2735573556844222,0.8829093781648879
learned_error_driven,2011_09_26/2011_09_26_drive_0011_sync,73,disturbance,33,73,0000000073.png,5,0.9993263477327922,0.8177759595632529,0.01860559956775095
learned_error_driven,2011_09_26/2011_09_26_drive_0011_sync,74,disturbance,34,74,0000000074.png,1,0.31310765143849134,0.17532920617856027,0.4338797749172411
learned_error_driven,2011_09_26/2011_09_26_drive_0011_sync,74,disturbance,34,74,0000000074.png,2,0.33913652517628223,0.19922136997596568,0.6747091472818072
learned_error_driven,2011_09_26/2011_09_26_drive_0011_sync,74,disturbance,34,74,0000000074.png,3,0.9956158514519844,0.587665485868654,0.7515816900504867
learned_error_driven,2011_09_26/2011_09_26_drive_0011_sync,74,disturbance,34,74,0000000074.png,4,1.8735125103121335,1.2729467927081906,0.8857629368898632
learned_error_driven,2011_09_26/2011_09_26_drive_0011_sync,74,disturbance,34,74,0000000074.png,5,0.9932770616797194,0.8178784841390598,0.018649951991292494
learned_error_driven,2011_09_26/2011_09_26_drive_0011_sync,75,disturbance,35,75,0000000075.png,1,0.30286451628825023,0.1794221879202749,0.43641449021483897
learned_error_driven,2011_09_26/2011_09_26_drive_0011_sync,75,disturbance,35,75,0000000075.png,2,0.32651776048802894,0.20009732627034268,0.6767645168905843
learned_error_driven,2011_09_26/2011_09_26_drive_0011_sync,75,disturbance,35,75,0000000075.png,3,0.9775871170675713,0.5902667179867136,0.7538599121641897
learned_error_driven,2011_09_26/2011_09_26_drive_0011_sync,75,disturbance,35,75,0000000075.png,4,1.8750898292835085,1.2793531780393619,0.8886431415119539
learned_error_driven,2011_09_26/2011_09_26_drive_0011_sync,75,disturbance,35,75,0000000075.png,5,0.9845048743158744,0.8181324358248002,0.01868720308142681
learned_error_driven,2011_09_26/2011_09_26_drive_0011_sync,76,disturbance,36,76,0000000076.png,1,0.32930395465644857,0.18355854405826053,0.43788776449392264
learned_error_driven,2011_09_26/2011_09_26_drive_0011_sync,76,disturbance,36,76,0000000076.png,2,0.33887506387889876,0.1996050979007003,0.6759587944390492
learned_error_driven,2011_09_26/2011_09_26_drive_0011_sync,76,disturbance,36,76,0000000076.png,3,0.9874119379095515,0.5922807461438618,0.7562493008174961
learned_error_driven,2011_09_26/2011_09_26_drive_0011_sync,76,disturbance,36,76,0000000076.png,4,1.8806969999512877,1.2896847408070176,0.8907217456575511
learned_error_driven,2011_09_26/2011_09_26_drive_0011_sync,76,disturbance,36,76,0000000076.png,5,0.9905357547039334,0.8199388264558283,0.018725712312443833
learned_error_driven,2011_09_26/2011_09_26_drive_0011_sync,77,disturbance,37,77,0000000077.png,1,0.36226690469418416,0.19026291710880627,0.43820116248781754
learned_error_driven,2011_09_26/2011_09_26_drive_0011_sync,77,disturbance,37,77,0000000077.png,2,0.3575780108728682,0.19912114513353635,0.6739078167813126
learned_error_driven,2011_09_26/2011_09_26_drive_0011_sync,77,disturbance,37,77,0000000077.png,3,1.0168633901386992,0.5870610860038737,0.7577715564400007
learned_error_driven,2011_09_26/2011_09_26_drive_0011_sync,77,disturbance,37,77,0000000077.png,4,1.9108874660391357,1.2914189232449886,0.8933644115689574
learned_error_driven,2011_09_26/2011_09_26_drive_0011_sync,77,disturbance,37,77,0000000077.png,5,1.0186912872390965,0.8232344371784497,0.018760085133438985
learned_error_driven,2011_09_26/2011_09_26_drive_0011_sync,78,disturbance,38,78,0000000078.png,1,0.33372100437536956,0.19521100636081778,0.43906495063712564
learned_error_driven,2011_09_26/2011_09_26_drive_0011_sync,78,disturbance,38,78,0000000078.png,2,0.3436689924182586,0.2002393307410665,0.6756779822441513
learned_error_driven,2011_09_26/2011_09_26_drive_0011_sync,78,disturbance,38,78,0000000078.png,3,1.0041420217643935,0.5885086898879295,0.7586021460234502
learned_error_driven,2011_09_26/2011_09_26_drive_0011_sync,78,disturbance,38,78,0000000078.png,4,1.8974365636848183,1.2931041868697404,0.8958879970859531
learned_error_driven,2011_09_26/2011_09_26_drive_0011_sync,78,disturbance,38,78,0000000078.png,5,1.0214090229452317,0.8272994400927599,0.01879016829066194
learned_error_driven,2011_09_26/2011_09_26_drive_0011_sync,79,disturbance,39,79,0000000079.png,1,0.27399411937371315,0.1903609985660091,0.44101424538261363
learned_error_driven,2011_09_26/2011_09_26_drive_0011_sync,79,disturbance,39,79,0000000079.png,2,0.3111197105670294,0.20028765768107534,0.6766957323018246
learned_error_driven,2011_09_26/2011_09_26_drive_0011_sync,79,disturbance,39,79,0000000079.png,3,0.9254438864599882,0.5910106299894003,0.7605066142993364
learned_error_driven,2011_09_26/2011_09_26_drive_0011_sync,79,disturbance,39,79,0000000079.png,4,1.826560309435055,1.301957303775236,0.8967622120423503
learned_error_driven,2011_09_26/2011_09_26_drive_0011_sync,79,disturbance,39,79,0000000079.png,5,1.015006949678182,0.8345735980871758,0.01881915179860484
learned_error_driven,2011_09_26/2011_09_26_drive_0011_sync,80,disturbance,40,80,0000000080.png,1,0.2620506230171374,0.1819171126922325,0.4427770927447068
learned_error_driven,2011_09_26/2011_09_26_drive_0011_sync,80,disturbance,40,80,0000000080.png,2,0.310340482185177,0.19919588809521685,0.6759984385044893
learned_error_driven,2011_09_26/2011_09_26_drive_0011_sync,80,disturbance,40,80,0000000080.png,3,0.9114875445550799,0.5865116044632042,0.7627386527365593
learned_error_driven,2011_09_26/2011_09_26_drive_0011_sync,80,disturbance,40,80,0000000080.png,4,1.8043646240353695,1.304547734799675,0.8985406724088731
learned_error_driven,2011_09_26/2011_09_26_drive_0011_sync,80,disturbance,40,80,0000000080.png,5,0.9975858095246167,0.8376914880829736,0.01884190464973563
learned_error_driven,2011_09_26/2011_09_26_drive_0011_sync,81,disturbance,41,81,0000000081.png,1,0.25033886897870467,0.17131400017564927,0.4445970780146023
learned_error_driven,2011_09_26/2011_09_26_drive_0011_sync,81,disturbance,41,81,0000000081.png,2,0.30219827131515264,0.19755131769669843,0.6781518235019369
learned_error_driven,2011_09_26/2011_09_26_drive_0011_sync,81,disturbance,41,81,0000000081.png,3,0.9063278261300297,0.5819640903374499,0.7650968754628313
learned_error_driven,2011_09_26/2011_09_26_drive_0011_sync,81,disturbance,41,81,0000000081.png,4,1.7833344281164267,1.303404273534878,0.8988434731225639
learned_error_driven,2011_09_26/2011_09_26_drive_0011_sync,81,disturbance,41,81,0000000081.png,5,0.9811873389529294,0.8361291146346566,0.01885785105191447
learned_error_driven,2011_09_26/2011_09_26_drive_0011_sync,82,disturbance,42,82,0000000082.png,1,0.2469604082599391,0.16466628722975526,0.4474100061687863
learned_error_driven,2011_09_26/2011_09_26_drive_0011_sync,82,disturbance,42,82,0000000082.png,2,0.29602087439457725,0.19601132877766864,0.6815846928355922
learned_error_driven,2011_09_26/2011_09_26_drive_0011_sync,82,disturbance,42,82,0000000082.png,3,0.900973720012975,0.5819940875199956,0.7664873041421051
learned_error_driven,2011_09_26/2011_09_26_drive_0011_sync,82,disturbance,42,82,0000000082.png,4,1.7667715878764052,1.2996153488539877,0.8997190038553504
learned_error_driven,2011_09_26/2011_09_26_drive_0011_sync,82,disturbance,42,82,0000000082.png,5,0.9509416245101434,0.8288464314368257,0.018870723890610074
learned_error_driven,2011_09_26/2011_09_26_drive_0011_sync,83,disturbance,43,83,0000000083.png,1,0.23775281008858884,0.16038665920429782,0.4511213209575987
learned_error_driven,2011_09_26/2011_09_26_drive_0011_sync,83,disturbance,43,83,0000000083.png,2,0.2940110414766859,0.1955023484412424,0.6838591207306421
learned_error_driven,2011_09_26/2011_09_26_drive_0011_sync,83,disturbance,43,83,0000000083.png,3,0.9038471113649881,0.5855235965232491,0.7666110410374238
learned_error_driven,2011_09_26/2011_09_26_drive_0011_sync,83,disturbance,43,83,0000000083.png,4,1.773853782815993,1.3005688715443118,0.9007307061770305
learned_error_driven,2011_09_26/2011_09_26_drive_0011_sync,83,disturbance,43,83,0000000083.png,5,0.9525525736494835,0.8239846333286925,0.01887630459842474
learned_error_driven,2011_09_26/2011_09_26_drive_0011_sync,84,disturbance,44,84,0000000084.png,1,0.2444044133910642,0.15784959192807285,0.45505109703463326
learned_error_driven,2011_09_26/2011_09_26_drive_0011_sync,84,disturbance,44,84,0000000084.png,2,0.29540863675048384,0.1954984415462978,0.6865775087394967
learned_error_driven,2011_09_26/2011_09_26_drive_0011_sync,84,disturbance,44,84,0000000084.png,3,0.912926602936231,0.5911617273688393,0.7677440226150924
learned_error_driven,2011_09_26/2011_09_26_drive_0011_sync,84,disturbance,44,84,0000000084.png,4,1.7933967911851505,1.3059246094397707,0.9015538306974976
learned_error_driven,2011_09_26/2011_09_26_drive_0011_sync,84,disturbance,44,84,0000000084.png,5,0.9696243124705561,0.8246994914359759,0.01887384420030266
learned_error_driven,2011_09_26/2011_09_26_drive_0011_sync,85,disturbance,45,85,0000000085.png,1,0.24873371036496233,0.15718557688236984,0.4588837601106249
learned_error_driven,2011_09_26/2011_09_26_drive_0011_sync,85,disturbance,45,85,0000000085.png,2,0.2942004951152214,0.1961154671835001,0.6887040843338765
learned_error_driven,2011_09_26/2011_09_26_drive_0011_sync,85,disturbance,45,85,0000000085.png,3,0.9161087034713491,0.5968997543817096,0.7675693964587209
learned_error_driven,2011_09_26/2011_09_26_drive_0011_sync,85,disturbance,45,85,0000000085.png,4,1.7957359595909965,1.3142700446463407,0.9027322444633734
learned_error_driven,2011_09_26/2011_09_26_drive_0011_sync,85,disturbance,45,85,0000000085.png,5,0.9879483846245014,0.8309049677063395,0.018862223870588394
learned_error_driven,2011_09_26/2011_09_26_drive_0011_sync,86,disturbance,46,86,0000000086.png,1,0.2459991699842882,0.15727246866859854,0.4623984891541621
learned_error_driven,2011_09_26/2011_09_26_drive_0011_sync,86,disturbance,46,86,0000000086.png,2,0.29325141757906226,0.1965079561295077,0.6900252414278423
learned_error_driven,2011_09_26/2011_09_26_drive_0011_sync,86,disturbance,46,86,0000000086.png,3,0.9200477567789744,0.6013203742046674,0.7681962753964491
learned_error_driven,2011_09_26/2011_09_26_drive_0011_sync,86,disturbance,46,86,0000000086.png,4,1.794685026985473,1.320665714296326,0.9033892403201719
learned_error_driven,2011_09_26/2011_09_26_drive_0011_sync,86,disturbance,46,86,0000000086.png,5,1.0051994233591064,0.8397529166271378,0.01884216330983533
learned_error_driven,2011_09_26/2011_09_26_drive_0011_sync,87,disturbance,47,87,0000000087.png,1,0.23017800406360361,0.1559908502930713,0.46569265051518133
learned_error_driven,2011_09_26/2011_09_26_drive_0011_sync,87,disturbance,47,87,0000000087.png,2,0.29378419092555336,0.19663975430107225,0.6913576858325932
learned_error_driven,2011_09_26/2011_09_26_drive_0011_sync,87,disturbance,47,87,0000000087.png,3,0.9179403637901065,0.6027551800767352,0.7679851411279235
learned_error_driven,2011_09_26/2011_09_26_drive_0011_sync,87,disturbance,47,87,0000000087.png,4,1.7812851735566193,1.3211796922976,0.903928168662432
learned_error_driven,2011_09_26/2011_09_26_drive_0011_sync,87,disturbance,47,87,0000000087.png,5,1.0185384585752815,0.8486722469966638,0.018814669263743224
learned_error_driven,2011_09_26/2011_09_26_drive_0011_sync,88,disturbance,48,88,0000000088.png,1,0.23393467340185198,0.1530651932682848,0.46876985879175004
learned_error_driven,2011_09_26/2011_09_26_drive_0011_sync,88,disturbance,48,88,0000000088.png,2,0.29822920935012376,0.19626942381541906,0.6925880575903978
learned_error_driven,2011_09_26/2011_09_26_drive_0011_sync,88,disturbance,48,88,0000000088.png,3,0.92576874680594,0.6017263106280106,0.7675567236536419
learned_error_driven,2011_09_26/2011_09_26_drive_0011_sync,88,disturbance,48,88,0000000088.png,4,1.793130263273944,1.3207658108464302,0.9039184932709482
learned_error_driven,2011_09_26/2011_09_26_drive_0011_sync,88,disturbance,48,88,0000000088.png,5,1.0225411056731717,0.8560182794536291,0.01878038499009149
learned_error_driven,2011_09_26/2011_09_26_drive_0011_sync,89,disturbance,49,89,0000000089.png,1,0.2412722444380295,0.15081251399048753,0.4715957954933582
learned_error_driven,2011_09_26/2011_09_26_drive_0011_sync,89,disturbance,49,89,0000000089.png,2,0.30296997896295663,0.1962807561937664,0.6924263146775556
learned_error_driven,2011_09_26/2011_09_26_drive_0011_sync,89,disturbance,49,89,0000000089.png,3,0.9370782099981784,0.6007703178299557,0.7661741441121542
learned_error_driven,2011_09_26/2011_09_26_drive_0011_sync,89,disturbance,49,89,0000000089.png,4,1.8049856730771445,1.3181108163720476,0.9044382512351619
learned_error_driven,2011_09_26/2011_09_26_drive_0011_sync,89,disturbance,49,89,0000000089.png,5,1.0328227705596347,0.8607226420107331,0.018741237772777013
learned_error_driven,2011_09_26/2011_09_26_drive_0011_sync,90,disturbance,50,90,0000000090.png,1,0.2496969629458898,0.14976548656814423,0.4742459961711336
learned_error_driven,2011_09_26/2011_09_26_drive_0011_sync,90,disturbance,50,90,0000000090.png,2,0.3040286582893659,0.19655313408033012,0.6925551136586121
learned_error_driven,2011_09_26/2011_09_26_drive_0011_sync,90,disturbance,50,90,0000000090.png,3,0.944173193197609,0.6026712683169009,0.7651777900527263
learned_error_driven,2011_09_26/2011_09_26_drive_0011_sync,90,disturbance,50,90,0000000090.png,4,1.827935873730336,1.3200257950438623,0.9047573177787156
learned_error_driven,2011_09_26/2011_09_26_drive_0011_sync,90,disturbance,50,90,0000000090.png,5,1.0397724715321932,0.8655656813048274,0.018697664316688463
learned_error_driven,2011_09_26/2011_09_26_drive_0011_sync,91,disturbance,51,91,0000000091.png,1,0.24684680489908553,0.1508924777575782,0.47701308659520875
learned_error_driven,2011_09_26/2011_09_26_drive_0011_sync,91,disturbance,51,91,0000000091.png,2,0.3039836850894847,0.1971238455021889,0.6925470109344317
learned_error_driven,2011_09_26/2011_09_26_drive_0011_sync,91,disturbance,51,91,0000000091.png,3,0.9460456124584042,0.606362414648699,0.763383557138931
learned_error_driven,2011_09_26/2011_09_26_drive_0011_sync,91,disturbance,51,91,0000000091.png,4,1.8225584181637886,1.3219427029944306,0.90570781691869
learned_error_driven,2011_09_26/2011_09_26_drive_0011_sync,91,disturbance,51,91,0000000091.png,5,1.0205279710447865,0.8656455984964335,0.018646094669986638
learned_error_driven,2011_09_26/2011_09_26_drive_0011_sync,92,disturbance,52,92,0000000092.png,1,0.2562663573394114,0.15415220813791225,0.47952819411963066
learned_error_driven,2011_09_26/2011_09_26_drive_0011_sync,92,disturbance,52,92,0000000092.png,2,0.3106302176319785,0.19846690950016535,0.6917592668180323
learned_error_driven,2011_09_26/2011_09_26_drive_0011_sync,92,disturbance,52,92,0000000092.png,3,0.9679596522629303,0.6136076868663449,0.762455234174198
learned_error_driven,2011_09_26/2011_09_26_drive_0011_sync,92,disturbance,52,92,0000000092.png,4,1.852854102953844,1.3297225491136273,0.9055491113319459
learned_error_driven,2011_09_26/2011_09_26_drive_0011_sync,92,disturbance,52,92,0000000092.png,5,1.0133123131327098,0.8648758157552565,0.018588635602152057
learned_error_driven,2011_09_26/2011_09_26_drive_0011_sync,93,disturbance,53,93,0000000093.png,1,0.27423464818868853,0.15854089876836414,0.482074019449128
learned_error_driven,2011_09_26/2011_09_26_drive_0011_sync,93,disturbance,53,93,0000000093.png,2,0.31646569070472924,0.20022571007228052,0.6919041717310983
learned_error_driven,2011_09_26/2011_09_26_drive_0011_sync,93,disturbance,53,93,0000000093.png,3,0.983989409033157,0.6211326291206143,0.7622548460288049
learned_error_driven,2011_09_26/2011_09_26_drive_0011_sync,93,disturbance,53,93,0000000093.png,4,1.8711148648054399,1.3393603426974223,0.9042024266307941
learned_error_driven,2011_09_26/2011_09_26_drive_0011_sync,93,disturbance,53,93,0000000093.png,5,1.0377708295842976,0.8689903586736399,0.018525597555044016
learned_error_driven,2011_09_26/2011_09_26_drive_0011_sync,94,disturbance,54,94,0000000094.png,1,0.2985312286206229,0.16402593805828827,0.4847850697857679
learned_error_driven,2011_09_26/2011_09_26_drive_0011_sync,94,disturbance,54,94,0000000094.png,2,0.3271333984771736,0.20221914595944399,0.6914603297589033
learned_error_driven,2011_09_26/2011_09_26_drive_0011_sync,94,disturbance,54,94,0000000094.png,3,1.005061808684588,0.6291089702525026,0.7609888591589646
learned_error_driven,2011_09_26/2011_09_26_drive_0011_sync,94,disturbance,54,94,0000000094.png,4,1.887978259480638,1.35001550459323,0.9031308450936734
learned_error_driven,2011_09_26/2011_09_26_drive_0011_sync,94,disturbance,54,94,0000000094.png,5,1.0615043217134832,0.8770255976176687,0.018460305295381948
learned_error_driven,2011_09_26/2011_09_26_drive_0011_sync,95,disturbance,55,95,0000000095.png,1,0.31098917012871985,0.16960141567310572,0.4871730320677654
learned_error_driven,2011_09_26/2011_09_26_drive_0011_sync,95,disturbance,55,95,0000000095.png,2,0.3311500659196397,0.20462242306358708,0.6915173335813093
learned_error_driven,2011_09_26/2011_09_26_drive_0011_sync,95,disturbance,55,95,0000000095.png,3,1.0137890076858642,0.6376736510424271,0.7599804329058328
learned_error_driven,2011_09_26/2011_09_26_drive_0011_sync,95,disturbance,55,95,0000000095.png,4,1.8951499145241302,1.3617255783337217,0.9011205910202778
learned_error_driven,2011_09_26/2011_09_26_drive_0011_sync,95,disturbance,55,95,0000000095.png,5,1.0770421873052831,0.8874466512099618,0.018396536814161847
learned_error_driven,2011_09_26/2011_09_26_drive_0011_sync,96,disturbance,56,96,0000000096.png,1,0.2894755688360984,0.17402521819278766,0.4900377077796377
learned_error_driven,2011_09_26/2011_09_26_drive_0011_sync,96,disturbance,56,96,0000000096.png,2,0.3264198603303749,0.20621251614562439,0.6916603425112328
learned_error_driven,2011_09_26/2011_09_26_drive_0011_sync,96,disturbance,56,96,0000000096.png,3,1.0074876340240262,0.6443465545265182,0.7597071683995913
learned_error_driven,2011_09_26/2011_09_26_drive_0011_sync,96,disturbance,56,96,0000000096.png,4,1.8818992059116004,1.371300003189567,0.8992675401619643
learned_error_driven,2011_09_26/2011_09_26_drive_0011_sync,96,disturbance,56,96,0000000096.png,5,1.100396736046995,0.8988784235793034,0.01833489784817279
learned_error_driven,2011_09_26/2011_09_26_drive_0011_sync,97,disturbance,57,97,0000000097.png,1,0.2683428264061669,0.1750042044774892,0.49309092399970633
learned_error_driven,2011_09_26/2011_09_26_drive_0011_sync,97,disturbance,57,97,0000000097.png,2,0.3288859532692534,0.20706586013824071,0.6926347315647651
learned_error_driven,2011_09_26/2011_09_26_drive_0011_sync,97,disturbance,57,97,0000000097.png,3,1.0145026231892402,0.6494885611935381,0.761026494063698
learned_error_driven,2011_09_26/2011_09_26_drive_0011_sync,97,disturbance,57,97,0000000097.png,4,1.8930384718124533,1.3801422592156287,0.8979143987041027
learned_error_driven,2011_09_26/2011_09_26_drive_0011_sync,97,disturbance,57,97,0000000097.png,5,1.1133953374192935,0.9115009238327462,0.018275802393297187
learned_error_driven,2011_09_26/2011_09_26_drive_0011_sync,98,disturbance,58,98,0000000098.png,1,0.26903419829084374,0.17446763289814987,0.4958683021674859
learned_error_driven,2011_09_26/2011_09_26_drive_0011_sync,98,disturbance,58,98,0000000098.png,2,0.32382845601300464,0.20722634600645484,0.6933191856990438
learned_error_driven,2011_09_26/2011_09_26_drive_0011_sync,98,disturbance,58,98,0000000098.png,3,1.0047608259538021,0.6537768696166723,0.7618351849067402
learned_error_driven,2011_09_26/2011_09_26_drive_0011_sync,98,disturbance,58,98,0000000098.png,4,1.8730370122427171,1.3859956910678106,0.8974507011776411
learned_error_driven,2011_09_26/2011_09_26_drive_0011_sync,98,disturbance,58,98,0000000098.png,5,1.1090810344307167,0.9200543480677951,0.018214569364309912
learned_error_driven,2011_09_26/2011_09_26_drive_0011_sync,99,disturbance,59,99,0000000099.png,1,0.2698122598318079,0.17338928403529413,0.49849813024507655
learned_error_driven,2011_09_26/2011_09_26_drive_0011_sync,99,disturbance,59,99,0000000099.png,2,0.3278301252865136,0.20707474434007236,0.6945839136147165
learned_error_driven,2011_09_26/2011_09_26_drive_0011_sync,99,disturbance,59,99,0000000099.png,3,1.0094400949588567,0.6564265791821966,0.7615281619390886
learned_error_driven,2011_09_26/2011_09_26_drive_0011_sync,99,disturbance,59,99,0000000099.png,4,1.8803141389638272,1.3901786056852021,0.897194004093961
learned_error_driven,2011_09_26/2011_09_26_drive_0011_sync,99,disturbance,59,99,0000000099.png,5,1.1212041337637488,0.9301139558048552,0.018146974666837963
learned_error_driven,2011_09_26/2011_09_26_drive_0011_sync,100,disturbance,60,100,0000000100.png,1,0.26850117576341587,0.17071673144316854,0.5008112485160813
learned_error_driven,2011_09_26/2011_09_26_drive_0011_sync,100,disturbance,60,100,0000000100.png,2,0.3281878849012789,0.20695784137863482,0.695574025398165
learned_error_driven,2011_09_26/2011_09_26_drive_0011_sync,100,disturbance,60,100,0000000100.png,3,1.0096310042325423,0.6581043037454197,0.7620001871877605
learned_error_driven,2011_09_26/2011_09_26_drive_0011_sync,100,disturbance,60,100,0000000100.png,4,1.8756746130134323,1.3941388782049198,0.8973366334938859
learned_error_driven,2011_09_26/2011_09_26_drive_0011_sync,100,disturbance,60,100,0000000100.png,5,1.1101904801559146,0.9390136040411755,0.018073871124802236
learned_error_driven,2011_09_26/2011_09_26_drive_0011_sync,101,disturbance,61,101,0000000101.png,1,0.27734576738830086,0.16828153791136508,0.5029872710451401
learned_error_driven,2011_09_26/2011_09_26_drive_0011_sync,101,disturbance,61,101,0000000101.png,2,0.33238470461967506,0.20676678954629296,0.6969380156459123
learned_error_driven,2011_09_26/2011_09_26_drive_0011_sync,101,disturbance,61,101,0000000101.png,3,1.0083465116541557,0.6583710663937344,0.7622578956574856
learned_error_driven,2011_09_26/2011_09_26_drive_0011_sync,101,disturbance,61,101,0000000101.png,4,1.8857955447332926,1.3989089280480616,0.8987601900131841
learned_error_driven,2011_09_26/2011_09_26_drive_0011_sync,101,disturbance,61,101,0000000101.png,5,1.10719935149791,0.9441913717858409,0.017995869276421144
learned_error_driven,2011_09_26/2011_09_26_drive_0011_sync,102,disturbance,62,102,0000000102.png,1,0.2699772788024352,0.16671226331829023,0.5048010574762095
learned_error_driven,2011_09_26/2011_09_26_drive_0011_sync,102,disturbance,62,102,0000000102.png,2,0.3246095904454193,0.20704469671044085,0.698144826127146
learned_error_driven,2011_09_26/2011_09_26_drive_0011_sync,102,disturbance,62,102,0000000102.png,3,0.9877765284887696,0.6589775446856726,0.7629874377013826
learned_error_driven,2011_09_26/2011_09_26_drive_0011_sync,102,disturbance,62,102,0000000102.png,4,1.8664078121055008,1.4056799874656118,0.8998360233162334
learned_error_driven,2011_09_26/2011_09_26_drive_0011_sync,102,disturbance,62,102,0000000102.png,5,1.1206819488148152,0.9508638766599875,0.017916531036132624
learned_error_driven,2011_09_26/2011_09_26_drive_0011_sync,103,disturbance,63,103,0000000103.png,1,0.25690792061572315,0.16127020315627594,0.5065118277540257
learned_error_driven,2011_09_26/2011_09_26_drive_0011_sync,103,disturbance,63,103,0000000103.png,2,0.3184604099479622,0.2067758607606722,0.6994306641300035
learned_error_driven,2011_09_26/2011_09_26_drive_0011_sync,103,disturbance,63,103,0000000103.png,3,0.9821322732184036,0.6600134629781704,0.7627896497685828
learned_error_driven,2011_09_26/2011_09_26_drive_0011_sync,103,disturbance,63,103,0000000103.png,4,1.8606708456877583,1.4121114553620089,0.90145584866746
learned_error_driven,2011_09_26/2011_09_26_drive_0011_sync,103,disturbance,63,103,0000000103.png,5,1.1224883973049269,0.9590511587038958,0.017837291363553852
learned_error_driven,2011_09_26/2011_09_26_drive_0011_sync,104,disturbance,64,104,0000000104.png,1,0.25827935032074223,0.15619546347352947,0.5079894368660965
learned_error_driven,2011_09_26/2011_09_26_drive_0011_sync,104,disturbance,64,104,0000000104.png,2,0.314093397250064,0.20593482937692487,0.6993762556638475
learned_error_driven,2011_09_26/2011_09_26_drive_0011_sync,104,disturbance,64,104,0000000104.png,3,0.9752339974590399,0.6591870830646687,0.7638059462341091
learned_error_driven,2011_09_26/2011_09_26_drive_0011_sync,104,disturbance,64,104,0000000104.png,4,1.8417366350450117,1.4157669232149583,0.9037635880675939
learned_error_driven,2011_09_26/2011_09_26_drive_0011_sync,104,disturbance,64,104,0000000104.png,5,1.1063830988987067,0.964688840406421,0.01776086175441166
learned_error_driven,2011_09_26/2011_09_26_drive_0011_sync,105,disturbance,65,105,0000000105.png,1,0.2534795170026892,0.15362358427217335,0.5094099175663604
learned_error_driven,2011_09_26/2011_09_26_drive_0011_sync,105,disturbance,65,105,0000000105.png,2,0.306419382404647,0.204678076401812,0.7006423185735239
learned_error_driven,2011_09_26/2011_09_26_drive_0011_sync,105,disturbance,65,105,0000000105.png,3,0.9595625149147072,0.65793567657571,0.7649847886634857
learned_error_driven,2011_09_26/2011_09_26_drive_0011_sync,105,disturbance,65,105,0000000105.png,4,1.8226354268384204,1.4159261237996423,0.9067335234214436
learned_error_driven,2011_09_26/2011_09_26_drive_0011_sync,105,disturbance,65,105,0000000105.png,5,1.0763062622015966,0.9623573722246671,0.017688001880647335
learned_error_driven,2011_09_26/2011_09_26_drive_0011_sync,106,disturbance,66,106,0000000106.png,1,0.25688516403812944,0.15422364314568407,0.5112343713532757
learned_error_driven,2011_09_26/2011_09_26_drive_0011_sync,106,disturbance,66,106,0000000106.png,2,0.3028811263061102,0.20365208746199703,0.701760808060152
learned_error_driven,2011_09_26/2011_09_26_drive_0011_sync,106,disturbance,66,106,0000000106.png,3,0.9494645591754991,0.6563968960637723,0.7662254311351824
learned_error_driven,2011_09_26/2011_09_26_drive_0011_sync,106,disturbance,66,106,0000000106.png,4,1.8061863031713745,1.4146040294987559,0.9090518905312623
learned_error_driven,2011_09_26/2011_09_26_drive_0011_sync,106,disturbance,66,106,0000000106.png,5,1.0750513677663331,0.9587930966375275,0.017617533756895253
learned_error_driven,2011_09_26/2011_09_26_drive_0011_sync,107,disturbance,67,107,0000000107.png,1,0.23923895501039313,0.1556693793236901,0.512968989096738
learned_error_driven,2011_09_26/2011_09_26_drive_0011_sync,107,disturbance,67,107,0000000107.png,2,0.2939497028529749,0.2025286516928067,0.7031253646721799
learned_error_driven,2011_09_26/2011_09_26_drive_0011_sync,107,disturbance,67,107,0000000107.png,3,0.9321106057248963,0.6567886121842677,0.7674173333698422
learned_error_driven,2011_09_26/2011_09_26_drive_0011_sync,107,disturbance,67,107,0000000107.png,4,1.7853788894774665,1.41427703533745,0.9117613240181299
learned_error_driven,2011_09_26/2011_09_26_drive_0011_sync,107,disturbance,67,107,0000000107.png,5,1.0444031126265885,0.9511968322014871,0.017548722354569054
learned_error_driven,2011_09_26/2011_09_26_drive_0011_sync,108,disturbance,68,108,0000000108.png,1,0.21714783587783895,0.15428381338018318,0.5149396896273167
learned_error_driven,2011_09_26/2011_09_26_drive_0011_sync,108,disturbance,68,108,0000000108.png,2,0.2849383290747042,0.20115232140208758,0.7039159146558615
learned_error_driven,2011_09_26/2011_09_26_drive_0011_sync,108,disturbance,68,108,0000000108.png,3,0.9066501501304495,0.6550921015068453,0.7696066474246327
learned_error_driven,2011_09_26/2011_09_26_drive_0011_sync,108,disturbance,68,108,0000000108.png,4,1.7594008386426914,1.4135613122631536,0.9150995580066974
learned_error_driven,2011_09_26/2011_09_26_drive_0011_sync,108,disturbance,68,108,0000000108.png,5,1.0146296702186774,0.941139692223054,0.01748016150299449
learned_error_driven,2011_09_26/2011_09_26_drive_0011_sync,109,disturbance,69,109,0000000109.png,1,0.20952461476393197,0.1502548369143019,0.5170675964402717
learned_error_driven,2011_09_26/2011_09_26_drive_0011_sync,109,disturbance,69,109,0000000109.png,2,0.2793968562830776,0.19909870713373828,0.704860235911841
learned_error_driven,2011_09_26/2011_09_26_drive_0011_sync,109,disturbance,69,109,0000000109.png,3,0.890869523817363,0.6519979071815387,0.7710337754230309
learned_error_driven,2011_09_26/2011_09_26_drive_0011_sync,109,disturbance,69,109,0000000109.png,4,1.731857916757866,1.4130414501515074,0.9177625340226176
learned_error_driven,2011_09_26/2011_09_26_drive_0011_sync,109,disturbance,69,109,0000000109.png,5,1.0059164755716035,0.9318255530697686,0.01741324434643946
learned_error_driven,2011_09_26/2011_09_26_drive_0011_sync,110,disturbance,70,110,0000000110.png,1,0.21437110640615697,0.14512307374962416,0.5192152535636612
learned_error_driven,2011_09_26/2011_09_26_drive_0011_sync,110,disturbance,70,110,0000000110.png,2,0.2839118832206962,0.19815475728482812,0.7061011383447926
learned_error_driven,2011_09_26/2011_09_26_drive_0011_sync,110,disturbance,70,110,0000000110.png,3,0.8936626002482491,0.6496739141999334,0.7730275073215318
learned_error_driven,2011_09_26/2011_09_26_drive_0011_sync,110,disturbance,70,110,0000000110.png,4,1.7248584254963448,1.4147082743060484,0.9202651036390652
learned_error_driven,2011_09_26/2011_09_26_drive_0011_sync,110,disturbance,70,110,0000000110.png,5,1.0102687017527452,0.9278303319188356,0.017347614311326146
learned_error_driven,2011_09_26/2011_09_26_drive_0011_sync,111,disturbance,71,111,0000000111.png,1,0.2209105409319252,0.14306587015302313,0.5211254603525023
learned_error_driven,2011_09_26/2011_09_26_drive_0011_sync,111,disturbance,71,111,0000000111.png,2,0.27789741450448235,0.1982886900945619,0.7083668619372758
learned_error_driven,2011_09_26/2011_09_26_drive_0011_sync,111,disturbance,71,111,0000000111.png,3,0.8873336901741168,0.6515881519345916,0.7750028132823376
learned_error_driven,2011_09_26/2011_09_26_drive_0011_sync,111,disturbance,71,111,0000000111.png,4,1.7236764490379182,1.420085136570436,0.922216314081274
learned_error_driven,2011_09_26/2011_09_26_drive_0011_sync,111,disturbance,71,111,0000000111.png,5,1.0057125542428598,0.9255137659271476,0.017282953617918533
learned_error_driven,2011_09_26/2011_09_26_drive_0011_sync,112,disturbance,72,112,0000000112.png,1,0.21295812795619742,0.1416747449623385,0.5230631396645039
learned_error_driven,2011_09_26/2011_09_26_drive_0011_sync,112,disturbance,72,112,0000000112.png,2,0.2780245175982253,0.19840343348150127,0.7105966157280288
learned_error_driven,2011_09_26/2011_09_26_drive_0011_sync,112,disturbance,72,112,0000000112.png,3,0.8860189167368709,0.6538875133084429,0.7765665501397738
learned_error_driven,2011_09_26/2011_09_26_drive_0011_sync,112,disturbance,72,112,0000000112.png,4,1.7324254115012778,1.427519642001787,0.9239803674097139
learned_error_driven,2011_09_26/2011_09_26_drive_0011_sync,112,disturbance,72,112,0000000112.png,5,1.0039444450863941,0.9246808035029946,0.017217218048688192
learned_error_driven,2011_09_26/2011_09_26_drive_0011_sync,113,disturbance,73,113,0000000113.png,1,0.21042696271953246,0.1393702394783666,0.5248026669409712
learned_error_driven,2011_09_26/2011_09_26_drive_0011_sync,113,disturbance,73,113,0000000113.png,2,0.28019766935147733,0.19824683890913677,0.7122785778660362
learned_error_driven,2011_09_26/2011_09_26_drive_0011_sync,113,disturbance,73,113,0000000113.png,3,0.8866073114788239,0.6554821750010418,0.7774838713790748
learned_error_driven,2011_09_26/2011_09_26_drive_0011_sync,113,disturbance,73,113,0000000113.png,4,1.7419649009289218,1.4350027373269096,0.9256848828570572
learned_error_driven,2011_09_26/2011_09_26_drive_0011_sync,113,disturbance,73,113,0000000113.png,5,1.0077585540525411,0.9245413240709706,0.017151259912100987
learned_error_driven,2011_09_26/2011_09_26_drive_0011_sync,114,disturbance,74,114,0000000114.png,1,0.2266283287180801,0.13905517344307267,0.5264082466760258
learned_error_driven,2011_09_26/2011_09_26_drive_0011_sync,114,disturbance,74,114,0000000114.png,2,0.2838521701857846,0.19845694606612962,0.7144551579792427
learned_error_driven,2011_09_26/2011_09_26_drive_0011_sync,114,disturbance,74,114,0000000114.png,3,0.8942296324884729,0.6570970288769846,0.778554998091957
learned_error_driven,2011_09_26/2011_09_26_drive_0011_sync,114,disturbance,74,114,0000000114.png,4,1.7582294694442486,1.4440722165370579,0.9275122301010971
learned_error_driven,2011_09_26/2011_09_26_drive_0011_sync,114,disturbance,74,114,0000000114.png,5,1.003324191678415,0.9244686818852174,0.017085753080951793
learned_error_driven,2011_09_26/2011_09_26_drive_0011_sync,115,disturbance,75,115,0000000115.png,1,0.22198164618848681,0.1379599071715068,0.5283428363312477
learned_error_driven,2011_09_26/2011_09_26_drive_0011_sync,115,disturbance,75,115,0000000115.png,2,0.28618556243910215,0.19844065396010685,0.7163702428887623
learned_error_driven,2011_09_26/2011_09_26_drive_0011_sync,115,disturbance,75,115,0000000115.png,3,0.897102905697128,0.6585375640056637,0.7790735218211388
learned_error_driven,2011_09_26/2011_09_26_drive_0011_sync,115,disturbance,75,115,0000000115.png,4,1.766496955577211,1.452356616103659,0.9291407796232753
learned_error_driven,2011_09_26/2011_09_26_drive_0011_sync,115,disturbance,75,115,0000000115.png,5,1.0020273701785651,0.9238883478796119,0.017020551649971797
learned_error_driven,2011_09_26/2011_09_26_drive_0011_sync,116,disturbance,76,116,0000000116.png,1,0.22857521488820726,0.13597248588163682,0.5306011668313363
learned_error_driven,2011_09_26/2011_09_26_drive_0011_sync,116,disturbance,76,116,0000000116.png,2,0.2919195806246065,0.19883594540987581,0.7183737014667751
learned_error_driven,2011_09_26/2011_09_26_drive_0011_sync,116,disturbance,76,116,0000000116.png,3,0.9015204219821052,0.6596350696074058,0.7805233058927726
learned_error_driven,2011_09_26/2011_09_26_drive_0011_sync,116,disturbance,76,116,0000000116.png,4,1.7680101832402146,1.4571852473592823,0.9308144554701755
learned_error_driven,2011_09_26/2011_09_26_drive_0011_sync,116,disturbance,76,116,0000000116.png,5,0.998734697409755,0.9229737120306258,0.016957334279988384
learned_error_driven,2011_09_26/2011_09_26_drive_0011_sync,117,disturbance,77,117,0000000117.png,1,0.23847903987639496,0.13581480994158796,0.5330211067940944
learned_error_driven,2011_09_26/2011_09_26_drive_0011_sync,117,disturbance,77,117,0000000117.png,2,0.2924601832828989,0.19976220697946404,0.7202674403831582
learned_error_driven,2011_09_26/2011_09_26_drive_0011_sync,117,disturbance,77,117,0000000117.png,3,0.9119752462973136,0.6623867180899952,0.7815228162929793
learned_error_driven,2011_09_26/2011_09_26_drive_0011_sync,117,disturbance,77,117,0000000117.png,4,1.7771869160830298,1.4620815911980651,0.9322584178961805
learned_error_driven,2011_09_26/2011_09_26_drive_0011_sync,117,disturbance,77,117,0000000117.png,5,1.0101589356820362,0.9243257770643737,0.016895854294449168
learned_error_driven,2011_09_26/2011_09_26_drive_0011_sync,118,disturbance,78,118,0000000118.png,1,0.2472482485377852,0.1374135736802011,0.5354306022434814
learned_error_driven,2011_09_26/2011_09_26_drive_0011_sync,118,disturbance,78,118,0000000118.png,2,0.2952816507994777,0.20015195428722007,0.7219931348921163
learned_error_driven,2011_09_26/2011_09_26_drive_0011_sync,118,disturbance,78,118,0000000118.png,3,0.9095340249938139,0.6640604411200884,0.7820234486968975
learned_error_driven,2011_09_26/2011_09_26_drive_0011_sync,118,disturbance,78,118,0000000118.png,4,1.7953912111838348,1.4677990744745804,0.9340837498794989
learned_error_driven,2011_09_26/2011_09_26_drive_0011_sync,118,disturbance,78,118,0000000118.png,5,0.9946004519615588,0.9227784966108694,0.01683498450626066
learned_error_driven,2011_09_26/2011_09_26_drive_0011_sync,119,disturbance,79,119,0000000119.png,1,0.25179562691895324,0.14033496411012278,0.5383371764015169
learned_error_driven,2011_09_26/2011_09_26_drive_0011_sync,119,disturbance,79,119,0000000119.png,2,0.2968175481534104,0.20046167288856936,0.723248622151281
learned_error_driven,2011_09_26/2011_09_26_drive_0011_sync,119,disturbance,79,119,0000000119.png,3,0.9136066686978531,0.665337471936264,0.7826703532769393
learned_error_driven,2011_09_26/2011_09_26_drive_0011_sync,119,disturbance,79,119,0000000119.png,4,1.8004996180400328,1.4736031662100277,0.9358877018140535
learned_error_driven,2011_09_26/2011_09_26_drive_0011_sync,119,disturbance,79,119,0000000119.png,5,0.9965561418151767,0.9214883641903092,0.016773522665589954
learned_error_driven,2011_09_26/2011_09_26_drive_0011_sync,120,recovery,0,120,0000000120.png,1,0.5059491379246281,0.1774588404306655,0.5304169634961746
learned_error_driven,2011_09_26/2011_09_26_drive_0011_sync,120,recovery,0,120,0000000120.png,2,1.009855668548414,0.27798008590377016,0.6749417108415399
learned_error_driven,2011_09_26/2011_09_26_drive_0011_sync,120,recovery,0,120,0000000120.png,3,2.1033889525770633,0.6931723445770307,0.7297676127745844
learned_error_driven,2011_09_26/2011_09_26_drive_0011_sync,120,recovery,0,120,0000000120.png,4,3.0665855297473423,1.455807831727458,0.8933558238764306
learned_error_driven,2011_09_26/2011_09_26_drive_0011_sync,120,recovery,0,120,0000000120.png,5,1.6616179531066557,0.9266732182174905,0.016695708812445902
learned_error_driven,2011_09_26/2011_09_26_drive_0011_sync,121,recovery,1,121,0000000121.png,1,0.41586167826526566,0.19008196993362372,0.5121270098789176
learned_error_driven,2011_09_26/2011_09_26_drive_0011_sync,121,recovery,1,121,0000000121.png,2,0.882422190528441,0.34384241353791073,0.6221674808094048
learned_error_driven,2011_09_26/2011_09_26_drive_0011_sync,121,recovery,1,121,0000000121.png,3,1.900228950898016,0.8001564454092869,0.6725970169418741
learned_error_driven,2011_09_26/2011_09_26_drive_0011_sync,121,recovery,1,121,0000000121.png,4,2.8932844467561183,1.5334927316257418,0.8369398114374639
learned_error_driven,2011_09_26/2011_09_26_drive_0011_sync,121,recovery,1,121,0000000121.png,5,1.6898379155556875,0.9956166226439913,0.016607835982463494
learned_error_driven,2011_09_26/2011_09_26_drive_0011_sync,122,recovery,2,122,0000000122.png,1,0.42161927669148086,0.18743797927035127,0.4887160976390485
learned_error_driven,2011_09_26/2011_09_26_drive_0011_sync,122,recovery,2,122,0000000122.png,2,0.8249452201702856,0.37873737003828506,0.564932531934164
learned_error_driven,2011_09_26/2011_09_26_drive_0011_sync,122,recovery,2,122,0000000122.png,3,1.7805933819703053,0.8822596881222177,0.6157829762119332
learned_error_driven,2011_09_26/2011_09_26_drive_0011_sync,122,recovery,2,122,0000000122.png,4,2.7889987781330827,1.6190125386104919,0.7786193259969567
learned_error_driven,2011_09_26/2011_09_26_drive_0011_sync,122,recovery,2,122,0000000122.png,5,1.6756104053085663,1.075222084025807,0.016517103839939484
learned_error_driven,2011_09_26/2011_09_26_drive_0011_sync,123,recovery,3,123,0000000123.png,1,0.4054692212712537,0.18939574218967675,0.46351183113390404
learned_error_driven,2011_09_26/2011_09_26_drive_0011_sync,123,recovery,3,123,0000000123.png,2,0.7941195983491389,0.3978844305088457,0.5099259029292981
learned_error_driven,2011_09_26/2011_09_26_drive_0011_sync,123,recovery,3,123,0000000123.png,3,1.7141878158050203,0.9414248791565608,0.5618437613555906
learned_error_driven,2011_09_26/2011_09_26_drive_0011_sync,123,recovery,3,123,0000000123.png,4,2.7108630500035504,1.6954547171084067,0.7212331651765337
learned_error_driven,2011_09_26/2011_09_26_drive_0011_sync,123,recovery,3,123,0000000123.png,5,1.664477475880508,1.147746113779361,0.016425757658528647
learned_error_driven,2011_09_26/2011_09_26_drive_0011_sync,124,recovery,4,124,0000000124.png,1,0.39525198845132714,0.18892390295777825,0.43949031923448684
learned_error_driven,2011_09_26/2011_09_26_drive_0011_sync,124,recovery,4,124,0000000124.png,2,0.7873905441240538,0.40722599079019595,0.4601632654666494
learned_error_driven,2011_09_26/2011_09_26_drive_0011_sync,124,recovery,4,124,0000000124.png,3,1.6946258262973632,0.9837934367097496,0.5126494285270915
learned_error_driven,2011_09_26/2011_09_26_drive_0011_sync,124,recovery,4,124,0000000124.png,4,2.6749242822329466,1.7589545560275528,0.6677542844096155
learned_error_driven,2011_09_26/2011_09_26_drive_0011_sync,124,recovery,4,124,0000000124.png,5,1.6575462115242743,1.2085282185244004,0.01633273289404733
learned_error_driven,2011_09_26/2011_09_26_drive_0011_sync,125,recovery,5,125,0000000125.png,1,0.37979092276166304,0.19097045729868223,0.41683588588653786
learned_error_driven,2011_09_26/2011_09_26_drive_0011_sync,125,recovery,5,125,0000000125.png,2,0.7720868726483898,0.4181208956813275,0.41491384336593623
learned_error_driven,2011_09_26/2011_09_26_drive_0011_sync,125,recovery,5,125,0000000125.png,3,1.671751390733135,1.0214263674754211,0.46792624695601986
learned_error_driven,2011_09_26/2011_09_26_drive_0011_sync,125,recovery,5,125,0000000125.png,4,2.6420997721208406,1.8179933536539634,0.6190289573953469
learned_error_driven,2011_09_26/2011_09_26_drive_0011_sync,125,recovery,5,125,0000000125.png,5,1.6276124104469374,1.2583913783941505,0.01623708977242542
learned_error_driven,2011_09_26/2011_09_26_drive_0011_sync,126,recovery,6,126,0000000126.png,1,0.37171187100392017,0.19338125070465084,0.3955562284810914
learned_error_driven,2011_09_26/2011_09_26_drive_0011_sync,126,recovery,6,126,0000000126.png,2,0.7643084514121523,0.42416822054156766,0.3752408352118227
learned_error_driven,2011_09_26/2011_09_26_drive_0011_sync,126,recovery,6,126,0000000126.png,3,1.656314195670686,1.046647870711918,0.4284655307764294
learned_error_driven,2011_09_26/2011_09_26_drive_0011_sync,126,recovery,6,126,0000000126.png,4,2.620395698127302,1.868493674885933,0.573927005503012
learned_error_driven,2011_09_26/2011_09_26_drive_0011_sync,126,recovery,6,126,0000000126.png,5,1.628193256400672,1.301283524837984,0.016138819704812957
learned_error_driven,2011_09_26/2011_09_26_drive_0011_sync,127,recovery,7,127,0000000127.png,1,0.3820058542881689,0.19291796680935647,0.37575427522368027
learned_error_driven,2011_09_26/2011_09_26_drive_0011_sync,127,recovery,7,127,0000000127.png,2,0.7683371227830064,0.4254604909654114,0.3406796249541619
learned_error_driven,2011_09_26/2011_09_26_drive_0011_sync,127,recovery,7,127,0000000127.png,3,1.6599072906022827,1.0658097957878623,0.39298507827738094
learned_error_driven,2011_09_26/2011_09_26_drive_0011_sync,127,recovery,7,127,0000000127.png,4,2.6085118921675683,1.9064241924662102,0.5329912971935923
learned_error_driven,2011_09_26/2011_09_26_drive_0011_sync,127,recovery,7,127,0000000127.png,5,1.6304135989868282,1.3365063415930805,0.01603938783677564
learned_error_driven,2011_09_26/2011_09_26_drive_0011_sync,128,recovery,8,128,0000000128.png,1,0.3705979643279303,0.19506929599473127,0.3570901957308952
learned_error_driven,2011_09_26/2011_09_26_drive_0011_sync,128,recovery,8,128,0000000128.png,2,0.761648292174628,0.4319285726521976,0.309623653984192
learned_error_driven,2011_09_26/2011_09_26_drive_0011_sync,128,recovery,8,128,0000000128.png,3,1.654943519490713,1.0858079054025727,0.36137140399752865
learned_error_driven,2011_09_26/2011_09_26_drive_0011_sync,128,recovery,8,128,0000000128.png,4,2.6305557678787266,1.9437094009903537,0.49523455259581234
learned_error_driven,2011_09_26/2011_09_26_drive_0011_sync,128,recovery,8,128,0000000128.png,5,1.6177209840576503,1.3630339803893772,0.015940662259423005
learned_error_driven,2011_09_26/2011_09_26_drive_0011_sync,129,recovery,9,129,0000000129.png,1,0.3657365437124175,0.196270284914677,0.3394758728063607
learned_error_driven,2011_09_26/2011_09_26_drive_0011_sync,129,recovery,9,129,0000000129.png,2,0.753087317517872,0.43591584160506247,0.28230067006539744
learned_error_driven,2011_09_26/2011_09_26_drive_0011_sync,129,recovery,9,129,0000000129.png,3,1.6436844155946035,1.0991900287654723,0.3327656226119408
learned_error_driven,2011_09_26/2011_09_26_drive_0011_sync,129,recovery,9,129,0000000129.png,4,2.6216716592379745,1.9719379605870633,0.46083259254029235
learned_error_driven,2011_09_26/2011_09_26_drive_0011_sync,129,recovery,9,129,0000000129.png,5,1.622349690015327,1.385730862483604,0.01584479828143522
learned_error_driven,2011_09_26/2011_09_26_drive_0011_sync,130,recovery,10,130,0000000130.png,1,0.37454945100083226,0.1958368776599807,0.3229105744126005
learned_error_driven,2011_09_26/2011_09_26_drive_0011_sync,130,recovery,10,130,0000000130.png,2,0.755217696198294,0.43420310338473317,0.2584060008641594
learned_error_driven,2011_09_26/2011_09_26_drive_0011_sync,130,recovery,10,130,0000000130.png,3,1.644267762841165,1.1050595657318791,0.3079945304345117
learned_error_driven,2011_09_26/2011_09_26_drive_0011_sync,130,recovery,10,130,0000000130.png,4,2.6218177871386037,1.9903496586900111,0.42923550088475104
learned_error_driven,2011_09_26/2011_09_26_drive_0011_sync,130,recovery,10,130,0000000130.png,5,1.6328410714058457,1.4052011516828165,0.015753082146566382
learned_error_driven,2011_09_26/2011_09_26_drive_0011_sync,131,recovery,11,131,0000000131.png,1,0.3793554086801674,0.19568075233073057,0.30740088793982867
learned_error_driven,2011_09_26/2011_09_26_drive_0011_sync,131,recovery,11,131,0000000131.png,2,0.7623849639779846,0.4333939738574759,0.2372594120656853
learned_error_driven,2011_09_26/2011_09_26_drive_0011_sync,131,recovery,11,131,0000000131.png,3,1.653185052245144,1.1104603888839257,0.2856320698987831
learned_error_driven,2011_09_26/2011_09_26_drive_0011_sync,131,recovery,11,131,0000000131.png,4,2.6328495072358957,2.0075914157581036,0.40038070298855233
learned_error_driven,2011_09_26/2011_09_26_drive_0011_sync,131,recovery,11,131,0000000131.png,5,1.6332986917596,1.4213625977661692,0.01566532125469741
learned_error_driven,2011_09_26/2011_09_26_drive_0011_sync,132,recovery,12,132,0000000132.png,1,0.3890516581024619,0.19653767209355294,0.2928704145074486
learned_error_driven,2011_09_26/2011_09_26_drive_0011_sync,132,recovery,12,132,0000000132.png,2,0.7633003181373775,0.4321908782463891,0.21832233983617924
learned_error_driven,2011_09_26/2011_09_26_drive_0011_sync,132,recovery,12,132,0000000132.png,3,1.6530132528766577,1.1118030835249446,0.2658244452243478
learned_error_driven,2011_09_26/2011_09_26_drive_0011_sync,132,recovery,12,132,0000000132.png,4,2.6273795707581296,2.0210406472017697,0.3740718147096396
learned_error_driven,2011_09_26/2011_09_26_drive_0011_sync,132,recovery,12,132,0000000132.png,5,1.6454678516756025,1.4354077503657954,0.015581396687178525
learned_error_driven,2011_09_26/2011_09_26_drive_0011_sync,133,recovery,13,133,0000000133.png,1,0.38357726141898557,0.19865950163267307,0.2792050772959252
learned_error_driven,2011_09_26/2011_09_26_drive_0011_sync,133,recovery,13,133,0000000133.png,2,0.7553182594390616,0.43470324139273425,0.2009417691160217
learned_error_driven,2011_09_26/2011_09_26_drive_0011_sync,133,recovery,13,133,0000000133.png,3,1.6499817926522629,1.116509789349172,0.2477642853847203
learned_error_driven,2011_09_26/2011_09_26_drive_0011_sync,133,recovery,13,133,0000000133.png,4,2.653819096679993,2.0354581446136066,0.35000675059686825
learned_error_driven,2011_09_26/2011_09_26_drive_0011_sync,133,recovery,13,133,0000000133.png,5,1.6684657299563344,1.4481969988740997,0.015500847558667898
learned_error_driven,2011_09_26/2011_09_26_drive_0011_sync,134,recovery,14,134,0000000134.png,1,0.3924776761386799,0.2017206045562749,0.26608735071618683
learned_error_driven,2011_09_26/2011_09_26_drive_0011_sync,134,recovery,14,134,0000000134.png,2,0.7607410535233942,0.4391760634934353,0.1852970405922686
learned_error_driven,2011_09_26/2011_09_26_drive_0011_sync,134,recovery,14,134,0000000134.png,3,1.6543635685526779,1.1233191070057325,0.23125663722796083
learned_error_driven,2011_09_26/2011_09_26_drive_0011_sync,134,recovery,14,134,0000000134.png,4,2.6899785954035353,2.051834072774881,0.32770964011458525
learned_error_driven,2011_09_26/2011_09_26_drive_0011_sync,134,recovery,14,134,0000000134.png,5,1.685057662324552,1.4578067365018599,0.01542409493376861
learned_error_driven,2011_09_26/2011_09_26_drive_0011_sync,135,recovery,15,135,0000000135.png,1,0.4022369853540804,0.20358549009810065,0.2535957578836216
learned_error_driven,2011_09_26/2011_09_26_drive_0011_sync,135,recovery,15,135,0000000135.png,2,0.767946764360945,0.4412573096582234,0.17112725527730768
learned_error_driven,2011_09_26/2011_09_26_drive_0011_sync,135,recovery,15,135,0000000135.png,3,1.6721324118476364,1.1292732858790704,0.21603964582855903
learned_error_driven,2011_09_26/2011_09_26_drive_0011_sync,135,recovery,15,135,0000000135.png,4,2.6853090587274524,2.0626912554002548,0.30700156464547734
learned_error_driven,2011_09_26/2011_09_26_drive_0011_sync,135,recovery,15,135,0000000135.png,5,1.6807415267374093,1.462174619606302,0.01535077191620657
learned_error_driven,2011_09_26/2011_09_26_drive_0011_sync,136,recovery,16,136,0000000136.png,1,0.4511216387914998,0.19933600621391023,0.24196347852150407
learned_error_driven,2011_09_26/2011_09_26_drive_0011_sync,136,recovery,16,136,0000000136.png,2,0.8359760184426351,0.42177593187383566,0.15969041092191158
learned_error_driven,2011_09_26/2011_09_26_drive_0011_sync,136,recovery,16,136,0000000136.png,3,1.7434217966177576,1.1078461882594377,0.20344060572132475
learned_error_driven,2011_09_26/2011_09_26_drive_0011_sync,136,recovery,16,136,0000000136.png,4,2.7538553077826435,2.0503288031976785,0.28843924153592254
learned_error_driven,2011_09_26/2011_09_26_drive_0011_sync,136,recovery,16,136,0000000136.png,5,1.7272292913275122,1.4679307461059397,0.015280312759646425
learned_error_driven,2011_09_26/2011_09_26_drive_0011_sync,137,recovery,17,137,0000000137.png,1,0.46022780766699223,0.197211805272907,0.23141420900113285
learned_error_driven,2011_09_26/2011_09_26_drive_0011_sync,137,recovery,17,137,0000000137.png,2,0.8622834736207304,0.40857317604107,0.14930980425390872
learned_error_driven,2011_09_26/2011_09_26_drive_0011_sync,137,recovery,17,137,0000000137.png,3,1.7643613260450555,1.0852493075714424,0.19167764013553504
learned_error_driven,2011_09_26/2011_09_26_drive_0011_sync,137,recovery,17,137,0000000137.png,4,2.773868177095039,2.034339327902268,0.2720876071156575
learned_error_driven,2011_09_26/2011_09_26_drive_0011_sync,137,recovery,17,137,0000000137.png,5,1.718242894824734,1.465986561249718,0.0152125864999838
learned_error_driven,2011_09_26/2011_09_26_drive_0011_sync,138,recovery,18,138,0000000138.png,1,0.43102657404111433,0.2027102781323427,0.22144954547212525
learned_error_driven,2011_09_26/2011_09_26_drive_0011_sync,138,recovery,18,138,0000000138.png,2,0.8217235399386457,0.41876150684487595,0.1382611129720314
learned_error_driven,2011_09_26/2011_09_26_drive_0011_sync,138,recovery,18,138,0000000138.png,3,1.7244285839226225,1.0872694187022856,0.18019043239862217
learned_error_driven,2011_09_26/2011_09_26_drive_0011_sync,138,recovery,18,138,0000000138.png,4,2.733125738645885,2.0262873908811154,0.25625227067430006
learned_error_driven,2011_09_26/2011_09_26_drive_0011_sync,138,recovery,18,138,0000000138.png,5,1.7387836234032938,1.4706635342028258,0.01514650064859301
learned_error_driven,2011_09_26/2011_09_26_drive_0011_sync,139,recovery,19,139,0000000139.png,1,0.42685779941230734,0.20702050368352018,0.21147795102565883
learned_error_driven,2011_09_26/2011_09_26_drive_0011_sync,139,recovery,19,139,0000000139.png,2,0.7989260266047898,0.4267524054148814,0.12832327234720328
learned_error_driven,2011_09_26/2011_09_26_drive_0011_sync,139,recovery,19,139,0000000139.png,3,1.6809585566837595,1.0890751746977154,0.16920362267980474
learned_error_driven,2011_09_26/2011_09_26_drive_0011_sync,139,recovery,19,139,0000000139.png,4,2.6826532745057694,2.021717763119715,0.2413794192098877
learned_error_driven,2011_09_26/2011_09_26_drive_0011_sync,139,recovery,19,139,0000000139.png,5,1.7107140224368105,1.4730583413982083,0.015080725550409384
learned_error_driven,2011_09_26/2011_09_26_drive_0011_sync,140,recovery,20,140,0000000140.png,1,0.4422462493667109,0.20222184804023693,0.2020807844123267
learned_error_driven,2011_09_26/2011_09_26_drive_0011_sync,140,recovery,20,140,0000000140.png,2,0.7982705922184685,0.4282888873337659,0.11922830461270988
learned_error_driven,2011_09_26/2011_09_26_drive_0011_sync,140,recovery,20,140,0000000140.png,3,1.6798375263795486,1.089092212677428,0.15917948838919932
learned_error_driven,2011_09_26/2011_09_26_drive_0011_sync,140,recovery,20,140,0000000140.png,4,2.659537433861831,2.010940891607952,0.22772812914037494
learned_error_driven,2011_09_26/2011_09_26_drive_0011_sync,140,recovery,20,140,0000000140.png,5,1.7053775760706473,1.4726139974508647,0.015014973455641458
learned_error_driven,2011_09_26/2011_09_26_drive_0011_sync,141,recovery,21,141,0000000141.png,1,0.4400940928826108,0.19933601906085308,0.19304499728827804
learned_error_driven,2011_09_26/2011_09_26_drive_0011_sync,141,recovery,21,141,0000000141.png,2,0.7926068589455806,0.43193200015557714,0.11101601819414234
learned_error_driven,2011_09_26/2011_09_26_drive_0011_sync,141,recovery,21,141,0000000141.png,3,1.674421155614755,1.0896821720586392,0.1498933343474489
learned_error_driven,2011_09_26/2011_09_26_drive_0011_sync,141,recovery,21,141,0000000141.png,4,2.671410823380781,2.0077286645233956,0.21505947736630907
learned_error_driven,2011_09_26/2011_09_26_drive_0011_sync,141,recovery,21,141,0000000141.png,5,1.7169547833518364,1.474168554706454,0.014949179527826973
learned_error_driven,2011_09_26/2011_09_26_drive_0011_sync,142,recovery,22,142,0000000142.png,1,0.4320332241381643,0.19773496486638192,0.18451026854740604
learned_error_driven,2011_09_26/2011_09_26_drive_0011_sync,142,recovery,22,142,0000000142.png,2,0.7886098441542361,0.43896087987124877,0.10312770505740883
learned_error_driven,2011_09_26/2011_09_26_drive_0011_sync,142,recovery,22,142,0000000142.png,3,1.6638239622408852,1.0947317006929593,0.14108313130105193
learned_error_driven,2011_09_26/2011_09_26_drive_0011_sync,142,recovery,22,142,0000000142.png,4,2.6689225419425555,2.0135035793571845,0.20301516748742277
learned_error_driven,2011_09_26/2011_09_26_drive_0011_sync,142,recovery,22,142,0000000142.png,5,1.7446322264955334,1.4815002675977509,0.014882778448881324
learned_error_driven,2011_09_26/2011_09_26_drive_0011_sync,143,recovery,23,143,0000000143.png,1,0.4269090994784929,0.1987689347648642,0.17626017859437337
learned_error_driven,2011_09_26/2011_09_26_drive_0011_sync,143,recovery,23,143,0000000143.png,2,0.7774448724616067,0.4426194799170419,0.0959735848296105
learned_error_driven,2011_09_26/2011_09_26_drive_0011_sync,143,recovery,23,143,0000000143.png,3,1.6471250904463106,1.0987036126175949,0.13279167775894898
learned_error_driven,2011_09_26/2011_09_26_drive_0011_sync,143,recovery,23,143,0000000143.png,4,2.6657315117009643,2.020468314525733,0.1914463429396952
learned_error_driven,2011_09_26/2011_09_26_drive_0011_sync,143,recovery,23,143,0000000143.png,5,1.7196211305584033,1.4837240357285535,0.014815428179668645
learned_error_driven,2011_09_26/2011_09_26_drive_0011_sync,144,recovery,24,144,0000000144.png,1,0.4234482644406395,0.20115818659680085,0.16843312233818172
learned_error_driven,2011_09_26/2011_09_26_drive_0011_sync,144,recovery,24,144,0000000144.png,2,0.7784321675209459,0.4455251761044634,0.08939968609550127
learned_error_driven,2011_09_26/2011_09_26_drive_0011_sync,144,recovery,24,144,0000000144.png,3,1.646316464509082,1.1005325891609181,0.12519511506311456
learned_error_driven,2011_09_26/2011_09_26_drive_0011_sync,144,recovery,24,144,0000000144.png,4,2.6173632835893996,2.0207696477570174,0.18069754271786742
learned_error_driven,2011_09_26/2011_09_26_drive_0011_sync,144,recovery,24,144,0000000144.png,5,1.6996779405931426,1.4833423378531612,0.014747087079411646
learned_error_driven,2011_09_26/2011_09_26_drive_0011_sync,145,recovery,25,145,0000000145.png,1,0.4213498415959411,0.20140690146547194,0.16100277801513604
learned_error_driven,2011_09_26/2011_09_26_drive_0011_sync,145,recovery,25,145,0000000145.png,2,0.767317534926238,0.4475110588571944,0.08337493737952516
learned_error_driven,2011_09_26/2011_09_26_drive_0011_sync,145,recovery,25,145,0000000145.png,3,1.625118281655386,1.1039412061788796,0.1180475856651267
learned_error_driven,2011_09_26/2011_09_26_drive_0011_sync,145,recovery,25,145,0000000145.png,4,2.5868174780299382,2.0234606303858604,0.17074150884266065
learned_error_driven,2011_09_26/2011_09_26_drive_0011_sync,145,recovery,25,145,0000000145.png,5,1.6385946729808536,1.4763786987625367,0.014677285806137044
learned_error_driven,2011_09_26/2011_09_26_drive_0011_sync,146,recovery,26,146,0000000146.png,1,0.4100804768987022,0.2007695396795747,0.15388867102588422
learned_error_driven,2011_09_26/2011_09_26_drive_0011_sync,146,recovery,26,146,0000000146.png,2,0.7530348837834809,0.4485588867718779,0.07769747277410562
learned_error_driven,2011_09_26/2011_09_26_drive_0011_sync,146,recovery,26,146,0000000146.png,3,1.6158836070083147,1.1102050847409617,0.1113593033492631
learned_error_driven,2011_09_26/2011_09_26_drive_0011_sync,146,recovery,26,146,0000000146.png,4,2.5687368650204236,2.0283227870602447,0.1611478142452961
learned_error_driven,2011_09_26/2011_09_26_drive_0011_sync,146,recovery,26,146,0000000146.png,5,1.6586698645328966,1.474142580176529,0.014606046973171853
learned_error_driven,2011_09_26/2011_09_26_drive_0011_sync,147,recovery,27,147,0000000147.png,1,0.40690642530137205,0.19996532388665955,0.14710840374281203
learned_error_driven,2011_09_26/2011_09_26_drive_0011_sync,147,recovery,27,147,0000000147.png,2,0.7544513221089778,0.44866755362907207,0.07275479516412972
learned_error_driven,2011_09_26/2011_09_26_drive_0011_sync,147,recovery,27,147,0000000147.png,3,1.6106756184649262,1.1115482555923644,0.10518624214654072
learned_error_driven,2011_09_26/2011_09_26_drive_0011_sync,147,recovery,27,147,0000000147.png,4,2.5501467034395064,2.027103833569461,0.15225662558152175
learned_error_driven,2011_09_26/2011_09_26_drive_0011_sync,147,recovery,27,147,0000000147.png,5,1.6260893117115816,1.4685707197226785,0.014534044252203279
learned_error_driven,2011_09_26/2011_09_26_drive_0011_sync,148,recovery,28,148,0000000148.png,1,0.41361150547158515,0.19850601224274256,0.14073070725911552
learned_error_driven,2011_09_26/2011_09_26_drive_0011_sync,148,recovery,28,148,0000000148.png,2,0.7473892595503142,0.4491223235202691,0.06804464823024531
learned_error_driven,2011_09_26/2011_09_26_drive_0011_sync,148,recovery,28,148,0000000148.png,3,1.6093878339694125,1.1163769959683998,0.09933689980712408
learned_error_driven,2011_09_26/2011_09_26_drive_0011_sync,148,recovery,28,148,0000000148.png,4,2.5701976658846566,2.028467719931613,0.14389719724099853
learned_error_driven,2011_09_26/2011_09_26_drive_0011_sync,148,recovery,28,148,0000000148.png,5,1.6290440137786193,1.46349048545107,0.014461773449125812
learned_error_driven,2011_09_26/2011_09_26_drive_0011_sync,149,recovery,29,149,0000000149.png,1,0.40796934755933184,0.19796490039449918,0.13453730188865695
learned_error_driven,2011_09_26/2011_09_26_drive_0011_sync,149,recovery,29,149,0000000149.png,2,0.7421832552506514,0.4492868042568577,0.06377620240013712
learned_error_driven,2011_09_26/2011_09_26_drive_0011_sync,149,recovery,29,149,0000000149.png,3,1.5997956408638359,1.1195020364632633,0.09394989415643196
learned_error_driven,2011_09_26/2011_09_26_drive_0011_sync,149,recovery,29,149,0000000149.png,4,2.571958298438033,2.0333030779564467,0.1359818814863218
learned_error_driven,2011_09_26/2011_09_26_drive_0011_sync,149,recovery,29,149,0000000149.png,5,1.6207602871772941,1.4595218954769016,0.014389984651221651
learned_error_driven,2011_09_26/2011_09_26_drive_0011_sync,150,recovery,30,150,0000000150.png,1,0.40739653954945354,0.19778792236280393,0.12866922882470994
learned_error_driven,2011_09_26/2011_09_26_drive_0011_sync,150,recovery,30,150,0000000150.png,2,0.7360088912798015,0.4531334798419483,0.0597470353749693
learned_error_driven,2011_09_26/2011_09_26_drive_0011_sync,150,recovery,30,150,0000000150.png,3,1.5889096393452073,1.1251532399971245,0.08880673998945006
learned_error_driven,2011_09_26/2011_09_26_drive_0011_sync,150,recovery,30,150,0000000150.png,4,2.5852751769335436,2.043923335752387,0.1285238344503469
learned_error_driven,2011_09_26/2011_09_26_drive_0011_sync,150,recovery,30,150,0000000150.png,5,1.6490586560947684,1.4652204100852073,0.014318711056579652
learned_error_driven,2011_09_26/2011_09_26_drive_0011_sync,151,recovery,31,151,0000000151.png,1,0.4222625586884317,0.19938676318476883,0.12309302279734147
learned_error_driven,2011_09_26/2011_09_26_drive_0011_sync,151,recovery,31,151,0000000151.png,2,0.7407146600011523,0.45461385543017274,0.05617369327954891
learned_error_driven,2011_09_26/2011_09_26_drive_0011_sync,151,recovery,31,151,0000000151.png,3,1.6016190878550551,1.1309200772341412,0.08398103108556994
learned_error_driven,2011_09_26/2011_09_26_drive_0011_sync,151,recovery,31,151,0000000151.png,4,2.591313084277994,2.0514884089205885,0.12132099227849061
learned_error_driven,2011_09_26/2011_09_26_drive_0011_sync,151,recovery,31,151,0000000151.png,5,1.6657102903455896,1.4720270417879258,0.014248213467805113
learned_error_driven,2011_09_26/2011_09_26_drive_0011_sync,152,recovery,32,152,0000000152.png,1,0.4295468579550107,0.2026221904518448,0.11785736944387372
learned_error_driven,2011_09_26/2011_09_26_drive_0011_sync,152,recovery,32,152,0000000152.png,2,0.7583803766825773,0.45142214930908947,0.05286398906638678
learned_error_driven,2011_09_26/2011_09_26_drive_0011_sync,152,recovery,32,152,0000000152.png,3,1.6350211884509136,1.1328231461154614,0.0797121968845501
learned_error_driven,2011_09_26/2011_09_26_drive_0011_sync,152,recovery,32,152,0000000152.png,4,2.6315723992360636,2.055342891594304,0.11466540726233347
learned_error_driven,2011_09_26/2011_09_26_drive_0011_sync,152,recovery,32,152,0000000152.png,5,1.6930102691427291,1.4765980834905255,0.014180322920904787
learned_error_driven,2011_09_26/2011_09_26_drive_0011_sync,153,recovery,33,153,0000000153.png,1,0.45918428420765894,0.2099023715562252,0.11279658968979066
learned_error_driven,2011_09_26/2011_09_26_drive_0011_sync,153,recovery,33,153,0000000153.png,2,0.7827693449668957,0.4580463061059157,0.049896280150438156
learned_error_driven,2011_09_26/2011_09_26_drive_0011_sync,153,recovery,33,153,0000000153.png,3,1.677355216701648,1.1422876917196838,0.07567463380989507
learned_error_driven,2011_09_26/2011_09_26_drive_0011_sync,153,recovery,33,153,0000000153.png,4,2.6886658631446756,2.05974192298965,0.10864318170099257
learned_error_driven,2011_09_26/2011_09_26_drive_0011_sync,153,recovery,33,153,0000000153.png,5,1.7332382215027855,1.481556361842595,0.014115223255976243
learned_error_driven,2011_09_26/2011_09_26_drive_0011_sync,154,recovery,34,154,0000000154.png,1,0.4775410734424166,0.21613068765213392,0.10788650118857715
learned_error_driven,2011_09_26/2011_09_26_drive_0011_sync,154,recovery,34,154,0000000154.png,2,0.7915247138134199,0.46146941552085685,0.04714381199582804
learned_error_driven,2011_09_26/2011_09_26_drive_0011_sync,154,recovery,34,154,0000000154.png,3,1.6951962679712018,1.1486082715663228,0.07194160043631227
learned_error_driven,2011_09_26/2011_09_26_drive_0011_sync,154,recovery,34,154,0000000154.png,4,2.7332235786607826,2.064485857832061,0.10305854716994574
learned_error_driven,2011_09_26/2011_09_26_drive_0011_sync,154,recovery,34,154,0000000154.png,5,1.7650950380868808,1.4867760801909846,0.01405318292670374
learned_error_driven,2011_09_26/2011_09_26_drive_0011_sync,155,recovery,35,155,0000000155.png,1,0.4898354361053788,0.22214571432118746,0.10309176809298852
learned_error_driven,2011_09_26/2011_09_26_drive_0011_sync,155,recovery,35,155,0000000155.png,2,0.8049398011524038,0.4662285776030017,0.04469195872339263
learned_error_driven,2011_09_26/2011_09_26_drive_0011_sync,155,recovery,35,155,0000000155.png,3,1.7176962598261512,1.1539157122509842,0.0684592277353649
learned_error_driven,2011_09_26/2011_09_26_drive_0011_sync,155,recovery,35,155,0000000155.png,4,2.766575238940729,2.0674683274978904,0.0976470760690632
learned_error_driven,2011_09_26/2011_09_26_drive_0011_sync,155,recovery,35,155,0000000155.png,5,1.756788434172077,1.489702126503878,0.013994186820990887
learned_error_driven,2011_09_26/2011_09_26_drive_0011_sync,156,recovery,36,156,0000000156.png,1,0.48150321358232995,0.21879777075694662,0.09863218187412148
learned_error_driven,2011_09_26/2011_09_26_drive_0011_sync,156,recovery,36,156,0000000156.png,2,0.7959718702454723,0.4690050152177345,0.04236835174691279
learned_error_driven,2011_09_26/2011_09_26_drive_0011_sync,156,recovery,36,156,0000000156.png,3,1.703020636945098,1.1564431289440473,0.06509636368023577
learned_error_driven,2011_09_26/2011_09_26_drive_0011_sync,156,recovery,36,156,0000000156.png,4,2.764875372484676,2.071185618375141,0.09246397811410395
learned_error_driven,2011_09_26/2011_09_26_drive_0011_sync,156,recovery,36,156,0000000156.png,5,1.7500011268798137,1.489150237780194,0.013939254644228821
learned_error_driven,2011_09_26/2011_09_26_drive_0011_sync,157,recovery,37,157,0000000157.png,1,0.47768565350032466,0.21180794191446817,0.09442116252043836
learned_error_driven,2011_09_26/2011_09_26_drive_0011_sync,157,recovery,37,157,0000000157.png,2,0.7994292672134191,0.46713542110186307,0.040225132685204404
learned_error_driven,2011_09_26/2011_09_26_drive_0011_sync,157,recovery,37,157,0000000157.png,3,1.7039674382479495,1.1548377554102731,0.06188988434143724
learned_error_driven,2011_09_26/2011_09_26_drive_0011_sync,157,recovery,37,157,0000000157.png,4,2.7977301871422746,2.0749282058704983,0.08770786741980421
learned_error_driven,2011_09_26/2011_09_26_drive_0011_sync,157,recovery,37,157,0000000157.png,5,1.7642912916038365,1.4903198614028128,0.013887559624856242
learned_error_driven,2011_09_26/2011_09_26_drive_0011_sync,158,recovery,38,158,0000000158.png,1,0.4587197224759693,0.20826744013895887,0.09051302528295829
learned_error_driven,2011_09_26/2011_09_26_drive_0011_sync,158,recovery,38,158,0000000158.png,2,0.7748327251761995,0.468798347281966,0.038173392322905904
learned_error_driven,2011_09_26/2011_09_26_drive_0011_sync,158,recovery,38,158,0000000158.png,3,1.6756949978565183,1.1568534571541143,0.058761742508828
learned_error_driven,2011_09_26/2011_09_26_drive_0011_sync,158,recovery,38,158,0000000158.png,4,2.7830588548387336,2.082906678517973,0.08326215590517402
learned_error_driven,2011_09_26/2011_09_26_drive_0011_sync,158,recovery,38,158,0000000158.png,5,1.7779629985342025,1.4957306911341297,0.013838362412849562
learned_error_driven,2011_09_26/2011_09_26_drive_0011_sync,159,recovery,39,159,0000000159.png,1,0.43204905433269936,0.20808778255158453,0.08674123618424008
learned_error_driven,2011_09_26/2011_09_26_drive_0011_sync,159,recovery,39,159,0000000159.png,2,0.7502921340281028,0.4760484625265792,0.036317968529166904
learned_error_driven,2011_09_26/2011_09_26_drive_0011_sync,159,recovery,39,159,0000000159.png,3,1.647484362724308,1.1664442848054741,0.05597080974212199
learned_error_driven,2011_09_26/2011_09_26_drive_0011_sync,159,recovery,39,159,0000000159.png,4,2.7502306460203068,2.0953762637132303,0.07905038695855171
learned_error_driven,2011_09_26/2011_09_26_drive_0011_sync,159,recovery,39,159,0000000159.png,5,1.7691612824899772,1.5026224859758281,0.013790522167051712
learned_error_driven,2011_09_26/2011_09_26_drive_0039_sync,0,baseline,0,0,0000000000.png,1,0.0,0.0,0.0
learned_error_driven,2011_09_26/2011_09_26_drive_0039_sync,0,baseline,0,0,0000000000.png,2,0.0,0.0,0.0
learned_error_driven,2011_09_26/2011_09_26_drive_0039_sync,0,baseline,0,0,0000000000.png,3,0.0,0.0,0.0
learned_error_driven,2011_09_26/2011_09_26_drive_0039_sync,0,baseline,0,0,0000000000.png,4,0.0,0.0,0.0
learned_error_driven,2011_09_26/2011_09_26_drive_0039_sync,0,baseline,0,0,0000000000.png,5,0.0,0.0,0.0
learned_error_driven,2011_09_26/2011_09_26_drive_0039_sync,1,baseline,1,1,0000000001.png,1,0.7752610299353103,0.1604790350370104,0.0
learned_error_driven,2011_09_26/2011_09_26_drive_0039_sync,1,baseline,1,1,0000000001.png,2,1.0579237155082586,0.21899021147314243,0.0
learned_error_driven,2011_09_26/2011_09_26_drive_0039_sync,1,baseline,1,1,0000000001.png,3,2.0616930679965035,0.42677046964998017,0.0
learned_error_driven,2011_09_26/2011_09_26_drive_0039_sync,1,baseline,1,1,0000000001.png,4,2.9990761927716023,0.6208087786912956,0.0
learned_error_driven,2011_09_26/2011_09_26_drive_0039_sync,1,baseline,1,1,0000000001.png,5,1.3998784567330127,0.2897748436403299,0.0
learned_error_driven,2011_09_26/2011_09_26_drive_0039_sync,2,baseline,2,2,0000000002.png,1,0.9299196796640778,0.2523737951580519,0.0
learned_error_driven,2011_09_26/2011_09_26_drive_0039_sync,2,baseline,2,2,0000000002.png,2,1.0187140325630013,0.31302142021619256,0.0
learned_error_driven,2011_09_26/2011_09_26_drive_0039_sync,2,baseline,2,2,0000000002.png,3,2.0394288206579283,0.6075664320827883,0.0
learned_error_driven,2011_09_26/2011_09_26_drive_0039_sync,2,baseline,2,2,0000000002.png,4,2.978937969888993,0.838203897814633,0.0
learned_error_driven,2011_09_26/2011_09_26_drive_0039_sync,2,baseline,2,2,0000000002.png,5,1.5319666011285007,0.44124480014564427,0.0
learned_error_driven,2011_09_26/2011_09_26_drive_0039_sync,3,baseline,3,3,0000000003.png,1,0.8789713092107094,0.2858362595980569,0.0
learned_error_driven,2011_09_26/2011_09_26_drive_0039_sync,3,baseline,3,3,0000000003.png,2,1.0167686244705787,0.3502512712201166,0.0
learned_error_driven,2011_09_26/2011_09_26_drive_0039_sync,3,baseline,3,3,0000000003.png,3,2.0462658194879717,0.6816459832106055,0.0
learned_error_driven,2011_09_26/2011_09_26_drive_0039_sync,3,baseline,3,3,0000000003.png,4,3.0638662625320436,0.9489511547384226,0.0
learned_error_driven,2011_09_26/2011_09_26_drive_0039_sync,3,baseline,3,3,0000000003.png,5,1.6017833343243675,0.5359759293446121,0.0
learned_error_driven,2011_09_26/2011_09_26_drive_0039_sync,4,baseline,4,4,0000000004.png,1,0.9088548436562205,0.28698546355825744,0.0
learned_error_driven,2011_09_26/2011_09_26_drive_0039_sync,4,baseline,4,4,0000000004.png,2,1.0361663824700849,0.36358795369464997,0.0
learned_error_driven,2011_09_26/2011_09_26_drive_0039_sync,4,baseline,4,4,0000000004.png,3,2.113068269568334,0.7145321235562315,0.0
learned_error_driven,2011_09_26/2011_09_26_drive_0039_sync,4,baseline,4,4,0000000004.png,4,3.1295133824288563,1.011472835091013,0.0
learned_error_driven,2011_09_26/2011_09_26_drive_0039_sync,4,baseline,4,4,0000000004.png,5,1.6513038934324895,0.5987151262710365,0.0
learned_error_driven,2011_09_26/2011_09_26_drive_0039_sync,5,baseline,5,5,0000000005.png,1,0.9580742497418941,0.2936135255767098,0.0
learned_error_driven,2011_09_26/2011_09_26_drive_0039_sync,5,baseline,5,5,0000000005.png,2,1.0662138421328409,0.3716973788488368,0.0
learned_error_driven,2011_09_26/2011_09_26_drive_0039_sync,5,baseline,5,5,0000000005.png,3,2.1513336644048757,0.7376607970304417,0.0
learned_error_driven,2011_09_26/2011_09_26_drive_0039_sync,5,baseline,5,5,0000000005.png,4,3.137479833126658,1.0580539890606122,0.0
learned_error_driven,2011_09_26/2011_09_26_drive_0039_sync,5,baseline,5,5,0000000005.png,5,1.6215386436968278,0.6493654408999731,0.0
learned_error_driven,2011_09_26/2011_09_26_drive_0039_sync,6,baseline,6,6,0000000006.png,1,0.9733477580980533,0.29685219229690885,0.0
learned_error_driven,2011_09_26/2011_09_26_drive_0039_sync,6,baseline,6,6,0000000006.png,2,1.0976342604680425,0.38157012846936283,0.0
learned_error_driven,2011_09_26/2011_09_26_drive_0039_sync,6,baseline,6,6,0000000006.png,3,2.216557198033271,0.7603998508230487,0.0
learned_error_driven,2011_09_26/2011_09_26_drive_0039_sync,6,baseline,6,6,0000000006.png,4,3.2189656076423794,1.0967007962916901,0.0
learned_error_driven,2011_09_26/2011_09_26_drive_0039_sync,6,baseline,6,6,0000000006.png,5,1.6787880277904563,0.6924619980059158,0.0
learned_error_driven,2011_09_26/2011_09_26_drive_0039_sync,7,baseline,7,7,0000000007.png,1,1.0181492052818817,0.2910376212540332,0.0
learned_error_driven,2011_09_26/2011_09_26_drive_0039_sync,7,baseline,7,7,0000000007.png,2,1.0983543262374953,0.38223437198953886,0.0
learned_error_driven,2011_09_26/2011_09_26_drive_0039_sync,7,baseline,7,7,0000000007.png,3,2.208669859613254,0.7694998281093072,0.0
learned_error_driven,2011_09_26/2011_09_26_drive_0039_sync,7,baseline,7,7,0000000007.png,4,3.2381980187460813,1.1124071819493744,0.0
learned_error_driven,2011_09_26/2011_09_26_drive_0039_sync,7,baseline,7,7,0000000007.png,5,1.6615512205688872,0.7141550612526935,0.0
learned_error_driven,2011_09_26/2011_09_26_drive_0039_sync,8,baseline,8,8,0000000008.png,1,0.9701072264321124,0.28992065385452204,0.0
learned_error_driven,2011_09_26/2011_09_26_drive_0039_sync,8,baseline,8,8,0000000008.png,2,1.0777464349316916,0.3823879288391214,0.0
learned_error_driven,2011_09_26/2011_09_26_drive_0039_sync,8,baseline,8,8,0000000008.png,3,2.183463502416484,0.7705932409910958,0.0
learned_error_driven,2011_09_26/2011_09_26_drive_0039_sync,8,baseline,8,8,0000000008.png,4,3.1802990437150007,1.1254037562467158,0.0
learned_error_driven,2011_09_26/2011_09_26_drive_0039_sync,8,baseline,8,8,0000000008.png,5,1.6951859015806594,0.7434380863032676,0.0
learned_error_driven,2011_09_26/2011_09_26_drive_0039_sync,9,baseline,9,9,0000000009.png,1,0.9579381728157275,0.28382231437153116,0.0
learned_error_driven,2011_09_26/2011_09_26_drive_0039_sync,9,baseline,9,9,0000000009.png,2,1.06775642406155,0.3809339258376588,0.0
learned_error_driven,2011_09_26/2011_09_26_drive_0039_sync,9,baseline,9,9,0000000009.png,3,2.1982862771780156,0.7764035364439057,0.0
learned_error_driven,2011_09_26/2011_09_26_drive_0039_sync,9,baseline,9,9,0000000009.png,4,3.227386181886461,1.144581531712485,0.0
learned_error_driven,2011_09_26/2011_09_26_drive_0039_sync,9,baseline,9,9,0000000009.png,5,1.733152415983676,0.7790548163914018,0.0
learned_error_driven,2011_09_26/2011_09_26_drive_0039_sync,10,baseline,10,10,0000000010.png,1,0.9502909836617885,0.2828227849390197,0.0
learned_error_driven,2011_09_26/2011_09_26_drive_0039_sync,10,baseline,10,10,0000000010.png,2,1.0678912781313128,0.3793860383974773,0.0
learned_error_driven,2011_09_26/2011_09_26_drive_0039_sync,10,baseline,10,10,0000000010.png,3,2.2002072976717715,0.7809912077333175,0.0
learned_error_driven,2011_09_26/2011_09_26_drive_0039_sync,10,baseline,10,10,0000000010.png,4,3.2706112171819792,1.169498585959804,0.0
learned_error_driven,2011_09_26/2011_09_26_drive_0039_sync,10,baseline,10,10,0000000010.png,5,1.679284719927113,0.8004188406005276,0.0
learned_error_driven,2011_09_26/2011_09_26_drive_0039_sync,11,baseline,11,11,0000000011.png,1,0.9366334560119948,0.28096165554582037,0.0
learned_error_driven,2011_09_26/2011_09_26_drive_0039_sync,11,baseline,11,11,0000000011.png,2,1.0611619720453365,0.3748900472884873,0.0
learned_error_driven,2011_09_26/2011_09_26_drive_0039_sync,11,baseline,11,11,0000000011.png,3,2.209418583248827,0.7807751063100492,0.0
learned_error_driven,2011_09_26/2011_09_26_drive_0039_sync,11,baseline,11,11,0000000011.png,4,3.2900486018121278,1.1792889455007585,0.0
learned_error_driven,2011_09_26/2011_09_26_drive_0039_sync,11,baseline,11,11,0000000011.png,5,1.7541720010357151,0.8242439766092389,0.0
learned_error_driven,2011_09_26/2011_09_26_drive_0039_sync,12,baseline,12,12,0000000012.png,1,0.9307970966699577,0.2794580951773132,0.0
learned_error_driven,2011_09_26/2011_09_26_drive_0039_sync,12,baseline,12,12,0000000012.png,2,1.0435803446961456,0.36856968851195554,0.0
learned_error_driven,2011_09_26/2011_09_26_drive_0039_sync,12,baseline,12,12,0000000012.png,3,2.1854164200512756,0.7749943441250937,0.0
learned_error_driven,2011_09_26/2011_09_26_drive_0039_sync,12,baseline,12,12,0000000012.png,4,3.2890485165978185,1.1837756590021031,0.0
learned_error_driven,2011_09_26/2011_09_26_drive_0039_sync,12,baseline,12,12,0000000012.png,5,1.7967634554762675,0.852297383115963,0.0
learned_error_driven,2011_09_26/2011_09_26_drive_0039_sync,13,baseline,13,13,0000000013.png,1,0.9192546155307301,0.28159664988673105,0.0
learned_error_driven,2011_09_26/2011_09_26_drive_0039_sync,13,baseline,13,13,0000000013.png,2,1.0298348463860894,0.3652416970181007,0.0
learned_error_driven,2011_09_26/2011_09_26_drive_0039_sync,13,baseline,13,13,0000000013.png,3,2.1647354814328903,0.7744271302277635,0.0
learned_error_driven,2011_09_26/2011_09_26_drive_0039_sync,13,baseline,13,13,0000000013.png,4,3.28627602589904,1.1951886648262484,0.0
learned_error_driven,2011_09_26/2011_09_26_drive_0039_sync,13,baseline,13,13,0000000013.png,5,1.7866814701814115,0.8793490444859492,0.0
learned_error_driven,2011_09_26/2011_09_26_drive_0039_sync,14,baseline,14,14,0000000014.png,1,0.9102598159812219,0.2866054404928175,0.0
learned_error_driven,2011_09_26/2011_09_26_drive_0039_sync,14,baseline,14,14,0000000014.png,2,1.0203256097693878,0.3619809241674711,0.0
learned_error_driven,2011_09_26/2011_09_26_drive_0039_sync,14,baseline,14,14,0000000014.png,3,2.1474912732662235,0.7695690412149396,0.0
learned_error_driven,2011_09_26/2011_09_26_drive_0039_sync,14,baseline,14,14,0000000014.png,4,3.2639289259625803,1.2012050377575147,0.0
learned_error_driven,2011_09_26/2011_09_26_drive_0039_sync,14,baseline,14,14,0000000014.png,5,1.851954168936927,0.9248975950772222,0.0
learned_error_driven,2011_09_26/2011_09_26_drive_0039_sync,15,baseline,15,15,0000000015.png,1,0.8930357296932314,0.29248042261902507,0.0
learned_error_driven,2011_09_26/2011_09_26_drive_0039_sync,15,baseline,15,15,0000000015.png,2,1.0097846413982323,0.357851206628673,0.0
learned_error_driven,2011_09_26/2011_09_26_drive_0039_sync,15,baseline,15,15,0000000015.png,3,2.1520634956438216,0.7642292543647103,0.0
learned_error_driven,2011_09_26/2011_09_26_drive_0039_sync,15,baseline,15,15,0000000015.png,4,3.303076600662888,1.2051942079619764,0.0
learned_error_driven,2011_09_26/2011_09_26_drive_0039_sync,15,baseline,15,15,0000000015.png,5,1.8383572025561883,0.9584518207632786,0.0
learned_error_driven,2011_09_26/2011_09_26_drive_0039_sync,16,baseline,16,16,0000000016.png,1,0.8839855631618142,0.29498826684785523,0.0
learned_error_driven,2011_09_26/2011_09_26_drive_0039_sync,16,baseline,16,16,0000000016.png,2,0.9985178633515245,0.35254949615050585,0.0
learned_error_driven,2011_09_26/2011_09_26_drive_0039_sync,16,baseline,16,16,0000000016.png,3,2.142558812949494,0.7607237809664926,0.0
learned_error_driven,2011_09_26/2011_09_26_drive_0039_sync,16,baseline,16,16,0000000016.png,4,3.3276315284104956,1.2178772641272808,0.0
learned_error_driven,2011_09_26/2011_09_26_drive_0039_sync,16,baseline,16,16,0000000016.png,5,1.8528219162164603,0.9921972249855061,0.0
learned_error_driven,2011_09_26/2011_09_26_drive_0039_sync,17,baseline,17,17,0000000017.png,1,0.8509905556345123,0.2968212951488737,0.0
learned_error_driven,2011_09_26/2011_09_26_drive_0039_sync,17,baseline,17,17,0000000017.png,2,0.9829260713220626,0.34663791720731135,0.0
learned_error_driven,2011_09_26/2011_09_26_drive_0039_sync,17,baseline,17,17,0000000017.png,3,2.128503954291996,0.7602342254956798,0.0
learned_error_driven,2011_09_26/2011_09_26_drive_0039_sync,17,baseline,17,17,0000000017.png,4,3.2804538533620113,1.2354935605947515,0.0
learned_error_driven,2011_09_26/2011_09_26_drive_0039_sync,17,baseline,17,17,0000000017.png,5,1.9024473988859611,1.0359880787420033,0.0
learned_error_driven,2011_09_26/2011_09_26_drive_0039_sync,18,baseline,18,18,0000000018.png,1,0.807888887559485,0.29416597149850193,0.0
learned_error_driven,2011_09_26/2011_09_26_drive_0039_sync,18,baseline,18,18,0000000018.png,2,0.9666172584397431,0.3412307568109285,0.0
learned_error_driven,2011_09_26/2011_09_26_drive_0039_sync,18,baseline,18,18,0000000018.png,3,2.100857480635975,0.757222845101539,0.0
learned_error_driven,2011_09_26/2011_09_26_drive_0039_sync,18,baseline,18,18,0000000018.png,4,3.2396208879164514,1.264654556272819,0.0
learned_error_driven,2011_09_26/2011_09_26_drive_0039_sync,18,baseline,18,18,0000000018.png,5,1.917709772084373,1.0900127279734988,0.0
learned_error_driven,2011_09_26/2011_09_26_drive_0039_sync,19,baseline,19,19,0000000019.png,1,0.7583091669565982,0.2873510724376025,0.0
learned_error_driven,2011_09_26/2011_09_26_drive_0039_sync,19,baseline,19,19,0000000019.png,2,0.9360776127827347,0.3357492386147612,0.0
learned_error_driven,2011_09_26/2011_09_26_drive_0039_sync,19,baseline,19,19,0000000019.png,3,2.0262594891648487,0.7544559966016667,0.0
learned_error_driven,2011_09_26/2011_09_26_drive_0039_sync,19,baseline,19,19,0000000019.png,4,3.1333692453756394,1.307753266758878,0.0
learned_error_driven,2011_09_26/2011_09_26_drive_0039_sync,19,baseline,19,19,0000000019.png,5,1.8874001818940926,1.1472005622990191,0.0
learned_error_driven,2011_09_26/2011_09_26_drive_0039_sync,20,baseline,20,20,0000000020.png,1,0.6865876869780397,0.27386008915086696,0.0
learned_error_driven,2011_09_26/2011_09_26_drive_0039_sync,20,baseline,20,20,0000000020.png,2,0.9047501557632491,0.3324358843144971,0.0
learned_error_driven,2011_09_26/2011_09_26_drive_0039_sync,20,baseline,20,20,0000000020.png,3,1.97488806031628,0.7592675778999036,0.0
learned_error_driven,2011_09_26/2011_09_26_drive_0039_sync,20,baseline,20,20,0000000020.png,4,3.083906176661418,1.3615045168838973,0.0
learned_error_driven,2011_09_26/2011_09_26_drive_0039_sync,20,baseline,20,20,0000000020.png,5,1.9013750533709837,1.203936732679358,0.0
learned_error_driven,2011_09_26/2011_09_26_drive_0039_sync,21,baseline,21,21,0000000021.png,1,0.6156862714525876,0.25776030628038143,0.0
learned_error_driven,2011_09_26/2011_09_26_drive_0039_sync,21,baseline,21,21,0000000021.png,2,0.8720584948852966,0.3291246625221053,0.0
learned_error_driven,2011_09_26/2011_09_26_drive_0039_sync,21,baseline,21,21,0000000021.png,3,1.9212151929539383,0.7713610086828084,0.0
learned_error_driven,2011_09_26/2011_09_26_drive_0039_sync,21,baseline,21,21,0000000021.png,4,3.065825862342406,1.4205194683898852,0.0
learned_error_driven,2011_09_26/2011_09_26_drive_0039_sync,21,baseline,21,21,0000000021.png,5,1.9112115748434673,1.258523041186006,0.0
learned_error_driven,2011_09_26/2011_09_26_drive_0039_sync,22,baseline,22,22,0000000022.png,1,0.5423229341921683,0.24227182782935802,0.0
learned_error_driven,2011_09_26/2011_09_26_drive_0039_sync,22,baseline,22,22,0000000022.png,2,0.8349607047046131,0.3303993743098208,0.0
learned_error_driven,2011_09_26/2011_09_26_drive_0039_sync,22,baseline,22,22,0000000022.png,3,1.8579653477298113,0.7936194222310899,0.0
learned_error_driven,2011_09_26/2011_09_26_drive_0039_sync,22,baseline,22,22,0000000022.png,4,2.9913808111307834,1.4844865738773059,0.0
learned_error_driven,2011_09_26/2011_09_26_drive_0039_sync,22,baseline,22,22,0000000022.png,5,1.8699381353334117,1.3025139717057577,0.0
learned_error_driven,2011_09_26/2011_09_26_drive_0039_sync,23,baseline,23,23,0000000023.png,1,0.5038322917989057,0.2307774991385385,0.0
learned_error_driven,2011_09_26/2011_09_26_drive_0039_sync,23,baseline,23,23,0000000023.png,2,0.8066801175613036,0.3325445142691229,0.0
learned_error_driven,2011_09_26/2011_09_26_drive_0039_sync,23,baseline,23,23,0000000023.png,3,1.7953104931580128,0.8151584935474864,0.0
learned_error_driven,2011_09_26/2011_09_26_drive_0039_sync,23,baseline,23,23,0000000023.png,4,2.91408523853772,1.5440042709457469,0.0
learned_error_driven,2011_09_26/2011_09_26_drive_0039_sync,23,baseline,23,23,0000000023.png,5,1.8231312139687987,1.3325734517726586,0.0
learned_error_driven,2011_09_26/2011_09_26_drive_0039_sync,24,baseline,24,24,0000000024.png,1,0.47514997746828747,0.22423213810486337,0.0
learned_error_driven,2011_09_26/2011_09_26_drive_0039_sync,24,baseline,24,24,0000000024.png,2,0.7913799400269548,0.3307739886506864,0.0
learned_error_driven,2011_09_26/2011_09_26_drive_0039_sync,24,baseline,24,24,0000000024.png,3,1.7687300953505363,0.8228131183009239,0.0
learned_error_driven,2011_09_26/2011_09_26_drive_0039_sync,24,baseline,24,24,0000000024.png,4,2.848071976859754,1.5872278025191346,0.0
learned_error_driven,2011_09_26/2011_09_26_drive_0039_sync,24,baseline,24,24,0000000024.png,5,1.8259178784873538,1.3625382298512887,0.0
learned_error_driven,2011_09_26/2011_09_26_drive_0039_sync,25,baseline,25,25,0000000025.png,1,0.46713202528432535,0.22190238110879215,0.0
learned_error_driven,2011_09_26/2011_09_26_drive_0039_sync,25,baseline,25,25,0000000025.png,2,0.783344795670545,0.3236471736592475,0.0
learned_error_driven,2011_09_26/2011_09_26_drive_0039_sync,25,baseline,25,25,0000000025.png,3,1.7706300635734185,0.821488898252338,0.0
learned_error_driven,2011_09_26/2011_09_26_drive_0039_sync,25,baseline,25,25,0000000025.png,4,2.864560727627176,1.6230885008984293,0.0
learned_error_driven,2011_09_26/2011_09_26_drive_0039_sync,25,baseline,25,25,0000000025.png,5,1.8321782931830526,1.3934164827625335,0.0
learned_error_driven,2011_09_26/2011_09_26_drive_0039_sync,26,baseline,26,26,0000000026.png,1,0.40248106510003534,0.21875088015944305,0.0
learned_error_driven,2011_09_26/2011_09_26_drive_0039_sync,26,baseline,26,26,0000000026.png,2,0.7353772791716863,0.3274097932429936,0.0
learned_error_driven,2011_09_26/2011_09_26_drive_0039_sync,26,baseline,26,26,0000000026.png,3,1.7045057621548028,0.8392089127660828,0.0
learned_error_driven,2011_09_26/2011_09_26_drive_0039_sync,26,baseline,26,26,0000000026.png,4,2.8163313612436975,1.671698941501568,0.0
learned_error_driven,2011_09_26/2011_09_26_drive_0039_sync,26,baseline,26,26,0000000026.png,5,1.8512342611330068,1.4264692576123912,0.0
learned_error_driven,2011_09_26/2011_09_26_drive_0039_sync,27,baseline,27,27,0000000027.png,1,0.4400810559037514,0.20998857228494963,0.0
learned_error_driven,2011_09_26/2011_09_26_drive_0039_sync,27,baseline,27,27,0000000027.png,2,0.7824739821234926,0.30779884863523926,0.0
learned_error_driven,2011_09_26/2011_09_26_drive_0039_sync,27,baseline,27,27,0000000027.png,3,1.7406407293017798,0.8143060350413049,0.0
learned_error_driven,2011_09_26/2011_09_26_drive_0039_sync,27,baseline,27,27,0000000027.png,4,2.8033557714698945,1.6893086703789963,0.0
learned_error_driven,2011_09_26/2011_09_26_drive_0039_sync,27,baseline,27,27,0000000027.png,5,1.8628303295371038,1.4599802959023034,0.0
learned_error_driven,2011_09_26/2011_09_26_drive_0039_sync,28,baseline,28,28,0000000028.png,1,0.45742879557602345,0.2042329873013018,0.0
learned_error_driven,2011_09_26/2011_09_26_drive_0039_sync,28,baseline,28,28,0000000028.png,2,0.8190082115952007,0.29677326656711955,0.0
learned_error_driven,2011_09_26/2011_09_26_drive_0039_sync,28,baseline,28,28,0000000028.png,3,1.8425490234516775,0.7754524470714542,0.0
learned_error_driven,2011_09_26/2011_09_26_drive_0039_sync,28,baseline,28,28,0000000028.png,4,2.8643431682085962,1.66007526735711,0.0
learned_error_driven,2011_09_26/2011_09_26_drive_0039_sync,28,baseline,28,28,0000000028.png,5,1.850161499856752,1.4753382274981874,0.0
learned_error_driven,2011_09_26/2011_09_26_drive_0039_sync,29,baseline,29,29,0000000029.png,1,0.4443155475071019,0.2030131650363579,0.0
learned_error_driven,2011_09_26/2011_09_26_drive_0039_sync,29,baseline,29,29,0000000029.png,2,0.8040628606580635,0.29644917370838286,0.0
learned_error_driven,2011_09_26/2011_09_26_drive_0039_sync,29,baseline,29,29,0000000029.png,3,1.8478222662874797,0.7652780203458158,0.0
learned_error_driven,2011_09_26/2011_09_26_drive_0039_sync,29,baseline,29,29,0000000029.png,4,2.86590908875296,1.6202641592405944,0.0
learned_error_driven,2011_09_26/2011_09_26_drive_0039_sync,29,baseline,29,29,0000000029.png,5,1.8299038236504312,1.480199882253617,0.0
learned_error_driven,2011_09_26/2011_09_26_drive_0039_sync,30,baseline,30,30,0000000030.png,1,0.4240208247865478,0.19658052141930343,0.0
learned_error_driven,2011_09_26/2011_09_26_drive_0039_sync,30,baseline,30,30,0000000030.png,2,0.791494330233466,0.3016703037801113,0.0
learned_error_driven,2011_09_26/2011_09_26_drive_0039_sync,30,baseline,30,30,0000000030.png,3,1.811634863197039,0.7815470201387056,0.0
learned_error_driven,2011_09_26/2011_09_26_drive_0039_sync,30,baseline,30,30,0000000030.png,4,2.8492746722343854,1.6178004853332217,0.0
learned_error_driven,2011_09_26/2011_09_26_drive_0039_sync,30,baseline,30,30,0000000030.png,5,1.827943550659345,1.4842884966036263,0.0
learned_error_driven,2011_09_26/2011_09_26_drive_0039_sync,31,baseline,31,31,0000000031.png,1,0.4446543372180217,0.19042435980202355,0.0
learned_error_driven,2011_09_26/2011_09_26_drive_0039_sync,31,baseline,31,31,0000000031.png,2,0.7981778327071081,0.3015632314638343,0.0
learned_error_driven,2011_09_26/2011_09_26_drive_0039_sync,31,baseline,31,31,0000000031.png,3,1.8144722004293656,0.7912587953454158,0.0
learned_error_driven,2011_09_26/2011_09_26_drive_0039_sync,31,baseline,31,31,0000000031.png,4,2.8754731162932248,1.6245357689777729,0.0
learned_error_driven,2011_09_26/2011_09_26_drive_0039_sync,31,baseline,31,31,0000000031.png,5,1.7904351485962302,1.4810072410936017,0.0
learned_error_driven,2011_09_26/2011_09_26_drive_0039_sync,32,baseline,32,32,0000000032.png,1,0.47444979079374955,0.18742655031819502,0.0
learned_error_driven,2011_09_26/2011_09_26_drive_0039_sync,32,baseline,32,32,0000000032.png,2,0.8202893254522802,0.29668678965910444,0.0
learned_error_driven,2011_09_26/2011_09_26_drive_0039_sync,32,baseline,32,32,0000000032.png,3,1.8437736261209192,0.7891070940462424,0.0
learned_error_driven,2011_09_26/2011_09_26_drive_0039_sync,32,baseline,32,32,0000000032.png,4,2.911719986906199,1.6297561765398951,0.0
learned_error_driven,2011_09_26/2011_09_26_drive_0039_sync,32,baseline,32,32,0000000032.png,5,1.803428102834918,1.4805933159606102,0.0
learned_error_driven,2011_09_26/2011_09_26_drive_0039_sync,33,baseline,33,33,0000000033.png,1,0.4928980870246592,0.18609902625739935,0.0
learned_error_driven,2011_09_26/2011_09_26_drive_0039_sync,33,baseline,33,33,0000000033.png,2,0.855302982306107,0.2945357316777259,0.0
learned_error_driven,2011_09_26/2011_09_26_drive_0039_sync,33,baseline,33,33,0000000033.png,3,1.9039874730390292,0.7806904124662148,0.0
learned_error_driven,2011_09_26/2011_09_26_drive_0039_sync,33,baseline,33,33,0000000033.png,4,3.018935873398925,1.6264946185171678,0.0
learned_error_driven,2011_09_26/2011_09_26_drive_0039_sync,33,baseline,33,33,0000000033.png,5,1.842249552620216,1.4797753903240494,0.0
learned_error_driven,2011_09_26/2011_09_26_drive_0039_sync,34,baseline,34,34,0000000034.png,1,0.502734755777191,0.18716149949302271,0.0
learned_error_driven,2011_09_26/2011_09_26_drive_0039_sync,34,baseline,34,34,0000000034.png,2,0.8520581810879364,0.2957395202656362,0.0
learned_error_driven,2011_09_26/2011_09_26_drive_0039_sync,34,baseline,34,34,0000000034.png,3,1.920068066535214,0.7791448495082146,0.0
learned_error_driven,2011_09_26/2011_09_26_drive_0039_sync,34,baseline,34,34,0000000034.png,4,3.0278711521004245,1.6187797323339206,0.0
learned_error_driven,2011_09_26/2011_09_26_drive_0039_sync,34,baseline,34,34,0000000034.png,5,1.8312587379899246,1.4716106120622554,0.0
learned_error_driven,2011_09_26/2011_09_26_drive_0039_sync,35,baseline,35,35,0000000035.png,1,0.5280833866799433,0.18848713807235168,0.0
learned_error_driven,2011_09_26/2011_09_26_drive_0039_sync,35,baseline,35,35,0000000035.png,2,0.8710619896682411,0.2974774144264708,0.0
learned_error_driven,2011_09_26/2011_09_26_drive_0039_sync,35,baseline,35,35,0000000035.png,3,1.9576324450820606,0.7755864824718532,0.0
learned_error_driven,2011_09_26/2011_09_26_drive_0039_sync,35,baseline,35,35,0000000035.png,4,3.092931450889275,1.605650819117472,0.0
learned_error_driven,2011_09_26/2011_09_26_drive_0039_sync,35,baseline,35,35,0000000035.png,5,1.9012879638050146,1.4745272237049523,0.0
learned_error_driven,2011_09_26/2011_09_26_drive_0039_sync,36,baseline,36,36,0000000036.png,1,0.5399545205078792,0.19279188515749074,0.0
learned_error_driven,2011_09_26/2011_09_26_drive_0039_sync,36,baseline,36,36,0000000036.png,2,0.8819014573583207,0.3013034120671369,0.0
learned_error_driven,2011_09_26/2011_09_26_drive_0039_sync,36,baseline,36,36,0000000036.png,3,1.9741464221230653,0.7747981887202693,0.0
learned_error_driven,2011_09_26/2011_09_26_drive_0039_sync,36,baseline,36,36,0000000036.png,4,3.1007042318370854,1.5888997982473374,0.0
learned_error_driven,2011_09_26/2011_09_26_drive_0039_sync,36,baseline,36,36,0000000036.png,5,1.8473098207441359,1.4614009670628705,0.0
learned_error_driven,2011_09_26/2011_09_26_drive_0039_sync,37,baseline,37,37,0000000037.png,1,0.5361675054824505,0.19922294707840826,0.0
learned_error_driven,2011_09_26/2011_09_26_drive_0039_sync,37,baseline,37,37,0000000037.png,2,0.8763160094386123,0.30568963177026187,0.0
learned_error_driven,2011_09_26/2011_09_26_drive_0039_sync,37,baseline,37,37,0000000037.png,3,1.9655031680593376,0.7824664317796624,0.0
learned_error_driven,2011_09_26/2011_09_26_drive_0039_sync,37,baseline,37,37,0000000037.png,4,3.1023852258388622,1.5871140765131422,0.0
learned_error_driven,2011_09_26/2011_09_26_drive_0039_sync,37,baseline,37,37,0000000037.png,5,1.8278166228637793,1.4493464664083544,0.0
learned_error_driven,2011_09_26/2011_09_26_drive_0039_sync,38,baseline,38,38,0000000038.png,1,0.5048204199850588,0.20577373943910282,0.0
learned_error_driven,2011_09_26/2011_09_26_drive_0039_sync,38,baseline,38,38,0000000038.png,2,0.8521636458713512,0.31580814668292356,0.0
learned_error_driven,2011_09_26/2011_09_26_drive_0039_sync,38,baseline,38,38,0000000038.png,3,1.9258893752548447,0.8089873702387201,0.0
learned_error_driven,2011_09_26/2011_09_26_drive_0039_sync,38,baseline,38,38,0000000038.png,4,3.0881283783077182,1.6173173117906499,0.0
learned_error_driven,2011_09_26/2011_09_26_drive_0039_sync,38,baseline,38,38,0000000038.png,5,1.8794994944296357,1.453800480017795,0.0
learned_error_driven,2011_09_26/2011_09_26_drive_0039_sync,39,baseline,39,39,0000000039.png,1,0.4950465928431327,0.20888879906621247,0.0
learned_error_driven,2011_09_26/2011_09_26_drive_0039_sync,39,baseline,39,39,0000000039.png,2,0.8409331360575234,0.3240066311163221,0.0
learned_error_driven,2011_09_26/2011_09_26_drive_0039_sync,39,baseline,39,39,0000000039.png,3,1.8947592088966156,0.8320128016444,0.0
learned_error_driven,2011_09_26/2011_09_26_drive_0039_sync,39,baseline,39,39,0000000039.png,4,3.0856491030976976,1.6606585782115786,0.0
learned_error_driven,2011_09_26/2011_09_26_drive_0039_sync,39,baseline,39,39,0000000039.png,5,1.8447349288670172,1.450170321393727,0.0
learned_error_driven,2011_09_26/2011_09_26_drive_0039_sync,40,disturbance,0,40,0000000040.png,1,0.4063403813197256,0.18360146685066203,0.07014655901698817
learned_error_driven,2011_09_26/2011_09_26_drive_0039_sync,40,disturbance,0,40,0000000040.png,2,0.515835938218126,0.25459023778717904,0.17389146217758122
learned_error_driven,2011_09_26/2011_09_26_drive_0039_sync,40,disturbance,0,40,0000000040.png,3,1.3933717866438615,0.6859689829591491,0.19700776035546558
learned_error_driven,2011_09_26/2011_09_26_drive_0039_sync,40,disturbance,0,40,0000000040.png,4,2.2859082439606095,1.425674412581034,0.20997757702222675
learned_error_driven,2011_09_26/2011_09_26_drive_0039_sync,40,disturbance,0,40,0000000040.png,5,1.0007596185370387,1.2383488337869182,0.0003816449576395053
learned_error_driven,2011_09_26/2011_09_26_drive_0039_sync,41,disturbance,1,41,0000000041.png,1,0.3607059923693105,0.17976256429414555,0.11124070785071041
learned_error_driven,2011_09_26/2011_09_26_drive_0039_sync,41,disturbance,1,41,0000000041.png,2,0.41645489086629767,0.22908284690715577,0.2802115382983518
learned_error_driven,2011_09_26/2011_09_26_drive_0039_sync,41,disturbance,1,41,0000000041.png,3,1.24932700485284,0.651932646841686,0.3393001857047393
learned_error_driven,2011_09_26/2011_09_26_drive_0039_sync,41,disturbance,1,41,0000000041.png,4,2.0940798750622696,1.346654958257848,0.34334917791830477
learned_error_driven,2011_09_26/2011_09_26_drive_0039_sync,41,disturbance,1,41,0000000041.png,5,1.0171475536028347,1.0946021888073545,0.0009752592547969812
learned_error_driven,2011_09_26/2011_09_26_drive_0039_sync,42,disturbance,2,42,0000000042.png,1,0.30977480475399466,0.17638168462969742,0.14622648323894588
learned_error_driven,2011_09_26/2011_09_26_drive_0039_sync,42,disturbance,2,42,0000000042.png,2,0.3634861680558163,0.21949928001971802,0.35309891373198476
learned_error_driven,2011_09_26/2011_09_26_drive_0039_sync,42,disturbance,2,42,0000000042.png,3,1.136053141076774,0.6541332059836792,0.4391419725524008
learned_error_driven,2011_09_26/2011_09_26_drive_0039_sync,42,disturbance,2,42,0000000042.png,4,2.04843777032394,1.3301941613964632,0.44833759217817437
learned_error_driven,2011_09_26/2011_09_26_drive_0039_sync,42,disturbance,2,42,0000000042.png,5,1.0153391391142124,1.0010829721753172,0.0016777054644784477
learned_error_driven,2011_09_26/2011_09_26_drive_0039_sync,43,disturbance,3,43,0000000043.png,1,0.29016662109443714,0.16871511739590253,0.1758704750874818
learned_error_driven,2011_09_26/2011_09_26_drive_0039_sync,43,disturbance,3,43,0000000043.png,2,0.3473625984373185,0.21316783830235686,0.4058481357449701
learned_error_driven,2011_09_26/2011_09_26_drive_0039_sync,43,disturbance,3,43,0000000043.png,3,1.0737685815698121,0.6546563360222839,0.5085098684398135
learned_error_driven,2011_09_26/2011_09_26_drive_0039_sync,43,disturbance,3,43,0000000043.png,4,2.0425700872034898,1.3362641307109724,0.5324513976185712
learned_error_driven,2011_09_26/2011_09_26_drive_0039_sync,43,disturbance,3,43,0000000043.png,5,1.0255849117647662,0.9429509815057,0.00242607048767551
learned_error_driven,2011_09_26/2011_09_26_drive_0039_sync,44,disturbance,4,44,0000000044.png,1,0.30428588184320265,0.16200540128158195,0.19361699675139954
learned_error_driven,2011_09_26/2011_09_26_drive_0039_sync,44,disturbance,4,44,0000000044.png,2,0.36502490876254806,0.2080288301260434,0.4342717949378441
learned_error_driven,2011_09_26/2011_09_26_drive_0039_sync,44,disturbance,4,44,0000000044.png,3,1.0766854298308997,0.6457715834463802,0.549775256060826
learned_error_driven,2011_09_26/2011_09_26_drive_0039_sync,44,disturbance,4,44,0000000044.png,4,2.0493447190839817,1.3442781918421656,0.5940702187218097
learned_error_driven,2011_09_26/2011_09_26_drive_0039_sync,44,disturbance,4,44,0000000044.png,5,1.037015831264196,0.9069814591532946,0.0031371395366452805
learned_error_driven,2011_09_26/2011_09_26_drive_0039_sync,45,disturbance,5,45,0000000045.png,1,0.3306885095465933,0.1605864592917692,0.20582361252236775
learned_error_driven,2011_09_26/2011_09_26_drive_0039_sync,45,disturbance,5,45,0000000045.png,2,0.37799070964028975,0.20503831868766312,0.45729524878317157
learned_error_driven,2011_09_26/2011_09_26_drive_0039_sync,45,disturbance,5,45,0000000045.png,3,1.0908503081288254,0.6346300485308003,0.5814444540289
learned_error_driven,2011_09_26/2011_09_26_drive_0039_sync,45,disturbance,5,45,0000000045.png,4,2.0706320155167957,1.3473067396996412,0.6427059944898079
learned_error_driven,2011_09_26/2011_09_26_drive_0039_sync,45,disturbance,5,45,0000000045.png,5,1.0473475171665245,0.8825239015976285,0.0038014438926635068
learned_error_driven,2011_09_26/2011_09_26_drive_0039_sync,46,disturbance,6,46,0000000046.png,1,0.3103001540590037,0.160227035868412,0.21840676914709437
learned_error_driven,2011_09_26/2011_09_26_drive_0039_sync,46,disturbance,6,46,0000000046.png,2,0.35269673430972454,0.20364709472180778,0.48721056155380643
learned_error_driven,2011_09_26/2011_09_26_drive_0039_sync,46,disturbance,6,46,0000000046.png,3,1.0520564661069747,0.6347863762491117,0.616951301935133
learned_error_driven,2011_09_26/2011_09_26_drive_0039_sync,46,disturbance,6,46,0000000046.png,4,2.0882942591911453,1.3668895184434973,0.6856125163369909
learned_error_driven,2011_09_26/2011_09_26_drive_0039_sync,46,disturbance,6,46,0000000046.png,5,1.049075134895299,0.8724572450221568,0.004445276735752483
learned_error_driven,2011_09_26/2011_09_26_drive_0039_sync,47,disturbance,7,47,0000000047.png,1,0.4096533954395474,0.16616733821430338,0.22977558240384358
learned_error_driven,2011_09_26/2011_09_26_drive_0039_sync,47,disturbance,7,47,0000000047.png,2,0.40369936743600865,0.19690647701287128,0.4983735844153788
learned_error_driven,2011_09_26/2011_09_26_drive_0039_sync,47,disturbance,7,47,0000000047.png,3,1.122806530400115,0.6130042096281154,0.6352865156789697
learned_error_driven,2011_09_26/2011_09_26_drive_0039_sync,47,disturbance,7,47,0000000047.png,4,2.1032614739522097,1.3501156491699713,0.7183199531508982
learned_error_driven,2011_09_26/2011_09_26_drive_0039_sync,47,disturbance,7,47,0000000047.png,5,1.0242483460026952,0.8576132684949408,0.0050437209649870085
learned_error_driven,2011_09_26/2011_09_26_drive_0039_sync,48,disturbance,8,48,0000000048.png,1,0.43735836016688073,0.1825679510970159,0.23934847844528206
learned_error_driven,2011_09_26/2011_09_26_drive_0039_sync,48,disturbance,8,48,0000000048.png,2,0.4191731355911969,0.1944255741337627,0.5134096828155222
learned_error_driven,2011_09_26/2011_09_26_drive_0039_sync,48,disturbance,8,48,0000000048.png,3,1.1607175762546555,0.5949383917732408,0.6511696318498457
learned_error_driven,2011_09_26/2011_09_26_drive_0039_sync,48,disturbance,8,48,0000000048.png,4,2.117585401498778,1.3149204937584222,0.7436139935325327
learned_error_driven,2011_09_26/2011_09_26_drive_0039_sync,48,disturbance,8,48,0000000048.png,5,0.9814133348011588,0.8334719156247943,0.005586628404840006
learned_error_driven,2011_09_26/2011_09_26_drive_0039_sync,49,disturbance,9,49,0000000049.png,1,0.3611768133568029,0.1884560796073007,0.2505107342970726
learned_error_driven,2011_09_26/2011_09_26_drive_0039_sync,49,disturbance,9,49,0000000049.png,2,0.3783334688190095,0.1979475440005981,0.5322416304904023
learned_error_driven,2011_09_26/2011_09_26_drive_0039_sync,49,disturbance,9,49,0000000049.png,3,1.0997990678461498,0.5999388387410531,0.6669442190735718
learned_error_driven,2011_09_26/2011_09_26_drive_0039_sync,49,disturbance,9,49,0000000049.png,4,2.0772353066057527,1.311737626635834,0.766428466159495
learned_error_driven,2011_09_26/2011_09_26_drive_0039_sync,49,disturbance,9,49,0000000049.png,5,0.9999043599909102,0.8183088298344262,0.006069141323938645
learned_error_driven,2011_09_26/2011_09_26_drive_0039_sync,50,disturbance,10,50,0000000050.png,1,0.36207558048222455,0.18416330399082526,0.2594427854104272
learned_error_driven,2011_09_26/2011_09_26_drive_0039_sync,50,disturbance,10,50,0000000050.png,2,0.37549200688977175,0.1980331682239673,0.5445847997983512
learned_error_driven,2011_09_26/2011_09_26_drive_0039_sync,50,disturbance,10,50,0000000050.png,3,1.0740122597476554,0.6042821863931898,0.6812540593166171
learned_error_driven,2011_09_26/2011_09_26_drive_0039_sync,50,disturbance,10,50,0000000050.png,4,2.056810179282988,1.3297455662322237,0.788907142193881
learned_error_driven,2011_09_26/2011_09_26_drive_0039_sync,50,disturbance,10,50,0000000050.png,5,1.0080012500787185,0.815339002798911,0.006482748871843245
learned_error_driven,2011_09_26/2011_09_26_drive_0039_sync,51,disturbance,11,51,0000000051.png,1,0.3600386024396028,0.17794847150027776,0.2668980406541595
learned_error_driven,2011_09_26/2011_09_26_drive_0039_sync,51,disturbance,11,51,0000000051.png,2,0.3724587160189223,0.19753258940557838,0.5541012459356636
learned_error_driven,2011_09_26/2011_09_26_drive_0039_sync,51,disturbance,11,51,0000000051.png,3,1.0624582834973268,0.6020639362611032,0.6946156127111711
learned_error_driven,2011_09_26/2011_09_26_drive_0039_sync,51,disturbance,11,51,0000000051.png,4,2.056997317163979,1.3473301226493875,0.8087545732163552
learned_error_driven,2011_09_26/2011_09_26_drive_0039_sync,51,disturbance,11,51,0000000051.png,5,1.0121922446941816,0.816843120117795,0.006830954727233116
learned_error_driven,2011_09_26/2011_09_26_drive_0039_sync,52,disturbance,12,52,0000000052.png,1,0.36644856170213047,0.17693935457565624,0.2736449570438006
learned_error_driven,2011_09_26/2011_09_26_drive_0039_sync,52,disturbance,12,52,0000000052.png,2,0.3765583070035164,0.19839273424301884,0.5634674348583595
learned_error_driven,2011_09_26/2011_09_26_drive_0039_sync,52,disturbance,12,52,0000000052.png,3,1.0735239652444362,0.599088646378238,0.7060700902080738
learned_error_driven,2011_09_26/2011_09_26_drive_0039_sync,52,disturbance,12,52,0000000052.png,4,2.0805947483201774,1.3595350909918893,0.825187927499038
learned_error_driven,2011_09_26/2011_09_26_drive_0039_sync,52,disturbance,12,52,0000000052.png,5,1.032510981844364,0.8221477782522718,0.007146498518924612
learned_error_driven,2011_09_26/2011_09_26_drive_0039_sync,53,disturbance,13,53,0000000053.png,1,0.37808928264335123,0.17995049700317722,0.2815275141902856
learned_error_driven,2011_09_26/2011_09_26_drive_0039_sync,53,disturbance,13,53,0000000053.png,2,0.3666573612120873,0.19822446079324632,0.5746538692799608
learned_error_driven,2011_09_26/2011_09_26_drive_0039_sync,53,disturbance,13,53,0000000053.png,3,1.0561824585670185,0.5978791036014302,0.717896014226139
learned_error_driven,2011_09_26/2011_09_26_drive_0039_sync,53,disturbance,13,53,0000000053.png,4,2.0560584075728,1.3680794697080045,0.8387106385017437
learned_error_driven,2011_09_26/2011_09_26_drive_0039_sync,53,disturbance,13,53,0000000053.png,5,1.044732358824171,0.8287115611416528,0.007444612899814072
learned_error_driven,2011_09_26/2011_09_26_drive_0039_sync,54,disturbance,14,54,0000000054.png,1,0.35011018724818066,0.18005023193102998,0.2918658814714424
learned_error_driven,2011_09_26/2011_09_26_drive_0039_sync,54,disturbance,14,54,0000000054.png,2,0.3555211476893629,0.1977728695810116,0.5889961919751687
learned_error_driven,2011_09_26/2011_09_26_drive_0039_sync,54,disturbance,14,54,0000000054.png,3,1.027561929822336,0.5987908982624714,0.7279870435249496
learned_error_driven,2011_09_26/2011_09_26_drive_0039_sync,54,disturbance,14,54,0000000054.png,4,2.035323762189392,1.3793133162871243,0.8508898603804097
learned_error_driven,2011_09_26/2011_09_26_drive_0039_sync,54,disturbance,14,54,0000000054.png,5,1.0631033321103844,0.8383032269608849,0.007726459910297195
learned_error_driven,2011_09_26/2011_09_26_drive_0039_sync,55,disturbance,15,55,0000000055.png,1,0.3315499766773715,0.17639608307689333,0.30307865199626377
learned_error_driven,2011_09_26/2011_09_26_drive_0039_sync,55,disturbance,15,55,0000000055.png,2,0.3445823530820717,0.1976542493998797,0.6012994957067379
learned_error_driven,2011_09_26/2011_09_26_drive_0039_sync,55,disturbance,15,55,0000000055.png,3,1.0097230162713933,0.5993017312081396,0.7371769254292055
learned_error_driven,2011_09_26/2011_09_26_drive_0039_sync,55,disturbance,15,55,0000000055.png,4,2.036336241668559,1.3902834264650372,0.8611374252120467
learned_error_driven,2011_09_26/2011_09_26_drive_0039_sync,55,disturbance,15,55,0000000055.png,5,1.0811396803628839,0.8504189535695186,0.007985482453520307
learned_error_driven,2011_09_26/2011_09_26_drive_0039_sync,56,disturbance,16,56,0000000056.png,1,0.32188134088838044,0.17300407980801605,0.3143378587804437
learned_error_driven,2011_09_26/2011_09_26_drive_0039_sync,56,disturbance,16,56,0000000056.png,2,0.3421070561538797,0.197509070304445,0.6109677797066927
learned_error_driven,2011_09_26/2011_09_26_drive_0039_sync,56,disturbance,16,56,0000000056.png,3,1.0042280495105722,0.600486926174518,0.7441763301244847
learned_error_driven,2011_09_26/2011_09_26_drive_0039_sync,56,disturbance,16,56,0000000056.png,4,2.0465359724115118,1.4020189171759407,0.8708204946668555
learned_error_driven,2011_09_26/2011_09_26_drive_0039_sync,56,disturbance,16,56,0000000056.png,5,1.0899170088312387,0.861210441901228,0.008227119926316319
learned_error_driven,2011_09_26/2011_09_26_drive_0039_sync,57,disturbance,17,57,0000000057.png,1,0.3281766824986171,0.17004973452668506,0.32461367652702816
learned_error_driven,2011_09_26/2011_09_26_drive_0039_sync,57,disturbance,17,57,0000000057.png,2,0.34386479994037494,0.19682472567473067,0.6198484842412247
learned_error_driven,2011_09_26/2011_09_26_drive_0039_sync,57,disturbance,17,57,0000000057.png,3,1.0028019973506592,0.5994472796728858,0.7510580395707604
learned_error_driven,2011_09_26/2011_09_26_drive_0039_sync,57,disturbance,17,57,0000000057.png,4,2.0456603160622,1.4103845578358953,0.8799912649946302
learned_error_driven,2011_09_26/2011_09_26_drive_0039_sync,57,disturbance,17,57,0000000057.png,5,1.0688922753540535,0.8657258766197385,0.008471247447362001
learned_error_driven,2011_09_26/2011_09_26_drive_0039_sync,58,disturbance,18,58,0000000058.png,1,0.3457153925029859,0.16764444817468985,0.3312206021755618
learned_error_driven,2011_09_26/2011_09_26_drive_0039_sync,58,disturbance,18,58,0000000058.png,2,0.34803832954312963,0.19401941726123834,0.6234586831641138
learned_error_driven,2011_09_26/2011_09_26_drive_0039_sync,58,disturbance,18,58,0000000058.png,3,1.007240736538515,0.5931948835375082,0.7561186400008808
learned_error_driven,2011_09_26/2011_09_26_drive_0039_sync,58,disturbance,18,58,0000000058.png,4,2.006342367098704,1.4055364732951658,0.8885862476446991
learned_error_driven,2011_09_26/2011_09_26_drive_0039_sync,58,disturbance,18,58,0000000058.png,5,1.0391942218173755,0.864323567983917,0.008695420354032543
learned_error_driven,2011_09_26/2011_09_26_drive_0039_sync,59,disturbance,19,59,0000000059.png,1,0.3710128639568681,0.17298386242469582,0.3337472102663489
learned_error_driven,2011_09_26/2011_09_26_drive_0039_sync,59,disturbance,19,59,0000000059.png,2,0.3684624579256782,0.19114639221677204,0.624575635990315
learned_error_driven,2011_09_26/2011_09_26_drive_0039_sync,59,disturbance,19,59,0000000059.png,3,1.0462472286585462,0.5798058723038815,0.7589419702088678
learned_error_driven,2011_09_26/2011_09_26_drive_0039_sync,59,disturbance,19,59,0000000059.png,4,2.0058901917670986,1.3812524471099044,0.8962178299133646
learned_error_driven,2011_09_26/2011_09_26_drive_0039_sync,59,disturbance,19,59,0000000059.png,5,1.0321518833655423,0.8581890968681757,0.008896871824572454
learned_error_driven,2011_09_26/2011_09_26_drive_0039_sync,60,disturbance,20,60,0000000060.png,1,0.3913828255057608,0.1845551870794654,0.33513133340200785
learned_error_driven,2011_09_26/2011_09_26_drive_0039_sync,60,disturbance,20,60,0000000060.png,2,0.3929482704790404,0.1909286722333278,0.6242645402844352
learned_error_driven,2011_09_26/2011_09_26_drive_0039_sync,60,disturbance,20,60,0000000060.png,3,1.1027993295953809,0.5655692366452607,0.7587750765784521
learned_error_driven,2011_09_26/2011_09_26_drive_0039_sync,60,disturbance,20,60,0000000060.png,4,2.0382688391519297,1.341551546690741,0.9028371820345541
learned_error_driven,2011_09_26/2011_09_26_drive_0039_sync,60,disturbance,20,60,0000000060.png,5,1.0363598346871612,0.8475125242553346,0.009066971929909934
learned_error_driven,2011_09_26/2011_09_26_drive_0039_sync,61,disturbance,21,61,0000000061.png,1,0.3943121124477727,0.19501013114907362,0.33657077282354925
learned_error_driven,2011_09_26/2011_09_26_drive_0039_sync,61,disturbance,21,61,0000000061.png,2,0.39056555871013343,0.19335657403298312,0.6227700012070616
learned_error_driven,2011_09_26/2011_09_26_drive_0039_sync,61,disturbance,21,61,0000000061.png,3,1.1035843599659234,0.5610335688983004,0.7566825586933333
learned_error_driven,2011_09_26/2011_09_26_drive_0039_sync,61,disturbance,21,61,0000000061.png,4,2.0466448205621686,1.3087048049742482,0.9071308974006269
learned_error_driven,2011_09_26/2011_09_26_drive_0039_sync,61,disturbance,21,61,0000000061.png,5,1.0269970582091217,0.8337586021592202,0.009194185467562097
learned_error_driven,2011_09_26/2011_09_26_drive_0039_sync,62,disturbance,22,62,0000000062.png,1,0.34327984636800873,0.19524183906102335,0.3409297637284455
learned_error_driven,2011_09_26/2011_09_26_drive_0039_sync,62,disturbance,22,62,0000000062.png,2,0.34931890442157665,0.19517024130099722,0.6254912751470886
learned_error_driven,2011_09_26/2011_09_26_drive_0039_sync,62,disturbance,22,62,0000000062.png,3,1.0346759546202429,0.5729776759036567,0.7565280457609747
learned_error_driven,2011_09_26/2011_09_26_drive_0039_sync,62,disturbance,22,62,0000000062.png,4,2.0195527641439894,1.313215905632797,0.9080331734262594
learned_error_driven,2011_09_26/2011_09_26_drive_0039_sync,62,disturbance,22,62,0000000062.png,5,1.0227666994968676,0.8284584708268925,0.00930369931426391
learned_error_driven,2011_09_26/2011_09_26_drive_0039_sync,63,disturbance,23,63,0000000063.png,1,0.42595452177255066,0.18177942136018244,0.34401378990357684
learned_error_driven,2011_09_26/2011_09_26_drive_0039_sync,63,disturbance,23,63,0000000063.png,2,0.4019078086011119,0.18954950701645726,0.6218120783634755
learned_error_driven,2011_09_26/2011_09_26_drive_0039_sync,63,disturbance,23,63,0000000063.png,3,1.0758855136297285,0.5608422819638021,0.7557575267892472
learned_error_driven,2011_09_26/2011_09_26_drive_0039_sync,63,disturbance,23,63,0000000063.png,4,2.0006929908348265,1.3147355735705817,0.9093691786495479
learned_error_driven,2011_09_26/2011_09_26_drive_0039_sync,63,disturbance,23,63,0000000063.png,5,1.0225466213136387,0.8300749002005047,0.009394165035643205
learned_error_driven,2011_09_26/2011_09_26_drive_0039_sync,64,disturbance,24,64,0000000064.png,1,0.5737786118438732,0.19543949123645415,0.3462109024969115
learned_error_driven,2011_09_26/2011_09_26_drive_0039_sync,64,disturbance,24,64,0000000064.png,2,0.4733363664003374,0.18816377234697265,0.6196338736494968
learned_error_driven,2011_09_26/2011_09_26_drive_0039_sync,64,disturbance,24,64,0000000064.png,3,1.1796824043272802,0.5336390858415213,0.755315263693036
learned_error_driven,2011_09_26/2011_09_26_drive_0039_sync,64,disturbance,24,64,0000000064.png,4,2.0543159297085323,1.2735694969565916,0.9126706522478294
learned_error_driven,2011_09_26/2011_09_26_drive_0039_sync,64,disturbance,24,64,0000000064.png,5,1.042807517195074,0.8239909818101563,0.009457050472742489
learned_error_driven,2011_09_26/2011_09_26_drive_0039_sync,65,disturbance,25,65,0000000065.png,1,0.4470469188600404,0.21912888431335434,0.349157378798322
learned_error_driven,2011_09_26/2011_09_26_drive_0039_sync,65,disturbance,25,65,0000000065.png,2,0.3906380521809557,0.19872245114589568,0.6218087855031349
learned_error_driven,2011_09_26/2011_09_26_drive_0039_sync,65,disturbance,25,65,0000000065.png,3,1.0709518083336678,0.5531555126616841,0.7547079848864283
learned_error_driven,2011_09_26/2011_09_26_drive_0039_sync,65,disturbance,25,65,0000000065.png,4,2.008866592884236,1.2833006273224385,0.9108629822328614
learned_error_driven,2011_09_26/2011_09_26_drive_0039_sync,65,disturbance,25,65,0000000065.png,5,1.0324785787659443,0.8227464899678611,0.009492507295200804
learned_error_driven,2011_09_26/2011_09_26_drive_0039_sync,66,disturbance,26,66,0000000066.png,1,0.4493582416141961,0.22018408009540164,0.35023452526596993
learned_error_driven,2011_09_26/2011_09_26_drive_0039_sync,66,disturbance,26,66,0000000066.png,2,0.37217690142132465,0.19630200313287238,0.620812885382387
learned_error_driven,2011_09_26/2011_09_26_drive_0039_sync,66,disturbance,26,66,0000000066.png,3,1.0162460416779453,0.5586130990563389,0.7580965411696879
learned_error_driven,2011_09_26/2011_09_26_drive_0039_sync,66,disturbance,26,66,0000000066.png,4,1.9534962136674345,1.300370210425015,0.9116771921969286
learned_error_driven,2011_09_26/2011_09_26_drive_0039_sync,66,disturbance,26,66,0000000066.png,5,0.9885309266189889,0.8201995683919728,0.009493512844570456
learned_error_driven,2011_09_26/2011_09_26_drive_0039_sync,67,disturbance,27,67,0000000067.png,1,0.4696809875218625,0.22656435141227094,0.35169212155306956
learned_error_driven,2011_09_26/2011_09_26_drive_0039_sync,67,disturbance,27,67,0000000067.png,2,0.3764228052389646,0.19481045585499981,0.6231505892068965
learned_error_driven,2011_09_26/2011_09_26_drive_0039_sync,67,disturbance,27,67,0000000067.png,3,1.0262621953191715,0.5573669648124652,0.7612102538199494
learned_error_driven,2011_09_26/2011_09_26_drive_0039_sync,67,disturbance,27,67,0000000067.png,4,1.9576797875028455,1.3015444271763952,0.9145930222562552
learned_error_driven,2011_09_26/2011_09_26_drive_0039_sync,67,disturbance,27,67,0000000067.png,5,0.996679424804431,0.8179867599286855,0.009459594705788896
learned_error_driven,2011_09_26/2011_09_26_drive_0039_sync,68,disturbance,28,68,0000000068.png,1,0.34025143286093174,0.22385734486606487,0.3561496832735067
learned_error_driven,2011_09_26/2011_09_26_drive_0039_sync,68,disturbance,28,68,0000000068.png,2,0.32901756800404286,0.19713355804950342,0.6308739626595616
learned_error_driven,2011_09_26/2011_09_26_drive_0039_sync,68,disturbance,28,68,0000000068.png,3,0.9674106684377444,0.5713794582922951,0.7644046708995194
learned_error_driven,2011_09_26/2011_09_26_drive_0039_sync,68,disturbance,28,68,0000000068.png,4,1.9203276607296171,1.3178045181057658,0.9161506414670018
learned_error_driven,2011_09_26/2011_09_26_drive_0039_sync,68,disturbance,28,68,0000000068.png,5,0.9958337586347072,0.8210141708710131,0.009402036039239383
learned_error_driven,2011_09_26/2011_09_26_drive_0039_sync,69,disturbance,29,69,0000000069.png,1,0.3281914251065134,0.21153089594951538,0.35990653962087654
learned_error_driven,2011_09_26/2011_09_26_drive_0039_sync,69,disturbance,29,69,0000000069.png,2,0.33364091371459564,0.197284670412885,0.6323684761727723
learned_error_driven,2011_09_26/2011_09_26_drive_0039_sync,69,disturbance,29,69,0000000069.png,3,0.9635545813784167,0.5785774046489727,0.7679227083058657
learned_error_driven,2011_09_26/2011_09_26_drive_0039_sync,69,disturbance,29,69,0000000069.png,4,1.903812919420622,1.3335385309305596,0.9157171526117809
learned_error_driven,2011_09_26/2011_09_26_drive_0039_sync,69,disturbance,29,69,0000000069.png,5,1.002328935348982,0.8274292528972576,0.009337429158173675
learned_error_driven,2011_09_26/2011_09_26_drive_0039_sync,70,disturbance,30,70,0000000070.png,1,0.3470304455368076,0.2050988638426357,0.3633970736252203
learned_error_driven,2011_09_26/2011_09_26_drive_0039_sync,70,disturbance,30,70,0000000070.png,2,0.34041321425508486,0.19820551729257113,0.6347995966309232
learned_error_driven,2011_09_26/2011_09_26_drive_0039_sync,70,disturbance,30,70,0000000070.png,3,0.9783480716755978,0.581640571715305,0.7711775871670711
learned_error_driven,2011_09_26/2011_09_26_drive_0039_sync,70,disturbance,30,70,0000000070.png,4,1.9228981285868554,1.3451212506937986,0.9150078935274907
learned_error_driven,2011_09_26/2011_09_26_drive_0039_sync,70,disturbance,30,70,0000000070.png,5,1.0233298107361897,0.835129355386136,0.009270133809832354
learned_error_driven,2011_09_26/2011_09_26_drive_0039_sync,71,disturbance,31,71,0000000071.png,1,0.34516775808605876,0.20565016031676703,0.367677647830921
learned_error_driven,2011_09_26/2011_09_26_drive_0039_sync,71,disturbance,31,71,0000000071.png,2,0.3363614706939731,0.20064606121675527,0.6410503095148448
learned_error_driven,2011_09_26/2011_09_26_drive_0039_sync,71,disturbance,31,71,0000000071.png,3,0.9770536134011347,0.5899022439616539,0.7756014016721526
learned_error_driven,2011_09_26/2011_09_26_drive_0039_sync,71,disturbance,31,71,0000000071.png,4,1.9422618354188246,1.3575310489016574,0.9146049285924782
learned_error_driven,2011_09_26/2011_09_26_drive_0039_sync,71,disturbance,31,71,0000000071.png,5,1.0403230163244883,0.8450466899234995,0.009208533118226768
learned_error_driven,2011_09_26/2011_09_26_drive_0039_sync,72,disturbance,32,72,0000000072.png,1,0.3536076348670561,0.2076833531743486,0.37325441340184123
learned_error_driven,2011_09_26/2011_09_26_drive_0039_sync,72,disturbance,32,72,0000000072.png,2,0.33917404244429267,0.20292792266730117,0.6466879597158592
learned_error_driven,2011_09_26/2011_09_26_drive_0039_sync,72,disturbance,32,72,0000000072.png,3,0.9828256647206287,0.597170984224464,0.7789142849641776
learned_error_driven,2011_09_26/2011_09_26_drive_0039_sync,72,disturbance,32,72,0000000072.png,4,1.956805328377056,1.366352806879281,0.9165066443716869
learned_error_driven,2011_09_26/2011_09_26_drive_0039_sync,72,disturbance,32,72,0000000072.png,5,1.0681898018320783,0.8556491404680361,0.009154384703938336
learned_error_driven,2011_09_26/2011_09_26_drive_0039_sync,73,disturbance,33,73,0000000073.png,1,0.40599624815721425,0.2133586813355243,0.3786416385884289
learned_error_driven,2011_09_26/2011_09_26_drive_0039_sync,73,disturbance,33,73,0000000073.png,2,0.35585753896084443,0.20407952742288835,0.6494747172066642
learned_error_driven,2011_09_26/2011_09_26_drive_0039_sync,73,disturbance,33,73,0000000073.png,3,0.9963698988865937,0.6005971658113551,0.7825599132932887
learned_error_driven,2011_09_26/2011_09_26_drive_0039_sync,73,disturbance,33,73,0000000073.png,4,1.958654082166492,1.366308353388626,0.9190069276937152
learned_error_driven,2011_09_26/2011_09_26_drive_0039_sync,73,disturbance,33,73,0000000073.png,5,1.0561446883158419,0.8590921534454734,0.009107359579344044
learned_error_driven,2011_09_26/2011_09_26_drive_0039_sync,74,disturbance,34,74,0000000074.png,1,0.4672012060030382,0.22590052956050877,0.380861032010998
learned_error_driven,2011_09_26/2011_09_26_drive_0039_sync,74,disturbance,34,74,0000000074.png,2,0.39372067652766796,0.2033498530550169,0.6464796531334084
learned_error_driven,2011_09_26/2011_09_26_drive_0039_sync,74,disturbance,34,74,0000000074.png,3,1.0498263196268753,0.5876416528727889,0.7824719130729733
learned_error_driven,2011_09_26/2011_09_26_drive_0039_sync,74,disturbance,34,74,0000000074.png,4,1.9880956668760705,1.3438655797757706,0.9230924127352674
learned_error_driven,2011_09_26/2011_09_26_drive_0039_sync,74,disturbance,34,74,0000000074.png,5,1.046631686313052,0.8540810472651928,0.009063337396139967
learned_error_driven,2011_09_26/2011_09_26_drive_0039_sync,75,disturbance,35,75,0000000075.png,1,0.48922692509009935,0.23859818391863694,0.3812200969288055
learned_error_driven,2011_09_26/2011_09_26_drive_0039_sync,75,disturbance,35,75,0000000075.png,2,0.41612243915349145,0.20250738388520695,0.6438281345188608
learned_error_driven,2011_09_26/2011_09_26_drive_0039_sync,75,disturbance,35,75,0000000075.png,3,1.1022015069224127,0.567620182447563,0.7817832339658779
learned_error_driven,2011_09_26/2011_09_26_drive_0039_sync,75,disturbance,35,75,0000000075.png,4,2.008533679428746,1.3018638531818707,0.9284042792986118
learned_error_driven,2011_09_26/2011_09_26_drive_0039_sync,75,disturbance,35,75,0000000075.png,5,1.0244060600892233,0.8377531721722598,0.009012450135350953
learned_error_driven,2011_09_26/2011_09_26_drive_0039_sync,76,disturbance,36,76,0000000076.png,1,0.39178173008789763,0.23592939500516338,0.38197438428886943
learned_error_driven,2011_09_26/2011_09_26_drive_0039_sync,76,disturbance,36,76,0000000076.png,2,0.37151823551792373,0.20489764359066293,0.6448411631372478
learned_error_driven,2011_09_26/2011_09_26_drive_0039_sync,76,disturbance,36,76,0000000076.png,3,1.0457354342944574,0.5739444194006186,0.7795851134387278
learned_error_driven,2011_09_26/2011_09_26_drive_0039_sync,76,disturbance,36,76,0000000076.png,4,1.9826733725456953,1.2921982337414022,0.9302950961860704
learned_error_driven,2011_09_26/2011_09_26_drive_0039_sync,76,disturbance,36,76,0000000076.png,5,1.0299412907480194,0.8302957830940935,0.008955637816318043
learned_error_driven,2011_09_26/2011_09_26_drive_0039_sync,77,disturbance,37,77,0000000077.png,1,0.3891385873452744,0.2140771507253889,0.382290069918671
learned_error_driven,2011_09_26/2011_09_26_drive_0039_sync,77,disturbance,37,77,0000000077.png,2,0.3913653304272548,0.20288471656592338,0.6420149032747194
learned_error_driven,2011_09_26/2011_09_26_drive_0039_sync,77,disturbance,37,77,0000000077.png,3,1.0507868318953566,0.5727844879520201,0.7764982722910185
learned_error_driven,2011_09_26/2011_09_26_drive_0039_sync,77,disturbance,37,77,0000000077.png,4,1.9593972562893816,1.294514869265349,0.9310402938187363
learned_error_driven,2011_09_26/2011_09_26_drive_0039_sync,77,disturbance,37,77,0000000077.png,5,1.044431328109552,0.8325858983263552,0.00889476938629116
learned_error_driven,2011_09_26/2011_09_26_drive_0039_sync,78,disturbance,38,78,0000000078.png,1,0.43982226251407064,0.20010166261050855,0.383414543958487
learned_error_driven,2011_09_26/2011_09_26_drive_0039_sync,78,disturbance,38,78,0000000078.png,2,0.4126065131389743,0.2027647873367498,0.6378370063683425
learned_error_driven,2011_09_26/2011_09_26_drive_0039_sync,78,disturbance,38,78,0000000078.png,3,1.0870357056593025,0.5670959268461535,0.7753982836833557
learned_error_driven,2011_09_26/2011_09_26_drive_0039_sync,78,disturbance,38,78,0000000078.png,4,1.9790927119778818,1.2909875771635484,0.9341538739102458
learned_error_driven,2011_09_26/2011_09_26_drive_0039_sync,78,disturbance,38,78,0000000078.png,5,1.058491993861254,0.8378217243760715,0.008836550417845057
learned_error_driven,2011_09_26/2011_09_26_drive_0039_sync,79,disturbance,39,79,0000000079.png,1,0.3694741963822789,0.19542361297946548,0.3867370983339059
learned_error_driven,2011_09_26/2011_09_26_drive_0039_sync,79,disturbance,39,79,0000000079.png,2,0.3716592905408212,0.20627118107244163,0.6400562467735705
learned_error_driven,2011_09_26/2011_09_26_drive_0039_sync,79,disturbance,39,79,0000000079.png,3,1.0339658102849696,0.5798985106721544,0.777266618341652
learned_error_driven,2011_09_26/2011_09_26_drive_0039_sync,79,disturbance,39,79,0000000079.png,4,1.95909090355945,1.3044643400557534,0.9347711438458154
learned_error_driven,2011_09_26/2011_09_26_drive_0039_sync,79,disturbance,39,79,0000000079.png,5,1.0506262365791663,0.842182593589515,0.008776169599764261
learned_error_driven,2011_09_26/2011_09_26_drive_0039_sync,80,disturbance,40,80,0000000080.png,1,0.34131380969999997,0.18719461086802225,0.3913156714634507
learned_error_driven,2011_09_26/2011_09_26_drive_0039_sync,80,disturbance,40,80,0000000080.png,2,0.35765491237381253,0.20605214518926368,0.6428522328250925
learned_error_driven,2011_09_26/2011_09_26_drive_0039_sync,80,disturbance,40,80,0000000080.png,3,1.0085455382320259,0.5875123663946711,0.7788903633115305
learned_error_driven,2011_09_26/2011_09_26_drive_0039_sync,80,disturbance,40,80,0000000080.png,4,1.940525979004914,1.3156142678564027,0.9330463220950381
learned_error_driven,2011_09_26/2011_09_26_drive_0039_sync,80,disturbance,40,80,0000000080.png,5,1.043992006207963,0.8458503769399364,0.008721466334668544
learned_error_driven,2011_09_26/2011_09_26_drive_0039_sync,81,disturbance,41,81,0000000081.png,1,0.3579986101612315,0.1786266145202249,0.3945375620596791
learned_error_driven,2011_09_26/2011_09_26_drive_0039_sync,81,disturbance,41,81,0000000081.png,2,0.3788955558196635,0.20523513471515023,0.6417028917846408
learned_error_driven,2011_09_26/2011_09_26_drive_0039_sync,81,disturbance,41,81,0000000081.png,3,1.0411346064225433,0.5881688256341014,0.7798149917245136
learned_error_driven,2011_09_26/2011_09_26_drive_0039_sync,81,disturbance,41,81,0000000081.png,4,1.949721038859187,1.317471320859547,0.9329469581256441
learned_error_driven,2011_09_26/2011_09_26_drive_0039_sync,81,disturbance,41,81,0000000081.png,5,1.0479048816832128,0.847843037812789,0.008674026394881124
learned_error_driven,2011_09_26/2011_09_26_drive_0039_sync,82,disturbance,42,82,0000000082.png,1,0.40577325332590514,0.17564648209155623,0.39509133904988325
learned_error_driven,2011_09_26/2011_09_26_drive_0039_sync,82,disturbance,42,82,0000000082.png,2,0.4018095199419143,0.20437890229716094,0.6373551529103239
learned_error_driven,2011_09_26/2011_09_26_drive_0039_sync,82,disturbance,42,82,0000000082.png,3,1.0770403580633081,0.5767971054549831,0.7796621335404291
learned_error_driven,2011_09_26/2011_09_26_drive_0039_sync,82,disturbance,42,82,0000000082.png,4,1.952271049867927,1.3020743582146228,0.9336051162927053
learned_error_driven,2011_09_26/2011_09_26_drive_0039_sync,82,disturbance,42,82,0000000082.png,5,1.0162020007602408,0.8410853228823953,0.008637790418619774
learned_error_driven,2011_09_26/2011_09_26_drive_0039_sync,83,disturbance,43,83,0000000083.png,1,0.42381681923113346,0.17628480057033857,0.39471167403569823
learned_error_driven,2011_09_26/2011_09_26_drive_0039_sync,83,disturbance,43,83,0000000083.png,2,0.3938460418465572,0.2014993882566925,0.6346609404990531
learned_error_driven,2011_09_26/2011_09_26_drive_0039_sync,83,disturbance,43,83,0000000083.png,3,1.0692799564341868,0.5665174362862604,0.7794919494145184
learned_error_driven,2011_09_26/2011_09_26_drive_0039_sync,83,disturbance,43,83,0000000083.png,4,1.9130357462412633,1.2802147759335907,0.9328242392076298
learned_error_driven,2011_09_26/2011_09_26_drive_0039_sync,83,disturbance,43,83,0000000083.png,5,0.9945162141388559,0.8307559380223604,0.00861920935725657
learned_error_driven,2011_09_26/2011_09_26_drive_0039_sync,84,disturbance,44,84,0000000084.png,1,0.36671140053390644,0.17896814200784542,0.3948665122789067
learned_error_driven,2011_09_26/2011_09_26_drive_0039_sync,84,disturbance,44,84,0000000084.png,2,0.3562202448939846,0.19966085634437364,0.6381672337614004
learned_error_driven,2011_09_26/2011_09_26_drive_0039_sync,84,disturbance,44,84,0000000084.png,3,0.9995837797790089,0.5778179362754398,0.7812364460185491
learned_error_driven,2011_09_26/2011_09_26_drive_0039_sync,84,disturbance,44,84,0000000084.png,4,1.8793216166713687,1.2879663833282085,0.9324870590560822
learned_error_driven,2011_09_26/2011_09_26_drive_0039_sync,84,disturbance,44,84,0000000084.png,5,0.9870428652835769,0.8248886846256571,0.008616665803359274
learned_error_driven,2011_09_26/2011_09_26_drive_0039_sync,85,disturbance,45,85,0000000085.png,1,0.4172846516485611,0.17883442980501435,0.39599828831146067
learned_error_driven,2011_09_26/2011_09_26_drive_0039_sync,85,disturbance,45,85,0000000085.png,2,0.390116593265218,0.19401875927629786,0.6348586411278039
learned_error_driven,2011_09_26/2011_09_26_drive_0039_sync,85,disturbance,45,85,0000000085.png,3,1.064331294914278,0.5701621536850687,0.781771814858136
learned_error_driven,2011_09_26/2011_09_26_drive_0039_sync,85,disturbance,45,85,0000000085.png,4,1.9215230619597137,1.284514850546002,0.9348725944443597
learned_error_driven,2011_09_26/2011_09_26_drive_0039_sync,85,disturbance,45,85,0000000085.png,5,0.990539406823659,0.8225908406220566,0.008618468606722359
learned_error_driven,2011_09_26/2011_09_26_drive_0039_sync,86,disturbance,46,86,0000000086.png,1,0.5317861634020234,0.19051826044848835,0.3981556012684986
learned_error_driven,2011_09_26/2011_09_26_drive_0039_sync,86,disturbance,46,86,0000000086.png,2,0.46282223908707704,0.18896946920179736,0.6349471554777631
learned_error_driven,2011_09_26/2011_09_26_drive_0039_sync,86,disturbance,46,86,0000000086.png,3,1.2070661100355364,0.5422584376085664,0.7807467325456832
learned_error_driven,2011_09_26/2011_09_26_drive_0039_sync,86,disturbance,46,86,0000000086.png,4,2.0097595703318576,1.2233257313073311,0.941250390788581
learned_error_driven,2011_09_26/2011_09_26_drive_0039_sync,86,disturbance,46,86,0000000086.png,5,0.9856003775776319,0.8040442632637936,0.0086169161988287
learned_error_driven,2011_09_26/2011_09_26_drive_0039_sync,87,disturbance,47,87,0000000087.png,1,0.4702147517479707,0.20251520030112805,0.39902683398188515
learned_error_driven,2011_09_26/2011_09_26_drive_0039_sync,87,disturbance,47,87,0000000087.png,2,0.42415258081243007,0.19517965179255595,0.6341573962661721
learned_error_driven,2011_09_26/2011_09_26_drive_0039_sync,87,disturbance,47,87,0000000087.png,3,1.1762693171243108,0.5516252650715764,0.7782687882042938
learned_error_driven,2011_09_26/2011_09_26_drive_0039_sync,87,disturbance,47,87,0000000087.png,4,2.022568846773616,1.197591743060842,0.9419891897406918
learned_error_driven,2011_09_26/2011_09_26_drive_0039_sync,87,disturbance,47,87,0000000087.png,5,0.9838882803433187,0.7869010208544756,0.00860830067524763
learned_error_driven,2011_09_26/2011_09_26_drive_0039_sync,88,disturbance,48,88,0000000088.png,1,0.38685785430795294,0.19221606535409083,0.4019873100413645
learned_error_driven,2011_09_26/2011_09_26_drive_0039_sync,88,disturbance,48,88,0000000088.png,2,0.37696204832808283,0.19984159762900955,0.6378174513947318
learned_error_driven,2011_09_26/2011_09_26_drive_0039_sync,88,disturbance,48,88,0000000088.png,3,1.1128090171704366,0.5754764929978028,0.7755027770599628
learned_error_driven,2011_09_26/2011_09_26_drive_0039_sync,88,disturbance,48,88,0000000088.png,4,2.004617067830102,1.212808362194308,0.9388912277447452
learned_error_driven,2011_09_26/2011_09_26_drive_0039_sync,88,disturbance,48,88,0000000088.png,5,0.9949324832716896,0.7837011527949972,0.008599063683519743
learned_error_driven,2011_09_26/2011_09_26_drive_0039_sync,89,disturbance,49,89,0000000089.png,1,0.47774537900293024,0.15778921265052423,0.40375523890737214
learned_error_driven,2011_09_26/2011_09_26_drive_0039_sync,89,disturbance,49,89,0000000089.png,2,0.445614032964893,0.19110712567746088,0.6340807374382665
learned_error_driven,2011_09_26/2011_09_26_drive_0039_sync,89,disturbance,49,89,0000000089.png,3,1.1678206208405686,0.5577646009499354,0.7742340376215117
learned_error_driven,2011_09_26/2011_09_26_drive_0039_sync,89,disturbance,49,89,0000000089.png,4,1.9852979161766175,1.2074482108690316,0.9396353864296618
learned_error_driven,2011_09_26/2011_09_26_drive_0039_sync,89,disturbance,49,89,0000000089.png,5,0.9868784263568474,0.7859086497435128,0.008585432040518136
learned_error_driven,2011_09_26/2011_09_26_drive_0039_sync,90,disturbance,50,90,0000000090.png,1,0.5373435006345579,0.1598221612185249,0.4046052663816775
learned_error_driven,2011_09_26/2011_09_26_drive_0039_sync,90,disturbance,50,90,0000000090.png,2,0.47418286509483787,0.19157161588794394,0.6323563318934591
learned_error_driven,2011_09_26/2011_09_26_drive_0039_sync,90,disturbance,50,90,0000000090.png,3,1.2063670405530469,0.5426511104023163,0.7730596436617009
learned_error_driven,2011_09_26/2011_09_26_drive_0039_sync,90,disturbance,50,90,0000000090.png,4,1.9994766735483014,1.1895219629940346,0.9412305117430577
learned_error_driven,2011_09_26/2011_09_26_drive_0039_sync,90,disturbance,50,90,0000000090.png,5,0.9679521688964433,0.7829852828561413,0.008576629538995155
learned_error_driven,2011_09_26/2011_09_26_drive_0039_sync,91,disturbance,51,91,0000000091.png,1,0.4355690862082556,0.1803509080590958,0.40423685672733933
learned_error_driven,2011_09_26/2011_09_26_drive_0039_sync,91,disturbance,51,91,0000000091.png,2,0.4256962496865669,0.20132351784999283,0.6301637707523833
learned_error_driven,2011_09_26/2011_09_26_drive_0039_sync,91,disturbance,51,91,0000000091.png,3,1.1510012923155684,0.5577313547730907,0.7706205138260496
learned_error_driven,2011_09_26/2011_09_26_drive_0039_sync,91,disturbance,51,91,0000000091.png,4,1.9970290102140442,1.1997646833264828,0.9368300923858975
learned_error_driven,2011_09_26/2011_09_26_drive_0039_sync,91,disturbance,51,91,0000000091.png,5,0.974368603474118,0.7808829239602113,0.008566865133758983
learned_error_driven,2011_09_26/2011_09_26_drive_0039_sync,92,disturbance,52,92,0000000092.png,1,0.3471891807082396,0.18484213215581294,0.4053074209946394
learned_error_driven,2011_09_26/2011_09_26_drive_0039_sync,92,disturbance,52,92,0000000092.png,2,0.36455376027468944,0.20768216628226113,0.6334467005756704
learned_error_driven,2011_09_26/2011_09_26_drive_0039_sync,92,disturbance,52,92,0000000092.png,3,1.0718326041521058,0.5838694785679092,0.7702750091838562
learned_error_driven,2011_09_26/2011_09_26_drive_0039_sync,92,disturbance,52,92,0000000092.png,4,1.9850150260495392,1.240882303553539,0.9292921104504898
learned_error_driven,2011_09_26/2011_09_26_drive_0039_sync,92,disturbance,52,92,0000000092.png,5,1.0052922359477918,0.7918120783330109,0.008552870254973822
learned_error_driven,2011_09_26/2011_09_26_drive_0039_sync,93,disturbance,53,93,0000000093.png,1,0.41471956887091466,0.18268978428347393,0.4057842645024051
learned_error_driven,2011_09_26/2011_09_26_drive_0039_sync,93,disturbance,53,93,0000000093.png,2,0.3738457367046606,0.20426909307066654,0.6326125988125619
learned_error_driven,2011_09_26/2011_09_26_drive_0039_sync,93,disturbance,53,93,0000000093.png,3,1.0629773313597244,0.5865404544409679,0.7720834918369037
learned_error_driven,2011_09_26/2011_09_26_drive_0039_sync,93,disturbance,53,93,0000000093.png,4,1.9913598939594113,1.2697239189783862,0.926367886864925
learned_error_driven,2011_09_26/2011_09_26_drive_0039_sync,93,disturbance,53,93,0000000093.png,5,1.0169341020016462,0.8030697716170497,0.008547818339954567
learned_error_driven,2011_09_26/2011_09_26_drive_0039_sync,94,disturbance,54,94,0000000094.png,1,0.45950359491757437,0.19008541159106898,0.40663651886126045
learned_error_driven,2011_09_26/2011_09_26_drive_0039_sync,94,disturbance,54,94,0000000094.png,2,0.3916860269449496,0.19949021190374372,0.6331929136669923
learned_error_driven,2011_09_26/2011_09_26_drive_0039_sync,94,disturbance,54,94,0000000094.png,3,1.0984080025344638,0.5773467970537247,0.7726556595820737
learned_error_driven,2011_09_26/2011_09_26_drive_0039_sync,94,disturbance,54,94,0000000094.png,4,2.0092000771304956,1.2729568009443162,0.9284921723354317
learned_error_driven,2011_09_26/2011_09_26_drive_0039_sync,94,disturbance,54,94,0000000094.png,5,1.0035667276581661,0.8061633696875474,0.00854062140340444
learned_error_driven,2011_09_26/2011_09_26_drive_0039_sync,95,disturbance,55,95,0000000095.png,1,0.44937356696269354,0.19805241073724864,0.40744913178531705
learned_error_driven,2011_09_26/2011_09_26_drive_0039_sync,95,disturbance,55,95,0000000095.png,2,0.401065743543912,0.19698039827939914,0.6345384781834007
learned_error_driven,2011_09_26/2011_09_26_drive_0039_sync,95,disturbance,55,95,0000000095.png,3,1.126530935826101,0.5715568996046667,0.7721672175847271
learned_error_driven,2011_09_26/2011_09_26_drive_0039_sync,95,disturbance,55,95,0000000095.png,4,2.026795811789678,1.262593781328805,0.9327202676105794
learned_error_driven,2011_09_26/2011_09_26_drive_0039_sync,95,disturbance,55,95,0000000095.png,5,1.0107064119257532,0.8023842824085302,0.008527903326528823
learned_error_driven,2011_09_26/2011_09_26_drive_0039_sync,96,disturbance,56,96,0000000096.png,1,0.4176592109299572,0.19938446968184015,0.4088474927658084
learned_error_driven,2011_09_26/2011_09_26_drive_0039_sync,96,disturbance,56,96,0000000096.png,2,0.37434889066659066,0.19755535711456562,0.6369128428330799
learned_error_driven,2011_09_26/2011_09_26_drive_0039_sync,96,disturbance,56,96,0000000096.png,3,1.0858697979378702,0.5759269038021658,0.772704453987184
learned_error_driven,2011_09_26/2011_09_26_drive_0039_sync,96,disturbance,56,96,0000000096.png,4,2.004046616747602,1.2636097390073766,0.9323445514555803
learned_error_driven,2011_09_26/2011_09_26_drive_0039_sync,96,disturbance,56,96,0000000096.png,5,0.9960450228107217,0.7975498952562945,0.008504006910655986
learned_error_driven,2011_09_26/2011_09_26_drive_0039_sync,97,disturbance,57,97,0000000097.png,1,0.34088599972120387,0.19407471538301524,0.41155638607791634
learned_error_driven,2011_09_26/2011_09_26_drive_0039_sync,97,disturbance,57,97,0000000097.png,2,0.3564308711217188,0.19872753449106884,0.6431720326241275
learned_error_driven,2011_09_26/2011_09_26_drive_0039_sync,97,disturbance,57,97,0000000097.png,3,1.0509275928338175,0.5862983124841418,0.7733748181416541
learned_error_driven,2011_09_26/2011_09_26_drive_0039_sync,97,disturbance,57,97,0000000097.png,4,2.0038453417037854,1.2848694310751363,0.9294818910762868
learned_error_driven,2011_09_26/2011_09_26_drive_0039_sync,97,disturbance,57,97,0000000097.png,5,1.0414833839837412,0.8051695894781923,0.008474993622829635
learned_error_driven,2011_09_26/2011_09_26_drive_0039_sync,98,disturbance,58,98,0000000098.png,1,0.3412868802407922,0.18097944500481167,0.4139297122054566
learned_error_driven,2011_09_26/2011_09_26_drive_0039_sync,98,disturbance,58,98,0000000098.png,2,0.36335849943195114,0.19838097898546628,0.643680678123836
learned_error_driven,2011_09_26/2011_09_26_drive_0039_sync,98,disturbance,58,98,0000000098.png,3,1.0539743820356304,0.5893634564834825,0.7742737961940656
learned_error_driven,2011_09_26/2011_09_26_drive_0039_sync,98,disturbance,58,98,0000000098.png,4,2.0017778148555077,1.3046179074922397,0.9271506460060518
learned_error_driven,2011_09_26/2011_09_26_drive_0039_sync,98,disturbance,58,98,0000000098.png,5,1.03151992598844,0.8126993134072589,0.008442399663344138
learned_error_driven,2011_09_26/2011_09_26_drive_0039_sync,99,disturbance,59,99,0000000099.png,1,0.3420582154805454,0.17613722598931325,0.4160794125236945
learned_error_driven,2011_09_26/2011_09_26_drive_0039_sync,99,disturbance,59,99,0000000099.png,2,0.35386094630905307,0.19846498891755365,0.6469334160096151
learned_error_driven,2011_09_26/2011_09_26_drive_0039_sync,99,disturbance,59,99,0000000099.png,3,1.0406339806381166,0.5932710147814719,0.776063844586199
learned_error_driven,2011_09_26/2011_09_26_drive_0039_sync,99,disturbance,59,99,0000000099.png,4,1.9941359134905674,1.3207239628947864,0.9249390163492549
learned_error_driven,2011_09_26/2011_09_26_drive_0039_sync,99,disturbance,59,99,0000000099.png,5,1.0377168396651801,0.8199851575282243,0.008406895283473924
learned_error_driven,2011_09_26/2011_09_26_drive_0039_sync,100,disturbance,60,100,0000000100.png,1,0.3133705768021833,0.17198982610058255,0.4182036207856776
learned_error_driven,2011_09_26/2011_09_26_drive_0039_sync,100,disturbance,60,100,0000000100.png,2,0.3525884749974837,0.19848328855189484,0.6505479036882109
learned_error_driven,2011_09_26/2011_09_26_drive_0039_sync,100,disturbance,60,100,0000000100.png,3,1.0429088810264995,0.5960087913286148,0.7775378211283932
learned_error_driven,2011_09_26/2011_09_26_drive_0039_sync,100,disturbance,60,100,0000000100.png,4,1.9979665712914496,1.335225689938337,0.9250766098892473
learned_error_driven,2011_09_26/2011_09_26_drive_0039_sync,100,disturbance,60,100,0000000100.png,5,1.0289771740474296,0.8255379657828896,0.008368651028778255
learned_error_driven,2011_09_26/2011_09_26_drive_0039_sync,101,disturbance,61,101,0000000101.png,1,0.3201015340811168,0.1665299907067829,0.420458601164375
learned_error_driven,2011_09_26/2011_09_26_drive_0039_sync,101,disturbance,61,101,0000000101.png,2,0.36588849651685684,0.19803556876438722,0.65310815639767
learned_error_driven,2011_09_26/2011_09_26_drive_0039_sync,101,disturbance,61,101,0000000101.png,3,1.0632523486099874,0.5957620545089599,0.7790319319732051
learned_error_driven,2011_09_26/2011_09_26_drive_0039_sync,101,disturbance,61,101,0000000101.png,4,2.0001727818176094,1.339117057631036,0.9246078577013138
learned_error_driven,2011_09_26/2011_09_26_drive_0039_sync,101,disturbance,61,101,0000000101.png,5,1.031206646696754,0.8271277344572631,0.008332452566580596
learned_error_driven,2011_09_26/2011_09_26_drive_0039_sync,102,disturbance,62,102,0000000102.png,1,0.3280077383443181,0.16365325651611182,0.42204006530829835
learned_error_driven,2011_09_26/2011_09_26_drive_0039_sync,102,disturbance,62,102,0000000102.png,2,0.37021943758876985,0.19902184858796326,0.6549211485372043
learned_error_driven,2011_09_26/2011_09_26_drive_0039_sync,102,disturbance,62,102,0000000102.png,3,1.07485502728206,0.5953988811634388,0.778913728680908
learned_error_driven,2011_09_26/2011_09_26_drive_0039_sync,102,disturbance,62,102,0000000102.png,4,2.024427940859122,1.3437541956203871,0.9242192839858605
learned_error_driven,2011_09_26/2011_09_26_drive_0039_sync,102,disturbance,62,102,0000000102.png,5,1.0490708960962793,0.8318413298264851,0.008301861259820029
learned_error_driven,2011_09_26/2011_09_26_drive_0039_sync,103,disturbance,63,103,0000000103.png,1,0.3172547240148528,0.16148528372886758,0.42410807214396373
learned_error_driven,2011_09_26/2011_09_26_drive_0039_sync,103,disturbance,63,103,0000000103.png,2,0.35434131437963,0.1997121623369613,0.6577124094100485
learned_error_driven,2011_09_26/2011_09_26_drive_0039_sync,103,disturbance,63,103,0000000103.png,3,1.0649238550547537,0.6041069514062685,0.7796859131853031
learned_error_driven,2011_09_26/2011_09_26_drive_0039_sync,103,disturbance,63,103,0000000103.png,4,2.0392107716515313,1.3598683947317736,0.9228729323508981
learned_error_driven,2011_09_26/2011_09_26_drive_0039_sync,103,disturbance,63,103,0000000103.png,5,1.0545751713533438,0.8420824187427218,0.008276752535541084
learned_error_driven,2011_09_26/2011_09_26_drive_0039_sync,104,disturbance,64,104,0000000104.png,1,0.38588646647622443,0.16410549806319777,0.42454502815053446
learned_error_driven,2011_09_26/2011_09_26_drive_0039_sync,104,disturbance,64,104,0000000104.png,2,0.38293827094243577,0.19558064731602623,0.6547854014655259
learned_error_driven,2011_09_26/2011_09_26_drive_0039_sync,104,disturbance,64,104,0000000104.png,3,1.1116393343613127,0.5997717403979905,0.7797184737497014
learned_error_driven,2011_09_26/2011_09_26_drive_0039_sync,104,disturbance,64,104,0000000104.png,4,2.0703563940858287,1.355833919030599,0.9250843702923034
learned_error_driven,2011_09_26/2011_09_26_drive_0039_sync,104,disturbance,64,104,0000000104.png,5,1.0723294046023573,0.8493088795592139,0.00824784657702795
learned_error_driven,2011_09_26/2011_09_26_drive_0039_sync,105,disturbance,65,105,0000000105.png,1,0.4044817948988411,0.17033930222742727,0.42574296248712934
learned_error_driven,2011_09_26/2011_09_26_drive_0039_sync,105,disturbance,65,105,0000000105.png,2,0.3880210632657497,0.19277571372310007,0.6555864636422551
learned_error_driven,2011_09_26/2011_09_26_drive_0039_sync,105,disturbance,65,105,0000000105.png,3,1.133388545866875,0.5971514110397581,0.7791412120562083
learned_error_driven,2011_09_26/2011_09_26_drive_0039_sync,105,disturbance,65,105,0000000105.png,4,2.105962494471332,1.348475246623706,0.9287921183495482
learned_error_driven,2011_09_26/2011_09_26_drive_0039_sync,105,disturbance,65,105,0000000105.png,5,1.0770999938845365,0.8517083296620833,0.008213985061754884
learned_error_driven,2011_09_26/2011_09_26_drive_0039_sync,106,disturbance,66,106,0000000106.png,1,0.36579600808038243,0.1723376740184465,0.4270127967121883
learned_error_driven,2011_09_26/2011_09_26_drive_0039_sync,106,disturbance,66,106,0000000106.png,2,0.3599606565081412,0.19185365834705118,0.6576742218095334
learned_error_driven,2011_09_26/2011_09_26_drive_0039_sync,106,disturbance,66,106,0000000106.png,3,1.077801444325902,0.6026725066841103,0.7812879012363021
learned_error_driven,2011_09_26/2011_09_26_drive_0039_sync,106,disturbance,66,106,0000000106.png,4,2.075129965682547,1.3571849073810576,0.9290977494285912
learned_error_driven,2011_09_26/2011_09_26_drive_0039_sync,106,disturbance,66,106,0000000106.png,5,1.0965650285031057,0.8585132345325062,0.00818048724348315
learned_error_driven,2011_09_26/2011_09_26_drive_0039_sync,107,disturbance,67,107,0000000107.png,1,0.3265758114642902,0.16819752517768982,0.4270416900808607
learned_error_driven,2011_09_26/2011_09_26_drive_0039_sync,107,disturbance,67,107,0000000107.png,2,0.35680993015667595,0.19137683188756385,0.655823003507731
learned_error_driven,2011_09_26/2011_09_26_drive_0039_sync,107,disturbance,67,107,0000000107.png,3,1.0666025753432633,0.6064015402600526,0.7826126048689824
learned_error_driven,2011_09_26/2011_09_26_drive_0039_sync,107,disturbance,67,107,0000000107.png,4,2.0433610769827646,1.3717307433437218,0.9291396117685882
learned_error_driven,2011_09_26/2011_09_26_drive_0039_sync,107,disturbance,67,107,0000000107.png,5,1.0725109147022958,0.8676571483507647,0.00814801882321406
learned_error_driven,2011_09_26/2011_09_26_drive_0039_sync,108,disturbance,68,108,0000000108.png,1,0.3002287407046368,0.16831183655752094,0.4284760576787828
learned_error_driven,2011_09_26/2011_09_26_drive_0039_sync,108,disturbance,68,108,0000000108.png,2,0.34864263950620106,0.1924951716033551,0.6569263563294525
learned_error_driven,2011_09_26/2011_09_26_drive_0039_sync,108,disturbance,68,108,0000000108.png,3,1.0585569956695584,0.6120037161447123,0.783581674110782
learned_error_driven,2011_09_26/2011_09_26_drive_0039_sync,108,disturbance,68,108,0000000108.png,4,2.0634149214372854,1.387773052448647,0.9296374665249789
learned_error_driven,2011_09_26/2011_09_26_drive_0039_sync,108,disturbance,68,108,0000000108.png,5,1.0915744002074934,0.8785098861189945,0.008117334837780425
learned_error_driven,2011_09_26/2011_09_26_drive_0039_sync,109,disturbance,69,109,0000000109.png,1,0.3347826580648746,0.17182963077939584,0.4286386055541723
learned_error_driven,2011_09_26/2011_09_26_drive_0039_sync,109,disturbance,69,109,0000000109.png,2,0.37053929265315333,0.1921095526365038,0.6531469250578982
learned_error_driven,2011_09_26/2011_09_26_drive_0039_sync,109,disturbance,69,109,0000000109.png,3,1.0866802272323748,0.6078041120434152,0.7849867136590887
learned_error_driven,2011_09_26/2011_09_26_drive_0039_sync,109,disturbance,69,109,0000000109.png,4,2.0982697223160556,1.393203491536204,0.9331723061054286
learned_error_driven,2011_09_26/2011_09_26_drive_0039_sync,109,disturbance,69,109,0000000109.png,5,1.1277633841115988,0.8896859857295918,0.008087521334766293
learned_error_driven,2011_09_26/2011_09_26_drive_0039_sync,110,disturbance,70,110,0000000110.png,1,0.4137164373130622,0.18379034148572426,0.42796267316142295
learned_error_driven,2011_09_26/2011_09_26_drive_0039_sync,110,disturbance,70,110,0000000110.png,2,0.39441736340891376,0.18981358999811715,0.650922409180992
learned_error_driven,2011_09_26/2011_09_26_drive_0039_sync,110,disturbance,70,110,0000000110.png,3,1.1298720374178488,0.5904135284834345,0.7854636524767555
learned_error_driven,2011_09_26/2011_09_26_drive_0039_sync,110,disturbance,70,110,0000000110.png,4,2.0973353485091253,1.3719267921782086,0.9392787403174592
learned_error_driven,2011_09_26/2011_09_26_drive_0039_sync,110,disturbance,70,110,0000000110.png,5,1.1108933991175354,0.8897190715016318,0.008056304456108289
learned_error_driven,2011_09_26/2011_09_26_drive_0039_sync,111,disturbance,71,111,0000000111.png,1,0.38515758963495644,0.19637332616668976,0.42654163490791136
learned_error_driven,2011_09_26/2011_09_26_drive_0039_sync,111,disturbance,71,111,0000000111.png,2,0.3817854329551578,0.19293953051347051,0.650600414356953
learned_error_driven,2011_09_26/2011_09_26_drive_0039_sync,111,disturbance,71,111,0000000111.png,3,1.1138775931538116,0.5902865307896964,0.7851177187959034
learned_error_driven,2011_09_26/2011_09_26_drive_0039_sync,111,disturbance,71,111,0000000111.png,4,2.1007374533347893,1.3619315238212077,0.9439668262168188
learned_error_driven,2011_09_26/2011_09_26_drive_0039_sync,111,disturbance,71,111,0000000111.png,5,1.0951951877623345,0.8846799199872348,0.008027103389436768
learned_error_driven,2011_09_26/2011_09_26_drive_0039_sync,112,disturbance,72,112,0000000112.png,1,0.35178845038553197,0.1994940958677841,0.42643736628729445
learned_error_driven,2011_09_26/2011_09_26_drive_0039_sync,112,disturbance,72,112,0000000112.png,2,0.3714267924614534,0.19850547862522588,0.6521573086875048
learned_error_driven,2011_09_26/2011_09_26_drive_0039_sync,112,disturbance,72,112,0000000112.png,3,1.0786725606926246,0.6033255868775362,0.7860316329461345
learned_error_driven,2011_09_26/2011_09_26_drive_0039_sync,112,disturbance,72,112,0000000112.png,4,2.0845132939717903,1.3775245367569162,0.9448009907779976
learned_error_driven,2011_09_26/2011_09_26_drive_0039_sync,112,disturbance,72,112,0000000112.png,5,1.0890142662156832,0.8857608646138166,0.008000907869913912
learned_error_driven,2011_09_26/2011_09_26_drive_0039_sync,113,disturbance,73,113,0000000113.png,1,0.36664621474833914,0.19979965539889905,0.42717847397058145
learned_error_driven,2011_09_26/2011_09_26_drive_0039_sync,113,disturbance,73,113,0000000113.png,2,0.3785355116817473,0.20260145631423837,0.6536395304044786
learned_error_driven,2011_09_26/2011_09_26_drive_0039_sync,113,disturbance,73,113,0000000113.png,3,1.069700710188172,0.6117393393517155,0.7856550465836871
learned_error_driven,2011_09_26/2011_09_26_drive_0039_sync,113,disturbance,73,113,0000000113.png,4,2.0899746372091426,1.396842885807952,0.9446960563235907
learned_error_driven,2011_09_26/2011_09_26_drive_0039_sync,113,disturbance,73,113,0000000113.png,5,1.1095112394099844,0.8932997323395637,0.00797676083472454
learned_error_driven,2011_09_26/2011_09_26_drive_0039_sync,114,disturbance,74,114,0000000114.png,1,0.37967535133133407,0.20173762361152361,0.42695715406414747
learned_error_driven,2011_09_26/2011_09_26_drive_0039_sync,114,disturbance,74,114,0000000114.png,2,0.38584754661507775,0.20541506572530396,0.6500932404891012
learned_error_driven,2011_09_26/2011_09_26_drive_0039_sync,114,disturbance,74,114,0000000114.png,3,1.0843291523805054,0.6159591184213358,0.7854020956631281
learned_error_driven,2011_09_26/2011_09_26_drive_0039_sync,114,disturbance,74,114,0000000114.png,4,2.095811389883357,1.419584176891277,0.9456579653209958
learned_error_driven,2011_09_26/2011_09_26_drive_0039_sync,114,disturbance,74,114,0000000114.png,5,1.1279230912182772,0.9066344079892052,0.007948255715993316
learned_error_driven,2011_09_26/2011_09_26_drive_0039_sync,115,disturbance,75,115,0000000115.png,1,0.4806670293882585,0.20536845089184655,0.4250522502109237
learned_error_driven,2011_09_26/2011_09_26_drive_0039_sync,115,disturbance,75,115,0000000115.png,2,0.4829948210548751,0.20365825155527595,0.6456609562807893
learned_error_driven,2011_09_26/2011_09_26_drive_0039_sync,115,disturbance,75,115,0000000115.png,3,1.2453514736028206,0.583544849016716,0.7832625262426711
learned_error_driven,2011_09_26/2011_09_26_drive_0039_sync,115,disturbance,75,115,0000000115.png,4,2.1897795464363217,1.3877764246507334,0.950927959521774
learned_error_driven,2011_09_26/2011_09_26_drive_0039_sync,115,disturbance,75,115,0000000115.png,5,1.1208220130601259,0.9072846779532379,0.007916537587608904
learned_error_driven,2011_09_26/2011_09_26_drive_0039_sync,116,disturbance,76,116,0000000116.png,1,0.5365069914018726,0.21449954622042652,0.42244263405684757
learned_error_driven,2011_09_26/2011_09_26_drive_0039_sync,116,disturbance,76,116,0000000116.png,2,0.5305814394096946,0.20731336200226594,0.6417600857139675
learned_error_driven,2011_09_26/2011_09_26_drive_0039_sync,116,disturbance,76,116,0000000116.png,3,1.3035391458468388,0.5638298340755241,0.7798668805468376
learned_error_driven,2011_09_26/2011_09_26_drive_0039_sync,116,disturbance,76,116,0000000116.png,4,2.231193076021025,1.3322928902213127,0.9551495263979694
learned_error_driven,2011_09_26/2011_09_26_drive_0039_sync,116,disturbance,76,116,0000000116.png,5,1.1200462596842657,0.892464958175294,0.007885472677276071
learned_error_driven,2011_09_26/2011_09_26_drive_0039_sync,117,disturbance,77,117,0000000117.png,1,0.47269844593251625,0.2206841680368475,0.4190042697591166
learned_error_driven,2011_09_26/2011_09_26_drive_0039_sync,117,disturbance,77,117,0000000117.png,2,0.4974148544884757,0.21736312319938553,0.63674374693907
learned_error_driven,2011_09_26/2011_09_26_drive_0039_sync,117,disturbance,77,117,0000000117.png,3,1.253004967695196,0.5744317057706485,0.77569470958128
learned_error_driven,2011_09_26/2011_09_26_drive_0039_sync,117,disturbance,77,117,0000000117.png,4,2.2377543354156604,1.315063702375506,0.9541608071435352
learned_error_driven,2011_09_26/2011_09_26_drive_0039_sync,117,disturbance,77,117,0000000117.png,5,1.1401953134060563,0.8808312015908437,0.007853988971143049
learned_error_driven,2011_09_26/2011_09_26_drive_0039_sync,118,disturbance,78,118,0000000118.png,1,0.37799958711199805,0.2141377287644315,0.4174280327684991
learned_error_driven,2011_09_26/2011_09_26_drive_0039_sync,118,disturbance,78,118,0000000118.png,2,0.41515406092298024,0.22390649465042228,0.6350638166866456
learned_error_driven,2011_09_26/2011_09_26_drive_0039_sync,118,disturbance,78,118,0000000118.png,3,1.1529670133221857,0.6018892354654445,0.7721630536707889
learned_error_driven,2011_09_26/2011_09_26_drive_0039_sync,118,disturbance,78,118,0000000118.png,4,2.159933783955172,1.3381650613655067,0.9469134184054274
learned_error_driven,2011_09_26/2011_09_26_drive_0039_sync,118,disturbance,78,118,0000000118.png,5,1.1041170731389818,0.8802189200759355,0.007828566792703167
learned_error_driven,2011_09_26/2011_09_26_drive_0039_sync,119,disturbance,79,119,0000000119.png,1,0.44274921997198646,0.2025456404589428,0.4167007214942226
learned_error_driven,2011_09_26/2011_09_26_drive_0039_sync,119,disturbance,79,119,0000000119.png,2,0.42763027779944013,0.2172937307235296,0.6318901086147473
learned_error_driven,2011_09_26/2011_09_26_drive_0039_sync,119,disturbance,79,119,0000000119.png,3,1.156531697787729,0.6024788916288485,0.7718501355849821
learned_error_driven,2011_09_26/2011_09_26_drive_0039_sync,119,disturbance,79,119,0000000119.png,4,2.133715061854795,1.3503567477683114,0.9446743022512679
learned_error_driven,2011_09_26/2011_09_26_drive_0039_sync,119,disturbance,79,119,0000000119.png,5,1.1155134032676117,0.8899658922071347,0.007804420593245891
learned_error_driven,2011_09_26/2011_09_26_drive_0039_sync,120,recovery,0,120,0000000120.png,1,0.7014376203778004,0.23115016479535266,0.4090720315251089
learned_error_driven,2011_09_26/2011_09_26_drive_0039_sync,120,recovery,0,120,0000000120.png,2,1.050450754273905,0.2844155823887309,0.5891349002146169
learned_error_driven,2011_09_26/2011_09_26_drive_0039_sync,120,recovery,0,120,0000000120.png,3,2.303537364607938,0.6780494857585215,0.7207244327843165
learned_error_driven,2011_09_26/2011_09_26_drive_0039_sync,120,recovery,0,120,0000000120.png,4,3.6429789479842167,1.4055502882994733,0.8900760441052498
learned_error_driven,2011_09_26/2011_09_26_drive_0039_sync,120,recovery,0,120,0000000120.png,5,2.049545778046892,0.9519890753172896,0.007744825539760832
learned_error_driven,2011_09_26/2011_09_26_drive_0039_sync,121,recovery,1,121,0000000121.png,1,0.6300381108425334,0.24643483770371766,0.3948606136653412
learned_error_driven,2011_09_26/2011_09_26_drive_0039_sync,121,recovery,1,121,0000000121.png,2,1.0014861001615825,0.320369578383929,0.5401722157396153
learned_error_driven,2011_09_26/2011_09_26_drive_0039_sync,121,recovery,1,121,0000000121.png,3,2.1839115304752825,0.7704232425475693,0.6598962455774077
learned_error_driven,2011_09_26/2011_09_26_drive_0039_sync,121,recovery,1,121,0000000121.png,4,3.4743362608609996,1.5170770981977364,0.8231612660236721
learned_error_driven,2011_09_26/2011_09_26_drive_0039_sync,121,recovery,1,121,0000000121.png,5,2.0832856722610775,1.0757899270159066,0.007677997574975737
learned_error_driven,2011_09_26/2011_09_26_drive_0039_sync,122,recovery,2,122,0000000122.png,1,0.5720093123143758,0.24636231205257425,0.3765638847360702
learned_error_driven,2011_09_26/2011_09_26_drive_0039_sync,122,recovery,2,122,0000000122.png,2,0.9533145122129759,0.3437500180531901,0.48377250754083073
learned_error_driven,2011_09_26/2011_09_26_drive_0039_sync,122,recovery,2,122,0000000122.png,3,2.0841739991959685,0.8329670137030996,0.5928693207610859
learned_error_driven,2011_09_26/2011_09_26_drive_0039_sync,122,recovery,2,122,0000000122.png,4,3.3359231535351075,1.6008931864397185,0.7511222872043488
learned_error_driven,2011_09_26/2011_09_26_drive_0039_sync,122,recovery,2,122,0000000122.png,5,2.1104783287729343,1.2072946046343063,0.007605434692347303
learned_error_driven,2011_09_26/2011_09_26_drive_0039_sync,123,recovery,3,123,0000000123.png,1,0.5837700541728732,0.24957703868570236,0.35714459640863006
learned_error_driven,2011_09_26/2011_09_26_drive_0039_sync,123,recovery,3,123,0000000123.png,2,0.9198523248655087,0.35573472727922417,0.4290172371683323
learned_error_driven,2011_09_26/2011_09_26_drive_0039_sync,123,recovery,3,123,0000000123.png,3,2.032139236145064,0.869802250468195,0.5289585305769294
learned_error_driven,2011_09_26/2011_09_26_drive_0039_sync,123,recovery,3,123,0000000123.png,4,3.268734825941764,1.6678079645432036,0.685913727148437
learned_error_driven,2011_09_26/2011_09_26_drive_0039_sync,123,recovery,3,123,0000000123.png,5,2.083268608790995,1.314384131065759,0.00753105876641168
learned_error_driven,2011_09_26/2011_09_26_drive_0039_sync,124,recovery,4,124,0000000124.png,1,0.6177364299122553,0.260930126390194,0.33817801321780266
learned_error_driven,2011_09_26/2011_09_26_drive_0039_sync,124,recovery,4,124,0000000124.png,2,0.9060858641099504,0.3633396415335102,0.3792748295577745
learned_error_driven,2011_09_26/2011_09_26_drive_0039_sync,124,recovery,4,124,0000000124.png,3,1.9866759137110785,0.8998499098743433,0.47300096733738883
learned_error_driven,2011_09_26/2011_09_26_drive_0039_sync,124,recovery,4,124,0000000124.png,4,3.1713558558922084,1.72212433076749,0.628160858086917
learned_error_driven,2011_09_26/2011_09_26_drive_0039_sync,124,recovery,4,124,0000000124.png,5,2.0159218731812976,1.3856936965975042,0.007458473039841141
learned_error_driven,2011_09_26/2011_09_26_drive_0039_sync,125,recovery,5,125,0000000125.png,1,0.657838574133785,0.2669659962656055,0.3206728003571422
learned_error_driven,2011_09_26/2011_09_26_drive_0039_sync,125,recovery,5,125,0000000125.png,2,1.0112613920256244,0.3432830444825138,0.3439174234807472
learned_error_driven,2011_09_26/2011_09_26_drive_0039_sync,125,recovery,5,125,0000000125.png,3,2.07896813085655,0.8866351487329402,0.4308062640988621
learned_error_driven,2011_09_26/2011_09_26_drive_0039_sync,125,recovery,5,125,0000000125.png,4,3.1676186168230718,1.7508695636287963,0.5793294482933046
learned_error_driven,2011_09_26/2011_09_26_drive_0039_sync,125,recovery,5,125,0000000125.png,5,2.0345959446968207,1.4450124489601939,0.0073856886750154095
learned_error_driven,2011_09_26/2011_09_26_drive_0039_sync,126,recovery,6,126,0000000126.png,1,0.6602544526248748,0.26861134992122065,0.305226155712231
learned_error_driven,2011_09_26/2011_09_26_drive_0039_sync,126,recovery,6,126,0000000126.png,2,1.0387450775345892,0.3362838083994606,0.31435739927488715
learned_error_driven,2011_09_26/2011_09_26_drive_0039_sync,126,recovery,6,126,0000000126.png,3,2.187265802497058,0.8544410736502186,0.3989022517058384
learned_error_driven,2011_09_26/2011_09_26_drive_0039_sync,126,recovery,6,126,0000000126.png,4,3.231373813530273,1.7242612063390956,0.5412046757002994
learned_error_driven,2011_09_26/2011_09_26_drive_0039_sync,126,recovery,6,126,0000000126.png,5,2.0179443696016173,1.4825739518850145,0.007312681246664791
learned_error_driven,2011_09_26/2011_09_26_drive_0039_sync,127,recovery,7,127,0000000127.png,1,0.5328065696928628,0.26992587861558354,0.2906108242913564
learned_error_driven,2011_09_26/2011_09_26_drive_0039_sync,127,recovery,7,127,0000000127.png,2,0.9357222852396955,0.35878856290111266,0.2829485820405411
learned_error_driven,2011_09_26/2011_09_26_drive_0039_sync,127,recovery,7,127,0000000127.png,3,2.0265328201561696,0.8866326855849411,0.36365243282520304
learned_error_driven,2011_09_26/2011_09_26_drive_0039_sync,127,recovery,7,127,0000000127.png,4,3.1503927379653045,1.7534864040700384,0.5008179112523111
learned_error_driven,2011_09_26/2011_09_26_drive_0039_sync,127,recovery,7,127,0000000127.png,5,2.0220443270105726,1.5215844618455137,0.007241362338400428
learned_error_driven,2011_09_26/2011_09_26_drive_0039_sync,128,recovery,8,128,0000000128.png,1,0.6403676717320231,0.25596369666281654,0.27697129622386163
learned_error_driven,2011_09_26/2011_09_26_drive_0039_sync,128,recovery,8,128,0000000128.png,2,0.9898927920670565,0.3352995360803678,0.2607462754369292
learned_error_driven,2011_09_26/2011_09_26_drive_0039_sync,128,recovery,8,128,0000000128.png,3,2.040308429571325,0.8405339205974944,0.33811111796031984
learned_error_driven,2011_09_26/2011_09_26_drive_0039_sync,128,recovery,8,128,0000000128.png,4,3.134371356694852,1.7297057164238907,0.46717775567118347
learned_error_driven,2011_09_26/2011_09_26_drive_0039_sync,128,recovery,8,128,0000000128.png,5,2.0160464894460506,1.5508170727270019,0.007172361374291834
learned_error_driven,2011_09_26/2011_09_26_drive_0039_sync,129,recovery,9,129,0000000129.png,1,0.6721962840049253,0.25014417482890916,0.26447114794221266
learned_error_driven,2011_09_26/2011_09_26_drive_0039_sync,129,recovery,9,129,0000000129.png,2,1.0005480940529305,0.3253415966069219,0.24187541082424469
learned_error_driven,2011_09_26/2011_09_26_drive_0039_sync,129,recovery,9,129,0000000129.png,3,2.1585904499753568,0.8010880835004391,0.3178517006484234
learned_error_driven,2011_09_26/2011_09_26_drive_0039_sync,129,recovery,9,129,0000000129.png,4,3.2264198293112543,1.651284582449479,0.44472925239251376
learned_error_driven,2011_09_26/2011_09_26_drive_0039_sync,129,recovery,9,129,0000000129.png,5,2.0056195465305393,1.5569960607383937,0.007105497710175067
learned_error_driven,2011_09_26/2011_09_26_drive_0039_sync,130,recovery,10,130,0000000130.png,1,0.5110929115068009,0.24804654640018206,0.252814847206922
learned_error_driven,2011_09_26/2011_09_26_drive_0039_sync,130,recovery,10,130,0000000130.png,2,0.9028271870520717,0.3494646985393388,0.2204141047129151
learned_error_driven,2011_09_26/2011_09_26_drive_0039_sync,130,recovery,10,130,0000000130.png,3,2.017459029507993,0.8493483516320515,0.2943295653262957
learned_error_driven,2011_09_26/2011_09_26_drive_0039_sync,130,recovery,10,130,0000000130.png,4,3.1485543127494005,1.668503115705529,0.41653249880606114
learned_error_driven,2011_09_26/2011_09_26_drive_0039_sync,130,recovery,10,130,0000000130.png,5,1.9889713925017851,1.5683191663018483,0.007040595055123138
learned_error_driven,2011_09_26/2011_09_26_drive_0039_sync,131,recovery,11,131,0000000131.png,1,0.5412858184652849,0.232178737803621,0.24150593488509478
learned_error_driven,2011_09_26/2011_09_26_drive_0039_sync,131,recovery,11,131,0000000131.png,2,0.919963105666569,0.3385540778121557,0.20257341650322594
learned_error_driven,2011_09_26/2011_09_26_drive_0039_sync,131,recovery,11,131,0000000131.png,3,1.947446227312503,0.8617774905662267,0.2708531360719004
learned_error_driven,2011_09_26/2011_09_26_drive_0039_sync,131,recovery,11,131,0000000131.png,4,3.062603471018392,1.7059888784709751,0.38621149418463935
learned_error_driven,2011_09_26/2011_09_26_drive_0039_sync,131,recovery,11,131,0000000131.png,5,1.9848331311557132,1.5859552097064444,0.006977589354279654
learned_error_driven,2011_09_26/2011_09_26_drive_0039_sync,132,recovery,12,132,0000000132.png,1,0.6461877764409689,0.22265753265789454,0.23085415518378313
learned_error_driven,2011_09_26/2011_09_26_drive_0039_sync,132,recovery,12,132,0000000132.png,2,1.002032033691611,0.32188929869967225,0.1886035280713236
learned_error_driven,2011_09_26/2011_09_26_drive_0039_sync,132,recovery,12,132,0000000132.png,3,2.093459219346538,0.8194678838049423,0.254235162417245
learned_error_driven,2011_09_26/2011_09_26_drive_0039_sync,132,recovery,12,132,0000000132.png,4,3.1325783532204863,1.6874543933922823,0.3627183942380766
learned_error_driven,2011_09_26/2011_09_26_drive_0039_sync,132,recovery,12,132,0000000132.png,5,1.9916289278941373,1.5967807688625264,0.006916359848231929
learned_error_driven,2011_09_26/2011_09_26_drive_0039_sync,133,recovery,13,133,0000000133.png,1,0.5082230161795643,0.2276478212771853,0.22027359500983362
learned_error_driven,2011_09_26/2011_09_26_drive_0039_sync,133,recovery,13,133,0000000133.png,2,0.9184307739468118,0.3358993305943894,0.17302713633476485
learned_error_driven,2011_09_26/2011_09_26_drive_0039_sync,133,recovery,13,133,0000000133.png,3,1.9888648817782049,0.8434475490884323,0.23582266570475469
learned_error_driven,2011_09_26/2011_09_26_drive_0039_sync,133,recovery,13,133,0000000133.png,4,3.0411021620207332,1.6983023773467163,0.33897269377684663
learned_error_driven,2011_09_26/2011_09_26_drive_0039_sync,133,recovery,13,133,0000000133.png,5,1.956082323833767,1.5990687344827168,0.006856970152458657
learned_error_driven,2011_09_26/2011_09_26_drive_0039_sync,134,recovery,14,134,0000000134.png,1,0.4536125316738233,0.22400891189384586,0.20999772232531266
learned_error_driven,2011_09_26/2011_09_26_drive_0039_sync,134,recovery,14,134,0000000134.png,2,0.8711856768033729,0.34954746410718185,0.1573524957861199
learned_error_driven,2011_09_26/2011_09_26_drive_0039_sync,134,recovery,14,134,0000000134.png,3,1.9002766036521284,0.8732443012030817,0.21635381492066813
learned_error_driven,2011_09_26/2011_09_26_drive_0039_sync,134,recovery,14,134,0000000134.png,4,3.007301744726252,1.7336985826487774,0.3151371162585782
learned_error_driven,2011_09_26/2011_09_26_drive_0039_sync,134,recovery,14,134,0000000134.png,5,1.9734527629958145,1.609605643216722,0.006798975615275989
learned_error_driven,2011_09_26/2011_09_26_drive_0039_sync,135,recovery,15,135,0000000135.png,1,0.45992467015630106,0.21751583110876405,0.19993907217331142
learned_error_driven,2011_09_26/2011_09_26_drive_0039_sync,135,recovery,15,135,0000000135.png,2,0.8564403225605632,0.3511887536310174,0.14357860714286103
learned_error_driven,2011_09_26/2011_09_26_drive_0039_sync,135,recovery,15,135,0000000135.png,3,1.8494769060675424,0.8824552744613471,0.19898176122509273
learned_error_driven,2011_09_26/2011_09_26_drive_0039_sync,135,recovery,15,135,0000000135.png,4,2.9371600389762196,1.7594181894117527,0.29264863387199636
learned_error_driven,2011_09_26/2011_09_26_drive_0039_sync,135,recovery,15,135,0000000135.png,5,1.9495987976316869,1.6175526982598687,0.006742662402720948
learned_error_driven,2011_09_26/2011_09_26_drive_0039_sync,136,recovery,16,136,0000000136.png,1,0.49561013724962283,0.21223816251777683,0.1905378839318271
learned_error_driven,2011_09_26/2011_09_26_drive_0039_sync,136,recovery,16,136,0000000136.png,2,0.9088170068554005,0.34071821873349023,0.1324081925093875
learned_error_driven,2011_09_26/2011_09_26_drive_0039_sync,136,recovery,16,136,0000000136.png,3,1.919546606955601,0.8786175632686059,0.1844002320406966
learned_error_driven,2011_09_26/2011_09_26_drive_0039_sync,136,recovery,16,136,0000000136.png,4,3.0214483165755834,1.776305804347854,0.2726211795373869
learned_error_driven,2011_09_26/2011_09_26_drive_0039_sync,136,recovery,16,136,0000000136.png,5,1.9777963490891335,1.6273648954519877,0.006687795927262385
learned_error_driven,2011_09_26/2011_09_26_drive_0039_sync,137,recovery,17,137,0000000137.png,1,0.4993230586864078,0.2148460002851029,0.18172217686116887
learned_error_driven,2011_09_26/2011_09_26_drive_0039_sync,137,recovery,17,137,0000000137.png,2,0.907175895886913,0.3426283112790972,0.12207652504664238
learned_error_driven,2011_09_26/2011_09_26_drive_0039_sync,137,recovery,17,137,0000000137.png,3,1.928836220546859,0.8795611865196495,0.17150129048474505
learned_error_driven,2011_09_26/2011_09_26_drive_0039_sync,137,recovery,17,137,0000000137.png,4,3.055735136854254,1.7997540286059412,0.2540653872351841
learned_error_driven,2011_09_26/2011_09_26_drive_0039_sync,137,recovery,17,137,0000000137.png,5,2.009336374170037,1.642477507245208,0.006634391748462057
learned_error_driven,2011_09_26/2011_09_26_drive_0039_sync,138,recovery,18,138,0000000138.png,1,0.5463188688875066,0.21722859487280635,0.17351473441716775
learned_error_driven,2011_09_26/2011_09_26_drive_0039_sync,138,recovery,18,138,0000000138.png,2,0.9479022401607522,0.3399680081389267,0.11333580822543768
learned_error_driven,2011_09_26/2011_09_26_drive_0039_sync,138,recovery,18,138,0000000138.png,3,2.009727901397275,0.863694032655757,0.16067410516664515
learned_error_driven,2011_09_26/2011_09_26_drive_0039_sync,138,recovery,18,138,0000000138.png,4,3.125488547485402,1.7997004191092973,0.23826004905558962
learned_error_driven,2011_09_26/2011_09_26_drive_0039_sync,138,recovery,18,138,0000000138.png,5,2.0322008956179536,1.6504651088274236,0.006582381466511914
learned_error_driven,2011_09_26/2011_09_26_drive_0039_sync,139,recovery,19,139,0000000139.png,1,0.5389309291922123,0.2198081544362735,0.16576389302899366
learned_error_driven,2011_09_26/2011_09_26_drive_0039_sync,139,recovery,19,139,0000000139.png,2,0.9456430842089669,0.34757905961365826,0.10499234462992353
learned_error_driven,2011_09_26/2011_09_26_drive_0039_sync,139,recovery,19,139,0000000139.png,3,2.0452685067666905,0.8705685119535503,0.15049217414803617
learned_error_driven,2011_09_26/2011_09_26_drive_0039_sync,139,recovery,19,139,0000000139.png,4,3.175103637476451,1.7964826537023526,0.22409462471203764
learned_error_driven,2011_09_26/2011_09_26_drive_0039_sync,139,recovery,19,139,0000000139.png,5,1.995060334314301,1.6463948920477893,0.006531725940525704
learned_error_driven,2011_09_26/2011_09_26_drive_0039_sync,140,recovery,20,140,0000000140.png,1,0.5407793275762823,0.22263977512638813,0.15822990673753018
learned_error_driven,2011_09_26/2011_09_26_drive_0039_sync,140,recovery,20,140,0000000140.png,2,0.9475402221196405,0.35449636811323487,0.09720159575836092
learned_error_driven,2011_09_26/2011_09_26_drive_0039_sync,140,recovery,20,140,0000000140.png,3,2.053126379131477,0.8863720211087858,0.14057641078119837
learned_error_driven,2011_09_26/2011_09_26_drive_0039_sync,140,recovery,20,140,0000000140.png,4,3.218977656415416,1.8032169034624017,0.2103476054043361
learned_error_driven,2011_09_26/2011_09_26_drive_0039_sync,140,recovery,20,140,0000000140.png,5,2.0216845117578024,1.6438944308301653,0.006482471003838752
learned_error_driven,2011_09_26/2011_09_26_drive_0039_sync,141,recovery,21,141,0000000141.png,1,0.5647428464112242,0.2259885779434548,0.1510365515498546
learned_error_driven,2011_09_26/2011_09_26_drive_0039_sync,141,recovery,21,141,0000000141.png,2,0.9681690386010786,0.35469972982784864,0.09037922156243063
learned_error_driven,2011_09_26/2011_09_26_drive_0039_sync,141,recovery,21,141,0000000141.png,3,2.0757862080280365,0.8893019179098217,0.13150969480672056
learned_error_driven,2011_09_26/2011_09_26_drive_0039_sync,141,recovery,21,141,0000000141.png,4,3.248818586102293,1.8028904805259227,0.19815983800586193
learned_error_driven,2011_09_26/2011_09_26_drive_0039_sync,141,recovery,21,141,0000000141.png,5,2.025112358398408,1.6365404303324822,0.0064345938206410245
learned_error_driven,2011_09_26/2011_09_26_drive_0039_sync,142,recovery,22,142,0000000142.png,1,0.580417300774559,0.23194894966837057,0.14406114222203334
learned_error_driven,2011_09_26/2011_09_26_drive_0039_sync,142,recovery,22,142,0000000142.png,2,0.9625980944132622,0.3590882577059537,0.08387159599600258
learned_error_driven,2011_09_26/2011_09_26_drive_0039_sync,142,recovery,22,142,0000000142.png,3,2.07867425019912,0.900944274938169,0.12311163730694537
learned_error_driven,2011_09_26/2011_09_26_drive_0039_sync,142,recovery,22,142,0000000142.png,4,3.265431716934053,1.8123774702112847,0.18651901437105722
learned_error_driven,2011_09_26/2011_09_26_drive_0039_sync,142,recovery,22,142,0000000142.png,5,2.040923654636883,1.6282672532651483,0.006387926231707551
learned_error_driven,2011_09_26/2011_09_26_drive_0039_sync,143,recovery,23,143,0000000143.png,1,0.6002646337061822,0.23501151706378706,0.1373452978178125
learned_error_driven,2011_09_26/2011_09_26_drive_0039_sync,143,recovery,23,143,0000000143.png,2,0.9725724387758367,0.3634358606108414,0.0777457478626082
learned_error_driven,2011_09_26/2011_09_26_drive_0039_sync,143,recovery,23,143,0000000143.png,3,2.0673660772291083,0.9238618983163149,0.1146534059066993
learned_error_driven,2011_09_26/2011_09_26_drive_0039_sync,143,recovery,23,143,0000000143.png,4,3.2444500007821673,1.8427929807182322,0.17416012451813973
learned_error_driven,2011_09_26/2011_09_26_drive_0039_sync,143,recovery,23,143,0000000143.png,5,2.030144488643231,1.6282053992101182,0.006342285440681606
learned_error_driven,2011_09_26/2011_09_26_drive_0039_sync,144,recovery,24,144,0000000144.png,1,0.6106000186615851,0.2410490188549519,0.13084872927991226
learned_error_driven,2011_09_26/2011_09_26_drive_0039_sync,144,recovery,24,144,0000000144.png,2,0.9767850684187943,0.3589484127484945,0.07232348835929389
learned_error_driven,2011_09_26/2011_09_26_drive_0039_sync,144,recovery,24,144,0000000144.png,3,2.067726069570742,0.9248498584336172,0.10683223250779918
learned_error_driven,2011_09_26/2011_09_26_drive_0039_sync,144,recovery,24,144,0000000144.png,4,3.2657139113280778,1.8625548685733013,0.16248370328698056
learned_error_driven,2011_09_26/2011_09_26_drive_0039_sync,144,recovery,24,144,0000000144.png,5,2.027874291665496,1.6295947759379503,0.006297774899422808
learned_error_driven,2011_09_26/2011_09_26_drive_0039_sync,145,recovery,25,145,0000000145.png,1,0.5565303036729334,0.24365248656031302,0.12466571801828831
learned_error_driven,2011_09_26/2011_09_26_drive_0039_sync,145,recovery,25,145,0000000145.png,2,0.9420109106713127,0.36612640675325664,0.06690459006197956
learned_error_driven,2011_09_26/2011_09_26_drive_0039_sync,145,recovery,25,145,0000000145.png,3,2.040800676316582,0.9358517188589348,0.09929586663027556
learned_error_driven,2011_09_26/2011_09_26_drive_0039_sync,145,recovery,25,145,0000000145.png,4,3.2656346215276493,1.8870488358525246,0.15149838723347647
learned_error_driven,2011_09_26/2011_09_26_drive_0039_sync,145,recovery,25,145,0000000145.png,5,2.0816994378954545,1.6457941454960057,0.006254282593890676
learned_error_driven,2011_09_26/2011_09_26_drive_0039_sync,146,recovery,26,146,0000000146.png,1,0.5553267468908524,0.23912781796445062,0.11887668746376663
learned_error_driven,2011_09_26/2011_09_26_drive_0039_sync,146,recovery,26,146,0000000146.png,2,0.9664721872193748,0.35962371104873,0.062428226289233196
learned_error_driven,2011_09_26/2011_09_26_drive_0039_sync,146,recovery,26,146,0000000146.png,3,2.046472521580215,0.9259690619004982,0.09284218380179056
learned_error_driven,2011_09_26/2011_09_26_drive_0039_sync,146,recovery,26,146,0000000146.png,4,3.294557421639267,1.8980137867275693,0.14208110502325827
learned_error_driven,2011_09_26/2011_09_26_drive_0039_sync,146,recovery,26,146,0000000146.png,5,2.0746452251129988,1.6542376762531323,0.006211694045651049
learned_error_driven,2011_09_26/2011_09_26_drive_0039_sync,147,recovery,27,147,0000000147.png,1,0.5378408419395073,0.2338104454573606,0.11345090605696566
learned_error_driven,2011_09_26/2011_09_26_drive_0039_sync,147,recovery,27,147,0000000147.png,2,0.957991514943466,0.3581828799300333,0.058356862816871066
learned_error_driven,2011_09_26/2011_09_26_drive_0039_sync,147,recovery,27,147,0000000147.png,3,2.0561396141453687,0.9172420608468606,0.08711983413823134
learned_error_driven,2011_09_26/2011_09_26_drive_0039_sync,147,recovery,27,147,0000000147.png,4,3.2868616166308913,1.8987599603991192,0.13377533485898357
learned_error_driven,2011_09_26/2011_09_26_drive_0039_sync,147,recovery,27,147,0000000147.png,5,2.074361153909543,1.658353395100735,0.006169923744839209
learned_error_driven,2011_09_26/2011_09_26_drive_0039_sync,148,recovery,28,148,0000000148.png,1,0.5299777633340819,0.2256505099079448,0.10826821863569172
learned_error_driven,2011_09_26/2011_09_26_drive_0039_sync,148,recovery,28,148,0000000148.png,2,0.9518284513781071,0.3630595388590346,0.0543953859985039
learned_error_driven,2011_09_26/2011_09_26_drive_0039_sync,148,recovery,28,148,0000000148.png,3,2.030363682416291,0.9288068774653208,0.08129248797477773
learned_error_driven,2011_09_26/2011_09_26_drive_0039_sync,148,recovery,28,148,0000000148.png,4,3.2985301346010876,1.9206512538595666,0.12527474285929965
learned_error_driven,2011_09_26/2011_09_26_drive_0039_sync,148,recovery,28,148,0000000148.png,5,2.100910630809037,1.668713899902671,0.006129029577233815
learned_error_driven,2011_09_26/2011_09_26_drive_0039_sync,149,recovery,29,149,0000000149.png,1,0.5862898917565009,0.2174002876198483,0.10340409257476042
learned_error_driven,2011_09_26/2011_09_26_drive_0039_sync,149,recovery,29,149,0000000149.png,2,1.0179717937374753,0.3501347434788347,0.0513218756211127
learned_error_driven,2011_09_26/2011_09_26_drive_0039_sync,149,recovery,29,149,0000000149.png,3,2.112060845308242,0.9135795546430834,0.07631059987993884
learned_error_driven,2011_09_26/2011_09_26_drive_0039_sync,149,recovery,29,149,0000000149.png,4,3.3251954557643515,1.9124502223379174,0.1176970862896242
learned_error_driven,2011_09_26/2011_09_26_drive_0039_sync,149,recovery,29,149,0000000149.png,5,2.1302537807928226,1.6775645862638737,0.00608892750567113
learned_error_driven,2011_09_26/2011_09_26_drive_0039_sync,150,recovery,30,150,0000000150.png,1,0.546915390464417,0.2172718562678244,0.09890383772565137
learned_error_driven,2011_09_26/2011_09_26_drive_0039_sync,150,recovery,30,150,0000000150.png,2,0.9774407182512406,0.35595900107152084,0.047993917740130336
learned_error_driven,2011_09_26/2011_09_26_drive_0039_sync,150,recovery,30,150,0000000150.png,3,2.0814673115477342,0.9152843240351528,0.07166792751740426
learned_error_driven,2011_09_26/2011_09_26_drive_0039_sync,150,recovery,30,150,0000000150.png,4,3.300523401408004,1.899711551700192,0.11092569786177395
learned_error_driven,2011_09_26/2011_09_26_drive_0039_sync,150,recovery,30,150,0000000150.png,5,2.0721755844734915,1.6726636743056367,0.006049756042143545
learned_error_driven,2011_09_26/2011_09_26_drive_0039_sync,151,recovery,31,151,0000000151.png,1,0.5273532067330554,0.2130389062966111,0.09455813591269244
learned_error_driven,2011_09_26/2011_09_26_drive_0039_sync,151,recovery,31,151,0000000151.png,2,0.9347259345424113,0.36156831049591004,0.04480706508275824
learned_error_driven,2011_09_26/2011_09_26_drive_0039_sync,151,recovery,31,151,0000000151.png,3,2.0137116024629824,0.9210485428568232,0.06711379689195739
learned_error_driven,2011_09_26/2011_09_26_drive_0039_sync,151,recovery,31,151,0000000151.png,4,3.2624915791828144,1.9019488317689994,0.10458107796299614
learned_error_driven,2011_09_26/2011_09_26_drive_0039_sync,151,recovery,31,151,0000000151.png,5,2.0857809714249385,1.6756820744004708,0.00601122907109687
learned_error_driven,2011_09_26/2011_09_26_drive_0039_sync,152,recovery,32,152,0000000152.png,1,0.5637140954472479,0.2115805695326348,0.09041396797517455
learned_error_driven,2011_09_26/2011_09_26_drive_0039_sync,152,recovery,32,152,0000000152.png,2,0.943563995458902,0.3563282455064055,0.04210042738668242
learned_error_driven,2011_09_26/2011_09_26_drive_0039_sync,152,recovery,32,152,0000000152.png,3,2.013692455384333,0.9100985873940354,0.06323746798817702
learned_error_driven,2011_09_26/2011_09_26_drive_0039_sync,152,recovery,32,152,0000000152.png,4,3.2749400830250384,1.9020718449685765,0.09864187752622795
learned_error_driven,2011_09_26/2011_09_26_drive_0039_sync,152,recovery,32,152,0000000152.png,5,2.0882405889787683,1.6744742208999743,0.005973282769223893
learned_error_driven,2011_09_26/2011_09_26_drive_0039_sync,153,recovery,33,153,0000000153.png,1,0.576088178287681,0.21204168950595226,0.08652245028213201
learned_error_driven,2011_09_26/2011_09_26_drive_0039_sync,153,recovery,33,153,0000000153.png,2,0.9379380536750948,0.3593011423409459,0.03954240419069004
learned_error_driven,2011_09_26/2011_09_26_drive_0039_sync,153,recovery,33,153,0000000153.png,3,2.010101026753131,0.9098846271305007,0.05959352224808715
learned_error_driven,2011_09_26/2011_09_26_drive_0039_sync,153,recovery,33,153,0000000153.png,4,3.2939522420993157,1.9097091562246895,0.09285395033191937
learned_error_driven,2011_09_26/2011_09_26_drive_0039_sync,153,recovery,33,153,0000000153.png,5,2.1108250740096897,1.6735988741657757,0.005936101941094234
learned_error_driven,2011_09_26/2011_09_26_drive_0039_sync,154,recovery,34,154,0000000154.png,1,0.570733023003839,0.2141397413484272,0.08269370611557154
learned_error_driven,2011_09_26/2011_09_26_drive_0039_sync,154,recovery,34,154,0000000154.png,2,0.9271111889083091,0.3563473692146032,0.03719793234271657
learned_error_driven,2011_09_26/2011_09_26_drive_0039_sync,154,recovery,34,154,0000000154.png,3,1.9951003506639384,0.90426266255882,0.05628528106730031
learned_error_driven,2011_09_26/2011_09_26_drive_0039_sync,154,recovery,34,154,0000000154.png,4,3.219209293898404,1.902560396330147,0.08771540163787843
learned_error_driven,2011_09_26/2011_09_26_drive_0039_sync,154,recovery,34,154,0000000154.png,5,2.070223301809118,1.6643485360070926,0.0058996767766795
learned_error_driven,2011_09_26/2011_09_26_drive_0039_sync,155,recovery,35,155,0000000155.png,1,0.5503844732421782,0.21169726262384805,0.07910519948760164
learned_error_driven,2011_09_26/2011_09_26_drive_0039_sync,155,recovery,35,155,0000000155.png,2,0.9370212135205881,0.3545992378008463,0.035018612225991126
learned_error_driven,2011_09_26/2011_09_26_drive_0039_sync,155,recovery,35,155,0000000155.png,3,1.9787500702803442,0.9046729040036041,0.053055700050549236
learned_error_driven,2011_09_26/2011_09_26_drive_0039_sync,155,recovery,35,155,0000000155.png,4,3.2006306041478583,1.9018848378263338,0.08266847201429595
learned_error_driven,2011_09_26/2011_09_26_drive_0039_sync,155,recovery,35,155,0000000155.png,5,2.1120580509641775,1.6679067253082667,0.005863728644882283
learned_error_driven,2011_09_26/2011_09_26_drive_0039_sync,156,recovery,36,156,0000000156.png,1,0.5266619848584195,0.21097719575386084,0.07566267104185058
learned_error_driven,2011_09_26/2011_09_26_drive_0039_sync,156,recovery,36,156,0000000156.png,2,0.9371236083200913,0.35380642383765415,0.033047254658932705
learned_error_driven,2011_09_26/2011_09_26_drive_0039_sync,156,recovery,36,156,0000000156.png,3,1.9846341126207108,0.9066720500094023,0.04996195040527009
learned_error_driven,2011_09_26/2011_09_26_drive_0039_sync,156,recovery,36,156,0000000156.png,4,3.1820194873603174,1.8971668977915759,0.0780297658273427
learned_error_driven,2011_09_26/2011_09_26_drive_0039_sync,156,recovery,36,156,0000000156.png,5,2.0721050333588362,1.6679772331819087,0.005828301790730659
learned_error_driven,2011_09_26/2011_09_26_drive_0039_sync,157,recovery,37,157,0000000157.png,1,0.48993236025038867,0.20848629232208846,0.07240313455851054
learned_error_driven,2011_09_26/2011_09_26_drive_0039_sync,157,recovery,37,157,0000000157.png,2,0.9230947023359916,0.36108215147353084,0.03105209999482977
learned_error_driven,2011_09_26/2011_09_26_drive_0039_sync,157,recovery,37,157,0000000157.png,3,1.9830941085245155,0.9176750338642291,0.046933893591268254
learned_error_driven,2011_09_26/2011_09_26_drive_0039_sync,157,recovery,37,157,0000000157.png,4,3.1949936880504426,1.8979824568480699,0.07360416825979768
learned_error_driven,2011_09_26/2011_09_26_drive_0039_sync,157,recovery,37,157,0000000157.png,5,2.06114320957935,1.6683272849874868,0.005793502967554556
learned_error_driven,2011_09_26/2011_09_26_drive_0039_sync,158,recovery,38,158,0000000158.png,1,0.5139838120546968,0.203458066861144,0.06935506579059968
learned_error_driven,2011_09_26/2011_09_26_drive_0039_sync,158,recovery,38,158,0000000158.png,2,0.9484567874695652,0.3547440009950419,0.029411157214245965
learned_error_driven,2011_09_26/2011_09_26_drive_0039_sync,158,recovery,38,158,0000000158.png,3,1.9745170929613511,0.9032401355903285,0.044315807088856705
learned_error_driven,2011_09_26/2011_09_26_drive_0039_sync,158,recovery,38,158,0000000158.png,4,3.1632857924237623,1.885422681512689,0.06962838656755202
learned_error_driven,2011_09_26/2011_09_26_drive_0039_sync,158,recovery,38,158,0000000158.png,5,2.0595336318092525,1.670199267669924,0.005759358086183258
learned_error_driven,2011_09_26/2011_09_26_drive_0039_sync,159,recovery,39,159,0000000159.png,1,0.5895658257247993,0.20691714721637697,0.06649425420804132
learned_error_driven,2011_09_26/2011_09_26_drive_0039_sync,159,recovery,39,159,0000000159.png,2,1.0186949467241029,0.3474813855422827,0.028069059526417518
learned_error_driven,2011_09_26/2011_09_26_drive_0039_sync,159,recovery,39,159,0000000159.png,3,2.0986518645000047,0.8602402421152341,0.042489604417062926
learned_error_driven,2011_09_26/2011_09_26_drive_0039_sync,159,recovery,39,159,0000000159.png,4,3.256968636238235,1.8355815031676126,0.06629150574498227
learned_error_driven,2011_09_26/2011_09_26_drive_0039_sync,159,recovery,39,159,0000000159.png,5,2.06804834162676,1.664258853293512,0.005725737500895564
