drive,condition,stream_index,sample_index,current_raw_frame_index,future_raw_frame_index,current_frame_name,future_frame_name,phase,classification_included,classification_label,prediction_error_l2,prediction_error_rms,prediction_error_l2_ema,prediction_error_cosine_previous,prediction_error_temporal_variance,temporal_variance_window_count
2011_09_26/2011_09_26_drive_0005_sync,clean,0,0,0,1,0000000000.png,0000000001.png,baseline,False,0,87.1494140625,0.27510689261859056,87.1494140625,,0.0,1
2011_09_26/2011_09_26_drive_0005_sync,clean,1,1,1,2,0000000001.png,0000000002.png,baseline,False,0,102.43739318847656,0.32336686141570514,90.31402574157714,-0.10990451276302338,0.04995105788111687,2
2011_09_26/2011_09_26_drive_0005_sync,clean,2,2,2,3,0000000002.png,0000000003.png,baseline,False,0,91.60875701904297,0.28918379738842465,90.58203511601258,-0.12330249696969986,0.06430249661207199,3
2011_09_26/2011_09_26_drive_0005_sync,clean,3,3,3,4,0000000003.png,0000000004.png,baseline,False,0,94.25305938720703,0.2975311431892587,91.34193714014984,-0.11180392652750015,0.0719248428940773,4
2011_09_26/2011_09_26_drive_0005_sync,clean,4,4,4,5,0000000004.png,0000000005.png,baseline,False,0,83.43180084228516,0.2633713882046556,89.70453892649185,-0.16605570912361145,0.07283341884613037,5
2011_09_26/2011_09_26_drive_0005_sync,clean,5,5,5,6,0000000005.png,0000000006.png,baseline,False,0,78.34158325195312,0.2473029447478169,87.35240710186234,-0.15512755513191223,0.07162822037935257,6
2011_09_26/2011_09_26_drive_0005_sync,clean,6,6,6,7,0000000006.png,0000000007.png,baseline,False,0,75.0931396484375,0.23704852497013648,84.8147387390034,-0.21802911162376404,0.07059121131896973,7
2011_09_26/2011_09_26_drive_0005_sync,clean,7,7,7,8,0000000007.png,0000000008.png,baseline,False,0,85.4034194946289,0.2695952629700445,84.93659565541788,-0.17778697609901428,0.07071372121572495,8
2011_09_26/2011_09_26_drive_0005_sync,clean,8,8,8,9,0000000008.png,0000000009.png,baseline,False,0,89.62490844726562,0.2829213417694128,85.90707640333036,-0.2805962562561035,0.07119147479534149,8
2011_09_26/2011_09_26_drive_0005_sync,clean,9,9,9,10,0000000009.png,0000000010.png,baseline,False,0,84.6616439819336,0.26725366509335785,85.64927189210124,-0.24913887679576874,0.06799120455980301,8
2011_09_26/2011_09_26_drive_0005_sync,clean,10,10,10,11,0000000010.png,0000000011.png,baseline,False,0,89.69368743896484,0.2831384387626847,86.486465910302,-0.17265774309635162,0.06773161888122559,8
2011_09_26/2011_09_26_drive_0005_sync,clean,11,11,11,12,0000000011.png,0000000012.png,baseline,False,0,82.7519302368164,0.2612252065538555,85.71341702589048,-0.3526065945625305,0.06560254096984863,8
2011_09_26/2011_09_26_drive_0005_sync,clean,12,12,12,13,0000000012.png,0000000013.png,baseline,False,0,86.64775085449219,0.2735232763628515,85.90682412841105,-0.21742621064186096,0.0658465176820755,8
2011_09_26/2011_09_26_drive_0005_sync,clean,13,13,13,14,0000000013.png,0000000014.png,baseline,False,0,86.06426239013672,0.2716813642064782,85.93941384858826,-0.05619611218571663,0.06694311648607254,8
2011_09_26/2011_09_26_drive_0005_sync,clean,14,14,14,15,0000000014.png,0000000015.png,baseline,False,0,94.0818862915039,0.2969907986519273,87.6249056442718,-0.20341229438781738,0.07137516140937805,8
2011_09_26/2011_09_26_drive_0005_sync,clean,15,15,15,16,0000000015.png,0000000016.png,baseline,False,0,93.34261322021484,0.2946571273361805,88.80847111249201,-0.3413434326648712,0.07236067205667496,8
2011_09_26/2011_09_26_drive_0005_sync,clean,16,16,16,17,0000000016.png,0000000017.png,baseline,False,0,99.4874038696289,0.31405453268544725,91.01901019321936,-0.18340063095092773,0.07479794323444366,8
2011_09_26/2011_09_26_drive_0005_sync,clean,17,17,17,18,0000000017.png,0000000018.png,baseline,False,0,87.79776763916016,0.27715355436240224,90.3522129845291,-0.20963487029075623,0.07547993212938309,8
2011_09_26/2011_09_26_drive_0005_sync,clean,18,18,18,19,0000000018.png,0000000019.png,baseline,False,0,100.60221099853516,0.31757367777320544,92.47396257342835,-0.04446105659008026,0.07712386548519135,8
2011_09_26/2011_09_26_drive_0005_sync,clean,19,19,19,20,0000000019.png,0000000020.png,baseline,False,0,107.45861053466797,0.3392174748941895,95.57578470140496,-0.2452332079410553,0.08284182101488113,8
2011_09_26/2011_09_26_drive_0005_sync,clean,20,20,20,21,0000000020.png,0000000021.png,baseline,False,0,94.14574432373047,0.29719239133626274,95.27976634322634,-0.26870131492614746,0.08487991243600845,8
2011_09_26/2011_09_26_drive_0005_sync,clean,21,21,21,22,0000000021.png,0000000022.png,baseline,False,0,105.10291290283203,0.33178116973433325,97.31315768106472,-0.1922535002231598,0.08841206133365631,8
2011_09_26/2011_09_26_drive_0005_sync,clean,22,22,22,23,0000000022.png,0000000023.png,baseline,False,0,98.71177673339844,0.3116060942527969,97.6026718248978,-0.24535398185253143,0.09019150584936142,8
2011_09_26/2011_09_26_drive_0005_sync,clean,23,23,23,24,0000000023.png,0000000024.png,baseline,False,0,107.12362670898438,0.33816001605009693,99.57350948590373,-0.11913805454969406,0.09290514141321182,8
2011_09_26/2011_09_26_drive_0005_sync,clean,24,24,24,25,0000000024.png,0000000025.png,baseline,False,0,119.70573425292969,0.37787828909136245,103.7408800126781,-0.13673418760299683,0.09752076864242554,8
2011_09_26/2011_09_26_drive_0005_sync,clean,25,25,25,26,0000000025.png,0000000026.png,baseline,False,0,135.75112915039062,0.4285291838261264,110.3670015841846,-0.24802780151367188,0.11085357517004013,8
2011_09_26/2011_09_26_drive_0005_sync,clean,26,26,26,27,0000000026.png,0000000027.png,baseline,False,0,151.55438232421875,0.4784157629326238,118.89278939737167,-0.07553721964359283,0.1243886947631836,8
2011_09_26/2011_09_26_drive_0005_sync,clean,27,27,27,28,0000000027.png,0000000028.png,baseline,False,0,146.79124450683594,0.4633798227411659,124.66776960503078,-0.27588552236557007,0.13711579144001007,8
2011_09_26/2011_09_26_drive_0005_sync,clean,28,28,28,29,0000000028.png,0000000029.png,baseline,False,0,135.9651641845703,0.4292048778312748,127.00633028299546,-0.3593989908695221,0.14911557734012604,8
2011_09_26/2011_09_26_drive_0005_sync,clean,29,29,29,30,0000000029.png,0000000030.png,baseline,False,0,140.7182159423828,0.4442089528155011,129.84469061448866,-0.14358878135681152,0.15963949263095856,8
2011_09_26/2011_09_26_drive_0005_sync,clean,30,30,30,31,0000000030.png,0000000031.png,baseline,False,0,139.58140563964844,0.4406203641715248,131.86019062469674,-0.31513142585754395,0.17211103439331055,8
2011_09_26/2011_09_26_drive_0005_sync,clean,31,31,31,32,0000000031.png,0000000032.png,baseline,False,0,135.15286254882812,0.4266406319574042,132.54177371299193,-0.28492963314056396,0.1803206205368042,8
2011_09_26/2011_09_26_drive_0005_sync,clean,32,32,32,33,0000000032.png,0000000033.png,baseline,False,0,138.55581665039062,0.4373828186051509,133.78668060103345,-0.29550468921661377,0.18512886762619019,8
2011_09_26/2011_09_26_drive_0005_sync,clean,33,33,33,34,0000000033.png,0000000034.png,baseline,False,0,140.52902221679688,0.4436117285900852,135.1823453154965,-0.3303106725215912,0.18742480874061584,8
2011_09_26/2011_09_26_drive_0005_sync,clean,34,34,34,35,0000000034.png,0000000035.png,baseline,False,0,150.50936889648438,0.47511694497514145,138.35503919676097,-0.2639404535293579,0.18512052297592163,8
2011_09_26/2011_09_26_drive_0005_sync,clean,35,35,35,36,0000000035.png,0000000036.png,baseline,False,0,155.6368408203125,0.49130295181750333,141.93237213283615,-0.18980295956134796,0.18807850778102875,8
2011_09_26/2011_09_26_drive_0005_sync,clean,36,36,36,37,0000000036.png,0000000037.png,baseline,False,0,140.74310302734375,0.4442875259352183,141.68619342799923,-0.14645162224769592,0.18978983163833618,8
2011_09_26/2011_09_26_drive_0005_sync,clean,37,37,37,38,0000000037.png,0000000038.png,baseline,False,0,148.3831024169922,0.46840491308120363,143.07245358872078,-0.2734968066215515,0.19307801127433777,8
2011_09_26/2011_09_26_drive_0005_sync,clean,38,38,38,39,0000000038.png,0000000039.png,baseline,False,0,147.53871154785156,0.46573938910416196,143.99696898626087,-0.26675349473953247,0.19636519253253937,8
2011_09_26/2011_09_26_drive_0005_sync,clean,39,39,39,40,0000000039.png,0000000040.png,baseline,False,0,136.27911376953125,0.4301959064465341,142.39937295639783,-0.13510030508041382,0.19722500443458557,8
2011_09_26/2011_09_26_drive_0005_sync,clean,40,40,40,41,0000000040.png,0000000041.png,disturbance,True,0,132.38885498046875,0.4179154299657189,140.3271957353805,-0.16282007098197937,0.19462928175926208,8
2011_09_26/2011_09_26_drive_0005_sync,clean,41,41,41,42,0000000041.png,0000000042.png,disturbance,True,0,141.11325073242188,0.4454559797733213,140.48990911976807,-0.14714783430099487,0.1946031004190445,8
2011_09_26/2011_09_26_drive_0005_sync,clean,42,42,42,43,0000000042.png,0000000043.png,disturbance,True,0,147.48658752441406,0.46557487563626415,141.9382215495298,-0.14428524672985077,0.19107811152935028,8
2011_09_26/2011_09_26_drive_0005_sync,clean,43,43,43,44,0000000043.png,0000000044.png,disturbance,True,0,153.83094787597656,0.48560225461718454,144.4000158991043,-0.07836056500673294,0.19035105407238007,8
2011_09_26/2011_09_26_drive_0005_sync,clean,44,44,44,45,0000000044.png,0000000045.png,disturbance,True,0,147.01731872558594,0.46409352452516234,144.941797584186,-0.1847577840089798,0.19284717738628387,8
2011_09_26/2011_09_26_drive_0005_sync,clean,45,45,45,46,0000000045.png,0000000046.png,disturbance,True,0,147.31777954101562,0.4650419758237211,145.43362584924972,-0.06306102871894836,0.1931668221950531,8
2011_09_26/2011_09_26_drive_0005_sync,clean,46,46,46,47,0000000046.png,0000000047.png,disturbance,True,0,142.5630645751953,0.45003261646640497,144.83941966552047,-0.10813296586275101,0.19209009408950806,8
2011_09_26/2011_09_26_drive_0005_sync,clean,47,47,47,48,0000000047.png,0000000048.png,disturbance,True,0,143.93295288085938,0.4543570015397729,144.65178104109563,-0.21943628787994385,0.19621650874614716,8
2011_09_26/2011_09_26_drive_0005_sync,clean,48,48,48,49,0000000048.png,0000000049.png,disturbance,True,0,135.67855834960938,0.42830012630934616,142.79432394395798,-0.058890849351882935,0.1977517157793045,8
2011_09_26/2011_09_26_drive_0005_sync,clean,49,49,49,50,0000000049.png,0000000050.png,disturbance,True,0,138.1266326904297,0.43602799669220976,141.8281118544776,-0.1211860179901123,0.19552363455295563,8
2011_09_26/2011_09_26_drive_0005_sync,clean,50,50,50,51,0000000050.png,0000000051.png,disturbance,True,0,147.4893798828125,0.46558364518103196,142.99999433634292,-0.18321603536605835,0.1945517212152481,8
2011_09_26/2011_09_26_drive_0005_sync,clean,51,51,51,52,0000000051.png,0000000052.png,disturbance,True,0,144.7685546875,0.4569947480843182,143.36608632903244,-0.10539072751998901,0.1908814162015915,8
2011_09_26/2011_09_26_drive_0005_sync,clean,52,52,52,53,0000000052.png,0000000053.png,disturbance,True,0,151.21009826660156,0.4773289661022324,144.98979680010925,-0.03199658542871475,0.19266439974308014,8
2011_09_26/2011_09_26_drive_0005_sync,clean,53,53,53,54,0000000053.png,0000000054.png,disturbance,True,0,148.8783721923828,0.4699683092725153,145.7947319063099,-0.19485540688037872,0.19254960119724274,8
2011_09_26/2011_09_26_drive_0005_sync,clean,54,54,54,55,0000000054.png,0000000055.png,disturbance,True,0,158.11654663085938,0.4991307301898137,148.34534755429164,-0.06276857852935791,0.19718037545681,8
2011_09_26/2011_09_26_drive_0005_sync,clean,55,55,55,56,0000000055.png,0000000056.png,disturbance,True,0,148.14727783203125,0.4676604801525791,148.30434712178374,-0.20087990164756775,0.20143063366413116,8
2011_09_26/2011_09_26_drive_0005_sync,clean,56,56,56,57,0000000056.png,0000000057.png,disturbance,True,0,140.47683715820312,0.4434469531438151,146.68405255932254,-0.12759684026241302,0.20338396728038788,8
2011_09_26/2011_09_26_drive_0005_sync,clean,57,57,57,58,0000000057.png,0000000058.png,disturbance,True,0,138.44178771972656,0.4370228856540708,144.97790373752616,-0.2087041735649109,0.2045179009437561,8
2011_09_26/2011_09_26_drive_0005_sync,clean,58,58,58,59,0000000058.png,0000000059.png,disturbance,True,0,118.23363494873047,0.37323127303441606,139.44184009824545,-0.09517538547515869,0.19424556195735931,8
2011_09_26/2011_09_26_drive_0005_sync,clean,59,59,59,60,0000000059.png,0000000060.png,disturbance,True,0,116.90208435058594,0.3690279228492681,134.77611065847992,-0.24917802214622498,0.1865530163049698,8
2011_09_26/2011_09_26_drive_0005_sync,clean,60,60,60,61,0000000060.png,0000000061.png,disturbance,True,0,111.48578643798828,0.3519301505428195,129.95501354483815,-0.18811708688735962,0.17373192310333252,8
2011_09_26/2011_09_26_drive_0005_sync,clean,61,61,61,62,0000000061.png,0000000062.png,disturbance,True,0,105.15846252441406,0.3319565296245392,124.82212748361037,-0.12799608707427979,0.16008080542087555,8
2011_09_26/2011_09_26_drive_0005_sync,clean,62,62,62,63,0000000062.png,0000000063.png,disturbance,True,0,91.10204315185547,0.2875842494462716,117.84207002693712,-0.1772126704454422,0.13897521793842316,8
2011_09_26/2011_09_26_drive_0005_sync,clean,63,63,63,64,0000000063.png,0000000064.png,disturbance,True,0,93.6288070678711,0.29556054945068383,112.82992459441046,-0.19271725416183472,0.1244778111577034,8
2011_09_26/2011_09_26_drive_0005_sync,clean,64,64,64,65,0000000064.png,0000000065.png,disturbance,True,0,81.9505386352539,0.258695448731878,106.43789170086505,-0.12283042073249817,0.10857990384101868,8
2011_09_26/2011_09_26_drive_0005_sync,clean,65,65,65,66,0000000065.png,0000000066.png,disturbance,True,0,89.38723754882812,0.28217107894027255,102.90840629139342,-0.24498264491558075,0.09601383656263351,8
2011_09_26/2011_09_26_drive_0005_sync,clean,66,66,66,67,0000000066.png,0000000067.png,disturbance,True,0,97.05364227294922,0.3063718139929463,101.69647013957548,-0.2772539556026459,0.09094306081533432,8
2011_09_26/2011_09_26_drive_0005_sync,clean,67,67,67,68,0000000067.png,0000000068.png,disturbance,True,0,99.32967376708984,0.31355663714783505,101.20654329047096,-0.128790020942688,0.08699344843626022,8
2011_09_26/2011_09_26_drive_0005_sync,clean,68,68,68,69,0000000068.png,0000000069.png,disturbance,True,0,89.72395324707031,0.2832339960570175,98.82964715148702,-0.17704543471336365,0.08200030028820038,8
2011_09_26/2011_09_26_drive_0005_sync,clean,69,69,69,70,0000000069.png,0000000070.png,disturbance,True,0,81.56083679199219,0.25746524428092094,95.2550034070716,-0.13737764954566956,0.07627229392528534,8
2011_09_26/2011_09_26_drive_0005_sync,clean,70,70,70,71,0000000070.png,0000000071.png,disturbance,True,0,88.18933868408203,0.2783896242804482,93.79241080941276,-0.17400820553302765,0.07534938305616379,8
2011_09_26/2011_09_26_drive_0005_sync,clean,71,71,71,72,0000000071.png,0000000072.png,disturbance,True,0,95.75959014892578,0.30228686327352766,94.19961693269195,-0.13598766922950745,0.07591657340526581,8
2011_09_26/2011_09_26_drive_0005_sync,clean,72,72,72,73,0000000072.png,0000000073.png,disturbance,True,0,92.66790008544922,0.29252723485544324,93.88255154531271,-0.17275740206241608,0.07793192565441132,8
2011_09_26/2011_09_26_drive_0005_sync,clean,73,73,73,74,0000000073.png,0000000074.png,disturbance,True,0,104.83920288085938,0.3309487029710819,96.15057837177088,-0.23177126049995422,0.08140962570905685,8
2011_09_26/2011_09_26_drive_0005_sync,clean,74,74,74,75,0000000074.png,0000000075.png,disturbance,True,0,113.32229614257812,0.3577275246078615,99.70512395032799,-0.17212437093257904,0.08578697592020035,8
2011_09_26/2011_09_26_drive_0005_sync,clean,75,75,75,76,0000000075.png,0000000076.png,disturbance,True,0,111.42652130126953,0.35174307953832606,102.13145320197289,-0.2740962505340576,0.08950834721326828,8
2011_09_26/2011_09_26_drive_0005_sync,clean,76,76,76,77,0000000076.png,0000000077.png,disturbance,True,0,106.35910034179688,0.3357466000038972,103.00657615991646,-0.09772522747516632,0.09292279183864594,8
2011_09_26/2011_09_26_drive_0005_sync,clean,77,77,77,78,0000000077.png,0000000078.png,disturbance,True,0,98.46492767333984,0.31082684114893167,102.06645492319511,-0.15630078315734863,0.09665674716234207,8
2011_09_26/2011_09_26_drive_0005_sync,clean,78,78,78,79,0000000078.png,0000000079.png,disturbance,True,0,111.25580596923828,0.35120415968788576,103.96865058972605,-0.14323455095291138,0.1015314906835556,8
2011_09_26/2011_09_26_drive_0005_sync,clean,79,79,79,80,0000000079.png,0000000080.png,disturbance,True,0,118.66726684570312,0.3746001177808472,107.0112641547133,-0.10466121137142181,0.1079113632440567,8
2011_09_26/2011_09_26_drive_0005_sync,clean,80,80,80,81,0000000080.png,0000000081.png,disturbance,True,0,105.81696319580078,0.3340352449102388,106.76404385621842,-0.05218946933746338,0.11003320664167404,8
2011_09_26/2011_09_26_drive_0005_sync,clean,81,81,81,82,0000000081.png,0000000082.png,disturbance,True,0,118.7368392944336,0.37481975197149336,109.24241251192898,-0.17906904220581055,0.11357807368040085,8
2011_09_26/2011_09_26_drive_0005_sync,clean,82,82,82,83,0000000082.png,0000000083.png,disturbance,True,0,110.5869140625,0.34909265575761617,109.52072433289719,-0.10763692110776901,0.11239966005086899,8
2011_09_26/2011_09_26_drive_0005_sync,clean,83,83,83,84,0000000083.png,0000000084.png,disturbance,True,0,112.80465698242188,0.35609347602462105,110.2004983913488,-0.14512595534324646,0.11326336115598679,8
2011_09_26/2011_09_26_drive_0005_sync,clean,84,84,84,85,0000000084.png,0000000085.png,disturbance,True,0,110.09207916259766,0.3475305994544137,110.17805561099732,-0.050255391746759415,0.1130712628364563,8
2011_09_26/2011_09_26_drive_0005_sync,clean,85,85,85,86,0000000085.png,0000000086.png,disturbance,True,0,116.12271118164062,0.3665676566669397,111.4085993141205,-0.13144658505916595,0.11874431371688843,8
2011_09_26/2011_09_26_drive_0005_sync,clean,86,86,86,87,0000000086.png,0000000087.png,disturbance,True,0,115.65550994873047,0.36509281617867767,112.28770981548476,-0.10183848440647125,0.11975597590208054,8
2011_09_26/2011_09_26_drive_0005_sync,clean,87,87,87,88,0000000087.png,0000000088.png,disturbance,True,0,112.28484344482422,0.35445254606015114,112.28711647675803,-0.02052631974220276,0.11793732643127441,8
2011_09_26/2011_09_26_drive_0005_sync,clean,88,88,88,89,0000000088.png,0000000089.png,disturbance,True,0,121.72990417480469,0.384268017744154,114.24177353025368,-0.04276406392455101,0.12212508171796799,8
2011_09_26/2011_09_26_drive_0005_sync,clean,89,89,89,90,0000000089.png,0000000090.png,disturbance,True,0,119.32363891601562,0.3766721162289275,115.29371966510641,0.036211129277944565,0.12192551046609879,8
2011_09_26/2011_09_26_drive_0005_sync,clean,90,90,90,91,0000000090.png,0000000091.png,disturbance,True,0,126.32561492919922,0.3987754248941045,117.57732198477363,-0.03254590556025505,0.12587577104568481,8
2011_09_26/2011_09_26_drive_0005_sync,clean,91,91,91,92,0000000091.png,0000000092.png,disturbance,True,0,123.7166519165039,0.3905396558991401,118.84816328064181,-0.04767231643199921,0.1297920197248459,8
2011_09_26/2011_09_26_drive_0005_sync,clean,92,92,92,93,0000000092.png,0000000093.png,disturbance,True,0,122.2607650756836,0.38594384053075975,119.55457185221546,-0.018788855522871017,0.1335705816745758,8
2011_09_26/2011_09_26_drive_0005_sync,clean,93,93,93,94,0000000093.png,0000000094.png,disturbance,True,0,113.05043029785156,0.3568693173585734,118.20821455046215,-0.007372052408754826,0.13253532350063324,8
2011_09_26/2011_09_26_drive_0005_sync,clean,94,94,94,95,0000000094.png,0000000095.png,disturbance,True,0,122.23601531982422,0.385865686661978,119.04196930972009,-0.05194392800331116,0.13444270193576813,8
2011_09_26/2011_09_26_drive_0005_sync,clean,95,95,95,96,0000000095.png,0000000096.png,disturbance,True,0,112.37448120117188,0.3547355300043714,117.66179927125062,-0.09773430228233337,0.1345694214105606,8
2011_09_26/2011_09_26_drive_0005_sync,clean,96,96,96,97,0000000096.png,0000000097.png,disturbance,True,0,106.70455932617188,0.3368371295166866,115.39365060261932,-0.046226274222135544,0.13061517477035522,8
2011_09_26/2011_09_26_drive_0005_sync,clean,97,97,97,98,0000000097.png,0000000098.png,disturbance,True,0,119.40477752685547,0.376928239702629,116.2239538759362,-0.07525423169136047,0.13124674558639526,8
2011_09_26/2011_09_26_drive_0005_sync,clean,98,98,98,99,0000000098.png,0000000099.png,disturbance,True,0,120.16229248046875,0.3793195063619148,117.03918996707445,-0.0978735163807869,0.12956354022026062,8
2011_09_26/2011_09_26_drive_0005_sync,clean,99,99,99,100,0000000099.png,0000000100.png,disturbance,True,0,117.32978820800781,0.3703780651396991,117.09934380294766,-0.07313154637813568,0.127749964594841,8
2011_09_26/2011_09_26_drive_0005_sync,clean,100,100,100,101,0000000100.png,0000000101.png,disturbance,True,0,122.3680191040039,0.38628239529750585,118.1899595902663,-0.16543085873126984,0.1282426118850708,8
2011_09_26/2011_09_26_drive_0005_sync,clean,101,101,101,102,0000000101.png,0000000102.png,disturbance,True,0,107.66015625,0.3398536921833628,116.01029029883118,-0.13132783770561218,0.12696082890033722,8
2011_09_26/2011_09_26_drive_0005_sync,clean,102,102,102,103,0000000102.png,0000000103.png,disturbance,True,0,97.49632263183594,0.307769265503052,112.17789899176317,-0.11349838972091675,0.11975986510515213,8
2011_09_26/2011_09_26_drive_0005_sync,clean,103,103,103,104,0000000103.png,0000000104.png,disturbance,True,0,109.37071228027344,0.3452534525862308,111.5968113424848,-0.013522624038159847,0.11896039545536041,8
2011_09_26/2011_09_26_drive_0005_sync,clean,104,104,104,105,0000000104.png,0000000105.png,disturbance,True,0,105.8608627319336,0.3341737957362016,110.40946998010071,-0.2196212261915207,0.11883661150932312,8
2011_09_26/2011_09_26_drive_0005_sync,clean,105,105,105,106,0000000105.png,0000000106.png,disturbance,True,0,113.19612121582031,0.3573292054492733,110.98630678589467,-0.0951380729675293,0.11659572273492813,8
2011_09_26/2011_09_26_drive_0005_sync,clean,106,106,106,107,0000000106.png,0000000107.png,disturbance,True,0,118.90747833251953,0.37535841026574396,112.62598929604603,-0.08063430339097977,0.11615616083145142,8
2011_09_26/2011_09_26_drive_0005_sync,clean,107,107,107,108,0000000107.png,0000000108.png,disturbance,True,0,113.31071472167969,0.35769097042583137,112.7677274591522,-0.12783485651016235,0.11527616530656815,8
2011_09_26/2011_09_26_drive_0005_sync,clean,108,108,108,109,0000000108.png,0000000109.png,disturbance,True,0,126.6036148071289,0.39965300186678276,115.63175614018338,-0.05684506893157959,0.11682399362325668,8
2011_09_26/2011_09_26_drive_0005_sync,clean,109,109,109,110,0000000109.png,0000000110.png,disturbance,True,0,116.88026428222656,0.3689590693868012,115.89019732558633,-0.12566149234771729,0.11956065148115158,8
2011_09_26/2011_09_26_drive_0005_sync,clean,110,110,110,111,0000000110.png,0000000111.png,disturbance,True,0,113.47828674316406,0.35821992341799225,115.39093183502493,-0.11670216917991638,0.12395718693733215,8
2011_09_26/2011_09_26_drive_0005_sync,clean,111,111,111,112,0000000111.png,0000000112.png,disturbance,True,0,100.10042572021484,0.3159896910674414,112.22579706925924,-0.04462841898202896,0.12170052528381348,8
2011_09_26/2011_09_26_drive_0005_sync,clean,112,112,112,113,0000000112.png,0000000113.png,disturbance,True,0,105.80574035644531,0.3339998118976817,110.89684532970676,-0.07641392946243286,0.12154395878314972,8
2011_09_26/2011_09_26_drive_0005_sync,clean,113,113,113,114,0000000113.png,0000000114.png,disturbance,True,0,109.81929779052734,0.34666948975084494,110.67379298909663,-0.027292151004076004,0.11989374458789825,8
2011_09_26/2011_09_26_drive_0005_sync,clean,114,114,114,115,0000000114.png,0000000115.png,disturbance,True,0,110.40531158447266,0.3485193789292131,110.61821733833946,-0.17917051911354065,0.11694209277629852,8
2011_09_26/2011_09_26_drive_0005_sync,clean,115,115,115,116,0000000115.png,0000000116.png,disturbance,True,0,114.63285827636719,0.3618645886914864,111.4492480125112,-0.12665560841560364,0.11690313369035721,8
2011_09_26/2011_09_26_drive_0005_sync,clean,116,116,116,117,0000000116.png,0000000117.png,disturbance,True,0,121.30784606933594,0.3829357182464564,113.48997781027393,-0.17419135570526123,0.11546146124601364,8
2011_09_26/2011_09_26_drive_0005_sync,clean,117,117,117,118,0000000117.png,0000000118.png,disturbance,True,0,117.42948913574219,0.37069278939795053,114.30545665464587,-0.018267497420310974,0.11537731438875198,8
2011_09_26/2011_09_26_drive_0005_sync,clean,118,118,118,119,0000000118.png,0000000119.png,disturbance,True,0,107.68492126464844,0.3399318712360784,112.9350058289164,-0.07174992561340332,0.11362744867801666,8
2011_09_26/2011_09_26_drive_0005_sync,clean,119,119,119,120,0000000119.png,0000000120.png,disturbance,True,0,119.00318145751953,0.3756605331129759,114.19111818403725,-0.17481468617916107,0.12041200697422028,8
2011_09_26/2011_09_26_drive_0005_sync,clean,120,120,120,121,0000000120.png,0000000121.png,recovery,False,0,107.59256744384766,0.3396403262906635,112.825218180818,-0.05694003775715828,0.12049110233783722,8
2011_09_26/2011_09_26_drive_0005_sync,clean,121,121,121,122,0000000121.png,0000000122.png,recovery,False,0,116.28205108642578,0.36707062585956757,113.54078259227882,-0.18900738656520844,0.12242039293050766,8
2011_09_26/2011_09_26_drive_0005_sync,clean,122,122,122,123,0000000122.png,0000000123.png,recovery,False,0,118.14850616455078,0.37296254268318313,114.49458137173912,-0.12308550626039505,0.1252804398536682,8
2011_09_26/2011_09_26_drive_0005_sync,clean,123,123,123,124,0000000123.png,0000000124.png,recovery,False,0,101.46063995361328,0.3202835162936152,111.79655549818708,-0.06617371737957001,0.1212136447429657,8
2011_09_26/2011_09_26_drive_0005_sync,clean,124,124,124,125,0000000124.png,0000000125.png,recovery,False,0,103.7091293334961,0.32738138132769073,110.12245828209603,-0.03553754463791847,0.11604762077331543,8
2011_09_26/2011_09_26_drive_0005_sync,clean,125,125,125,126,0000000125.png,0000000126.png,recovery,False,0,98.94498443603516,0.31234225821890205,107.80872119596144,-0.1577722728252411,0.11100275069475174,8
2011_09_26/2011_09_26_drive_0005_sync,clean,126,126,126,127,0000000126.png,0000000127.png,recovery,False,0,99.19310760498047,0.31312552075142874,106.02528918262838,-0.09051906317472458,0.10809721052646637,8
2011_09_26/2011_09_26_drive_0005_sync,clean,127,127,127,128,0000000127.png,0000000128.png,recovery,False,0,107.28138732910156,0.33865802916984955,106.28530149894833,-0.08199745416641235,0.1049954742193222,8
2011_09_26/2011_09_26_drive_0005_sync,clean,128,128,128,129,0000000128.png,0000000129.png,recovery,False,0,109.1496810913086,0.34455571249966443,106.8782280745669,-0.30881351232528687,0.1059902161359787,8
2011_09_26/2011_09_26_drive_0005_sync,clean,129,129,129,130,0000000129.png,0000000130.png,recovery,False,0,99.26991271972656,0.3133679852554557,105.30330679611497,-0.16543087363243103,0.10182540118694305,8
2011_09_26/2011_09_26_drive_0005_sync,clean,130,130,130,131,0000000130.png,0000000131.png,recovery,False,0,97.25057220458984,0.30699348799884735,103.63639073566927,-0.13662704825401306,0.09667835384607315,8
2011_09_26/2011_09_26_drive_0005_sync,clean,131,131,131,132,0000000131.png,0000000132.png,recovery,False,0,89.3316421508789,0.28199557979650147,100.67530777861768,-0.11365504562854767,0.0938691720366478,8
2011_09_26/2011_09_26_drive_0005_sync,clean,132,132,132,133,0000000132.png,0000000133.png,recovery,False,0,92.29666137695312,0.29135533161541893,98.94092797347312,-0.08780600130558014,0.09084775298833847,8
2011_09_26/2011_09_26_drive_0005_sync,clean,133,133,133,134,0000000133.png,0000000134.png,recovery,False,0,93.98003387451172,0.29666927387175945,97.91402289498811,-0.13261431455612183,0.08969392627477646,8
2011_09_26/2011_09_26_drive_0005_sync,clean,134,134,134,135,0000000134.png,0000000135.png,recovery,False,0,118.11463928222656,0.372855631754647,102.09555048714647,-0.06960737705230713,0.0944247841835022,8
2011_09_26/2011_09_26_drive_0005_sync,clean,135,135,135,136,0000000135.png,0000000136.png,recovery,False,0,121.06864929199219,0.3821806461471381,106.02298193974954,-0.24715396761894226,0.09806319326162338,8
2011_09_26/2011_09_26_drive_0005_sync,clean,136,136,136,137,0000000136.png,0000000137.png,recovery,False,0,122.37772369384766,0.3863130232864981,109.40841348284786,-0.21591982245445251,0.10362206399440765,8
2011_09_26/2011_09_26_drive_0005_sync,clean,137,137,137,138,0000000137.png,0000000138.png,recovery,False,0,95.51827239990234,0.3015250755964355,106.53315427867815,-0.16379553079605103,0.1031089648604393,8
2011_09_26/2011_09_26_drive_0005_sync,clean,138,138,138,139,0000000138.png,0000000139.png,recovery,False,0,94.43529510498047,0.29810640033145736,104.02889742972273,-0.12201789766550064,0.10272248089313507,8
2011_09_26/2011_09_26_drive_0005_sync,clean,139,139,139,140,0000000139.png,0000000140.png,recovery,False,0,113.50349426269531,0.35829951196935933,105.99013897414807,-0.07147171348333359,0.10789613425731659,8
2011_09_26/2011_09_26_drive_0005_sync,clean,140,140,140,141,0000000140.png,0000000141.png,recovery,False,0,114.98938751220703,0.36299004727504336,107.85298342152628,-0.1131133884191513,0.11381012946367264,8
2011_09_26/2011_09_26_drive_0005_sync,clean,141,141,141,142,0000000141.png,0000000142.png,recovery,False,0,112.67061614990234,0.3556703477918963,108.85023339630013,-0.1305464655160904,0.1179550364613533,8
2011_09_26/2011_09_26_drive_0005_sync,clean,142,142,142,143,0000000142.png,0000000143.png,recovery,False,0,118.34408569335938,0.3735799326269976,110.81546082179139,-0.12042559683322906,0.11738558858633041,8
2011_09_26/2011_09_26_drive_0005_sync,clean,143,143,143,144,0000000143.png,0000000144.png,recovery,False,0,122.02555084228516,0.38520128013971516,113.1359494560336,-0.23753148317337036,0.117979496717453,8
2011_09_26/2011_09_26_drive_0005_sync,clean,144,144,144,145,0000000144.png,0000000145.png,recovery,False,0,111.2845458984375,0.3512948606901884,112.75270891961121,-0.1485770046710968,0.11502823978662491,8
2011_09_26/2011_09_26_drive_0005_sync,clean,145,145,145,146,0000000145.png,0000000146.png,recovery,False,0,110.88251495361328,0.3500258133940029,112.36557876864964,-0.2425318956375122,0.11928784102201462,8
2011_09_26/2011_09_26_drive_0005_sync,clean,146,146,146,147,0000000146.png,0000000147.png,recovery,False,0,106.07449340820312,0.3348481903280179,111.0633240990372,-0.19812138378620148,0.12176553159952164,8
2011_09_26/2011_09_26_drive_0005_sync,clean,147,147,147,148,0000000147.png,0000000148.png,recovery,False,0,110.48772430419922,0.34877954595440214,110.94417494150575,-0.12649625539779663,0.11985955387353897,8
2011_09_26/2011_09_26_drive_0005_sync,clean,148,148,148,149,0000000148.png,0000000149.png,recovery,False,0,103.37393951416016,0.3263232742069591,109.37713620804521,-0.23183675110340118,0.11659995466470718,8
2011_09_26/2011_09_26_drive_0005_sync,clean,149,149,149,150,0000000149.png,0000000150.png,recovery,False,0,105.37928009033203,0.3326535731969869,108.54957999167858,-0.20505596697330475,0.11463826894760132,8
2011_09_26/2011_09_26_drive_0005_sync,persistent_blur,0,0,0,1,0000000000.png,0000000001.png,baseline,False,0,87.1494140625,0.27510689261859056,87.1494140625,,0.0,1
2011_09_26/2011_09_26_drive_0005_sync,persistent_blur,1,1,1,2,0000000001.png,0000000002.png,baseline,False,0,102.43739318847656,0.32336686141570514,90.31402574157714,-0.10990451276302338,0.04995105788111687,2
2011_09_26/2011_09_26_drive_0005_sync,persistent_blur,2,2,2,3,0000000002.png,0000000003.png,baseline,False,0,91.60875701904297,0.28918379738842465,90.58203511601258,-0.12330249696969986,0.06430249661207199,3
2011_09_26/2011_09_26_drive_0005_sync,persistent_blur,3,3,3,4,0000000003.png,0000000004.png,baseline,False,0,94.25305938720703,0.2975311431892587,91.34193714014984,-0.11180392652750015,0.0719248428940773,4
2011_09_26/2011_09_26_drive_0005_sync,persistent_blur,4,4,4,5,0000000004.png,0000000005.png,baseline,False,0,83.43180084228516,0.2633713882046556,89.70453892649185,-0.16605570912361145,0.07283341884613037,5
2011_09_26/2011_09_26_drive_0005_sync,persistent_blur,5,5,5,6,0000000005.png,0000000006.png,baseline,False,0,78.34158325195312,0.2473029447478169,87.35240710186234,-0.15512755513191223,0.07162822037935257,6
2011_09_26/2011_09_26_drive_0005_sync,persistent_blur,6,6,6,7,0000000006.png,0000000007.png,baseline,False,0,75.0931396484375,0.23704852497013648,84.8147387390034,-0.21802911162376404,0.07059121131896973,7
2011_09_26/2011_09_26_drive_0005_sync,persistent_blur,7,7,7,8,0000000007.png,0000000008.png,baseline,False,0,85.4034194946289,0.2695952629700445,84.93659565541788,-0.17778697609901428,0.07071372121572495,8
2011_09_26/2011_09_26_drive_0005_sync,persistent_blur,8,8,8,9,0000000008.png,0000000009.png,baseline,False,0,89.62490844726562,0.2829213417694128,85.90707640333036,-0.2805962562561035,0.07119147479534149,8
2011_09_26/2011_09_26_drive_0005_sync,persistent_blur,9,9,9,10,0000000009.png,0000000010.png,baseline,False,0,84.6616439819336,0.26725366509335785,85.64927189210124,-0.24913887679576874,0.06799120455980301,8
2011_09_26/2011_09_26_drive_0005_sync,persistent_blur,10,10,10,11,0000000010.png,0000000011.png,baseline,False,0,89.69368743896484,0.2831384387626847,86.486465910302,-0.17265774309635162,0.06773161888122559,8
2011_09_26/2011_09_26_drive_0005_sync,persistent_blur,11,11,11,12,0000000011.png,0000000012.png,baseline,False,0,82.7519302368164,0.2612252065538555,85.71341702589048,-0.3526065945625305,0.06560254096984863,8
2011_09_26/2011_09_26_drive_0005_sync,persistent_blur,12,12,12,13,0000000012.png,0000000013.png,baseline,False,0,86.64775085449219,0.2735232763628515,85.90682412841105,-0.21742621064186096,0.0658465176820755,8
2011_09_26/2011_09_26_drive_0005_sync,persistent_blur,13,13,13,14,0000000013.png,0000000014.png,baseline,False,0,86.06426239013672,0.2716813642064782,85.93941384858826,-0.05619611218571663,0.06694311648607254,8
2011_09_26/2011_09_26_drive_0005_sync,persistent_blur,14,14,14,15,0000000014.png,0000000015.png,baseline,False,0,94.0818862915039,0.2969907986519273,87.6249056442718,-0.20341229438781738,0.07137516140937805,8
2011_09_26/2011_09_26_drive_0005_sync,persistent_blur,15,15,15,16,0000000015.png,0000000016.png,baseline,False,0,93.34261322021484,0.2946571273361805,88.80847111249201,-0.3413434326648712,0.07236067205667496,8
2011_09_26/2011_09_26_drive_0005_sync,persistent_blur,16,16,16,17,0000000016.png,0000000017.png,baseline,False,0,99.4874038696289,0.31405453268544725,91.01901019321936,-0.18340063095092773,0.07479794323444366,8
2011_09_26/2011_09_26_drive_0005_sync,persistent_blur,17,17,17,18,0000000017.png,0000000018.png,baseline,False,0,87.79776763916016,0.27715355436240224,90.3522129845291,-0.20963487029075623,0.07547993212938309,8
2011_09_26/2011_09_26_drive_0005_sync,persistent_blur,18,18,18,19,0000000018.png,0000000019.png,baseline,False,0,100.60221099853516,0.31757367777320544,92.47396257342835,-0.04446105659008026,0.07712386548519135,8
2011_09_26/2011_09_26_drive_0005_sync,persistent_blur,19,19,19,20,0000000019.png,0000000020.png,baseline,False,0,107.45861053466797,0.3392174748941895,95.57578470140496,-0.2452332079410553,0.08284182101488113,8
2011_09_26/2011_09_26_drive_0005_sync,persistent_blur,20,20,20,21,0000000020.png,0000000021.png,baseline,False,0,94.14574432373047,0.29719239133626274,95.27976634322634,-0.26870131492614746,0.08487991243600845,8
2011_09_26/2011_09_26_drive_0005_sync,persistent_blur,21,21,21,22,0000000021.png,0000000022.png,baseline,False,0,105.10291290283203,0.33178116973433325,97.31315768106472,-0.1922535002231598,0.08841206133365631,8
2011_09_26/2011_09_26_drive_0005_sync,persistent_blur,22,22,22,23,0000000022.png,0000000023.png,baseline,False,0,98.71177673339844,0.3116060942527969,97.6026718248978,-0.24535398185253143,0.09019150584936142,8
2011_09_26/2011_09_26_drive_0005_sync,persistent_blur,23,23,23,24,0000000023.png,0000000024.png,baseline,False,0,107.12362670898438,0.33816001605009693,99.57350948590373,-0.11913805454969406,0.09290514141321182,8
2011_09_26/2011_09_26_drive_0005_sync,persistent_blur,24,24,24,25,0000000024.png,0000000025.png,baseline,False,0,119.70573425292969,0.37787828909136245,103.7408800126781,-0.13673418760299683,0.09752076864242554,8
2011_09_26/2011_09_26_drive_0005_sync,persistent_blur,25,25,25,26,0000000025.png,0000000026.png,baseline,False,0,135.75112915039062,0.4285291838261264,110.3670015841846,-0.24802780151367188,0.11085357517004013,8
2011_09_26/2011_09_26_drive_0005_sync,persistent_blur,26,26,26,27,0000000026.png,0000000027.png,baseline,False,0,151.55438232421875,0.4784157629326238,118.89278939737167,-0.07553721964359283,0.1243886947631836,8
2011_09_26/2011_09_26_drive_0005_sync,persistent_blur,27,27,27,28,0000000027.png,0000000028.png,baseline,False,0,146.79124450683594,0.4633798227411659,124.66776960503078,-0.27588552236557007,0.13711579144001007,8
2011_09_26/2011_09_26_drive_0005_sync,persistent_blur,28,28,28,29,0000000028.png,0000000029.png,baseline,False,0,135.9651641845703,0.4292048778312748,127.00633028299546,-0.3593989908695221,0.14911557734012604,8
2011_09_26/2011_09_26_drive_0005_sync,persistent_blur,29,29,29,30,0000000029.png,0000000030.png,baseline,False,0,140.7182159423828,0.4442089528155011,129.84469061448866,-0.14358878135681152,0.15963949263095856,8
2011_09_26/2011_09_26_drive_0005_sync,persistent_blur,30,30,30,31,0000000030.png,0000000031.png,baseline,False,0,139.58140563964844,0.4406203641715248,131.86019062469674,-0.31513142585754395,0.17211103439331055,8
2011_09_26/2011_09_26_drive_0005_sync,persistent_blur,31,31,31,32,0000000031.png,0000000032.png,baseline,False,0,135.15286254882812,0.4266406319574042,132.54177371299193,-0.28492963314056396,0.1803206205368042,8
2011_09_26/2011_09_26_drive_0005_sync,persistent_blur,32,32,32,33,0000000032.png,0000000033.png,baseline,False,0,138.55581665039062,0.4373828186051509,133.78668060103345,-0.29550468921661377,0.18512886762619019,8
2011_09_26/2011_09_26_drive_0005_sync,persistent_blur,33,33,33,34,0000000033.png,0000000034.png,baseline,False,0,140.52902221679688,0.4436117285900852,135.1823453154965,-0.3303106725215912,0.18742480874061584,8
2011_09_26/2011_09_26_drive_0005_sync,persistent_blur,34,34,34,35,0000000034.png,0000000035.png,baseline,False,0,150.50936889648438,0.47511694497514145,138.35503919676097,-0.2639404535293579,0.18512052297592163,8
2011_09_26/2011_09_26_drive_0005_sync,persistent_blur,35,35,35,36,0000000035.png,0000000036.png,baseline,False,0,155.6368408203125,0.49130295181750333,141.93237213283615,-0.18980295956134796,0.18807850778102875,8
2011_09_26/2011_09_26_drive_0005_sync,persistent_blur,36,36,36,37,0000000036.png,0000000037.png,baseline,False,0,140.74310302734375,0.4442875259352183,141.68619342799923,-0.14645162224769592,0.18978983163833618,8
2011_09_26/2011_09_26_drive_0005_sync,persistent_blur,37,37,37,38,0000000037.png,0000000038.png,baseline,False,0,148.3831024169922,0.46840491308120363,143.07245358872078,-0.2734968066215515,0.19307801127433777,8
2011_09_26/2011_09_26_drive_0005_sync,persistent_blur,38,38,38,39,0000000038.png,0000000039.png,baseline,False,0,147.53871154785156,0.46573938910416196,143.99696898626087,-0.26675349473953247,0.19636519253253937,8
2011_09_26/2011_09_26_drive_0005_sync,persistent_blur,39,39,39,40,0000000039.png,0000000040.png,baseline,False,0,136.27911376953125,0.4301959064465341,142.39937295639783,-0.13510030508041382,0.19722500443458557,8
2011_09_26/2011_09_26_drive_0005_sync,persistent_blur,40,40,40,41,0000000040.png,0000000041.png,disturbance,True,1,238.29376220703125,0.7522282481042182,162.24951153127896,-0.2786727547645569,0.2476949244737625,8
2011_09_26/2011_09_26_drive_0005_sync,persistent_blur,41,41,41,42,0000000041.png,0000000042.png,disturbance,True,1,88.90052795410156,0.28063467053698077,147.06627193080325,-0.12210432440042496,0.2327052354812622,8
2011_09_26/2011_09_26_drive_0005_sync,persistent_blur,42,42,42,43,0000000042.png,0000000043.png,disturbance,True,1,88.3086929321289,0.27876639506103934,134.90345307807766,-0.1874588131904602,0.2135862410068512,8
2011_09_26/2011_09_26_drive_0005_sync,persistent_blur,43,43,43,44,0000000043.png,0000000044.png,disturbance,True,1,85.88069152832031,0.2711018811196509,124.75574143727789,-0.21712207794189453,0.19232948124408722,8
2011_09_26/2011_09_26_drive_0005_sync,persistent_blur,44,44,44,45,0000000044.png,0000000045.png,disturbance,True,1,87.974853515625,0.27771257671759153,117.14209763749574,-0.1950334906578064,0.17673324048519135,8
2011_09_26/2011_09_26_drive_0005_sync,persistent_blur,45,45,45,46,0000000045.png,0000000046.png,disturbance,True,1,97.23371124267578,0.3069402482188019,113.02106165376802,-0.2909688949584961,0.16113729774951935,8
2011_09_26/2011_09_26_drive_0005_sync,persistent_blur,46,46,46,47,0000000046.png,0000000047.png,disturbance,True,1,81.95805358886719,0.2587191793265653,106.59101898433354,-0.14850051701068878,0.14194443821907043,8
2011_09_26/2011_09_26_drive_0005_sync,persistent_blur,47,47,47,48,0000000047.png,0000000048.png,disturbance,True,1,90.29492950439453,0.28503641458488793,103.21772846198617,-0.16525641083717346,0.12831275165081024,8
2011_09_26/2011_09_26_drive_0005_sync,persistent_blur,48,48,48,49,0000000048.png,0000000049.png,disturbance,True,1,92.62540435791016,0.29239309339980213,101.02511737244244,-0.2540276348590851,0.07489532977342606,8
2011_09_26/2011_09_26_drive_0005_sync,persistent_blur,49,49,49,50,0000000049.png,0000000050.png,disturbance,True,1,112.99199676513672,0.35668485770375635,103.50226140673016,-0.0675959587097168,0.07967144250869751,8
2011_09_26/2011_09_26_drive_0005_sync,persistent_blur,50,50,50,51,0000000050.png,0000000051.png,disturbance,True,1,110.70181274414062,0.34945535730288135,104.99256853357413,-0.307130366563797,0.08543815463781357,8
2011_09_26/2011_09_26_drive_0005_sync,persistent_blur,51,51,51,52,0000000051.png,0000000052.png,disturbance,True,1,104.26508331298828,0.32913635703868444,104.84197909291285,-0.14670751988887787,0.09023405611515045,8
2011_09_26/2011_09_26_drive_0005_sync,persistent_blur,52,52,52,53,0000000052.png,0000000053.png,disturbance,True,1,104.71699523925781,0.33056290144309053,104.81610743520626,-0.1306883990764618,0.09420360624790192,8
2011_09_26/2011_09_26_drive_0005_sync,persistent_blur,53,53,53,54,0000000053.png,0000000054.png,disturbance,True,1,102.2916030883789,0.32290661960271655,104.293535035413,-0.1932196021080017,0.09552046656608582,8
2011_09_26/2011_09_26_drive_0005_sync,persistent_blur,54,54,54,55,0000000054.png,0000000055.png,disturbance,True,1,100.00359344482422,0.31568401228783693,103.40551712616113,-0.13140791654586792,0.09927581250667572,8
2011_09_26/2011_09_26_drive_0005_sync,persistent_blur,55,55,55,56,0000000055.png,0000000056.png,disturbance,True,1,107.52819061279297,0.33943712089220995,104.25891053789393,-0.19546788930892944,0.1036367118358612,8
2011_09_26/2011_09_26_drive_0005_sync,persistent_blur,56,56,56,57,0000000056.png,0000000057.png,disturbance,True,1,98.89746856689453,0.3121922766021267,103.14909204989705,-0.16610950231552124,0.10550026595592499,8
2011_09_26/2011_09_26_drive_0005_sync,persistent_blur,57,57,57,58,0000000057.png,0000000058.png,disturbance,True,1,92.68746948242188,0.2925890050884471,100.98353617842969,-0.2646389603614807,0.099815733730793,8
2011_09_26/2011_09_26_drive_0005_sync,persistent_blur,58,58,58,59,0000000058.png,0000000059.png,disturbance,True,1,76.41036224365234,0.24120662083025846,95.89688917393077,-0.14238493144512177,0.09206777811050415,8
2011_09_26/2011_09_26_drive_0005_sync,persistent_blur,59,59,59,60,0000000059.png,0000000060.png,disturbance,True,1,79.08352661132812,0.24964509299504148,92.41652312347202,-0.1661953181028366,0.08654284477233887,8
2011_09_26/2011_09_26_drive_0005_sync,persistent_blur,60,60,60,61,0000000060.png,0000000061.png,disturbance,True,1,68.56993103027344,0.21645654135290576,87.48027856017991,-0.26278170943260193,0.07898081094026566,8
2011_09_26/2011_09_26_drive_0005_sync,persistent_blur,61,61,61,62,0000000061.png,0000000062.png,disturbance,True,1,69.42296600341797,0.2191493272328478,83.7424148609302,-0.0701294094324112,0.07198049128055573,8
2011_09_26/2011_09_26_drive_0005_sync,persistent_blur,62,62,62,63,0000000062.png,0000000063.png,disturbance,True,1,58.69388961791992,0.18528056860271047,78.55737013562707,-0.182630717754364,0.06388048827648163,8
2011_09_26/2011_09_26_drive_0005_sync,persistent_blur,63,63,63,64,0000000063.png,0000000064.png,disturbance,True,1,56.74471664428711,0.17912755671471392,74.0421508629197,-0.10358975827693939,0.053996115922927856,8
2011_09_26/2011_09_26_drive_0005_sync,persistent_blur,64,64,64,65,0000000064.png,0000000065.png,disturbance,True,1,53.251976013183594,0.16810193437167378,69.73858466902432,-0.19126024842262268,0.045623622834682465,8
2011_09_26/2011_09_26_drive_0005_sync,persistent_blur,65,65,65,66,0000000065.png,0000000066.png,disturbance,True,1,59.4137077331543,0.18755284200562736,67.60133514329922,-0.10651601850986481,0.039904411882162094,8
2011_09_26/2011_09_26_drive_0005_sync,persistent_blur,66,66,66,67,0000000066.png,0000000067.png,disturbance,True,1,66.54413604736328,0.21006164796844268,67.38249493044049,-0.21062321960926056,0.03821128234267235,8
2011_09_26/2011_09_26_drive_0005_sync,persistent_blur,67,67,67,68,0000000067.png,0000000068.png,disturbance,True,1,71.96477508544922,0.22717313033655148,68.33102692252729,-0.12107193470001221,0.03689790517091751,8
2011_09_26/2011_09_26_drive_0005_sync,persistent_blur,68,68,68,69,0000000068.png,0000000069.png,disturbance,True,1,63.548622131347656,0.2006056325542445,67.3410691307531,-0.23796446621418,0.03636983409523964,8
2011_09_26/2011_09_26_drive_0005_sync,persistent_blur,69,69,69,70,0000000069.png,0000000070.png,disturbance,True,1,62.85365295410156,0.1984118031962196,66.41217398218623,-0.1420254111289978,0.035421766340732574,8
2011_09_26/2011_09_26_drive_0005_sync,persistent_blur,70,70,70,71,0000000070.png,0000000071.png,disturbance,True,1,65.0650405883789,0.20539253293468399,66.13331736966812,-0.24098210036754608,0.036518488079309464,8
2011_09_26/2011_09_26_drive_0005_sync,persistent_blur,71,71,71,72,0000000071.png,0000000072.png,disturbance,True,1,61.05343246459961,0.19272898979998107,65.08178119431895,-0.1442091464996338,0.03704728186130524,8
2011_09_26/2011_09_26_drive_0005_sync,persistent_blur,72,72,72,73,0000000072.png,0000000073.png,disturbance,True,1,63.24586868286133,0.1996499238754708,64.70174730444722,-0.09819929301738739,0.03842248022556305,8
2011_09_26/2011_09_26_drive_0005_sync,persistent_blur,73,73,73,74,0000000073.png,0000000074.png,disturbance,True,1,63.223514556884766,0.19957936130332796,64.3957531257018,-0.1951075792312622,0.038803841918706894,8
2011_09_26/2011_09_26_drive_0005_sync,persistent_blur,74,74,74,75,0000000074.png,0000000075.png,disturbance,True,1,67.44608306884766,0.21290884902366627,65.027171423933,-0.23268376290798187,0.03924577310681343,8
2011_09_26/2011_09_26_drive_0005_sync,persistent_blur,75,75,75,76,0000000075.png,0000000076.png,disturbance,True,1,67.17615509033203,0.21205675796753312,65.4720110428776,-0.15386977791786194,0.03848109766840935,8
2011_09_26/2011_09_26_drive_0005_sync,persistent_blur,76,76,76,77,0000000076.png,0000000077.png,disturbance,True,1,69.82211303710938,0.2204093328011832,66.37248215568358,-0.2247300148010254,0.039484068751335144,8
2011_09_26/2011_09_26_drive_0005_sync,persistent_blur,77,77,77,78,0000000077.png,0000000078.png,disturbance,True,1,62.027259826660156,0.19580310239866777,65.47302113357574,-0.2101944088935852,0.03943539410829544,8
2011_09_26/2011_09_26_drive_0005_sync,persistent_blur,78,78,78,79,0000000078.png,0000000079.png,disturbance,True,1,64.40662384033203,0.20331409712350879,65.2522768938743,-0.09933780878782272,0.039432477205991745,8
2011_09_26/2011_09_26_drive_0005_sync,persistent_blur,79,79,79,80,0000000079.png,0000000080.png,disturbance,True,1,71.9289321899414,0.22705998555877305,66.63434454016019,-0.15865826606750488,0.04123884066939354,8
2011_09_26/2011_09_26_drive_0005_sync,persistent_blur,80,80,80,81,0000000080.png,0000000081.png,disturbance,True,1,68.3527603149414,0.2157709833447073,66.9900566055399,-0.18611188232898712,0.041828349232673645,8
2011_09_26/2011_09_26_drive_0005_sync,persistent_blur,81,81,81,82,0000000081.png,0000000082.png,disturbance,True,1,76.618408203125,0.24186337223738524,68.98312538624002,-0.21991181373596191,0.0442248173058033,8
2011_09_26/2011_09_26_drive_0005_sync,persistent_blur,82,82,82,83,0000000082.png,0000000083.png,disturbance,True,1,64.78663635253906,0.20451370861989662,68.11445215626392,-0.20841723680496216,0.04393349587917328,8
2011_09_26/2011_09_26_drive_0005_sync,persistent_blur,83,83,83,84,0000000083.png,0000000084.png,disturbance,True,1,66.57635498046875,0.21016334713151552,67.79606604087432,-0.08578642457723618,0.0435151644051075,8
2011_09_26/2011_09_26_drive_0005_sync,persistent_blur,84,84,84,85,0000000084.png,0000000085.png,disturbance,True,1,69.18632507324219,0.21840230523172702,68.08384966057447,-0.12843897938728333,0.043325986713171005,8
2011_09_26/2011_09_26_drive_0005_sync,persistent_blur,85,85,85,86,0000000085.png,0000000086.png,disturbance,True,1,73.24605560302734,0.23121776742799877,69.15242629066222,-0.14249610900878906,0.045248888432979584,8
2011_09_26/2011_09_26_drive_0005_sync,persistent_blur,86,86,86,87,0000000086.png,0000000087.png,disturbance,True,1,72.93968200683594,0.23025064331300313,69.93638822391019,-0.11229576915502548,0.04656047001481056,8
2011_09_26/2011_09_26_drive_0005_sync,persistent_blur,87,87,87,88,0000000087.png,0000000088.png,disturbance,True,1,75.5890121459961,0.2386138502096859,71.10648137578197,-0.10327666252851486,0.04712573438882828,8
2011_09_26/2011_09_26_drive_0005_sync,persistent_blur,88,88,88,89,0000000088.png,0000000089.png,disturbance,True,1,78.90779113769531,0.24909032783459467,72.72135249649804,-0.21850550174713135,0.04912067949771881,8
2011_09_26/2011_09_26_drive_0005_sync,persistent_blur,89,89,89,90,0000000089.png,0000000090.png,disturbance,True,1,67.3498306274414,0.21260501356453052,71.60944746960332,-0.1262160688638687,0.047636207193136215,8
2011_09_26/2011_09_26_drive_0005_sync,persistent_blur,90,90,90,91,0000000090.png,0000000091.png,disturbance,True,1,68.8046875,0.21719758915966061,71.02886215589544,-0.04506118223071098,0.0480353869497776,8
2011_09_26/2011_09_26_drive_0005_sync,persistent_blur,91,91,91,92,0000000091.png,0000000092.png,disturbance,True,1,72.66697692871094,0.22938977655165904,71.36795191386824,-0.06162675470113754,0.04899204522371292,8
2011_09_26/2011_09_26_drive_0005_sync,persistent_blur,92,92,92,93,0000000092.png,0000000093.png,disturbance,True,1,78.77903747558594,0.2486838999221849,72.90204662514381,-0.03309670090675354,0.050569985061883926,8
2011_09_26/2011_09_26_drive_0005_sync,persistent_blur,93,93,93,94,0000000093.png,0000000094.png,disturbance,True,1,76.21630859375,0.24059405189749897,73.58809885264529,-0.18612557649612427,0.05117231234908104,8
2011_09_26/2011_09_26_drive_0005_sync,persistent_blur,94,94,94,95,0000000094.png,0000000095.png,disturbance,True,1,78.23563385009766,0.24696849338315915,74.55013859711794,-0.12461349368095398,0.05178263783454895,8
2011_09_26/2011_09_26_drive_0005_sync,persistent_blur,95,95,95,96,0000000095.png,0000000096.png,disturbance,True,1,78.11731719970703,0.24659501598653416,75.28854456785388,-0.08267052471637726,0.052172962576150894,8
2011_09_26/2011_09_26_drive_0005_sync,persistent_blur,96,96,96,97,0000000096.png,0000000097.png,disturbance,True,1,86.61167907714844,0.2734093924108653,77.63243341127784,-0.06845209747552872,0.05379420891404152,8
2011_09_26/2011_09_26_drive_0005_sync,persistent_blur,97,97,97,98,0000000097.png,0000000098.png,disturbance,True,1,90.45211029052734,0.28553259849083784,80.28610652528249,-0.18927352130413055,0.05835841968655586,8
2011_09_26/2011_09_26_drive_0005_sync,persistent_blur,98,98,98,99,0000000098.png,0000000099.png,disturbance,True,1,90.64824676513672,0.2861517291276911,82.43106955493232,-0.1428353488445282,0.06262281537055969,8
2011_09_26/2011_09_26_drive_0005_sync,persistent_blur,99,99,99,100,0000000099.png,0000000100.png,disturbance,True,1,89.29737854003906,0.281887405042187,83.8523955148494,-0.08095629513263702,0.06583935022354126,8
2011_09_26/2011_09_26_drive_0005_sync,persistent_blur,100,100,100,101,0000000100.png,0000000101.png,disturbance,True,1,92.47130584716797,0.2919066313363449,85.63650995363935,-0.1341879665851593,0.06856454908847809,8
2011_09_26/2011_09_26_drive_0005_sync,persistent_blur,101,101,101,102,0000000101.png,0000000102.png,disturbance,True,1,84.82820892333984,0.267779476395395,85.46919164036736,-0.09354840964078903,0.07006320357322693,8
2011_09_26/2011_09_26_drive_0005_sync,persistent_blur,102,102,102,103,0000000102.png,0000000103.png,disturbance,True,1,90.03636932373047,0.2842202305139167,86.41459742082353,-0.11948153376579285,0.07234971225261688,8
2011_09_26/2011_09_26_drive_0005_sync,persistent_blur,103,103,103,104,0000000103.png,0000000104.png,disturbance,True,1,85.02653503417969,0.26840552609215357,86.12726850678825,0.002851019613444805,0.07351784408092499,8
2011_09_26/2011_09_26_drive_0005_sync,persistent_blur,104,104,104,105,0000000104.png,0000000105.png,disturbance,True,1,94.4262466430664,0.2980778569308625,87.84515698099783,-0.09998074918985367,0.07498033344745636,8
2011_09_26/2011_09_26_drive_0005_sync,persistent_blur,105,105,105,106,0000000105.png,0000000106.png,disturbance,True,1,92.66036987304688,0.29250345792519644,88.84190604965198,-0.054050929844379425,0.07519311457872391,8
2011_09_26/2011_09_26_drive_0005_sync,persistent_blur,106,106,106,107,0000000106.png,0000000107.png,disturbance,True,1,90.28700256347656,0.285011372276589,89.14104102801367,-0.09346479177474976,0.07549135386943817,8
2011_09_26/2011_09_26_drive_0005_sync,persistent_blur,107,107,107,108,0000000107.png,0000000108.png,disturbance,True,1,90.40204620361328,0.28537453174510874,89.4020690993628,0.09046570956707001,0.07552053779363632,8
2011_09_26/2011_09_26_drive_0005_sync,persistent_blur,108,108,108,109,0000000108.png,0000000109.png,disturbance,True,1,99.8614730834961,0.3152353851604703,91.56716572407841,-0.15979012846946716,0.0775628313422203,8
2011_09_26/2011_09_26_drive_0005_sync,persistent_blur,109,109,109,110,0000000109.png,0000000110.png,disturbance,True,1,81.71472930908203,0.2579510634312944,89.52771138617416,-0.07015229761600494,0.07677137106657028,8
2011_09_26/2011_09_26_drive_0005_sync,persistent_blur,110,110,110,111,0000000110.png,0000000111.png,disturbance,True,1,86.41758728027344,0.2727966974320007,88.88391569625271,-0.11478911340236664,0.0760609358549118,8
2011_09_26/2011_09_26_drive_0005_sync,persistent_blur,111,111,111,112,0000000111.png,0000000112.png,disturbance,True,1,79.39954376220703,0.2506426508436203,86.92065070590526,-0.03143908083438873,0.07474715262651443,8
2011_09_26/2011_09_26_drive_0005_sync,persistent_blur,112,112,112,113,0000000112.png,0000000113.png,disturbance,True,1,74.25358581542969,0.23439826849828455,84.29856827357682,0.013420617207884789,0.07051073759794235,8
2011_09_26/2011_09_26_drive_0005_sync,persistent_blur,113,113,113,114,0000000113.png,0000000114.png,disturbance,True,1,72.1719741821289,0.22782720077501947,81.7883632966471,0.01877899095416069,0.06623739749193192,8
2011_09_26/2011_09_26_drive_0005_sync,persistent_blur,114,114,114,115,0000000114.png,0000000115.png,disturbance,True,1,69.545654296875,0.21953662716399297,79.25412253369427,0.008656252175569534,0.062318406999111176,8
2011_09_26/2011_09_26_drive_0005_sync,persistent_blur,115,115,115,116,0000000115.png,0000000116.png,disturbance,True,1,72.28289031982422,0.2281773174075421,77.81107746542317,0.011145854368805885,0.058216940611600876,8
2011_09_26/2011_09_26_drive_0005_sync,persistent_blur,116,116,116,117,0000000116.png,0000000117.png,disturbance,True,1,75.02652740478516,0.23683823160491482,77.2346756028711,-0.03176727145910263,0.05335497111082077,8
2011_09_26/2011_09_26_drive_0005_sync,persistent_blur,117,117,117,118,0000000117.png,0000000118.png,disturbance,True,1,81.76273345947266,0.25810260056667583,78.17198357918764,0.02377418801188469,0.05297926068305969,8
2011_09_26/2011_09_26_drive_0005_sync,persistent_blur,118,118,118,119,0000000118.png,0000000119.png,disturbance,True,1,76.11109924316406,0.2402619291801374,77.74538052163076,-0.03856243938207626,0.05093546211719513,8
2011_09_26/2011_09_26_drive_0005_sync,persistent_blur,119,119,119,120,0000000119.png,0000000120.png,disturbance,True,1,77.14947509765625,0.24353981859818324,77.62202809886804,-0.01286479365080595,0.05062931403517723,8
2011_09_26/2011_09_26_drive_0005_sync,persistent_blur,120,120,120,121,0000000120.png,0000000121.png,recovery,False,0,220.6498565673828,0.6965312777230881,107.2287885918506,-0.1533985733985901,0.10044737905263901,8
2011_09_26/2011_09_26_drive_0005_sync,persistent_blur,121,121,121,122,0000000121.png,0000000122.png,recovery,False,0,116.29457092285156,0.3671101833674754,109.1054055343678,-0.2630852460861206,0.1112598404288292,8
2011_09_26/2011_09_26_drive_0005_sync,persistent_blur,122,122,122,123,0000000122.png,0000000123.png,recovery,False,0,118.20535278320312,0.3731419906389951,110.98909461487672,-0.12255416810512543,0.12350811064243317,8
2011_09_26/2011_09_26_drive_0005_sync,persistent_blur,123,123,123,124,0000000123.png,0000000124.png,recovery,False,0,101.50853729248047,0.320434698195659,109.02661924914071,-0.06549006700515747,0.1292438507080078,8
2011_09_26/2011_09_26_drive_0005_sync,persistent_blur,124,124,124,125,0000000124.png,0000000125.png,recovery,False,0,103.70720672607422,0.32737530485665545,107.92550085686595,-0.0354502908885479,0.13507969677448273,8
2011_09_26/2011_09_26_drive_0005_sync,persistent_blur,125,125,125,126,0000000125.png,0000000126.png,recovery,False,0,98.94628143310547,0.3123463729893293,106.06680243614753,-0.15786650776863098,0.13892829418182373,8
2011_09_26/2011_09_26_drive_0005_sync,persistent_blur,126,126,126,127,0000000126.png,0000000127.png,recovery,False,0,99.20870208740234,0.31317477093393825,104.64717566395728,-0.09030984342098236,0.14336496591567993,8
2011_09_26/2011_09_26_drive_0005_sync,persistent_blur,127,127,127,128,0000000127.png,0000000128.png,recovery,False,0,107.28714752197266,0.33867618993630505,105.19364983856647,-0.08186440914869308,0.14906670153141022,8
2011_09_26/2011_09_26_drive_0005_sync,persistent_blur,128,128,128,129,0000000128.png,0000000129.png,recovery,False,0,109.15367889404297,0.3445683297166297,106.0133758530501,-0.308735728263855,0.10601610690355301,8
2011_09_26/2011_09_26_drive_0005_sync,persistent_blur,129,129,129,130,0000000129.png,0000000130.png,recovery,False,0,99.26412963867188,0.3133497367827955,104.61628188667382,-0.16548404097557068,0.10185077786445618,8
2011_09_26/2011_09_26_drive_0005_sync,persistent_blur,130,130,130,131,0000000130.png,0000000131.png,recovery,False,0,97.24627685546875,0.30697990890937876,103.09069084521437,-0.1367088258266449,0.0966930165886879,8
2011_09_26/2011_09_26_drive_0005_sync,persistent_blur,131,131,131,132,0000000131.png,0000000132.png,recovery,False,0,89.33171844482422,0.28199581758461556,100.2425835583336,-0.11368606984615326,0.09387388080358505,8
2011_09_26/2011_09_26_drive_0005_sync,persistent_blur,132,132,132,133,0000000132.png,0000000133.png,recovery,False,0,92.29946899414062,0.29136417944301907,98.59835884354567,-0.08776640892028809,0.09084963798522949,8
2011_09_26/2011_09_26_drive_0005_sync,persistent_blur,133,133,133,134,0000000133.png,0000000134.png,recovery,False,0,93.98274230957031,0.29667782509817536,97.64292622101277,-0.13254883885383606,0.08969542384147644,8
2011_09_26/2011_09_26_drive_0005_sync,persistent_blur,134,134,134,135,0000000134.png,0000000135.png,recovery,False,0,118.11433410644531,0.37285465261178974,101.88050765329731,-0.06960327923297882,0.09442457556724548,8
2011_09_26/2011_09_26_drive_0005_sync,persistent_blur,135,135,135,136,0000000135.png,0000000136.png,recovery,False,0,121.06942749023438,0.38218308300419734,105.8526140595433,-0.2471413016319275,0.09806206822395325,8
2011_09_26/2011_09_26_drive_0005_sync,persistent_blur,136,136,136,137,0000000136.png,0000000137.png,recovery,False,0,122.37855529785156,0.38631564622556613,109.27348389587311,-0.21591117978096008,0.10362038016319275,8
2011_09_26/2011_09_26_drive_0005_sync,persistent_blur,137,137,137,138,0000000137.png,0000000138.png,recovery,False,0,95.51871490478516,0.30152645933394134,106.4262467147179,-0.16379472613334656,0.10310832411050797,8
2011_09_26/2011_09_26_drive_0005_sync,persistent_blur,138,138,138,139,0000000138.png,0000000139.png,recovery,False,0,94.43479919433594,0.2981048507599047,103.94401707799884,-0.12201434373855591,0.10272294282913208,8
2011_09_26/2011_09_26_drive_0005_sync,persistent_blur,139,139,139,140,0000000139.png,0000000140.png,recovery,False,0,113.50395202636719,0.3583009467718491,105.9229236123111,-0.07147376239299774,0.10789686441421509,8
2011_09_26/2011_09_26_drive_0005_sync,persistent_blur,140,140,140,141,0000000140.png,0000000141.png,recovery,False,0,114.98938751220703,0.36299004727504336,107.79968163958956,-0.11310607194900513,0.11381035298109055,8
2011_09_26/2011_09_26_drive_0005_sync,persistent_blur,141,141,141,142,0000000141.png,0000000142.png,recovery,False,0,112.67047882080078,0.3556699078837334,108.8079366561003,-0.13054639101028442,0.11795506626367569,8
2011_09_26/2011_09_26_drive_0005_sync,persistent_blur,142,142,142,143,0000000142.png,0000000143.png,recovery,False,0,118.34425354003906,0.3735804511638466,110.78195425107563,-0.12042587995529175,0.11738564819097519,8
2011_09_26/2011_09_26_drive_0005_sync,persistent_blur,143,143,143,144,0000000143.png,0000000144.png,recovery,False,0,122.02544403076172,0.3852009706668666,113.10935663547065,-0.23753342032432556,0.11797972768545151,8
2011_09_26/2011_09_26_drive_0005_sync,persistent_blur,144,144,144,145,0000000144.png,0000000145.png,recovery,False,0,111.28499603271484,0.3512963028930137,112.7317139907002,-0.14857348799705505,0.11502808332443237,8
2011_09_26/2011_09_26_drive_0005_sync,persistent_blur,145,145,145,146,0000000145.png,0000000146.png,recovery,False,0,110.88260650634766,0.35002607946644243,112.34894874143923,-0.24252836406230927,0.11928772181272507,8
2011_09_26/2011_09_26_drive_0005_sync,persistent_blur,146,146,146,147,0000000146.png,0000000147.png,recovery,False,0,106.07431030273438,0.33484761181133943,111.05009858462734,-0.19812265038490295,0.12176554650068283,8
2011_09_26/2011_09_26_drive_0005_sync,persistent_blur,147,147,147,148,0000000147.png,0000000148.png,recovery,False,0,110.4878921508789,0.34878006931963323,110.93372185284142,-0.12649717926979065,0.11985952407121658,8
2011_09_26/2011_09_26_drive_0005_sync,persistent_blur,148,148,148,149,0000000148.png,0000000149.png,recovery,False,0,103.37397003173828,0.32632335411860186,109.36885322587307,-0.23183545470237732,0.11660002171993256,8
2011_09_26/2011_09_26_drive_0005_sync,persistent_blur,149,149,149,150,0000000149.png,0000000150.png,recovery,False,0,105.37934875488281,0.3326537971710755,108.54302580037809,-0.20505473017692566,0.11463834345340729,8
2011_09_26/2011_09_26_drive_0005_sync,iid_noise,0,0,0,1,0000000000.png,0000000001.png,baseline,False,0,87.1494140625,0.27510689261859056,87.1494140625,,0.0,1
2011_09_26/2011_09_26_drive_0005_sync,iid_noise,1,1,1,2,0000000001.png,0000000002.png,baseline,False,0,102.43739318847656,0.32336686141570514,90.31402574157714,-0.10990451276302338,0.04995105788111687,2
2011_09_26/2011_09_26_drive_0005_sync,iid_noise,2,2,2,3,0000000002.png,0000000003.png,baseline,False,0,91.60875701904297,0.28918379738842465,90.58203511601258,-0.12330249696969986,0.06430249661207199,3
2011_09_26/2011_09_26_drive_0005_sync,iid_noise,3,3,3,4,0000000003.png,0000000004.png,baseline,False,0,94.25305938720703,0.2975311431892587,91.34193714014984,-0.11180392652750015,0.0719248428940773,4
2011_09_26/2011_09_26_drive_0005_sync,iid_noise,4,4,4,5,0000000004.png,0000000005.png,baseline,False,0,83.43180084228516,0.2633713882046556,89.70453892649185,-0.16605570912361145,0.07283341884613037,5
2011_09_26/2011_09_26_drive_0005_sync,iid_noise,5,5,5,6,0000000005.png,0000000006.png,baseline,False,0,78.34158325195312,0.2473029447478169,87.35240710186234,-0.15512755513191223,0.07162822037935257,6
2011_09_26/2011_09_26_drive_0005_sync,iid_noise,6,6,6,7,0000000006.png,0000000007.png,baseline,False,0,75.0931396484375,0.23704852497013648,84.8147387390034,-0.21802911162376404,0.07059121131896973,7
2011_09_26/2011_09_26_drive_0005_sync,iid_noise,7,7,7,8,0000000007.png,0000000008.png,baseline,False,0,85.4034194946289,0.2695952629700445,84.93659565541788,-0.17778697609901428,0.07071372121572495,8
2011_09_26/2011_09_26_drive_0005_sync,iid_noise,8,8,8,9,0000000008.png,0000000009.png,baseline,False,0,89.62490844726562,0.2829213417694128,85.90707640333036,-0.2805962562561035,0.07119147479534149,8
2011_09_26/2011_09_26_drive_0005_sync,iid_noise,9,9,9,10,0000000009.png,0000000010.png,baseline,False,0,84.6616439819336,0.26725366509335785,85.64927189210124,-0.24913887679576874,0.06799120455980301,8
2011_09_26/2011_09_26_drive_0005_sync,iid_noise,10,10,10,11,0000000010.png,0000000011.png,baseline,False,0,89.69368743896484,0.2831384387626847,86.486465910302,-0.17265774309635162,0.06773161888122559,8
2011_09_26/2011_09_26_drive_0005_sync,iid_noise,11,11,11,12,0000000011.png,0000000012.png,baseline,False,0,82.7519302368164,0.2612252065538555,85.71341702589048,-0.3526065945625305,0.06560254096984863,8
2011_09_26/2011_09_26_drive_0005_sync,iid_noise,12,12,12,13,0000000012.png,0000000013.png,baseline,False,0,86.64775085449219,0.2735232763628515,85.90682412841105,-0.21742621064186096,0.0658465176820755,8
2011_09_26/2011_09_26_drive_0005_sync,iid_noise,13,13,13,14,0000000013.png,0000000014.png,baseline,False,0,86.06426239013672,0.2716813642064782,85.93941384858826,-0.05619611218571663,0.06694311648607254,8
2011_09_26/2011_09_26_drive_0005_sync,iid_noise,14,14,14,15,0000000014.png,0000000015.png,baseline,False,0,94.0818862915039,0.2969907986519273,87.6249056442718,-0.20341229438781738,0.07137516140937805,8
2011_09_26/2011_09_26_drive_0005_sync,iid_noise,15,15,15,16,0000000015.png,0000000016.png,baseline,False,0,93.34261322021484,0.2946571273361805,88.80847111249201,-0.3413434326648712,0.07236067205667496,8
2011_09_26/2011_09_26_drive_0005_sync,iid_noise,16,16,16,17,0000000016.png,0000000017.png,baseline,False,0,99.4874038696289,0.31405453268544725,91.01901019321936,-0.18340063095092773,0.07479794323444366,8
2011_09_26/2011_09_26_drive_0005_sync,iid_noise,17,17,17,18,0000000017.png,0000000018.png,baseline,False,0,87.79776763916016,0.27715355436240224,90.3522129845291,-0.20963487029075623,0.07547993212938309,8
2011_09_26/2011_09_26_drive_0005_sync,iid_noise,18,18,18,19,0000000018.png,0000000019.png,baseline,False,0,100.60221099853516,0.31757367777320544,92.47396257342835,-0.04446105659008026,0.07712386548519135,8
2011_09_26/2011_09_26_drive_0005_sync,iid_noise,19,19,19,20,0000000019.png,0000000020.png,baseline,False,0,107.45861053466797,0.3392174748941895,95.57578470140496,-0.2452332079410553,0.08284182101488113,8
2011_09_26/2011_09_26_drive_0005_sync,iid_noise,20,20,20,21,0000000020.png,0000000021.png,baseline,False,0,94.14574432373047,0.29719239133626274,95.27976634322634,-0.26870131492614746,0.08487991243600845,8
2011_09_26/2011_09_26_drive_0005_sync,iid_noise,21,21,21,22,0000000021.png,0000000022.png,baseline,False,0,105.10291290283203,0.33178116973433325,97.31315768106472,-0.1922535002231598,0.08841206133365631,8
2011_09_26/2011_09_26_drive_0005_sync,iid_noise,22,22,22,23,0000000022.png,0000000023.png,baseline,False,0,98.71177673339844,0.3116060942527969,97.6026718248978,-0.24535398185253143,0.09019150584936142,8
2011_09_26/2011_09_26_drive_0005_sync,iid_noise,23,23,23,24,0000000023.png,0000000024.png,baseline,False,0,107.12362670898438,0.33816001605009693,99.57350948590373,-0.11913805454969406,0.09290514141321182,8
2011_09_26/2011_09_26_drive_0005_sync,iid_noise,24,24,24,25,0000000024.png,0000000025.png,baseline,False,0,119.70573425292969,0.37787828909136245,103.7408800126781,-0.13673418760299683,0.09752076864242554,8
2011_09_26/2011_09_26_drive_0005_sync,iid_noise,25,25,25,26,0000000025.png,0000000026.png,baseline,False,0,135.75112915039062,0.4285291838261264,110.3670015841846,-0.24802780151367188,0.11085357517004013,8
2011_09_26/2011_09_26_drive_0005_sync,iid_noise,26,26,26,27,0000000026.png,0000000027.png,baseline,False,0,151.55438232421875,0.4784157629326238,118.89278939737167,-0.07553721964359283,0.1243886947631836,8
2011_09_26/2011_09_26_drive_0005_sync,iid_noise,27,27,27,28,0000000027.png,0000000028.png,baseline,False,0,146.79124450683594,0.4633798227411659,124.66776960503078,-0.27588552236557007,0.13711579144001007,8
2011_09_26/2011_09_26_drive_0005_sync,iid_noise,28,28,28,29,0000000028.png,0000000029.png,baseline,False,0,135.9651641845703,0.4292048778312748,127.00633028299546,-0.3593989908695221,0.14911557734012604,8
2011_09_26/2011_09_26_drive_0005_sync,iid_noise,29,29,29,30,0000000029.png,0000000030.png,baseline,False,0,140.7182159423828,0.4442089528155011,129.84469061448866,-0.14358878135681152,0.15963949263095856,8
2011_09_26/2011_09_26_drive_0005_sync,iid_noise,30,30,30,31,0000000030.png,0000000031.png,baseline,False,0,139.58140563964844,0.4406203641715248,131.86019062469674,-0.31513142585754395,0.17211103439331055,8
2011_09_26/2011_09_26_drive_0005_sync,iid_noise,31,31,31,32,0000000031.png,0000000032.png,baseline,False,0,135.15286254882812,0.4266406319574042,132.54177371299193,-0.28492963314056396,0.1803206205368042,8
2011_09_26/2011_09_26_drive_0005_sync,iid_noise,32,32,32,33,0000000032.png,0000000033.png,baseline,False,0,138.55581665039062,0.4373828186051509,133.78668060103345,-0.29550468921661377,0.18512886762619019,8
2011_09_26/2011_09_26_drive_0005_sync,iid_noise,33,33,33,34,0000000033.png,0000000034.png,baseline,False,0,140.52902221679688,0.4436117285900852,135.1823453154965,-0.3303106725215912,0.18742480874061584,8
2011_09_26/2011_09_26_drive_0005_sync,iid_noise,34,34,34,35,0000000034.png,0000000035.png,baseline,False,0,150.50936889648438,0.47511694497514145,138.35503919676097,-0.2639404535293579,0.18512052297592163,8
2011_09_26/2011_09_26_drive_0005_sync,iid_noise,35,35,35,36,0000000035.png,0000000036.png,baseline,False,0,155.6368408203125,0.49130295181750333,141.93237213283615,-0.18980295956134796,0.18807850778102875,8
2011_09_26/2011_09_26_drive_0005_sync,iid_noise,36,36,36,37,0000000036.png,0000000037.png,baseline,False,0,140.74310302734375,0.4442875259352183,141.68619342799923,-0.14645162224769592,0.18978983163833618,8
2011_09_26/2011_09_26_drive_0005_sync,iid_noise,37,37,37,38,0000000037.png,0000000038.png,baseline,False,0,148.3831024169922,0.46840491308120363,143.07245358872078,-0.2734968066215515,0.19307801127433777,8
2011_09_26/2011_09_26_drive_0005_sync,iid_noise,38,38,38,39,0000000038.png,0000000039.png,baseline,False,0,147.53871154785156,0.46573938910416196,143.99696898626087,-0.26675349473953247,0.19636519253253937,8
2011_09_26/2011_09_26_drive_0005_sync,iid_noise,39,39,39,40,0000000039.png,0000000040.png,baseline,False,0,136.27911376953125,0.4301959064465341,142.39937295639783,-0.13510030508041382,0.19722500443458557,8
2011_09_26/2011_09_26_drive_0005_sync,iid_noise,40,40,40,41,0000000040.png,0000000041.png,disturbance,True,0,197.47451782226562,0.6233730837400673,153.79992794363247,-0.25236377120018005,0.22448208928108215,8
2011_09_26/2011_09_26_drive_0005_sync,iid_noise,41,41,41,42,0000000041.png,0000000042.png,disturbance,True,0,144.45896911621094,0.4560174865580094,151.8663494663562,-0.199481800198555,0.2251935601234436,8
2011_09_26/2011_09_26_drive_0005_sync,iid_noise,42,42,42,43,0000000042.png,0000000043.png,disturbance,True,0,132.97152709960938,0.41975475800585416,147.95512123643962,-0.2676781415939331,0.21802929043769836,8
2011_09_26/2011_09_26_drive_0005_sync,iid_noise,43,43,43,44,0000000043.png,0000000044.png,disturbance,True,0,132.0963897705078,0.41699220536743414,144.67236382299174,-0.24678847193717957,0.20940564572811127,8
2011_09_26/2011_09_26_drive_0005_sync,iid_noise,44,44,44,45,0000000044.png,0000000045.png,disturbance,True,0,139.83909606933594,0.4414337791027887,143.67187739798499,-0.1736321747303009,0.2088795304298401,8
2011_09_26/2011_09_26_drive_0005_sync,iid_noise,45,45,45,46,0000000045.png,0000000046.png,disturbance,True,0,144.06088256835938,0.45476083786723237,143.7524014682525,-0.1700199842453003,0.2070983350276947,8
2011_09_26/2011_09_26_drive_0005_sync,iid_noise,46,46,46,47,0000000046.png,0000000047.png,disturbance,True,0,150.49156188964844,0.4750607075295435,145.14740767548145,-0.26980653405189514,0.20806193351745605,8
2011_09_26/2011_09_26_drive_0005_sync,iid_noise,47,47,47,48,0000000047.png,0000000048.png,disturbance,True,0,135.02322387695312,0.42623142627062605,143.05170162918608,-0.3417336940765381,0.2087252289056778,8
2011_09_26/2011_09_26_drive_0005_sync,iid_noise,48,48,48,49,0000000048.png,0000000049.png,disturbance,True,0,129.05377197265625,0.4073874981166578,140.1541301902844,-0.2307845652103424,0.18346832692623138,8
2011_09_26/2011_09_26_drive_0005_sync,iid_noise,49,49,49,50,0000000049.png,0000000050.png,disturbance,True,0,131.90538024902344,0.4163892080459039,138.44663895244338,-0.27828145027160645,0.17838656902313232,8
2011_09_26/2011_09_26_drive_0005_sync,iid_noise,50,50,50,51,0000000050.png,0000000051.png,disturbance,True,0,136.17555236816406,0.4298690065752003,137.97652402949757,-0.2782713770866394,0.1786445677280426,8
2011_09_26/2011_09_26_drive_0005_sync,iid_noise,51,51,51,52,0000000051.png,0000000052.png,disturbance,True,0,142.1123046875,0.44860974370015133,138.83263062570407,-0.2848215699195862,0.1829962432384491,8
2011_09_26/2011_09_26_drive_0005_sync,iid_noise,52,52,52,53,0000000052.png,0000000053.png,disturbance,True,0,137.57968139648438,0.43430143460636933,138.5732701352556,-0.2705800533294678,0.1822587549686432,8
2011_09_26/2011_09_26_drive_0005_sync,iid_noise,53,53,53,54,0000000053.png,0000000054.png,disturbance,True,0,157.75347900390625,0.49798463918749464,142.5435733710663,-0.24976415932178497,0.18564745783805847,8
2011_09_26/2011_09_26_drive_0005_sync,iid_noise,54,54,54,55,0000000054.png,0000000055.png,disturbance,True,0,160.32618713378906,0.5061059299380125,146.2245744199499,-0.37700769305229187,0.1896386742591858,8
2011_09_26/2011_09_26_drive_0005_sync,iid_noise,55,55,55,56,0000000055.png,0000000056.png,disturbance,True,0,153.99380493164062,0.48611637086142023,147.83280513586988,-0.2159627079963684,0.19699621200561523,8
2011_09_26/2011_09_26_drive_0005_sync,iid_noise,56,56,56,57,0000000056.png,0000000057.png,disturbance,True,0,149.50424194335938,0.47194403591790696,148.1787925550202,-0.3026213049888611,0.2043628990650177,8
2011_09_26/2011_09_26_drive_0005_sync,iid_noise,57,57,57,58,0000000057.png,0000000058.png,disturbance,True,0,127.59611511230469,0.4027860673055043,143.9181783243781,-0.21630233526229858,0.20398642122745514,8
2011_09_26/2011_09_26_drive_0005_sync,iid_noise,58,58,58,59,0000000058.png,0000000059.png,disturbance,True,0,125.2462158203125,0.3953680851271655,140.0530820860365,-0.16539421677589417,0.19933579862117767,8
2011_09_26/2011_09_26_drive_0005_sync,iid_noise,59,59,59,60,0000000059.png,0000000060.png,disturbance,True,0,136.71096801757812,0.4315591277778683,139.36126447386565,-0.29792556166648865,0.19866257905960083,8
2011_09_26/2011_09_26_drive_0005_sync,iid_noise,60,60,60,61,0000000060.png,0000000061.png,disturbance,True,0,130.46717834472656,0.41184920645541606,137.52018864513386,-0.42365574836730957,0.19703668355941772,8
2011_09_26/2011_09_26_drive_0005_sync,iid_noise,61,61,61,62,0000000061.png,0000000062.png,disturbance,True,0,118.2702865600586,0.3733469769561976,133.53545891352329,-0.23572111129760742,0.1826426386833191,8
2011_09_26/2011_09_26_drive_0005_sync,iid_noise,62,62,62,63,0000000062.png,0000000063.png,disturbance,True,0,102.12283325195312,0.322373874863506,127.03304540157826,-0.33618640899658203,0.1640365719795227,8
2011_09_26/2011_09_26_drive_0005_sync,iid_noise,63,63,63,64,0000000063.png,0000000064.png,disturbance,True,0,101.521728515625,0.32047636213705755,121.75220280618593,-0.25536274909973145,0.14758887887001038,8
2011_09_26/2011_09_26_drive_0005_sync,iid_noise,64,64,64,65,0000000064.png,0000000065.png,disturbance,True,0,108.80105590820312,0.3434551990623945,119.0713153983035,-0.3699726462364197,0.1356203258037567,8
2011_09_26/2011_09_26_drive_0005_sync,iid_noise,65,65,65,66,0000000065.png,0000000066.png,disturbance,True,0,104.89315032958984,0.3311190134755104,116.13643522907978,-0.40778273344039917,0.12990297377109528,8
2011_09_26/2011_09_26_drive_0005_sync,iid_noise,66,66,66,67,0000000066.png,0000000067.png,disturbance,True,0,107.55474090576172,0.33952092589943766,114.36002450415295,-0.3732621669769287,0.12480457872152328,8
2011_09_26/2011_09_26_drive_0005_sync,iid_noise,67,67,67,68,0000000067.png,0000000068.png,disturbance,True,0,114.62822723388672,0.3618499905009978,114.41554246920784,-0.3280147314071655,0.11839263141155243,8
2011_09_26/2011_09_26_drive_0005_sync,iid_noise,68,68,68,69,0000000068.png,0000000069.png,disturbance,True,0,106.39591979980469,0.3358628389650625,112.75548057664139,-0.32436704635620117,0.1120704710483551,8
2011_09_26/2011_09_26_drive_0005_sync,iid_noise,69,69,69,70,0000000069.png,0000000070.png,disturbance,True,0,101.32354736328125,0.3198507516352707,110.38907040147585,-0.5148579478263855,0.10825002938508987,8
2011_09_26/2011_09_26_drive_0005_sync,iid_noise,70,70,70,71,0000000070.png,0000000071.png,disturbance,True,0,96.94839477539062,0.3060395856002744,107.60685054687622,-0.44822368025779724,0.10644242912530899,8
2011_09_26/2011_09_26_drive_0005_sync,iid_noise,71,71,71,72,0000000071.png,0000000072.png,disturbance,True,0,87.83479309082031,0.2772704417094348,103.51403465347263,-0.36834368109703064,0.10308116674423218,8
2011_09_26/2011_09_26_drive_0005_sync,iid_noise,72,72,72,73,0000000072.png,0000000073.png,disturbance,True,0,90.69064331054688,0.2862855809390795,100.859592645487,-0.3463006615638733,0.0986521989107132,8
2011_09_26/2011_09_26_drive_0005_sync,iid_noise,73,73,73,74,0000000073.png,0000000074.png,disturbance,True,0,90.02587127685547,0.2841870546205318,98.61701232218027,-0.30294492840766907,0.09517339617013931,8
2011_09_26/2011_09_26_drive_0005_sync,iid_noise,74,74,74,75,0000000074.png,0000000075.png,disturbance,True,0,94.00062561035156,0.296734274588136,97.66142027283173,-0.3199588656425476,0.09193561971187592,8
2011_09_26/2011_09_26_drive_0005_sync,iid_noise,75,75,75,76,0000000075.png,0000000076.png,disturbance,True,0,102.14615631103516,0.32244750005865297,98.58976063273985,-0.4080413579940796,0.0887325257062912,8
2011_09_26/2011_09_26_drive_0005_sync,iid_noise,76,76,76,77,0000000076.png,0000000077.png,disturbance,True,0,93.09473419189453,0.29387462437701833,97.45229015948487,-0.26075953245162964,0.08510170876979828,8
2011_09_26/2011_09_26_drive_0005_sync,iid_noise,77,77,77,78,0000000077.png,0000000078.png,disturbance,True,0,94.08971405029297,0.2970155207699863,96.75623690488216,-0.3293077349662781,0.0839986801147461,8
2011_09_26/2011_09_26_drive_0005_sync,iid_noise,78,78,78,79,0000000078.png,0000000079.png,disturbance,True,0,103.38165283203125,0.32634764635082736,98.12769800180203,-0.3020259141921997,0.08488386124372482,8
2011_09_26/2011_09_26_drive_0005_sync,iid_noise,79,79,79,80,0000000079.png,0000000080.png,disturbance,True,0,98.41785430908203,0.3106782623272908,98.187760357409,-0.37658753991127014,0.08750319480895996,8
2011_09_26/2011_09_26_drive_0005_sync,iid_noise,80,80,80,81,0000000080.png,0000000081.png,disturbance,True,0,95.34039306640625,0.3009635570966552,97.59835532817144,-0.2592156231403351,0.08849646896123886,8
2011_09_26/2011_09_26_drive_0005_sync,iid_noise,81,81,81,82,0000000081.png,0000000082.png,disturbance,True,0,98.4481430053711,0.31077388647302073,97.77426137735176,-0.3260515332221985,0.09019152820110321,8
2011_09_26/2011_09_26_drive_0005_sync,iid_noise,82,82,82,83,0000000082.png,0000000083.png,disturbance,True,0,100.20549011230469,0.31632134982159943,98.27752572548702,-0.2850070595741272,0.09111595898866653,8
2011_09_26/2011_09_26_drive_0005_sync,iid_noise,83,83,83,84,0000000083.png,0000000084.png,disturbance,True,0,99.90863800048828,0.31538425035627776,98.61516596641228,-0.27336305379867554,0.0906536877155304,8
2011_09_26/2011_09_26_drive_0005_sync,iid_noise,84,84,84,85,0000000084.png,0000000085.png,disturbance,True,0,109.25669860839844,0.34489353664021,100.81796322330341,-0.3623650074005127,0.09483499079942703,8
2011_09_26/2011_09_26_drive_0005_sync,iid_noise,85,85,85,86,0000000085.png,0000000086.png,disturbance,True,0,109.37959289550781,0.34528146233173646,102.59022056544973,-0.30340296030044556,0.09881439805030823,8
2011_09_26/2011_09_26_drive_0005_sync,iid_noise,86,86,86,87,0000000086.png,0000000087.png,disturbance,True,0,117.8047103881836,0.3718772447342001,105.73961995875564,-0.2741110622882843,0.10195402055978775,8
2011_09_26/2011_09_26_drive_0005_sync,iid_noise,87,87,87,88,0000000087.png,0000000088.png,disturbance,True,0,112.6076431274414,0.35547153765245576,107.1613007546736,-0.3542819619178772,0.10620363801717758,8
2011_09_26/2011_09_26_drive_0005_sync,iid_noise,88,88,88,89,0000000088.png,0000000089.png,disturbance,True,0,104.4731674194336,0.32979323151619416,106.60485715427893,-0.30401521921157837,0.10873128473758698,8
2011_09_26/2011_09_26_drive_0005_sync,iid_noise,89,89,89,90,0000000089.png,0000000090.png,disturbance,True,0,107.22127532958984,0.33846826735786045,106.7324557165683,-0.29992765188217163,0.11095870286226273,8
2011_09_26/2011_09_26_drive_0005_sync,iid_noise,90,90,90,91,0000000090.png,0000000091.png,disturbance,True,0,104.67356872558594,0.33042585802502955,106.30626610943496,-0.31462937593460083,0.11199560016393661,8
2011_09_26/2011_09_26_drive_0005_sync,iid_noise,91,91,91,92,0000000091.png,0000000092.png,disturbance,True,0,109.58577728271484,0.3459323511024772,106.9851249223039,-0.2502846121788025,0.11403091996908188,8
2011_09_26/2011_09_26_drive_0005_sync,iid_noise,92,92,92,93,0000000092.png,0000000093.png,disturbance,True,0,112.51227569580078,0.35517049160894715,108.12924513241775,-0.16792330145835876,0.11446008831262589,8
2011_09_26/2011_09_26_drive_0005_sync,iid_noise,93,93,93,94,0000000093.png,0000000094.png,disturbance,True,0,132.83047485351562,0.41930951558039103,113.24239968468501,-0.3412249982357025,0.12149843573570251,8
2011_09_26/2011_09_26_drive_0005_sync,iid_noise,94,94,94,95,0000000094.png,0000000095.png,disturbance,True,0,118.56182098388672,0.3742672795184413,114.34351989361977,-0.3341302275657654,0.12161943316459656,8
2011_09_26/2011_09_26_drive_0005_sync,iid_noise,95,95,95,96,0000000095.png,0000000096.png,disturbance,True,0,117.32737731933594,0.37037046115706357,114.96117838074302,-0.2682046592235565,0.12319675832986832,8
2011_09_26/2011_09_26_drive_0005_sync,iid_noise,96,96,96,97,0000000096.png,0000000097.png,disturbance,True,0,125.05339050292969,0.3947593671558254,117.05026629003567,-0.27815282344818115,0.12849296629428864,8
2011_09_26/2011_09_26_drive_0005_sync,iid_noise,97,97,97,98,0000000097.png,0000000098.png,disturbance,True,0,129.0526123046875,0.40738384036374237,119.5347519150686,-0.41661280393600464,0.1352113038301468,8
2011_09_26/2011_09_26_drive_0005_sync,iid_noise,98,98,98,99,0000000098.png,0000000099.png,disturbance,True,0,133.77040100097656,0.4222765883187938,122.48153127585155,-0.17949749529361725,0.1431080400943756,8
2011_09_26/2011_09_26_drive_0005_sync,iid_noise,99,99,99,100,0000000099.png,0000000100.png,disturbance,True,0,133.43675231933594,0.42122336676986954,124.74926203185282,-0.2985461950302124,0.150520920753479,8
2011_09_26/2011_09_26_drive_0005_sync,iid_noise,100,100,100,101,0000000100.png,0000000101.png,disturbance,True,0,134.85850524902344,0.4257114598184097,126.84187537780714,-0.2117370218038559,0.15620195865631104,8
2011_09_26/2011_09_26_drive_0005_sync,iid_noise,101,101,101,102,0000000101.png,0000000102.png,disturbance,True,0,124.19922637939453,0.39206301168599633,126.29484703513573,-0.30546438694000244,0.15419112145900726,8
2011_09_26/2011_09_26_drive_0005_sync,iid_noise,102,102,102,103,0000000102.png,0000000103.png,disturbance,True,0,112.50938415527344,0.35516138726751123,123.44125621900425,-0.24355939030647278,0.15231113135814667,8
2011_09_26/2011_09_26_drive_0005_sync,iid_noise,103,103,103,104,0000000103.png,0000000104.png,disturbance,True,0,118.98273468017578,0.3755959504013297,122.51834226046675,-0.1327826827764511,0.15244795382022858,8
2011_09_26/2011_09_26_drive_0005_sync,iid_noise,104,104,104,105,0000000104.png,0000000105.png,disturbance,True,0,128.70571899414062,0.4062887503409399,123.79912924433724,-0.18753957748413086,0.15295825898647308,8
2011_09_26/2011_09_26_drive_0005_sync,iid_noise,105,105,105,106,0000000105.png,0000000106.png,disturbance,True,0,132.66744995117188,0.4187948850517474,125.63487163065201,-0.24399784207344055,0.1542157530784607,8
2011_09_26/2011_09_26_drive_0005_sync,iid_noise,106,106,106,107,0000000106.png,0000000107.png,disturbance,True,0,132.48306274414062,0.4182128193638658,127.05244719114417,-0.24895641207695007,0.1533227264881134,8
2011_09_26/2011_09_26_drive_0005_sync,iid_noise,107,107,107,108,0000000107.png,0000000108.png,disturbance,True,0,120.71927642822266,0.3810777673814655,125.74148084321942,-0.1982121467590332,0.15011516213417053,8
2011_09_26/2011_09_26_drive_0005_sync,iid_noise,108,108,108,109,0000000108.png,0000000109.png,disturbance,True,0,125.69300079345703,0.39677844863050504,125.73144547291861,-0.13508205115795135,0.14711858332157135,8
2011_09_26/2011_09_26_drive_0005_sync,iid_noise,109,109,109,110,0000000109.png,0000000110.png,disturbance,True,0,124.89231872558594,0.3942509023381504,125.55774623622074,-0.1781250387430191,0.14756065607070923,8
2011_09_26/2011_09_26_drive_0005_sync,iid_noise,110,110,110,111,0000000110.png,0000000111.png,disturbance,True,0,123.15848541259766,0.38877765615405996,125.06109924573076,-0.28235533833503723,0.15095007419586182,8
2011_09_26/2011_09_26_drive_0005_sync,iid_noise,111,111,111,112,0000000111.png,0000000112.png,disturbance,True,0,118.48596954345703,0.3740278398140174,123.7000473973601,-0.2332237958908081,0.1507466435432434,8
2011_09_26/2011_09_26_drive_0005_sync,iid_noise,112,112,112,113,0000000112.png,0000000113.png,disturbance,True,0,124.18486022949219,0.39201766664486587,123.80040365361144,-0.28717565536499023,0.14886830747127533,8
2011_09_26/2011_09_26_drive_0005_sync,iid_noise,113,113,113,114,0000000113.png,0000000114.png,disturbance,True,0,125.53209686279297,0.3962705251570425,124.15886414791203,-0.2887107729911804,0.14657242596149445,8
2011_09_26/2011_09_26_drive_0005_sync,iid_noise,114,114,114,115,0000000114.png,0000000115.png,disturbance,True,0,112.08348083496094,0.3538169209160792,121.65925980213115,-0.24654117226600647,0.13989576697349548,8
2011_09_26/2011_09_26_drive_0005_sync,iid_noise,115,115,115,116,0000000115.png,0000000116.png,disturbance,True,0,137.15304565429688,0.4329546953038107,124.86647347352945,-0.11813122034072876,0.14384549856185913,8
2011_09_26/2011_09_26_drive_0005_sync,iid_noise,116,116,116,117,0000000116.png,0000000117.png,disturbance,True,0,143.53504943847656,0.4531009273053987,128.73086869827353,-0.3455353379249573,0.15110832452774048,8
2011_09_26/2011_09_26_drive_0005_sync,iid_noise,117,117,117,118,0000000117.png,0000000118.png,disturbance,True,0,137.8092803955078,0.43502624254432326,130.61009991960103,-0.28283149003982544,0.15498773753643036,8
2011_09_26/2011_09_26_drive_0005_sync,iid_noise,118,118,118,119,0000000118.png,0000000119.png,disturbance,True,0,130.5011749267578,0.41195655990606755,130.5875524460825,-0.21542157232761383,0.15682248771190643,8
2011_09_26/2011_09_26_drive_0005_sync,iid_noise,119,119,119,120,0000000119.png,0000000120.png,disturbance,True,0,133.17230224609375,0.4203885523687034,131.12259565468483,-0.22309339046478271,0.16187168657779694,8
2011_09_26/2011_09_26_drive_0005_sync,iid_noise,120,120,120,121,0000000120.png,0000000121.png,recovery,False,0,214.81491088867188,0.6781119578289535,148.44690490812016,-0.21951434016227722,0.1987295299768448,8
2011_09_26/2011_09_26_drive_0005_sync,iid_noise,121,121,121,122,0000000121.png,0000000122.png,recovery,False,0,116.32174682617188,0.3671959409352269,141.79699718515687,-0.1868571937084198,0.1966635286808014,8
2011_09_26/2011_09_26_drive_0005_sync,iid_noise,122,122,122,123,0000000122.png,0000000123.png,recovery,False,0,118.18877410888672,0.3730896530789119,136.91009500836896,-0.12249000370502472,0.19886255264282227,8
2011_09_26/2011_09_26_drive_0005_sync,iid_noise,123,123,123,124,0000000123.png,0000000124.png,recovery,False,0,101.494384765625,0.3203900289913681,129.57904298812096,-0.06558877229690552,0.18657074868679047,8
2011_09_26/2011_09_26_drive_0005_sync,iid_noise,124,124,124,125,0000000124.png,0000000125.png,recovery,False,0,103.70940399169922,0.3273822461346251,124.22402771586167,-0.035357989370822906,0.17492321133613586,8
2011_09_26/2011_09_26_drive_0005_sync,iid_noise,125,125,125,126,0000000125.png,0000000126.png,recovery,False,0,98.9403305053711,0.3123275877266513,118.99030239329011,-0.15791809558868408,0.16345125436782837,8
2011_09_26/2011_09_26_drive_0005_sync,iid_noise,126,126,126,127,0000000126.png,0000000127.png,recovery,False,0,99.19874572753906,0.3131433183295253,114.89345016347966,-0.09048004448413849,0.1534627228975296,8
2011_09_26/2011_09_26_drive_0005_sync,iid_noise,127,127,127,128,0000000127.png,0000000128.png,recovery,False,0,107.29745483398438,0.3387087470797574,113.32107913027414,-0.08177819103002548,0.14481350779533386,8
2011_09_26/2011_09_26_drive_0005_sync,iid_noise,128,128,128,129,0000000128.png,0000000129.png,recovery,False,0,109.1485366821289,0.3445520905054147,112.4573628435081,-0.30869704484939575,0.10601140558719635,8
2011_09_26/2011_09_26_drive_0005_sync,iid_noise,129,129,129,130,0000000129.png,0000000130.png,recovery,False,0,99.2655258178711,0.31335413553465047,109.72665257920124,-0.16546759009361267,0.10184108465909958,8
2011_09_26/2011_09_26_drive_0005_sync,iid_noise,130,130,130,131,0000000130.png,0000000131.png,recovery,False,0,97.24512481689453,0.3069762683007131,107.14297633240375,-0.13670770823955536,0.09668748080730438,8
2011_09_26/2011_09_26_drive_0005_sync,iid_noise,131,131,131,132,0000000131.png,0000000132.png,recovery,False,0,89.32901763916016,0.28198728350787405,103.45548688290233,-0.11371970921754837,0.09387242048978806,8
2011_09_26/2011_09_26_drive_0005_sync,iid_noise,132,132,132,133,0000000132.png,0000000133.png,recovery,False,0,92.29887390136719,0.29136231272718965,101.14606799572456,-0.08780394494533539,0.0908486545085907,8
2011_09_26/2011_09_26_drive_0005_sync,iid_noise,133,133,133,134,0000000133.png,0000000134.png,recovery,False,0,93.98250579833984,0.29667709680949234,99.66321062086593,-0.1325644701719284,0.08969563990831375,8
2011_09_26/2011_09_26_drive_0005_sync,iid_noise,134,134,134,135,0000000134.png,0000000135.png,recovery,False,0,118.11408996582031,0.3728538932747425,103.4825426452715,-0.06960257142782211,0.09442588686943054,8
2011_09_26/2011_09_26_drive_0005_sync,iid_noise,135,135,135,136,0000000135.png,0000000136.png,recovery,False,0,121.06876373291016,0.38218099705551223,107.1228904104127,-0.24715128540992737,0.09806182235479355,8
2011_09_26/2011_09_26_drive_0005_sync,iid_noise,136,136,136,137,0000000136.png,0000000137.png,recovery,False,0,122.37899017333984,0.38631701554697473,110.28090306133862,-0.21590828895568848,0.10362040251493454,8
2011_09_26/2011_09_26_drive_0005_sync,iid_noise,137,137,137,138,0000000137.png,0000000138.png,recovery,False,0,95.51847076416016,0.30152570569198006,107.22507957582269,-0.1637914478778839,0.10310803353786469,8
2011_09_26/2011_09_26_drive_0005_sync,iid_noise,138,138,138,139,0000000138.png,0000000139.png,recovery,False,0,94.43534088134766,0.29810655028956723,104.57760366606637,-0.12200850248336792,0.10272262245416641,8
2011_09_26/2011_09_26_drive_0005_sync,iid_noise,139,139,139,140,0000000139.png,0000000140.png,recovery,False,0,113.50398254394531,0.35830105074282076,106.42536409378731,-0.07146693021059036,0.10789691656827927,8
2011_09_26/2011_09_26_drive_0005_sync,iid_noise,140,140,140,141,0000000140.png,0000000141.png,recovery,False,0,114.98939514160156,0.36299008832619745,108.19811852068487,-0.11310558766126633,0.1138104721903801,8
2011_09_26/2011_09_26_drive_0005_sync,iid_noise,141,141,141,142,0000000141.png,0000000142.png,recovery,False,0,112.67078399658203,0.3556708714913809,109.12396027419558,-0.1305425763130188,0.11795508861541748,8
2011_09_26/2011_09_26_drive_0005_sync,iid_noise,142,142,142,143,0000000142.png,0000000143.png,recovery,False,0,118.3442611694336,0.37358047110755715,111.03256255950986,-0.12042202055454254,0.11738578230142593,8
2011_09_26/2011_09_26_drive_0005_sync,iid_noise,143,143,143,144,0000000143.png,0000000144.png,recovery,False,0,122.02544403076172,0.3852009706668666,113.30808902405899,-0.23753371834754944,0.11797992140054703,8
2011_09_26/2011_09_26_drive_0005_sync,iid_noise,144,144,144,145,0000000144.png,0000000145.png,recovery,False,0,111.28478240966797,0.3512956348144999,112.88926455488004,-0.14857390522956848,0.11502832174301147,8
2011_09_26/2011_09_26_drive_0005_sync,iid_noise,145,145,145,146,0000000145.png,0000000146.png,recovery,False,0,110.88259887695312,0.35002604753776034,112.47388475954918,-0.24252936244010925,0.11928791552782059,8
2011_09_26/2011_09_26_drive_0005_sync,iid_noise,146,146,146,147,0000000146.png,0000000147.png,recovery,False,0,106.07440948486328,0.3348479121951241,111.1491933776892,-0.19812273979187012,0.1217656210064888,8
2011_09_26/2011_09_26_drive_0005_sync,iid_noise,147,147,147,148,0000000147.png,0000000148.png,recovery,False,0,110.48783111572266,0.34877990910587037,111.01229138946213,-0.12649618089199066,0.11985959857702255,8
2011_09_26/2011_09_26_drive_0005_sync,iid_noise,148,148,148,149,0000000148.png,0000000149.png,recovery,False,0,103.37399291992188,0.32632343403022496,109.4311636062673,-0.23183616995811462,0.11660005152225494,8
2011_09_26/2011_09_26_drive_0005_sync,iid_noise,149,149,149,150,0000000149.png,0000000150.png,recovery,False,0,105.37932586669922,0.3326537299788648,108.59243319417672,-0.20505407452583313,0.11463833600282669,8
2011_09_26/2011_09_26_drive_0011_sync,clean,0,0,0,1,0000000000.png,0000000001.png,baseline,False,0,80.24223327636719,0.2533028107584692,80.24223327636719,,0.0,1
2011_09_26/2011_09_26_drive_0011_sync,clean,1,1,1,2,0000000001.png,0000000002.png,baseline,False,0,81.02511596679688,0.25577412706639474,80.40428999328614,-0.2201094925403595,0.03952593728899956,2
2011_09_26/2011_09_26_drive_0011_sync,clean,2,2,2,3,0000000002.png,0000000003.png,baseline,False,0,95.56517791748047,0.3016731489105917,83.54259379359436,-0.15361282229423523,0.05639394372701645,3
2011_09_26/2011_09_26_drive_0011_sync,clean,3,3,3,4,0000000003.png,0000000004.png,baseline,False,0,106.83779907226562,0.33725772965949413,88.36470128627931,-0.23639890551567078,0.07240951061248779,4
2011_09_26/2011_09_26_drive_0011_sync,clean,4,4,4,5,0000000004.png,0000000005.png,baseline,False,0,105.30590057373047,0.3324219368599499,91.87152953878172,-0.2688685655593872,0.08137873560190201,5
2011_09_26/2011_09_26_drive_0011_sync,clean,5,5,5,6,0000000005.png,0000000006.png,baseline,False,0,91.05913543701172,0.2874487862375392,91.70336395971532,-0.24023249745368958,0.08247770369052887,6
2011_09_26/2011_09_26_drive_0011_sync,clean,6,6,6,7,0000000006.png,0000000007.png,baseline,False,0,86.8792953491211,0.27425417874994307,90.70478175732231,-0.20918235182762146,0.08126501739025116,7
2011_09_26/2011_09_26_drive_0011_sync,clean,7,7,7,8,0000000007.png,0000000008.png,baseline,False,0,92.05716705322266,0.2905993204154163,90.9847255135737,-0.23436397314071655,0.08160096406936646,8
2011_09_26/2011_09_26_drive_0011_sync,clean,8,8,8,9,0000000008.png,0000000009.png,baseline,False,0,86.93146514892578,0.2744188681619491,90.14570061809158,-0.3134687542915344,0.08313646912574768,8
2011_09_26/2011_09_26_drive_0011_sync,clean,9,9,9,10,0000000009.png,0000000010.png,baseline,False,0,81.57568359375,0.2575121343633129,88.37170709405288,-0.22515219449996948,0.08346528559923172,8
2011_09_26/2011_09_26_drive_0011_sync,clean,10,10,10,11,0000000010.png,0000000011.png,baseline,False,0,65.7372817993164,0.20751463940408413,83.68638105804243,-0.1566319465637207,0.07723520696163177,8
2011_09_26/2011_09_26_drive_0011_sync,clean,11,11,11,12,0000000011.png,0000000012.png,baseline,False,0,68.00650024414062,0.2146779374182091,80.44064572956475,-0.2372511327266693,0.06906986981630325,8
2011_09_26/2011_09_26_drive_0011_sync,clean,12,12,12,13,0000000012.png,0000000013.png,baseline,False,0,68.63778686523438,0.21667073850443003,77.99745394464837,-0.08173087984323502,0.061469655483961105,8
2011_09_26/2011_09_26_drive_0011_sync,clean,13,13,13,14,0000000013.png,0000000014.png,baseline,False,0,75.75875854492188,0.23914967642861326,77.53404399690498,-0.3482774496078491,0.05850148946046829,8
2011_09_26/2011_09_26_drive_0011_sync,clean,14,14,14,15,0000000014.png,0000000015.png,baseline,False,0,80.57559967041016,0.254355136508193,78.16364602132056,-0.1987348198890686,0.057038452476263046,8
2011_09_26/2011_09_26_drive_0011_sync,clean,15,15,15,16,0000000015.png,0000000016.png,baseline,False,0,81.96331787109375,0.2587357952070418,78.95017809422362,-0.3451506495475769,0.05494151636958122,8
2011_09_26/2011_09_26_drive_0011_sync,clean,16,16,16,17,0000000016.png,0000000017.png,baseline,False,0,74.82263946533203,0.23619462017603507,78.09577759804306,-0.2171584665775299,0.05256524309515953,8
2011_09_26/2011_09_26_drive_0011_sync,clean,17,17,17,18,0000000017.png,0000000018.png,baseline,False,0,71.254638671875,0.22493141970269395,76.67966184032628,-0.36116209626197815,0.05097401142120361,8
2011_09_26/2011_09_26_drive_0011_sync,clean,18,18,18,19,0000000018.png,0000000019.png,baseline,False,0,82.60359191894531,0.2607569601038913,77.90591536660042,-0.19599473476409912,0.05383962392807007,8
2011_09_26/2011_09_26_drive_0011_sync,clean,19,19,19,20,0000000019.png,0000000020.png,baseline,False,0,82.6634750366211,0.26094598699233384,78.8907302182947,-0.30949240922927856,0.0566631518304348,8
2011_09_26/2011_09_26_drive_0011_sync,clean,20,20,20,21,0000000020.png,0000000021.png,baseline,False,0,70.39282989501953,0.22221093233970418,77.13166485137675,-0.17048372328281403,0.056540440768003464,8
2011_09_26/2011_09_26_drive_0011_sync,clean,21,21,21,22,0000000021.png,0000000022.png,baseline,False,0,68.55253601074219,0.21640160758757576,75.3557851813654,-0.3074539303779602,0.055599793791770935,8
2011_09_26/2011_09_26_drive_0011_sync,clean,22,22,22,23,0000000022.png,0000000023.png,baseline,False,0,76.18284606933594,0.24048840652496017,75.52698678517531,-0.2526434659957886,0.054096173495054245,8
2011_09_26/2011_09_26_drive_0011_sync,clean,23,23,23,24,0000000023.png,0000000024.png,baseline,False,0,79.2751235961914,0.25024988679568905,76.30285110505565,-0.2682949900627136,0.05365904048085213,8
2011_09_26/2011_09_26_drive_0011_sync,clean,24,24,24,25,0000000024.png,0000000025.png,baseline,False,0,67.6902847290039,0.21367974101203263,74.52004986521294,-0.27043312788009644,0.052348874509334564,8
2011_09_26/2011_09_26_drive_0011_sync,clean,25,25,25,26,0000000025.png,0000000026.png,baseline,False,0,74.43502807617188,0.2349710435350769,74.50245035488145,-0.17882074415683746,0.05266460031270981,8
2011_09_26/2011_09_26_drive_0011_sync,clean,26,26,26,27,0000000026.png,0000000027.png,baseline,False,0,77.21869659423828,0.24375830660628992,75.06471332642832,-0.1695985198020935,0.05104308947920799,8
2011_09_26/2011_09_26_drive_0011_sync,clean,27,27,27,28,0000000027.png,0000000028.png,baseline,False,0,78.98807525634766,0.24934375581551285,75.87684924592162,-0.2665657699108124,0.050895776599645615,8
2011_09_26/2011_09_26_drive_0011_sync,clean,28,28,28,29,0000000028.png,0000000029.png,baseline,False,0,92.11257934570312,0.29077423888726667,79.2376453765764,-0.13140912353992462,0.05446314066648483,8
2011_09_26/2011_09_26_drive_0011_sync,clean,29,29,29,30,0000000029.png,0000000030.png,baseline,False,0,88.8577880859375,0.2804997557181724,81.22901491741415,-0.2574393153190613,0.058330073952674866,8
2011_09_26/2011_09_26_drive_0011_sync,clean,30,30,30,31,0000000030.png,0000000031.png,baseline,False,0,95.36974334716797,0.30105620363417224,84.15614570237318,-0.13261283934116364,0.06238724663853645,8
2011_09_26/2011_09_26_drive_0011_sync,clean,31,31,31,32,0000000031.png,0000000032.png,baseline,False,0,89.44853973388672,0.28236458383272794,85.25167126689648,-0.12309078127145767,0.06470603495836258,8
2011_09_26/2011_09_26_drive_0011_sync,clean,32,32,32,33,0000000032.png,0000000033.png,baseline,False,0,81.53773498535156,0.257392353107406,84.48288645661668,-0.13227063417434692,0.0673827975988388,8
2011_09_26/2011_09_26_drive_0011_sync,clean,33,33,33,34,0000000033.png,0000000034.png,baseline,False,0,95.97221374511719,0.3029580551235023,86.86117720533628,-0.07222214341163635,0.07142886519432068,8
2011_09_26/2011_09_26_drive_0011_sync,clean,34,34,34,35,0000000034.png,0000000035.png,baseline,False,0,94.84107208251953,0.29938734001259554,88.51301544491321,-0.33008381724357605,0.0753365233540535,8
2011_09_26/2011_09_26_drive_0011_sync,clean,35,35,35,36,0000000035.png,0000000036.png,baseline,False,0,107.15726470947266,0.33826619702825195,92.37237504267702,-0.219096839427948,0.08130770176649094,8
2011_09_26/2011_09_26_drive_0011_sync,clean,36,36,36,37,0000000036.png,0000000037.png,baseline,False,0,107.33102416992188,0.33881471211116415,95.46881541201671,-0.30201512575149536,0.08441703021526337,8
2011_09_26/2011_09_26_drive_0011_sync,clean,37,37,37,38,0000000037.png,0000000038.png,baseline,False,0,108.26544189453125,0.3417643940342335,98.11771709389721,-0.2872268557548523,0.08969203382730484,8
2011_09_26/2011_09_26_drive_0011_sync,clean,38,38,38,39,0000000038.png,0000000039.png,baseline,False,0,85.58527374267578,0.270169318320479,95.52350132019438,-0.10088930279016495,0.08771257102489471,8
2011_09_26/2011_09_26_drive_0011_sync,clean,39,39,39,40,0000000039.png,0000000040.png,baseline,False,0,84.51174926757812,0.26678049978378854,93.24406864530282,-0.21490144729614258,0.08683004975318909,8
2011_09_26/2011_09_26_drive_0011_sync,clean,40,40,40,41,0000000040.png,0000000041.png,disturbance,True,0,86.44828796386719,0.2728935962977198,91.83734204424564,-0.137764111161232,0.0877821072936058,8
2011_09_26/2011_09_26_drive_0011_sync,clean,41,41,41,42,0000000041.png,0000000042.png,disturbance,True,0,78.32427978515625,0.24724835550949337,89.04013815661415,-0.26356321573257446,0.08269233256578445,8
2011_09_26/2011_09_26_drive_0011_sync,clean,42,42,42,43,0000000042.png,0000000043.png,disturbance,True,0,84.33045959472656,0.26620820478574647,88.06523469430343,-0.12785392999649048,0.08050374686717987,8
2011_09_26/2011_09_26_drive_0011_sync,clean,43,43,43,44,0000000043.png,0000000044.png,disturbance,True,0,81.73287963867188,0.25800837676270294,86.7544371977877,-0.24274666607379913,0.07409844547510147,8
2011_09_26/2011_09_26_drive_0011_sync,clean,44,44,44,45,0000000044.png,0000000045.png,disturbance,True,0,82.20465087890625,0.25949762616881733,85.81263142977924,-0.10919196903705597,0.06789126992225647,8
2011_09_26/2011_09_26_drive_0011_sync,clean,45,45,45,46,0000000045.png,0000000046.png,disturbance,True,0,82.15568542480469,0.2593430545391682,85.05564360674951,-0.1874551773071289,0.06322947144508362,8
2011_09_26/2011_09_26_drive_0011_sync,clean,46,46,46,47,0000000046.png,0000000047.png,disturbance,True,0,76.44225311279297,0.24130729727433442,83.27267177450051,-0.22549277544021606,0.06095924600958824,8
2011_09_26/2011_09_26_drive_0011_sync,clean,47,47,47,48,0000000047.png,0000000048.png,disturbance,True,0,74.26337432861328,0.23442916244288875,81.40774720320186,-0.1175801157951355,0.05942944064736366,8
2011_09_26/2011_09_26_drive_0011_sync,clean,48,48,48,49,0000000048.png,0000000049.png,disturbance,True,0,83.2820816040039,0.2628987598719319,81.79573442416789,-0.1236475482583046,0.058737143874168396,8
2011_09_26/2011_09_26_drive_0011_sync,clean,49,49,49,50,0000000049.png,0000000050.png,disturbance,True,0,95.6165771484375,0.3018354050710709,84.6566488680917,-0.16163477301597595,0.06204403564333916,8
2011_09_26/2011_09_26_drive_0011_sync,clean,50,50,50,51,0000000050.png,0000000051.png,disturbance,True,0,97.77867889404297,0.30866056032908784,87.37290908346361,-0.3027808368206024,0.06515343487262726,8
2011_09_26/2011_09_26_drive_0011_sync,clean,51,51,51,52,0000000051.png,0000000052.png,disturbance,True,0,85.41044616699219,0.26961744008454924,86.96667925975403,-0.18148070573806763,0.06596027314662933,8
2011_09_26/2011_09_26_drive_0011_sync,clean,52,52,52,53,0000000052.png,0000000053.png,disturbance,True,0,85.43651580810547,0.26969973508767375,86.64993542526278,-0.1889444887638092,0.06705740094184875,8
2011_09_26/2011_09_26_drive_0011_sync,clean,53,53,53,54,0000000053.png,0000000054.png,disturbance,True,0,119.50145721435547,0.37723345042862244,93.45020043560497,-0.24973461031913757,0.07538426667451859,8
2011_09_26/2011_09_26_drive_0011_sync,clean,54,54,54,55,0000000054.png,0000000055.png,disturbance,True,0,99.77312469482422,0.31495647542225264,94.75904575726335,-0.25070521235466003,0.08103246241807938,8
2011_09_26/2011_09_26_drive_0011_sync,clean,55,55,55,56,0000000055.png,0000000056.png,disturbance,True,0,100.1141128540039,0.31603289581748417,95.86754464628865,-0.24384814500808716,0.08668595552444458,8
2011_09_26/2011_09_26_drive_0011_sync,clean,56,56,56,57,0000000056.png,0000000057.png,disturbance,True,0,85.95073699951172,0.2713229845451395,93.81476546340582,-0.17745190858840942,0.08741296827793121,8
2011_09_26/2011_09_26_drive_0011_sync,clean,57,57,57,58,0000000057.png,0000000058.png,disturbance,True,0,75.91973876953125,0.23965786555490945,90.11049493777378,-0.18884238600730896,0.08314158022403717,8
2011_09_26/2011_09_26_drive_0011_sync,clean,58,58,58,59,0000000058.png,0000000059.png,disturbance,True,0,83.08548736572266,0.2622781724516317,88.6563183703592,-0.10177716612815857,0.07933350652456284,8
2011_09_26/2011_09_26_drive_0011_sync,clean,59,59,59,60,0000000059.png,0000000060.png,disturbance,True,0,79.4417495727539,0.25077587668583473,86.74890262925491,-0.1999020129442215,0.07813787460327148,8
2011_09_26/2011_09_26_drive_0011_sync,clean,60,60,60,61,0000000060.png,0000000061.png,disturbance,True,0,80.78099822998047,0.25500352419961053,85.5135464186051,-0.1280575394630432,0.07652844488620758,8
2011_09_26/2011_09_26_drive_0011_sync,clean,61,61,61,62,0000000061.png,0000000062.png,disturbance,True,0,92.10842895507812,0.29076113230024153,86.87868710365501,-0.13753341138362885,0.06929120421409607,8
2011_09_26/2011_09_26_drive_0011_sync,clean,62,62,62,63,0000000062.png,0000000063.png,disturbance,True,0,69.33158111572266,0.21886086209177938,83.24643616415301,-0.1499231457710266,0.06295060366392136,8
2011_09_26/2011_09_26_drive_0011_sync,clean,63,63,63,64,0000000063.png,0000000064.png,disturbance,True,0,76.32564544677734,0.240939207343102,81.81383248565626,-0.07693122327327728,0.057828400284051895,8
2011_09_26/2011_09_26_drive_0011_sync,clean,64,64,64,65,0000000064.png,0000000065.png,disturbance,True,0,94.21427917480469,0.2974087284229773,84.38072495031,-0.04655583202838898,0.05944713577628136,8
2011_09_26/2011_09_26_drive_0011_sync,clean,65,65,65,66,0000000065.png,0000000066.png,disturbance,True,0,91.11319732666016,0.28761946849651604,85.77434673221448,-0.10189534723758698,0.06248397007584572,8
2011_09_26/2011_09_26_drive_0011_sync,clean,66,66,66,67,0000000066.png,0000000067.png,disturbance,True,0,82.80978393554688,0.2614078668064388,85.1606822333043,-0.10892672836780548,0.06232127547264099,8
2011_09_26/2011_09_26_drive_0011_sync,clean,67,67,67,68,0000000067.png,0000000068.png,disturbance,True,0,95.24836730957031,0.30067306901551655,87.24883304409137,-0.1714276373386383,0.06567304581403732,8
2011_09_26/2011_09_26_drive_0011_sync,clean,68,68,68,69,0000000068.png,0000000069.png,disturbance,True,0,77.03147888183594,0.24316731799294236,85.1338407325045,-0.0943918526172638,0.06526460498571396,8
2011_09_26/2011_09_26_drive_0011_sync,clean,69,69,69,70,0000000069.png,0000000070.png,disturbance,True,0,87.7550048828125,0.27701855789087365,85.67642171161825,-0.1150750070810318,0.06388545036315918,8
2011_09_26/2011_09_26_drive_0011_sync,clean,70,70,70,71,0000000070.png,0000000071.png,disturbance,True,0,84.07658386230469,0.2654067994523815,85.34525527681033,-0.14902889728546143,0.06640564650297165,8
2011_09_26/2011_09_26_drive_0011_sync,clean,71,71,71,72,0000000071.png,0000000072.png,disturbance,True,0,81.89115142822266,0.25850798979776224,84.63025578015268,-0.13377368450164795,0.06758230179548264,8
2011_09_26/2011_09_26_drive_0011_sync,clean,72,72,72,73,0000000072.png,0000000073.png,disturbance,True,0,94.7562484741211,0.2991195703580387,86.72633626780416,-0.15960314869880676,0.06799697875976562,8
2011_09_26/2011_09_26_drive_0011_sync,clean,73,73,73,74,0000000073.png,0000000074.png,disturbance,True,0,84.91521453857422,0.2680541211146405,86.35143406985355,-0.12932531535625458,0.06684726476669312,8
2011_09_26/2011_09_26_drive_0011_sync,clean,74,74,74,75,0000000074.png,0000000075.png,disturbance,True,0,93.762451171875,0.2959824370452826,87.885514609972,-0.07114075124263763,0.06855013966560364,8
2011_09_26/2011_09_26_drive_0011_sync,clean,75,75,75,76,0000000075.png,0000000076.png,disturbance,True,0,88.85567474365234,0.2804930753439631,88.08633775764385,-0.18480080366134644,0.06715856492519379,8
2011_09_26/2011_09_26_drive_0011_sync,clean,76,76,76,77,0000000076.png,0000000077.png,disturbance,True,0,89.32367706298828,0.2819704259657535,88.34246699385015,-0.0699029415845871,0.06920917332172394,8
2011_09_26/2011_09_26_drive_0011_sync,clean,77,77,77,78,0000000077.png,0000000078.png,disturbance,True,0,89.01399230957031,0.2809928539723327,88.48147273420423,-0.08160653710365295,0.06987867504358292,8
2011_09_26/2011_09_26_drive_0011_sync,clean,78,78,78,79,0000000078.png,0000000079.png,disturbance,True,0,91.6060791015625,0.28917535949955775,89.1282662522474,-0.21054013073444366,0.07157687097787857,8
2011_09_26/2011_09_26_drive_0011_sync,clean,79,79,79,80,0000000079.png,0000000080.png,disturbance,True,0,88.2628402709961,0.2786216710509155,88.94912307412838,-0.11023615300655365,0.07221295684576035,8
2011_09_26/2011_09_26_drive_0011_sync,clean,80,80,80,81,0000000080.png,0000000081.png,disturbance,True,0,98.13218688964844,0.3097764902025303,90.85001728394104,-0.14680325984954834,0.07263953238725662,8
2011_09_26/2011_09_26_drive_0011_sync,clean,81,81,81,82,0000000081.png,0000000082.png,disturbance,True,0,98.53813171386719,0.31105794778198137,92.44145697093575,0.058791618794202805,0.07562066614627838,8
2011_09_26/2011_09_26_drive_0011_sync,clean,82,82,82,83,0000000082.png,0000000083.png,disturbance,True,0,85.91845703125,0.27122108810793605,91.0911959834208,-0.1307242214679718,0.07412590086460114,8
2011_09_26/2011_09_26_drive_0011_sync,clean,83,83,83,84,0000000083.png,0000000084.png,disturbance,True,0,91.85108947753906,0.2899487929721804,91.24849393670328,-0.151702880859375,0.07445605099201202,8
2011_09_26/2011_09_26_drive_0011_sync,clean,84,84,84,85,0000000084.png,0000000085.png,disturbance,True,0,94.75935363769531,0.29912937164061215,91.97524189480865,-0.20607274770736694,0.07603769749403,8
2011_09_26/2011_09_26_drive_0011_sync,clean,85,85,85,86,0000000085.png,0000000086.png,disturbance,True,0,88.41120147705078,0.27909000444872784,91.23748552833277,-0.1985650658607483,0.07562599331140518,8
2011_09_26/2011_09_26_drive_0011_sync,clean,86,86,86,87,0000000086.png,0000000087.png,disturbance,True,0,82.94013977050781,0.26181933619429554,89.519934956463,-0.13320830464363098,0.07427545636892319,8
2011_09_26/2011_09_26_drive_0011_sync,clean,87,87,87,88,0000000087.png,0000000088.png,disturbance,True,0,85.78910064697266,0.27081274755199397,88.7476522543985,-0.08183436095714569,0.07311712950468063,8
2011_09_26/2011_09_26_drive_0011_sync,clean,88,88,88,89,0000000088.png,0000000089.png,disturbance,True,0,86.21392822265625,0.27215381116011944,88.22317137982786,-0.06921085715293884,0.07071537524461746,8
2011_09_26/2011_09_26_drive_0011_sync,clean,89,89,89,90,0000000089.png,0000000090.png,disturbance,True,0,95.45777130126953,0.3013340836030522,89.72073356356628,-0.13742901384830475,0.06936805695295334,8
2011_09_26/2011_09_26_drive_0011_sync,clean,90,90,90,91,0000000090.png,0000000091.png,disturbance,True,0,100.95366668701172,0.3186831320017968,92.04595072011949,-0.18824562430381775,0.072941854596138,8
2011_09_26/2011_09_26_drive_0011_sync,clean,91,91,91,92,0000000091.png,0000000092.png,disturbance,True,0,88.8310775756836,0.28041543586672457,91.38047197922126,-0.1096440851688385,0.07194334268569946,8
2011_09_26/2011_09_26_drive_0011_sync,clean,92,92,92,93,0000000092.png,0000000093.png,disturbance,True,0,93.95237731933594,0.2965819518661016,91.91285638462499,-0.13183514773845673,0.07168881595134735,8
2011_09_26/2011_09_26_drive_0011_sync,clean,93,93,93,94,0000000093.png,0000000094.png,disturbance,True,0,94.41614532470703,0.2980459610711281,92.43103719522198,-0.17391392588615417,0.07330017536878586,8
2011_09_26/2011_09_26_drive_0011_sync,clean,94,94,94,95,0000000094.png,0000000095.png,disturbance,True,0,92.88998413085938,0.29322828876551404,92.52603921089892,-0.1110336184501648,0.07532421499490738,8
2011_09_26/2011_09_26_drive_0011_sync,clean,95,95,95,96,0000000095.png,0000000096.png,disturbance,True,0,102.49894714355469,0.32356116238988664,94.59043115295867,-0.04836492985486984,0.07952103018760681,8
2011_09_26/2011_09_26_drive_0011_sync,clean,96,96,96,97,0000000096.png,0000000097.png,disturbance,True,0,105.14095306396484,0.33190125557299077,96.77438918853694,-0.14620308578014374,0.08281542360782623,8
2011_09_26/2011_09_26_drive_0011_sync,clean,97,97,97,98,0000000097.png,0000000098.png,disturbance,True,0,110.42459106445312,0.34858024692415357,99.5999809768516,-0.04758410155773163,0.08580799400806427,8
2011_09_26/2011_09_26_drive_0011_sync,clean,98,98,98,99,0000000098.png,0000000099.png,disturbance,True,0,101.42455291748047,0.3201695797902046,99.97766736856178,0.026761997491121292,0.08532267063856125,8
2011_09_26/2011_09_26_drive_0011_sync,clean,99,99,99,100,0000000099.png,0000000100.png,disturbance,True,0,99.74288177490234,0.3148610212070898,99.92906675067428,-0.09467096626758575,0.08898989856243134,8
2011_09_26/2011_09_26_drive_0011_sync,clean,100,100,100,101,0000000100.png,0000000101.png,disturbance,True,0,115.43875885009766,0.3644086101204643,103.13957301525491,0.09853576868772507,0.0953836441040039,8
2011_09_26/2011_09_26_drive_0011_sync,clean,101,101,101,102,0000000101.png,0000000102.png,disturbance,True,0,109.36653900146484,0.345240288515672,104.42855497440036,-0.15573838353157043,0.09929265826940536,8
2011_09_26/2011_09_26_drive_0011_sync,clean,102,102,102,103,0000000102.png,0000000103.png,disturbance,True,0,95.59980773925781,0.30178246505427914,102.60100429672585,-0.08732248842716217,0.09951528906822205,8
2011_09_26/2011_09_26_drive_0011_sync,clean,103,103,103,104,0000000103.png,0000000104.png,disturbance,True,0,91.41077423095703,0.28855883045767516,100.2846266731117,-0.09968116879463196,0.09720722585916519,8
2011_09_26/2011_09_26_drive_0011_sync,clean,104,104,104,105,0000000104.png,0000000105.png,disturbance,True,0,90.62242126464844,0.28607022118394415,98.28455015355982,-0.06858746707439423,0.0940527394413948,8
2011_09_26/2011_09_26_drive_0011_sync,clean,105,105,105,106,0000000105.png,0000000106.png,disturbance,True,0,101.02727508544922,0.3189154840503419,98.85229421446093,0.0004461286589503288,0.09191036969423294,8
2011_09_26/2011_09_26_drive_0011_sync,clean,106,106,106,107,0000000106.png,0000000107.png,disturbance,True,0,91.57830810546875,0.28908768106015237,97.34657908989955,-0.017245836555957794,0.08851940929889679,8
2011_09_26/2011_09_26_drive_0011_sync,clean,107,107,107,108,0000000107.png,0000000108.png,disturbance,True,0,83.04817199707031,0.2621603840797438,94.3868088216839,0.00921119749546051,0.08619567006826401,8
2011_09_26/2011_09_26_drive_0011_sync,clean,108,108,108,109,0000000108.png,0000000109.png,disturbance,True,0,91.68185424804688,0.289414552288385,93.82688322494103,0.08899989724159241,0.08232346177101135,8
2011_09_26/2011_09_26_drive_0011_sync,clean,109,109,109,110,0000000109.png,0000000110.png,disturbance,True,0,62.76570129394531,0.1981341720738372,87.3972185652249,-0.08089354634284973,0.07207197695970535,8
2011_09_26/2011_09_26_drive_0011_sync,clean,110,110,110,111,0000000110.png,0000000111.png,disturbance,True,0,65.63319396972656,0.20718605623562103,82.89206547395675,-0.17935456335544586,0.06586549431085587,8
2011_09_26/2011_09_26_drive_0011_sync,clean,111,111,111,112,0000000111.png,0000000112.png,disturbance,True,0,68.71663665771484,0.2169196494310551,79.95775170899468,0.04670301452279091,0.06125490739941597,8
2011_09_26/2011_09_26_drive_0011_sync,clean,112,112,112,113,0000000112.png,0000000113.png,disturbance,True,0,59.42180633544922,0.18757840345203938,75.70681101667077,-0.21171316504478455,0.056191686540842056,8
2011_09_26/2011_09_26_drive_0011_sync,clean,113,113,113,114,0000000113.png,0000000114.png,disturbance,True,0,66.31126403808594,0.2093265352808808,73.7619327921037,-0.12950889766216278,0.04939122125506401,8
2011_09_26/2011_09_26_drive_0011_sync,clean,114,114,114,115,0000000114.png,0000000115.png,disturbance,True,0,60.63461685180664,0.19140691173205526,71.04457839246221,-0.04899604618549347,0.04409888759255409,8
2011_09_26/2011_09_26_drive_0011_sync,clean,115,115,115,116,0000000115.png,0000000116.png,disturbance,True,0,64.37162017822266,0.20320359873468952,69.66327604211463,-0.1575508564710617,0.04165727645158768,8
2011_09_26/2011_09_26_drive_0011_sync,clean,116,116,116,117,0000000116.png,0000000117.png,disturbance,True,0,61.55232620239258,0.19430386455926515,67.98430942529217,-0.010261336341500282,0.036797840148210526,8
2011_09_26/2011_09_26_drive_0011_sync,clean,117,117,117,118,0000000117.png,0000000118.png,disturbance,True,0,68.1046371459961,0.21498771525650076,68.00921726347788,-0.1312892735004425,0.03745980188250542,8
2011_09_26/2011_09_26_drive_0011_sync,clean,118,118,118,119,0000000118.png,0000000119.png,disturbance,True,0,63.04365539550781,0.19901158275993075,66.98134595680808,-0.14112970232963562,0.03680993616580963,8
2011_09_26/2011_09_26_drive_0011_sync,clean,119,119,119,120,0000000119.png,0000000120.png,disturbance,True,0,62.599884033203125,0.19761072320539277,66.07438333862186,-0.20697563886642456,0.035429734736680984,8
2011_09_26/2011_09_26_drive_0011_sync,clean,120,120,120,121,0000000120.png,0000000121.png,recovery,False,0,61.16640090942383,0.1930856115333419,65.05843097577787,0.016544897109270096,0.03561566025018692,8
2011_09_26/2011_09_26_drive_0011_sync,clean,121,121,121,122,0000000121.png,0000000122.png,recovery,False,0,51.5377197265625,0.16269049414086137,62.25964374719029,-0.02540743723511696,0.033704522997140884,8
2011_09_26/2011_09_26_drive_0011_sync,clean,122,122,122,123,0000000122.png,0000000123.png,recovery,False,0,61.17839050292969,0.19312345195507838,62.03582432562834,0.017736274749040604,0.033233776688575745,8
2011_09_26/2011_09_26_drive_0011_sync,clean,123,123,123,124,0000000123.png,0000000124.png,recovery,False,0,64.23420715332031,0.20276983094393042,62.49088957096058,-0.17724712193012238,0.03354368731379509,8
2011_09_26/2011_09_26_drive_0011_sync,clean,124,124,124,125,0000000124.png,0000000125.png,recovery,False,0,53.68825149536133,0.16947913313663887,60.66874348931154,0.0025173965841531754,0.03256170079112053,8
2011_09_26/2011_09_26_drive_0011_sync,clean,125,125,125,126,0000000125.png,0000000126.png,recovery,False,0,58.628570556640625,0.18507436519038833,60.24642769224866,-0.009846631437540054,0.03120989166200161,8
2011_09_26/2011_09_26_drive_0011_sync,clean,126,126,126,127,0000000126.png,0000000127.png,recovery,False,0,54.368534088134766,0.17162659966729774,59.02970371619708,-0.020431313663721085,0.030103517696261406,8
2011_09_26/2011_09_26_drive_0011_sync,clean,127,127,127,128,0000000127.png,0000000128.png,recovery,False,0,55.20580291748047,0.1742696298621153,58.238156250862744,-0.014552900567650795,0.029136188328266144,8
2011_09_26/2011_09_26_drive_0011_sync,clean,128,128,128,129,0000000128.png,0000000129.png,recovery,False,0,59.25009536743164,0.18703634831961727,58.447627647992505,-0.08519333600997925,0.028865166008472443,8
2011_09_26/2011_09_26_drive_0011_sync,clean,129,129,129,130,0000000129.png,0000000130.png,recovery,False,0,49.04915237426758,0.1548347694475715,56.50214326633145,-0.08704227209091187,0.02838328294456005,8
2011_09_26/2011_09_26_drive_0011_sync,clean,130,130,130,131,0000000130.png,0000000131.png,recovery,False,0,51.96497344970703,0.1640392127994031,55.5629491142902,0.017262231558561325,0.026896631345152855,8
2011_09_26/2011_09_26_drive_0011_sync,clean,131,131,131,132,0000000131.png,0000000132.png,recovery,False,0,54.99967956542969,0.17361895159395166,55.44635231767607,-0.09052971005439758,0.025662114843726158,8
2011_09_26/2011_09_26_drive_0011_sync,clean,132,132,132,133,0000000132.png,0000000133.png,recovery,False,0,65.16876220703125,0.20571997879532863,57.458891164772595,0.09658224880695343,0.026796437799930573,8
2011_09_26/2011_09_26_drive_0011_sync,clean,133,133,133,134,0000000133.png,0000000134.png,recovery,False,0,68.51763153076172,0.2162914398487097,59.748050420532344,-0.16555961966514587,0.028855103999376297,8
2011_09_26/2011_09_26_drive_0011_sync,clean,134,134,134,135,0000000134.png,0000000135.png,recovery,False,0,52.899940490722656,0.16699065380619096,58.33049166506174,0.025440728291869164,0.028805121779441833,8
2011_09_26/2011_09_26_drive_0011_sync,clean,135,135,135,136,0000000135.png,0000000136.png,recovery,False,0,65.49366760253906,0.20674561643854386,59.81326908411955,0.030162572860717773,0.02989964745938778,8
2011_09_26/2011_09_26_drive_0011_sync,clean,136,136,136,137,0000000136.png,0000000137.png,recovery,False,0,72.24650573730469,0.2280624574994178,62.38694907132887,-0.23756574094295502,0.03184132277965546,8
2011_09_26/2011_09_26_drive_0011_sync,clean,137,137,137,138,0000000137.png,0000000138.png,recovery,False,0,68.6201171875,0.21661495617938914,63.6772148713763,-0.1261240690946579,0.03449133411049843,8
2011_09_26/2011_09_26_drive_0011_sync,clean,138,138,138,139,0000000138.png,0000000139.png,recovery,False,0,65.13786315917969,0.20562243207817996,63.979569066951605,0.029323454946279526,0.03587188944220543,8
2011_09_26/2011_09_26_drive_0011_sync,clean,139,139,139,140,0000000139.png,0000000140.png,recovery,False,0,83.53707122802734,0.2637037046082222,68.02797201429428,-0.11480975151062012,0.041085656732320786,8
2011_09_26/2011_09_26_drive_0011_sync,clean,140,140,140,141,0000000140.png,0000000141.png,recovery,False,0,69.14620971679688,0.2182756799247969,68.25944721871231,-0.11722509562969208,0.041429489850997925,8
2011_09_26/2011_09_26_drive_0011_sync,clean,141,141,141,142,0000000141.png,0000000142.png,recovery,False,0,65.2384033203125,0.20593980777761423,67.63409113174356,0.08760751783847809,0.04130244627594948,8
2011_09_26/2011_09_26_drive_0011_sync,clean,142,142,142,143,0000000142.png,0000000143.png,recovery,False,0,66.987060546875,0.21145983767483295,67.50015580067577,0.09885137528181076,0.04323646053671837,8
2011_09_26/2011_09_26_drive_0011_sync,clean,143,143,143,144,0000000143.png,0000000144.png,recovery,False,0,63.45103454589844,0.20029757609245785,66.66198770093686,0.07034319639205933,0.0427117645740509,8
2011_09_26/2011_09_26_drive_0011_sync,clean,144,144,144,145,0000000144.png,0000000145.png,recovery,False,0,75.2476806640625,0.23753635260038816,68.43922614430387,-0.03391121327877045,0.04321836680173874,8
2011_09_26/2011_09_26_drive_0011_sync,clean,145,145,145,146,0000000145.png,0000000146.png,recovery,False,0,65.04666137695312,0.2053345394208117,67.73696523746227,0.053652532398700714,0.04222402721643448,8
2011_09_26/2011_09_26_drive_0011_sync,clean,146,146,146,147,0000000146.png,0000000147.png,recovery,False,0,68.42889404296875,0.21601130807160443,67.88019450020211,0.04682612419128418,0.042914554476737976,8
2011_09_26/2011_09_26_drive_0011_sync,clean,147,147,147,148,0000000147.png,0000000148.png,recovery,False,0,56.61685562133789,0.17872393409706236,65.54868335227721,0.13231749832630157,0.03829112648963928,8
2011_09_26/2011_09_26_drive_0011_sync,clean,148,148,148,149,0000000148.png,0000000149.png,recovery,False,0,61.41680908203125,0.1938760866316713,64.6933853783363,0.03444545343518257,0.037210240960121155,8
2011_09_26/2011_09_26_drive_0011_sync,clean,149,149,149,150,0000000149.png,0000000150.png,recovery,False,0,61.34208679199219,0.19364019674196692,63.99966657096307,0.10524188727140427,0.036693621426820755,8
2011_09_26/2011_09_26_drive_0011_sync,persistent_blur,0,0,0,1,0000000000.png,0000000001.png,baseline,False,0,80.24223327636719,0.2533028107584692,80.24223327636719,,0.0,1
2011_09_26/2011_09_26_drive_0011_sync,persistent_blur,1,1,1,2,0000000001.png,0000000002.png,baseline,False,0,81.02511596679688,0.25577412706639474,80.40428999328614,-0.2201094925403595,0.03952593728899956,2
2011_09_26/2011_09_26_drive_0011_sync,persistent_blur,2,2,2,3,0000000002.png,0000000003.png,baseline,False,0,95.56517791748047,0.3016731489105917,83.54259379359436,-0.15361282229423523,0.05639394372701645,3
2011_09_26/2011_09_26_drive_0011_sync,persistent_blur,3,3,3,4,0000000003.png,0000000004.png,baseline,False,0,106.83779907226562,0.33725772965949413,88.36470128627931,-0.23639890551567078,0.07240951061248779,4
2011_09_26/2011_09_26_drive_0011_sync,persistent_blur,4,4,4,5,0000000004.png,0000000005.png,baseline,False,0,105.30590057373047,0.3324219368599499,91.87152953878172,-0.2688685655593872,0.08137873560190201,5
2011_09_26/2011_09_26_drive_0011_sync,persistent_blur,5,5,5,6,0000000005.png,0000000006.png,baseline,False,0,91.05913543701172,0.2874487862375392,91.70336395971532,-0.24023249745368958,0.08247770369052887,6
2011_09_26/2011_09_26_drive_0011_sync,persistent_blur,6,6,6,7,0000000006.png,0000000007.png,baseline,False,0,86.8792953491211,0.27425417874994307,90.70478175732231,-0.20918235182762146,0.08126501739025116,7
2011_09_26/2011_09_26_drive_0011_sync,persistent_blur,7,7,7,8,0000000007.png,0000000008.png,baseline,False,0,92.05716705322266,0.2905993204154163,90.9847255135737,-0.23436397314071655,0.08160096406936646,8
2011_09_26/2011_09_26_drive_0011_sync,persistent_blur,8,8,8,9,0000000008.png,0000000009.png,baseline,False,0,86.93146514892578,0.2744188681619491,90.14570061809158,-0.3134687542915344,0.08313646912574768,8
2011_09_26/2011_09_26_drive_0011_sync,persistent_blur,9,9,9,10,0000000009.png,0000000010.png,baseline,False,0,81.57568359375,0.2575121343633129,88.37170709405288,-0.22515219449996948,0.08346528559923172,8
2011_09_26/2011_09_26_drive_0011_sync,persistent_blur,10,10,10,11,0000000010.png,0000000011.png,baseline,False,0,65.7372817993164,0.20751463940408413,83.68638105804243,-0.1566319465637207,0.07723520696163177,8
2011_09_26/2011_09_26_drive_0011_sync,persistent_blur,11,11,11,12,0000000011.png,0000000012.png,baseline,False,0,68.00650024414062,0.2146779374182091,80.44064572956475,-0.2372511327266693,0.06906986981630325,8
2011_09_26/2011_09_26_drive_0011_sync,persistent_blur,12,12,12,13,0000000012.png,0000000013.png,baseline,False,0,68.63778686523438,0.21667073850443003,77.99745394464837,-0.08173087984323502,0.061469655483961105,8
2011_09_26/2011_09_26_drive_0011_sync,persistent_blur,13,13,13,14,0000000013.png,0000000014.png,baseline,False,0,75.75875854492188,0.23914967642861326,77.53404399690498,-0.3482774496078491,0.05850148946046829,8
2011_09_26/2011_09_26_drive_0011_sync,persistent_blur,14,14,14,15,0000000014.png,0000000015.png,baseline,False,0,80.57559967041016,0.254355136508193,78.16364602132056,-0.1987348198890686,0.057038452476263046,8
2011_09_26/2011_09_26_drive_0011_sync,persistent_blur,15,15,15,16,0000000015.png,0000000016.png,baseline,False,0,81.96331787109375,0.2587357952070418,78.95017809422362,-0.3451506495475769,0.05494151636958122,8
2011_09_26/2011_09_26_drive_0011_sync,persistent_blur,16,16,16,17,0000000016.png,0000000017.png,baseline,False,0,74.82263946533203,0.23619462017603507,78.09577759804306,-0.2171584665775299,0.05256524309515953,8
2011_09_26/2011_09_26_drive_0011_sync,persistent_blur,17,17,17,18,0000000017.png,0000000018.png,baseline,False,0,71.254638671875,0.22493141970269395,76.67966184032628,-0.36116209626197815,0.05097401142120361,8
2011_09_26/2011_09_26_drive_0011_sync,persistent_blur,18,18,18,19,0000000018.png,0000000019.png,baseline,False,0,82.60359191894531,0.2607569601038913,77.90591536660042,-0.19599473476409912,0.05383962392807007,8
2011_09_26/2011_09_26_drive_0011_sync,persistent_blur,19,19,19,20,0000000019.png,0000000020.png,baseline,False,0,82.6634750366211,0.26094598699233384,78.8907302182947,-0.30949240922927856,0.0566631518304348,8
2011_09_26/2011_09_26_drive_0011_sync,persistent_blur,20,20,20,21,0000000020.png,0000000021.png,baseline,False,0,70.39282989501953,0.22221093233970418,77.13166485137675,-0.17048372328281403,0.056540440768003464,8
2011_09_26/2011_09_26_drive_0011_sync,persistent_blur,21,21,21,22,0000000021.png,0000000022.png,baseline,False,0,68.55253601074219,0.21640160758757576,75.3557851813654,-0.3074539303779602,0.055599793791770935,8
2011_09_26/2011_09_26_drive_0011_sync,persistent_blur,22,22,22,23,0000000022.png,0000000023.png,baseline,False,0,76.18284606933594,0.24048840652496017,75.52698678517531,-0.2526434659957886,0.054096173495054245,8
2011_09_26/2011_09_26_drive_0011_sync,persistent_blur,23,23,23,24,0000000023.png,0000000024.png,baseline,False,0,79.2751235961914,0.25024988679568905,76.30285110505565,-0.2682949900627136,0.05365904048085213,8
2011_09_26/2011_09_26_drive_0011_sync,persistent_blur,24,24,24,25,0000000024.png,0000000025.png,baseline,False,0,67.6902847290039,0.21367974101203263,74.52004986521294,-0.27043312788009644,0.052348874509334564,8
2011_09_26/2011_09_26_drive_0011_sync,persistent_blur,25,25,25,26,0000000025.png,0000000026.png,baseline,False,0,74.43502807617188,0.2349710435350769,74.50245035488145,-0.17882074415683746,0.05266460031270981,8
2011_09_26/2011_09_26_drive_0011_sync,persistent_blur,26,26,26,27,0000000026.png,0000000027.png,baseline,False,0,77.21869659423828,0.24375830660628992,75.06471332642832,-0.1695985198020935,0.05104308947920799,8
2011_09_26/2011_09_26_drive_0011_sync,persistent_blur,27,27,27,28,0000000027.png,0000000028.png,baseline,False,0,78.98807525634766,0.24934375581551285,75.87684924592162,-0.2665657699108124,0.050895776599645615,8
2011_09_26/2011_09_26_drive_0011_sync,persistent_blur,28,28,28,29,0000000028.png,0000000029.png,baseline,False,0,92.11257934570312,0.29077423888726667,79.2376453765764,-0.13140912353992462,0.05446314066648483,8
2011_09_26/2011_09_26_drive_0011_sync,persistent_blur,29,29,29,30,0000000029.png,0000000030.png,baseline,False,0,88.8577880859375,0.2804997557181724,81.22901491741415,-0.2574393153190613,0.058330073952674866,8
2011_09_26/2011_09_26_drive_0011_sync,persistent_blur,30,30,30,31,0000000030.png,0000000031.png,baseline,False,0,95.36974334716797,0.30105620363417224,84.15614570237318,-0.13261283934116364,0.06238724663853645,8
2011_09_26/2011_09_26_drive_0011_sync,persistent_blur,31,31,31,32,0000000031.png,0000000032.png,baseline,False,0,89.44853973388672,0.28236458383272794,85.25167126689648,-0.12309078127145767,0.06470603495836258,8
2011_09_26/2011_09_26_drive_0011_sync,persistent_blur,32,32,32,33,0000000032.png,0000000033.png,baseline,False,0,81.53773498535156,0.257392353107406,84.48288645661668,-0.13227063417434692,0.0673827975988388,8
2011_09_26/2011_09_26_drive_0011_sync,persistent_blur,33,33,33,34,0000000033.png,0000000034.png,baseline,False,0,95.97221374511719,0.3029580551235023,86.86117720533628,-0.07222214341163635,0.07142886519432068,8
2011_09_26/2011_09_26_drive_0011_sync,persistent_blur,34,34,34,35,0000000034.png,0000000035.png,baseline,False,0,94.84107208251953,0.29938734001259554,88.51301544491321,-0.33008381724357605,0.0753365233540535,8
2011_09_26/2011_09_26_drive_0011_sync,persistent_blur,35,35,35,36,0000000035.png,0000000036.png,baseline,False,0,107.15726470947266,0.33826619702825195,92.37237504267702,-0.219096839427948,0.08130770176649094,8
2011_09_26/2011_09_26_drive_0011_sync,persistent_blur,36,36,36,37,0000000036.png,0000000037.png,baseline,False,0,107.33102416992188,0.33881471211116415,95.46881541201671,-0.30201512575149536,0.08441703021526337,8
2011_09_26/2011_09_26_drive_0011_sync,persistent_blur,37,37,37,38,0000000037.png,0000000038.png,baseline,False,0,108.26544189453125,0.3417643940342335,98.11771709389721,-0.2872268557548523,0.08969203382730484,8
2011_09_26/2011_09_26_drive_0011_sync,persistent_blur,38,38,38,39,0000000038.png,0000000039.png,baseline,False,0,85.58527374267578,0.270169318320479,95.52350132019438,-0.10088930279016495,0.08771257102489471,8
2011_09_26/2011_09_26_drive_0011_sync,persistent_blur,39,39,39,40,0000000039.png,0000000040.png,baseline,False,0,84.51174926757812,0.26678049978378854,93.24406864530282,-0.21490144729614258,0.08683004975318909,8
2011_09_26/2011_09_26_drive_0011_sync,persistent_blur,40,40,40,41,0000000040.png,0000000041.png,disturbance,True,1,175.9111328125,0.555303366032639,110.35615092791264,-0.3484554886817932,0.11741148680448532,8
2011_09_26/2011_09_26_drive_0011_sync,persistent_blur,41,41,41,42,0000000041.png,0000000042.png,disturbance,True,1,67.7071762084961,0.2137330387870449,101.52781316099342,-0.07723604887723923,0.1110176369547844,8
2011_09_26/2011_09_26_drive_0011_sync,persistent_blur,42,42,42,43,0000000042.png,0000000043.png,disturbance,True,1,69.45201110839844,0.21924101694010226,94.88812213610626,-0.12842106819152832,0.10613357275724411,8
2011_09_26/2011_09_26_drive_0011_sync,persistent_blur,43,43,43,44,0000000043.png,0000000044.png,disturbance,True,1,62.78025817871094,0.19818011848407957,88.24179429692542,-0.1921672821044922,0.09612248837947845,8
2011_09_26/2011_09_26_drive_0011_sync,persistent_blur,44,44,44,45,0000000044.png,0000000045.png,disturbance,True,1,60.011375427246094,0.18943950761444206,82.3980975909018,-0.12601089477539062,0.0863085389137268,8
2011_09_26/2011_09_26_drive_0011_sync,persistent_blur,45,45,45,46,0000000045.png,0000000046.png,disturbance,True,1,58.47078323364258,0.18457627665253745,77.44514351894914,-0.12205751240253448,0.07600577175617218,8
2011_09_26/2011_09_26_drive_0011_sync,persistent_blur,46,46,46,47,0000000046.png,0000000047.png,disturbance,True,1,64.9355697631836,0.20498385306186553,74.85566175150568,-0.1566500961780548,0.07184433937072754,8
2011_09_26/2011_09_26_drive_0011_sync,persistent_blur,47,47,47,48,0000000047.png,0000000048.png,disturbance,True,1,56.5267219543457,0.17843941871226113,71.06157121349356,-0.14659172296524048,0.06602565199136734,8
2011_09_26/2011_09_26_drive_0011_sync,persistent_blur,48,48,48,49,0000000048.png,0000000049.png,disturbance,True,1,69.72411346435547,0.22009997533269898,70.78471745942198,-0.059295475482940674,0.03721557557582855,8
2011_09_26/2011_09_26_drive_0011_sync,persistent_blur,49,49,49,50,0000000049.png,0000000050.png,disturbance,True,1,71.76302337646484,0.2265362559936429,70.98722678424986,-0.11375360190868378,0.037889447063207626,8
2011_09_26/2011_09_26_drive_0011_sync,persistent_blur,50,50,50,51,0000000050.png,0000000051.png,disturbance,True,1,87.83259582519531,0.2772634954255184,74.47421817572557,-0.1377674639225006,0.04136082902550697,8
2011_09_26/2011_09_26_drive_0011_sync,persistent_blur,51,51,51,52,0000000051.png,0000000052.png,disturbance,True,1,62.038211822509766,0.19583767854827652,71.8999648606099,-0.20037081837654114,0.04158226400613785,8
2011_09_26/2011_09_26_drive_0011_sync,persistent_blur,52,52,52,53,0000000052.png,0000000053.png,disturbance,True,1,71.68505096435547,0.22629012803140117,71.85547768408523,-0.07903914898633957,0.04392288997769356,8
2011_09_26/2011_09_26_drive_0011_sync,persistent_blur,53,53,53,54,0000000053.png,0000000054.png,disturbance,True,1,82.22708129882812,0.2595684335610475,74.00239963233702,-0.2847469747066498,0.04763317108154297,8
2011_09_26/2011_09_26_drive_0011_sync,persistent_blur,54,54,54,55,0000000054.png,0000000055.png,disturbance,True,1,75.9011459350586,0.2395991634584751,74.39544011700039,-0.39481109380722046,0.04982982203364372,8
2011_09_26/2011_09_26_drive_0011_sync,persistent_blur,55,55,55,56,0000000055.png,0000000056.png,disturbance,True,1,63.09098434448242,0.19916098823160347,72.05541777208917,-0.1600654572248459,0.05095522478222847,8
2011_09_26/2011_09_26_drive_0011_sync,persistent_blur,56,56,56,57,0000000056.png,0000000057.png,disturbance,True,1,55.02497482299805,0.17369881116893152,68.53011608162731,-0.10936035960912704,0.048588838428258896,8
2011_09_26/2011_09_26_drive_0011_sync,persistent_blur,57,57,57,58,0000000057.png,0000000058.png,disturbance,True,1,48.08390808105469,0.15178775811021458,64.29775102550877,-0.04289446026086807,0.04510684683918953,8
2011_09_26/2011_09_26_drive_0011_sync,persistent_blur,58,58,58,59,0000000058.png,0000000059.png,disturbance,True,1,54.80049133300781,0.1729901776312666,62.331818269161076,-0.10282167792320251,0.03890369459986687,8
2011_09_26/2011_09_26_drive_0011_sync,persistent_blur,59,59,59,60,0000000059.png,0000000060.png,disturbance,True,1,57.961875915527344,0.18296979837092822,61.427240201958895,-0.12771932780742645,0.03840305656194687,8
2011_09_26/2011_09_26_drive_0011_sync,persistent_blur,60,60,60,61,0000000060.png,0000000061.png,disturbance,True,1,56.789703369140625,0.17926956375983247,60.467270077565516,-0.11925115436315536,0.036345746368169785,8
2011_09_26/2011_09_26_drive_0011_sync,persistent_blur,61,61,61,62,0000000061.png,0000000062.png,disturbance,True,1,61.305503845214844,0.19352471382256456,60.640784467468926,-0.15319699048995972,0.03235725313425064,8
2011_09_26/2011_09_26_drive_0011_sync,persistent_blur,62,62,62,63,0000000062.png,0000000063.png,disturbance,True,1,53.47730255126953,0.1688132293446027,59.15794371081565,-0.1268046498298645,0.02890530414879322,8
2011_09_26/2011_09_26_drive_0011_sync,persistent_blur,63,63,63,64,0000000063.png,0000000064.png,disturbance,True,1,56.440162658691406,0.17816615842168926,58.59536303302593,-0.09247524291276932,0.02817988395690918,8
2011_09_26/2011_09_26_drive_0011_sync,persistent_blur,64,64,64,65,0000000064.png,0000000065.png,disturbance,True,1,68.88255310058594,0.2174434042746034,60.72481137701086,-0.06735724955797195,0.030330413952469826,8
2011_09_26/2011_09_26_drive_0011_sync,persistent_blur,65,65,65,66,0000000065.png,0000000066.png,disturbance,True,1,59.98830032348633,0.18936666501779437,60.57235358893128,-0.0549166202545166,0.03180359676480293,8
2011_09_26/2011_09_26_drive_0011_sync,persistent_blur,66,66,66,67,0000000066.png,0000000067.png,disturbance,True,1,61.36408996582031,0.19370966306845264,60.73624301894731,-0.13264794647693634,0.032755281776189804,8
2011_09_26/2011_09_26_drive_0011_sync,persistent_blur,67,67,67,68,0000000067.png,0000000068.png,disturbance,True,1,63.02078628540039,0.19893939871006278,61.2091434751031,-0.1660706102848053,0.03349337354302406,8
2011_09_26/2011_09_26_drive_0011_sync,persistent_blur,68,68,68,69,0000000068.png,0000000069.png,disturbance,True,1,56.021331787109375,0.1768440331353811,60.135266455688395,-0.027250999584794044,0.03343985229730606,8
2011_09_26/2011_09_26_drive_0011_sync,persistent_blur,69,69,69,70,0000000069.png,0000000070.png,disturbance,True,1,60.464744567871094,0.19087067430474838,60.20346842491021,-0.08871214836835861,0.03325974568724632,8
2011_09_26/2011_09_26_drive_0011_sync,persistent_blur,70,70,70,71,0000000070.png,0000000071.png,disturbance,True,1,63.96544647216797,0.20192142769075397,60.982197880692574,-0.1173475980758667,0.034536391496658325,8
2011_09_26/2011_09_26_drive_0011_sync,persistent_blur,71,71,71,72,0000000071.png,0000000072.png,disturbance,True,1,59.54024887084961,0.18795228093235472,60.683714435655084,-0.07170575857162476,0.034925490617752075,8
2011_09_26/2011_09_26_drive_0011_sync,persistent_blur,72,72,72,73,0000000072.png,0000000073.png,disturbance,True,1,65.75023651123047,0.2075555209198651,61.7324845052992,-0.15528540313243866,0.03461073711514473,8
2011_09_26/2011_09_26_drive_0011_sync,persistent_blur,73,73,73,74,0000000073.png,0000000074.png,disturbance,True,1,67.77317810058594,0.21394142186344967,62.982908079523554,-0.12133407592773438,0.03540859743952751,8
2011_09_26/2011_09_26_drive_0011_sync,persistent_blur,74,74,74,75,0000000074.png,0000000075.png,disturbance,True,1,63.61213302612305,0.20080611857910663,63.11315764346965,-0.2072964608669281,0.03593796491622925,8
2011_09_26/2011_09_26_drive_0011_sync,persistent_blur,75,75,75,76,0000000075.png,0000000076.png,disturbance,True,1,65.52149963378906,0.2068334750424232,63.61168443546577,-0.06171313300728798,0.03650659695267677,8
2011_09_26/2011_09_26_drive_0011_sync,persistent_blur,76,76,76,77,0000000076.png,0000000077.png,disturbance,True,1,69.64421081542969,0.21984774320889472,64.86041739611831,-0.03012358583509922,0.03847256675362587,8
2011_09_26/2011_09_26_drive_0011_sync,persistent_blur,77,77,77,78,0000000077.png,0000000078.png,disturbance,True,1,72.05021667480469,0.22744285612516385,66.34870584680638,-0.18186256289482117,0.04041719436645508,8
2011_09_26/2011_09_26_drive_0011_sync,persistent_blur,78,78,78,79,0000000078.png,0000000079.png,disturbance,True,1,71.01325988769531,0.22416944127746927,67.3142685332704,-0.16335004568099976,0.04157554730772972,8
2011_09_26/2011_09_26_drive_0011_sync,persistent_blur,79,79,79,80,0000000079.png,0000000080.png,disturbance,True,1,58.0660285949707,0.1832985737118429,65.39988286604236,0.007167084142565727,0.041197605431079865,8
2011_09_26/2011_09_26_drive_0011_sync,persistent_blur,80,80,80,81,0000000080.png,0000000081.png,disturbance,True,1,55.65605163574219,0.17569094563528198,63.38290980137023,-0.051220521330833435,0.03967881575226784,8
2011_09_26/2011_09_26_drive_0011_sync,persistent_blur,81,81,81,82,0000000081.png,0000000082.png,disturbance,True,1,58.043052673339844,0.18322604469132137,62.277559375867945,-0.02651992440223694,0.03796674311161041,8
2011_09_26/2011_09_26_drive_0011_sync,persistent_blur,82,82,82,83,0000000082.png,0000000083.png,disturbance,True,1,54.71033477783203,0.1727055779067798,60.71114388407451,-0.10734947770833969,0.03678709641098976,8
2011_09_26/2011_09_26_drive_0011_sync,persistent_blur,83,83,83,84,0000000083.png,0000000084.png,disturbance,True,1,57.338016510009766,0.18100044277371471,60.0129065176431,-0.001825091429054737,0.035617634654045105,8
2011_09_26/2011_09_26_drive_0011_sync,persistent_blur,84,84,84,85,0000000084.png,0000000085.png,disturbance,True,1,54.757503509521484,0.1728544719903769,58.92503809496193,-0.12847551703453064,0.03324295952916145,8
2011_09_26/2011_09_26_drive_0011_sync,persistent_blur,85,85,85,86,0000000085.png,0000000086.png,disturbance,True,1,56.21080780029297,0.177442153232075,58.36319242396546,0.0007224902510643005,0.03075329028069973,8
2011_09_26/2011_09_26_drive_0011_sync,persistent_blur,86,86,86,87,0000000086.png,0000000087.png,disturbance,True,1,55.01285934448242,0.17366055652048773,57.66967347651247,0.046450261026620865,0.028359809890389442,8
2011_09_26/2011_09_26_drive_0011_sync,persistent_blur,87,87,87,88,0000000087.png,0000000088.png,disturbance,True,1,51.54655838012695,0.16271839871047203,56.40218865156067,-0.02296023815870285,0.027323946356773376,8
2011_09_26/2011_09_26_drive_0011_sync,persistent_blur,88,88,88,89,0000000088.png,0000000089.png,disturbance,True,1,58.65666198730469,0.18516305073992453,56.86886463205968,-0.0908581018447876,0.027714835479855537,8
2011_09_26/2011_09_26_drive_0011_sync,persistent_blur,89,89,89,90,0000000089.png,0000000090.png,disturbance,True,1,57.23944854736328,0.18068928929066116,56.94557550252753,0.002862936817109585,0.027459997683763504,8
2011_09_26/2011_09_26_drive_0011_sync,persistent_blur,90,90,90,91,0000000090.png,0000000091.png,disturbance,True,1,78.15604400634766,0.24671726861742133,61.336142482818296,-0.1561603546142578,0.03154373914003372,8
2011_09_26/2011_09_26_drive_0011_sync,persistent_blur,91,91,91,92,0000000091.png,0000000092.png,disturbance,True,1,63.07029342651367,0.19909566929301786,61.69511172816324,-0.14204850792884827,0.032509945333004,8
2011_09_26/2011_09_26_drive_0011_sync,persistent_blur,92,92,92,93,0000000092.png,0000000093.png,disturbance,True,1,57.03068161010742,0.1800302677733622,60.72957469372569,-0.0951831266283989,0.03275425359606743,8
2011_09_26/2011_09_26_drive_0011_sync,persistent_blur,93,93,93,94,0000000093.png,0000000094.png,disturbance,True,1,49.44517517089844,0.15608489731246755,58.39370399250045,0.006958125624805689,0.03190211206674576,8
2011_09_26/2011_09_26_drive_0011_sync,persistent_blur,94,94,94,95,0000000094.png,0000000095.png,disturbance,True,1,51.853267669677734,0.16368658846360662,57.03983367367615,0.05029455944895744,0.031250759959220886,8
2011_09_26/2011_09_26_drive_0011_sync,persistent_blur,95,95,95,96,0000000095.png,0000000096.png,disturbance,True,1,82.43701934814453,0.26023114589770896,62.29705110829111,0.047715894877910614,0.03566303104162216,8
2011_09_26/2011_09_26_drive_0011_sync,persistent_blur,96,96,96,97,0000000096.png,0000000097.png,disturbance,True,1,60.51479721069336,0.19102867994571868,61.928124551488374,-0.18679775297641754,0.035868413746356964,8
2011_09_26/2011_09_26_drive_0011_sync,persistent_blur,97,97,97,98,0000000097.png,0000000098.png,disturbance,True,1,53.81526565551758,0.16988009454373454,60.248762760022416,-0.03301173448562622,0.0352410227060318,8
2011_09_26/2011_09_26_drive_0011_sync,persistent_blur,98,98,98,99,0000000098.png,0000000099.png,disturbance,True,1,58.091243743896484,0.18337818436110295,59.80215632368436,0.024748846888542175,0.03223300352692604,8
2011_09_26/2011_09_26_drive_0011_sync,persistent_blur,99,99,99,100,0000000099.png,0000000100.png,disturbance,True,1,49.53175354003906,0.1563582045685804,57.67618294746978,0.032258760184049606,0.0308829378336668,8
2011_09_26/2011_09_26_drive_0011_sync,persistent_blur,100,100,100,101,0000000100.png,0000000101.png,disturbance,True,1,56.573917388916016,0.17858839784613972,57.448013976849154,0.1250990331172943,0.03093029372394085,8
2011_09_26/2011_09_26_drive_0011_sync,persistent_blur,101,101,101,102,0000000101.png,0000000102.png,disturbance,True,1,66.17790222167969,0.20890554385183588,59.25510084352908,-0.15882161259651184,0.03299789875745773,8
2011_09_26/2011_09_26_drive_0011_sync,persistent_blur,102,102,102,103,0000000102.png,0000000103.png,disturbance,True,1,48.32854080200195,0.15255998279943755,56.99330291493297,-0.057146914303302765,0.03261851146817207,8
2011_09_26/2011_09_26_drive_0011_sync,persistent_blur,103,103,103,104,0000000103.png,0000000104.png,disturbance,True,1,49.28440475463867,0.1555773980806706,55.39756099575205,0.03837735205888748,0.027447184547781944,8
2011_09_26/2011_09_26_drive_0011_sync,persistent_blur,104,104,104,105,0000000104.png,0000000105.png,disturbance,True,1,68.20579528808594,0.21530704829119973,58.048865494265165,-0.1360807865858078,0.02870430052280426,8
2011_09_26/2011_09_26_drive_0011_sync,persistent_blur,105,105,105,106,0000000105.png,0000000106.png,disturbance,True,1,64.314208984375,0.20302238072966441,59.3457915967179,-0.06540649384260178,0.030276400968432426,8
2011_09_26/2011_09_26_drive_0011_sync,persistent_blur,106,106,106,107,0000000106.png,0000000107.png,disturbance,True,1,53.40711975097656,0.16859169152693967,58.116486524649446,-0.10975337028503418,0.029846036806702614,8
2011_09_26/2011_09_26_drive_0011_sync,persistent_blur,107,107,107,108,0000000107.png,0000000108.png,disturbance,True,1,39.85749816894531,0.12581921886974287,54.336875935018696,-0.08557507395744324,0.02910633385181427,8
2011_09_26/2011_09_26_drive_0011_sync,persistent_blur,108,108,108,109,0000000108.png,0000000109.png,disturbance,True,1,45.02509689331055,0.1421319237237104,52.40933767338511,0.028616057708859444,0.027743341401219368,8
2011_09_26/2011_09_26_drive_0011_sync,persistent_blur,109,109,109,110,0000000109.png,0000000110.png,disturbance,True,1,37.47845458984375,0.11830923919647773,49.31864487509205,0.048718299716711044,0.02377045340836048,8
2011_09_26/2011_09_26_drive_0011_sync,persistent_blur,110,110,110,111,0000000110.png,0000000111.png,disturbance,True,1,36.478675842285156,0.11515320731818511,46.660771285301024,-0.11220353841781616,0.02263064682483673,8
2011_09_26/2011_09_26_drive_0011_sync,persistent_blur,111,111,111,112,0000000111.png,0000000112.png,disturbance,True,1,40.33489990234375,0.12732625560298688,45.35131590902887,0.037237342447042465,0.021777210757136345,8
2011_09_26/2011_09_26_drive_0011_sync,persistent_blur,112,112,112,113,0000000112.png,0000000113.png,disturbance,True,1,42.423828125,0.13392043103160747,44.7453259377349,-0.26826080679893494,0.01824963465332985,8
2011_09_26/2011_09_26_drive_0011_sync,persistent_blur,113,113,113,114,0000000113.png,0000000114.png,disturbance,True,1,41.16850662231445,0.12995771528491284,44.004924339442866,-0.34089645743370056,0.01543553825467825,8
2011_09_26/2011_09_26_drive_0011_sync,persistent_blur,114,114,114,115,0000000114.png,0000000115.png,disturbance,True,1,35.52864074707031,0.11215421298364878,42.25033363582175,-0.14287492632865906,0.013734777458012104,8
2011_09_26/2011_09_26_drive_0011_sync,persistent_blur,115,115,115,116,0000000115.png,0000000116.png,disturbance,True,1,35.95582580566406,0.11350272167666955,40.94737051497911,-0.14453355967998505,0.01352719310671091,8
2011_09_26/2011_09_26_drive_0011_sync,persistent_blur,116,116,116,117,0000000116.png,0000000117.png,disturbance,True,1,37.935218811035156,0.11975111655130866,40.32385511226271,-0.1354583203792572,0.01287334505468607,8
2011_09_26/2011_09_26_drive_0011_sync,persistent_blur,117,117,117,118,0000000117.png,0000000118.png,disturbance,True,1,45.93852996826172,0.14501537612459645,41.48609280745451,-0.30451807379722595,0.013798256404697895,8
2011_09_26/2011_09_26_drive_0011_sync,persistent_blur,118,118,118,119,0000000118.png,0000000119.png,disturbance,True,1,37.9547119140625,0.11981264911934851,40.755096962522366,-0.27101314067840576,0.014043236151337624,8
2011_09_26/2011_09_26_drive_0011_sync,persistent_blur,119,119,119,120,0000000119.png,0000000120.png,disturbance,True,1,43.51948547363281,0.13737912093629553,41.32732538432222,-0.08987117558717728,0.014264342375099659,8
2011_09_26/2011_09_26_drive_0011_sync,persistent_blur,120,120,120,121,0000000120.png,0000000121.png,recovery,False,0,161.10597229003906,0.5085675128784877,66.12150529380561,-0.07651130855083466,0.04116252064704895,8
2011_09_26/2011_09_26_drive_0011_sync,persistent_blur,121,121,121,122,0000000121.png,0000000122.png,recovery,False,0,51.64261245727539,0.16302160604637078,63.12437447664386,-0.0858352780342102,0.04245401918888092,8
2011_09_26/2011_09_26_drive_0011_sync,persistent_blur,122,122,122,123,0000000122.png,0000000123.png,recovery,False,0,61.21302795410156,0.19323279350832256,62.7287257464776,0.01991850510239601,0.04489756375551224,8
2011_09_26/2011_09_26_drive_0011_sync,persistent_blur,123,123,123,124,0000000123.png,0000000124.png,recovery,False,0,64.28727722167969,0.20293737879726878,63.051345901844435,-0.17561671137809753,0.0480993315577507,8
2011_09_26/2011_09_26_drive_0011_sync,persistent_blur,124,124,124,125,0000000124.png,0000000125.png,recovery,False,0,53.71563720703125,0.16956558363304408,61.118854202018106,0.003969792276620865,0.04960125312209129,8
2011_09_26/2011_09_26_drive_0011_sync,persistent_blur,125,125,125,126,0000000125.png,0000000126.png,recovery,False,0,58.6203727722168,0.18504849811484064,60.60166854604924,-0.00968077126890421,0.051171641796827316,8
2011_09_26/2011_09_26_drive_0011_sync,persistent_blur,126,126,126,127,0000000126.png,0000000127.png,recovery,False,0,54.365421295166016,0.17161677209117301,59.31076536511642,-0.02050137333571911,0.05266966670751572,8
2011_09_26/2011_09_26_drive_0011_sync,persistent_blur,127,127,127,128,0000000127.png,0000000128.png,recovery,False,0,55.2134895324707,0.17429389060221295,58.46262926775876,-0.014309164136648178,0.05358858406543732,8
2011_09_26/2011_09_26_drive_0011_sync,persistent_blur,128,128,128,129,0000000128.png,0000000129.png,recovery,False,0,59.246036529541016,0.1870235409498317,58.624794570947685,-0.08522652089595795,0.0288771353662014,8
2011_09_26/2011_09_26_drive_0011_sync,persistent_blur,129,129,129,130,0000000129.png,0000000130.png,recovery,False,0,49.05793762207031,0.1548624958601035,56.644455182530066,-0.08688683807849884,0.02838774025440216,8
2011_09_26/2011_09_26_drive_0011_sync,persistent_blur,130,130,130,131,0000000130.png,0000000131.png,recovery,False,0,51.96122360229492,0.1640273805904272,55.67502624542139,0.017326317727565765,0.026900995522737503,8
2011_09_26/2011_09_26_drive_0011_sync,persistent_blur,131,131,131,132,0000000131.png,0000000132.png,recovery,False,0,55.004905700683594,0.17363545101465303,55.53631129266067,-0.09042808413505554,0.025661608204245567,8
2011_09_26/2011_09_26_drive_0011_sync,persistent_blur,132,132,132,133,0000000132.png,0000000133.png,recovery,False,0,65.17294311523438,0.205733170450259,57.531094079933425,0.09671612083911896,0.02679388038814068,8
2011_09_26/2011_09_26_drive_0011_sync,persistent_blur,133,133,133,134,0000000133.png,0000000134.png,recovery,False,0,68.52034759521484,0.21629999113521567,59.80586955759668,-0.16543349623680115,0.028853483498096466,8
2011_09_26/2011_09_26_drive_0011_sync,persistent_blur,134,134,134,135,0000000134.png,0000000135.png,recovery,False,0,52.899837493896484,0.16699033033442523,58.37632092041074,0.025478340685367584,0.028804603964090347,8
2011_09_26/2011_09_26_drive_0011_sync,persistent_blur,135,135,135,136,0000000135.png,0000000136.png,recovery,False,0,65.49458312988281,0.20674849941281073,59.84980119777146,0.030180204659700394,0.02989860810339451,8
2011_09_26/2011_09_26_drive_0011_sync,persistent_blur,136,136,136,137,0000000136.png,0000000137.png,recovery,False,0,72.24588775634766,0.22806053001815837,62.41579111539674,-0.237572580575943,0.03184176981449127,8
2011_09_26/2011_09_26_drive_0011_sync,persistent_blur,137,137,137,138,0000000137.png,0000000138.png,recovery,False,0,68.6227798461914,0.21662335711834094,63.70063778267124,-0.12608292698860168,0.03449095040559769,8
2011_09_26/2011_09_26_drive_0011_sync,persistent_blur,138,138,138,139,0000000138.png,0000000139.png,recovery,False,0,65.13996887207031,0.20562907190262397,63.99857931817685,0.029396913945674896,0.035871878266334534,8
2011_09_26/2011_09_26_drive_0011_sync,persistent_blur,139,139,139,140,0000000139.png,0000000140.png,recovery,False,0,83.53628540039062,0.2637012324061001,68.0428844771951,-0.11480487883090973,0.041086021810770035,8
2011_09_26/2011_09_26_drive_0011_sync,persistent_blur,140,140,140,141,0000000140.png,0000000141.png,recovery,False,0,69.14738464355469,0.2182794175449969,68.27151601163153,-0.11721007525920868,0.04142943024635315,8
2011_09_26/2011_09_26_drive_0011_sync,persistent_blur,141,141,141,142,0000000141.png,0000000142.png,recovery,False,0,65.23873138427734,0.20594083886052014,67.64372959376922,0.08762526512145996,0.041302312165498734,8
2011_09_26/2011_09_26_drive_0011_sync,persistent_blur,142,142,142,143,0000000142.png,0000000143.png,recovery,False,0,66.98693084716797,0.21145943248319043,67.50777225322277,0.09885003417730331,0.04323647916316986,8
2011_09_26/2011_09_26_drive_0011_sync,persistent_blur,143,143,143,144,0000000143.png,0000000144.png,recovery,False,0,63.450965881347656,0.20029736220638825,66.66801333424462,0.07033906131982803,0.04271181672811508,8
2011_09_26/2011_09_26_drive_0011_sync,persistent_blur,144,144,144,145,0000000144.png,0000000145.png,recovery,False,0,75.24784851074219,0.23753687798139037,68.44403921577963,-0.03391047939658165,0.043218597769737244,8
2011_09_26/2011_09_26_drive_0011_sync,persistent_blur,145,145,145,146,0000000145.png,0000000146.png,recovery,False,0,65.04666137695312,0.2053345394208117,67.74078200314254,0.053655095398426056,0.04222409427165985,8
2011_09_26/2011_09_26_drive_0011_sync,persistent_blur,146,146,146,147,0000000146.png,0000000147.png,recovery,False,0,68.42901611328125,0.2160117047249045,67.88324646394126,0.04683005437254906,0.04291446879506111,8
2011_09_26/2011_09_26_drive_0011_sync,persistent_blur,147,147,147,148,0000000147.png,0000000148.png,recovery,False,0,56.616790771484375,0.17872373608062087,65.55109013560269,0.13231949508190155,0.038291219621896744,8
2011_09_26/2011_09_26_drive_0011_sync,persistent_blur,148,148,148,149,0000000148.png,0000000149.png,recovery,False,0,61.41686248779297,0.19387624995740552,64.69530501250608,0.034446023404598236,0.03721024841070175,8
2011_09_26/2011_09_26_drive_0011_sync,persistent_blur,149,149,149,150,0000000149.png,0000000150.png,recovery,False,0,61.342288970947266,0.19364084122084796,64.0012306919034,0.10524606704711914,0.036693572998046875,8
2011_09_26/2011_09_26_drive_0011_sync,iid_noise,0,0,0,1,0000000000.png,0000000001.png,baseline,False,0,80.24223327636719,0.2533028107584692,80.24223327636719,,0.0,1
2011_09_26/2011_09_26_drive_0011_sync,iid_noise,1,1,1,2,0000000001.png,0000000002.png,baseline,False,0,81.02511596679688,0.25577412706639474,80.40428999328614,-0.2201094925403595,0.03952593728899956,2
2011_09_26/2011_09_26_drive_0011_sync,iid_noise,2,2,2,3,0000000002.png,0000000003.png,baseline,False,0,95.56517791748047,0.3016731489105917,83.54259379359436,-0.15361282229423523,0.05639394372701645,3
2011_09_26/2011_09_26_drive_0011_sync,iid_noise,3,3,3,4,0000000003.png,0000000004.png,baseline,False,0,106.83779907226562,0.33725772965949413,88.36470128627931,-0.23639890551567078,0.07240951061248779,4
2011_09_26/2011_09_26_drive_0011_sync,iid_noise,4,4,4,5,0000000004.png,0000000005.png,baseline,False,0,105.30590057373047,0.3324219368599499,91.87152953878172,-0.2688685655593872,0.08137873560190201,5
2011_09_26/2011_09_26_drive_0011_sync,iid_noise,5,5,5,6,0000000005.png,0000000006.png,baseline,False,0,91.05913543701172,0.2874487862375392,91.70336395971532,-0.24023249745368958,0.08247770369052887,6
2011_09_26/2011_09_26_drive_0011_sync,iid_noise,6,6,6,7,0000000006.png,0000000007.png,baseline,False,0,86.8792953491211,0.27425417874994307,90.70478175732231,-0.20918235182762146,0.08126501739025116,7
2011_09_26/2011_09_26_drive_0011_sync,iid_noise,7,7,7,8,0000000007.png,0000000008.png,baseline,False,0,92.05716705322266,0.2905993204154163,90.9847255135737,-0.23436397314071655,0.08160096406936646,8
2011_09_26/2011_09_26_drive_0011_sync,iid_noise,8,8,8,9,0000000008.png,0000000009.png,baseline,False,0,86.93146514892578,0.2744188681619491,90.14570061809158,-0.3134687542915344,0.08313646912574768,8
2011_09_26/2011_09_26_drive_0011_sync,iid_noise,9,9,9,10,0000000009.png,0000000010.png,baseline,False,0,81.57568359375,0.2575121343633129,88.37170709405288,-0.22515219449996948,0.08346528559923172,8
2011_09_26/2011_09_26_drive_0011_sync,iid_noise,10,10,10,11,0000000010.png,0000000011.png,baseline,False,0,65.7372817993164,0.20751463940408413,83.68638105804243,-0.1566319465637207,0.07723520696163177,8
2011_09_26/2011_09_26_drive_0011_sync,iid_noise,11,11,11,12,0000000011.png,0000000012.png,baseline,False,0,68.00650024414062,0.2146779374182091,80.44064572956475,-0.2372511327266693,0.06906986981630325,8
2011_09_26/2011_09_26_drive_0011_sync,iid_noise,12,12,12,13,0000000012.png,0000000013.png,baseline,False,0,68.63778686523438,0.21667073850443003,77.99745394464837,-0.08173087984323502,0.061469655483961105,8
2011_09_26/2011_09_26_drive_0011_sync,iid_noise,13,13,13,14,0000000013.png,0000000014.png,baseline,False,0,75.75875854492188,0.23914967642861326,77.53404399690498,-0.3482774496078491,0.05850148946046829,8
2011_09_26/2011_09_26_drive_0011_sync,iid_noise,14,14,14,15,0000000014.png,0000000015.png,baseline,False,0,80.57559967041016,0.254355136508193,78.16364602132056,-0.1987348198890686,0.057038452476263046,8
2011_09_26/2011_09_26_drive_0011_sync,iid_noise,15,15,15,16,0000000015.png,0000000016.png,baseline,False,0,81.96331787109375,0.2587357952070418,78.95017809422362,-0.3451506495475769,0.05494151636958122,8
2011_09_26/2011_09_26_drive_0011_sync,iid_noise,16,16,16,17,0000000016.png,0000000017.png,baseline,False,0,74.82263946533203,0.23619462017603507,78.09577759804306,-0.2171584665775299,0.05256524309515953,8
2011_09_26/2011_09_26_drive_0011_sync,iid_noise,17,17,17,18,0000000017.png,0000000018.png,baseline,False,0,71.254638671875,0.22493141970269395,76.67966184032628,-0.36116209626197815,0.05097401142120361,8
2011_09_26/2011_09_26_drive_0011_sync,iid_noise,18,18,18,19,0000000018.png,0000000019.png,baseline,False,0,82.60359191894531,0.2607569601038913,77.90591536660042,-0.19599473476409912,0.05383962392807007,8
2011_09_26/2011_09_26_drive_0011_sync,iid_noise,19,19,19,20,0000000019.png,0000000020.png,baseline,False,0,82.6634750366211,0.26094598699233384,78.8907302182947,-0.30949240922927856,0.0566631518304348,8
2011_09_26/2011_09_26_drive_0011_sync,iid_noise,20,20,20,21,0000000020.png,0000000021.png,baseline,False,0,70.39282989501953,0.22221093233970418,77.13166485137675,-0.17048372328281403,0.056540440768003464,8
2011_09_26/2011_09_26_drive_0011_sync,iid_noise,21,21,21,22,0000000021.png,0000000022.png,baseline,False,0,68.55253601074219,0.21640160758757576,75.3557851813654,-0.3074539303779602,0.055599793791770935,8
2011_09_26/2011_09_26_drive_0011_sync,iid_noise,22,22,22,23,0000000022.png,0000000023.png,baseline,False,0,76.18284606933594,0.24048840652496017,75.52698678517531,-0.2526434659957886,0.054096173495054245,8
2011_09_26/2011_09_26_drive_0011_sync,iid_noise,23,23,23,24,0000000023.png,0000000024.png,baseline,False,0,79.2751235961914,0.25024988679568905,76.30285110505565,-0.2682949900627136,0.05365904048085213,8
2011_09_26/2011_09_26_drive_0011_sync,iid_noise,24,24,24,25,0000000024.png,0000000025.png,baseline,False,0,67.6902847290039,0.21367974101203263,74.52004986521294,-0.27043312788009644,0.052348874509334564,8
2011_09_26/2011_09_26_drive_0011_sync,iid_noise,25,25,25,26,0000000025.png,0000000026.png,baseline,False,0,74.43502807617188,0.2349710435350769,74.50245035488145,-0.17882074415683746,0.05266460031270981,8
2011_09_26/2011_09_26_drive_0011_sync,iid_noise,26,26,26,27,0000000026.png,0000000027.png,baseline,False,0,77.21869659423828,0.24375830660628992,75.06471332642832,-0.1695985198020935,0.05104308947920799,8
2011_09_26/2011_09_26_drive_0011_sync,iid_noise,27,27,27,28,0000000027.png,0000000028.png,baseline,False,0,78.98807525634766,0.24934375581551285,75.87684924592162,-0.2665657699108124,0.050895776599645615,8
2011_09_26/2011_09_26_drive_0011_sync,iid_noise,28,28,28,29,0000000028.png,0000000029.png,baseline,False,0,92.11257934570312,0.29077423888726667,79.2376453765764,-0.13140912353992462,0.05446314066648483,8
2011_09_26/2011_09_26_drive_0011_sync,iid_noise,29,29,29,30,0000000029.png,0000000030.png,baseline,False,0,88.8577880859375,0.2804997557181724,81.22901491741415,-0.2574393153190613,0.058330073952674866,8
2011_09_26/2011_09_26_drive_0011_sync,iid_noise,30,30,30,31,0000000030.png,0000000031.png,baseline,False,0,95.36974334716797,0.30105620363417224,84.15614570237318,-0.13261283934116364,0.06238724663853645,8
2011_09_26/2011_09_26_drive_0011_sync,iid_noise,31,31,31,32,0000000031.png,0000000032.png,baseline,False,0,89.44853973388672,0.28236458383272794,85.25167126689648,-0.12309078127145767,0.06470603495836258,8
2011_09_26/2011_09_26_drive_0011_sync,iid_noise,32,32,32,33,0000000032.png,0000000033.png,baseline,False,0,81.53773498535156,0.257392353107406,84.48288645661668,-0.13227063417434692,0.0673827975988388,8
2011_09_26/2011_09_26_drive_0011_sync,iid_noise,33,33,33,34,0000000033.png,0000000034.png,baseline,False,0,95.97221374511719,0.3029580551235023,86.86117720533628,-0.07222214341163635,0.07142886519432068,8
2011_09_26/2011_09_26_drive_0011_sync,iid_noise,34,34,34,35,0000000034.png,0000000035.png,baseline,False,0,94.84107208251953,0.29938734001259554,88.51301544491321,-0.33008381724357605,0.0753365233540535,8
2011_09_26/2011_09_26_drive_0011_sync,iid_noise,35,35,35,36,0000000035.png,0000000036.png,baseline,False,0,107.15726470947266,0.33826619702825195,92.37237504267702,-0.219096839427948,0.08130770176649094,8
2011_09_26/2011_09_26_drive_0011_sync,iid_noise,36,36,36,37,0000000036.png,0000000037.png,baseline,False,0,107.33102416992188,0.33881471211116415,95.46881541201671,-0.30201512575149536,0.08441703021526337,8
2011_09_26/2011_09_26_drive_0011_sync,iid_noise,37,37,37,38,0000000037.png,0000000038.png,baseline,False,0,108.26544189453125,0.3417643940342335,98.11771709389721,-0.2872268557548523,0.08969203382730484,8
2011_09_26/2011_09_26_drive_0011_sync,iid_noise,38,38,38,39,0000000038.png,0000000039.png,baseline,False,0,85.58527374267578,0.270169318320479,95.52350132019438,-0.10088930279016495,0.08771257102489471,8
2011_09_26/2011_09_26_drive_0011_sync,iid_noise,39,39,39,40,0000000039.png,0000000040.png,baseline,False,0,84.51174926757812,0.26678049978378854,93.24406864530282,-0.21490144729614258,0.08683004975318909,8
2011_09_26/2011_09_26_drive_0011_sync,iid_noise,40,40,40,41,0000000040.png,0000000041.png,disturbance,True,0,158.4472198486328,0.5001745813282293,106.74112094439212,-0.21427837014198303,0.10907246917486191,8
2011_09_26/2011_09_26_drive_0011_sync,iid_noise,41,41,41,42,0000000041.png,0000000042.png,disturbance,True,0,112.44247436523438,0.35495015976500954,107.92130110250648,-0.3485880494117737,0.11257177591323853,8
2011_09_26/2011_09_26_drive_0011_sync,iid_noise,42,42,42,43,0000000042.png,0000000043.png,disturbance,True,0,112.97218322753906,0.3566223123116872,108.96683370238823,-0.3128403425216675,0.11718971282243729,8
2011_09_26/2011_09_26_drive_0011_sync,iid_noise,43,43,43,44,0000000043.png,0000000044.png,disturbance,True,0,107.99098205566406,0.34089801853434376,108.76483241151632,-0.29534047842025757,0.1168118491768837,8
2011_09_26/2011_09_26_drive_0011_sync,iid_noise,44,44,44,45,0000000044.png,0000000045.png,disturbance,True,0,119.82814025878906,0.3782646803947509,111.05493713590178,-0.3755541443824768,0.12075292319059372,8
2011_09_26/2011_09_26_drive_0011_sync,iid_noise,45,45,45,46,0000000045.png,0000000046.png,disturbance,True,0,107.14862060546875,0.3382388949583658,110.24632961410214,-0.332763135433197,0.12111452221870422,8
2011_09_26/2011_09_26_drive_0011_sync,iid_noise,46,46,46,47,0000000046.png,0000000047.png,disturbance,True,0,113.3509750366211,0.35781805042476245,110.88899121656357,-0.29263558983802795,0.1275644749403,8
2011_09_26/2011_09_26_drive_0011_sync,iid_noise,47,47,47,48,0000000047.png,0000000048.png,disturbance,True,0,109.38646697998047,0.34530318018906797,110.57796869959087,-0.3641453981399536,0.1340366005897522,8
2011_09_26/2011_09_26_drive_0011_sync,iid_noise,48,48,48,49,0000000048.png,0000000049.png,disturbance,True,0,109.39982604980469,0.34534533892562774,110.33409317108513,-0.3532276749610901,0.11786480247974396,8
2011_09_26/2011_09_26_drive_0011_sync,iid_noise,49,49,49,50,0000000049.png,0000000050.png,disturbance,True,0,104.9914779663086,0.331429396040923,109.22817182369639,-0.28850579261779785,0.11660951375961304,8
2011_09_26/2011_09_26_drive_0011_sync,iid_noise,50,50,50,51,0000000050.png,0000000051.png,disturbance,True,0,120.02530670166016,0.37888707771168245,111.46317874343488,-0.230473592877388,0.11780139058828354,8
2011_09_26/2011_09_26_drive_0011_sync,iid_noise,51,51,51,52,0000000051.png,0000000052.png,disturbance,True,0,115.51313781738281,0.36464341440607906,112.3015202717421,-0.4298190474510193,0.12038853764533997,8
2011_09_26/2011_09_26_drive_0011_sync,iid_noise,52,52,52,53,0000000052.png,0000000053.png,disturbance,True,0,113.33088684082031,0.3577546410236247,112.51459915154129,-0.19235897064208984,0.11838167160749435,8
2011_09_26/2011_09_26_drive_0011_sync,iid_noise,53,53,53,54,0000000053.png,0000000054.png,disturbance,True,0,136.3570098876953,0.4304418185025606,117.44997817392517,-0.32068538665771484,0.12688682973384857,8
2011_09_26/2011_09_26_drive_0011_sync,iid_noise,54,54,54,55,0000000054.png,0000000055.png,disturbance,True,0,121.24836730957031,0.3827479561091492,118.23624472500373,-0.3812091052532196,0.12943944334983826,8
2011_09_26/2011_09_26_drive_0011_sync,iid_noise,55,55,55,56,0000000055.png,0000000056.png,disturbance,True,0,119.31581115722656,0.3766474101783358,118.45971497647386,-0.3447621166706085,0.13262176513671875,8
2011_09_26/2011_09_26_drive_0011_sync,iid_noise,56,56,56,57,0000000056.png,0000000057.png,disturbance,True,0,94.91081237792969,0.2996075009681551,113.58509213857522,-0.30743977427482605,0.12936758995056152,8
2011_09_26/2011_09_26_drive_0011_sync,iid_noise,57,57,57,58,0000000057.png,0000000058.png,disturbance,True,0,93.36092376708984,0.2947149245364055,109.39868928567775,-0.25787830352783203,0.1262345314025879,8
2011_09_26/2011_09_26_drive_0011_sync,iid_noise,58,58,58,59,0000000058.png,0000000059.png,disturbance,True,0,102.98562622070312,0.32509746740581497,108.071185231228,-0.268638014793396,0.12072143703699112,8
2011_09_26/2011_09_26_drive_0011_sync,iid_noise,59,59,59,60,0000000059.png,0000000060.png,disturbance,True,0,92.84693145751953,0.2930923963930968,104.91976470007035,-0.3171634078025818,0.114871084690094,8
2011_09_26/2011_09_26_drive_0011_sync,iid_noise,60,60,60,61,0000000060.png,0000000061.png,disturbance,True,0,107.65481567382812,0.3398368220883741,105.4859202516382,-0.31743574142456055,0.113299660384655,8
2011_09_26/2011_09_26_drive_0011_sync,iid_noise,61,61,61,62,0000000061.png,0000000062.png,disturbance,True,0,101.9362564086914,0.3217848920153879,104.75113983614821,-0.3381900191307068,0.1035517230629921,8
2011_09_26/2011_09_26_drive_0011_sync,iid_noise,62,62,62,63,0000000062.png,0000000063.png,disturbance,True,0,94.32160186767578,0.2977475094006433,102.59222547667443,-0.2817007601261139,0.09658303111791611,8
2011_09_26/2011_09_26_drive_0011_sync,iid_noise,63,63,63,64,0000000063.png,0000000064.png,disturbance,True,0,99.82148742675781,0.31510916093803987,102.0186827003417,-0.3169930577278137,0.09145155549049377,8
2011_09_26/2011_09_26_drive_0011_sync,iid_noise,64,64,64,65,0000000064.png,0000000065.png,disturbance,True,0,109.58274841308594,0.3459227774708351,103.58444430287976,-0.27539002895355225,0.09547069668769836,8
2011_09_26/2011_09_26_drive_0011_sync,iid_noise,65,65,65,66,0000000065.png,0000000066.png,disturbance,True,0,99.04722595214844,0.3126650255297602,102.64524010427837,-0.28930288553237915,0.09664053469896317,8
2011_09_26/2011_09_26_drive_0011_sync,iid_noise,66,66,66,67,0000000066.png,0000000067.png,disturbance,True,0,104.39330291748047,0.32954112505236227,103.0070891066112,-0.3416476845741272,0.0972280502319336,8
2011_09_26/2011_09_26_drive_0011_sync,iid_noise,67,67,67,68,0000000067.png,0000000068.png,disturbance,True,0,106.8377456665039,0.33725757501789055,103.800035014509,-0.26663267612457275,0.09984125196933746,8
2011_09_26/2011_09_26_drive_0011_sync,iid_noise,68,68,68,69,0000000068.png,0000000069.png,disturbance,True,0,100.84484100341797,0.31833959880791113,103.18830985421316,-0.34771955013275146,0.09884008765220642,8
2011_09_26/2011_09_26_drive_0011_sync,iid_noise,69,69,69,70,0000000069.png,0000000070.png,disturbance,True,0,112.6755599975586,0.3556859537056502,105.15217063388567,-0.2624526619911194,0.10135456919670105,8
2011_09_26/2011_09_26_drive_0011_sync,iid_noise,70,70,70,71,0000000070.png,0000000071.png,disturbance,True,0,101.4266128540039,0.32017608389383156,104.38098017345015,-0.4047030806541443,0.10289447009563446,8
2011_09_26/2011_09_26_drive_0011_sync,iid_noise,71,71,71,72,0000000071.png,0000000072.png,disturbance,True,0,98.24163055419922,0.3101219773274008,103.11013480226522,-0.2570940852165222,0.10246697813272476,8
2011_09_26/2011_09_26_drive_0011_sync,iid_noise,72,72,72,73,0000000072.png,0000000073.png,disturbance,True,0,109.120361328125,0.34446313967631015,104.3542516931182,-0.3451177477836609,0.10251272469758987,8
2011_09_26/2011_09_26_drive_0011_sync,iid_noise,73,73,73,74,0000000073.png,0000000074.png,disturbance,True,0,109.12422180175781,0.34447532770866757,105.3416355056066,-0.24496465921401978,0.1047368198633194,8
2011_09_26/2011_09_26_drive_0011_sync,iid_noise,74,74,74,75,0000000074.png,0000000075.png,disturbance,True,0,106.844482421875,0.33727883757300453,105.65272481727416,-0.34203383326530457,0.10550861060619354,8
2011_09_26/2011_09_26_drive_0011_sync,iid_noise,75,75,75,76,0000000075.png,0000000076.png,disturbance,True,0,116.39031219482422,0.36741239681100335,107.87540540442703,-0.2504551112651825,0.10728247463703156,8
2011_09_26/2011_09_26_drive_0011_sync,iid_noise,76,76,76,77,0000000076.png,0000000077.png,disturbance,True,0,124.34713745117188,0.3925299164128554,111.2850539381032,-0.31402382254600525,0.1137843206524849,8
2011_09_26/2011_09_26_drive_0011_sync,iid_noise,77,77,77,78,0000000077.png,0000000078.png,disturbance,True,0,124.90869903564453,0.39430260406377254,114.10514847329426,-0.3488306999206543,0.11746051162481308,8
2011_09_26/2011_09_26_drive_0011_sync,iid_noise,78,78,78,79,0000000078.png,0000000079.png,disturbance,True,0,119.84803009033203,0.37832746838688447,115.29392496802109,-0.26209449768066406,0.12255926430225372,8
2011_09_26/2011_09_26_drive_0011_sync,iid_noise,79,79,79,80,0000000079.png,0000000080.png,disturbance,True,0,110.0335464477539,0.347345824362,114.20502661432579,-0.30552786588668823,0.12495867908000946,8
2011_09_26/2011_09_26_drive_0011_sync,iid_noise,80,80,80,81,0000000080.png,0000000081.png,disturbance,True,0,117.8196029663086,0.3719242840654309,114.95324391918624,-0.28872203826904297,0.12709781527519226,8
2011_09_26/2011_09_26_drive_0011_sync,iid_noise,81,81,81,82,0000000081.png,0000000082.png,disturbance,True,0,120.32878112792969,0.379845095137392,116.06598012139612,-0.30507051944732666,0.1302410215139389,8
2011_09_26/2011_09_26_drive_0011_sync,iid_noise,82,82,82,83,0000000082.png,0000000083.png,disturbance,True,0,115.40538024902344,0.3643032587659049,115.92923594781499,-0.2939665615558624,0.13226734101772308,8
2011_09_26/2011_09_26_drive_0011_sync,iid_noise,83,83,83,84,0000000083.png,0000000084.png,disturbance,True,0,110.75248718261719,0.34961534207329187,114.85764895341904,-0.37053775787353516,0.1304595023393631,8
2011_09_26/2011_09_26_drive_0011_sync,iid_noise,84,84,84,85,0000000084.png,0000000085.png,disturbance,True,0,109.84223175048828,0.3467419098368907,113.81945759241238,-0.2743493914604187,0.12552739679813385,8
2011_09_26/2011_09_26_drive_0011_sync,iid_noise,85,85,85,86,0000000085.png,0000000086.png,disturbance,True,0,109.24359130859375,0.3448521544690203,112.87225327166192,-0.2888009548187256,0.1222304105758667,8
2011_09_26/2011_09_26_drive_0011_sync,iid_noise,86,86,86,87,0000000086.png,0000000087.png,disturbance,True,0,107.5689926147461,0.3395659089249962,111.77447831568035,-0.23799052834510803,0.11906089633703232,8
2011_09_26/2011_09_26_drive_0011_sync,iid_noise,87,87,87,88,0000000087.png,0000000088.png,disturbance,True,0,110.39249420166016,0.3484789297679641,111.48840760407818,-0.26581838726997375,0.11836685985326767,8
2011_09_26/2011_09_26_drive_0011_sync,iid_noise,88,88,88,89,0000000088.png,0000000089.png,disturbance,True,0,122.6420669555664,0.3871475116255636,113.79721508983624,-0.19688749313354492,0.11875268816947937,8
2011_09_26/2011_09_26_drive_0011_sync,iid_noise,89,89,89,90,0000000089.png,0000000090.png,disturbance,True,0,125.59760284423828,0.3964773092908745,116.23989535499747,-0.17927047610282898,0.12000451236963272,8
2011_09_26/2011_09_26_drive_0011_sync,iid_noise,90,90,90,91,0000000090.png,0000000091.png,disturbance,True,0,155.2615966796875,0.49011841576591747,124.3173875292083,-0.44139522314071655,0.135035902261734,8
2011_09_26/2011_09_26_drive_0011_sync,iid_noise,91,91,91,92,0000000091.png,0000000092.png,disturbance,True,0,118.50791931152344,0.3740971146568394,123.11482760814755,-0.17703939974308014,0.13638991117477417,8
2011_09_26/2011_09_26_drive_0011_sync,iid_noise,92,92,92,93,0000000092.png,0000000093.png,disturbance,True,0,112.79752349853516,0.35607094112928056,120.97914565745779,-0.3652588427066803,0.13783352077007294,8
2011_09_26/2011_09_26_drive_0011_sync,iid_noise,93,93,93,94,0000000093.png,0000000094.png,disturbance,True,0,108.0689468383789,0.3411441128325818,118.30673450190847,-0.28761738538742065,0.1374906748533249,8
2011_09_26/2011_09_26_drive_0011_sync,iid_noise,94,94,94,95,0000000094.png,0000000095.png,disturbance,True,0,103.29287719726562,0.3260673995217494,115.1988660398474,-0.2156667858362198,0.13600091636180878,8
2011_09_26/2011_09_26_drive_0011_sync,iid_noise,95,95,95,96,0000000095.png,0000000096.png,disturbance,True,0,107.76808166503906,0.34019436781687795,113.66069367426208,-0.27430206537246704,0.13575759530067444,8
2011_09_26/2011_09_26_drive_0011_sync,iid_noise,96,96,96,97,0000000096.png,0000000097.png,disturbance,True,0,117.15895080566406,0.3698387809970788,114.38483290046229,-0.3438238501548767,0.13228605687618256,8
2011_09_26/2011_09_26_drive_0011_sync,iid_noise,97,97,97,98,0000000097.png,0000000098.png,disturbance,True,0,126.26138305664062,0.3985726744292457,116.8432787827912,-0.3820604681968689,0.1315179169178009,8
2011_09_26/2011_09_26_drive_0011_sync,iid_noise,98,98,98,99,0000000098.png,0000000099.png,disturbance,True,0,111.63652038574219,0.3524059667867754,115.76547979460206,-0.17618930339813232,0.11830082535743713,8
2011_09_26/2011_09_26_drive_0011_sync,iid_noise,99,99,99,100,0000000099.png,0000000100.png,disturbance,True,0,116.18161010742188,0.3667535855846744,115.85161876935577,-0.27711179852485657,0.11788658797740936,8
2011_09_26/2011_09_26_drive_0011_sync,iid_noise,100,100,100,101,0000000100.png,0000000101.png,disturbance,True,0,122.60006713867188,0.3870148921646818,117.2485475818042,-0.21167732775211334,0.12179992347955704,8
2011_09_26/2011_09_26_drive_0011_sync,iid_noise,101,101,101,102,0000000101.png,0000000102.png,disturbance,True,0,121.73001098632812,0.38426836674637027,118.17621050654066,-0.2293727695941925,0.12561124563217163,8
2011_09_26/2011_09_26_drive_0011_sync,iid_noise,102,102,102,103,0000000102.png,0000000103.png,disturbance,True,0,102.4146957397461,0.3232951970730945,114.91357694981419,-0.26888641715049744,0.12643809616565704,8
2011_09_26/2011_09_26_drive_0011_sync,iid_noise,103,103,103,104,0000000103.png,0000000104.png,disturbance,True,0,98.50576782226562,0.310955786047513,111.51716046041165,-0.2693967819213867,0.12411729246377945,8
2011_09_26/2011_09_26_drive_0011_sync,iid_noise,104,104,104,105,0000000104.png,0000000105.png,disturbance,True,0,109.62593841552734,0.3460591094374705,111.12567749712059,-0.3464072346687317,0.12159012258052826,8
2011_09_26/2011_09_26_drive_0011_sync,iid_noise,105,105,105,106,0000000105.png,0000000106.png,disturbance,True,0,100.19137573242188,0.3162767946064974,108.86227703182797,-0.31169286370277405,0.11541395634412766,8
2011_09_26/2011_09_26_drive_0011_sync,iid_noise,106,106,106,107,0000000106.png,0000000107.png,disturbance,True,0,108.74085235595703,0.3432651373094741,108.83714212392269,-0.26600223779678345,0.11329858750104904,8
2011_09_26/2011_09_26_drive_0011_sync,iid_noise,107,107,107,108,0000000107.png,0000000108.png,disturbance,True,0,93.93528747558594,0.2965280236844471,105.75245821171698,-0.36654892563819885,0.10805635154247284,8
2011_09_26/2011_09_26_drive_0011_sync,iid_noise,108,108,108,109,0000000108.png,0000000109.png,disturbance,True,0,92.04268646240234,0.2905535774247703,102.91453545960886,-0.22943773865699768,0.10152365267276764,8
2011_09_26/2011_09_26_drive_0011_sync,iid_noise,109,109,109,110,0000000109.png,0000000110.png,disturbance,True,0,86.85205841064453,0.2741682098416744,99.58960271047324,-0.2639181613922119,0.092083640396595,8
2011_09_26/2011_09_26_drive_0011_sync,iid_noise,110,110,110,111,0000000110.png,0000000111.png,disturbance,True,0,81.94380187988281,0.25867417862447356,95.93692193854103,-0.4679633378982544,0.08843984454870224,8
2011_09_26/2011_09_26_drive_0011_sync,iid_noise,111,111,111,112,0000000111.png,0000000112.png,disturbance,True,0,73.46666717529297,0.2319141982150279,91.28557920254869,-0.23667754232883453,0.08249204605817795,8
2011_09_26/2011_09_26_drive_0011_sync,iid_noise,112,112,112,113,0000000112.png,0000000113.png,disturbance,True,0,78.19900512695312,0.24685289972107718,88.57665836890041,-0.3888862431049347,0.07580120861530304,8
2011_09_26/2011_09_26_drive_0011_sync,iid_noise,113,113,113,114,0000000113.png,0000000114.png,disturbance,True,0,81.04296875,0.25583050106284616,87.01718461778803,-0.35506346821784973,0.07169824838638306,8
2011_09_26/2011_09_26_drive_0011_sync,iid_noise,114,114,114,115,0000000114.png,0000000115.png,disturbance,True,0,79.82836151123047,0.2519963249608411,85.52909823473061,-0.373254656791687,0.0652986541390419,8
2011_09_26/2011_09_26_drive_0011_sync,iid_noise,115,115,115,116,0000000115.png,0000000116.png,disturbance,True,0,73.3511962890625,0.2315496780794221,83.00827253197731,-0.26742830872535706,0.061533372849226,8
2011_09_26/2011_09_26_drive_0011_sync,iid_noise,116,116,116,117,0000000116.png,0000000117.png,disturbance,True,0,81.62339782714844,0.2576627585454791,82.72160346807775,-0.3879871368408203,0.06003114953637123,8
2011_09_26/2011_09_26_drive_0011_sync,iid_noise,117,117,117,118,0000000117.png,0000000118.png,disturbance,True,0,74.4553451538086,0.23503518108797702,81.01048799702404,-0.31776928901672363,0.05741339549422264,8
2011_09_26/2011_09_26_drive_0011_sync,iid_noise,118,118,118,119,0000000118.png,0000000119.png,disturbance,True,0,79.82011413574219,0.2519702905529512,80.7640806077387,-0.3415585160255432,0.057017870247364044,8
2011_09_26/2011_09_26_drive_0011_sync,iid_noise,119,119,119,120,0000000119.png,0000000120.png,disturbance,True,0,89.73492431640625,0.28326862498543376,82.62104525543289,-0.46059173345565796,0.06015826016664505,8
2011_09_26/2011_09_26_drive_0011_sync,iid_noise,120,120,120,121,0000000120.png,0000000121.png,recovery,False,0,139.18272399902344,0.4393618170929704,94.32931275535614,-0.20393331348896027,0.07535915821790695,8
2011_09_26/2011_09_26_drive_0011_sync,iid_noise,121,121,121,122,0000000121.png,0000000122.png,recovery,False,0,51.57328414916992,0.16280276446971165,85.4788148338756,-0.12185779213905334,0.07018948346376419,8
2011_09_26/2011_09_26_drive_0011_sync,iid_noise,122,122,122,123,0000000122.png,0000000123.png,recovery,False,0,61.19746398925781,0.19318366496075456,80.45257520903972,0.0185103677213192,0.0668550431728363,8
2011_09_26/2011_09_26_drive_0011_sync,iid_noise,123,123,123,124,0000000123.png,0000000124.png,recovery,False,0,64.25172424316406,0.20282513235276628,77.09899905910346,-0.17678120732307434,0.06502435356378555,8
2011_09_26/2011_09_26_drive_0011_sync,iid_noise,124,124,124,125,0000000124.png,0000000125.png,recovery,False,0,53.703346252441406,0.16952678085624318,72.25609892812442,0.003110524732619524,0.060114286839962006,8
2011_09_26/2011_09_26_drive_0011_sync,iid_noise,125,125,125,126,0000000125.png,0000000126.png,recovery,False,0,58.62892532348633,0.18507549238929139,69.43527399196434,-0.009643669240176678,0.05765271559357643,8
2011_09_26/2011_09_26_drive_0011_sync,iid_noise,126,126,126,127,0000000126.png,0000000127.png,recovery,False,0,54.36838912963867,0.1716261384187187,66.31642882546294,-0.02038922905921936,0.05269825458526611,8
2011_09_26/2011_09_26_drive_0011_sync,iid_noise,127,127,127,128,0000000127.png,0000000128.png,recovery,False,0,55.205528259277344,0.17426875876392575,64.01647240826252,-0.014628170058131218,0.0465209037065506,8
2011_09_26/2011_09_26_drive_0011_sync,iid_noise,128,128,128,129,0000000128.png,0000000129.png,recovery,False,0,59.243167877197266,0.18701448762203443,63.02839837033201,-0.08545270562171936,0.02887284941971302,8
2011_09_26/2011_09_26_drive_0011_sync,iid_noise,129,129,129,130,0000000129.png,0000000130.png,recovery,False,0,49.050357818603516,0.15483857084595212,60.13494397612422,-0.08714430034160614,0.028388163074851036,8
2011_09_26/2011_09_26_drive_0011_sync,iid_noise,130,130,130,131,0000000130.png,0000000131.png,recovery,False,0,51.96000289916992,0.16402352528616293,58.44273117319468,0.017153898254036903,0.02690073847770691,8
2011_09_26/2011_09_26_drive_0011_sync,iid_noise,131,131,131,132,0000000131.png,0000000132.png,recovery,False,0,55.001564025878906,0.17362490036297626,57.73040957370032,-0.09056777507066727,0.025663956999778748,8
2011_09_26/2011_09_26_drive_0011_sync,iid_noise,132,132,132,133,0000000132.png,0000000133.png,recovery,False,0,65.16806030273438,0.20571775143175428,59.270003274610374,0.09656520187854767,0.026797346770763397,8
2011_09_26/2011_09_26_drive_0011_sync,iid_noise,133,133,133,134,0000000133.png,0000000134.png,recovery,False,0,68.51927947998047,0.21629663266421412,61.18460344912198,-0.16556093096733093,0.028855761513113976,8
2011_09_26/2011_09_26_drive_0011_sync,iid_noise,134,134,134,135,0000000134.png,0000000135.png,recovery,False,0,52.89801788330078,0.1669845802403671,59.469280236996994,0.025405466556549072,0.028805838897824287,8
2011_09_26/2011_09_26_drive_0011_sync,iid_noise,135,135,135,136,0000000135.png,0000000136.png,recovery,False,0,65.49358367919922,0.2067453461576452,60.716311049532855,0.030131585896015167,0.029899796470999718,8
2011_09_26/2011_09_26_drive_0011_sync,iid_noise,136,136,136,137,0000000136.png,0000000137.png,recovery,False,0,72.24533081054688,0.22805875770109893,63.10281814006276,-0.23760898411273956,0.03184250742197037,8
2011_09_26/2011_09_26_drive_0011_sync,iid_noise,137,137,137,138,0000000137.png,0000000138.png,recovery,False,0,68.6205825805664,0.21661642658219554,64.24499537924702,-0.12613512575626373,0.034491922706365585,8
2011_09_26/2011_09_26_drive_0011_sync,iid_noise,138,138,138,139,0000000138.png,0000000139.png,recovery,False,0,65.13822174072266,0.2056235734548044,64.42989323607247,0.02933945134282112,0.035872526466846466,8
2011_09_26/2011_09_26_drive_0011_sync,iid_noise,139,139,139,140,0000000139.png,0000000140.png,recovery,False,0,83.53668975830078,0.2637024897003613,68.38500011617373,-0.1148141622543335,0.04108594357967377,8
2011_09_26/2011_09_26_drive_0011_sync,iid_noise,140,140,140,141,0000000140.png,0000000141.png,recovery,False,0,69.14640045166016,0.2182762857990844,68.54260998561942,-0.11722202599048615,0.041429612785577774,8
2011_09_26/2011_09_26_drive_0011_sync,iid_noise,141,141,141,142,0000000141.png,0000000142.png,recovery,False,0,65.23857879638672,0.20594036854264197,67.85867552944825,0.08761115372180939,0.041302286088466644,8
2011_09_26/2011_09_26_drive_0011_sync,iid_noise,142,142,142,143,0000000142.png,0000000143.png,recovery,False,0,66.98694610595703,0.21145947652579788,67.67822753878556,0.09885136783123016,0.04323636740446091,8
2011_09_26/2011_09_26_drive_0011_sync,iid_noise,143,143,143,144,0000000143.png,0000000144.png,recovery,False,0,63.4510383605957,0.200297585391847,66.80319937890026,0.07034166157245636,0.04271162301301956,8
2011_09_26/2011_09_26_drive_0011_sync,iid_noise,144,144,144,145,0000000144.png,0000000145.png,recovery,False,0,75.24760437011719,0.23753612519631048,68.55119121208216,-0.03391176089644432,0.04321839660406113,8
2011_09_26/2011_09_26_drive_0011_sync,iid_noise,145,145,145,146,0000000145.png,0000000146.png,recovery,False,0,65.04656982421875,0.20533424913995066,67.82573458479443,0.05365242809057236,0.042224008589982986,8
2011_09_26/2011_09_26_drive_0011_sync,iid_noise,146,146,146,147,0000000146.png,0000000147.png,recovery,False,0,68.42894744873047,0.21601147190675146,67.95059964762919,0.046826355159282684,0.0429145023226738,8
2011_09_26/2011_09_26_drive_0011_sync,iid_noise,147,147,147,148,0000000147.png,0000000148.png,recovery,False,0,56.61666488647461,0.17872334004707968,65.6044751520702,0.13231593370437622,0.03829116001725197,8
2011_09_26/2011_09_26_drive_0011_sync,iid_noise,148,148,148,149,0000000148.png,0000000149.png,recovery,False,0,61.41681671142578,0.1938761058464707,64.7376298548568,0.03444258123636246,0.03721025213599205,8
2011_09_26/2011_09_26_drive_0011_sync,iid_noise,149,149,149,150,0000000149.png,0000000150.png,recovery,False,0,61.34210968017578,0.1936402736947819,64.03475717869783,0.10524126887321472,0.03669360652565956,8
