sequence_id,frame_id,frame_index,gain_change_z1,logit_residual_z1,gain_change_z4,logit_residual_z4,error_z1,dynamic_error_z1,correction_z1,state_z1,error_z4,dynamic_error_z4,correction_z4,state_z4
0002,000002,2,0.2149435430765152,1.0826890468597412,0.1197170615196228,0.6525669693946838,0.015499196946620941,0.0032083336263895035,0.008315089158713818,0.339244544506073,0.006140532437711954,0.0012710902374237776,0.0040954663418233395,0.20753373205661774
0002,000003,3,0.21539223194122314,1.1199069023132324,0.12724342942237854,0.6990472674369812,0.015683669596910477,0.00418203417211771,0.008609691634774208,0.3390718698501587,0.0065567372366786,0.001922188326716423,0.004109133034944534,0.20808953046798706
0002,000004,4,0.21390166878700256,1.1384235620498657,0.13663125038146973,0.7786476016044617,0.015712929889559746,0.004669861402362585,0.00874442607164383,0.3389786183834076,0.007047048304229975,0.0024078846909105778,0.004426435101777315,0.20863118767738342
0002,000005,5,0.20976786315441132,1.1372896432876587,0.14156709611415863,0.8447324633598328,0.01587778702378273,0.004986247513443232,0.008889896795153618,0.3389277160167694,0.006886618211865425,0.002710094442591071,0.004616799298673868,0.20923005044460297
0002,000006,6,0.20805734395980835,1.1436833143234253,0.1367506980895996,0.8489620685577393,0.01569903828203678,0.0051752738654613495,0.008965854533016682,0.3389591872692108,0.007136080414056778,0.0028934841975569725,0.005222206003963947,0.20972377061843872
0002,000007,7,0.20427732169628143,1.1386338472366333,0.132546067237854,0.865497350692749,0.015584660694003105,0.005339702591300011,0.009058008901774883,0.33897241950035095,0.007243357598781586,0.003174798097461462,0.005711025558412075,0.21059000492095947
0002,000008,8,0.20195679366588593,1.1468737125396729,0.12733115255832672,0.8545745015144348,0.015418346039950848,0.0054817502386868,0.009216250851750374,0.338947594165802,0.007512639742344618,0.0034296391531825066,0.006071517243981361,0.21105100214481354
0002,000009,9,0.20044897496700287,1.1493486166000366,0.12472264468669891,0.8387445211410522,0.015415864996612072,0.005603288300335407,0.009276269003748894,0.33895692229270935,0.007734634913504124,0.0036086062900722027,0.006143658421933651,0.21117280423641205
0002,000010,10,0.19902217388153076,1.1514664888381958,0.12391610443592072,0.8512558341026306,0.015532468445599079,0.005691376980394125,0.009441002272069454,0.3389483690261841,0.009676455520093441,0.003996655810624361,0.0077025191858410835,0.21065980195999146
0002,000011,11,0.19575686752796173,1.1445289850234985,0.11953599005937576,0.8111853003501892,0.01596751995384693,0.00584341399371624,0.009647541679441929,0.33888906240463257,0.010699383914470673,0.004739639349281788,0.008347691036760807,0.2098507583141327
0002,000012,12,0.19340643286705017,1.1464704275131226,0.1107298955321312,0.7865073084831238,0.016045667231082916,0.006052856333553791,0.009580506943166256,0.33894383907318115,0.008937434293329716,0.004841580521315336,0.006919641979038715,0.2105899453163147
0002,000013,13,0.1906418353319168,1.1429120302200317,0.11637557297945023,0.8366249203681946,0.016298208385705948,0.006232421845197678,0.009650547057390213,0.3389796316623688,0.008471183478832245,0.004975545685738325,0.006506236735731363,0.21061168611049652
0002,000014,14,0.191783607006073,1.1503384113311768,0.12231775373220444,0.8562904000282288,0.016373852267861366,0.006362914573401213,0.009618120267987251,0.3390847444534302,0.007961305789649487,0.004900217521935701,0.0060294996947050095,0.2106904834508896
0002,000015,15,0.19136323034763336,1.1614080667495728,0.11850053817033768,0.8168378472328186,0.016496939584612846,0.00646545784547925,0.00968706700950861,0.33913978934288025,0.008665348403155804,0.005027576815336943,0.0064888508059084415,0.21034474670886993
0002,000016,16,0.1906164437532425,1.1630662679672241,0.11346393823623657,0.7923011779785156,0.016323652118444443,0.006529221311211586,0.009708812460303307,0.3392229378223419,0.008234589360654354,0.005144974682480097,0.0063066380098462105,0.21019896864891052
0002,000017,17,0.18787389993667603,1.1509573459625244,0.11460679024457932,0.7861974239349365,0.016252662986516953,0.006617091596126556,0.009821129962801933,0.3392537534236908,0.009606842882931232,0.005467433016747236,0.007401891518384218,0.20938192307949066
0002,000018,18,0.1881139576435089,1.1612684726715088,0.11839726567268372,0.7942045331001282,0.016369381919503212,0.0067341504618525505,0.010034352540969849,0.33929240703582764,0.009386815130710602,0.005744654219597578,0.0071600377559661865,0.20874819159507751
0002,000019,19,0.18952961266040802,1.1664228439331055,0.11473371088504791,0.7877452373504639,0.016243044286966324,0.006837199907749891,0.009974229149520397,0.33930787444114685,0.008435670286417007,0.005785156041383743,0.006563215982168913,0.20870853960514069
0002,000020,20,0.1890459954738617,1.1693789958953857,0.11968136578798294,0.8125072121620178,0.016275405883789062,0.006898621097207069,0.010076447390019894,0.3393317759037018,0.008746998384594917,0.005971565376967192,0.0067303073592484,0.20828239619731903
0002,000021,21,0.1881239116191864,1.1630502939224243,0.11848735809326172,0.8107365369796753,0.01609042100608349,0.006934919394552708,0.010092063806951046,0.33938223123550415,0.007997113279998302,0.005891113076359034,0.006205746904015541,0.20828205347061157
0002,000022,22,0.1866302639245987,1.1588748693466187,0.12112176418304443,0.8263373970985413,0.01621050015091896,0.006996648386120796,0.010182980448007584,0.33945873379707336,0.007941626012325287,0.005676559638231993,0.006130638998001814,0.208444282412529
0002,000023,23,0.18722902238368988,1.161814570426941,0.12517137825489044,0.8262040615081787,0.016148976981639862,0.007044728379696608,0.010161036625504494,0.33948469161987305,0.008163515478372574,0.005593728274106979,0.00619841692969203,0.2082170993089676
0002,000024,24,0.18472698330879211,1.1529412269592285,0.12001684308052063,0.7810839414596558,0.016055388376116753,0.00706043466925621,0.010061502456665039,0.3394860029220581,0.008385664783418179,0.005596882198005915,0.0064577581360936165,0.20795544981956482
0002,000025,25,0.1851702779531479,1.164805293083191,0.1184416264295578,0.7776844501495361,0.016004148870706558,0.007060587406158447,0.010187025181949139,0.33951959013938904,0.00789704080671072,0.005404272116720676,0.006297828163951635,0.20814009010791779
0002,000026,26,0.18196873366832733,1.1669615507125854,0.1218712106347084,0.815581738948822,0.016318613663315773,0.007108528167009354,0.010563110001385212,0.3395678997039795,0.00818793848156929,0.005416037980467081,0.006659392733126879,0.20821787416934967
0002,000027,27,0.18033680319786072,1.1677690744400024,0.11799807101488113,0.8184540867805481,0.01593269407749176,0.007230821065604687,0.010464527644217014,0.3396027684211731,0.008118624798953533,0.005438321270048618,0.006663914304226637,0.2085501104593277
0002,000028,28,0.1789371371269226,1.1659601926803589,0.12088001519441605,0.8589021563529968,0.016039695590734482,0.007293069735169411,0.010409798473119736,0.33959904313087463,0.008177450858056545,0.005551285110414028,0.006629551760852337,0.20865139365196228
0002,000029,29,0.1798502504825592,1.1697548627853394,0.12588608264923096,0.9099017977714539,0.01598592847585678,0.0073200915940105915,0.010381652973592281,0.339596152305603,0.007733267731964588,0.005487884394824505,0.00621848925948143,0.20895572006702423
0002,000030,30,0.17858240008354187,1.162992238998413,0.12726233899593353,0.9052262902259827,0.01585264876484871,0.007344258949160576,0.01029814500361681,0.3395835757255554,0.007954314351081848,0.005558822304010391,0.006401148624718189,0.20888954401016235
0002,000031,31,0.1793294996023178,1.1622066497802734,0.12377411872148514,0.8665048480033875,0.015761269256472588,0.007339918054640293,0.010174532420933247,0.33954527974128723,0.0077278828248381615,0.005552983842790127,0.006272441707551479,0.20884589850902557
0002,000032,32,0.18044370412826538,1.1622357368469238,0.12136629223823547,0.8388797044754028,0.01580144092440605,0.007327820640057325,0.010131425224244595,0.3395092785358429,0.007273268885910511,0.005461490713059902,0.0058713071048259735,0.20899473130702972
0002,000033,33,0.18079383671283722,1.1579647064208984,0.12096262723207474,0.8038577437400818,0.015916116535663605,0.0072944010607898235,0.01007409393787384,0.33947503566741943,0.00773773854598403,0.00542871281504631,0.006086934357881546,0.20874309539794922
0002,000034,34,0.1794743835926056,1.1570981740951538,0.12124820798635483,0.7967808842658997,0.01580706238746643,0.007274523843079805,0.010075341910123825,0.3394438624382019,0.0073502506129443645,0.005365930497646332,0.0057973358780145645,0.20876485109329224
0002,000035,35,0.1813194751739502,1.1664392948150635,0.12020919471979141,0.7883083820343018,0.015830140560865402,0.007274471689015627,0.010135997086763382,0.3394050896167755,0.007006220985203981,0.005189436953514814,0.005548229906708002,0.20901356637477875
0002,000036,36,0.18097944557666779,1.1722898483276367,0.1218336671590805,0.7975012063980103,0.01585131511092186,0.007238561287522316,0.01017178874462843,0.33934175968170166,0.0071120248176157475,0.005029213149100542,0.005580493248999119,0.20934796333312988
0002,000037,37,0.1816502809524536,1.1831392049789429,0.12248938530683517,0.8178201913833618,0.015643848106265068,0.0072564417496323586,0.010223831050097942,0.3393763601779938,0.0071076564490795135,0.0048563131131231785,0.005673027131706476,0.20984938740730286
0002,000038,38,0.18217873573303223,1.1949173212051392,0.12253396213054657,0.832675039768219,0.015505150891840458,0.007271483074873686,0.0102107347920537,0.33935344219207764,0.006894775200635195,0.004716022405773401,0.005525045562535524,0.210458442568779
0002,000039,39,0.18179810047149658,1.204093337059021,0.12626756727695465,0.855937659740448,0.015233859419822693,0.007270526606589556,0.010074600577354431,0.3393392264842987,0.0076659731566905975,0.004732757341116667,0.005762300919741392,0.21078667044639587
0002,000040,40,0.18090562522411346,1.2063332796096802,0.12195401638746262,0.8437750339508057,0.014960302971303463,0.0072505357675254345,0.009946903213858604,0.3393148183822632,0.007091637700796127,0.004672191571444273,0.005585752427577972,0.21133090555667877
0002,000041,41,0.18014968931674957,1.2050282955169678,0.11777928471565247,0.8062894344329834,0.014909651130437851,0.007236159406602383,0.00998591911047697,0.33927780389785767,0.0070510986261069775,0.004668585956096649,0.005574802402406931,0.21149149537086487
0002,000042,42,0.18040572106838226,1.202422022819519,0.11674632132053375,0.7968321442604065,0.014783436432480812,0.0072301412001252174,0.009935474954545498,0.33930453658103943,0.006930990610271692,0.0046796598471701145,0.005570218898355961,0.2116287648677826
0002,000043,43,0.17910999059677124,1.1971038579940796,0.11858707666397095,0.8315175175666809,0.014605383388698101,0.007196450140327215,0.009891449473798275,0.339290052652359,0.006787742022424936,0.004572940059006214,0.00556290103122592,0.2123313546180725
0002,000044,44,0.17788974940776825,1.1903878450393677,0.11468274146318436,0.796410858631134,0.014413110911846161,0.007166437339037657,0.009815728291869164,0.3393031060695648,0.006911508273333311,0.004576798994094133,0.005652999505400658,0.21262024343013763
0002,000045,45,0.1780668944120407,1.1908178329467773,0.11258728802204132,0.7717301249504089,0.014468618668615818,0.0071369195356965065,0.009868082590401173,0.3392742872238159,0.007425460498780012,0.004686199594289064,0.006044335663318634,0.21259349584579468
0002,000046,46,0.1766074001789093,1.173398733139038,0.11330274492502213,0.7679410576820374,0.014520878903567791,0.007095372769981623,0.00989094004034996,0.33931851387023926,0.007694456726312637,0.004820123314857483,0.0061765857972204685,0.21266189217567444
0002,000047,47,0.1771201640367508,1.168949007987976,0.11303749680519104,0.7472301125526428,0.014509974047541618,0.007098196540027857,0.009881231933832169,0.33933594822883606,0.007758267689496279,0.004968499764800072,0.006136883050203323,0.2124425321817398
0002,000048,48,0.1769232600927353,1.1640076637268066,0.11261223256587982,0.742176353931427,0.014506925828754902,0.007143193855881691,0.009864347986876965,0.33936017751693726,0.007361188996583223,0.004994871560484171,0.005957297049462795,0.21253830194473267
0002,000049,49,0.17780102789402008,1.1643123626708984,0.11395327001810074,0.7581850290298462,0.014506345614790916,0.007151189260184765,0.009806483052670956,0.3393609821796417,0.007231878116726875,0.00489733787253499,0.005931155290454626,0.2128555327653885
0002,000050,50,0.17827381193637848,1.1658166646957397,0.11537528038024902,0.7694641947746277,0.014538278803229332,0.007156136445701122,0.009812858887016773,0.3394013047218323,0.007387170102447271,0.0048838090151548386,0.00608476996421814,0.21304966509342194
0002,000051,51,0.1783534437417984,1.162007451057434,0.11499504745006561,0.7709490656852722,0.014548574574291706,0.0071332729421556,0.009784981608390808,0.3394186496734619,0.007368770428001881,0.004897082690149546,0.006101179867982864,0.2132623791694641
0002,000052,52,0.17675891518592834,1.155470609664917,0.1152670755982399,0.775561511516571,0.014617877081036568,0.007141411304473877,0.009851801209151745,0.3394484519958496,0.0072859772481024265,0.004950815346091986,0.006040070205926895,0.21345873177051544
0002,000053,53,0.17754071950912476,1.1578773260116577,0.11717726290225983,0.7955597639083862,0.014527350664138794,0.007111413404345512,0.009788517840206623,0.3394595980644226,0.007353892084211111,0.004929563030600548,0.00601844722405076,0.21372531354427338
0002,000054,54,0.1770714521408081,1.1570096015930176,0.11798582226037979,0.8098650574684143,0.014672876335680485,0.007102369796484709,0.009903527796268463,0.33948057889938354,0.007628305349498987,0.00493325712159276,0.0061857267282903194,0.21389102935791016
0002,000055,55,0.17506466805934906,1.1504998207092285,0.1184864416718483,0.8187167644500732,0.01459268108010292,0.0070806327275931835,0.009921138174831867,0.33944717049598694,0.00812212098389864,0.005098078865557909,0.006570393685251474,0.2137771099805832
0002,000056,56,0.176011323928833,1.1578832864761353,0.11958928406238556,0.8317586183547974,0.014714796096086502,0.007127243094146252,0.010048676282167435,0.3394332826137543,0.00809381902217865,0.005272152833640575,0.006612167693674564,0.2137547731399536
0002,000057,57,0.1746704876422882,1.1577829122543335,0.1182924285531044,0.8220679759979248,0.0145945493131876,0.007142690010368824,0.009937458671629429,0.33943721652030945,0.008110920898616314,0.005453494843095541,0.006553191691637039,0.21363264322280884
0002,000058,58,0.1753181368112564,1.158478856086731,0.11630502343177795,0.8146154284477234,0.014760532416403294,0.007146335672587156,0.009979909285902977,0.339423269033432,0.0074395183473825455,0.00541559886187315,0.00600912282243371,0.21393971145153046
0002,000059,59,0.17545047402381897,1.1511421203613281,0.1134800910949707,0.784589409828186,0.01470706146210432,0.007141097914427519,0.00984459463506937,0.33943504095077515,0.007646424695849419,0.005394472740590572,0.006137273274362087,0.21388089656829834
0002,000060,60,0.17669478058815002,1.1563314199447632,0.11518331617116928,0.798770546913147,0.014845091849565506,0.007164583541452885,0.009877314791083336,0.3394116461277008,0.007395999971777201,0.005297578405588865,0.005951220635324717,0.2141759842634201
0002,000061,61,0.1765166074037552,1.155409812927246,0.11417806893587112,0.7763948440551758,0.014814948663115501,0.0071664112620055676,0.00987404864281416,0.33939817547798157,0.008175172843039036,0.005381910130381584,0.006543267518281937,0.21391412615776062
0002,000062,62,0.17628213763237,1.154418706893921,0.11377795785665512,0.7613658905029297,0.014923179522156715,0.007156258448958397,0.009805114008486271,0.33941757678985596,0.007595222443342209,0.005358260590583086,0.0060568321496248245,0.21382929384708405
0002,000063,63,0.17771203815937042,1.1537117958068848,0.11341892182826996,0.7566995024681091,0.0149458609521389,0.007159237749874592,0.009834869764745235,0.3393780291080475,0.007158690597862005,0.005251870024949312,0.005727054085582495,0.21406862139701843
0002,000064,64,0.1771124303340912,1.1416950225830078,0.11688137799501419,0.7547820806503296,0.015019329264760017,0.007162278983741999,0.0097517604008317,0.33936813473701477,0.007660806644707918,0.005211621522903442,0.0059099155478179455,0.21397757530212402
0002,000065,65,0.17862382531166077,1.138574242591858,0.11893286556005478,0.7710949182510376,0.015201464295387268,0.007138013374060392,0.009742308408021927,0.33936092257499695,0.007440214045345783,0.004966279491782188,0.005780868697911501,0.21450328826904297
0002,000066,66,0.17960011959075928,1.132199764251709,0.1216266006231308,0.7925255298614502,0.015252233482897282,0.007125126197934151,0.009729127399623394,0.33934351801872253,0.007452298421412706,0.004706541076302528,0.005902085918933153,0.21510140597820282
0002,000067,67,0.17801812291145325,1.128164529800415,0.12172345072031021,0.8014461994171143,0.015195712447166443,0.007112189196050167,0.009724692441523075,0.33933886885643005,0.007131796795874834,0.004585730377584696,0.0057781776413321495,0.21561114490032196
0002,000068,68,0.17876414954662323,1.131163239479065,0.11904413253068924,0.7753252387046814,0.015292085707187653,0.007054100278764963,0.009748486801981926,0.3393012583255768,0.007443026173859835,0.0045647877268493176,0.005937539041042328,0.21583443880081177
0002,000069,69,0.17809990048408508,1.130461573600769,0.11706484854221344,0.7745887041091919,0.01518935151398182,0.007021207828074694,0.009714813902974129,0.3392930030822754,0.007424359209835529,0.004601045046001673,0.006017711013555527,0.21623273193836212
0002,000070,70,0.1781172901391983,1.131522297859192,0.11453193426132202,0.7661155462265015,0.014975268393754959,0.006983441300690174,0.0096830353140831,0.33926594257354736,0.007552746217697859,0.004636683501303196,0.006157825700938702,0.21684566140174866
0002,000071,71,0.17886286973953247,1.1340357065200806,0.1130148321390152,0.7498733401298523,0.014955252408981323,0.006941908039152622,0.009685548953711987,0.3392116129398346,0.007322815712541342,0.004676394164562225,0.005877658259123564,0.21700507402420044
0002,000072,72,0.17750486731529236,1.1276155710220337,0.11780556291341782,0.7815186381340027,0.014908869750797749,0.006920848973095417,0.00973749440163374,0.3392392694950104,0.007729658856987953,0.00473125372081995,0.006178625393658876,0.21695001423358917
0002,000073,73,0.178196981549263,1.1339507102966309,0.11740889400243759,0.7727299332618713,0.014784829691052437,0.006905967369675636,0.009759906679391861,0.33923739194869995,0.007341159041970968,0.004779729526489973,0.005899623967707157,0.21702264249324799
0002,000074,74,0.17770862579345703,1.1379761695861816,0.1194830909371376,0.7913820743560791,0.014678957872092724,0.006901426240801811,0.009749006479978561,0.33925604820251465,0.007594650145620108,0.004873800091445446,0.006138796918094158,0.21715906262397766
0002,000075,75,0.17699362337589264,1.1357524394989014,0.11938248574733734,0.7889503836631775,0.014657546766102314,0.006921011954545975,0.009763413108885288,0.3392719626426697,0.007528333459049463,0.004937451332807541,0.006085306406021118,0.21737460792064667
0002,000076,76,0.17703501880168915,1.135079026222229,0.1183934286236763,0.7832421660423279,0.014720405451953411,0.006910945754498243,0.009769978933036327,0.33926504850387573,0.007452998775988817,0.004917330574244261,0.0059768641367554665,0.21749965846538544
0002,000077,77,0.17735329270362854,1.1397327184677124,0.1187228262424469,0.7723679542541504,0.014931000769138336,0.006890070624649525,0.009829211048781872,0.3392687737941742,0.007798795122653246,0.004987178836017847,0.006195565685629845,0.21749261021614075
0002,000078,78,0.1768023520708084,1.1319105625152588,0.1181696429848671,0.7729384303092957,0.01482934970408678,0.0069060237146914005,0.009771512821316719,0.3392927944660187,0.007751138415187597,0.005032288376241922,0.006215423345565796,0.21769878268241882
0002,000079,79,0.1757039874792099,1.1251529455184937,0.1161135584115982,0.7473424077033997,0.014637039043009281,0.006929017603397369,0.009689243510365486,0.3393527567386627,0.007604500278830528,0.005037549417465925,0.0060147992335259914,0.2178545594215393
0002,000080,80,0.1770774871110916,1.138295292854309,0.11835572868585587,0.7675581574440002,0.01476272102445364,0.006949808914214373,0.009795619174838066,0.33937910199165344,0.007675026077777147,0.004975910764187574,0.006170748267322779,0.2181115746498108
0002,000081,81,0.17792469263076782,1.1460418701171875,0.11686821281909943,0.7481440305709839,0.014615558087825775,0.006975398864597082,0.00972791574895382,0.3394061326980591,0.007634569425135851,0.005031902343034744,0.006121528800576925,0.21808794140815735
0002,000082,82,0.17793433368206024,1.151262640953064,0.11691595613956451,0.7598965764045715,0.014598566107451916,0.007003886625170708,0.009787144139409065,0.33946335315704346,0.00792889203876257,0.0050846002995967865,0.0063948254100978374,0.2181817591190338
0002,000083,83,0.17707028985023499,1.1494851112365723,0.11551063507795334,0.7420383095741272,0.014471316710114479,0.007023428566753864,0.009729042649269104,0.3394986093044281,0.00784311257302761,0.005172497592866421,0.00632080901414156,0.2181735336780548
0002,000084,84,0.17586590349674225,1.1456832885742188,0.11644600331783295,0.7510834336280823,0.014507790096104145,0.007034308277070522,0.00974117312580347,0.33954185247421265,0.00781466718763113,0.005196644924581051,0.006339150946587324,0.2182697206735611
0002,000085,85,0.1756022423505783,1.1411186456680298,0.11655782163143158,0.7421622276306152,0.014498542062938213,0.0070605832152068615,0.00972751434892416,0.33960580825805664,0.00785548985004425,0.005280093755573034,0.006352504249662161,0.21816205978393555
0002,000086,86,0.17589104175567627,1.1431043148040771,0.11948377639055252,0.7727852463722229,0.014511028304696083,0.007073507644236088,0.009732477366924286,0.3396216630935669,0.008330652490258217,0.005342550575733185,0.0068414718843996525,0.21817974746227264
0002,000087,87,0.1752459704875946,1.1365654468536377,0.1196696013212204,0.7846581935882568,0.014488399028778076,0.007085087243467569,0.009688420221209526,0.3396824300289154,0.00825712364166975,0.005424652714282274,0.006844299379736185,0.21824391186237335
0002,000088,88,0.1744239777326584,1.136355996131897,0.11832186579704285,0.7792287468910217,0.014571006409823895,0.007123467046767473,0.009741147980093956,0.33976495265960693,0.008050273172557354,0.005461796652525663,0.006705665495246649,0.21835242211818695
0002,000089,89,0.17369917035102844,1.137317180633545,0.11475683748722076,0.7532179355621338,0.014508546330034733,0.007134567014873028,0.009647653438150883,0.3397887647151947,0.008370975963771343,0.005599884316325188,0.0069111366756260395,0.21836437284946442
0002,000090,90,0.17253726720809937,1.1349055767059326,0.1140664666891098,0.74776291847229,0.014520739205181599,0.007139616645872593,0.009664248675107956,0.3397805690765381,0.009068517945706844,0.005852865520864725,0.0073796771466732025,0.21803483366966248
0002,000091,91,0.17261479794979095,1.133837103843689,0.11511442065238953,0.752372145652771,0.014604884199798107,0.007160669192671776,0.009708828292787075,0.33977842330932617,0.008051681332290173,0.005875369533896446,0.006561663001775742,0.21799929440021515
0002,000092,92,0.17157718539237976,1.1222929954528809,0.11815590411424637,0.7715449929237366,0.014561774209141731,0.00716259004548192,0.009557937271893024,0.33983346819877625,0.00864334311336279,0.006008670665323734,0.0070194946601986885,0.21768492460250854
0002,000093,93,0.17185264825820923,1.1216371059417725,0.11771265417337418,0.7553688883781433,0.014660061337053776,0.007175613660365343,0.009561290964484215,0.33984798192977905,0.008954355493187904,0.006179457064718008,0.0071837762370705605,0.2171725481748581
0002,000094,94,0.17290052771568298,1.1210026741027832,0.1180381178855896,0.748836874961853,0.014808748848736286,0.00718613201752305,0.009584655985236168,0.33984094858169556,0.008253682404756546,0.006076619494706392,0.006590588949620724,0.2170807123184204
0002,000095,95,0.1723046898841858,1.1138708591461182,0.11841318011283875,0.748214066028595,0.014897995628416538,0.007198659237474203,0.009569068439304829,0.33982717990875244,0.00808747112751007,0.0059926616959273815,0.006505522411316633,0.21703161299228668
0002,000096,96,0.172300323843956,1.1132596731185913,0.11745049059391022,0.7206979393959045,0.014903523959219456,0.007211487740278244,0.009564877487719059,0.339801162481308,0.008732335641980171,0.006053137127310038,0.006857925560325384,0.2166077196598053
0002,000097,97,0.17280936241149902,1.1145910024642944,0.12092794477939606,0.7543321847915649,0.014891033992171288,0.007222779560834169,0.009576349519193172,0.3397992253303528,0.007854662835597992,0.005871030036360025,0.006304909475147724,0.2167370766401291
0002,000098,98,0.17338237166404724,1.1125948429107666,0.12173236906528473,0.7581765055656433,0.014908642508089542,0.007223283872008324,0.009571106173098087,0.3398137092590332,0.008026734925806522,0.005851984489709139,0.006446664687246084,0.21662159264087677
0002,000099,99,0.17421014606952667,1.120984435081482,0.12105672806501389,0.7654246687889099,0.014993539080023766,0.007236593868583441,0.009640569798648357,0.339775413274765,0.0075948601588606834,0.0057104784063994884,0.006166134029626846,0.2168118804693222
0002,000100,100,0.1740735024213791,1.1174145936965942,0.12119468301534653,0.7664635181427002,0.015055949799716473,0.007243636529892683,0.009638036601245403,0.3397897183895111,0.008066982962191105,0.005707188043743372,0.0064964150078594685,0.2167292684316635
0002,000101,101,0.17444662749767303,1.1244524717330933,0.1183425635099411,0.756089448928833,0.015048674307763577,0.007244152948260307,0.00966599304229021,0.3397476375102997,0.007970455102622509,0.005661331117153168,0.006466577760875225,0.21680107712745667
0002,000102,102,0.17456510663032532,1.1249557733535767,0.11774734407663345,0.7502126097679138,0.014983410015702248,0.007254769094288349,0.009677483700215816,0.33974286913871765,0.008206944912672043,0.005749204661697149,0.006691737100481987,0.2166040688753128
0002,000103,103,0.17511169612407684,1.131142020225525,0.11837021261453629,0.7621596455574036,0.01495793554931879,0.0072595663368701935,0.009690250270068645,0.3397674560546875,0.008143831044435501,0.005783503409475088,0.006682245992124081,0.21655026078224182
0002,000104,104,0.1737397462129593,1.1252410411834717,0.11739934235811234,0.7677090764045715,0.014923115260899067,0.007280715741217136,0.00972631573677063,0.33977678418159485,0.008394143544137478,0.00588982505723834,0.006850412115454674,0.2163713276386261
0002,000105,105,0.17361295223236084,1.1321072578430176,0.11926251649856567,0.7863565683364868,0.014865666627883911,0.007305692881345749,0.009759183041751385,0.33977213501930237,0.008216122165322304,0.005921734031289816,0.006730825174599886,0.21633265912532806
0002,000106,106,0.17320787906646729,1.1346781253814697,0.11786781251430511,0.7862765192985535,0.014869281090795994,0.007325152866542339,0.009769683703780174,0.339773565530777,0.008242307230830193,0.005975202191621065,0.0067917597480118275,0.21628768742084503
0002,000107,107,0.1726386398077011,1.1310551166534424,0.11654926091432571,0.7733464241027832,0.014719300903379917,0.007321786135435104,0.009721407666802406,0.3397330343723297,0.008068051189184189,0.005971827544271946,0.006603642832487822,0.2163216471672058
0002,000108,108,0.17442207038402557,1.1396995782852173,0.11915617436170578,0.7944763898849487,0.014749265275895596,0.007332418113946915,0.00977613590657711,0.3397119343280792,0.0078038666397333145,0.005877976305782795,0.006460185628384352,0.21644647419452667
0002,000109,109,0.17340081930160522,1.1322580575942993,0.1192898377776146,0.7924683094024658,0.01467569824308157,0.007334703579545021,0.009744769893586636,0.33971431851387024,0.007931619882583618,0.005818807054311037,0.006531074643135071,0.2165123075246811
0002,000110,110,0.17372484505176544,1.1299734115600586,0.11830386519432068,0.7960419058799744,0.014662269502878189,0.0073447381146252155,0.00973670743405819,0.3397120237350464,0.007658419199287891,0.005680429749190807,0.006326552014797926,0.21679401397705078
0002,000111,111,0.17454175651073456,1.132551670074463,0.11684532463550568,0.7803047895431519,0.014713379554450512,0.007376202382147312,0.009780294261872768,0.3397506773471832,0.007451831363141537,0.005579227115958929,0.006141030229628086,0.21698114275932312
0002,000112,112,0.17462210357189178,1.1302499771118164,0.11699535697698593,0.780415952205658,0.01470280159264803,0.00739170890301466,0.00975845381617546,0.3397190272808075,0.0073545826599001884,0.005430087447166443,0.006090642884373665,0.21723617613315582
0002,000113,113,0.1748739629983902,1.1276782751083374,0.11840016394853592,0.7963667511940002,0.014653164893388748,0.007397749926894903,0.009731622412800789,0.33970001339912415,0.00751072121784091,0.005342000164091587,0.006278329063206911,0.21743445098400116
0002,000114,114,0.1745642125606537,1.1262619495391846,0.11495574563741684,0.7537903785705566,0.014615370891988277,0.007413021754473448,0.00977613590657711,0.33966484665870667,0.008037008345127106,0.005431781057268381,0.006567421834915876,0.2172495573759079
0002,000115,115,0.17525051534175873,1.1313186883926392,0.11409450322389603,0.7397710084915161,0.014518548734486103,0.007425464224070311,0.009772472083568573,0.33966219425201416,0.007721123285591602,0.00549696758389473,0.006262642331421375,0.21719582378864288
0002,000116,116,0.17401188611984253,1.1249797344207764,0.11385075002908707,0.7201547622680664,0.014534871093928814,0.007467248942703009,0.009730398654937744,0.3396725654602051,0.007830551825463772,0.005533680319786072,0.006255673710256815,0.21701373159885406
0002,000117,117,0.17311599850654602,1.116707444190979,0.11464139074087143,0.7229263186454773,0.014485995285212994,0.007471122778952122,0.009657702408730984,0.33964747190475464,0.007329639047384262,0.0054595209658145905,0.005884322337806225,0.21701715886592865
0002,000118,118,0.1746026873588562,1.1221758127212524,0.12049061059951782,0.7651110887527466,0.01451706700026989,0.00749157415702939,0.009674136526882648,0.33962154388427734,0.007079884875565767,0.0052966284565627575,0.005720429588109255,0.21731051802635193
0002,000119,119,0.17474909126758575,1.11946702003479,0.11842628568410873,0.7559200525283813,0.014468645676970482,0.007523880805820227,0.009643315337598324,0.3396441340446472,0.007028691004961729,0.005227359943091869,0.005753708072006702,0.21744349598884583
0002,000120,120,0.17609883844852448,1.1286863088607788,0.11806800216436386,0.7428309917449951,0.014416856691241264,0.00754204485565424,0.00960503425449133,0.3396161198616028,0.007157668936997652,0.005235308315604925,0.005739595275372267,0.21734619140625
0002,000121,121,0.17555710673332214,1.1243741512298584,0.11547558754682541,0.7250154614448547,0.014469541609287262,0.007550752256065607,0.009609983302652836,0.33963143825531006,0.006899625062942505,0.00518792262300849,0.005570621229708195,0.21740908920764923
0002,000122,122,0.17509779334068298,1.1237983703613281,0.11637826263904572,0.7319148182868958,0.014425436966121197,0.007563808932900429,0.009582854807376862,0.33962827920913696,0.006789228413254023,0.005145690403878689,0.005473738070577383,0.21748705208301544
0002,000123,123,0.17572396993637085,1.1303397417068481,0.1184011697769165,0.7553484439849854,0.014391304925084114,0.007570347283035517,0.00957267265766859,0.3396061658859253,0.006838145200163126,0.00509388092905283,0.00557662220671773,0.21763411164283752
0002,000124,124,0.17606474459171295,1.1320439577102661,0.11521925777196884,0.7289634346961975,0.014334660954773426,0.0075684902258217335,0.009533241391181946,0.3396100401878357,0.006772727705538273,0.00505705364048481,0.005496224854141474,0.21773195266723633
0002,000125,125,0.17664805054664612,1.1368021965026855,0.11681549996137619,0.7462312579154968,0.014365137554705143,0.007607844192534685,0.00957479514181614,0.33962783217430115,0.006556110922247171,0.004975730553269386,0.005388202145695686,0.21795697510242462
0002,000126,126,0.176860973238945,1.1367989778518677,0.11561581492424011,0.7318242788314819,0.01432925183326006,0.007628173101693392,0.009578804485499859,0.3396296501159668,0.006885790266096592,0.005007466766983271,0.0055968547239899635,0.21792452037334442
0002,000127,127,0.1766882687807083,1.1352880001068115,0.11619691550731659,0.7417552471160889,0.01430980022996664,0.007622906006872654,0.00956819299608469,0.3396303653717041,0.006867940071970224,0.0049946969375014305,0.005630772560834885,0.21808990836143494
0002,000128,128,0.1778082698583603,1.1431506872177124,0.11492397636175156,0.7324967384338379,0.014284943230450153,0.0076435403898358345,0.009587283246219158,0.3396466076374054,0.006933628115803003,0.005011188797652721,0.0056898342445492744,0.21815717220306396
0002,000129,129,0.17768925428390503,1.1441521644592285,0.11597229540348053,0.7414678931236267,0.014191288501024246,0.007657477166503668,0.009561656974256039,0.339653879404068,0.00686620082706213,0.005021548364311457,0.005661413539201021,0.21830514073371887
0002,000130,130,0.1782044768333435,1.1448172330856323,0.11732746660709381,0.7587229013442993,0.014294051565229893,0.007684238720685244,0.009640640579164028,0.3396661877632141,0.007222846150398254,0.005069114733487368,0.005994831211864948,0.21836167573928833
0002,000131,131,0.17772163450717926,1.1413110494613647,0.11595981568098068,0.7463927268981934,0.014219256117939949,0.007678550202399492,0.009594378992915154,0.3396790623664856,0.007119056768715382,0.005109888967126608,0.005865663755685091,0.21839678287506104
0002,000132,132,0.178018257021904,1.1457178592681885,0.11595805734395981,0.7530756592750549,0.014256513677537441,0.007676057051867247,0.009645014069974422,0.33968839049339294,0.007318296004086733,0.0051401350647211075,0.006039098836481571,0.21849466860294342
0002,000133,133,0.17765237390995026,1.1429938077926636,0.1130630373954773,0.7216712832450867,0.014244250021874905,0.007696213200688362,0.009632633998990059,0.33968162536621094,0.007526474539190531,0.00522130262106657,0.006018186453729868,0.21836411952972412
0002,000134,134,0.17633575201034546,1.1426928043365479,0.11429158598184586,0.7406980991363525,0.014130385592579842,0.007707416079938412,0.00963105820119381,0.33967921137809753,0.007368152495473623,0.005268653854727745,0.006038076709955931,0.21847039461135864
0002,000135,135,0.17570661008358002,1.1441477537155151,0.11311545968055725,0.7240245938301086,0.014096109196543694,0.007718881592154503,0.009637854993343353,0.33970412611961365,0.007468421012163162,0.0053630429320037365,0.006000216118991375,0.21832625567913055
0002,000136,136,0.17647846043109894,1.1520479917526245,0.11291518807411194,0.7197224497795105,0.014174643903970718,0.007697987835854292,0.009697975590825081,0.33972734212875366,0.007103472016751766,0.005329849198460579,0.00574758555740118,0.2183120995759964
0002,000137,137,0.1766955703496933,1.1499027013778687,0.11255455762147903,0.7140571475028992,0.014262472279369831,0.007675771601498127,0.00972419697791338,0.33971670269966125,0.007230699062347412,0.0053146942518651485,0.005881668068468571,0.21825985610485077
0002,000138,138,0.17638568580150604,1.149910569190979,0.11364539712667465,0.7241260409355164,0.014055187813937664,0.007715016603469849,0.009630651213228703,0.33973008394241333,0.007213282864540815,0.005340173374861479,0.0059286183677613735,0.21825988590717316
0002,000139,139,0.17645712196826935,1.1501692533493042,0.11247275769710541,0.7096688151359558,0.01400960423052311,0.007753356359899044,0.009595581330358982,0.3397359848022461,0.007538834121078253,0.005418520420789719,0.006131206173449755,0.2180308997631073
0002,000140,140,0.1767830103635788,1.1534324884414673,0.11365878582000732,0.7196673154830933,0.014041897840797901,0.007775459438562393,0.009622628800570965,0.3397398293018341,0.007403768599033356,0.00550142303109169,0.006065308582037687,0.21789459884166718
0002,000141,141,0.17671576142311096,1.153671145439148,0.1154722273349762,0.7380477786064148,0.01406202744692564,0.007784795016050339,0.009609746746718884,0.33976686000823975,0.006978403776884079,0.005451807752251625,0.005771388299763203,0.21801096200942993
0002,000142,142,0.17485731840133667,1.1459356546401978,0.11246010661125183,0.711593508720398,0.013954179361462593,0.007805814500898123,0.009529625065624714,0.33976826071739197,0.007429399993270636,0.005504170898348093,0.006058044265955687,0.21783454716205597
0002,000143,143,0.17560631036758423,1.1520615816116333,0.11385958641767502,0.7200734615325928,0.013976207934319973,0.007816726341843605,0.009533043019473553,0.33979037404060364,0.007200700230896473,0.0055032214149832726,0.0058973985724151134,0.217788964509964
0002,000144,144,0.17523515224456787,1.149373173713684,0.11400563269853592,0.7213200330734253,0.013979717157781124,0.007827335968613625,0.00954186636954546,0.3397984802722931,0.007480083033442497,0.005588630214333534,0.006167591083794832,0.21756616234779358
0002,000145,145,0.17508018016815186,1.1459102630615234,0.11492695659399033,0.7228760123252869,0.013980771414935589,0.007836607284843922,0.009523513726890087,0.33980581164360046,0.007235497701913118,0.0056170267052948475,0.005922913551330566,0.21743623912334442
0002,000146,146,0.17545057833194733,1.1463488340377808,0.11418367922306061,0.7200836539268494,0.014013631269335747,0.007863782346248627,0.009579035453498363,0.3398127853870392,0.007293874863535166,0.005627071019262075,0.0059531452134251595,0.21735481917858124
0002,000147,147,0.17475737631320953,1.1418848037719727,0.1156892329454422,0.7272011637687683,0.013984374701976776,0.00786338746547699,0.009548986330628395,0.33980634808540344,0.007910789921879768,0.005787060130387545,0.006485459394752979,0.21701137721538544
0002,000148,148,0.17422311007976532,1.1402796506881714,0.11545269191265106,0.7289983034133911,0.013945993036031723,0.007866360247135162,0.009555891156196594,0.3397899270057678,0.007888566702604294,0.005940222181379795,0.0064970748499035835,0.21669404208660126
0002,000149,149,0.1745881587266922,1.141981840133667,0.11630445718765259,0.735698938369751,0.014079476706683636,0.007903581485152245,0.009646715596318245,0.33982619643211365,0.007496761158108711,0.0059057543985545635,0.006176527589559555,0.2166493982076645
0002,000150,150,0.17492693662643433,1.1427397727966309,0.11494679749011993,0.7219425439834595,0.013985926285386086,0.007922451011836529,0.009575599804520607,0.3398345112800598,0.007672223728150129,0.0059454115107655525,0.006285365205258131,0.21645990014076233
0002,000151,151,0.1743587851524353,1.1370900869369507,0.11693105101585388,0.7404142618179321,0.014043346978724003,0.007931943982839584,0.00960598886013031,0.339822381734848,0.007262413389980793,0.005859989207237959,0.00603858195245266,0.2164745032787323
0002,000152,152,0.1743459701538086,1.1381919384002686,0.11785892397165298,0.7548314332962036,0.01407731045037508,0.007930959574878216,0.009647379629313946,0.3398120403289795,0.0072454847395420074,0.005790174473077059,0.006038096733391285,0.2165018916130066
0002,000153,153,0.17354054749011993,1.1338969469070435,0.11729821562767029,0.7447900772094727,0.014056216925382614,0.007953773252665997,0.009610901586711407,0.33983802795410156,0.007898256182670593,0.0059114196337759495,0.0064971549436450005,0.21624965965747833
0002,000154,154,0.1737879067659378,1.1350375413894653,0.1156066432595253,0.7369576096534729,0.013971474952995777,0.007951105944812298,0.009577031247317791,0.33984002470970154,0.00748668285086751,0.005896522663533688,0.006202673073858023,0.21620763838291168
0002,000155,155,0.1727374941110611,1.131259560585022,0.11631199717521667,0.7439374923706055,0.01393146812915802,0.007972381077706814,0.00955408625304699,0.3398578464984894,0.0074404338374733925,0.005865597631782293,0.0061554559506475925,0.21618086099624634
0002,000156,156,0.17286720871925354,1.12859046459198,0.11544334888458252,0.7401608824729919,0.013931929133832455,0.007995214313268661,0.009576649405062199,0.339880108833313,0.0072221774607896805,0.005798203404992819,0.005969916004687548,0.21619711816310883
0002,000157,157,0.1736355572938919,1.130911946296692,0.11701975017786026,0.752113938331604,0.01391899585723877,0.007998347282409668,0.009568685665726662,0.3398534655570984,0.007064821198582649,0.005710066761821508,0.00588074279949069,0.21623703837394714
0002,000158,158,0.1745547205209732,1.1369619369506836,0.11459357291460037,0.7343960404396057,0.013905370607972145,0.008020544424653053,0.009625532664358616,0.3398295044898987,0.0070753856562078,0.005652627907693386,0.005872276145964861,0.21628963947296143
0002,000159,159,0.17384794354438782,1.133376955986023,0.11556664109230042,0.7482221126556396,0.013854684308171272,0.008060978725552559,0.009577478282153606,0.3398522436618805,0.007162935100495815,0.005642264150083065,0.006011970341205597,0.21633107960224152
0002,000160,160,0.1743544340133667,1.1330407857894897,0.11339906603097916,0.728268563747406,0.013843407854437828,0.008096388541162014,0.00954284705221653,0.3398754894733429,0.00730954110622406,0.005705527029931545,0.006071862764656544,0.21620437502861023
0002,000161,161,0.17358459532260895,1.1290363073349,0.11468201130628586,0.7413329482078552,0.01382450107485056,0.008120303973555565,0.009505089372396469,0.33988386392593384,0.007413919549435377,0.00576207647100091,0.006138129625469446,0.21613913774490356
0002,000162,162,0.1742481142282486,1.1345044374465942,0.11362823843955994,0.7290903329849243,0.013878671452403069,0.008162475191056728,0.009517942555248737,0.3398649990558624,0.00709909712895751,0.005730063654482365,0.0058744060806930065,0.21609435975551605
0002,000163,163,0.17418672144412994,1.1313751935958862,0.11467084288597107,0.7397785782814026,0.013884864747524261,0.008193732239305973,0.009523853659629822,0.33986058831214905,0.007065546698868275,0.005683613009750843,0.0058710528537631035,0.21615396440029144
0002,000164,164,0.17440521717071533,1.1300352811813354,0.11501013487577438,0.749277651309967,0.013843949884176254,0.008216946385800838,0.00953303650021553,0.339872270822525,0.00707343639805913,0.0056715295650064945,0.005881860386580229,0.21620100736618042
0002,000165,165,0.17600573599338531,1.1360549926757812,0.11509830504655838,0.7490810751914978,0.013869207352399826,0.008240394294261932,0.009566651657223701,0.3398793935775757,0.007308971602469683,0.005713354330509901,0.006112799514085054,0.2161417454481125
0002,000166,166,0.17602936923503876,1.131259560585022,0.11608923226594925,0.7508496642112732,0.013913439586758614,0.00825094897300005,0.009535590186715126,0.3398350179195404,0.007447099778801203,0.005744888447225094,0.0062449718825519085,0.2160283476114273
0002,000167,167,0.17593124508857727,1.1298432350158691,0.11448324471712112,0.7417393922805786,0.013895707204937935,0.00826213601976633,0.009581772610545158,0.33981168270111084,0.007500700652599335,0.005807562731206417,0.006261081900447607,0.21591848134994507
0002,000168,168,0.1773005574941635,1.1354341506958008,0.11519355326890945,0.7492433786392212,0.013902685604989529,0.008283059112727642,0.009649086743593216,0.3397928774356842,0.007170067168772221,0.005754178389906883,0.005990875884890556,0.21602016687393188
0002,000169,169,0.1766117364168167,1.1332460641860962,0.11402556300163269,0.7387129664421082,0.013811228796839714,0.008331061340868473,0.009657331742346287,0.3397957980632782,0.0074802883900702,0.005816319957375526,0.006248055025935173,0.21586033701896667
0002,000170,170,0.175272598862648,1.1289482116699219,0.11445485055446625,0.7321126461029053,0.013740063644945621,0.008344209752976894,0.00965318363159895,0.3398035168647766,0.007316420320421457,0.00578611996024847,0.006072491407394409,0.21581575274467468
0002,000171,171,0.17520669102668762,1.1261184215545654,0.11703284829854965,0.7559767961502075,0.013664950616657734,0.008380724117159843,0.009605751372873783,0.3398081660270691,0.0069678048603236675,0.005715363658964634,0.005891706328839064,0.2158673256635666
0002,000172,172,0.17618629336357117,1.1323323249816895,0.11743853241205215,0.7584550976753235,0.013649809174239635,0.00841793604195118,0.009594068862497807,0.33984196186065674,0.0072198049165308475,0.005728029180318117,0.006095919292420149,0.21581445634365082
0002,000173,173,0.17613884806632996,1.1352840662002563,0.11643922328948975,0.7504774928092957,0.01358169037848711,0.00844397023320198,0.009555446915328503,0.3398531377315521,0.0071962024085223675,0.005782059393823147,0.006086756940931082,0.21571989357471466
0002,000174,174,0.17572568356990814,1.1347954273223877,0.11681689321994781,0.7478525638580322,0.013546420261263847,0.008467189967632294,0.009550000540912151,0.3398590683937073,0.0070580849424004555,0.005777100101113319,0.005949076265096664,0.2156842052936554
0002,000175,175,0.17577868700027466,1.1371291875839233,0.11641218513250351,0.7495867013931274,0.013523252680897713,0.008483015932142735,0.009542297571897507,0.33988597989082336,0.007070939987897873,0.0057851700112223625,0.0059335785917937756,0.21564848721027374
0002,000176,176,0.17577466368675232,1.137468695640564,0.11692951619625092,0.7552894353866577,0.01356113888323307,0.008518839254975319,0.009587413631379604,0.3398760259151459,0.007434724364429712,0.005855686496943235,0.006227597594261169,0.21551699936389923
0002,000177,177,0.17558664083480835,1.1322147846221924,0.11609290540218353,0.7428532242774963,0.013442427851259708,0.008506515994668007,0.009461487643420696,0.33987900614738464,0.006997218355536461,0.005830590613186359,0.0058812908828258514,0.21549350023269653
0002,000178,178,0.17506450414657593,1.1307696104049683,0.11755845695734024,0.7592498660087585,0.013523031026124954,0.008509926497936249,0.009530611336231232,0.33985617756843567,0.0069903056137263775,0.005807551089674234,0.005893124733120203,0.21549855172634125
0002,000179,179,0.17533130943775177,1.1316639184951782,0.11536744982004166,0.7383190393447876,0.01343716960400343,0.008506092242896557,0.00949666928499937,0.3398597240447998,0.007648431230336428,0.005947907920926809,0.0063661313615739346,0.21518895030021667
0002,000180,180,0.1750747710466385,1.1298422813415527,0.11584819108247757,0.7415241003036499,0.013487523421645164,0.008504177443683147,0.009532472118735313,0.33984750509262085,0.006871314719319344,0.005871398840099573,0.005761878099292517,0.2152458131313324
0002,000181,181,0.17655107378959656,1.136095643043518,0.11625643819570541,0.7530745267868042,0.013490005396306515,0.008502606302499771,0.009558871388435364,0.33985835313796997,0.007079919334501028,0.00582123314961791,0.005947835743427277,0.21531762182712555
0002,000182,182,0.1761881411075592,1.1343175172805786,0.11670168489217758,0.7539570331573486,0.013465981930494308,0.008506955578923225,0.009548480622470379,0.3398681581020355,0.006955512799322605,0.005768533796072006,0.005866469815373421,0.2153143584728241
0002,000183,183,0.17609168589115143,1.1358628273010254,0.11819378286600113,0.7692490220069885,0.013441376388072968,0.008496785536408424,0.009524761699140072,0.33984464406967163,0.006478771101683378,0.005615780595690012,0.005492341239005327,0.21556085348129272
0002,000184,184,0.17506395280361176,1.1290245056152344,0.11714782565832138,0.7690335512161255,0.013503647409379482,0.008501431904733181,0.009579227305948734,0.33984169363975525,0.006978246383368969,0.005584130994975567,0.0059422519989311695,0.21566465497016907
0002,000185,185,0.1760505735874176,1.1344798803329468,0.11628367006778717,0.7565971612930298,0.013489617966115475,0.008509877137839794,0.009547271765768528,0.33985435962677,0.006813808344304562,0.0055333152413368225,0.005736061371862888,0.21569138765335083
0002,000186,186,0.17646487057209015,1.1368672847747803,0.11772676557302475,0.7651643753051758,0.013495827093720436,0.008511122316122055,0.009581344202160835,0.339844286441803,0.007320422679185867,0.005632063373923302,0.006163188721984625,0.21553926169872284
0002,000187,187,0.1765763908624649,1.1360052824020386,0.11748047173023224,0.759403645992279,0.013442524708807468,0.00849544070661068,0.009529626928269863,0.3398463726043701,0.007358743343502283,0.005728630814701319,0.006192969623953104,0.21536342799663544
0002,000188,188,0.1765305995941162,1.1346161365509033,0.11935591697692871,0.7673342823982239,0.013508288189768791,0.008496951311826706,0.009523961693048477,0.33987000584602356,0.007134016137570143,0.005726558621972799,0.005962789058685303,0.21535958349704742
0002,000189,189,0.17668122053146362,1.1358591318130493,0.1166984885931015,0.7455506920814514,0.013427605852484703,0.008491691201925278,0.009485910646617413,0.33989042043685913,0.007273590192198753,0.005790687631815672,0.006068231537938118,0.2151845246553421
0002,000190,190,0.1770789921283722,1.1398980617523193,0.1193029135465622,0.7649737000465393,0.013516053557395935,0.008501159027218819,0.009552507661283016,0.33987778425216675,0.006837142631411552,0.005713736172765493,0.005759300198405981,0.21525904536247253
0002,000191,191,0.17715153098106384,1.138850212097168,0.11840841919183731,0.762486457824707,0.013522573746740818,0.00849741417914629,0.009550254791975021,0.339883416891098,0.006778062786906958,0.005647680256515741,0.005733259487897158,0.21535231173038483
0002,000192,192,0.17633266746997833,1.1329443454742432,0.1199541762471199,0.7727947235107422,0.013502002693712711,0.008487514220178127,0.009523659944534302,0.3398644030094147,0.00664124870672822,0.005538548342883587,0.005628759507089853,0.21552619338035583
0002,000193,193,0.17706550657749176,1.136026382446289,0.12137037515640259,0.7908706068992615,0.013571839779615402,0.008480219170451164,0.009579089470207691,0.3398742377758026,0.0066289147362113,0.005424073897302151,0.005599844269454479,0.21573245525360107
0002,000194,194,0.1764959692955017,1.1366829872131348,0.11852402985095978,0.7744154334068298,0.013577833771705627,0.008485415019094944,0.009596253745257854,0.3398768901824951,0.0069562639109790325,0.005451604723930359,0.00592331076040864,0.21576523780822754
0002,000195,195,0.17710359394550323,1.1391963958740234,0.11673381924629211,0.769349217414856,0.01350788027048111,0.008464667946100235,0.009520761668682098,0.3398955464363098,0.007028672378510237,0.005458226893097162,0.005984795279800892,0.21587686240673065
0002,000196,196,0.17729052901268005,1.1397383213043213,0.11646611988544464,0.7722128033638,0.01358172856271267,0.008463394828140736,0.009574790485203266,0.3398857116699219,0.007215977646410465,0.005523254629224539,0.006117198150604963,0.21590349078178406
0002,000197,197,0.17726978659629822,1.1385347843170166,0.11756684631109238,0.7826827764511108,0.013652983121573925,0.008452361449599266,0.009581643156707287,0.33987218141555786,0.0069971284829080105,0.005531257018446922,0.005947660654783249,0.215938538312912
0002,000198,198,0.17738519608974457,1.141380786895752,0.11809056252241135,0.7982691526412964,0.0136320935562253,0.008437304757535458,0.009603071957826614,0.33986786007881165,0.007395624183118343,0.00557777239009738,0.0062577142380177975,0.216030091047287
0002,000199,199,0.1761983335018158,1.1351765394210815,0.11682233214378357,0.7856422662734985,0.013586880639195442,0.008413251489400864,0.009564613923430443,0.33985668420791626,0.007370889186859131,0.005666307173669338,0.006232006009668112,0.21597355604171753
0002,000200,200,0.1776537299156189,1.1425293684005737,0.11367301642894745,0.7639983892440796,0.013567734509706497,0.008406287059187889,0.009616591036319733,0.33986055850982666,0.007610519882291555,0.005810719449073076,0.006382068619132042,0.2157817929983139
0002,000201,201,0.1774294674396515,1.1439605951309204,0.11157496273517609,0.7470453977584839,0.013462883420288563,0.008402797393500805,0.009576162323355675,0.33986571431159973,0.007259554695338011,0.005838910583406687,0.006101114675402641,0.21580566465854645
0002,000202,202,0.17585384845733643,1.1391226053237915,0.11185024678707123,0.750174343585968,0.013425173237919807,0.008411472663283348,0.009568115696310997,0.33985698223114014,0.007538123056292534,0.0058896481059491634,0.0063427104614675045,0.21576692163944244
0002,000203,203,0.17478938400745392,1.139007806777954,0.11400622874498367,0.7677075266838074,0.013483615592122078,0.00843410100787878,0.009622056968510151,0.33987054228782654,0.0069028097204864025,0.005824869032949209,0.005809155758470297,0.21588006615638733
0002,000204,204,0.1751401275396347,1.1361843347549438,0.1114816814661026,0.7433927655220032,0.013392339460551739,0.00843510590493679,0.009566089138388634,0.339889258146286,0.007740246597677469,0.005937942769378424,0.006421383935958147,0.21556606888771057
0002,000205,205,0.17519506812095642,1.137054681777954,0.11106675118207932,0.7344459891319275,0.013355773873627186,0.008440372534096241,0.009575524367392063,0.33988747000694275,0.007069388870149851,0.005914969369769096,0.005941084120422602,0.21555070579051971
0002,000206,206,0.1738949716091156,1.1311088800430298,0.11072293668985367,0.7259995937347412,0.013310234993696213,0.008437929674983025,0.009514826349914074,0.3398827910423279,0.006959833670407534,0.005860608071088791,0.005837494041770697,0.21558859944343567
0002,000207,207,0.17467539012432098,1.1378586292266846,0.1107141450047493,0.725818395614624,0.01338132657110691,0.008451464585959911,0.009569607675075531,0.339889258146286,0.007326070219278336,0.005902590695768595,0.006120598409324884,0.21545664966106415
0002,000208,208,0.1752568483352661,1.1416152715682983,0.11180658638477325,0.7296513915061951,0.013293830677866936,0.008440021425485611,0.009509139694273472,0.33988747000694275,0.0066811516880989075,0.005764189176261425,0.005616953130811453,0.21558299660682678
0002,000209,209,0.17445026338100433,1.1372040510177612,0.11349228024482727,0.7480350136756897,0.01328366156667471,0.008451150730252266,0.009512091055512428,0.3398839831352234,0.006493464112281799,0.005597284995019436,0.005537807010114193,0.21583473682403564
0002,000210,210,0.17443321645259857,1.136182427406311,0.11123650521039963,0.7284040451049805,0.013315003365278244,0.008459529839456081,0.00953836552798748,0.33989211916923523,0.006833058316260576,0.0055732447654008865,0.005749175325036049,0.21583499014377594
0002,000211,211,0.17437036335468292,1.132115364074707,0.11134149134159088,0.7159837484359741,0.013318920508027077,0.008469611406326294,0.009509028866887093,0.3399077355861664,0.006894855760037899,0.005561455152928829,0.005757388658821583,0.2157471626996994
0002,000212,212,0.17478635907173157,1.1340458393096924,0.11195463687181473,0.7214558720588684,0.013423585332930088,0.008499059826135635,0.009572796523571014,0.3399154841899872,0.006931863725185394,0.005576402880251408,0.005791957955807447,0.21565596759319305
0002,000213,213,0.17453938722610474,1.1303882598876953,0.11437107622623444,0.7236546874046326,0.013328328728675842,0.008504092693328857,0.009498207829892635,0.33992213010787964,0.007117805536836386,0.0056054797023534775,0.005902467295527458,0.21549472212791443
0002,000214,214,0.17505520582199097,1.1325103044509888,0.11549566686153412,0.7317380309104919,0.013363732025027275,0.008518342860043049,0.009507468901574612,0.33991459012031555,0.006689009256660938,0.005536702461540699,0.005568970926105976,0.21555452048778534
0002,000215,215,0.1755765974521637,1.1321852207183838,0.11562823504209518,0.7321189045906067,0.013316680677235126,0.008506002835929394,0.009462162852287292,0.33991551399230957,0.006879584863781929,0.0055396887473762035,0.005735584534704685,0.21549516916275024
0002,000216,216,0.1752912700176239,1.1280577182769775,0.11451683938503265,0.7258208990097046,0.013321541249752045,0.00850994698703289,0.009461136534810066,0.33992093801498413,0.006609510630369186,0.005477115511894226,0.005498693790286779,0.2155735045671463
0002,000217,217,0.17668168246746063,1.1324803829193115,0.11560344696044922,0.7310345768928528,0.013411585241556168,0.008529307320713997,0.009503514505922794,0.3398962616920471,0.006435459945350885,0.005350789520889521,0.005359368864446878,0.21577048301696777
0002,000218,218,0.17638996243476868,1.128633975982666,0.11500191688537598,0.7249601483345032,0.013351092115044594,0.00853939913213253,0.009456919506192207,0.3398991525173187,0.006762201432138681,0.005371031351387501,0.0055798739194869995,0.21566827595233917
0002,000219,219,0.17671816051006317,1.1312059164047241,0.11412090063095093,0.7191940546035767,0.01336167473345995,0.008562088012695312,0.009471542201936245,0.33988645672798157,0.0067674401216208935,0.005401107482612133,0.005613547749817371,0.21560977399349213
0002,000220,220,0.1773608773946762,1.1343716382980347,0.11603183299303055,0.7296480536460876,0.013347259722650051,0.008583496324717999,0.00947109516710043,0.33990782499313354,0.0065012057311832905,0.005372534040361643,0.005437961779534817,0.21560537815093994
0002,000221,221,0.17618168890476227,1.1290123462677002,0.11692032217979431,0.7365822196006775,0.0133171072229743,0.008596394211053848,0.009455738589167595,0.33990782499313354,0.006308774929493666,0.005236060358583927,0.005245616659522057,0.2158103883266449
0002,000222,222,0.17587295174598694,1.1279243230819702,0.1156088262796402,0.7225787043571472,0.013272671960294247,0.008597185835242271,0.009422476403415203,0.3399202823638916,0.006561029236763716,0.005266232881695032,0.00543965445831418,0.2157129943370819
0002,000223,223,0.1765100210905075,1.129106044769287,0.11856620758771896,0.7495635151863098,0.013255899772047997,0.008600659668445587,0.00938345305621624,0.33991432189941406,0.006526998709887266,0.0052193086594343185,0.0054449765011668205,0.21577386558055878
0002,000224,224,0.17599917948246002,1.1289198398590088,0.11390101909637451,0.7138047218322754,0.013283769600093365,0.00860078539699316,0.009429107420146465,0.3399204611778259,0.006969166919589043,0.005315201822668314,0.0057241590693593025,0.215559720993042
0002,000225,225,0.17580363154411316,1.1274417638778687,0.11562696099281311,0.7226670384407043,0.013305535539984703,0.008611557073891163,0.009451361373066902,0.3399302363395691,0.006472609471529722,0.005286251660436392,0.005401012022048235,0.2156141698360443
0002,000226,226,0.17627324163913727,1.1294786930084229,0.11769182980060577,0.7415014505386353,0.013277042657136917,0.008607884868979454,0.009421157650649548,0.33992642164230347,0.006486230995506048,0.005269924178719521,0.005430073011666536,0.21562375128269196
0002,000227,227,0.17571458220481873,1.1269475221633911,0.11829352378845215,0.7467520833015442,0.013345410116016865,0.008614945225417614,0.009486760012805462,0.33993566036224365,0.006589083932340145,0.005270513240247965,0.00553485844284296,0.2156122475862503
0002,000228,228,0.17579181492328644,1.1276212930679321,0.11756608635187149,0.7415942549705505,0.013329382054507732,0.008621946908533573,0.009473473764955997,0.3399355709552765,0.006688788533210754,0.0052994610741734505,0.005557851865887642,0.21560508012771606
0002,000229,229,0.17556391656398773,1.1263012886047363,0.11521846055984497,0.722495436668396,0.013279270380735397,0.008615359663963318,0.00941512081772089,0.33992597460746765,0.006523096933960915,0.005251987371593714,0.005432156380265951,0.21566826105117798
0002,000230,230,0.17547404766082764,1.1265623569488525,0.11744682490825653,0.7405853867530823,0.013276074081659317,0.008619215339422226,0.009432322345674038,0.3399234712123871,0.006479803007096052,0.005238997749984264,0.0054589188657701015,0.21568511426448822
0002,000231,231,0.17574197053909302,1.1261956691741943,0.11804383993148804,0.7489362359046936,0.013282145373523235,0.008622171357274055,0.009432511404156685,0.3399426341056824,0.00638830941170454,0.005213298834860325,0.0053939963690936565,0.21575970947742462
0002,000232,232,0.1752224862575531,1.1234735250473022,0.11684795469045639,0.7343006134033203,0.013291507959365845,0.008625763468444347,0.009443217888474464,0.3399354815483093,0.006779160350561142,0.00529595697298646,0.0056212167255580425,0.21562881767749786
0006,000002,2,0.2090848982334137,1.0251964330673218,0.10821476578712463,0.5616281628608704,0.012080235406756401,0.002500609029084444,0.00716547854244709,0.3394325375556946,0.004936180543154478,0.0010217893868684769,0.0032423862721771,0.2160399705171585
0006,000003,3,0.2108086496591568,1.0515005588531494,0.11397003382444382,0.6110519170761108,0.011980108916759491,0.003375094383955002,0.0073891375213861465,0.3391183018684387,0.004675089847296476,0.0014002735260874033,0.003231396898627281,0.2163083404302597
0006,000004,4,0.21103686094284058,1.0707567930221558,0.1203564703464508,0.655447781085968,0.012095252983272076,0.003988893236964941,0.007609100546687841,0.3389512598514557,0.004828926175832748,0.0016849659150466323,0.003305937396362424,0.2167758196592331
0006,000005,5,0.20879606902599335,1.079249620437622,0.11998999863862991,0.6568549871444702,0.012194439768791199,0.004506167024374008,0.007812113966792822,0.3388434946537018,0.004908144474029541,0.0018980340100824833,0.0035221544094383717,0.21682427823543549
0006,000006,6,0.20502768456935883,1.0752863883972168,0.11618977785110474,0.6328554749488831,0.012235073372721672,0.004942906089127064,0.007920613512396812,0.3388076722621918,0.004909909795969725,0.00202463218010962,0.0035040569491684437,0.21706026792526245
0006,000007,7,0.20244477689266205,1.070812702178955,0.11255179345607758,0.6151158213615417,0.012312942184507847,0.005333025474101305,0.008002412505447865,0.3387735188007355,0.005297725088894367,0.002235216787084937,0.0038365984801203012,0.21702994406223297
0006,000008,8,0.20006440579891205,1.0708398818969727,0.11542879045009613,0.645484209060669,0.012267302721738815,0.005681654904037714,0.008044632151722908,0.3387874960899353,0.005029902793467045,0.0024366353172808886,0.003777104429900646,0.21713972091674805
0006,000009,9,0.19836309552192688,1.074729561805725,0.11465893685817719,0.6386146545410156,0.012321404181420803,0.00599580816924572,0.008118528872728348,0.3387967050075531,0.005063395947217941,0.0026490245945751667,0.0038270519580692053,0.21718591451644897
0006,000010,10,0.1959812045097351,1.0733901262283325,0.12057237327098846,0.6862932443618774,0.012322680093348026,0.006249023601412773,0.008160018362104893,0.33881840109825134,0.004760205280035734,0.0027636331506073475,0.003646629862487316,0.2174711674451828
0006,000011,11,0.19293759763240814,1.0695949792861938,0.11354539543390274,0.6405573487281799,0.01232352014631033,0.006463844329118729,0.008181269280612469,0.33883416652679443,0.005460846237838268,0.0030157077126204967,0.004115642514079809,0.21726934611797333
0006,000012,12,0.19225965440273285,1.0723210573196411,0.11695652455091476,0.667968213558197,0.012458544224500656,0.006671179085969925,0.008306375704705715,0.3388861119747162,0.0049865455366671085,0.0031301870476454496,0.0037886863574385643,0.21741193532943726
0006,000013,13,0.19121894240379333,1.0749001502990723,0.11938488483428955,0.6825771331787109,0.012420903891324997,0.006836553104221821,0.008320263586938381,0.33892011642456055,0.005398688372224569,0.0032982397824525833,0.003991191275417805,0.21735547482967377
0006,000014,14,0.18813450634479523,1.0676069259643555,0.11803638935089111,0.6797924637794495,0.012483689934015274,0.0069902208633720875,0.008373953402042389,0.3389556109905243,0.005425820127129555,0.003388696350157261,0.004158560652285814,0.21738393604755402
0006,000015,15,0.18725477159023285,1.0693278312683105,0.1209409162402153,0.6987872123718262,0.012468564324080944,0.007104374468326569,0.008388468995690346,0.33898746967315674,0.004989283625036478,0.0033594744745641947,0.0038197413086891174,0.217660591006279
0006,000016,16,0.1867953985929489,1.0706324577331543,0.11824396252632141,0.675500214099884,0.01249984372407198,0.007214765530079603,0.008453138172626495,0.3390296697616577,0.005645729601383209,0.003534964518621564,0.004329349845647812,0.2174745351076126
0006,000017,17,0.18435806035995483,1.0659986734390259,0.11910073459148407,0.6806737780570984,0.012546863406896591,0.007309981156140566,0.008493750356137753,0.3390607237815857,0.005161278415471315,0.003589093452319503,0.0039873975329101086,0.21754342317581177
0006,000018,18,0.18382969498634338,1.0688596963882446,0.12190796434879303,0.7062042951583862,0.012605516240000725,0.007394915446639061,0.008543957024812698,0.339093416929245,0.005241455975919962,0.003578783944249153,0.004058983642607927,0.21770617365837097
0006,000019,19,0.1837652623653412,1.069962739944458,0.1190776601433754,0.6822174787521362,0.012502583675086498,0.007457155268639326,0.008491741493344307,0.3391508460044861,0.005431012250483036,0.003665727563202381,0.004210831597447395,0.2176547795534134
0006,000020,20,0.18272259831428528,1.0723261833190918,0.12176737934350967,0.7058888077735901,0.012591512873768806,0.007529571186751127,0.008571935817599297,0.3391716480255127,0.005157291889190674,0.003664705203846097,0.004021003842353821,0.21784360706806183
0006,000021,21,0.18148373067378998,1.0686888694763184,0.11880112439393997,0.6725562810897827,0.012631156481802464,0.007587336003780365,0.008615859784185886,0.3392288088798523,0.00573703134432435,0.0037637115456163883,0.004367764573544264,0.21763674914836884
0006,000022,22,0.18053646385669708,1.0695680379867554,0.11938519030809402,0.6804298162460327,0.012637542560696602,0.007639635354280472,0.008658003993332386,0.3392656445503235,0.00557443592697382,0.0038519520312547684,0.004318612162023783,0.21753816306591034
0006,000023,23,0.18004260957241058,1.0712766647338867,0.12427222728729248,0.723314642906189,0.0126598896458745,0.007693362422287464,0.008672136813402176,0.3392964005470276,0.0053702462464571,0.003857657313346863,0.004242174793034792,0.21769501268863678
0006,000024,24,0.1795705109834671,1.0722862482070923,0.1253427416086197,0.733432948589325,0.012730417773127556,0.007747366558760405,0.00874006561934948,0.33934271335601807,0.005211196839809418,0.003794996300712228,0.004107247572392225,0.21795174479484558
0006,000025,25,0.17820461094379425,1.0716419219970703,0.12466856837272644,0.7353248000144958,0.01272852998226881,0.007784594781696796,0.008746584877371788,0.33935225009918213,0.005432278849184513,0.0038581760600209236,0.004301526118069887,0.21801325678825378
0006,000026,26,0.1778276115655899,1.073051929473877,0.12270469963550568,0.7142325639724731,0.012723787687718868,0.007827422581613064,0.00876723974943161,0.339400976896286,0.005935697350651026,0.0040098219178617,0.004623008891940117,0.21778038144111633
0006,000027,27,0.17690958082675934,1.073024868965149,0.12457543611526489,0.7294132113456726,0.012791385874152184,0.007877472788095474,0.008834420703351498,0.33943241834640503,0.005430647172033787,0.003995193634182215,0.004306391812860966,0.217902272939682
0006,000028,28,0.17609579861164093,1.0704598426818848,0.12328029423952103,0.7172396183013916,0.012791170738637447,0.007926766760647297,0.008822537027299404,0.33947330713272095,0.005534491967409849,0.0040478953160345554,0.004373351112008095,0.21787029504776
0006,000029,29,0.17612679302692413,1.075744390487671,0.1246330514550209,0.7318597435951233,0.012804606929421425,0.007955286651849747,0.008845385164022446,0.3394719064235687,0.0053241066634655,0.004045759793370962,0.004262879490852356,0.21802082657814026
0006,000030,30,0.17610716819763184,1.078761339187622,0.12458332628011703,0.7352049946784973,0.012856748886406422,0.008001616224646568,0.00892398227006197,0.3394958972930908,0.005595740396529436,0.004082738887518644,0.0044683306477963924,0.21804578602313995
0006,000031,31,0.1749737560749054,1.075647234916687,0.12345322221517563,0.7186353206634521,0.012870722450315952,0.008033777587115765,0.008942646905779839,0.3395192325115204,0.005535407457500696,0.004067291505634785,0.00434439443051815,0.2181439846754074
0006,000032,32,0.17480340600013733,1.0787118673324585,0.12658162415027618,0.749195396900177,0.012852625921368599,0.008059708401560783,0.008930972777307034,0.33956068754196167,0.005686776712536812,0.0040992265567183495,0.00455672899261117,0.21815963089466095
0006,000033,33,0.17495401203632355,1.0829330682754517,0.12292330712080002,0.7153315544128418,0.012931338511407375,0.008093387819826603,0.00899419467896223,0.33959078788757324,0.005676969885826111,0.004158597439527512,0.004479048307985067,0.21806246042251587
0006,000034,34,0.1746140569448471,1.0802513360977173,0.12691524624824524,0.7501512765884399,0.012885814532637596,0.008127856999635696,0.008972243405878544,0.3396257758140564,0.0052359518595039845,0.004046301357448101,0.004185609519481659,0.218388170003891
0006,000035,35,0.17367935180664062,1.079446792602539,0.12816786766052246,0.7709347009658813,0.0129571333527565,0.008165314793586731,0.009026672691106796,0.3396559953689575,0.005422184243798256,0.004040583502501249,0.004393149632960558,0.2185729295015335
0006,000036,36,0.17444203794002533,1.0884969234466553,0.12215680629014969,0.7170392870903015,0.01296116691082716,0.008179616183042526,0.00904859509319067,0.33968809247016907,0.006251647602766752,0.004213071893900633,0.004962305538356304,0.21828483045101166
0006,000037,37,0.17354132235050201,1.0864214897155762,0.12325984984636307,0.7252497673034668,0.013088339939713478,0.008191613480448723,0.009119881317019463,0.33969196677207947,0.005650319159030914,0.004216636531054974,0.00449094595387578,0.21835865080356598
0006,000038,38,0.17392218112945557,1.0940220355987549,0.12388766556978226,0.7331541180610657,0.01309093739837408,0.008193720132112503,0.009181680157780647,0.33973273634910583,0.006007365882396698,0.004285319708287716,0.0047602043487131596,0.21830487251281738
0006,000039,39,0.17357836663722992,1.101098656654358,0.12423113733530045,0.7440431714057922,0.01314993854612112,0.008192195557057858,0.009269473142921925,0.33976560831069946,0.0063309939578175545,0.004404066130518913,0.005108268465846777,0.21817688643932343
0006,000040,40,0.1717715561389923,1.0898128747940063,0.12130065262317657,0.7274485230445862,0.013265220448374748,0.00820445641875267,0.009275312535464764,0.33979037404060364,0.006474180147051811,0.004513380117714405,0.005137851927429438,0.2180614173412323
0006,000041,41,0.17210359871387482,1.0907578468322754,0.12143473327159882,0.7216053605079651,0.013520295731723309,0.008253327570855618,0.009408093057572842,0.33981484174728394,0.006089146714657545,0.004441403783857822,0.004791188053786755,0.21823202073574066
0006,000042,42,0.17315801978111267,1.0914627313613892,0.12403798848390579,0.734663188457489,0.01352834701538086,0.008259551599621773,0.00937885232269764,0.3398575186729431,0.006134341470897198,0.004366758279502392,0.004791330546140671,0.2183878868818283
0006,000043,43,0.1731363981962204,1.0939186811447144,0.1260429471731186,0.7490463852882385,0.013552763499319553,0.008270163089036942,0.009399371221661568,0.33985498547554016,0.006247515790164471,0.004319573752582073,0.004912940785288811,0.2184697389602661
0006,000044,44,0.17273348569869995,1.096286654472351,0.12779754400253296,0.7734953165054321,0.013543838635087013,0.008294055238366127,0.009398821741342545,0.3398853540420532,0.0059934151358902454,0.004242667928338051,0.004762973636388779,0.2187417447566986
0006,000045,45,0.1718970239162445,1.0953415632247925,0.12408575415611267,0.7533407211303711,0.013538740575313568,0.008334406651556492,0.009419509209692478,0.33991163969039917,0.006480766460299492,0.004359473939985037,0.005170201882719994,0.21860003471374512
0006,000046,46,0.1717660129070282,1.097481608390808,0.12406404316425323,0.756244421005249,0.013525068759918213,0.008354893885552883,0.009403877891600132,0.3399646282196045,0.006043223664164543,0.004317270591855049,0.004855921491980553,0.21887890994548798
0006,000047,47,0.1703803688287735,1.0899176597595215,0.12486080080270767,0.770703136920929,0.013576270081102848,0.00838586688041687,0.009439043700695038,0.3399924635887146,0.0062980493530631065,0.00434499979019165,0.005092460662126541,0.21905094385147095
0006,000048,48,0.17137256264686584,1.0989567041397095,0.12312563508749008,0.7563956379890442,0.013572107069194317,0.008406898938119411,0.009445581585168839,0.34001514315605164,0.006612834054976702,0.004404002334922552,0.005336858797818422,0.21898449957370758
0006,000049,49,0.1696866750717163,1.0951803922653198,0.1216837614774704,0.7374716997146606,0.013567480258643627,0.008438187651336193,0.009480845183134079,0.3400333821773529,0.00692719267681241,0.004573538899421692,0.005562357138842344,0.2187550961971283
0006,000050,50,0.17125406861305237,1.1067805290222168,0.1219116821885109,0.7424584031105042,0.013576698489487171,0.008481845259666443,0.009529677219688892,0.340055912733078,0.006318837869912386,0.004605259746313095,0.005135495215654373,0.21881116926670074
0006,000051,51,0.17062430083751678,1.1025053262710571,0.12052159011363983,0.7319880723953247,0.013525974936783314,0.008514607325196266,0.009479457512497902,0.3400779366493225,0.006445170380175114,0.004690817557275295,0.005208589602261782,0.21876005828380585
0006,000052,52,0.17066717147827148,1.1040899753570557,0.1202806606888771,0.7330506443977356,0.013490842655301094,0.008521152660250664,0.009445006027817726,0.34006771445274353,0.006464886479079723,0.004738393239676952,0.005242014303803444,0.2187877744436264
0006,000053,53,0.17076006531715393,1.1044106483459473,0.11755406856536865,0.7044592499732971,0.01352872233837843,0.008542782627046108,0.009492524899542332,0.34003791213035583,0.006785265635699034,0.004848640412092209,0.00537235988304019,0.2186121791601181
0006,000054,54,0.17073318362236023,1.105666160583496,0.12028977274894714,0.7254848480224609,0.013531403616070747,0.0085606649518013,0.009509185329079628,0.34006616473197937,0.006372088100761175,0.004850395023822784,0.005122424103319645,0.21858683228492737
0006,000055,55,0.16897782683372498,1.0995877981185913,0.12062228471040726,0.7312279343605042,0.013526233844459057,0.008578899316489697,0.009526233188807964,0.3400627076625824,0.006346218753606081,0.004837716929614544,0.005127042066305876,0.21861669421195984
0006,000056,56,0.1694037765264511,1.1031092405319214,0.12026224285364151,0.7433857321739197,0.013519912026822567,0.008579803630709648,0.009550031274557114,0.3400854170322418,0.006234611850231886,0.004775983281433582,0.005038169212639332,0.2187814563512802
0006,000057,57,0.1693686842918396,1.1070293188095093,0.11870671063661575,0.7282876372337341,0.013574658893048763,0.008572941645979881,0.009579948149621487,0.34010493755340576,0.006456184200942516,0.004809054546058178,0.005222586914896965,0.21867382526397705
0006,000058,58,0.16961802542209625,1.1155331134796143,0.11746615916490555,0.7221612334251404,0.01361639890819788,0.00857536867260933,0.009667567908763885,0.3401273190975189,0.006532409694045782,0.004854339640587568,0.005296108312904835,0.21861764788627625
0006,000059,59,0.16827796399593353,1.1146681308746338,0.1187162920832634,0.7309147715568542,0.013629707507789135,0.008583983406424522,0.009662206284701824,0.34011775255203247,0.00667325034737587,0.004889497067779303,0.005324086640030146,0.21864338219165802
0006,000060,60,0.16792500019073486,1.1153620481491089,0.1164395734667778,0.7101116180419922,0.013671903870999813,0.008596436120569706,0.009730366058647633,0.34011682868003845,0.007120761089026928,0.0050372895784676075,0.005647547077387571,0.2182747721672058
0006,000061,61,0.1682032197713852,1.1112765073776245,0.11914074420928955,0.7282578349113464,0.013687295839190483,0.008594726212322712,0.009693911299109459,0.3401094675064087,0.006505197379738092,0.004904391709715128,0.005266736261546612,0.2184440642595291
0006,000062,62,0.16823698580265045,1.1063398122787476,0.12099475413560867,0.7347937822341919,0.013859497383236885,0.008628340438008308,0.00975821353495121,0.3401365578174591,0.006256251595914364,0.004703185521066189,0.005058318842202425,0.21866625547409058
0006,000063,63,0.16922569274902344,1.1052805185317993,0.12762446701526642,0.7885636687278748,0.013953175395727158,0.00865565612912178,0.009793533012270927,0.3401617109775543,0.006055403500795364,0.004507241304963827,0.004972068127244711,0.21900704503059387
0006,000064,64,0.1705038696527481,1.1079168319702148,0.12693509459495544,0.795935869216919,0.013955144211649895,0.008681363426148891,0.009773649275302887,0.34018298983573914,0.005893237888813019,0.00440154829993844,0.00489472271874547,0.2193419486284256
0006,000065,65,0.17034976184368134,1.1121331453323364,0.1247875764966011,0.7724013924598694,0.013937645591795444,0.008705617859959602,0.009790326468646526,0.34018564224243164,0.006456226110458374,0.004469199571758509,0.005329164210706949,0.2193230390548706
0006,000066,66,0.1706921011209488,1.1133664846420288,0.1235765814781189,0.7660179734230042,0.013918843120336533,0.008732243441045284,0.009804406203329563,0.340207040309906,0.006624601315706968,0.004541236907243729,0.005437604617327452,0.21933874487876892
0006,000067,67,0.17090442776679993,1.11262845993042,0.12366948276758194,0.7700635194778442,0.013837950304150581,0.008752940222620964,0.009731980040669441,0.3402041494846344,0.006521620322018862,0.00462257768958807,0.00538979284465313,0.2194339781999588
0006,000068,68,0.17113825678825378,1.1175525188446045,0.12264487892389297,0.7642353177070618,0.013826279900968075,0.008768757805228233,0.00973149947822094,0.3402256965637207,0.00638245465233922,0.004651149734854698,0.005251351278275251,0.21954560279846191
0006,000069,69,0.17096829414367676,1.1168410778045654,0.12154032289981842,0.7582985758781433,0.013824714347720146,0.00877609197050333,0.009732753038406372,0.3402130901813507,0.006536685861647129,0.004735081922262907,0.005370610859245062,0.21954743564128876
0006,000070,70,0.1703270971775055,1.116776943206787,0.1198163777589798,0.7349569201469421,0.013907406479120255,0.008748800493776798,0.009811236523091793,0.34020280838012695,0.007670869585126638,0.004982021637260914,0.006129303015768528,0.2191329002380371
0006,000071,71,0.17036974430084229,1.1127973794937134,0.11716437339782715,0.7089129686355591,0.013955621980130672,0.008717833086848259,0.009815881960093975,0.3401915431022644,0.007306523155421019,0.005107814911752939,0.005780339706689119,0.21889717876911163
0006,000072,72,0.1692490577697754,1.1127636432647705,0.11618568003177643,0.6962677836418152,0.013909486122429371,0.008681200444698334,0.009794560261070728,0.3402022123336792,0.007582956459373236,0.005228512454777956,0.005954124499112368,0.21855801343917847
0006,000073,73,0.16910526156425476,1.120679259300232,0.11839112639427185,0.7227764129638672,0.014000996015965939,0.008653610944747925,0.00990324653685093,0.3401923179626465,0.007643457502126694,0.005380155984312296,0.006086132954806089,0.21822412312030792
0006,000074,74,0.16919949650764465,1.1183760166168213,0.11962004005908966,0.733218252658844,0.014068623073399067,0.008638489991426468,0.009923403151333332,0.34018653631210327,0.006944216322153807,0.0051829032599925995,0.00564351212233305,0.21846097707748413
0006,000075,75,0.17010651528835297,1.1192877292633057,0.12467928975820541,0.7827427983283997,0.014338030479848385,0.008604704402387142,0.009928551502525806,0.3401283025741577,0.00670115789398551,0.00498773530125618,0.0055824327282607555,0.2188376486301422
0006,000076,76,0.17249982059001923,1.1250001192092896,0.12141013145446777,0.7652599811553955,0.014506813138723373,0.008593499660491943,0.009997354820370674,0.34013816714286804,0.007107048761099577,0.004999005235731602,0.005810686852782965,0.21883706748485565
0006,000077,77,0.17138536274433136,1.123600721359253,0.12133389711380005,0.7633997797966003,0.014522813260555267,0.008551100268959999,0.009994865395128727,0.3401464521884918,0.007536827586591244,0.005113714374601841,0.0061735487543046474,0.21876929700374603
0006,000078,78,0.17256402969360352,1.1279382705688477,0.12205075472593307,0.7714308500289917,0.014701741747558117,0.008538275957107544,0.010022311471402645,0.34017884731292725,0.007511722855269909,0.005223412532359362,0.00617485074326396,0.2186991274356842
0006,000079,79,0.17368142306804657,1.1388612985610962,0.12084349989891052,0.76752769947052,0.014910809695720673,0.008576643653213978,0.010106743313372135,0.3401790261268616,0.0073292991146445274,0.005222870968282223,0.006024518981575966,0.21875792741775513
0006,000080,80,0.1729479879140854,1.1359723806381226,0.12138954550027847,0.7809591889381409,0.014937615022063255,0.008609808050096035,0.010162434540688992,0.34022316336631775,0.007445731665939093,0.005317415576428175,0.006199833005666733,0.2187529355287552
0006,000081,81,0.17044007778167725,1.1200237274169922,0.12477850168943405,0.8067397475242615,0.014893416315317154,0.008613934740424156,0.010027366690337658,0.3402160406112671,0.006906251423060894,0.00518803671002388,0.005811589304357767,0.21906815469264984
0006,000082,82,0.17232854664325714,1.1289070844650269,0.12211772054433823,0.7905232310295105,0.01471896655857563,0.008607178926467896,0.00997906643897295,0.34024283289909363,0.007525757886469364,0.0052407062612473965,0.006285506300628185,0.21912850439548492
0006,000083,83,0.17081919312477112,1.1272279024124146,0.12070607393980026,0.7809955477714539,0.014573577791452408,0.008628679439425468,0.00995715707540512,0.3402073383331299,0.007445727474987507,0.005298105534166098,0.006172722205519676,0.21923279762268066
0006,000084,84,0.1703595072031021,1.1259326934814453,0.11968366801738739,0.7661664485931396,0.01446217205375433,0.008651980198919773,0.009873587638139725,0.3402315676212311,0.0075122276321053505,0.0053875441662967205,0.00616590166464448,0.21914485096931458
0006,000085,85,0.17040084302425385,1.1238361597061157,0.11897654831409454,0.7554810047149658,0.014324536547064781,0.008657976053655148,0.009824869222939014,0.3402692973613739,0.007441222667694092,0.005345703102648258,0.0059809074737131596,0.21928046643733978
0006,000086,86,0.1696147620677948,1.1195309162139893,0.12196896970272064,0.7782098054885864,0.01423982996493578,0.008651749230921268,0.009802481159567833,0.340248703956604,0.007177212741225958,0.005287343170493841,0.005781792104244232,0.2194167524576187
0006,000087,87,0.16927950084209442,1.1186039447784424,0.11666624993085861,0.7297965884208679,0.014239649288356304,0.008648131042718887,0.009854909963905811,0.3402329385280609,0.007516097743064165,0.005328797735273838,0.006092283874750137,0.21919666230678558
0006,000088,88,0.16979320347309113,1.1248351335525513,0.1223764568567276,0.7761163711547852,0.014174596406519413,0.008631659671664238,0.009832936339080334,0.34021076560020447,0.007268148940056562,0.005272231064736843,0.0059451330453157425,0.2192927598953247
0006,000089,89,0.16855743527412415,1.1211527585983276,0.12193915247917175,0.778248131275177,0.014159413985908031,0.008637838065624237,0.009844966232776642,0.34023332595825195,0.007273177616298199,0.005270538851618767,0.005884177051484585,0.21936358511447906
0006,000090,90,0.1681475043296814,1.119946837425232,0.120345838367939,0.7534177303314209,0.014098001644015312,0.008664811961352825,0.009899289347231388,0.3402421474456787,0.0074709681794047356,0.005308598279953003,0.005897864233702421,0.21927660703659058
0006,000091,91,0.16855841875076294,1.1148135662078857,0.12172594666481018,0.7657787203788757,0.01448396872729063,0.008739222772419453,0.010009082965552807,0.3403290808200836,0.007362239994108677,0.005284428130835295,0.005950138438493013,0.21929681301116943
0006,000092,92,0.17115597426891327,1.116591215133667,0.1220771074295044,0.7733612060546875,0.014595210552215576,0.008765230886638165,0.009936735965311527,0.34030136466026306,0.006911954376846552,0.005115538835525513,0.005716586019843817,0.21957069635391235
0006,000093,93,0.17132079601287842,1.1128818988800049,0.12098230421543121,0.7589007019996643,0.014613408595323563,0.008767364546656609,0.009960629045963287,0.3403030037879944,0.007079089060425758,0.005016885697841644,0.00587374297901988,0.2196902334690094
0006,000094,94,0.17037394642829895,1.1095162630081177,0.12248269468545914,0.7731284499168396,0.014406164176762104,0.008775223046541214,0.009861698374152184,0.3403119146823883,0.006538948509842157,0.004899704363197088,0.005418107379227877,0.22003547847270966
0006,000095,95,0.1711670160293579,1.1167000532150269,0.11839935928583145,0.7388925552368164,0.014401021413505077,0.00880278181284666,0.009854918345808983,0.3402997851371765,0.006997472606599331,0.004876771941781044,0.005736610386520624,0.22010044753551483
0006,000096,96,0.17159263789653778,1.119133710861206,0.11940985918045044,0.752061128616333,0.014241793192923069,0.008817082270979881,0.009803619235754013,0.34031859040260315,0.007362780161201954,0.005008545238524675,0.006056732963770628,0.2199816256761551
0006,000097,97,0.17051689326763153,1.115250825881958,0.11911165714263916,0.748252809047699,0.014190380461513996,0.008823161013424397,0.009829919785261154,0.3403242528438568,0.006958926562219858,0.005024428945034742,0.00569955725222826,0.22001172602176666
0006,000098,98,0.16985630989074707,1.1221386194229126,0.11724664270877838,0.7315688133239746,0.014159970916807652,0.008827480487525463,0.009857380762696266,0.3403066098690033,0.007876070216298103,0.005290370900183916,0.006355396471917629,0.2196059226989746
0006,000099,99,0.16884565353393555,1.1253845691680908,0.1159740462899208,0.7223069071769714,0.014132912270724773,0.008818330243229866,0.00987444818019867,0.34033381938934326,0.007331724278628826,0.0053896126337349415,0.005939814727753401,0.21946030855178833
0006,000100,100,0.16919675469398499,1.1254490613937378,0.11820939928293228,0.7321912050247192,0.014275320805609226,0.008840278722345829,0.009991887956857681,0.3403177559375763,0.00745018245652318,0.0054643116891384125,0.005964239593595266,0.2192353904247284
0006,000101,101,0.16928178071975708,1.1210923194885254,0.12099948525428772,0.7446988224983215,0.014330768957734108,0.008862382732331753,0.00999926496297121,0.34033381938934326,0.0065622515976428986,0.005144657101482153,0.005274686496704817,0.2195601463317871
0006,000102,102,0.1705807000398636,1.1224730014801025,0.12097028642892838,0.7411290407180786,0.014417755417525768,0.008881369605660439,0.010032856836915016,0.3403525948524475,0.006672102492302656,0.005003704689443111,0.005396140273660421,0.21970562636852264
0006,000103,103,0.17082199454307556,1.124674677848816,0.12149329483509064,0.7526921033859253,0.014409755356609821,0.008911275304853916,0.010069933719933033,0.34034547209739685,0.006609752774238586,0.004914304241538048,0.005409101955592632,0.2198381870985031
0006,000104,104,0.17026177048683167,1.123268723487854,0.11976714432239532,0.7376615405082703,0.01430992130190134,0.008923364803195,0.009993291459977627,0.3403361737728119,0.007042738143354654,0.004991474095731974,0.005713669583201408,0.21973209083080292
0006,000105,105,0.17050796747207642,1.1217542886734009,0.11794004589319229,0.7295640110969543,0.014243525452911854,0.0089359600096941,0.009955299086868763,0.34036198258399963,0.006950502283871174,0.0050378344021737576,0.005646268371492624,0.2197086215019226
0006,000106,106,0.1709645539522171,1.1221562623977661,0.1180705577135086,0.7292225360870361,0.014308947138488293,0.008959724567830563,0.00997309759259224,0.3403843343257904,0.006822062656283379,0.005037364549934864,0.005573943257331848,0.2197401225566864
0006,000107,107,0.17017070949077606,1.1200950145721436,0.11529546231031418,0.7078686952590942,0.014326748438179493,0.008981665596365929,0.009996054694056511,0.34040015935897827,0.007170532830059528,0.005161699838936329,0.0058122011832892895,0.21954625844955444
0006,000108,108,0.17018522322177887,1.121274709701538,0.11489828675985336,0.7051398158073425,0.014203985221683979,0.008988948538899422,0.009944251738488674,0.3403949439525604,0.007190849632024765,0.0052727218717336655,0.005792890675365925,0.21934902667999268
0006,000109,109,0.17014943063259125,1.1232961416244507,0.11779778450727463,0.7268425226211548,0.014091353863477707,0.008992321789264679,0.00987357459962368,0.34039291739463806,0.0067230877466499805,0.005201742984354496,0.005485157947987318,0.21946167945861816
0006,000110,110,0.16988593339920044,1.1220083236694336,0.11610538512468338,0.7095328569412231,0.014026135206222534,0.008994313888251781,0.009887702763080597,0.34038692712783813,0.006876829545944929,0.005213799420744181,0.0055312588810920715,0.21934400498867035
0006,000111,111,0.1697753369808197,1.121579647064209,0.11598201841115952,0.7082895040512085,0.014000813476741314,0.008998779579997063,0.009856360033154488,0.34036844968795776,0.006679002661257982,0.005185247398912907,0.00540964538231492,0.2193623185157776
0006,000112,112,0.16944652795791626,1.121421217918396,0.11795233935117722,0.7232898473739624,0.013983795419335365,0.009019074961543083,0.009895067662000656,0.3404013514518738,0.006911711301654577,0.005239140707999468,0.005624826066195965,0.21927176415920258
0006,000113,113,0.16894382238388062,1.1182714700698853,0.11724424362182617,0.7223412394523621,0.013915767893195152,0.009027082473039627,0.009831145405769348,0.3403956890106201,0.006928319577127695,0.00530726695433259,0.005651126615703106,0.21913939714431763
0006,000114,114,0.16975706815719604,1.1228159666061401,0.11474254727363586,0.6942561864852905,0.01389294769614935,0.009033963084220886,0.00985222589224577,0.34038791060447693,0.0072838072665035725,0.005451316013932228,0.005833531729876995,0.2187548130750656
0006,000115,115,0.170022115111351,1.122947096824646,0.1190866082906723,0.7296050190925598,0.013852313160896301,0.009045645594596863,0.009820722974836826,0.34039172530174255,0.006315796636044979,0.0052765291184186935,0.00513810757547617,0.21899236738681793
0006,000116,116,0.16948281228542328,1.121559739112854,0.118018738925457,0.7240784764289856,0.013863127678632736,0.0090708676725626,0.009844984859228134,0.34039193391799927,0.006500572431832552,0.005244328640401363,0.005306176375597715,0.2190036028623581
0006,000117,117,0.1690365970134735,1.1208751201629639,0.11829227954149246,0.7275969982147217,0.013856606557965279,0.009080302901566029,0.009855121374130249,0.3403885066509247,0.00654029892757535,0.0052252961322665215,0.005344914272427559,0.21899008750915527
0006,000118,118,0.16972436010837555,1.1225683689117432,0.11858078837394714,0.725102424621582,0.013791999779641628,0.009082933887839317,0.009806214831769466,0.3403967618942261,0.006312090903520584,0.005130910314619541,0.0051877461373806,0.21914030611515045
0006,000119,119,0.16968882083892822,1.1221301555633545,0.1192597821354866,0.7311728000640869,0.013750279322266579,0.009072343818843365,0.009791743941605091,0.34039321541786194,0.006844148505479097,0.005230152979493141,0.005586272571235895,0.21895179152488708
0006,000120,120,0.16996735334396362,1.1240251064300537,0.11794063448905945,0.7195857763290405,0.013873936608433723,0.009113875217735767,0.009886344894766808,0.34040388464927673,0.00646651117131114,0.005206564906984568,0.005260794889181852,0.21895410120487213
0006,000121,121,0.16935792565345764,1.1184635162353516,0.11948923766613007,0.7339764833450317,0.013846010901033878,0.00913071259856224,0.009871638379991055,0.3404017984867096,0.006396131124347448,0.005180791020393372,0.005251426249742508,0.21895518898963928
0006,000122,122,0.16939853131771088,1.1194579601287842,0.11781471222639084,0.7241830229759216,0.01379474438726902,0.009143468923866749,0.009828608483076096,0.3404102325439453,0.006405569612979889,0.005148681811988354,0.005255148280411959,0.21895822882652283
0006,000123,123,0.16992856562137604,1.1201624870300293,0.11859024316072464,0.7329802513122559,0.013837117701768875,0.009134907275438309,0.009851476177573204,0.34037843346595764,0.0064824107103049755,0.005123426206409931,0.005355555098503828,0.21895909309387207
0006,000124,124,0.17100708186626434,1.125903606414795,0.11840128153562546,0.7292385101318359,0.01386663131415844,0.009112300351262093,0.009888730943202972,0.34037795662879944,0.006470114924013615,0.005094239953905344,0.005302861332893372,0.21900679171085358
0006,000125,125,0.169223815202713,1.1194344758987427,0.11872881650924683,0.7372202277183533,0.013812634162604809,0.009090614505112171,0.00986144132912159,0.3403793275356293,0.006479856092482805,0.005047149956226349,0.005355736240744591,0.21911364793777466
0006,000126,126,0.16854789853096008,1.114836573600769,0.12183994054794312,0.76203852891922,0.01389420684427023,0.009087874554097652,0.009912250563502312,0.3403676152229309,0.006371060851961374,0.004978914745151997,0.005247918888926506,0.21929685771465302
0006,000127,127,0.1702124923467636,1.1214088201522827,0.11832907050848007,0.7409588098526001,0.014006508514285088,0.009088467806577682,0.00991437491029501,0.34039273858070374,0.007203568704426289,0.005107247270643711,0.005916036665439606,0.21913382411003113
0006,000128,128,0.17091885209083557,1.1225885152816772,0.11755867302417755,0.7297108769416809,0.0142366336658597,0.009103191085159779,0.00994326826184988,0.34040936827659607,0.007036084309220314,0.005186302587389946,0.005758747458457947,0.21900807321071625
0006,000129,129,0.1709798127412796,1.1231822967529297,0.11799587309360504,0.726851761341095,0.014220375567674637,0.009071950800716877,0.009879004210233688,0.34043553471565247,0.006938578560948372,0.005188724957406521,0.005619090050458908,0.21898819506168365
0006,000130,130,0.1707763820886612,1.1207624673843384,0.12120240926742554,0.7537633776664734,0.014278137125074863,0.009063990786671638,0.009925036691129208,0.34044545888900757,0.006471002008765936,0.005046813748776913,0.005357382819056511,0.21927109360694885
0006,000131,131,0.17148788273334503,1.1274840831756592,0.11815743893384933,0.7314382791519165,0.014143215492367744,0.009048628620803356,0.00990283489227295,0.3404358923435211,0.0069029731675982475,0.005078524816781282,0.0056690191850066185,0.21921491622924805
0006,000132,132,0.170745849609375,1.1233254671096802,0.12013468891382217,0.7471121549606323,0.014092649333178997,0.00904272124171257,0.009860500693321228,0.3404121696949005,0.006830785423517227,0.005109147168695927,0.005666927434504032,0.2191864401102066
0006,000133,133,0.17017662525177002,1.1241610050201416,0.11983271688222885,0.7436832785606384,0.014141153544187546,0.00906472560018301,0.009932312183082104,0.3404158055782318,0.006669541355222464,0.005122889764606953,0.005532707553356886,0.2192097157239914
0006,000134,134,0.17067493498325348,1.1263855695724487,0.12089011818170547,0.7538356781005859,0.014059844426810741,0.009064951911568642,0.009894990362226963,0.34041959047317505,0.006710964720696211,0.005119538400322199,0.0055037690326571465,0.21926690638065338
0006,000135,135,0.16988135874271393,1.1233880519866943,0.11914967000484467,0.7422208189964294,0.013981963507831097,0.009071876294910908,0.009837362915277481,0.340410053730011,0.006505078170448542,0.005098999943584204,0.005363368429243565,0.2193351686000824
0006,000136,136,0.1701389104127884,1.1254171133041382,0.11906993389129639,0.7378072142601013,0.013947751373052597,0.009077467024326324,0.009849811904132366,0.3404042720794678,0.00663864566013217,0.0051331487484276295,0.005451098550111055,0.21929749846458435
0006,000137,137,0.16943272948265076,1.1232240200042725,0.11915688961744308,0.7411528825759888,0.013992688618600368,0.009105497971177101,0.009896093979477882,0.3404289484024048,0.006375102326273918,0.005087036173790693,0.005255548283457756,0.21939851343631744
0006,000138,138,0.16933950781822205,1.1207499504089355,0.12034986168146133,0.7498192191123962,0.013914880342781544,0.009115973487496376,0.009836575947701931,0.3404347598552704,0.0062897116877138615,0.005027054343372583,0.005210333038121462,0.2195398360490799
0006,000139,139,0.17017759382724762,1.124738097190857,0.12040991336107254,0.7533877491950989,0.013896195217967033,0.009109575301408768,0.009828850626945496,0.34043481945991516,0.006600219290703535,0.005066822282969952,0.005485693924129009,0.21950165927410126
0006,000140,140,0.17007902264595032,1.1269283294677734,0.1181970164179802,0.7307214736938477,0.013849657028913498,0.009112396277487278,0.009822987951338291,0.34043586254119873,0.006910796742886305,0.005184401758015156,0.005643707234412432,0.21927061676979065
0006,000141,141,0.17005446553230286,1.1244347095489502,0.11769802123308182,0.7238748073577881,0.01385178230702877,0.009108508937060833,0.009793393313884735,0.3404194414615631,0.00667159678414464,0.005223184358328581,0.005445070564746857,0.2191978245973587
0006,000142,142,0.16964653134346008,1.1240901947021484,0.11753098666667938,0.7204114198684692,0.013828185386955738,0.009121250361204147,0.009829897433519363,0.3404209315776825,0.006582175847142935,0.005251738242805004,0.00541951647028327,0.2191242128610611
0006,000143,143,0.17160147428512573,1.1329902410507202,0.11751759797334671,0.7220656871795654,0.013843863271176815,0.009137780405580997,0.009853781200945377,0.34041059017181396,0.006698865443468094,0.005263600964099169,0.0054912203922867775,0.21904732286930084
0006,000144,144,0.1707778126001358,1.1259491443634033,0.11704551428556442,0.7178544402122498,0.013811547309160233,0.009142875671386719,0.009826301597058773,0.3404342234134674,0.006440369412302971,0.005222010891884565,0.005274191498756409,0.2190784364938736
0006,000145,145,0.17049193382263184,1.1258928775787354,0.11888715624809265,0.7312631607055664,0.01381446048617363,0.009143747389316559,0.009838523343205452,0.3404214680194855,0.0066285207867622375,0.005243720952421427,0.005481628701090813,0.21904252469539642
0006,000146,146,0.17092198133468628,1.1250447034835815,0.11962492763996124,0.7409300208091736,0.013796239160001278,0.00915931724011898,0.009817076846957207,0.3404383361339569,0.006194388959556818,0.005149612668901682,0.005137277767062187,0.2192012369632721
0006,000147,147,0.17042464017868042,1.1262027025222778,0.1180061399936676,0.7318283915519714,0.01378773245960474,0.009156196378171444,0.009831734001636505,0.3404201865196228,0.0067918915301561356,0.005228661000728607,0.005607431288808584,0.21903696656227112
0006,000148,148,0.1710815131664276,1.1251169443130493,0.11655719578266144,0.7163699865341187,0.013760029338300228,0.009153338149189949,0.009839801117777824,0.340421199798584,0.00660359300673008,0.005260703153908253,0.005438711494207382,0.21898986399173737
0006,000149,149,0.17098461091518402,1.12506902217865,0.11624223738908768,0.7037496566772461,0.013810558244585991,0.009162510745227337,0.009837905876338482,0.3404134213924408,0.0071375626139342785,0.005383778363466263,0.005827776156365871,0.21871590614318848
0006,000150,150,0.17127780616283417,1.1253955364227295,0.11915948987007141,0.7260038256645203,0.013790467754006386,0.009159081615507603,0.00982699915766716,0.3404030203819275,0.006270572077482939,0.005278244614601135,0.00519511429592967,0.21883821487426758
0006,000151,151,0.1713140308856964,1.125483751296997,0.11776838451623917,0.7208207249641418,0.013835622929036617,0.009166289120912552,0.009876894764602184,0.3403952121734619,0.006916508078575134,0.005347916390746832,0.0056809731759130955,0.21862831711769104
0006,000152,152,0.171750009059906,1.126049518585205,0.11766090244054794,0.717374861240387,0.013799205422401428,0.009169580414891243,0.009854786098003387,0.34041130542755127,0.006629681680351496,0.005355655215680599,0.005453110206872225,0.21856819093227386
0006,000153,153,0.17138488590717316,1.1265360116958618,0.11699001491069794,0.7135875821113586,0.013838708400726318,0.009191618300974369,0.009903072379529476,0.34041696786880493,0.007091841660439968,0.00546890078112483,0.00578340794891119,0.21826627850532532
0006,000154,154,0.17127962410449982,1.1274189949035645,0.11748306453227997,0.7210131287574768,0.01379623543471098,0.009204075671732426,0.009872176684439182,0.34042227268218994,0.006470158696174622,0.0053863525390625,0.005350511521100998,0.21838931739330292
0006,000155,155,0.17122143507003784,1.126796007156372,0.11864005774259567,0.7283568978309631,0.013759584166109562,0.00921059399843216,0.00985201820731163,0.34044012427330017,0.00633292505517602,0.005262890364974737,0.005221905652433634,0.2185470163822174
0006,000156,156,0.17155922949314117,1.1280092000961304,0.11822906136512756,0.7256778478622437,0.013715767301619053,0.009202667511999607,0.009810052812099457,0.34043648838996887,0.0064030722714960575,0.005216606426984072,0.005286623258143663,0.21858343482017517
0006,000157,157,0.17179475724697113,1.1295435428619385,0.1207534521818161,0.7499766945838928,0.013807049952447414,0.009204855188727379,0.009891483001410961,0.3404548764228821,0.006578394677489996,0.005213545169681311,0.005411314778029919,0.2185843139886856
0006,000158,158,0.17069591581821442,1.1255390644073486,0.1197696402668953,0.7401733994483948,0.01374445203691721,0.009207308292388916,0.009818315505981445,0.3404313623905182,0.0065078577026724815,0.0051941336132586,0.005411246325820684,0.2185746282339096
0006,000159,159,0.1712309569120407,1.1297600269317627,0.12086661905050278,0.7543944120407104,0.013785057701170444,0.009214028716087341,0.009883187711238861,0.3404284715652466,0.006151814479380846,0.005115828476846218,0.0051498860120773315,0.21875932812690735
0006,000160,160,0.17156730592250824,1.1310349702835083,0.1177578940987587,0.7283803224563599,0.013761568814516068,0.009213753044605255,0.009859101846814156,0.34041982889175415,0.006443525664508343,0.005131077487021685,0.005320630967617035,0.21870751678943634
0006,000161,161,0.17188335955142975,1.1296323537826538,0.11785896867513657,0.7277661561965942,0.013814406469464302,0.009222934953868389,0.009903129190206528,0.3404175639152527,0.0064082364551723,0.005133438855409622,0.0053124334663152695,0.21872404217720032
0006,000162,162,0.1709195226430893,1.1237250566482544,0.11949285119771957,0.7402774095535278,0.01377295795828104,0.009214632213115692,0.009857556782662868,0.34042033553123474,0.0063157519325613976,0.005122653674334288,0.0052580335177481174,0.21879102289676666
0006,000163,163,0.17203228175640106,1.127873420715332,0.1196969598531723,0.7461455464363098,0.013687577098608017,0.00919090025126934,0.009786670096218586,0.340422123670578,0.00618166197091341,0.0050829388201236725,0.00517273647710681,0.21890509128570557
0006,000164,164,0.17206306755542755,1.1277467012405396,0.11893218010663986,0.745502769947052,0.013748977333307266,0.009187220595777035,0.009846901521086693,0.34041765332221985,0.006860125344246626,0.005163849331438541,0.005636014509946108,0.21880541741847992
0006,000165,165,0.17205660045146942,1.1289962530136108,0.12018756568431854,0.7534882426261902,0.013768612407147884,0.009188146330416203,0.009833302348852158,0.3404100239276886,0.006387008354067802,0.00513505982235074,0.005339785944670439,0.21891285479068756
0006,000166,166,0.1721007227897644,1.1299917697906494,0.11745716631412506,0.733165979385376,0.013830616138875484,0.009209336712956429,0.009909776039421558,0.34041792154312134,0.006483400706201792,0.005151279270648956,0.005407304503023624,0.21892432868480682
0006,000167,167,0.17217591404914856,1.1290768384933472,0.11797811836004257,0.7360027432441711,0.013780984096229076,0.009205072186887264,0.009868252091109753,0.3404211699962616,0.006622643209993839,0.005202635191380978,0.0055323257111012936,0.2188652604818344
0006,000168,168,0.17172428965568542,1.1302855014801025,0.11689765006303787,0.7203118205070496,0.013765433803200722,0.009212891571223736,0.00987265631556511,0.3404287099838257,0.0067752269096672535,0.005280564073473215,0.005611100234091282,0.2187037467956543
0006,000169,169,0.17123745381832123,1.1246625185012817,0.1187145859003067,0.7321799397468567,0.0137495631352067,0.009201297536492348,0.009840213693678379,0.34040698409080505,0.006376753561198711,0.005252501927316189,0.005306542851030827,0.21873538196086884
0006,000170,170,0.1710144579410553,1.123685598373413,0.11823896318674088,0.7254073619842529,0.013699691742658615,0.009195048362016678,0.009832124225795269,0.34043219685554504,0.006496168207377195,0.005247276742011309,0.0053924089297652245,0.21869100630283356
0006,000171,171,0.1717587262392044,1.1271741390228271,0.12230826914310455,0.7608962655067444,0.013701829127967358,0.009189397096633911,0.009830587543547153,0.3404427766799927,0.0060540977865457535,0.0050924960523843765,0.005063001532107592,0.21897798776626587
0006,000172,172,0.1715187281370163,1.125533938407898,0.12136845290660858,0.7527565360069275,0.013714315369725227,0.009201610460877419,0.00980849377810955,0.34043964743614197,0.006586899980902672,0.005160199012607336,0.005483683664351702,0.21887563169002533
0006,000173,173,0.17130471765995026,1.1268811225891113,0.1187453493475914,0.7314989566802979,0.01376951951533556,0.009200341068208218,0.009884226135909557,0.34043818712234497,0.0069459532387554646,0.005287026055157185,0.005727528594434261,0.2186581939458847
0006,000174,174,0.1711472123861313,1.123952031135559,0.12018375098705292,0.7468422055244446,0.013808454386889935,0.009212471544742584,0.009901059791445732,0.34044310450553894,0.00632830522954464,0.005223849322646856,0.005288136191666126,0.21880687773227692
0006,000175,175,0.1723678857088089,1.1294589042663574,0.11989530920982361,0.749294102191925,0.01373074110597372,0.00921336468309164,0.009843960404396057,0.34045594930648804,0.006357688922435045,0.005176857113838196,0.005310803651809692,0.21895618736743927
0006,000176,176,0.17093759775161743,1.1235660314559937,0.12067386507987976,0.7558377981185913,0.013724856078624725,0.009206796996295452,0.009831832721829414,0.3404509425163269,0.006409680936485529,0.00515219708904624,0.005350915249437094,0.21903541684150696
0006,000177,177,0.17206832766532898,1.1282793283462524,0.11702607572078705,0.7279415726661682,0.013718027621507645,0.009215590544044971,0.00983340758830309,0.34044888615608215,0.0069218287244439125,0.005255563650280237,0.005743233487010002,0.21882662177085876
0006,000178,178,0.1720888614654541,1.1299431324005127,0.11659906059503555,0.7131798267364502,0.01383163407444954,0.00918693095445633,0.009890581481158733,0.3404451906681061,0.006782648619264364,0.005313642788678408,0.005586942657828331,0.21867512166500092
0006,000179,179,0.17191281914710999,1.1308135986328125,0.11934921890497208,0.7412692904472351,0.013914027251303196,0.009130583144724369,0.009916535578668118,0.3404045104980469,0.006785022094845772,0.005347172264009714,0.00564871821552515,0.21864750981330872
0006,000180,180,0.17172208428382874,1.1291515827178955,0.11555420607328415,0.7050768733024597,0.013875991106033325,0.009097526781260967,0.009935055859386921,0.3404010236263275,0.007137085776776075,0.005463698413223028,0.005855571944266558,0.2183709740638733
0006,000181,181,0.17263664305210114,1.1332651376724243,0.11847560107707977,0.7232955694198608,0.013898864388465881,0.009081350639462471,0.009940523654222488,0.34041890501976013,0.006891935132443905,0.005494000855833292,0.005659002345055342,0.21823200583457947
0006,000182,182,0.17290738224983215,1.1335437297821045,0.11983512341976166,0.7382103204727173,0.013952137902379036,0.009059743955731392,0.009948697872459888,0.34040090441703796,0.006662413943558931,0.005460876040160656,0.005491089075803757,0.2182537168264389
0006,000183,183,0.1728561818599701,1.1332331895828247,0.12053956091403961,0.737341046333313,0.013951702043414116,0.008995729498565197,0.009922008961439133,0.3404330909252167,0.006760976742953062,0.005421951878815889,0.00551269855350256,0.2182503342628479
0006,000184,184,0.17214247584342957,1.1307470798492432,0.12036384642124176,0.7424777150154114,0.014006945304572582,0.008937167003750801,0.0099308080971241,0.3404165804386139,0.006555275525897741,0.005345401354134083,0.005441720597445965,0.21833571791648865
0006,000185,185,0.17242734134197235,1.1308575868606567,0.12085089087486267,0.7456281781196594,0.014074364677071571,0.008859369903802872,0.009970755316317081,0.34037497639656067,0.006945608649402857,0.005371944047510624,0.005740546155720949,0.21825677156448364
0006,000186,186,0.17316798865795135,1.1316759586334229,0.11991652101278305,0.7406664490699768,0.014215540140867233,0.008761554025113583,0.01003046240657568,0.340364009141922,0.0067463889718055725,0.0053366911597549915,0.0055596414022147655,0.21827693283557892
0006,000187,187,0.17449232935905457,1.1382580995559692,0.12055229395627975,0.7486096024513245,0.014318393543362617,0.00861512590199709,0.010050849989056587,0.34032583236694336,0.006808930542320013,0.005308980587869883,0.005647796671837568,0.21835722029209137
0006,000188,188,0.1746385395526886,1.134709358215332,0.11984521150588989,0.7480916380882263,0.014562530443072319,0.008439003489911556,0.010161465965211391,0.3402918875217438,0.006668816786259413,0.005217497702687979,0.005543983541429043,0.21857395768165588
0006,000189,189,0.17523154616355896,1.1362957954406738,0.1189039796590805,0.7341657876968384,0.014614704996347427,0.008300497196614742,0.010153966024518013,0.34027335047721863,0.007345751393586397,0.005304380785673857,0.005982068832963705,0.21840813755989075
0006,000190,190,0.17465806007385254,1.1339534521102905,0.11877051740884781,0.7348354458808899,0.014553820714354515,0.008205709978938103,0.010111870244145393,0.34024468064308167,0.0072099631652235985,0.005332781467586756,0.005945962388068438,0.218391552567482
0006,000191,191,0.17512522637844086,1.1345385313034058,0.12008830904960632,0.7430382370948792,0.014503981918096542,0.008164094761013985,0.010066390037536621,0.34022343158721924,0.007161450106650591,0.0053369998931884766,0.005900585558265448,0.21838699281215668
0006,000192,192,0.17525671422481537,1.1360520124435425,0.1208634302020073,0.7500739097595215,0.014621117152273655,0.008147121407091618,0.010096857324242592,0.3402584493160248,0.007040397264063358,0.005302626173943281,0.005726131144911051,0.21846792101860046
0006,000193,193,0.17496229708194733,1.1354352235794067,0.1202705129981041,0.7425547242164612,0.014731171540915966,0.008104809559881687,0.010122593492269516,0.34025323390960693,0.0073720733635127544,0.005352810025215149,0.00602691899985075,0.21838177740573883
0006,000194,194,0.17588196694850922,1.1366302967071533,0.12117157131433487,0.7509461641311646,0.014839024282991886,0.008059094659984112,0.010135509073734283,0.34023913741111755,0.007454833947122097,0.005384514108300209,0.006060672923922539,0.21839381754398346
0006,000195,195,0.17627555131912231,1.1401143074035645,0.12119927257299423,0.7500964403152466,0.01506748702377081,0.008028551004827023,0.010228295810520649,0.34023234248161316,0.00756685808300972,0.005438594147562981,0.006201236974447966,0.21831180155277252
0006,000196,196,0.17669235169887543,1.1454356908798218,0.12096714973449707,0.7475899457931519,0.015079252421855927,0.007980238646268845,0.01020436454564333,0.3402104079723358,0.007552359718829393,0.005451977718621492,0.006178649142384529,0.2183019518852234
0006,000197,197,0.17759330570697784,1.1479361057281494,0.11964289098978043,0.7361285090446472,0.015043252147734165,0.007929550483822823,0.010160642676055431,0.34022536873817444,0.0078893369063735,0.005559862591326237,0.006433034315705299,0.21816100180149078
0006,000198,198,0.17857618629932404,1.1486338376998901,0.12032263725996017,0.7460908889770508,0.015241174958646297,0.007883988320827484,0.01026499830186367,0.34016746282577515,0.007979929447174072,0.005662184674292803,0.0064669419080019,0.2180933952331543
0006,000199,199,0.17871706187725067,1.1461491584777832,0.12220551073551178,0.7608141899108887,0.015149427577853203,0.00786245334893465,0.010230978019535542,0.3401491045951843,0.007904358208179474,0.00570240942761302,0.006446128711104393,0.2180633693933487
0006,000200,200,0.17935532331466675,1.1510741710662842,0.12354002892971039,0.7828758955001831,0.015158385038375854,0.007858761586248875,0.01026802510023117,0.3401253819465637,0.0077263605780899525,0.005666256882250309,0.006266825366765261,0.21818989515304565
0006,000201,201,0.17789429426193237,1.144370198249817,0.12374891340732574,0.794847309589386,0.015023269690573215,0.007832514122128487,0.010226692073047161,0.34009167551994324,0.007926691323518753,0.0056462762877345085,0.006512886844575405,0.2181902378797531
0006,000202,202,0.1784905344247818,1.149406909942627,0.12258971482515335,0.7963117361068726,0.015005444176495075,0.007818038575351238,0.010267529636621475,0.3400927782058716,0.007885923609137535,0.0055822040885686874,0.006378727499395609,0.2183840125799179
0006,000203,203,0.17817650735378265,1.147996187210083,0.1216483935713768,0.7907644510269165,0.0149414436891675,0.00779536971822381,0.010326512157917023,0.34010058641433716,0.008231818675994873,0.0056258076801896095,0.006750785280019045,0.21826255321502686
0006,000204,204,0.17801447212696075,1.1514312028884888,0.12250550836324692,0.7983810305595398,0.014921375550329685,0.007791638839989901,0.010348927229642868,0.34013065695762634,0.007922678254544735,0.005536864046007395,0.006489090621471405,0.2183077335357666
0006,000205,205,0.17817698419094086,1.1489872932434082,0.12224035710096359,0.8026808500289917,0.014837278984487057,0.007755689322948456,0.010241497308015823,0.3401249647140503,0.00808568112552166,0.005556048359721899,0.006631806492805481,0.21829690039157867
0006,000206,206,0.17804959416389465,1.1488693952560425,0.1227385476231575,0.8093265295028687,0.014876147732138634,0.007750839926302433,0.010322928428649902,0.3401026427745819,0.008447485975921154,0.005625864956527948,0.00697356229647994,0.21826155483722687
0006,000207,207,0.17732647061347961,1.1485010385513306,0.12263255566358566,0.8177777528762817,0.0146735068410635,0.007758453954011202,0.010258989408612251,0.3400905728340149,0.007829001173377037,0.005643665790557861,0.006487854290753603,0.21833716332912445
0006,000208,208,0.17645306885242462,1.1495532989501953,0.12321041524410248,0.8254280090332031,0.014592371881008148,0.007766984403133392,0.010270093567669392,0.3400922417640686,0.007752085570245981,0.005677924957126379,0.006408717483282089,0.21840737760066986
0006,000209,209,0.17586447298526764,1.1435718536376953,0.11995545774698257,0.8051085472106934,0.014503193087875843,0.007753600832074881,0.010132472962141037,0.34005603194236755,0.00784023106098175,0.005737528670579195,0.006445385981351137,0.21840544044971466
0006,000210,210,0.17633803188800812,1.1438500881195068,0.11993636190891266,0.795377254486084,0.014470340684056282,0.007737493608146906,0.010142261162400246,0.3400646448135376,0.008399411104619503,0.005909122992306948,0.006823875475674868,0.21801091730594635
0006,000211,211,0.17646773159503937,1.140008807182312,0.11837070435285568,0.7784929275512695,0.014527864754199982,0.007695476058870554,0.010091852396726608,0.3400503993034363,0.008504649624228477,0.006056230049580336,0.006904358975589275,0.21770115196704865
0006,000212,212,0.17641422152519226,1.1362464427947998,0.12036462873220444,0.7862523198127747,0.014630892314016819,0.00762224942445755,0.01011273916810751,0.3400290012359619,0.008265523239970207,0.006111096125096083,0.006724019534885883,0.21744057536125183
0006,000213,213,0.17737914621829987,1.1376885175704956,0.12012512981891632,0.783261239528656,0.01473779883235693,0.007535092532634735,0.010087452828884125,0.34001803398132324,0.008230428211390972,0.00610613776370883,0.006636794190853834,0.21728515625
0006,000214,214,0.17795372009277344,1.1348069906234741,0.12063054740428925,0.7847098112106323,0.015043558552861214,0.00745653361082077,0.010224124416708946,0.3399862051010132,0.008127032779157162,0.005999044515192509,0.006605869624763727,0.21730440855026245
0006,000215,215,0.17787645757198334,1.1313328742980957,0.12038946151733398,0.776913583278656,0.01508781872689724,0.007397856097668409,0.010217410512268543,0.3399558961391449,0.00850763637572527,0.006027321796864271,0.006842989008873701,0.21703486144542694
0006,000216,216,0.17885176837444305,1.1334867477416992,0.12013674527406693,0.7746696472167969,0.015245254151523113,0.007354873698204756,0.010233141481876373,0.3399192690849304,0.008252469822764397,0.005968336481601,0.006619377061724663,0.2170211672782898
0006,000217,217,0.1777356117963791,1.1257909536361694,0.12130532413721085,0.7844732999801636,0.015255540609359741,0.007303520571440458,0.010123052634298801,0.33992868661880493,0.008570592850446701,0.005949352402240038,0.00687355175614357,0.2168937772512436
0006,000218,218,0.1777268350124359,1.1266874074935913,0.12480862438678741,0.8107200264930725,0.015372959896922112,0.007283685263246298,0.010235925205051899,0.33990851044654846,0.008402013219892979,0.005901085678488016,0.0067700957879424095,0.2169230729341507
0006,000219,219,0.17776183784008026,1.1298002004623413,0.125278040766716,0.8190049529075623,0.015568092465400696,0.007278319448232651,0.010360187850892544,0.33986833691596985,0.008892055600881577,0.005916276015341282,0.0071446835063397884,0.21681629121303558
0006,000220,220,0.17853876948356628,1.130980372428894,0.12323927134275436,0.8078430891036987,0.015613251365721226,0.007259723264724016,0.01023323554545641,0.33989787101745605,0.00896991416811943,0.005973767023533583,0.0071348147466778755,0.21676424145698547
0006,000221,221,0.17726825177669525,1.1260021924972534,0.12299498170614243,0.8072554469108582,0.015584052540361881,0.007213263306766748,0.010203039273619652,0.3398531973361969,0.008760632015764713,0.0058883121237158775,0.006939069367945194,0.2169061005115509
0006,000222,222,0.17864884436130524,1.1310940980911255,0.12399516254663467,0.8150498270988464,0.01565365307033062,0.00716600613668561,0.01019739918410778,0.33977997303009033,0.009377092123031616,0.006006704177707434,0.007385767064988613,0.21668125689029694
0006,000223,223,0.17541702091693878,1.115325927734375,0.12675385177135468,0.8375503420829773,0.015526161529123783,0.0071112182922661304,0.01013074442744255,0.3397637903690338,0.00922612939029932,0.0059952568262815475,0.007342072669416666,0.2167508602142334
0006,000224,224,0.17398501932621002,1.1044127941131592,0.1240219846367836,0.8106387853622437,0.015624952502548695,0.007092517800629139,0.01010296493768692,0.33979880809783936,0.009172503836452961,0.006022581830620766,0.007257342338562012,0.216704323887825
0006,000225,225,0.17408831417560577,1.1102876663208008,0.1233045682311058,0.8131641745567322,0.015697283670306206,0.007066952995955944,0.010110778734087944,0.33976006507873535,0.008923206478357315,0.005940028931945562,0.007109627593308687,0.21688908338546753
0006,000226,226,0.17200306057929993,1.0947942733764648,0.12157990038394928,0.8087862730026245,0.015703169628977776,0.0070280893705785275,0.010085390880703926,0.3397620618343353,0.009278626181185246,0.005905650090426207,0.0074482206255197525,0.216984823346138
0006,000227,227,0.17261770367622375,1.094900131225586,0.1225678026676178,0.8132444620132446,0.015742257237434387,0.007004119455814362,0.010107080452144146,0.33974847197532654,0.009229648858308792,0.00585088599473238,0.007309283129870892,0.21712566912174225
0006,000228,228,0.17325523495674133,1.0958449840545654,0.1228463351726532,0.8109796047210693,0.01583452895283699,0.006980009377002716,0.010126947425305843,0.339779794216156,0.009775001555681229,0.005784938577562571,0.007716287858784199,0.21720348298549652
0006,000229,229,0.17338985204696655,1.0975897312164307,0.12042488157749176,0.8040922284126282,0.01590288057923317,0.006989832501858473,0.010146230459213257,0.3398251533508301,0.009567267261445522,0.005627383943647146,0.0077438438311219215,0.21756933629512787
0006,000230,230,0.17353925108909607,1.0994950532913208,0.11921971291303635,0.7941371202468872,0.015891574323177338,0.006961994804441929,0.010127410292625427,0.33981314301490784,0.00999409519135952,0.005697599146515131,0.008038253523409367,0.2176235020160675
0006,000231,231,0.1734558343887329,1.1052404642105103,0.11880549043416977,0.7987266182899475,0.015823492780327797,0.006968395318835974,0.010188397020101547,0.33982548117637634,0.010051577351987362,0.0057723261415958405,0.008194134570658207,0.2177618443965912
0006,000232,232,0.17242282629013062,1.1027716398239136,0.11858686059713364,0.7966455817222595,0.015801582485437393,0.006957115605473518,0.010113328695297241,0.3398112654685974,0.010403865948319435,0.006007619667798281,0.008382894098758698,0.2176872342824936
0006,000233,233,0.1736375242471695,1.1054850816726685,0.11608264595270157,0.7934437990188599,0.015821518376469612,0.006950866896659136,0.010066339746117592,0.33986032009124756,0.009677371941506863,0.005989420227706432,0.007845244370400906,0.21804362535476685
0006,000234,234,0.17328479886054993,1.1020903587341309,0.11506352573633194,0.8005140423774719,0.01591365411877632,0.0069568222388625145,0.010059607215225697,0.3398495018482208,0.009390165098011494,0.005895347334444523,0.007689880207180977,0.2184794843196869
0006,000235,235,0.1747163087129593,1.1052091121673584,0.11647697538137436,0.8232529759407043,0.01597166247665882,0.006943125743418932,0.010048839263617992,0.33987364172935486,0.009679041802883148,0.005903743673115969,0.008031273260712624,0.2187044471502304
0006,000236,236,0.17554669082164764,1.102405071258545,0.11608069390058517,0.8255043029785156,0.016039034351706505,0.006936682853847742,0.010011181235313416,0.33983513712882996,0.00968365091830492,0.005947716534137726,0.00808161124587059,0.2188979983329773
0006,000237,237,0.17578311264514923,1.0955240726470947,0.1147366538643837,0.7918233871459961,0.01619667001068592,0.006938307546079159,0.009997702203691006,0.3397980034351349,0.010266351513564587,0.006108728237450123,0.008400553837418556,0.2186080813407898
0006,000238,238,0.17548027634620667,1.0864691734313965,0.11522973328828812,0.7808048725128174,0.01620030216872692,0.006896989420056343,0.009899506345391273,0.33975449204444885,0.009870907291769981,0.006134103983640671,0.008150734938681126,0.21856188774108887
0006,000239,239,0.1782747060060501,1.0903339385986328,0.11424600332975388,0.7719481587409973,0.016154825687408447,0.006838025525212288,0.00982859916985035,0.33971574902534485,0.009691007435321808,0.006130952853709459,0.008013943210244179,0.21860049664974213
0006,000240,240,0.17842984199523926,1.0839380025863647,0.11512593179941177,0.7727307081222534,0.016194455325603485,0.006776462309062481,0.009862020611763,0.33966898918151855,0.009360237047076225,0.006055152043700218,0.007738763932138681,0.2187812775373459
0006,000241,241,0.17815884947776794,1.0724749565124512,0.11886376142501831,0.7944743633270264,0.01619546487927437,0.00673296581953764,0.00983446091413498,0.3396090269088745,0.009560903534293175,0.006016928236931562,0.007868590764701366,0.21885065734386444
0006,000242,242,0.1783818155527115,1.0707765817642212,0.11699660122394562,0.7829377055168152,0.016387999057769775,0.006686849519610405,0.009915475733578205,0.3395661413669586,0.009286584332585335,0.005897892639040947,0.0077052186243236065,0.2190980315208435
0006,000243,243,0.17946045100688934,1.0716805458068848,0.11737741529941559,0.7753514647483826,0.016471080482006073,0.006662419531494379,0.009929132647812366,0.3395565152168274,0.009629814885556698,0.005864614155143499,0.0078124115243554115,0.21922624111175537
0006,000244,244,0.17863760888576508,1.0651694536209106,0.1175522655248642,0.776253342628479,0.016235021874308586,0.006639383267611265,0.009921146556735039,0.33954712748527527,0.009307638742029667,0.005821348633617163,0.007620483636856079,0.21939770877361298
0006,000245,245,0.17972169816493988,1.0767114162445068,0.11662723124027252,0.7765177488327026,0.016210798174142838,0.00663343770429492,0.010058209300041199,0.339537650346756,0.009534944780170918,0.005809904541820288,0.007794266566634178,0.21956460177898407
0006,000246,246,0.17988143861293793,1.0823379755020142,0.11533889919519424,0.7699044942855835,0.016037698835134506,0.006670689210295677,0.010110716335475445,0.33952441811561584,0.0096756462007761,0.005912487860769033,0.00787306483834982,0.21954014897346497
0006,000247,247,0.18009454011917114,1.0843359231948853,0.11425025016069412,0.7612612247467041,0.015971463173627853,0.006664230488240719,0.00996952410787344,0.3395300805568695,0.009505074471235275,0.006028366275131702,0.007731055375188589,0.21949540078639984
0006,000248,248,0.17972919344902039,1.087141990661621,0.1140914112329483,0.7494504451751709,0.01583036594092846,0.006640031933784485,0.00988907739520073,0.33947718143463135,0.00995897501707077,0.006175744812935591,0.008018922060728073,0.219198077917099
0006,000249,249,0.1801479309797287,1.0888196229934692,0.11794096976518631,0.7901957035064697,0.015841418877243996,0.0066301715560257435,0.009983296506106853,0.3394533395767212,0.009355766698718071,0.006017887033522129,0.007579457946121693,0.2194821983575821
0006,000250,250,0.17908181250095367,1.0929765701293945,0.1190294623374939,0.8083701729774475,0.015604694373905659,0.0066338288597762585,0.010030196979641914,0.33944055438041687,0.008929368108510971,0.005921109113842249,0.007330617867410183,0.2197289913892746
0006,000251,251,0.17746107280254364,1.0901752710342407,0.11576833575963974,0.7928529977798462,0.015440846793353558,0.006653956603258848,0.00997235532850027,0.3393741548061371,0.009077399969100952,0.005952315870672464,0.007467351388186216,0.2198750376701355
0006,000252,252,0.177975133061409,1.0982028245925903,0.11416607350111008,0.7679827809333801,0.01545441709458828,0.006659137550741434,0.009985445998609066,0.33935263752937317,0.009474863298237324,0.006109603215008974,0.007715397048741579,0.2196422964334488
0006,000253,253,0.17698602378368378,1.1019635200500488,0.11312970519065857,0.7564805746078491,0.015144269913434982,0.006660137325525284,0.00990274641662836,0.33935800194740295,0.009567593224346638,0.00628306157886982,0.007803555577993393,0.21931566298007965
0006,000254,254,0.1772049218416214,1.112715244293213,0.1115751788020134,0.7369300127029419,0.015029666014015675,0.006704684346914291,0.009942179545760155,0.33940383791923523,0.009898513555526733,0.006462704390287399,0.008020037785172462,0.21885675191879272
0006,000255,255,0.1771608144044876,1.114244818687439,0.11218609660863876,0.732764482498169,0.01506733987480402,0.006753126624971628,0.009969297796487808,0.33945760130882263,0.010056736879050732,0.0066609736531972885,0.008065706118941307,0.21832701563835144
0006,000256,256,0.17820224165916443,1.118699550628662,0.11260154098272324,0.7345916032791138,0.015068160369992256,0.006815166212618351,0.010014141909778118,0.3394920229911804,0.009360825642943382,0.006646621506661177,0.00757359666749835,0.2181057184934616
0006,000257,257,0.17768535017967224,1.1185799837112427,0.11706328392028809,0.7961176633834839,0.015165386721491814,0.006870612036436796,0.010113712400197983,0.33949601650238037,0.00927297119051218,0.0065430146642029285,0.0077676852233707905,0.21817784011363983
0006,000258,258,0.17681734263896942,1.1284866333007812,0.11427389085292816,0.7886225581169128,0.015041554346680641,0.006920243613421917,0.010139423422515392,0.3395446538925171,0.00947603676468134,0.006583468522876501,0.007916093803942204,0.21808543801307678
0006,000259,259,0.17561466991901398,1.1332334280014038,0.11309175193309784,0.7764050364494324,0.014661671593785286,0.006965667940676212,0.010157479904592037,0.3394774794578552,0.009170657023787498,0.006691390182822943,0.007636963855475187,0.21787196397781372
0006,000260,260,0.17372776567935944,1.1316866874694824,0.11149214953184128,0.7661856412887573,0.014683120884001255,0.007016774732619524,0.010199890471994877,0.33946895599365234,0.009271933697164059,0.006815932225435972,0.007685855496674776,0.21762841939926147
0006,000261,261,0.1737300306558609,1.1331645250320435,0.11445723474025726,0.7919244170188904,0.014759737066924572,0.007018761243671179,0.010245759971439838,0.3394625186920166,0.008262662217020988,0.006610275711864233,0.006886562332510948,0.21776874363422394
0006,000262,262,0.17315325140953064,1.1313432455062866,0.11615820974111557,0.7975433468818665,0.014592820778489113,0.0070329993031919,0.010185306891798973,0.33944016695022583,0.008625724352896214,0.006568870972841978,0.007197725120931864,0.21763865649700165
0006,000263,263,0.1743372529745102,1.1381831169128418,0.11525973677635193,0.8042725920677185,0.014660634100437164,0.007073372136801481,0.01026216521859169,0.339433878660202,0.008093063719570637,0.006363844498991966,0.006853078957647085,0.21786721050739288
0006,000264,264,0.17439842224121094,1.1373361349105835,0.11503319442272186,0.8025434017181396,0.014596196822822094,0.007100654300302267,0.010216835886240005,0.3394547402858734,0.007933824323117733,0.006212177686393261,0.0066674016416072845,0.21796967089176178
0006,000265,265,0.17583884298801422,1.1402266025543213,0.11601261049509048,0.8085756897926331,0.01471805851906538,0.007099437527358532,0.01024179719388485,0.3394656777381897,0.008183241821825504,0.006148248445242643,0.006873573642224073,0.21795731782913208
0006,000266,266,0.17720000445842743,1.142930030822754,0.1172502189874649,0.8138736486434937,0.014901222661137581,0.007100970949977636,0.010347920469939709,0.339428186416626,0.008484146557748318,0.006077248137444258,0.007114126347005367,0.21796442568302155
0006,000267,267,0.17758432030677795,1.1370720863342285,0.11643534153699875,0.8027195334434509,0.015150637365877628,0.007039438933134079,0.010371177457273006,0.3394511938095093,0.00931224599480629,0.00615069642663002,0.0077034663408994675,0.21784277260303497
0006,000268,268,0.17778563499450684,1.1334420442581177,0.1179666593670845,0.8159207701683044,0.015201532281935215,0.0070451293140649796,0.01048810314387083,0.33944785594940186,0.009480667300522327,0.00611508172005415,0.007917757146060467,0.2180393934249878
0006,000269,269,0.1770104616880417,1.1402522325515747,0.11685129255056381,0.8033785223960876,0.014564994722604752,0.007097060792148113,0.01035300549119711,0.33941859006881714,0.008838873356580734,0.006240319460630417,0.007473419886082411,0.2179529219865799
0007,000002,2,0.21865837275981903,1.0823595523834229,0.10367977619171143,0.5390570759773254,0.012319313362240791,0.002550097880885005,0.006893543992191553,0.33965635299682617,0.003918027970939875,0.000811031786724925,0.0026044624391943216,0.20081213116645813
0007,000003,3,0.21488702297210693,1.0817773342132568,0.11654376238584518,0.632351815700531,0.012492549605667591,0.003508939640596509,0.0072036804631352425,0.33942556381225586,0.0044587175361812115,0.0012573632411658764,0.0029927832074463367,0.2015957236289978
0007,000004,4,0.20988914370536804,1.0755980014801025,0.12305984646081924,0.6896988749504089,0.012826002202928066,0.0041502658277750015,0.0074140941724181175,0.33929964900016785,0.004391675349324942,0.0015345864230766892,0.002954936819151044,0.20214882493019104
0007,000005,5,0.20734982192516327,1.0839921236038208,0.12534023821353912,0.7113122940063477,0.013166923075914383,0.004619250074028969,0.0076334779150784016,0.3391999900341034,0.004407323896884918,0.0016925942618399858,0.0030711484141647816,0.20251716673374176
0007,000006,6,0.20402491092681885,1.0858948230743408,0.14087237417697906,0.8567976951599121,0.013444284908473492,0.004958039615303278,0.007788331713527441,0.3391631841659546,0.005096564535051584,0.001981936162337661,0.003833820577710867,0.20341655611991882
0007,000007,7,0.2021164745092392,1.0907305479049683,0.1351887434720993,0.810828685760498,0.013651829212903976,0.0052362484857439995,0.007977890782058239,0.33913031220436096,0.005225063767284155,0.0020455275662243366,0.0038871634751558304,0.20349156856536865
0007,000008,8,0.19962486624717712,1.0927962064743042,0.13034600019454956,0.777949869632721,0.013751547783613205,0.005480980966240168,0.008167373016476631,0.3391292989253998,0.005723663605749607,0.002236145082861185,0.004227317404001951,0.2035064697265625
0007,000009,9,0.19751375913619995,1.09095299243927,0.12824922800064087,0.7623084187507629,0.013944920152425766,0.005673072300851345,0.00828546192497015,0.33912843465805054,0.005653889384120703,0.002470840699970722,0.004125603474676609,0.2038203924894333
0007,000010,10,0.19551917910575867,1.0986515283584595,0.12051604688167572,0.7014632821083069,0.014129430055618286,0.005862806458026171,0.00841151736676693,0.3392147123813629,0.007088317070156336,0.0028475720901042223,0.0050332630053162575,0.20332671701908112
0007,000011,11,0.19357514381408691,1.1028499603271484,0.11395380645990372,0.6528730392456055,0.014378134161233902,0.006064713001251221,0.008462868630886078,0.3393196761608124,0.0064590745605528355,0.0031022776383906603,0.0047555770725011826,0.20318244397640228
0007,000012,12,0.19268101453781128,1.111473798751831,0.11298840492963791,0.6530474424362183,0.014587312936782837,0.00621853256598115,0.00866811815649271,0.3394116461277008,0.006317012943327427,0.0032017813064157963,0.004735218361020088,0.20336005091667175
0007,000013,13,0.19010402262210846,1.1090426445007324,0.11044140160083771,0.6499942541122437,0.014502295292913914,0.006327901501208544,0.008810052648186684,0.339476615190506,0.007041671313345432,0.0034044431522488594,0.0052887978963553905,0.20325346291065216
0007,000014,14,0.18857470154762268,1.1092668771743774,0.10714515298604965,0.6260784268379211,0.014130919240415096,0.006371111609041691,0.008734500035643578,0.3395404815673828,0.0072855656035244465,0.0037642368115484715,0.0054036155343055725,0.2026943415403366
0007,000015,15,0.18733899295330048,1.1082488298416138,0.11079484224319458,0.653830885887146,0.014205651357769966,0.006342348176985979,0.008743415586650372,0.33959829807281494,0.0066356598399579525,0.003966544289141893,0.004953866358846426,0.20244213938713074
0007,000016,16,0.18715323507785797,1.1117911338806152,0.12445983290672302,0.7852930426597595,0.014516344293951988,0.006274702958762646,0.008908773772418499,0.3396299183368683,0.006008930969983339,0.0038364757783710957,0.004724305123090744,0.20297278463840485
0007,000017,17,0.1859244555234909,1.1155306100845337,0.12147839367389679,0.7606264352798462,0.014839071780443192,0.0062567065469920635,0.009051625616848469,0.3396294414997101,0.006437431089580059,0.003988811280578375,0.004909536335617304,0.20286773145198822
0007,000018,18,0.18559953570365906,1.1195462942123413,0.11562927067279816,0.7095268964767456,0.01502187643200159,0.006277593784034252,0.009138421155512333,0.33961427211761475,0.0068325684405863285,0.004186146892607212,0.005161079578101635,0.20244133472442627
0007,000019,19,0.18627505004405975,1.1295888423919678,0.1206461638212204,0.7469407916069031,0.015227504074573517,0.006305126007646322,0.00918277446180582,0.33963170647621155,0.006361259147524834,0.004184190649539232,0.004854799248278141,0.2026381641626358
0007,000020,20,0.1877681165933609,1.138877272605896,0.12186901271343231,0.761812686920166,0.015397614799439907,0.0063608866184949875,0.00929237250238657,0.3396623730659485,0.006631691008806229,0.004201765637844801,0.005143694579601288,0.2027871459722519
0007,000021,21,0.1886724978685379,1.1417009830474854,0.12398228049278259,0.7776628732681274,0.01551408227533102,0.006398282945156097,0.0092800073325634,0.339680552482605,0.006764945108443499,0.004231499042361975,0.005112424027174711,0.2030428797006607
0007,000022,22,0.1888624131679535,1.1418240070343018,0.12420302629470825,0.7758623957633972,0.015549644827842712,0.006394833792001009,0.009270729497075081,0.33966290950775146,0.007116466760635376,0.004310235846787691,0.005371445324271917,0.20309019088745117
0007,000023,23,0.1896849125623703,1.1473191976547241,0.1271592527627945,0.8013371229171753,0.01570303738117218,0.0064014564268291,0.009295100346207619,0.3396436870098114,0.00725100701674819,0.004355048760771751,0.005403472576290369,0.20338909327983856
0007,000024,24,0.19015096127986908,1.1406536102294922,0.12831899523735046,0.8222138285636902,0.015739351511001587,0.006366802845150232,0.00923476554453373,0.3396275043487549,0.0073228017427027225,0.004354982636868954,0.005500400438904762,0.20391207933425903
0007,000025,25,0.19032776355743408,1.1354451179504395,0.12934018671512604,0.8250059485435486,0.015757862478494644,0.006335542071610689,0.009251371957361698,0.3396565616130829,0.007633932400494814,0.00438628438860178,0.005643431097269058,0.20411059260368347
0007,000026,26,0.18891005218029022,1.1201932430267334,0.13200342655181885,0.8546754717826843,0.015837516635656357,0.006323785055428743,0.009248627349734306,0.33965978026390076,0.007901515811681747,0.0043824161402881145,0.005895302630960941,0.20475387573242188
0007,000027,27,0.18880724906921387,1.1162981986999512,0.13290536403656006,0.8674049377441406,0.015986012294888496,0.0063161589205265045,0.009284524247050285,0.33963918685913086,0.00820126011967659,0.004436239134520292,0.006116923876106739,0.205253005027771
0007,000028,28,0.1895095556974411,1.1243990659713745,0.1344873309135437,0.9042473435401917,0.016103878617286682,0.006318388506770134,0.009418981149792671,0.33959001302719116,0.008726262487471104,0.00450490927323699,0.006599829066544771,0.20604674518108368
0007,000029,29,0.18971018493175507,1.122790813446045,0.12989547848701477,0.8940117955207825,0.016248183324933052,0.006306974217295647,0.009492173790931702,0.3396230936050415,0.009466842748224735,0.004642433486878872,0.007214064709842205,0.20688261091709137
0007,000030,30,0.18926915526390076,1.1256593465805054,0.12543036043643951,0.8785973787307739,0.016413016244769096,0.0063356016762554646,0.009666833095252514,0.3396718502044678,0.01014510728418827,0.0049111489206552505,0.007682684808969498,0.20781607925891876
0007,000031,31,0.18703702092170715,1.1244233846664429,0.12465552985668182,0.8911449909210205,0.016647132113575935,0.006405376363545656,0.00995136983692646,0.3397103548049927,0.010192343033850193,0.005094746593385935,0.0077998279593884945,0.20843492448329926
0007,000032,32,0.18598756194114685,1.1277996301651,0.1249309778213501,0.9067715406417847,0.016653139144182205,0.006458348128944635,0.009935569018125534,0.3397723436355591,0.010642181150615215,0.005369262304157019,0.008003938011825085,0.2091008424758911
0007,000033,33,0.18558533489704132,1.1297246217727661,0.12297064065933228,0.8930202722549438,0.016625680029392242,0.0064655449241399765,0.009979651309549809,0.3397773206233978,0.010574765503406525,0.005463226232677698,0.008097288198769093,0.20963355898857117
0007,000034,34,0.18317118287086487,1.1229536533355713,0.12306789308786392,0.9047186970710754,0.016752716153860092,0.00647698063403368,0.010023828595876694,0.339811772108078,0.010771547444164753,0.005638237111270428,0.008305377326905727,0.21020354330539703
0007,000035,35,0.18042288720607758,1.1167758703231812,0.12035980820655823,0.9051519632339478,0.016712401062250137,0.006488941144198179,0.010045165196061134,0.3398008644580841,0.01099009532481432,0.005875475704669952,0.00845277402549982,0.21081750094890594
0007,000036,36,0.178639754652977,1.1075358390808105,0.11881624162197113,0.8998642563819885,0.016693681478500366,0.006498836912214756,0.010068316012620926,0.33981838822364807,0.011089424602687359,0.006024236790835857,0.00856410339474678,0.2111024260520935
0007,000037,37,0.1780908852815628,1.1057965755462646,0.1184878945350647,0.9150513410568237,0.01673165336251259,0.006563717033714056,0.010052680037915707,0.339875191450119,0.010546164587140083,0.006115806754678488,0.008381377905607224,0.21162867546081543
0007,000038,38,0.17899303138256073,1.1027684211730957,0.11595848947763443,0.889517605304718,0.01683928817510605,0.006568090990185738,0.009945197962224483,0.3398464322090149,0.010641532018780708,0.006234022788703442,0.00833882112056017,0.21186834573745728
0007,000039,39,0.17992796003818512,1.0917781591415405,0.11531619727611542,0.862546980381012,0.016782432794570923,0.006542554125189781,0.00978148728609085,0.3397672772407532,0.010891697369515896,0.0063309757970273495,0.008277990855276585,0.21187567710876465
0007,000040,40,0.18109509348869324,1.0901827812194824,0.11442335695028305,0.8575416207313538,0.016784826293587685,0.006485746707767248,0.009617608040571213,0.33975040912628174,0.010304327122867107,0.006347458343952894,0.007988945581018925,0.2119305580854416
0007,000041,41,0.18126636743545532,1.0911533832550049,0.11409240961074829,0.8482561111450195,0.016799528151750565,0.0064325700514018536,0.0095182154327631,0.3397200405597687,0.01023252122104168,0.006274640094488859,0.007915718480944633,0.2119671106338501
0007,000042,42,0.18312568962574005,1.1049309968948364,0.11657893657684326,0.8645929098129272,0.01684986613690853,0.006425934843719006,0.00958157330751419,0.3397068381309509,0.010236414149403572,0.006230729632079601,0.00791891198605299,0.21208955347537994
0007,000043,43,0.184156134724617,1.1177759170532227,0.11781010031700134,0.8668121695518494,0.016756100580096245,0.006422088947147131,0.00965550821274519,0.33970290422439575,0.01023187767714262,0.0062253535725176334,0.007911874912679195,0.2119569182395935
0007,000044,44,0.18351024389266968,1.1216235160827637,0.11918526142835617,0.8717920780181885,0.016627511009573936,0.006410679314285517,0.009614532813429832,0.33976438641548157,0.01001486275345087,0.006271062884479761,0.007760604377835989,0.21190683543682098
0007,000045,45,0.1831892877817154,1.1283903121948242,0.11933227628469467,0.8628333210945129,0.01665147952735424,0.006406134460121393,0.009711578488349915,0.3397527039051056,0.010258663445711136,0.0062865763902664185,0.007897598668932915,0.2116575986146927
0007,000046,46,0.18217581510543823,1.1259794235229492,0.1218881905078888,0.8512444496154785,0.01657702587544918,0.006376404780894518,0.009775890037417412,0.339720755815506,0.011213686317205429,0.006539597176015377,0.008510265499353409,0.2108907252550125
0007,000047,47,0.18014855682849884,1.117529034614563,0.12123455852270126,0.8476266860961914,0.016703054308891296,0.006355036050081253,0.009852994233369827,0.339698851108551,0.011163103394210339,0.006710807327181101,0.008539621718227863,0.21050676703453064
0007,000048,48,0.18018345534801483,1.122861623764038,0.12144885957241058,0.8544638752937317,0.016644762828946114,0.006341848522424698,0.00992970634251833,0.3396702706813812,0.011298103258013725,0.006909819319844246,0.0087101049721241,0.2102176398038864
0007,000049,49,0.1799948811531067,1.1308659315109253,0.12214586138725281,0.8560582995414734,0.01656779833137989,0.00635054986923933,0.009994971565902233,0.3396729528903961,0.011976347304880619,0.0072787911631166935,0.009163918904960155,0.20949240028858185
0007,000050,50,0.17715245485305786,1.1223546266555786,0.12104041129350662,0.8671459555625916,0.016520442441105843,0.006405489053577185,0.010030011646449566,0.3396623134613037,0.01070026308298111,0.007242685649544001,0.008353423327207565,0.2096048891544342
0007,000051,51,0.17621992528438568,1.1284407377243042,0.12570597231388092,0.9185720086097717,0.01677367277443409,0.006517418660223484,0.010236363857984543,0.33967694640159607,0.010297979228198528,0.007131541147828102,0.008164304308593273,0.20974552631378174
0007,000052,52,0.17617878317832947,1.1364588737487793,0.12424924224615097,0.9046261310577393,0.016730446368455887,0.006616650614887476,0.010257191956043243,0.33971115946769714,0.010465573519468307,0.0071493955329060555,0.008295311592519283,0.20962534844875336
0007,000053,53,0.17526352405548096,1.1380934715270996,0.1263013333082199,0.930480420589447,0.01668562740087509,0.006710623856633902,0.010299797169864178,0.33972644805908203,0.010294926352798939,0.007134474813938141,0.008248217403888702,0.20968154072761536
0007,000054,54,0.17512550950050354,1.135679006576538,0.12372756749391556,0.9064813852310181,0.016682060435414314,0.006788850296288729,0.010360058397054672,0.33976539969444275,0.009893232956528664,0.007063746452331543,0.008002463728189468,0.2096920907497406
0007,000055,55,0.17623895406723022,1.1433311700820923,0.1210700049996376,0.8971948623657227,0.01673920452594757,0.006887812167406082,0.010415887460112572,0.339823842048645,0.009352018125355244,0.006870670709758997,0.007706408854573965,0.20997987687587738
0007,000056,56,0.17517076432704926,1.149163007736206,0.11859424412250519,0.8920562863349915,0.016811290755867958,0.007017340045422316,0.010526253841817379,0.339900940656662,0.009077577851712704,0.006623878609389067,0.0075721293687820435,0.2105032354593277
0007,000057,57,0.17379777133464813,1.1440988779067993,0.11787351965904236,0.8763629794120789,0.01651514507830143,0.007108987309038639,0.01045435480773449,0.3399085998535156,0.00877398531883955,0.00645715044811368,0.007279472891241312,0.21079745888710022
0007,000058,58,0.17323525249958038,1.145362138748169,0.11754459142684937,0.8850367069244385,0.016298703849315643,0.0071954019367694855,0.010385454632341862,0.3399277329444885,0.008538692258298397,0.00626505259424448,0.0071643958799541,0.21135665476322174
0007,000059,59,0.1722700148820877,1.1475944519042969,0.11383172869682312,0.8532786965370178,0.0160464346408844,0.007280341349542141,0.010372372344136238,0.33992400765419006,0.009029927663505077,0.006261584348976612,0.007589919958263636,0.2113838642835617
0007,000060,60,0.1710166037082672,1.1389724016189575,0.1147962361574173,0.8228210210800171,0.01587637886404991,0.007341898046433926,0.010307114571332932,0.33991503715515137,0.010087989270687103,0.006496370304375887,0.008312211371958256,0.2108563929796219
0007,000061,61,0.17129328846931458,1.1401413679122925,0.11446455866098404,0.8042937517166138,0.01591772399842739,0.0073717753402888775,0.010284294374287128,0.3399096131324768,0.009564671665430069,0.0066626728512346745,0.007919441908597946,0.21063488721847534
0007,000062,62,0.17139747738838196,1.1403452157974243,0.11869335174560547,0.826773464679718,0.015847301110625267,0.007391924969851971,0.010251994244754314,0.3398812413215637,0.00936357956379652,0.006695103831589222,0.00767825311049819,0.21067912876605988
0007,000063,63,0.1727680116891861,1.1403040885925293,0.11816035956144333,0.7870900630950928,0.015679817646741867,0.007395397871732712,0.010194575414061546,0.33985278010368347,0.01079230010509491,0.007049594074487686,0.008634563535451889,0.2098955661058426
0007,000064,64,0.17235825955867767,1.1427720785140991,0.11838419735431671,0.7732483148574829,0.015566464513540268,0.007406598888337612,0.010220960713922977,0.33988597989082336,0.010747281834483147,0.007360788993537426,0.008683775551617146,0.20923703908920288
0007,000065,65,0.1747654378414154,1.1556193828582764,0.11997290700674057,0.7819134593009949,0.01564287394285202,0.007406492717564106,0.01016265619546175,0.3399200737476349,0.009784072637557983,0.007445925381034613,0.007994964718818665,0.20898282527923584
0007,000066,66,0.17409299314022064,1.153744101524353,0.12104436755180359,0.7775253057479858,0.01565888710319996,0.0073614176362752914,0.010084854438900948,0.3399309515953064,0.010621915571391582,0.00765141099691391,0.00851570162922144,0.20831285417079926
0007,000067,67,0.1721794456243515,1.151452660560608,0.12059709429740906,0.7782419919967651,0.01582677662372589,0.00732739083468914,0.010127524845302105,0.3399018943309784,0.00971455592662096,0.007612527813762426,0.00798353273421526,0.2080460488796234
0007,000068,68,0.17096951603889465,1.1529908180236816,0.12281247973442078,0.7928379774093628,0.015953492373228073,0.007288537919521332,0.010204732418060303,0.33993014693260193,0.010273866355419159,0.007691994775086641,0.00841630157083273,0.20752502977848053
0007,000069,69,0.17180021107196808,1.1555864810943604,0.121260866522789,0.7956610918045044,0.01586148701608181,0.0072572920471429825,0.010170798748731613,0.3398282527923584,0.009155130945146084,0.007541485130786896,0.007674854714423418,0.20748841762542725
0007,000070,70,0.17254377901554108,1.1502639055252075,0.12012729048728943,0.7851052284240723,0.015763742849230766,0.00722911162301898,0.010058239102363586,0.33979547023773193,0.008954957127571106,0.0073667122051119804,0.007404461037367582,0.2073453813791275
0007,000071,71,0.17332297563552856,1.1427428722381592,0.12099124491214752,0.7986286282539368,0.015829166397452354,0.007141231559216976,0.009967759251594543,0.3396975100040436,0.008865831419825554,0.007094945292919874,0.007372619584202766,0.20736151933670044
0007,000072,72,0.1741190105676651,1.1307984590530396,0.12039409577846527,0.821747362613678,0.015590020455420017,0.007022039033472538,0.009784378111362457,0.33962294459342957,0.00853865034878254,0.006683798041194677,0.007255516014993191,0.20773553848266602
0007,000073,73,0.17311055958271027,1.1224626302719116,0.1178000345826149,0.7953220009803772,0.015587752684950829,0.006960303522646427,0.009809236973524094,0.3395589590072632,0.008744435384869576,0.006550440099090338,0.007361190393567085,0.20772787928581238
0007,000074,74,0.17191380262374878,1.1174002885818481,0.11751996725797653,0.8041650652885437,0.015652084723114967,0.006878620944917202,0.00982920452952385,0.3394976854324341,0.008944828063249588,0.006477154325693846,0.0075485585257411,0.20773211121559143
0007,000075,75,0.17207056283950806,1.1229575872421265,0.11624450236558914,0.7976898550987244,0.015622884035110474,0.006813438609242439,0.009930291213095188,0.3394245207309723,0.008803578093647957,0.006408669985830784,0.007402953691780567,0.20782285928726196
0007,000076,76,0.1702207326889038,1.1181117296218872,0.1177811250090599,0.8393771648406982,0.015355792827904224,0.00678417831659317,0.009888192638754845,0.3393886387348175,0.008974038995802402,0.006340733729302883,0.007523700594902039,0.20818516612052917
0007,000077,77,0.16981801390647888,1.1144124269485474,0.11489582806825638,0.8357008099555969,0.015459990128874779,0.006818791385740042,0.009943582117557526,0.3393929898738861,0.009070473723113537,0.006358379032462835,0.007670597638934851,0.20834970474243164
0007,000078,78,0.16943013668060303,1.1108183860778809,0.11302975565195084,0.8212312459945679,0.015545990318059921,0.006813996471464634,0.009921909309923649,0.3393573760986328,0.009305978193879128,0.006487991660833359,0.007810014300048351,0.20819121599197388
0007,000079,79,0.16936329007148743,1.1104676723480225,0.11719173192977905,0.877163290977478,0.015749391168355942,0.0067881629802286625,0.010031593963503838,0.33934271335601807,0.009032255038619041,0.006325867027044296,0.007561439648270607,0.2087186574935913
0007,000080,80,0.1699409782886505,1.1153507232666016,0.11294891685247421,0.8768754005432129,0.016013169661164284,0.0067874775268137455,0.010150906629860401,0.3393179774284363,0.00927093718200922,0.006160339340567589,0.007842864841222763,0.209375262260437
0007,000081,81,0.1731218546628952,1.1260796785354614,0.10741406679153442,0.8534359931945801,0.016279978677630424,0.006807062309235334,0.01032478827983141,0.33930516242980957,0.009715604595839977,0.006280441302806139,0.008278170600533485,0.2097521424293518
0007,000082,82,0.17036254703998566,1.1114261150360107,0.1062275618314743,0.864294707775116,0.016032835468649864,0.006848093122243881,0.010222152806818485,0.33935651183128357,0.009072578512132168,0.0063072796911001205,0.007701309863477945,0.2102978229522705
0007,000083,83,0.1706850230693817,1.1139253377914429,0.10745479166507721,0.8697976469993591,0.015891941264271736,0.006849989760667086,0.010226611979305744,0.3393172323703766,0.009117851965129375,0.0063436273485422134,0.0076311007142066956,0.2105276733636856
0007,000084,84,0.1696641743183136,1.1085938215255737,0.10848924517631531,0.877287745475769,0.015968618914484978,0.0068517448380589485,0.010186059400439262,0.33934682607650757,0.0088658994063735,0.006255826447159052,0.007407241500914097,0.21092501282691956
0007,000085,85,0.170840784907341,1.114109754562378,0.11201357841491699,0.8786608576774597,0.01598324254155159,0.006833869498223066,0.010185148566961288,0.3393859565258026,0.008776389062404633,0.006021374836564064,0.007318822667002678,0.21118015050888062
0007,000086,86,0.17004352807998657,1.1170400381088257,0.11016950756311417,0.8424150347709656,0.01584937423467636,0.0068415142595767975,0.010142848826944828,0.3394422233104706,0.009063460864126682,0.005807757377624512,0.007448945660144091,0.21152856945991516
0007,000087,87,0.1665262132883072,1.1136407852172852,0.10580176115036011,0.7881982922554016,0.01554948091506958,0.006811575964093208,0.01002275850623846,0.3394407629966736,0.009105351753532887,0.005849706009030342,0.007524882443249226,0.21154426038265228
0007,000088,88,0.16402973234653473,1.1216353178024292,0.10748709738254547,0.7849352359771729,0.01549189630895853,0.006813395768404007,0.010069373063743114,0.3395293653011322,0.009326502680778503,0.00593749713152647,0.007639111485332251,0.21142302453517914
0007,000089,89,0.16055545210838318,1.1218515634536743,0.10987935215234756,0.7894401550292969,0.015450315549969673,0.006851469166576862,0.010120218619704247,0.3394850790500641,0.009306180290877819,0.006071348674595356,0.0076521472074091434,0.21135176718235016
0007,000090,90,0.1580520123243332,1.1204698085784912,0.11099936068058014,0.802173376083374,0.015391302295029163,0.006890144199132919,0.01005611103028059,0.3395077884197235,0.009364258497953415,0.0061702970415353775,0.007662377320230007,0.2114751785993576
0007,000091,91,0.15818285942077637,1.126081943511963,0.11240927875041962,0.8243427872657776,0.015592902898788452,0.006943744141608477,0.010090410709381104,0.339473694562912,0.008783533237874508,0.006158091593533754,0.0072204917669296265,0.21178583800792694
0007,000092,92,0.15830343961715698,1.1238092184066772,0.11195271462202072,0.8345688581466675,0.015705978497862816,0.006993259768933058,0.010115614160895348,0.3394717872142792,0.009051479399204254,0.006229341495782137,0.007431834936141968,0.21186742186546326
0007,000093,93,0.15917271375656128,1.1262263059616089,0.11493384093046188,0.8293847441673279,0.01591181755065918,0.00700757373124361,0.010331380181014538,0.33950573205947876,0.009516024962067604,0.006361979991197586,0.007606913335621357,0.21152910590171814
0007,000094,94,0.15945523977279663,1.1261780261993408,0.11753310263156891,0.8399832844734192,0.01564985327422619,0.0070344493724405766,0.010237892158329487,0.3394876718521118,0.010049725882709026,0.006545147392898798,0.008053318597376347,0.21090863645076752
0007,000095,95,0.15837697684764862,1.113674521446228,0.1212625727057457,0.8211122751235962,0.015599016100168228,0.0070913913659751415,0.010187641717493534,0.33949488401412964,0.011840448714792728,0.007082812488079071,0.009098030626773834,0.2093970775604248
0007,000096,96,0.1595766842365265,1.114668846130371,0.11872513592243195,0.8026375770568848,0.01587674207985401,0.0070969113148748875,0.010259942151606083,0.3395279049873352,0.010630802251398563,0.007262208499014378,0.008351502008736134,0.20872178673744202
0007,000097,97,0.16048580408096313,1.1056238412857056,0.11882670223712921,0.7885847687721252,0.01590525545179844,0.007147929165512323,0.010290906764566898,0.3394957482814789,0.01020780298858881,0.007392169442027807,0.007935299538075924,0.2079833596944809
0007,000098,98,0.16189396381378174,1.0963802337646484,0.12016526609659195,0.844059407711029,0.01602262444794178,0.007225466426461935,0.01022180262953043,0.33954185247421265,0.008635025471448898,0.006607222370803356,0.006869044154882431,0.2089272439479828
0007,000099,99,0.16552035510540009,1.0996431112289429,0.12437707930803299,0.8645108342170715,0.016128525137901306,0.007289151195436716,0.010187922976911068,0.3396078944206238,0.008440765552222729,0.006044943351298571,0.006775365676730871,0.209510937333107
0007,000100,100,0.1701512336730957,1.1099328994750977,0.1224086582660675,0.840533971786499,0.01596662402153015,0.00732725765556097,0.01003871951252222,0.3396449089050293,0.008137177675962448,0.005804338958114386,0.006638748105615377,0.209807887673378
0007,000101,101,0.17265231907367706,1.1124545335769653,0.11850563436746597,0.7859497666358948,0.015719596296548843,0.0072772628627717495,0.009874592535197735,0.33962100744247437,0.008454019203782082,0.005837000906467438,0.006747102830559015,0.20959943532943726
0007,000102,102,0.1733933389186859,1.1089144945144653,0.11848780512809753,0.758850634098053,0.01557164266705513,0.007187948562204838,0.009772608987987041,0.33955326676368713,0.008525903336703777,0.005859242752194405,0.006675746291875839,0.2093254178762436
0007,000103,103,0.175792396068573,1.1039484739303589,0.11442668735980988,0.6983884572982788,0.015440573915839195,0.007111311890184879,0.009717686101794243,0.33948278427124023,0.009302500635385513,0.00611247168853879,0.007037743926048279,0.20847122371196747
0007,000104,104,0.17696990072727203,1.1027512550354004,0.11592995375394821,0.6944289207458496,0.015252324752509594,0.007065480574965477,0.009621389210224152,0.33944758772850037,0.00830740388482809,0.006151579320430756,0.006299066822975874,0.2080007642507553
0007,000105,105,0.17682522535324097,1.1068551540374756,0.11583462357521057,0.6711596846580505,0.015000410377979279,0.007034849375486374,0.00954701378941536,0.3394710421562195,0.00887522753328085,0.006340864114463329,0.006570850964635611,0.20693247020244598
0007,000106,106,0.17559508979320526,1.1103769540786743,0.12288317084312439,0.7045608162879944,0.014860388822853565,0.0069854604080319405,0.009517265483736992,0.33945003151893616,0.009374687448143959,0.006522554904222488,0.00665469141677022,0.2058580070734024
0007,000107,107,0.1741372048854828,1.111188530921936,0.11645196378231049,0.6530731320381165,0.014759889803826809,0.006941629108041525,0.009498178027570248,0.3394632041454315,0.007915856316685677,0.006416060030460358,0.00581724289804697,0.20543920993804932
0007,000108,108,0.17435751855373383,1.123282790184021,0.11720465123653412,0.6723277568817139,0.014591644518077374,0.006905532442033291,0.009487493894994259,0.3394656777381897,0.007307757623493671,0.0062117506749928,0.005593921523541212,0.2052628993988037
0007,000109,109,0.17422248423099518,1.1281994581222534,0.11917047202587128,0.710342526435852,0.0146531593054533,0.006868273019790649,0.009508517570793629,0.33949989080429077,0.006989282090216875,0.005836460739374161,0.005485114175826311,0.20557962357997894
0007,000110,110,0.1734696924686432,1.1330273151397705,0.11957289278507233,0.7197643518447876,0.01467177364975214,0.006860106252133846,0.009508089162409306,0.3395240902900696,0.007107990328222513,0.005704525392502546,0.00565002579241991,0.20554204285144806
0007,000111,111,0.17320697009563446,1.1347688436508179,0.11872795969247818,0.7202222943305969,0.014767591841518879,0.006846786942332983,0.00957935769110918,0.3395184576511383,0.006673324853181839,0.005464897491037846,0.005328936502337456,0.20578306913375854
0007,000112,112,0.17200559377670288,1.1288082599639893,0.12213439494371414,0.7524253129959106,0.014901825226843357,0.006813790649175644,0.009621965698897839,0.3395095765590668,0.006884378846734762,0.0053854589350521564,0.005532608833163977,0.20580367743968964
0007,000113,113,0.16867345571517944,1.1122556924819946,0.12394635379314423,0.783776044845581,0.014979517087340355,0.006788316648453474,0.009619624353945255,0.3395521640777588,0.006553840357810259,0.005173686891794205,0.005283913109451532,0.2061770260334015
0007,000114,114,0.16711929440498352,1.1068403720855713,0.1267283856868744,0.8194926977157593,0.015033272095024586,0.006767672020941973,0.00966412853449583,0.33956387639045715,0.006973579991608858,0.005132244434207678,0.0057220421731472015,0.20639033615589142
0007,000115,115,0.1650540679693222,1.0984060764312744,0.12744565308094025,0.8416394591331482,0.01499783806502819,0.006736916955560446,0.00970733817666769,0.3395102620124817,0.006638112477958202,0.005008554086089134,0.005563285667449236,0.20679697394371033
0007,000116,116,0.16603714227676392,1.0991932153701782,0.1264207661151886,0.8557642698287964,0.014928334392607212,0.006715732626616955,0.009768202900886536,0.3394107222557068,0.006901283282786608,0.004958466161042452,0.005868053063750267,0.2072080373764038
0007,000117,117,0.16620375216007233,1.0926982164382935,0.12144790589809418,0.821573793888092,0.01493336446583271,0.006698624696582556,0.009798510931432247,0.33929625153541565,0.007073292974382639,0.004995760973542929,0.005962403025478125,0.20743012428283691
0007,000118,118,0.16762147843837738,1.0957704782485962,0.12103907763957977,0.8129071593284607,0.01494640950113535,0.006714683957397938,0.009888647124171257,0.3392481207847595,0.006967152003198862,0.004949604161083698,0.005835135001689196,0.20754572749137878
0007,000119,119,0.16757218539714813,1.0941756963729858,0.12483377754688263,0.8582552671432495,0.014972458593547344,0.006724093575030565,0.009872546419501305,0.33923906087875366,0.006681229919195175,0.004742996767163277,0.005634594708681107,0.20807737112045288
0007,000120,120,0.17011624574661255,1.1048821210861206,0.12186701595783234,0.8322625756263733,0.015114112757146358,0.006787069141864777,0.00992452260106802,0.33921244740486145,0.006871670484542847,0.004702333360910416,0.005803222302347422,0.20830240845680237
0007,000121,121,0.17401088774204254,1.113089680671692,0.1200796440243721,0.8123438358306885,0.015261226333677769,0.006844471674412489,0.009934181347489357,0.33918118476867676,0.0071031744591891766,0.004738511051982641,0.005943071562796831,0.20847028493881226
0007,000122,122,0.17639996111392975,1.1175848245620728,0.12119659781455994,0.7973945736885071,0.015441285446286201,0.00691417558118701,0.009979202412068844,0.33923736214637756,0.007683491334319115,0.004811275750398636,0.006250217091292143,0.20848150551319122
0007,000123,123,0.17666228115558624,1.1239484548568726,0.11854565888643265,0.767092764377594,0.015499969013035297,0.006966966670006514,0.010025514289736748,0.33932942152023315,0.007873213849961758,0.004974469542503357,0.0063944063149392605,0.20837199687957764
0007,000124,124,0.17728307843208313,1.137498378753662,0.11804240942001343,0.7602034211158752,0.015458835288882256,0.006984347943216562,0.010164765641093254,0.33933621644973755,0.009597784839570522,0.005405426025390625,0.007739069405943155,0.20783400535583496
0007,000125,125,0.1755388379096985,1.1426901817321777,0.11590299755334854,0.7457301020622253,0.015393824316561222,0.007002046797424555,0.010201950557529926,0.3393345773220062,0.008609817363321781,0.00558568025007844,0.007008298300206661,0.2078537493944168
0007,000126,126,0.1721009910106659,1.1433535814285278,0.11473649740219116,0.7250743508338928,0.015384855680167675,0.007072769105434418,0.01018533855676651,0.33940133452415466,0.009612138383090496,0.005968230310827494,0.0075723412446677685,0.20725075900554657
0007,000127,127,0.1688297688961029,1.1416171789169312,0.11702937632799149,0.753555178642273,0.015416708774864674,0.007114799693226814,0.010158495977520943,0.3394177258014679,0.008194183930754662,0.005975460167974234,0.00642356276512146,0.20745037496089935
0007,000128,128,0.16823019087314606,1.1388546228408813,0.11676022410392761,0.7635893225669861,0.015417960472404957,0.007146535441279411,0.010062689892947674,0.3394775092601776,0.007686770521104336,0.0058233728632330894,0.006103929132223129,0.20766721665859222
0007,000129,129,0.16935980319976807,1.141154170036316,0.11739189922809601,0.7832937240600586,0.015694575384259224,0.007205618545413017,0.010218480601906776,0.33947932720184326,0.007627010345458984,0.005604608450084925,0.006135816220194101,0.20810101926326752
0007,000130,130,0.171697735786438,1.1354981660842896,0.11952318251132965,0.808527946472168,0.015883073210716248,0.007197790779173374,0.010182317346334457,0.33946868777275085,0.007845571264624596,0.005503721535205841,0.00637741107493639,0.20841024816036224
0007,000131,131,0.17250914871692657,1.1165872812271118,0.12030579149723053,0.8009882569313049,0.016258075833320618,0.0072515131905674934,0.010253635235130787,0.33948957920074463,0.007930613122880459,0.0054090567864477634,0.006262402515858412,0.20833422243595123
0007,000132,132,0.17469359934329987,1.133146047592163,0.12195877730846405,0.792979896068573,0.01628194935619831,0.0072310022078454494,0.01021067425608635,0.3395443260669708,0.00873758178204298,0.0055246069096028805,0.0068173217587172985,0.20784427225589752
0007,000133,133,0.17320358753204346,1.1190873384475708,0.1253877878189087,0.8231416940689087,0.016223017126321793,0.007233799900859594,0.010195969603955746,0.3396216928958893,0.007659938186407089,0.005355713423341513,0.006106685381382704,0.20804451406002045
0007,000134,134,0.17331083118915558,1.104994773864746,0.12589949369430542,0.8080182671546936,0.01603442244231701,0.007196108344942331,0.009981724433600903,0.33965998888015747,0.008534200489521027,0.005473176948726177,0.006646451074630022,0.20755597949028015
0007,000135,135,0.1766355037689209,1.116100788116455,0.12727443873882294,0.810259997844696,0.01582828350365162,0.0071029928512871265,0.00985642895102501,0.33967125415802,0.008095037192106247,0.005457092076539993,0.006410188507288694,0.2073502242565155
0007,000136,136,0.17665402591228485,1.1125545501708984,0.12538309395313263,0.7826847434043884,0.015771763399243355,0.0070587932132184505,0.00993441604077816,0.3396540880203247,0.008330891840159893,0.0055569675751030445,0.006503721699118614,0.20685388147830963
0007,000137,137,0.1769644320011139,1.113723874092102,0.12842273712158203,0.8102008700370789,0.01538746990263462,0.006975811906158924,0.009770791046321392,0.33960869908332825,0.008625702001154423,0.005748606286942959,0.006891309749335051,0.20639470219612122
0007,000138,138,0.176503524184227,1.1014450788497925,0.12620964646339417,0.7945929765701294,0.015484809875488281,0.0068778982385993,0.009714166633784771,0.3395290672779083,0.008810503408312798,0.005974989850074053,0.007057147566229105,0.20584657788276672
0007,000139,139,0.17722779512405396,1.1019819974899292,0.12286288291215897,0.76887047290802,0.015423194505274296,0.006832554470747709,0.009795626625418663,0.3394596576690674,0.007771166507154703,0.005893494933843613,0.006234086584299803,0.2057514488697052
0007,000140,140,0.1760261207818985,1.090289831161499,0.12406159937381744,0.7660631537437439,0.015321217477321625,0.006809023208916187,0.009689255617558956,0.3393893241882324,0.007784110028296709,0.00583562022075057,0.006163462996482849,0.2055710107088089
0007,000141,141,0.1770631968975067,1.0896449089050293,0.12368649989366531,0.7629247307777405,0.015720734372735023,0.006796938832849264,0.009692525491118431,0.33935612440109253,0.007497759535908699,0.005666977725923061,0.005925377830862999,0.2055383175611496
0007,000142,142,0.17901960015296936,1.092339277267456,0.12225683033466339,0.7307112812995911,0.015758903697133064,0.0067961676977574825,0.009691061452031136,0.33934226632118225,0.008114609867334366,0.005683524068444967,0.006163998041301966,0.20512451231479645
0007,000143,143,0.18053269386291504,1.0891090631484985,0.12387639284133911,0.7516583800315857,0.01571277156472206,0.006734163966029882,0.009631884284317493,0.3392173647880554,0.007584363222122192,0.0054466212168335915,0.005940059199929237,0.20527204871177673
0007,000144,144,0.18469679355621338,1.101540207862854,0.12778183817863464,0.8139742016792297,0.0157453715801239,0.0066996971145272255,0.009770327247679234,0.339131623506546,0.007633372209966183,0.005234305746853352,0.006189483683556318,0.20570167899131775
0007,000145,145,0.1856829673051834,1.1056126356124878,0.12807194888591766,0.8342136144638062,0.015843404456973076,0.006649837363511324,0.009864677675068378,0.33898764848709106,0.007743794471025467,0.005025542341172695,0.006296258885413408,0.20634223520755768
0007,000146,146,0.18324360251426697,1.0907180309295654,0.12515024840831757,0.8385418653488159,0.015791000798344612,0.006610974669456482,0.009823460131883621,0.3389226496219635,0.008329278789460659,0.00485064135864377,0.006860029883682728,0.20711812376976013
0007,000147,147,0.18488208949565887,1.104721188545227,0.12111696600914001,0.835582435131073,0.015865508466959,0.006595266051590443,0.00985596515238285,0.33892199397087097,0.008559898473322392,0.004783874377608299,0.0071513839066028595,0.20793002843856812
0007,000148,148,0.1851615607738495,1.1147568225860596,0.11843694001436234,0.8269122838973999,0.01587812602519989,0.006606100592762232,0.009968358092010021,0.33891168236732483,0.008950920775532722,0.004916429985314608,0.007432127371430397,0.20847348868846893
0007,000149,149,0.18336865305900574,1.1147291660308838,0.11866748332977295,0.8405818939208984,0.01595045067369938,0.006658074911683798,0.010038996115326881,0.338983416557312,0.008756124414503574,0.0050826664082705975,0.007239034865051508,0.20881320536136627
0007,000150,150,0.18167644739151,1.1201189756393433,0.11839817464351654,0.8467304706573486,0.01597527787089348,0.006687340792268515,0.010204114019870758,0.3389732241630554,0.00928258616477251,0.00527568394318223,0.007786833215504885,0.2087734043598175
0007,000151,151,0.18015480041503906,1.1252117156982422,0.11834773421287537,0.8385775089263916,0.01598350703716278,0.006735385395586491,0.010326222516596317,0.33898472785949707,0.010577136650681496,0.005645089317113161,0.008661597035825253,0.2082250565290451
0007,000152,152,0.17873427271842957,1.1229307651519775,0.1193205937743187,0.8663622140884399,0.015956491231918335,0.006816060747951269,0.010371721349656582,0.3389776945114136,0.008699831552803516,0.005606037564575672,0.007270141039043665,0.20878715813159943
0007,000153,153,0.17741604149341583,1.1238003969192505,0.11915779858827591,0.8671854138374329,0.015887072309851646,0.006859448738396168,0.010367869399487972,0.3389652669429779,0.008882757276296616,0.005629510153084993,0.007396502420306206,0.20899266004562378
0007,000154,154,0.17710721492767334,1.1214594841003418,0.11906319111585617,0.8681131601333618,0.01598898507654667,0.006912878714501858,0.010330094955861568,0.3389700949192047,0.00847373716533184,0.005515576805919409,0.007017023395746946,0.20938429236412048
0007,000155,155,0.1784839928150177,1.126834750175476,0.12077952176332474,0.8405052423477173,0.016200430691242218,0.006982180289924145,0.010398335754871368,0.33903083205223083,0.00916136335581541,0.0054473066702485085,0.007419045083224773,0.2091994434595108
0007,000156,156,0.18174448609352112,1.1398420333862305,0.12326621264219284,0.842617392539978,0.016626091673970222,0.007002828177064657,0.010508265346288681,0.3391091823577881,0.009075326845049858,0.005452720448374748,0.007415784522891045,0.2091546207666397
0007,000157,157,0.18159708380699158,1.1498627662658691,0.12283188849687576,0.8305038213729858,0.016421852633357048,0.007009154185652733,0.010503863915801048,0.33914855122566223,0.009108837693929672,0.005460526794195175,0.007456640712916851,0.20908720791339874
0007,000158,158,0.17637121677398682,1.1296802759170532,0.12159956246614456,0.8585090041160583,0.01604125276207924,0.007008663844317198,0.010370596311986446,0.3392457365989685,0.00840167235583067,0.005364133510738611,0.007154668681323528,0.2097577601671219
0007,000159,159,0.17461088299751282,1.1405432224273682,0.11852478235960007,0.8388063311576843,0.016154401004314423,0.007034379988908768,0.010552133433520794,0.33927634358406067,0.009435475803911686,0.005615880712866783,0.007994143292307854,0.20966243743896484
0007,000160,160,0.17582428455352783,1.156744122505188,0.11679094284772873,0.8542313575744629,0.0164740439504385,0.007136878557503223,0.010857299901545048,0.3393511176109314,0.008706621825695038,0.005592488683760166,0.007458455860614777,0.21016499400138855
0007,000161,161,0.17172956466674805,1.1443732976913452,0.11320576071739197,0.8292130827903748,0.016299737617373466,0.007259130012243986,0.010853629559278488,0.3394235372543335,0.009572727605700493,0.005785064306110144,0.008095761761069298,0.210108682513237
0007,000162,162,0.17028331756591797,1.1510534286499023,0.1107453927397728,0.8167111277580261,0.016110673546791077,0.007355259731411934,0.010861366987228394,0.3394848704338074,0.009553289972245693,0.005970679689198732,0.008066531270742416,0.21022817492485046
0007,000163,163,0.1699596792459488,1.1546216011047363,0.11170174181461334,0.8305569887161255,0.016179820522665977,0.007432042621076107,0.010829445905983448,0.3395596742630005,0.009451650083065033,0.006122271995991468,0.007952154614031315,0.2103448361158371
0007,000164,164,0.17043496668338776,1.1601234674453735,0.11325854063034058,0.8371343612670898,0.016070356592535973,0.007387443911284208,0.01073294598609209,0.3395764231681824,0.009885934181511402,0.0062813060358166695,0.00827754009515047,0.21029174327850342
0007,000165,165,0.17084930837154388,1.152762770652771,0.1122850775718689,0.8265765309333801,0.01577957533299923,0.007372443564236164,0.010633567348122597,0.3395426571369171,0.009247828274965286,0.006247402634471655,0.00777033157646656,0.21040484309196472
0007,000166,166,0.171012282371521,1.1453274488449097,0.11063337326049805,0.8037073612213135,0.015515284612774849,0.007385632023215294,0.010453015565872192,0.33954665064811707,0.008613777346909046,0.006178403738886118,0.007227879483252764,0.2104964405298233
0007,000167,167,0.17255404591560364,1.1425248384475708,0.11334498971700668,0.8019852042198181,0.015663666650652885,0.007408194709569216,0.010346242226660252,0.33959606289863586,0.00842241384088993,0.006017210893332958,0.006997010670602322,0.21055668592453003
0007,000168,168,0.17455898225307465,1.14114511013031,0.11106991767883301,0.7709776163101196,0.01569138467311859,0.007374535780400038,0.010178586468100548,0.33959025144577026,0.008244727738201618,0.005970634985715151,0.006855044048279524,0.2105884701013565
0007,000169,169,0.17436525225639343,1.1368002891540527,0.113782599568367,0.7659540772438049,0.015628933906555176,0.007304761558771133,0.010068761184811592,0.33959800004959106,0.009022054262459278,0.006062381900846958,0.007383711636066437,0.21036061644554138
0007,000170,170,0.17364203929901123,1.1373727321624756,0.11451815813779831,0.7537310123443604,0.015403049066662788,0.007158259395509958,0.009894010610878468,0.3396186828613281,0.009685474447906017,0.006261201109737158,0.007868913933634758,0.20986440777778625
0007,000171,171,0.17240309715270996,1.1343042850494385,0.11694392561912537,0.7738863825798035,0.015317323617637157,0.0070105791091918945,0.009799465537071228,0.33959633111953735,0.009690998122096062,0.0064079612493515015,0.0079815573990345,0.20957604050636292
0007,000172,172,0.173323854804039,1.1301847696304321,0.11672449111938477,0.7689651846885681,0.015308042988181114,0.00686397310346365,0.009631541557610035,0.33954906463623047,0.009795266203582287,0.006575045641511679,0.008010096848011017,0.20922455191612244
0007,000173,173,0.16931037604808807,1.102259874343872,0.11971264332532883,0.7900104522705078,0.015317960642278194,0.0067559294402599335,0.009675431996583939,0.33945733308792114,0.009500013664364815,0.006681397557258606,0.007802083157002926,0.20906442403793335
0007,000174,174,0.16833728551864624,1.093359112739563,0.11943653970956802,0.7940675020217896,0.015460326336324215,0.006724839098751545,0.009746531955897808,0.33942919969558716,0.008656206540763378,0.006573888938874006,0.0072058457881212234,0.2091754972934723
0007,000175,175,0.16974520683288574,1.097263216972351,0.12031561136245728,0.8287744522094727,0.015604346059262753,0.006709341891109943,0.009830753318965435,0.3393552899360657,0.00852744746953249,0.006359050516039133,0.007130808662623167,0.2095286101102829
0007,000176,176,0.17122216522693634,1.1032823324203491,0.12170516699552536,0.8587130308151245,0.015798060223460197,0.00669033033773303,0.009934930130839348,0.3392567038536072,0.008607885800302029,0.006226062774658203,0.007248748559504747,0.2098674476146698
0007,000177,177,0.17072750627994537,1.0979076623916626,0.1198645606637001,0.8612403273582458,0.015822872519493103,0.006645675282925367,0.009965521283447742,0.33918461203575134,0.008913740515708923,0.006113660056143999,0.00749829038977623,0.2103426307439804
0007,000178,178,0.17271874845027924,1.1125797033309937,0.11444112658500671,0.8220571279525757,0.01616252213716507,0.006650310009717941,0.010194109752774239,0.33911871910095215,0.010043904185295105,0.006359779741615057,0.008371087722480297,0.21028728783130646
0007,000179,179,0.17332974076271057,1.1337916851043701,0.1188986748456955,0.8250918388366699,0.016296841204166412,0.00671008974313736,0.010628905147314072,0.33911919593811035,0.012346325442194939,0.0070091960951685905,0.01006039883941412,0.20921669900417328
0007,000180,180,0.17190542817115784,1.1506843566894531,0.12132986634969711,0.8067955374717712,0.016376448795199394,0.006828512530773878,0.010961366817355156,0.33910608291625977,0.013813893310725689,0.007797039579600096,0.011022625491023064,0.20755715668201447
0007,000181,181,0.17311252653598785,1.2114471197128296,0.12178533524274826,0.8083816170692444,0.01695893332362175,0.007070118561387062,0.011771069839596748,0.33919987082481384,0.012101460248231888,0.008249178528785706,0.01003311201930046,0.2067241668701172
0007,000182,182,0.16624490916728973,1.1839104890823364,0.1206621378660202,0.8167590498924255,0.016139088198542595,0.007252806331962347,0.011468964628875256,0.3392692506313324,0.010581141337752342,0.008196176029741764,0.008977808058261871,0.206580251455307
0007,000183,183,0.16546402871608734,1.1718330383300781,0.12244666367769241,0.8902811408042908,0.015797168016433716,0.007307905703783035,0.010999581776559353,0.339471697807312,0.010333490557968616,0.007905222475528717,0.008989226073026657,0.20706608891487122
0007,000184,184,0.16561199724674225,1.1632016897201538,0.12076207250356674,0.9187796115875244,0.015593726187944412,0.007270824164152145,0.010810956358909607,0.33955228328704834,0.009872402995824814,0.007687901612371206,0.008615713566541672,0.2074756920337677
0007,000185,185,0.16985265910625458,1.1530506610870361,0.11468089371919632,0.8942711353302002,0.015507262200117111,0.007094492670148611,0.010656357742846012,0.3394007980823517,0.009924686513841152,0.00757922837510705,0.008619450964033604,0.2076621800661087
0007,000186,186,0.17078058421611786,1.1389240026474,0.11091291904449463,0.8325275182723999,0.01513388380408287,0.0069570960476994514,0.010441414080560207,0.3392278552055359,0.010000215843319893,0.007616820745170116,0.00852271169424057,0.20737063884735107
0007,000187,187,0.17177177965641022,1.1319447755813599,0.11074621975421906,0.7734601497650146,0.015256984159350395,0.00689955847337842,0.010349481366574764,0.3390945494174957,0.01033484935760498,0.007654318120330572,0.008456221781671047,0.20675823092460632
0007,000188,188,0.17136652767658234,1.11443293094635,0.11221824586391449,0.7544888854026794,0.01536181103438139,0.0069174012169241905,0.010133534669876099,0.33914104104042053,0.009582053869962692,0.007576259784400463,0.007831043563783169,0.20634090900421143
0007,000189,189,0.1735018938779831,1.116093635559082,0.11666778475046158,0.7687074542045593,0.015528461895883083,0.006930457428097725,0.010074456222355366,0.33915603160858154,0.009061761200428009,0.00738581782206893,0.007408603560179472,0.20617051422595978
0007,000190,190,0.17220249772071838,1.120481014251709,0.11836164444684982,0.8047252893447876,0.01540539599955082,0.00696155522018671,0.01013915240764618,0.33917737007141113,0.008101113140583038,0.007012764923274517,0.00683925487101078,0.20647484064102173
0007,000191,191,0.1709749847650528,1.115896463394165,0.11837790161371231,0.8142222762107849,0.01552383229136467,0.006984066218137741,0.01010384876281023,0.3391740024089813,0.007956269197165966,0.0066234394907951355,0.00668715126812458,0.20692969858646393
0007,000192,192,0.17194104194641113,1.1193650960922241,0.117962546646595,0.7893742918968201,0.015655726194381714,0.0069768065586686134,0.01012425310909748,0.33919215202331543,0.008237047120928764,0.0063716149888932705,0.006769218016415834,0.2068689912557602
0007,000193,193,0.17184069752693176,1.1143532991409302,0.12095851451158524,0.8390458226203918,0.015653958544135094,0.007032696157693863,0.010155313648283482,0.3392219543457031,0.00805683620274067,0.005869819317013025,0.006734370719641447,0.20764552056789398
0007,000194,194,0.1744200736284256,1.1153984069824219,0.11904127895832062,0.8279522657394409,0.016041025519371033,0.007074426859617233,0.010074334219098091,0.3393673598766327,0.00836865697056055,0.005556922871619463,0.00693390192463994,0.20823721587657928
0007,000195,195,0.1756899058818817,1.1208789348602295,0.11825694888830185,0.7990002036094666,0.016219889745116234,0.0070455907844007015,0.010178527794778347,0.33941659331321716,0.008273148909211159,0.005451770033687353,0.006817017216235399,0.20821453630924225
0007,000196,196,0.17671740055084229,1.1208246946334839,0.1221369057893753,0.8281994462013245,0.0159133393317461,0.007044817321002483,0.01021609641611576,0.33943209052085876,0.008366422727704048,0.005441650748252869,0.006926336325705051,0.20826216042041779
0007,000197,197,0.17656810581684113,1.1239032745361328,0.12394095212221146,0.8238889575004578,0.01586277037858963,0.007089087273925543,0.010337215848267078,0.3394028842449188,0.009569003246724606,0.005668108817189932,0.00774011667817831,0.20792119204998016
0007,000198,198,0.1765936315059662,1.131205677986145,0.12562397122383118,0.8465024828910828,0.01567722111940384,0.007135436870157719,0.01045073103159666,0.33936890959739685,0.008762639947235584,0.005784286186099052,0.00729992613196373,0.20791929960250854
0007,000199,199,0.17414678633213043,1.1336736679077148,0.12658092379570007,0.8663135766983032,0.015324439853429794,0.007122326176613569,0.010372636839747429,0.3393126130104065,0.008803573437035084,0.005913037806749344,0.00748735386878252,0.20806658267974854
0007,000200,200,0.17270849645137787,1.1405208110809326,0.12435172498226166,0.8517917394638062,0.015136487782001495,0.007131640799343586,0.010363675653934479,0.3393602669239044,0.009206450544297695,0.006170992273837328,0.007776968646794558,0.2079607993364334
0007,000201,201,0.17173543572425842,1.13433039188385,0.12533941864967346,0.8676788806915283,0.01497353333979845,0.007119260728359222,0.010269708931446075,0.3393688499927521,0.009008214809000492,0.0062857153825461864,0.007631166372448206,0.20802120864391327
0007,000202,202,0.1716984212398529,1.1228522062301636,0.12652602791786194,0.8604850172996521,0.015043647028505802,0.007041770499199629,0.01011080201715231,0.33937615156173706,0.00957550760358572,0.006422755774110556,0.00799035094678402,0.2078351378440857
0007,000203,203,0.17091521620750427,1.108482837677002,0.12456799298524857,0.8480480313301086,0.014721885323524475,0.006971573457121849,0.009862360544502735,0.33941999077796936,0.009358622133731842,0.006470251828432083,0.007868216373026371,0.20780618488788605
0007,000204,204,0.16872617602348328,1.0982632637023926,0.12311612069606781,0.8379721641540527,0.014433282427489758,0.006848777644336224,0.009683390147984028,0.3394058644771576,0.009582249447703362,0.006673844065517187,0.008167628198862076,0.20766854286193848
0007,000205,205,0.1686168611049652,1.0969195365905762,0.12142342329025269,0.8298428654670715,0.014238552190363407,0.0067465887404978275,0.0095821563154459,0.33940309286117554,0.009552231058478355,0.006895503494888544,0.00814061239361763,0.20746271312236786
0007,000206,206,0.17099562287330627,1.1094653606414795,0.12142150104045868,0.825322151184082,0.014414126984775066,0.006697940640151501,0.009683525189757347,0.33933597803115845,0.009944531135261059,0.007186862640082836,0.008376408368349075,0.20705650746822357
0007,000207,207,0.1704123616218567,1.1026499271392822,0.12328179180622101,0.8533660769462585,0.014266191981732845,0.00664753932505846,0.009646212682127953,0.3393091559410095,0.008719224482774734,0.007100687827914953,0.007477836217731237,0.2071927934885025
0007,000208,208,0.17020532488822937,1.104122519493103,0.1211218610405922,0.8530169725418091,0.01428261585533619,0.006609383970499039,0.009625518694519997,0.3392702043056488,0.008526556193828583,0.006932888645678759,0.007373443804681301,0.2074700891971588
0007,000209,209,0.17092441022396088,1.110894799232483,0.12041955441236496,0.851421058177948,0.014405205845832825,0.006581461522728205,0.009713456965982914,0.3392118811607361,0.008088143542408943,0.006708637345582247,0.00703436741605401,0.20775412023067474
0007,000210,210,0.1717011034488678,1.1142470836639404,0.11798721551895142,0.8381562232971191,0.01446019671857357,0.006577442400157452,0.009727738797664642,0.3391764760017395,0.008384151384234428,0.006620503030717373,0.007282092701643705,0.20793472230434418
0007,000211,211,0.17268511652946472,1.1151596307754517,0.11795154213905334,0.836047887802124,0.014455332420766354,0.00658191554248333,0.009714744985103607,0.3391497731208801,0.00910661555826664,0.006673054303973913,0.007818547077476978,0.20786935091018677
0007,000212,212,0.1750093400478363,1.1187937259674072,0.11818467080593109,0.8503905534744263,0.014607232064008713,0.006571883335709572,0.009738005697727203,0.3390757739543915,0.008514921180903912,0.006540639791637659,0.007392489351332188,0.20814190804958344
0007,000213,213,0.1761462390422821,1.1141194105148315,0.11928629875183105,0.872220516204834,0.014696183614432812,0.00652584433555603,0.009648882783949375,0.3390495181083679,0.008692133240401745,0.00642279302701354,0.007597445975989103,0.20849066972732544
0007,000214,214,0.17755305767059326,1.115144968032837,0.11780869215726852,0.8904240727424622,0.014942633919417858,0.006479114294052124,0.009802975691854954,0.3389835059642792,0.009122367016971111,0.006390814203768969,0.008039888925850391,0.20894195139408112
0007,000215,215,0.17942647635936737,1.117133617401123,0.1108776405453682,0.8806380033493042,0.01519649475812912,0.006481247954070568,0.009974122047424316,0.3388717472553253,0.009794059209525585,0.006326225120574236,0.008545247837901115,0.20977115631103516
0007,000216,216,0.1815267950296402,1.1293573379516602,0.1075764074921608,0.8488861322402954,0.01537276804447174,0.0065084295347332954,0.010068376548588276,0.33884748816490173,0.009394615888595581,0.006408711429685354,0.008222158066928387,0.2099653035402298
0007,000217,217,0.1833948940038681,1.1389895677566528,0.10756540298461914,0.8382056355476379,0.01565379463136196,0.0065558417700231075,0.010273112915456295,0.33881962299346924,0.009221920743584633,0.006527482997626066,0.007990964688360691,0.21014724671840668
0007,000218,218,0.18253935873508453,1.1236634254455566,0.10841689258813858,0.8604390025138855,0.015252677723765373,0.006559624336659908,0.010117112658917904,0.3388008177280426,0.008971412666141987,0.006511919666081667,0.0077781169675290585,0.21060289442539215
0007,000219,219,0.1820906549692154,1.1179450750350952,0.10727937519550323,0.8480145335197449,0.0152443777769804,0.006621051114052534,0.010179553180932999,0.33883053064346313,0.0086545180529356,0.0064199380576610565,0.00747468788176775,0.21101023256778717
0007,000220,220,0.18456345796585083,1.118794560432434,0.10796181857585907,0.8336524367332458,0.015228267759084702,0.006639724597334862,0.010016112588346004,0.33886006474494934,0.008539938367903233,0.00627431645989418,0.0072995517402887344,0.21134552359580994
0007,000221,221,0.18449245393276215,1.1111130714416504,0.10933845490217209,0.8196651935577393,0.015287033282220364,0.006635336205363274,0.009910276159644127,0.33884701132774353,0.008598288521170616,0.006147506646811962,0.007345113437622786,0.21142874658107758
0007,000222,222,0.18453995883464813,1.11093270778656,0.10780603438615799,0.7721229195594788,0.01525596808642149,0.006616170983761549,0.009866558946669102,0.33883988857269287,0.008585072122514248,0.006041957065463066,0.00714127579703927,0.2113242894411087
0007,000223,223,0.18139904737472534,1.1056618690490723,0.1121046170592308,0.7885061502456665,0.01534399762749672,0.006625461392104626,0.009851018898189068,0.33887779712677,0.008200597949326038,0.005906068719923496,0.006837822962552309,0.21143417060375214
0007,000224,224,0.17957501113414764,1.101861596107483,0.11050683259963989,0.7845844626426697,0.015375626273453236,0.006618326064199209,0.009801890701055527,0.3388846814632416,0.008175349794328213,0.005788442213088274,0.006855911109596491,0.2118171900510788
0007,000225,225,0.18022310733795166,1.108647346496582,0.1126980409026146,0.8024487495422363,0.01539535354822874,0.006653974298387766,0.009840256534516811,0.3389674723148346,0.008137363940477371,0.005679763853549957,0.0067732073366642,0.21202361583709717
0007,000226,226,0.1814928650856018,1.110062599182129,0.11092067509889603,0.7981175780296326,0.015547733753919601,0.0066704461351037025,0.009838784113526344,0.33899301290512085,0.008015262894332409,0.005626671481877565,0.0067142825573682785,0.21231801807880402
0007,000227,227,0.18243791162967682,1.112669825553894,0.11262650042772293,0.8121034502983093,0.015508008189499378,0.006662081461399794,0.009778482839465141,0.3390234708786011,0.00826769508421421,0.0056659323163330555,0.00693268608301878,0.21244637668132782
0007,000228,228,0.18272915482521057,1.1174870729446411,0.11205869168043137,0.8088899850845337,0.015563673339784145,0.006677900906652212,0.009867609478533268,0.33902087807655334,0.008489754982292652,0.005735919810831547,0.00712037505581975,0.21243877708911896
0007,000229,229,0.18245959281921387,1.118306040763855,0.11602778732776642,0.835786759853363,0.01553657092154026,0.006662086583673954,0.00987301953136921,0.3390175998210907,0.008337131701409817,0.005741183180361986,0.006980550475418568,0.2125455141067505
0007,000230,230,0.1818396896123886,1.1203083992004395,0.11719983071088791,0.8368967175483704,0.01573866605758667,0.006686406210064888,0.010037347674369812,0.3390536308288574,0.008761960081756115,0.005804361309856176,0.007277810946106911,0.2125045210123062
0007,000231,231,0.180523082613945,1.1311906576156616,0.1152166798710823,0.8266335725784302,0.01576472632586956,0.006717619486153126,0.010130149312317371,0.33906757831573486,0.009001064114272594,0.005881611257791519,0.0073875547386705875,0.21253347396850586
0007,000232,232,0.17783573269844055,1.1297261714935303,0.11689987778663635,0.848971962928772,0.015588926151394844,0.006723419297486544,0.010153445415198803,0.3390483260154724,0.008516726084053516,0.005879351869225502,0.00702783465385437,0.21279646456241608
0007,000233,233,0.1766796112060547,1.137139916419983,0.11910329759120941,0.8677067160606384,0.015454105101525784,0.006744116544723511,0.010181580670177937,0.33911117911338806,0.008959941565990448,0.00596223259344697,0.0073462617583572865,0.21279439330101013
0007,000234,234,0.1759524643421173,1.1420186758041382,0.12166006118059158,0.8822354078292847,0.015479444526135921,0.006799168884754181,0.010214188136160374,0.3391525447368622,0.009724738076329231,0.006183498539030552,0.007946471683681011,0.21255286037921906
0007,000235,235,0.17561767995357513,1.141676902770996,0.12267432361841202,0.906034529209137,0.015463455580174923,0.006883232854306698,0.010138067416846752,0.3392070233821869,0.009054328314960003,0.006151369772851467,0.007637158501893282,0.2126939743757248
0007,000236,236,0.1762586086988449,1.1381049156188965,0.11850540339946747,0.880281388759613,0.01574454829096794,0.0069425166584551334,0.010188570246100426,0.33920660614967346,0.008611996658146381,0.006043326575309038,0.007364934775978327,0.21294699609279633
0007,000237,237,0.17660285532474518,1.1355664730072021,0.1146792471408844,0.850702702999115,0.015877850353717804,0.007030467037111521,0.01021921169012785,0.33929356932640076,0.00921883899718523,0.006251334212720394,0.007891910150647163,0.2128794640302658
0007,000238,238,0.1773986667394638,1.1416447162628174,0.11378075927495956,0.8303232192993164,0.015898408368229866,0.0071062687784433365,0.010212937369942665,0.3393612205982208,0.010337906889617443,0.006657447200268507,0.008692165836691856,0.21242375671863556
0007,000239,239,0.17877747118473053,1.1478904485702515,0.11536921560764313,0.8312363624572754,0.016038283705711365,0.007148739416152239,0.01033356785774231,0.3393418490886688,0.010855577886104584,0.007095376495271921,0.009048350155353546,0.2118593007326126
0007,000240,240,0.17847265303134918,1.1452951431274414,0.11953867226839066,0.8689042329788208,0.016014227643609047,0.007203914690762758,0.01033616904169321,0.33941957354545593,0.010144046507775784,0.007272719405591488,0.008629962801933289,0.21157591044902802
0007,000241,241,0.17658129334449768,1.148245930671692,0.11812752485275269,0.8538159728050232,0.0159558467566967,0.007261237129569054,0.010406364686787128,0.3394724130630493,0.01165930274873972,0.007762866094708443,0.009699451737105846,0.21075454354286194
0007,000242,242,0.17887161672115326,1.16517174243927,0.11516603082418442,0.8121482729911804,0.0160569678992033,0.007330622058361769,0.01059788279235363,0.3395155370235443,0.01197761669754982,0.008173571899533272,0.00988649483770132,0.20981866121292114
0007,000243,243,0.17717859148979187,1.1664527654647827,0.11923123896121979,0.8524420857429504,0.016057472676038742,0.007400930393487215,0.010628032498061657,0.3395262360572815,0.011119289323687553,0.00836571492254734,0.009303913451731205,0.20930014550685883
0007,000244,244,0.17837442457675934,1.1759037971496582,0.12029500305652618,0.8620044589042664,0.016033543273806572,0.0074608358554542065,0.010699085891246796,0.33952009677886963,0.010398427955806255,0.008287463337182999,0.008690749295055866,0.20910072326660156
0007,000245,245,0.17981398105621338,1.1870816946029663,0.12072498351335526,0.8769819736480713,0.016086554154753685,0.007527495734393597,0.010844741016626358,0.339461088180542,0.010105956345796585,0.008133173920214176,0.008517539128661156,0.20902757346630096
0007,000246,246,0.18195857107639313,1.1948776245117188,0.1198667362332344,0.8740027546882629,0.01593925431370735,0.007557229604572058,0.01079096831381321,0.33944040536880493,0.010556420311331749,0.008185654878616333,0.008899476379156113,0.2087230384349823
0007,000247,247,0.18131056427955627,1.176796793937683,0.1211107149720192,0.8830783367156982,0.015587637200951576,0.007494053337723017,0.010564506985247135,0.3393864631652832,0.01022795308381319,0.007986021228134632,0.008428016677498817,0.20862959325313568
0007,000248,248,0.18033729493618011,1.1472707986831665,0.1272727996110916,0.9383713603019714,0.015107911080121994,0.007305707782506943,0.010223779827356339,0.33930814266204834,0.01007403526455164,0.007133965380489826,0.007954021915793419,0.20944532752037048
0007,000249,249,0.17880463600158691,1.1251572370529175,0.12348099797964096,0.9112878441810608,0.0146566703915596,0.0070373560301959515,0.009927922859787941,0.339215487241745,0.009880954399704933,0.006799628492444754,0.007877646945416927,0.2096632570028305
0007,000250,250,0.17463476955890656,1.1103014945983887,0.1165216788649559,0.8930748701095581,0.014336833730340004,0.006815638858824968,0.009860707446932793,0.3390958309173584,0.009412585757672787,0.006621129345148802,0.007776502054184675,0.21014946699142456
0007,000251,251,0.17196603119373322,1.1139516830444336,0.11399044841527939,0.8868832588195801,0.014148082584142685,0.006671343930065632,0.009920776821672916,0.3390218913555145,0.009097034111618996,0.006572771817445755,0.0075752646662294865,0.21044492721557617
0007,000252,252,0.17077228426933289,1.1174958944320679,0.11279568821191788,0.8836187720298767,0.014027584344148636,0.0065886760130524635,0.009929871186614037,0.33896929025650024,0.008785824291408062,0.0065430342219769955,0.007383696269243956,0.21068021655082703
0007,000253,253,0.17021821439266205,1.1277786493301392,0.11103847622871399,0.8817993998527527,0.013940478675067425,0.00653921440243721,0.00996255874633789,0.3389078974723816,0.008836551569402218,0.006516470108181238,0.0074454620480537415,0.2108386904001236
0007,000254,254,0.16886873543262482,1.1293071508407593,0.1113409474492073,0.8624052405357361,0.013938902877271175,0.006501248572021723,0.010017565451562405,0.3388664722442627,0.008974101394414902,0.006575239356607199,0.007509272079914808,0.21071940660476685
0007,000255,255,0.16847467422485352,1.1332964897155762,0.10878213495016098,0.8407583236694336,0.013906409963965416,0.006483179517090321,0.010033986531198025,0.3388342559337616,0.008540036156773567,0.006581068970263004,0.007263817824423313,0.21078482270240784
0007,000256,256,0.16961920261383057,1.1422487497329712,0.10897238552570343,0.8282257318496704,0.013919549062848091,0.006475124042481184,0.010093274526298046,0.3388226330280304,0.008611074648797512,0.006579671520739794,0.007308736443519592,0.2107372134923935
0007,000257,257,0.1690852791070938,1.1424065828323364,0.1085340678691864,0.8219947218894958,0.013837953098118305,0.006482974160462618,0.010101784020662308,0.33880600333213806,0.008444822393357754,0.006575450766831636,0.007191180717200041,0.21076738834381104
0007,000258,258,0.16916553676128387,1.1396286487579346,0.10789275914430618,0.7850968837738037,0.013813969679176807,0.006485477089881897,0.010050482116639614,0.3388391435146332,0.008929639123380184,0.006691461894661188,0.007414063438773155,0.21042639017105103
0007,000259,259,0.17205087840557098,1.1500153541564941,0.11003459990024567,0.793541431427002,0.013904937542974949,0.006523082964122295,0.010114089585840702,0.33882930874824524,0.008360587991774082,0.006644767243415117,0.007004924584180117,0.21036922931671143
0007,000260,260,0.17340828478336334,1.151764154434204,0.11091029644012451,0.7700022459030151,0.014005293138325214,0.006554321851581335,0.01010705716907978,0.3388287127017975,0.008880754932761192,0.006739492993801832,0.0072633628733456135,0.20994728803634644
0007,000261,261,0.1750885546207428,1.151639699935913,0.11240989714860916,0.7660645246505737,0.014025283977389336,0.00657563516870141,0.010031556710600853,0.33887001872062683,0.008486846461892128,0.006695648655295372,0.006888886913657188,0.20974257588386536
0007,000262,262,0.17618878185749054,1.1503480672836304,0.11337095499038696,0.7622169256210327,0.014030701480805874,0.00657680444419384,0.009999671019613743,0.3388628661632538,0.008106029592454433,0.006585094146430492,0.006617262493818998,0.20961830019950867
0007,000263,263,0.1775500476360321,1.1486362218856812,0.11508441716432571,0.763975977897644,0.014019175432622433,0.0065833162516355515,0.009970479644834995,0.3388526141643524,0.008436445146799088,0.006556900683790445,0.006867679767310619,0.2093377709388733
0007,000264,264,0.17962351441383362,1.1531683206558228,0.11924175173044205,0.7842181921005249,0.014160108752548695,0.006595839746296406,0.010001642629504204,0.33885657787323,0.008817097172141075,0.006600267719477415,0.00711331982165575,0.20899058878421783
0007,000265,265,0.18042482435703278,1.160377025604248,0.12133068591356277,0.7926205396652222,0.014179659076035023,0.006613418459892273,0.01001402735710144,0.3388975262641907,0.008355499245226383,0.006566979456692934,0.006796545814722776,0.20878055691719055
0007,000266,266,0.18095330893993378,1.164093017578125,0.12405934929847717,0.8262664675712585,0.014214690774679184,0.006647412199527025,0.010026809759438038,0.3389521539211273,0.008096186444163322,0.0063942670822143555,0.0066976347006857395,0.20882689952850342
0007,000267,267,0.18186672031879425,1.1679106950759888,0.12462551891803741,0.8446624875068665,0.014248299412429333,0.006653161253780127,0.010032602585852146,0.3389272093772888,0.007600352633744478,0.006125816144049168,0.006362610962241888,0.2091064155101776
0007,000268,268,0.1836244910955429,1.1674621105194092,0.12557587027549744,0.856563150882721,0.014361814595758915,0.006661087740212679,0.010051371529698372,0.33890488743782043,0.007952103391289711,0.0060271103866398335,0.006705408450216055,0.2092006653547287
0007,000269,269,0.18392930924892426,1.1587711572647095,0.12444328516721725,0.8407871723175049,0.014359753578901291,0.006635126657783985,0.009927615523338318,0.33889394998550415,0.008184739388525486,0.006000225432217121,0.006717279087752104,0.20918922126293182
0007,000270,270,0.1852111667394638,1.1667207479476929,0.12101663649082184,0.8416066765785217,0.014424925670027733,0.006630434654653072,0.009992754086852074,0.3388221263885498,0.00799640268087387,0.0057616932317614555,0.006599727086722851,0.20967957377433777
0007,000271,271,0.1863832175731659,1.1677907705307007,0.11885476112365723,0.8206742405891418,0.014529641717672348,0.006649068556725979,0.010011463426053524,0.3387852907180786,0.008127122186124325,0.005752334836870432,0.006689631380140781,0.2098531424999237
0007,000272,272,0.18732807040214539,1.166216254234314,0.12043888121843338,0.82546067237854,0.01463115680962801,0.00664959941059351,0.010015021078288555,0.3388081192970276,0.008231745101511478,0.005780630744993687,0.00672720605507493,0.20993274450302124
0007,000273,273,0.18862126767635345,1.1654423475265503,0.11885455250740051,0.8082886338233948,0.01473907008767128,0.006659714970737696,0.010028183460235596,0.33882009983062744,0.008131368085741997,0.005765195935964584,0.006677029188722372,0.21004079282283783
0007,000274,274,0.18699784576892853,1.1640535593032837,0.1211940124630928,0.841962456703186,0.01468032505363226,0.006683390587568283,0.009974918328225613,0.33886533975601196,0.008010458201169968,0.00564627954736352,0.0065905191004276276,0.21050511300563812
0007,000275,275,0.1840648353099823,1.153876781463623,0.11928065866231918,0.8311830759048462,0.014575940556824207,0.006672427523881197,0.00989171490073204,0.3388769328594208,0.008081527426838875,0.005617912858724594,0.0066811214201152325,0.21070080995559692
0007,000276,276,0.1838780641555786,1.1550052165985107,0.11811257153749466,0.8437468409538269,0.014723516069352627,0.006660521030426025,0.009943179786205292,0.3388933837413788,0.008189911022782326,0.005563158076256514,0.006795512977987528,0.21111096441745758
0007,000277,277,0.18486805260181427,1.1602704524993896,0.11777638643980026,0.839500904083252,0.01486818678677082,0.006659609731286764,0.010005302727222443,0.3389166593551636,0.008223393000662327,0.0055631971918046474,0.006870358716696501,0.21137408912181854
0007,000278,278,0.18223896622657776,1.1555365324020386,0.11309000849723816,0.8094565868377686,0.014836069196462631,0.0066704824566841125,0.010030572302639484,0.33894190192222595,0.008266485296189785,0.0056214714422822,0.006941820960491896,0.2115241140127182
0007,000279,279,0.18130376935005188,1.1496808528900146,0.11547383666038513,0.8188718557357788,0.014849910512566566,0.006682274863123894,0.010000447742640972,0.33899620175361633,0.00849795714020729,0.005659992340952158,0.007009191904217005,0.21172970533370972
0007,000280,280,0.18168368935585022,1.1531749963760376,0.11585230380296707,0.8166757225990295,0.014967706985771656,0.006699104327708483,0.010081668384373188,0.3389997184276581,0.008709965273737907,0.0057677156291902065,0.0073070521466434,0.211684912443161
0007,000281,281,0.18185360729694366,1.1501009464263916,0.11244270205497742,0.7760944962501526,0.014885080978274345,0.00672291312366724,0.010096997022628784,0.3390638828277588,0.009125366806983948,0.005938032642006874,0.00758484099060297,0.21143387258052826
0007,000282,282,0.18073886632919312,1.1544917821884155,0.11325524002313614,0.7748098969459534,0.014890572056174278,0.006735990755259991,0.010152556002140045,0.3390793800354004,0.009861156344413757,0.006244870834052563,0.00807276088744402,0.21114082634449005
0007,000283,283,0.17887263000011444,1.1440415382385254,0.11621499061584473,0.8048800826072693,0.01482381857931614,0.006724745035171509,0.010041960515081882,0.33909541368484497,0.009111634455621243,0.006327582057565451,0.007423254195600748,0.21108804643154144
0007,000284,284,0.1779109239578247,1.1436976194381714,0.11635924875736237,0.7916110754013062,0.014748028479516506,0.006715395953506231,0.00999817717820406,0.33907338976860046,0.009392943233251572,0.006491534411907196,0.007542026229202747,0.2106638103723526
0007,000285,285,0.1773746758699417,1.1391918659210205,0.12331891804933548,0.8198707699775696,0.014812439680099487,0.00674139428883791,0.009981115348637104,0.3391236960887909,0.010940982028841972,0.006938213016837835,0.008484895341098309,0.20966356992721558
0007,000286,286,0.17701588571071625,1.142815351486206,0.12038085609674454,0.7992435693740845,0.014881309121847153,0.006782256066799164,0.00999253336340189,0.33917778730392456,0.010419068858027458,0.007215247023850679,0.008100761100649834,0.2089858055114746
0007,000287,287,0.17829376459121704,1.14582097530365,0.12055234611034393,0.7918416857719421,0.01503739133477211,0.00681223813444376,0.009942201897501945,0.3392404019832611,0.01021309569478035,0.007294438313692808,0.007703873794525862,0.20861300826072693
0007,000288,288,0.17785978317260742,1.1384778022766113,0.1249547004699707,0.8039060831069946,0.015026593580842018,0.006816789507865906,0.009882180020213127,0.3392793536186218,0.010421637445688248,0.007435543462634087,0.0077079664915800095,0.2077796906232834
0007,000289,289,0.1764877438545227,1.1365333795547485,0.12694819271564484,0.8291986584663391,0.014778128825128078,0.0068201944231987,0.00976704154163599,0.3393317461013794,0.009432688355445862,0.007357009220868349,0.0072739338502287865,0.20759175717830658
0007,000290,290,0.17615151405334473,1.1378995180130005,0.1255631148815155,0.8425410389900208,0.014703696593642235,0.006796699948608875,0.009748492389917374,0.3393482565879822,0.008667074143886566,0.0069432808086276054,0.006738053169101477,0.2078263908624649
0007,000291,291,0.17557615041732788,1.1347616910934448,0.122526615858078,0.8128350973129272,0.014724288135766983,0.006780909840017557,0.009735414758324623,0.33933591842651367,0.008696491830050945,0.006849257741123438,0.006816036067903042,0.20760507881641388
0007,000292,292,0.17560157179832458,1.138321876525879,0.12375318259000778,0.8377920985221863,0.014623177237808704,0.0067575895227491856,0.009763084352016449,0.33935683965682983,0.008424630388617516,0.006675706710666418,0.006739849224686623,0.20770753920078278
0007,000293,293,0.17666158080101013,1.1407469511032104,0.1242569237947464,0.8366637825965881,0.014553683809936047,0.006763158366084099,0.009740769863128662,0.33936119079589844,0.008436333388090134,0.006588463205844164,0.006761822383850813,0.207586869597435
0007,000294,294,0.1764110028743744,1.142472505569458,0.12459322065114975,0.8184909820556641,0.014508044347167015,0.006749156396836042,0.009751859121024609,0.3393948972225189,0.009513560682535172,0.0068257953971624374,0.007526276633143425,0.20685122907161713
0007,000295,295,0.17624759674072266,1.1414027214050293,0.12654845416545868,0.8648574352264404,0.014482729136943817,0.006763600278645754,0.009749319404363632,0.33940696716308594,0.008077956736087799,0.006410783622413874,0.006639354396611452,0.20739875733852386
0007,000296,296,0.17704874277114868,1.1518474817276,0.12337183207273483,0.8453715443611145,0.014512681402266026,0.006803979631513357,0.009834148921072483,0.33944374322891235,0.0077017792500555515,0.006158940028399229,0.0064051346853375435,0.20772430300712585
0007,000297,297,0.1755911111831665,1.147765874862671,0.12026848644018173,0.8431468605995178,0.014408119954168797,0.0068145859986543655,0.009722884744405746,0.3394315242767334,0.007838712073862553,0.006003644783049822,0.006589616648852825,0.20817703008651733
0007,000298,298,0.17567190527915955,1.1486722230911255,0.11762546747922897,0.8159786462783813,0.014453476294875145,0.006815991830080748,0.009744031354784966,0.3393893241882324,0.008140002377331257,0.006027051247656345,0.006795279681682587,0.20823882520198822
0007,000299,299,0.17592626810073853,1.1474547386169434,0.11996562033891678,0.8494202494621277,0.014456353150308132,0.006828684825450182,0.009743987582623959,0.33939605951309204,0.007762163877487183,0.0059862216003239155,0.00652753422036767,0.20848433673381805
0007,000300,300,0.17602798342704773,1.1451034545898438,0.1187007948756218,0.83284592628479,0.014455405063927174,0.00685028126463294,0.009685943834483624,0.33942902088165283,0.00816354714334011,0.0060660094022750854,0.006749412044882774,0.20832416415214539
0007,000301,301,0.17809532582759857,1.1511551141738892,0.12181594967842102,0.8428682684898376,0.014504867605865002,0.006895637605339289,0.009701903909444809,0.3394192159175873,0.007659989409148693,0.00604834733530879,0.0063025252893567085,0.20824411511421204
0007,000302,302,0.17864222824573517,1.1424001455307007,0.12029004842042923,0.8107268214225769,0.014506569132208824,0.006905238609761,0.009629786014556885,0.33944791555404663,0.008289489895105362,0.00611801678314805,0.006739287171512842,0.20786969363689423
0007,000303,303,0.1780368983745575,1.1394168138504028,0.12394259124994278,0.841093122959137,0.014526121318340302,0.006887434981763363,0.00961339846253395,0.3394276797771454,0.008112371899187565,0.006135445553809404,0.006631157360970974,0.20773683488368988
0007,000304,304,0.17896662652492523,1.1356773376464844,0.12871232628822327,0.8972451686859131,0.014594108797609806,0.006863006856292486,0.009560134261846542,0.33941543102264404,0.007308312691748142,0.005715432111173868,0.0060259015299379826,0.20841406285762787
0007,000305,305,0.18057399988174438,1.1422343254089355,0.1201074868440628,0.8141318559646606,0.01465037651360035,0.006855625659227371,0.009562887251377106,0.3394460380077362,0.008295416831970215,0.005862466525286436,0.006787539459764957,0.20804661512374878
0007,000306,306,0.1797848790884018,1.140432596206665,0.11981513351202011,0.8050827383995056,0.014706953428685665,0.006851875223219395,0.009606815874576569,0.3394611179828644,0.007855584844946861,0.005877954885363579,0.006390460766851902,0.20798055827617645
0007,000307,307,0.1813216209411621,1.1504188776016235,0.12239070236682892,0.8278135061264038,0.014764019288122654,0.006836450193077326,0.009641986340284348,0.3394384980201721,0.00761417206376791,0.005844959989190102,0.006274987943470478,0.20808711647987366
0007,000308,308,0.18052805960178375,1.145736575126648,0.12045387923717499,0.8080743551254272,0.014774050563573837,0.006835816893726587,0.00967315211892128,0.3394409418106079,0.007770901545882225,0.005858810152858496,0.0063355243764817715,0.20802032947540283
0007,000309,309,0.180638387799263,1.1481999158859253,0.12027541548013687,0.8019852042198181,0.01484181173145771,0.006830796133726835,0.009700287133455276,0.339474618434906,0.007921959273517132,0.005928828381001949,0.006436296738684177,0.20785582065582275
0007,000310,310,0.17928968369960785,1.1445060968399048,0.12159034609794617,0.8074676394462585,0.014851662330329418,0.006813826039433479,0.009737197309732437,0.33947524428367615,0.007878047414124012,0.005924464203417301,0.006371733266860247,0.20776884257793427
0007,000311,311,0.17893116176128387,1.1419270038604736,0.12199222296476364,0.810015857219696,0.014770811423659325,0.0067856041714549065,0.009648880921304226,0.3394685685634613,0.00836939737200737,0.0060455878265202045,0.006811066064983606,0.20747032761573792
0007,000312,312,0.17841443419456482,1.1396825313568115,0.12088067829608917,0.7998898029327393,0.014787151478230953,0.0067987325601279736,0.009709559381008148,0.3394888639450073,0.007894428446888924,0.006017907522618771,0.006382789462804794,0.20737296342849731
0007,000313,313,0.178909569978714,1.1385947465896606,0.12150204926729202,0.8241801261901855,0.014779183082282543,0.006814389489591122,0.009720300324261189,0.3394918739795685,0.007592017762362957,0.005867457017302513,0.00626927288249135,0.2076178342103958
0007,000314,314,0.17877861857414246,1.128550410270691,0.12135689705610275,0.827729344367981,0.014846581034362316,0.006789215840399265,0.009685986675322056,0.33949515223503113,0.007477925159037113,0.005763109307736158,0.006188050843775272,0.20776960253715515
0007,000315,315,0.17931771278381348,1.1257413625717163,0.1239265576004982,0.8785197138786316,0.014896536245942116,0.00674887141212821,0.009714454412460327,0.3394370377063751,0.007400784641504288,0.005346008110791445,0.00620824471116066,0.20858357846736908
0007,000316,316,0.17882682383060455,1.1164324283599854,0.12032665312290192,0.8691394925117493,0.014853772707283497,0.00669230567291379,0.009669066406786442,0.33941450715065,0.00732464948669076,0.005200119223445654,0.006212253123521805,0.209098219871521
0007,000317,317,0.17888318002223969,1.1215280294418335,0.11732533574104309,0.8381416201591492,0.014853313565254211,0.006703241728246212,0.009734414517879486,0.3394300043582916,0.007433961611241102,0.0052108545787632465,0.006272912956774235,0.20928141474723816
0007,000318,318,0.1792895495891571,1.1332820653915405,0.11903312802314758,0.8449730277061462,0.014706241898238659,0.006654152646660805,0.009776709601283073,0.33940282464027405,0.008398073725402355,0.00538150779902935,0.007108247838914394,0.20915736258029938
0007,000319,319,0.17671799659729004,1.1254289150238037,0.1161273866891861,0.8122666478157043,0.014631741680204868,0.006648485083132982,0.009762648493051529,0.33937108516693115,0.008564304560422897,0.005658377893269062,0.007119901478290558,0.2089887410402298
0007,000320,320,0.1754080206155777,1.1247317790985107,0.1155230700969696,0.7979701161384583,0.01452933344990015,0.0066537377424538136,0.00970323197543621,0.3394221365451813,0.00858791172504425,0.005848537664860487,0.00705277593806386,0.2088499814271927
0007,000321,321,0.1742892861366272,1.1248728036880493,0.11440222710371017,0.8114275932312012,0.014390077441930771,0.006613797973841429,0.009625710546970367,0.33942711353302,0.008068281225860119,0.005848880857229233,0.0066830976866185665,0.20917557179927826
0007,000322,322,0.17476624250411987,1.1342802047729492,0.11272445321083069,0.8039743900299072,0.014333730563521385,0.006597619503736496,0.009674406610429287,0.3394313156604767,0.008522914722561836,0.005976335611194372,0.007058065850287676,0.2091953158378601
0007,000323,323,0.17458121478557587,1.1433600187301636,0.11117396503686905,0.8029947280883789,0.014247910119593143,0.006537750829011202,0.009629009291529655,0.33944055438041687,0.008296051993966103,0.005977327935397625,0.006770337000489235,0.20942558348178864
0007,000324,324,0.17460934817790985,1.1511850357055664,0.11262321472167969,0.8256801962852478,0.014306627213954926,0.006527446676045656,0.009670640341937542,0.33946919441223145,0.008579705841839314,0.006035447586327791,0.007128692697733641,0.20955407619476318
0007,000325,325,0.1738547682762146,1.1567513942718506,0.11026851087808609,0.8041860461235046,0.014323939569294453,0.0065185693092644215,0.009692061692476273,0.33947235345840454,0.008460694923996925,0.006158446427434683,0.0070806401781737804,0.20949724316596985
0007,000326,326,0.1743786782026291,1.1627675294876099,0.11295201629400253,0.8062385320663452,0.014389688149094582,0.006513277534395456,0.009776344522833824,0.33947616815567017,0.008819755166769028,0.006291234400123358,0.007142522372305393,0.20938847959041595
0007,000327,327,0.17419402301311493,1.168592929840088,0.11152520030736923,0.7998141646385193,0.01450224220752716,0.006510191597044468,0.009869634173810482,0.33948856592178345,0.008183855563402176,0.006202520336955786,0.0068051982671022415,0.20953357219696045
0007,000328,328,0.1727548986673355,1.1670689582824707,0.11158990114927292,0.8112570643424988,0.014621475711464882,0.006550060585141182,0.009967619553208351,0.33949601650238037,0.008295465260744095,0.006130171939730644,0.006922644563019276,0.20983916521072388
0007,000329,329,0.17136605083942413,1.158442497253418,0.1127508133649826,0.8275832533836365,0.01473710872232914,0.006574966013431549,0.009966627694666386,0.33954373002052307,0.008676774799823761,0.006101730279624462,0.007197204977273941,0.21010230481624603
0007,000330,330,0.16960206627845764,1.150892734527588,0.11104286462068558,0.809171736240387,0.014909250661730766,0.006641153246164322,0.010058783926069736,0.33956241607666016,0.009331369772553444,0.0062701585702598095,0.007611094508320093,0.2100660651922226
0007,000331,331,0.16803333163261414,1.1478625535964966,0.11056536436080933,0.7993927597999573,0.015035518445074558,0.006688005290925503,0.010099383071064949,0.33960023522377014,0.009463842026889324,0.006419822573661804,0.007659605238586664,0.21004991233348846
0007,000332,332,0.16577604413032532,1.1452504396438599,0.1100609228014946,0.8027024269104004,0.015030915848910809,0.006758496630936861,0.010116943158209324,0.33968228101730347,0.009483510628342628,0.006472162436693907,0.007639899849891663,0.2100612074136734
0007,000333,333,0.16529864072799683,1.1481430530548096,0.11092570424079895,0.8109419345855713,0.015038535930216312,0.00677004549652338,0.010062928311526775,0.33964645862579346,0.010063977912068367,0.006709984038025141,0.008094261400401592,0.20975522696971893
0007,000334,334,0.1662493497133255,1.1484845876693726,0.11730030179023743,0.8756753206253052,0.015178616158664227,0.006790772080421448,0.010102957487106323,0.33961260318756104,0.009385960176587105,0.006630111485719681,0.007648933678865433,0.20997501909732819
0007,000335,335,0.16734331846237183,1.1521227359771729,0.11751681566238403,0.887453556060791,0.015314706601202488,0.006802592892199755,0.010173293761909008,0.3395361304283142,0.009292226284742355,0.006613059900701046,0.007537681609392166,0.21010541915893555
0007,000336,336,0.16749203205108643,1.1488633155822754,0.11538754403591156,0.8621090054512024,0.015483259223401546,0.006809035316109657,0.010216384194791317,0.3395046293735504,0.009890872985124588,0.006701710633933544,0.00798487663269043,0.20993119478225708
0007,000337,337,0.16957120597362518,1.1509112119674683,0.11634796112775803,0.8726931810379028,0.01557352114468813,0.006827383302152157,0.010273055173456669,0.3394330143928528,0.009169433265924454,0.006576023995876312,0.007394144777208567,0.2102382332086563
0007,000338,338,0.17293645441532135,1.1566883325576782,0.11822733283042908,0.8767842650413513,0.01570320874452591,0.006865145172923803,0.010350578464567661,0.3393761217594147,0.009642704389989376,0.006564196199178696,0.007723338436335325,0.2102310061454773
0007,000339,339,0.17413868010044098,1.1458252668380737,0.11979037523269653,0.8903282880783081,0.015670375898480415,0.006877238862216473,0.010355856269598007,0.33931535482406616,0.009291108697652817,0.006405635271221399,0.007472519762814045,0.2104516476392746
0007,000340,340,0.17605775594711304,1.1386029720306396,0.11915423721075058,0.8881256580352783,0.015787707641720772,0.0068952105939388275,0.010434763506054878,0.3392736613750458,0.009189260192215443,0.006238147616386414,0.007417633663862944,0.21079906821250916
0007,000341,341,0.1773308664560318,1.1363409757614136,0.12142278254032135,0.9173052310943604,0.01573966257274151,0.006922569591552019,0.010445446707308292,0.33921581506729126,0.009342299774289131,0.00608550850301981,0.007656876929104328,0.2112889289855957
0007,000342,342,0.17652200162410736,1.1413036584854126,0.11798775941133499,0.8889471888542175,0.015730950981378555,0.006984936539083719,0.010539421811699867,0.3392273783683777,0.009419755078852177,0.006124029867351055,0.007793761324137449,0.21140803396701813
0007,000343,343,0.17607653141021729,1.148468017578125,0.11354497820138931,0.8783499002456665,0.0158559437841177,0.007040095515549183,0.010629938915371895,0.3392397463321686,0.009652042761445045,0.006169565487653017,0.008001952432096004,0.2118953913450241
0007,000344,344,0.17484357953071594,1.1433738470077515,0.1153770238161087,0.9026937484741211,0.01597169227898121,0.00710698077455163,0.01067968737334013,0.33926039934158325,0.009729811921715736,0.006301163230091333,0.008129714988172054,0.21207308769226074
0007,000345,345,0.17378823459148407,1.1501867771148682,0.11584220081567764,0.9097926616668701,0.016065075993537903,0.007179121021181345,0.010776259005069733,0.33929792046546936,0.009795485995709896,0.006403529085218906,0.008156347088515759,0.21225057542324066
0007,000346,346,0.17291459441184998,1.1551841497421265,0.11501740664243698,0.9191981554031372,0.015865463763475418,0.0072585237212479115,0.01076573971658945,0.339334636926651,0.00925430003553629,0.006263233255594969,0.007674209773540497,0.2128569334745407
0007,000347,347,0.1719440221786499,1.1588146686553955,0.11352918297052383,0.9119118452072144,0.01575910672545433,0.007295083720237017,0.01076414529234171,0.339404433965683,0.009495108388364315,0.006279069930315018,0.007903516292572021,0.21313562989234924
0007,000348,348,0.17175094783306122,1.165640115737915,0.11709591001272202,0.9293165802955627,0.015603199601173401,0.007276666350662708,0.010652930475771427,0.33943629264831543,0.009551511146128178,0.006273884791880846,0.007840699516236782,0.2134326845407486
0007,000349,349,0.17091704905033112,1.1661442518234253,0.11696406453847885,0.9115691781044006,0.015558633953332901,0.007253813091665506,0.010631227865815163,0.3394520580768585,0.009756830520927906,0.006332077085971832,0.00788765586912632,0.2134951502084732
0007,000350,350,0.17089618742465973,1.1703424453735352,0.11886545270681381,0.8991639018058777,0.015330101363360882,0.007218708749860525,0.010513554327189922,0.33950135111808777,0.010128100402653217,0.006394194904714823,0.008111107163131237,0.21330676972866058
0007,000351,351,0.1699156016111374,1.1688820123672485,0.11651033908128738,0.8597148060798645,0.015186733566224575,0.007161370012909174,0.010420583188533783,0.3395155668258667,0.010020779445767403,0.006505494937300682,0.007999083958566189,0.21305394172668457
0007,000352,352,0.1693606823682785,1.1694250106811523,0.12121763825416565,0.855626106262207,0.015217496082186699,0.007069808896631002,0.010360714979469776,0.33950090408325195,0.01107779610902071,0.006794967222958803,0.00862988829612732,0.21223871409893036
0007,000353,353,0.16717344522476196,1.16884183883667,0.12143656611442566,0.8356263637542725,0.015094011090695858,0.0070142559707164764,0.010390317998826504,0.3394875228404999,0.010867208242416382,0.007048951927572489,0.008507242426276207,0.2116076648235321
0007,000354,354,0.16545195877552032,1.1653201580047607,0.11930646747350693,0.8093498349189758,0.015027301385998726,0.007014598231762648,0.010410434566438198,0.3395095467567444,0.01004365086555481,0.007144227623939514,0.007833882234990597,0.211380273103714
0007,000355,355,0.1643146425485611,1.162719964981079,0.11757619678974152,0.7791748642921448,0.01511918194591999,0.00703989015892148,0.01048192661255598,0.33954790234565735,0.010009538382291794,0.007206734735518694,0.007665167097002268,0.210963636636734
0007,000356,356,0.1632360816001892,1.1607038974761963,0.11751848459243774,0.7826436758041382,0.014919725246727467,0.007053712382912636,0.010409546084702015,0.3395503759384155,0.009698565118014812,0.007225511129945517,0.007565074134618044,0.21066050231456757
0007,000357,357,0.16325066983699799,1.162926197052002,0.11991433799266815,0.7756873965263367,0.014801958575844765,0.007065416779369116,0.01035067718476057,0.3395545482635498,0.010340651497244835,0.007429671473801136,0.00787939503788948,0.20980258285999298
0007,000358,358,0.1623125821352005,1.1571800708770752,0.12001248449087143,0.7734794020652771,0.014788605272769928,0.007053485605865717,0.010258115828037262,0.3395540714263916,0.010145886801183224,0.007531160023063421,0.0077054305002093315,0.20922242105007172
0007,000359,359,0.16187788546085358,1.1553473472595215,0.11843173205852509,0.7535701990127563,0.014709122478961945,0.007037959061563015,0.010230951011180878,0.33951812982559204,0.009102273732423782,0.007345269899815321,0.006882918998599052,0.20904463529586792
0007,000360,360,0.16246531903743744,1.1521002054214478,0.11906880140304565,0.7652083039283752,0.014713715761899948,0.006995436269789934,0.010194448754191399,0.33947551250457764,0.009136269800364971,0.00721279252320528,0.007042665965855122,0.20878615975379944
0007,000361,361,0.1625223606824875,1.1465023756027222,0.12072239816188812,0.7603147625923157,0.01475439127534628,0.006992661859840155,0.010187014937400818,0.33944302797317505,0.009445050731301308,0.007254373282194138,0.007085644640028477,0.2081979364156723
0007,000362,362,0.16321653127670288,1.1448568105697632,0.12076929956674576,0.7784261703491211,0.014808639883995056,0.006987129803746939,0.0101902661845088,0.33944544196128845,0.00859221164137125,0.0069575561210513115,0.006662202533334494,0.20836757123470306
0007,000363,363,0.16534200310707092,1.1509696245193481,0.12215705215930939,0.7987042665481567,0.014654380269348621,0.007001811638474464,0.010137580335140228,0.3394050598144531,0.008359226398169994,0.006667970214039087,0.006604400463402271,0.20862235128879547
0007,000364,364,0.1662043333053589,1.1495240926742554,0.11931244283914566,0.7746678590774536,0.0147369634360075,0.007037424482405186,0.010164248757064342,0.3393997848033905,0.008304864168167114,0.006504865363240242,0.0065553574822843075,0.2086944580078125
0007,000365,365,0.16724497079849243,1.1494394540786743,0.12118678539991379,0.7808640003204346,0.014787278138101101,0.0070418077521026134,0.010164669714868069,0.33940818905830383,0.008532571606338024,0.006505906116217375,0.006734276656061411,0.20843857526779175
0007,000366,366,0.1678876131772995,1.1423734426498413,0.12153919786214828,0.789713978767395,0.01472720317542553,0.007042909972369671,0.010076922364532948,0.33940309286117554,0.00795232318341732,0.006332360208034515,0.006427474319934845,0.20855224132537842
0007,000367,367,0.16778439283370972,1.1363179683685303,0.11792665719985962,0.7660306096076965,0.01464054360985756,0.006987444125115871,0.010014252737164497,0.3393990993499756,0.008070538751780987,0.0062291682697832584,0.00651240861043334,0.20858369767665863
0007,000368,368,0.168086439371109,1.126244306564331,0.12271994352340698,0.795465350151062,0.014657649211585522,0.006927124224603176,0.009989848360419273,0.33936554193496704,0.008720142766833305,0.006338563747704029,0.006959861144423485,0.2083148956298828
0007,000369,369,0.16896428167819977,1.1162314414978027,0.12344644963741302,0.7974880933761597,0.014722445048391819,0.00685638515278697,0.010007191449403763,0.3393080234527588,0.008839622139930725,0.006407476030290127,0.00712857348844409,0.2080942541360855
0007,000370,370,0.1706763058900833,1.1164945363998413,0.124086394906044,0.8106706142425537,0.014595774933695793,0.00675598718225956,0.009871887043118477,0.33925995230674744,0.00838426873087883,0.006304128095507622,0.006800383795052767,0.208251953125
0007,000371,371,0.1711551398038864,1.1121677160263062,0.12593570351600647,0.8263576626777649,0.014630269259214401,0.006652111653238535,0.009824785403907299,0.33924779295921326,0.008592875674366951,0.0063062189146876335,0.006995855364948511,0.20828157663345337
0007,000372,372,0.17270658910274506,1.1090152263641357,0.12522663176059723,0.829312264919281,0.014623685739934444,0.006531245075166225,0.009785117581486702,0.3391961455345154,0.008935241959989071,0.006319018080830574,0.007269765716046095,0.20827080309391022
0007,000373,373,0.16891001164913177,1.0885891914367676,0.12414061278104782,0.8403944969177246,0.014523743651807308,0.006457045208662748,0.009773951955139637,0.33913886547088623,0.008871544152498245,0.006239383015781641,0.007306457497179508,0.20857453346252441
0007,000374,374,0.16860178112983704,1.0921878814697266,0.12617497146129608,0.8212563395500183,0.014539625495672226,0.006404958199709654,0.009815373457968235,0.339062362909317,0.010832475498318672,0.006698241923004389,0.008618921972811222,0.20758454501628876
0007,000375,375,0.16916896402835846,1.0898256301879883,0.1252797693014145,0.8169936537742615,0.014559843577444553,0.006369328126311302,0.009808304719626904,0.33901625871658325,0.0093322042375803,0.0067746518179774284,0.007575983181595802,0.20741777122020721
0007,000376,376,0.17028120160102844,1.0951238870620728,0.12736330926418304,0.8302260041236877,0.014616561122238636,0.00635598786175251,0.009795194491744041,0.3390234410762787,0.00900027621537447,0.006768805906176567,0.007307850290089846,0.2072162926197052
0007,000377,377,0.17027826607227325,1.1075987815856934,0.13135913014411926,0.8445850014686584,0.014660102315247059,0.006344083230942488,0.009761320427060127,0.33905723690986633,0.009850552305579185,0.007007385138422251,0.007961424067616463,0.20667599141597748
0007,000378,378,0.17001181840896606,1.1229968070983887,0.13066349923610687,0.8432632088661194,0.01457587443292141,0.0063630081713199615,0.009745709598064423,0.3390794098377228,0.009327597916126251,0.007081301882863045,0.0075400699861347675,0.20644734799861908
0007,000379,379,0.1680629849433899,1.1302071809768677,0.13326625525951385,0.8524278402328491,0.014480731450021267,0.006353085860610008,0.00963289849460125,0.3391054570674896,0.009881637990474701,0.007279024925082922,0.007861326448619366,0.20599119365215302
0007,000380,380,0.16720080375671387,1.1373083591461182,0.13130737841129303,0.8449121713638306,0.014470545575022697,0.006388443987816572,0.009678378701210022,0.33909595012664795,0.009079215116798878,0.007261798717081547,0.007317873649299145,0.2058701068162918
0007,000381,381,0.1657501608133316,1.1374211311340332,0.13184159994125366,0.8539420366287231,0.014467531815171242,0.006449894513934851,0.009668620303273201,0.3390812575817108,0.009307904168963432,0.007320608012378216,0.007542089093476534,0.20555976033210754
0007,000382,382,0.1666281819343567,1.1485176086425781,0.12371931225061417,0.811104416847229,0.014523958787322044,0.0064910706132650375,0.009715911000967026,0.33907896280288696,0.00835462287068367,0.007051067426800728,0.006821144837886095,0.20579524338245392
0007,000383,383,0.16589054465293884,1.1352468729019165,0.12078249454498291,0.8107922673225403,0.014482028782367706,0.006556261330842972,0.009709171950817108,0.3390485346317291,0.007758022751659155,0.006689637899398804,0.006449720822274685,0.20617151260375977
0007,000384,384,0.1659623235464096,1.1307939291000366,0.11926616728305817,0.8095776438713074,0.01462861243635416,0.0066090780310332775,0.009739861823618412,0.33903348445892334,0.007716841995716095,0.006417981348931789,0.0064504495821893215,0.20644930005073547
0007,000385,385,0.1675938218832016,1.122114658355713,0.11714591830968857,0.7994322776794434,0.014761772938072681,0.006626608315855265,0.009670566767454147,0.33904972672462463,0.007947096601128578,0.0062009715475142,0.006601111963391304,0.2068239003419876
0007,000386,386,0.17074738442897797,1.124687910079956,0.11636792868375778,0.7905125617980957,0.014762505888938904,0.0066731637343764305,0.009645753540098667,0.33909687399864197,0.00789342075586319,0.006094302050769329,0.006578952074050903,0.20710092782974243
0007,000387,387,0.17143361270427704,1.115378737449646,0.11699407547712326,0.7986947298049927,0.01482810452580452,0.006659741047769785,0.009528067894279957,0.33912262320518494,0.007538638077676296,0.005972593557089567,0.0063247838988900185,0.20739726722240448
0007,000388,388,0.17357952892780304,1.1094931364059448,0.11747326701879501,0.7984771728515625,0.015156740322709084,0.006596623454242945,0.009526211768388748,0.3391028940677643,0.007921128533780575,0.005885438993573189,0.006468639243394136,0.20767687261104584
0007,000389,389,0.17402306199073792,1.0958443880081177,0.11724726855754852,0.7947083711624146,0.015121016651391983,0.00651615159586072,0.009413419291377068,0.33905869722366333,0.0076928636990487576,0.005739620886743069,0.006329746916890144,0.20797760784626007
0007,000390,390,0.17480596899986267,1.0919891595840454,0.11976832896471024,0.8141934275627136,0.015396111644804478,0.006456367205828428,0.009483810514211655,0.33904099464416504,0.007894495502114296,0.005608442705124617,0.006455686409026384,0.20830030739307404
0007,000391,391,0.17482811212539673,1.082177758216858,0.11927536875009537,0.828671395778656,0.015482563525438309,0.006459815893322229,0.009570852853357792,0.3390384614467621,0.007882056757807732,0.0054666162468492985,0.0065948935225605965,0.2089376151561737
0007,000392,392,0.1756567507982254,1.0740742683410645,0.11549848318099976,0.7815597057342529,0.01581506058573723,0.006487538106739521,0.00969283003360033,0.339018315076828,0.008484349586069584,0.005536951590329409,0.0068846410140395164,0.2089410126209259
0007,000393,393,0.17795495688915253,1.0691933631896973,0.11751966923475266,0.8160212635993958,0.015942538157105446,0.006506322417408228,0.009748684242367744,0.3390088379383087,0.008294768631458282,0.005529263522475958,0.006886662915349007,0.20934072136878967
0007,000394,394,0.18089359998703003,1.0681078433990479,0.12184110283851624,0.8259342908859253,0.016096744686365128,0.006507109850645065,0.009728417731821537,0.33902308344841003,0.008209556341171265,0.005505091045051813,0.006606526207178831,0.20939204096794128
0007,000395,395,0.18248876929283142,1.0674444437026978,0.12345699965953827,0.8197781443595886,0.01615806855261326,0.006498835049569607,0.009681415744125843,0.33903956413269043,0.008918293751776218,0.005638415459543467,0.007077982183545828,0.20894329249858856
0007,000396,396,0.18186572194099426,1.0655713081359863,0.12796948850154877,0.8428654670715332,0.01589023321866989,0.0064361621625721455,0.009533533826470375,0.3390794098377228,0.008356912061572075,0.005598203744739294,0.006647692993283272,0.2088424265384674
0007,000397,397,0.18226931989192963,1.0735228061676025,0.12719780206680298,0.8311920166015625,0.015620389953255653,0.006315100006759167,0.009435556828975677,0.3390407860279083,0.008831867948174477,0.005574787966907024,0.007100402377545834,0.20849813520908356
0007,000398,398,0.18121084570884705,1.076380968093872,0.12696664035320282,0.8630585670471191,0.01543092168867588,0.006210814695805311,0.009405143558979034,0.3390331268310547,0.00879377406090498,0.005588066298514605,0.007358303293585777,0.20859307050704956
0007,000399,399,0.18036895990371704,1.0935871601104736,0.12044352293014526,0.8131512999534607,0.01532819028943777,0.006184686906635761,0.009536920115351677,0.33903348445892334,0.008438707329332829,0.005706077441573143,0.007044504396617413,0.20860248804092407
0007,000400,400,0.17967353761196136,1.1049778461456299,0.11879874020814896,0.8142288327217102,0.015450411476194859,0.006246985401958227,0.009686636738479137,0.33908480405807495,0.008487717248499393,0.0058085802011191845,0.007045750506222248,0.20861652493476868
0007,000401,401,0.17854218184947968,1.1116116046905518,0.12048166990280151,0.8501879572868347,0.015591425821185112,0.006357413716614246,0.009801548905670643,0.33917832374572754,0.008405468426644802,0.005777338519692421,0.007063643541187048,0.2089110165834427
0007,000402,402,0.17736734449863434,1.0988301038742065,0.11767405271530151,0.839878261089325,0.015621757134795189,0.006428635213524103,0.00973184872418642,0.33923736214637756,0.008207655511796474,0.00577648775652051,0.006920002866536379,0.20918120443820953
0007,000403,403,0.17899665236473083,1.0901827812194824,0.11794239282608032,0.8386378288269043,0.01569507084786892,0.006425922270864248,0.009563127532601357,0.33926311135292053,0.007952657528221607,0.005719659850001335,0.006718012038618326,0.2093881517648697
0007,000404,404,0.18001678586006165,1.0860884189605713,0.11788579076528549,0.8312838077545166,0.01590621843934059,0.006424644961953163,0.00962879229336977,0.3393053412437439,0.007950909435749054,0.0056160674430429935,0.00668310048058629,0.20955964922904968
0007,000405,405,0.18195991218090057,1.0890923738479614,0.11459605395793915,0.814529299736023,0.015784164890646935,0.006390888709574938,0.009595130570232868,0.3392571806907654,0.007944964803755283,0.005571496207267046,0.006713235285133123,0.2098449319601059
0007,000406,406,0.18297486007213593,1.0929728746414185,0.11417187005281448,0.801235556602478,0.01577884517610073,0.00636023236438632,0.009577127173542976,0.33917713165283203,0.008054663427174091,0.005561851430684328,0.006672405172139406,0.2100011706352234
0007,000407,407,0.18194711208343506,1.094014048576355,0.11487451940774918,0.8039413690567017,0.01566128060221672,0.006333142518997192,0.009650276042521,0.3390999138355255,0.008492481894791126,0.005620860494673252,0.0069848657585680485,0.2100069224834442
0007,000408,408,0.18052546679973602,1.1022759675979614,0.11519672721624374,0.7917215824127197,0.015676060691475868,0.006322525441646576,0.009754905477166176,0.3390983045101166,0.00917657557874918,0.005819256417453289,0.00748921325430274,0.2097104787826538
0007,000409,409,0.17831209301948547,1.103503942489624,0.12110822647809982,0.8083352446556091,0.015711359679698944,0.006323279347270727,0.00978054478764534,0.3391379415988922,0.010487718507647514,0.006214692257344723,0.008339337073266506,0.2088615447282791
0007,000410,410,0.17834293842315674,1.111284613609314,0.12124644219875336,0.8069068789482117,0.015855945646762848,0.0063878926448524,0.009867784567177296,0.3392038345336914,0.009103139862418175,0.006240644957870245,0.0072968387976288795,0.20866280794143677
0007,000411,411,0.17926804721355438,1.1242735385894775,0.1218235120177269,0.8555479645729065,0.016237985342741013,0.006466588005423546,0.010135195218026638,0.3392500579357147,0.008554656058549881,0.005892072804272175,0.007125572767108679,0.209385484457016
0007,000412,412,0.17997126281261444,1.1321759223937988,0.1164814829826355,0.8135589957237244,0.016247976571321487,0.006517638918012381,0.010341574437916279,0.33922863006591797,0.009150373749434948,0.006016434170305729,0.007657025009393692,0.20929011702537537
0007,000413,413,0.1770288646221161,1.1207687854766846,0.11535494029521942,0.8200556039810181,0.015930205583572388,0.006546624004840851,0.010239153169095516,0.3392505943775177,0.009185651317238808,0.006186922080814838,0.0077513656578958035,0.20928612351417542
0007,000414,414,0.17522713541984558,1.1109191179275513,0.11586164683103561,0.819367527961731,0.015911830589175224,0.006526463199406862,0.01005621999502182,0.33924272656440735,0.008994762785732746,0.006254746578633785,0.0074067250825464725,0.20930087566375732
0007,000415,415,0.17485538125038147,1.1103880405426025,0.11792802065610886,0.8025458455085754,0.015893874689936638,0.00647953012958169,0.010069086216390133,0.3392406702041626,0.010316770523786545,0.006540275644510984,0.008292150683701038,0.20863936841487885
0007,000416,416,0.174312561750412,1.1206140518188477,0.12237224727869034,0.8399323225021362,0.01597500778734684,0.006476693321019411,0.010116392746567726,0.3392474055290222,0.009446528740227222,0.006465008947998285,0.0077482485212385654,0.20868393778800964
0007,000417,417,0.17440997064113617,1.1166805028915405,0.11904295533895493,0.8257871866226196,0.016111163422465324,0.006512531545013189,0.010151173919439316,0.33920198678970337,0.00873266626149416,0.00613328255712986,0.007186662871390581,0.20908811688423157
0007,000418,418,0.17427001893520355,1.1172399520874023,0.1140364333987236,0.798375129699707,0.01630271226167679,0.006592754274606705,0.01036059856414795,0.3392130732536316,0.00907993782311678,0.0060561164282262325,0.0074731940403580666,0.20917710661888123
0007,000419,419,0.1737777590751648,1.1158713102340698,0.11742749810218811,0.8625394105911255,0.01636587455868721,0.006679927930235863,0.010489228181540966,0.3392004072666168,0.00898303184658289,0.005891410168260336,0.007468756288290024,0.2097228467464447
0007,000420,420,0.17091359198093414,1.110779047012329,0.11650758236646652,0.8557330965995789,0.015920238569378853,0.006684538908302784,0.010401034727692604,0.3391379117965698,0.01023187953978777,0.00622726883739233,0.008591671474277973,0.20933376252651215
0007,000421,421,0.16991081833839417,1.1232333183288574,0.11513778567314148,0.8410565853118896,0.015542542561888695,0.006708001717925072,0.010373027063906193,0.33921119570732117,0.010579935275018215,0.006625968497246504,0.008840755559504032,0.20883259177207947
0007,000422,422,0.16769376397132874,1.1268137693405151,0.11512818932533264,0.8237833380699158,0.015495478175580502,0.006736014969646931,0.010422113351523876,0.33923009037971497,0.010453205555677414,0.006941696163266897,0.00869326014071703,0.20826727151870728
0007,000423,423,0.16775396466255188,1.1324713230133057,0.11667602509260178,0.8214548230171204,0.01537017710506916,0.006771778222173452,0.010321949608623981,0.3393038511276245,0.010019032284617424,0.007021081633865833,0.008300951682031155,0.20794165134429932
0007,000424,424,0.16740699112415314,1.131841778755188,0.11496400088071823,0.8004074096679688,0.015382451005280018,0.006831087172031403,0.010317071340978146,0.3392914831638336,0.010075175203382969,0.007169049233198166,0.008350519463419914,0.20751965045928955
0007,000425,425,0.16791951656341553,1.1369889974594116,0.11351405829191208,0.7680556178092957,0.01536907721310854,0.006878834217786789,0.010254361666738987,0.3393395245075226,0.010505453683435917,0.007409399375319481,0.008460521697998047,0.20684008300304413
0007,000426,426,0.1696559637784958,1.1364761590957642,0.11939637362957001,0.8184171915054321,0.015457013621926308,0.0068909483961761,0.010183530859649181,0.33934837579727173,0.009451255202293396,0.007367604877799749,0.00775535125285387,0.2066223919391632
0007,000427,427,0.16970959305763245,1.1288223266601562,0.12295641005039215,0.8628214597702026,0.015400378964841366,0.006876009050756693,0.01006470900028944,0.3393242359161377,0.008516381494700909,0.006939326878637075,0.007079567760229111,0.20697909593582153
0007,000428,428,0.16806940734386444,1.1181342601776123,0.11865474283695221,0.8369560241699219,0.015427599661052227,0.006838396191596985,0.009982805699110031,0.3393794298171997,0.008908720687031746,0.006775026209652424,0.007493254728615284,0.20704486966133118
0007,000429,429,0.16682009398937225,1.1185009479522705,0.11614326387643814,0.8135384917259216,0.015741562470793724,0.006808807607740164,0.01007322408258915,0.33944106101989746,0.009108487516641617,0.006735917180776596,0.007599842734634876,0.20697753131389618
0007,000430,430,0.16507351398468018,1.1228439807891846,0.11616850644350052,0.8165054321289062,0.015649892389774323,0.006822553928941488,0.010072876699268818,0.33946388959884644,0.00944199226796627,0.006844840478152037,0.007958462461829185,0.20678754150867462
0007,000431,431,0.16570140421390533,1.1256263256072998,0.11475767195224762,0.8046537637710571,0.015858223661780357,0.006852360442280769,0.010223808698356152,0.3394591510295868,0.00891684740781784,0.00682569807395339,0.007531570270657539,0.20670060813426971
0007,000432,432,0.16606000065803528,1.1235297918319702,0.11341172456741333,0.8053562641143799,0.01605217158794403,0.006913123652338982,0.01033526286482811,0.3394600450992584,0.00895334780216217,0.006796977482736111,0.007556213065981865,0.2067287117242813
0007,000433,433,0.16810835897922516,1.143701195716858,0.11344744265079498,0.8107229471206665,0.016389906406402588,0.007001856807619333,0.010580656118690968,0.3395255506038666,0.008377144113183022,0.006533737760037184,0.007024155464023352,0.20701266825199127
0007,000434,434,0.1649141013622284,1.1317927837371826,0.11490107327699661,0.819324791431427,0.016100304201245308,0.0071012102998793125,0.01064050942659378,0.3396027684211731,0.00807084608823061,0.006360376253724098,0.006819217931479216,0.20716238021850586
0007,000435,435,0.16659407317638397,1.1350370645523071,0.11480412632226944,0.8185812830924988,0.015889978036284447,0.007121407892554998,0.010486341081559658,0.3396419286727905,0.008052817545831203,0.006183648481965065,0.006845594383776188,0.20735201239585876
0007,000436,436,0.16747912764549255,1.13811194896698,0.11391429603099823,0.8138505220413208,0.015647517517209053,0.007070243824273348,0.010300397872924805,0.33965879678726196,0.008211357519030571,0.006070740055292845,0.00696334196254611,0.20746968686580658
0007,000437,437,0.16760985553264618,1.1441096067428589,0.11292628198862076,0.8147886991500854,0.015508033335208893,0.007009289693087339,0.01029970869421959,0.33960506319999695,0.007950990460813046,0.005973060615360737,0.006802849937230349,0.20772682130336761
0007,000438,438,0.1683349758386612,1.1452592611312866,0.11109331995248795,0.7889571189880371,0.015491464175283909,0.006966729182749987,0.010139603167772293,0.33960825204849243,0.008502475917339325,0.006018371321260929,0.007121400907635689,0.20768235623836517
0007,000439,439,0.1686953902244568,1.1395632028579712,0.11315123736858368,0.7877830862998962,0.0157166738063097,0.0069206454791128635,0.01012555230408907,0.3395971357822418,0.008590771816670895,0.006015005987137556,0.00710506085306406,0.2075701206922531
0007,000440,440,0.16808389127254486,1.1318143606185913,0.11790385097265244,0.8104385137557983,0.015871740877628326,0.006942741107195616,0.010249653831124306,0.33959996700286865,0.00851849652826786,0.006024247966706753,0.007019290700554848,0.20750033855438232
0007,000441,441,0.16720351576805115,1.1378200054168701,0.11810200661420822,0.8129698038101196,0.015834372490644455,0.006979594472795725,0.010398311540484428,0.33957695960998535,0.008146214298903942,0.005937180947512388,0.006754114758223295,0.20759469270706177
0007,000442,442,0.16544917225837708,1.134218454360962,0.11984846740961075,0.8294695615768433,0.015645837411284447,0.00706148287281394,0.010504122823476791,0.33962059020996094,0.008095387369394302,0.005941331852227449,0.006779053248465061,0.20764856040477753
0007,000443,443,0.16232196986675262,1.1176555156707764,0.11930936574935913,0.8414056897163391,0.015342100523412228,0.007128758355975151,0.010406162589788437,0.33973565697669983,0.007559274323284626,0.005783501546829939,0.0064185312949121,0.20806784927845
0007,000444,444,0.16119204461574554,1.1136276721954346,0.11890380829572678,0.8586572408676147,0.015021540224552155,0.007091644685715437,0.010135704651474953,0.3397704064846039,0.007438004016876221,0.005585072562098503,0.006379240192472935,0.2086920291185379
0007,000445,445,0.1620357185602188,1.1168105602264404,0.11619604378938675,0.8331083655357361,0.014752394519746304,0.006992618087679148,0.009932191111147404,0.3397876024246216,0.007778435479849577,0.005580086261034012,0.006666204426437616,0.2087976485490799
0007,000446,446,0.16102196276187897,1.1131610870361328,0.11375448852777481,0.8072787523269653,0.014652379788458347,0.0068674152716994286,0.00981419812887907,0.33973759412765503,0.007813791744410992,0.005642223637551069,0.006621902342885733,0.2088848501443863
0007,000447,447,0.1616518646478653,1.1182650327682495,0.1139059066772461,0.790696918964386,0.014592386782169342,0.006762968376278877,0.009802713058888912,0.339653879404068,0.008300555869936943,0.0057566906325519085,0.007012869231402874,0.20866864919662476
0007,000448,448,0.1610153764486313,1.1097339391708374,0.11358441412448883,0.795099139213562,0.014684061519801617,0.0067168488167226315,0.009776568971574306,0.33957770466804504,0.007613739464432001,0.00563002098351717,0.006440593861043453,0.2090245932340622
0007,000449,449,0.1609138548374176,1.1090400218963623,0.11424277722835541,0.7929690480232239,0.014749460853636265,0.0067403120920062065,0.009805715642869473,0.3395075798034668,0.007260071113705635,0.005534402560442686,0.006166973616927862,0.20925813913345337
0007,000450,450,0.1615976095199585,1.1073577404022217,0.11189427226781845,0.7761284112930298,0.014798459596931934,0.006770513951778412,0.009719263762235641,0.3394725024700165,0.007212930824607611,0.005434094462543726,0.006139655597507954,0.2096162587404251
0007,000451,451,0.1651790291070938,1.1100364923477173,0.11225447058677673,0.7861577868461609,0.01500125601887703,0.006823576055467129,0.009728134609758854,0.3394418954849243,0.007125707343220711,0.005272481124848127,0.006046477239578962,0.21019119024276733
0007,000452,452,0.16866904497146606,1.0997873544692993,0.10991033166646957,0.7435824275016785,0.015308316797018051,0.006822695955634117,0.00963097158819437,0.33939874172210693,0.008133307099342346,0.005312857683748007,0.006745926104485989,0.209993377327919
0007,000453,453,0.17244753241539001,1.0965341329574585,0.11492172628641129,0.7849913835525513,0.015506189316511154,0.006833220366388559,0.009588162414729595,0.33936694264411926,0.007455771788954735,0.005141344387084246,0.006270175334066153,0.2104693353176117
0007,000454,454,0.17320562899112701,1.0875096321105957,0.11516457796096802,0.7781764268875122,0.0157243013381958,0.00681746331974864,0.009589271619915962,0.33937162160873413,0.007970260456204414,0.0052398014813661575,0.006644588895142078,0.2103796899318695
0007,000455,455,0.1749146580696106,1.0852367877960205,0.11799415946006775,0.8017469644546509,0.016016962006688118,0.006801364943385124,0.009680081158876419,0.3393447697162628,0.007624930702149868,0.005203200038522482,0.006342282053083181,0.21052490174770355
0007,000456,456,0.17675372958183289,1.0796959400177002,0.11855532228946686,0.8167226910591125,0.016163097694516182,0.006739037111401558,0.009738598018884659,0.33932915329933167,0.0076978434808552265,0.00510247191414237,0.006486293859779835,0.21090833842754364
0007,000457,457,0.17783008515834808,1.0817654132843018,0.1171400174498558,0.8081513047218323,0.01623927615582943,0.006734782364219427,0.009847781620919704,0.33939412236213684,0.008036773651838303,0.0051570916548371315,0.006755447946488857,0.21099621057510376
0007,000458,458,0.17506760358810425,1.0629974603652954,0.11883165687322617,0.813840389251709,0.01611696183681488,0.006704861763864756,0.009790672920644283,0.3393115997314453,0.007771817501634359,0.005134609527885914,0.006399780977517366,0.21118372678756714
0007,000459,459,0.17625482380390167,1.069635033607483,0.11720681190490723,0.7881413698196411,0.015887806192040443,0.006638282909989357,0.009646501392126083,0.3393213450908661,0.00810327846556902,0.005211859010159969,0.006668461486697197,0.2110743522644043
0007,000460,460,0.1754278838634491,1.0677196979522705,0.11823372542858124,0.7806439399719238,0.015750702470541,0.006592920515686274,0.009586678817868233,0.3393641412258148,0.008258674293756485,0.005333959124982357,0.006724571343511343,0.21091529726982117
0007,000461,461,0.17501480877399445,1.0694587230682373,0.1219007596373558,0.8099143505096436,0.01593509316444397,0.006635203957557678,0.009630178101360798,0.33944064378738403,0.008067556656897068,0.0053614960052073,0.006755099631845951,0.21094749867916107
0007,000462,462,0.17577140033245087,1.0770996809005737,0.1233307421207428,0.8267493844032288,0.01613367348909378,0.006675410084426403,0.0096796415746212,0.3394915461540222,0.007385297678411007,0.005260186735540628,0.0062385243363678455,0.21125511825084686
0007,000463,463,0.1738724261522293,1.0859156847000122,0.12163551151752472,0.8243498206138611,0.01596899703145027,0.0066809640266001225,0.009719124995172024,0.3395589292049408,0.007705370895564556,0.005304183345288038,0.006519058719277382,0.2114492654800415
0007,000464,464,0.17191532254219055,1.102062702178955,0.120086170732975,0.8260056376457214,0.016000499948859215,0.006717159878462553,0.00980438943952322,0.339595764875412,0.007588423788547516,0.005173709709197283,0.006476379465311766,0.2119787037372589
0007,000465,465,0.16922010481357574,1.1025584936141968,0.11670936644077301,0.8079186677932739,0.01596343144774437,0.006738698575645685,0.009751912206411362,0.3396679759025574,0.007692025043070316,0.005146639421582222,0.006515198387205601,0.21240051090717316
0007,000466,466,0.16956382989883423,1.1166620254516602,0.11570872366428375,0.7942810654640198,0.01592661254107952,0.006776032503694296,0.009821472689509392,0.3397326171398163,0.008553766645491123,0.005339889321476221,0.007256647571921349,0.21232089400291443
0007,000467,467,0.16913482546806335,1.1201601028442383,0.11697565019130707,0.7952561974525452,0.01594923622906208,0.00684598321095109,0.009907403029501438,0.33981284499168396,0.00889268796890974,0.005570224020630121,0.007479663006961346,0.21215924620628357
0007,000468,468,0.1693049818277359,1.1201717853546143,0.1161922961473465,0.807058572769165,0.01598331332206726,0.006882855203002691,0.009914467111229897,0.3397836685180664,0.0080920634791255,0.005549360997974873,0.006879571359604597,0.21259687840938568
0007,000469,469,0.1703987717628479,1.1264164447784424,0.1129404604434967,0.8127985000610352,0.016010217368602753,0.006901716347783804,0.009959165938198566,0.33979353308677673,0.008648059330880642,0.005650817882269621,0.007397290784865618,0.21292243897914886
0007,000470,470,0.17060232162475586,1.128934383392334,0.11042606830596924,0.7871840000152588,0.01594550535082817,0.006893098820000887,0.009946335107088089,0.33980414271354675,0.008970307186245918,0.005832946393638849,0.00745878042653203,0.2129247933626175
0007,000471,471,0.1720195710659027,1.135373592376709,0.1085316464304924,0.7685403227806091,0.01604507677257061,0.00689712492749095,0.009972922503948212,0.3397918939590454,0.00923123862594366,0.006058167666196823,0.007675871718674898,0.21275493502616882
0007,000472,472,0.17255531251430511,1.1329065561294556,0.10866625607013702,0.7540802359580994,0.016232725232839584,0.006899301894009113,0.010085958056151867,0.3397582471370697,0.009733910672366619,0.006293690763413906,0.007918944582343102,0.21244899928569794
0007,000473,473,0.1712813824415207,1.1285514831542969,0.11045738309621811,0.7681215405464172,0.016007516533136368,0.00687261950224638,0.010082540102303028,0.3396936058998108,0.009726063348352909,0.006424006074666977,0.007798940408974886,0.2123538702726364
0007,000474,474,0.16984151303768158,1.1306346654891968,0.11321582645177841,0.7573055624961853,0.015821028500795364,0.006808820646256208,0.010028744116425514,0.3396005630493164,0.011419069021940231,0.006875018123537302,0.008854572661221027,0.2113223522901535
0007,000475,475,0.16917602717876434,1.127951979637146,0.11309237033128738,0.737235963344574,0.01576067879796028,0.006781802978366613,0.010111344046890736,0.33953917026519775,0.010458854958415031,0.007071764208376408,0.008104583248496056,0.210806742310524
0007,000476,476,0.16683535277843475,1.1316317319869995,0.11125333607196808,0.7318544983863831,0.015600472688674927,0.0067877271212637424,0.010170725174248219,0.3394966125488281,0.009817848913371563,0.0069904690608382225,0.007703383918851614,0.2106844037771225
0007,000477,477,0.16330291330814362,1.1205796003341675,0.11364103853702545,0.765510082244873,0.015411267057061195,0.006790297571569681,0.010074999183416367,0.3394619822502136,0.00975689198821783,0.006928586401045322,0.007899823598563671,0.21063004434108734
0007,000478,478,0.16338235139846802,1.1170984506607056,0.11152533441781998,0.7520355582237244,0.015384916216135025,0.006809718906879425,0.010060524567961693,0.33939385414123535,0.010179140605032444,0.007071271073073149,0.008319948799908161,0.21021205186843872
0007,000479,479,0.16605398058891296,1.1178929805755615,0.11708622425794601,0.8022976517677307,0.015497562475502491,0.006802234333008528,0.010056791827082634,0.3393670618534088,0.008887012489140034,0.006743974983692169,0.0072979493997991085,0.210421621799469
0007,000480,480,0.16872258484363556,1.1121885776519775,0.11889053136110306,0.8078173398971558,0.015435956418514252,0.006772385910153389,0.009989357553422451,0.3393404483795166,0.009607290849089622,0.006712000351399183,0.007882576435804367,0.21014416217803955
0007,000481,481,0.17098470032215118,1.1014095544815063,0.1214635893702507,0.8384324908256531,0.015200615860521793,0.00670111458748579,0.009823636151850224,0.33927440643310547,0.008810015395283699,0.006519516464322805,0.007358224596828222,0.21023684740066528
0007,000482,482,0.17212404310703278,1.0907810926437378,0.11961066722869873,0.8354196548461914,0.015140335075557232,0.00662674056366086,0.009864929132163525,0.3391726613044739,0.008453918620944023,0.00636254483833909,0.0071430387906730175,0.2103869616985321
0007,000483,483,0.17274954915046692,1.0789858102798462,0.11885722726583481,0.8411471247673035,0.015193942002952099,0.006556290667504072,0.009815650060772896,0.3391299247741699,0.008297748863697052,0.006179080344736576,0.007095435168594122,0.21066905558109283
0007,000484,484,0.17323994636535645,1.0823355913162231,0.11681912839412689,0.8378673195838928,0.015191723592579365,0.00649393443018198,0.009862077422440052,0.3390829861164093,0.008550859056413174,0.006033804267644882,0.007250746712088585,0.21101407706737518
0007,000485,485,0.17282001674175262,1.0778313875198364,0.11522079259157181,0.8067448139190674,0.01528655644506216,0.006462235935032368,0.009919061325490475,0.3390282392501831,0.009540431201457977,0.0062183416448533535,0.007951416075229645,0.21064408123493195
0007,000486,486,0.17396897077560425,1.083064317703247,0.11661244928836823,0.796707272529602,0.015375534072518349,0.006461089476943016,0.009964416734874249,0.33898237347602844,0.009860185906291008,0.006438971031457186,0.007954317145049572,0.21020430326461792
0007,000487,487,0.17409805953502655,1.0837490558624268,0.11875005066394806,0.803569495677948,0.015433307737112045,0.00650068512186408,0.01005743257701397,0.33898285031318665,0.009887611493468285,0.006626186892390251,0.007923545315861702,0.20985189080238342
0007,000488,488,0.17422662675380707,1.0849541425704956,0.11942750215530396,0.7791728377342224,0.01552673801779747,0.00657117273658514,0.010101661086082458,0.33899199962615967,0.009803381748497486,0.006792009808123112,0.007821131497621536,0.2093437910079956
0007,000489,489,0.17429356276988983,1.085886001586914,0.12279747426509857,0.8058476448059082,0.01554583664983511,0.006637646351009607,0.010023017413914204,0.33905574679374695,0.008778829127550125,0.006642465479671955,0.007087887730449438,0.20927627384662628
0007,000490,490,0.1756303310394287,1.089906096458435,0.12642793357372284,0.8288518190383911,0.015747057273983955,0.0066847968846559525,0.01005785446614027,0.33907607197761536,0.008808469399809837,0.0065106903202831745,0.007171933073550463,0.20920702815055847
0007,000491,491,0.1765051782131195,1.097463607788086,0.12756861746311188,0.8591174483299255,0.015948336571455002,0.006733843591064215,0.01012664008885622,0.33913132548332214,0.008438343182206154,0.0061678835190832615,0.006937575526535511,0.20963184535503387
0007,000492,492,0.1771906465291977,1.1073356866836548,0.12781652808189392,0.8439235091209412,0.015964826568961143,0.006741895340383053,0.010090479627251625,0.33918067812919617,0.009540416300296783,0.006226219702512026,0.007634091656655073,0.2092503309249878
0007,000493,493,0.1768515259027481,1.1153125762939453,0.12663865089416504,0.8681032061576843,0.01597306691110134,0.006741963326931,0.010214935056865215,0.339145302772522,0.008430934511125088,0.006007657386362553,0.007022018078714609,0.20957176387310028
0007,000494,494,0.17756225168704987,1.1335656642913818,0.12530425190925598,0.8549627661705017,0.015931924805045128,0.006750505417585373,0.010287189856171608,0.33916401863098145,0.00851612538099289,0.00584669504314661,0.0070357369258999825,0.20984719693660736
0007,000495,495,0.17670005559921265,1.147818922996521,0.12480146437883377,0.8725598454475403,0.015941832214593887,0.0067494395188987255,0.010359304025769234,0.33914676308631897,0.008739952929317951,0.005798878613859415,0.007511639501899481,0.210102841258049
0007,000496,496,0.17475154995918274,1.1544926166534424,0.12368416041135788,0.8710953593254089,0.0157939400523901,0.006812357809394598,0.010522430762648582,0.33919039368629456,0.009135217405855656,0.005866120103746653,0.007855282165110111,0.21018704771995544
0007,000497,497,0.17524801194667816,1.1694765090942383,0.12080051004886627,0.8443342447280884,0.015620389021933079,0.006877600215375423,0.010511064901947975,0.33928948640823364,0.011085033416748047,0.006364257540553808,0.009409686550498009,0.20965489745140076
0007,000498,498,0.17429228127002716,1.1671440601348877,0.12015249580144882,0.8097545504570007,0.01574583724141121,0.006957042030990124,0.01049545593559742,0.339303195476532,0.010491031222045422,0.006710369139909744,0.008669758215546608,0.20918074250221252
0007,000499,499,0.17290619015693665,1.1536558866500854,0.12133342772722244,0.81486976146698,0.015916256234049797,0.007052273023873568,0.01041597593575716,0.33937937021255493,0.010254993103444576,0.006951911374926567,0.008454662747681141,0.20888909697532654
0007,000500,500,0.172674760222435,1.1435258388519287,0.12165229022502899,0.8358844518661499,0.01608141139149666,0.007102034520357847,0.010418257676064968,0.3393876254558563,0.009109532460570335,0.0067652082070708275,0.007555779069662094,0.20912481844425201
0007,000501,501,0.17245113849639893,1.1453933715820312,0.11983084678649902,0.8210553526878357,0.01617295853793621,0.007158278487622738,0.010448279790580273,0.33947286009788513,0.00979352556169033,0.006864326074719429,0.008045564405620098,0.2088545560836792
0007,000502,502,0.1730498969554901,1.1411082744598389,0.12564030289649963,0.8810924291610718,0.016375737264752388,0.007119521498680115,0.010322051122784615,0.33954018354415894,0.008939762599766254,0.0066400268115103245,0.007384215947240591,0.20911186933517456
0007,000503,503,0.17299748957157135,1.1390408277511597,0.12204079329967499,0.8663089871406555,0.016421953216195107,0.007085771765559912,0.010234348475933075,0.3395824730396271,0.009191516786813736,0.006499219220131636,0.007601627614349127,0.20921529829502106
0007,000504,504,0.17182429134845734,1.1437947750091553,0.12094099074602127,0.8465945720672607,0.016211198642849922,0.007111075799912214,0.010240642353892326,0.33969053626060486,0.009377795271575451,0.0065519060008227825,0.007743161171674728,0.2090473175048828
0007,000505,505,0.1692395657300949,1.1314388513565063,0.12109102308750153,0.8513225317001343,0.016242094337940216,0.0070972745306789875,0.01017492264509201,0.33973580598831177,0.008627070114016533,0.006438639480620623,0.007149001583456993,0.2091449648141861
0007,000506,506,0.1696958839893341,1.1398855447769165,0.12112681567668915,0.8311211466789246,0.01609998382627964,0.007089921738952398,0.01010720431804657,0.3397843837738037,0.009501942433416843,0.006568888667970896,0.007668947335332632,0.20874430239200592
0007,000507,507,0.17138336598873138,1.1527745723724365,0.11997918784618378,0.8063175082206726,0.0162639357149601,0.007054464891552925,0.010050109587609768,0.33982402086257935,0.009629018604755402,0.006702403537929058,0.007756237871944904,0.2082444280385971
0007,000508,508,0.17170748114585876,1.1437029838562012,0.11901894211769104,0.7884828448295593,0.0163120124489069,0.00700409384444356,0.009956169873476028,0.3397953510284424,0.009587121196091175,0.006780761759728193,0.007714386563748121,0.20777955651283264
0007,000509,509,0.1720859855413437,1.1198137998580933,0.12396939843893051,0.8127300143241882,0.016693683341145515,0.006920541636645794,0.009952240623533726,0.3397553861141205,0.00886573363095522,0.006564863957464695,0.007037672679871321,0.20770393311977386
0007,000510,510,0.17247499525547028,1.0916392803192139,0.12474542111158371,0.813244104385376,0.016511738300323486,0.006806693039834499,0.00971787329763174,0.3397020995616913,0.008867581374943256,0.0063217100687325,0.006901880260556936,0.20772729814052582
0007,000511,511,0.17306499183177948,1.0790449380874634,0.12527526915073395,0.8217858672142029,0.01606740802526474,0.006707226857542992,0.009502923116087914,0.3396150767803192,0.00863558892160654,0.006157029885798693,0.006987533997744322,0.2077966183423996
0007,000512,512,0.1728428453207016,1.0717073678970337,0.12293724715709686,0.8086855411529541,0.016104184091091156,0.0065153613686561584,0.009426814503967762,0.3395395576953888,0.008635809645056725,0.006136240903288126,0.006967682857066393,0.20770730078220367
0007,000513,513,0.16973714530467987,1.0516420602798462,0.12486237287521362,0.8469213843345642,0.015940072014927864,0.006379535887390375,0.009313377551734447,0.3394487798213959,0.007762724068015814,0.005771149415522814,0.006463850848376751,0.2082407921552658
0007,000514,514,0.1689712107181549,1.0462275743484497,0.12233144044876099,0.834151566028595,0.015795763581991196,0.006325220689177513,0.009307648986577988,0.33929330110549927,0.008081215433776379,0.005727136041969061,0.006745805032551289,0.20840886235237122
0007,000515,515,0.16825847327709198,1.0390849113464355,0.1217845007777214,0.8203564286231995,0.01566421054303646,0.00629676878452301,0.009292134083807468,0.3392244279384613,0.00826264452189207,0.005637267138808966,0.006794572342187166,0.20855195820331573
0007,000516,516,0.17048288881778717,1.0531257390975952,0.12157579511404037,0.8047671914100647,0.015614917501807213,0.006254877895116806,0.009372556582093239,0.3391713500022888,0.008725522086024284,0.005683924537152052,0.007068523671478033,0.20835810899734497
0007,000517,517,0.17022232711315155,1.0523715019226074,0.12235186249017715,0.8112253546714783,0.015658557415008545,0.006258967332541943,0.009450745768845081,0.3391401171684265,0.008527002297341824,0.005771677475422621,0.007017302326858044,0.20822519063949585
0007,000518,518,0.17130891978740692,1.0607157945632935,0.1228821873664856,0.8229159116744995,0.015575842931866646,0.006246180739253759,0.009473385289311409,0.3391302227973938,0.008167839609086514,0.005698309279978275,0.0067649828270077705,0.2084425687789917
0007,000519,519,0.17176085710525513,1.0785409212112427,0.12110842764377594,0.804395318031311,0.01537722535431385,0.0062439353205263615,0.009484215639531612,0.3391818702220917,0.007581708952784538,0.005519393365830183,0.006267915945500135,0.20870740711688995
0007,000520,520,0.17110635340213776,1.0848344564437866,0.11972547322511673,0.7824172973632812,0.015389722771942616,0.006264930125325918,0.009409367106854916,0.33923572301864624,0.007615336682647467,0.005467554088681936,0.006276276428252459,0.2087242752313614
0007,000521,521,0.1717325747013092,1.078259825706482,0.12337753176689148,0.8154569864273071,0.015591132454574108,0.00627882219851017,0.009383236058056355,0.339252769947052,0.0075591434724628925,0.005361800082027912,0.006245377007871866,0.20902682840824127
0007,000522,522,0.17256712913513184,1.068377137184143,0.12105569988489151,0.8012204170227051,0.01594344526529312,0.0062751988880336285,0.009375100024044514,0.33920758962631226,0.007986822165548801,0.005341778974980116,0.006565010640770197,0.20918363332748413
0007,000523,523,0.17285117506980896,1.0514670610427856,0.11966816335916519,0.790452778339386,0.01614905521273613,0.00629203487187624,0.009387594647705555,0.3392048478126526,0.007929629646241665,0.0053464677184820175,0.006544763222336769,0.20917510986328125
0007,000524,524,0.1742744892835617,1.0512559413909912,0.11979255080223083,0.7957113981246948,0.016195613890886307,0.0063362931832671165,0.009406027384102345,0.33922049403190613,0.007371839601546526,0.005136570893228054,0.006020728033035994,0.20964929461479187
0007,000525,525,0.1741345226764679,1.0456492900848389,0.12036660313606262,0.8020665645599365,0.016056032851338387,0.0063339415937662125,0.009322787635028362,0.3392266631126404,0.0075431582517921925,0.005101077724248171,0.006174425128847361,0.20986931025981903
0007,000526,526,0.1742326021194458,1.045863389968872,0.11836135387420654,0.7953487634658813,0.015961987897753716,0.006338855251669884,0.00931122899055481,0.3392437994480133,0.007357116788625717,0.004989600274711847,0.006007334217429161,0.21033906936645508
0007,000527,527,0.17411135137081146,1.0504924058914185,0.11831627786159515,0.805153489112854,0.016037968918681145,0.006357977632433176,0.009377775713801384,0.3392980694770813,0.00742345442995429,0.0048848227597773075,0.00608065677806735,0.21079851686954498
0007,000528,528,0.17296399176120758,1.058994174003601,0.11609021574258804,0.7908623218536377,0.015998078510165215,0.006402758415788412,0.009455112740397453,0.33935484290122986,0.008103798143565655,0.004924202803522348,0.006590704433619976,0.21111983060836792
0007,000529,529,0.1751474291086197,1.073225736618042,0.11675569415092468,0.7883940935134888,0.015895497053861618,0.006411403883248568,0.009520534425973892,0.33929041028022766,0.008198019117116928,0.005004822742193937,0.006707584951072931,0.21125636994838715
0007,000530,530,0.1748875379562378,1.0681114196777344,0.11407285928726196,0.7689208388328552,0.015815317630767822,0.006464705336838961,0.009521406143903732,0.33926138281822205,0.007797655183821917,0.005004791542887688,0.006383583880960941,0.21162015199661255
0007,000531,531,0.17526471614837646,1.0673372745513916,0.11224212497472763,0.7512805461883545,0.015663955360651016,0.006496581248939037,0.009373808279633522,0.3392896354198456,0.007597052957862616,0.005009869113564491,0.006231693550944328,0.21182891726493835
0007,000532,532,0.17603324353694916,1.0684130191802979,0.11381609737873077,0.7737491726875305,0.01562027633190155,0.006538666784763336,0.009339890442788601,0.3393241763114929,0.007819175720214844,0.005091982427984476,0.006474690977483988,0.21206913888454437
0007,000533,533,0.17698878049850464,1.075416088104248,0.11243154108524323,0.7634401321411133,0.015745429322123528,0.006582760252058506,0.00931287370622158,0.33936408162117004,0.0075179701671004295,0.0051149711944162846,0.0061585973016917706,0.21229705214500427
0007,000534,534,0.17600123584270477,1.07945716381073,0.11538077145814896,0.7906957268714905,0.01572370156645775,0.006626442540436983,0.009345419704914093,0.33937662839889526,0.0074108862318098545,0.005048019345849752,0.006030778866261244,0.21268092095851898
0007,000535,535,0.17606128752231598,1.0901927947998047,0.11636064946651459,0.7882993221282959,0.015496387146413326,0.006621621549129486,0.009245735593140125,0.33945485949516296,0.008077457547187805,0.005177169106900692,0.0065130814909935,0.21262893080711365
0007,000536,536,0.17449790239334106,1.093784213066101,0.11541157215833664,0.7729966640472412,0.015531015582382679,0.006653050426393747,0.009240033105015755,0.33950603008270264,0.007525244727730751,0.005179004743695259,0.006026803515851498,0.21274228394031525
0007,000537,537,0.17342859506607056,1.0968726873397827,0.11605527251958847,0.7665116786956787,0.015705188736319542,0.006650846917182207,0.009215484373271465,0.339549720287323,0.007587869185954332,0.005176848266273737,0.005990815814584494,0.2127506583929062
0007,000538,538,0.17312920093536377,1.0906774997711182,0.11535055190324783,0.7569758892059326,0.01569831185042858,0.006642987951636314,0.009225054644048214,0.33954206109046936,0.007714457809925079,0.005171399097889662,0.006189385894685984,0.21272337436676025
0007,000539,539,0.17421987652778625,1.0906555652618408,0.11774452775716782,0.773237407207489,0.01559383049607277,0.006669278722256422,0.009145548567175865,0.339544415473938,0.007385984994471073,0.005113247781991959,0.005999571178108454,0.21295714378356934
0007,000540,540,0.1765785962343216,1.0949375629425049,0.11851692944765091,0.761536717414856,0.01559503935277462,0.00666101323440671,0.009200884029269218,0.33954352140426636,0.007503898814320564,0.0051506077870726585,0.006028217729181051,0.2128572016954422
0007,000541,541,0.17666278779506683,1.0911271572113037,0.11666156351566315,0.7572824358940125,0.015546155162155628,0.006635006051510572,0.009199938736855984,0.3395623564720154,0.007177605759352446,0.005049809347838163,0.005872052162885666,0.21308529376983643
0007,000542,542,0.17817506194114685,1.095982551574707,0.11714594811201096,0.7537550926208496,0.015528694726526737,0.006632381118834019,0.009218606166541576,0.3395785689353943,0.0074838981963694096,0.005064075347036123,0.006012630183249712,0.21310849487781525
0007,000543,543,0.17738263309001923,1.0885707139968872,0.11886029690504074,0.7735724449157715,0.015546023845672607,0.006625960115343332,0.009199964813888073,0.3395985960960388,0.0075340778566896915,0.00503478292375803,0.006086951121687889,0.21334411203861237
0007,000544,544,0.17850901186466217,1.0908139944076538,0.11787330359220505,0.7664661407470703,0.01562981866300106,0.006636736448854208,0.009247947484254837,0.3395490050315857,0.00786843802779913,0.005090929102152586,0.006310390308499336,0.21338976919651031
0007,000545,545,0.17777176201343536,1.0848546028137207,0.11833439767360687,0.7574650645256042,0.015581855550408363,0.006648275535553694,0.0092144925147295,0.33960145711898804,0.008020171895623207,0.005161238834261894,0.006322324741631746,0.21334554255008698
0007,000546,546,0.17795953154563904,1.0872201919555664,0.11891007423400879,0.790953516960144,0.015532621182501316,0.006638046354055405,0.009169386699795723,0.3396441340446472,0.007523211184889078,0.005053156521171331,0.006136654876172543,0.21375524997711182
0007,000547,547,0.17581766843795776,1.0846065282821655,0.11737783253192902,0.7777408361434937,0.015441346913576126,0.006629129406064749,0.009233372285962105,0.3395817279815674,0.008081928826868534,0.005126269534230232,0.006516060326248407,0.21368488669395447
0007,000548,548,0.17510256171226501,1.0803416967391968,0.11706634610891342,0.7670899033546448,0.015458645299077034,0.006634742487221956,0.009239333681762218,0.33956843614578247,0.008380705490708351,0.005300571210682392,0.006593059282749891,0.213598370552063
0007,000549,549,0.1754985898733139,1.0847382545471191,0.11528993397951126,0.7601354718208313,0.015494806692004204,0.006660893559455872,0.009274628013372421,0.3395964205265045,0.008371003903448582,0.0054811956360936165,0.0066772885620594025,0.21343299746513367
0007,000550,550,0.17473915219306946,1.0828272104263306,0.11738733947277069,0.7701194286346436,0.015532074496150017,0.006701882928609848,0.009238898754119873,0.33962947130203247,0.008827636018395424,0.005740064196288586,0.006859154440462589,0.21307799220085144
0007,000551,551,0.1750570684671402,1.0821603536605835,0.11666364222764969,0.764605700969696,0.015598932281136513,0.006745095364749432,0.009225261397659779,0.3396588861942291,0.008702278137207031,0.005918131209909916,0.006842910312116146,0.2127583622932434
0007,000552,552,0.1763487458229065,1.079450011253357,0.11954236030578613,0.7998772859573364,0.01575206033885479,0.0067496211268007755,0.009256146848201752,0.33965983986854553,0.007956404238939285,0.005771373864263296,0.006334464531391859,0.21305832266807556
0007,000553,553,0.17671900987625122,1.0728187561035156,0.11922571808099747,0.8035315275192261,0.015858903527259827,0.006747258827090263,0.009212261065840721,0.3396768867969513,0.007618813309818506,0.0055802566930651665,0.006105367559939623,0.21337907016277313
0007,000554,554,0.17798127233982086,1.0798468589782715,0.11690594255924225,0.7833137512207031,0.015935417264699936,0.0067400275729596615,0.00929501373320818,0.3396945893764496,0.007784466724842787,0.005542165134102106,0.00626847380772233,0.21333889663219452
0007,000555,555,0.17953357100486755,1.0895546674728394,0.11871682852506638,0.78232741355896,0.015811681747436523,0.006754789501428604,0.009318429976701736,0.3396477997303009,0.008370773866772652,0.00565828662365675,0.006627976894378662,0.21310320496559143
0007,000556,556,0.17786450684070587,1.0800150632858276,0.1214417815208435,0.7863592505455017,0.01573558710515499,0.006756816059350967,0.009215052239596844,0.339707612991333,0.009277177043259144,0.0059523326344788074,0.007157226093113422,0.21241000294685364
0007,000557,557,0.17781725525856018,1.0820543766021729,0.1198086366057396,0.768196702003479,0.0158185213804245,0.006680403370410204,0.009267657063901424,0.3396584987640381,0.009646273218095303,0.006190849468111992,0.0075080920942127705,0.21175657212734222
0007,000558,558,0.1774647831916809,1.0783718824386597,0.11774758994579315,0.7559407949447632,0.01579986698925495,0.006641597021371126,0.009259524755179882,0.33968254923820496,0.008957496844232082,0.006233955267816782,0.007131410762667656,0.21154572069644928
0007,000559,559,0.1763482242822647,1.0691055059432983,0.11748292297124863,0.7553437948226929,0.015866972506046295,0.006604164373129606,0.009215149097144604,0.3396797478199005,0.008571464568376541,0.006276348140090704,0.006857943721115589,0.21146880090236664
0007,000560,560,0.17796534299850464,1.0782138109207153,0.11604088544845581,0.7544421553611755,0.016049567610025406,0.006543665658682585,0.009336385875940323,0.3396278917789459,0.008240067400038242,0.006233984604477882,0.006634821649640799,0.21145665645599365
0007,000561,561,0.17850171029567719,1.0822341442108154,0.11680428683757782,0.762168824672699,0.015937479212880135,0.006494211498647928,0.009272162802517414,0.33959269523620605,0.008484726771712303,0.006211728323251009,0.006739397067576647,0.21130137145519257
0007,000562,562,0.17885679006576538,1.0805102586746216,0.11744508147239685,0.7800231575965881,0.015701958909630775,0.006437476258724928,0.009192584082484245,0.3395687937736511,0.007810121867805719,0.006032584700733423,0.006311097182333469,0.21147650480270386
0007,000563,563,0.17832885682582855,1.083734393119812,0.11859992146492004,0.7737525105476379,0.015732809901237488,0.0064067477360367775,0.009211734868586063,0.33952975273132324,0.008468907326459885,0.006089658476412296,0.006724906619638205,0.21111412346363068
0007,000564,564,0.1772802770137787,1.0808066129684448,0.11847729980945587,0.7841910719871521,0.01547715999186039,0.006372006610035896,0.009106782265007496,0.3394973576068878,0.008020870387554169,0.006040314212441444,0.006472326815128326,0.21108867228031158
0007,000565,565,0.1784721314907074,1.0841444730758667,0.11862213164567947,0.7893451452255249,0.015344315208494663,0.006361880339682102,0.009049452841281891,0.33948203921318054,0.0075611937791109085,0.005900206509977579,0.006116160657256842,0.2111624926328659
0007,000566,566,0.17805249989032745,1.0807911157608032,0.11971215158700943,0.7846875786781311,0.015242264606058598,0.00631921598687768,0.008971710689365864,0.3394545316696167,0.007805019151419401,0.005889439955353737,0.006184746045619249,0.21094493567943573
0007,000567,567,0.17915990948677063,1.0830600261688232,0.12273209542036057,0.8086528778076172,0.015275690704584122,0.006288175005465746,0.008978239260613918,0.3394416272640228,0.007329828571528196,0.005761370528489351,0.005862477235496044,0.21105779707431793
0007,000568,568,0.17951828241348267,1.084551215171814,0.11982135474681854,0.8067403435707092,0.015208116732537746,0.006271299906075001,0.008917588740587234,0.3394272029399872,0.006937157828360796,0.005499305669218302,0.005616084672510624,0.21144959330558777
0007,000569,569,0.18030831217765808,1.0854424238204956,0.1197061762213707,0.7907748818397522,0.015236188657581806,0.006247851997613907,0.008920401334762573,0.33937904238700867,0.007285372819751501,0.0054851435124874115,0.005841993726789951,0.21127714216709137
0007,000570,570,0.18095676600933075,1.0863310098648071,0.11890211701393127,0.7877047657966614,0.015240051783621311,0.006219509989023209,0.008915050886571407,0.3393574655056,0.007101039402186871,0.005411209538578987,0.005710209254175425,0.21136316657066345
0007,000571,571,0.18150030076503754,1.087626338005066,0.11837659031152725,0.781904935836792,0.015178532339632511,0.00619164714589715,0.00891114491969347,0.3393523097038269,0.007334782741963863,0.005367083940654993,0.005835183430463076,0.2113807052373886
0007,000572,572,0.18177789449691772,1.089982509613037,0.11620567739009857,0.7598239779472351,0.015051580034196377,0.006204898934811354,0.008878706954419613,0.3393509089946747,0.007375277578830719,0.005352504085749388,0.005923588294535875,0.21125614643096924
0007,000573,573,0.18138128519058228,1.0924042463302612,0.11632341146469116,0.755326509475708,0.014768416061997414,0.006220960523933172,0.00879235751926899,0.3393569886684418,0.007712462451308966,0.005417002364993095,0.006147120147943497,0.21105775237083435
0007,000574,574,0.18097630143165588,1.0945521593093872,0.11490953713655472,0.7462928891181946,0.01454694289714098,0.00628555566072464,0.008760862983763218,0.33941319584846497,0.007373900152742863,0.00542151415720582,0.005934958346188068,0.2110978364944458
0007,000575,575,0.18047887086868286,1.0961015224456787,0.11704161018133163,0.7543096542358398,0.014360842294991016,0.006350484676659107,0.00872674211859703,0.3394646942615509,0.007693465333431959,0.005511425901204348,0.006194863934069872,0.21092692017555237
0007,000576,576,0.17963667213916779,1.0914949178695679,0.11500151455402374,0.7419466972351074,0.014198841527104378,0.006397303659468889,0.008663318119943142,0.33951565623283386,0.007360932882875204,0.005535377189517021,0.005899916868656874,0.21090498566627502
0007,000577,577,0.17999128997325897,1.0950038433074951,0.1157856434583664,0.7508161067962646,0.014235522598028183,0.006415784824639559,0.008713499642908573,0.3395146429538727,0.0072239539586007595,0.005521148908883333,0.005754000972956419,0.21096377074718475
0007,000578,578,0.17912311851978302,1.0831780433654785,0.11458630114793777,0.736322820186615,0.014347321353852749,0.00638731149956584,0.008732855319976807,0.3395178020000458,0.0077277603559195995,0.005563938524574041,0.005967431701719761,0.2107660472393036
0007,000579,579,0.18135125935077667,1.0866543054580688,0.11662398278713226,0.7492374777793884,0.01467761117964983,0.006339872255921364,0.008873913437128067,0.3395337760448456,0.007664520293474197,0.005522261373698711,0.005880225915461779,0.21069352328777313
0007,000580,580,0.18179912865161896,1.089023232460022,0.11998070031404495,0.7645118236541748,0.014662672765552998,0.00631764717400074,0.008900217711925507,0.3395202159881592,0.007974584586918354,0.005625446327030659,0.006050277967005968,0.210487961769104
0007,000581,581,0.18156126141548157,1.087177038192749,0.11925197392702103,0.7630385756492615,0.014568383805453777,0.006316542625427246,0.008843827992677689,0.339567095041275,0.007445301860570908,0.005593488458544016,0.00575172808021307,0.21050284802913666
0007,000582,582,0.18087248504161835,1.0828577280044556,0.11406686902046204,0.7434899806976318,0.014648107811808586,0.006296487525105476,0.008863288909196854,0.33957427740097046,0.007176586426794529,0.00543770520016551,0.005576578434556723,0.21076689660549164
0007,000583,583,0.18087425827980042,1.0823664665222168,0.1164512038230896,0.7598678469657898,0.014842920005321503,0.006267885211855173,0.008916620165109634,0.33956900238990784,0.007213324308395386,0.0053550503216683865,0.005540352780371904,0.21084578335285187
0007,000584,584,0.1816215217113495,1.0881215333938599,0.11144522577524185,0.7426480650901794,0.014967293478548527,0.006259969435632229,0.008939296007156372,0.3395480215549469,0.007071254774928093,0.005206943955272436,0.005529582966119051,0.2111360877752304
0007,000585,585,0.18205943703651428,1.0861778259277344,0.10917769372463226,0.7412979006767273,0.015067696571350098,0.006254818756133318,0.00896730087697506,0.3395952880382538,0.007112220861017704,0.005067346151918173,0.005572198424488306,0.2115422934293747
0007,000586,586,0.18216091394424438,1.0875940322875977,0.11079222708940506,0.7479789853096008,0.015160666778683662,0.006228690966963768,0.008914338424801826,0.3395836651325226,0.007444176822900772,0.005035914480686188,0.00567352119833231,0.21170149743556976
0007,000587,587,0.18242217600345612,1.0911904573440552,0.10991191118955612,0.751354992389679,0.015303435735404491,0.006218535825610161,0.00891715008765459,0.33964601159095764,0.007408352568745613,0.004964878316968679,0.005634916480630636,0.2120572179555893
0007,000588,588,0.18404071033000946,1.0918129682540894,0.11054475605487823,0.7679346799850464,0.015556087717413902,0.006236004177480936,0.00897474866360426,0.339672327041626,0.007725152187049389,0.0049496665596961975,0.005776804406195879,0.2124810665845871
0007,000589,589,0.18351806700229645,1.0880600214004517,0.11492199450731277,0.7998504042625427,0.01575552113354206,0.006217892747372389,0.008940241299569607,0.339699387550354,0.008108043111860752,0.00502789905294776,0.0059505645185709,0.21268942952156067
0007,000590,590,0.18470847606658936,1.097395896911621,0.12217223644256592,0.8321911096572876,0.015907196328043938,0.006218742113560438,0.0089814942330122,0.339765340089798,0.00898988638073206,0.005289394874125719,0.006450151093304157,0.21240206062793732
0007,000591,591,0.18527452647686005,1.0997525453567505,0.12285809218883514,0.8270902633666992,0.015841616317629814,0.0062125870026648045,0.008895421400666237,0.3398239314556122,0.008638557977974415,0.0054155089892446995,0.0063177612610161304,0.21222344040870667
0007,000592,592,0.18638131022453308,1.1082147359848022,0.12187463045120239,0.8374044895172119,0.015916429460048676,0.006201966665685177,0.008939447812736034,0.3398660123348236,0.008463364094495773,0.0054245879873633385,0.0063207936473190784,0.212408646941185
0007,000593,593,0.1860654354095459,1.1127963066101074,0.12056003510951996,0.8313514590263367,0.015963686630129814,0.006196960341185331,0.008921094238758087,0.33991649746894836,0.008318964391946793,0.005371915176510811,0.006246733479201794,0.21242700517177582
0007,000594,594,0.18677087128162384,1.1194065809249878,0.1165403202176094,0.838037371635437,0.016042284667491913,0.0062064980156719685,0.00902513787150383,0.3399447202682495,0.00821633543819189,0.005172200966626406,0.006399893667548895,0.21306931972503662
0007,000595,595,0.18445083498954773,1.106469750404358,0.11578062921762466,0.8663482666015625,0.016002997756004333,0.0062074074521660805,0.00901199784129858,0.33998075127601624,0.008425353094935417,0.005068245809525251,0.006758728995919228,0.21371237933635712
0007,000596,596,0.18383367359638214,1.1021944284439087,0.11233487725257874,0.8442937731742859,0.01592826470732689,0.006191552616655827,0.00900079682469368,0.3399921953678131,0.008376959711313248,0.005062601063400507,0.006711478810757399,0.21388974785804749
0007,000597,597,0.1826099455356598,1.1062102317810059,0.10961715131998062,0.833705723285675,0.015758981928229332,0.006199163850396872,0.009004584513604641,0.34008514881134033,0.008535145781934261,0.005153249017894268,0.0069387806579470634,0.21396179497241974
0007,000598,598,0.18055811524391174,1.1059612035751343,0.11180242151021957,0.8634293675422668,0.015701057389378548,0.006190483924001455,0.008983242325484753,0.3401031196117401,0.00881055649369955,0.005275861360132694,0.007168982177972794,0.21411295235157013
0007,000599,599,0.17983855307102203,1.1099119186401367,0.11261594295501709,0.8704355955123901,0.015792028978466988,0.006197094917297363,0.009061896242201328,0.34014078974723816,0.008811085484921932,0.005345840938389301,0.007202196400612593,0.21425504982471466
0007,000600,600,0.1788461059331894,1.1085968017578125,0.10950261354446411,0.8618761301040649,0.015837907791137695,0.006198626011610031,0.00905882939696312,0.3401440382003784,0.00916680134832859,0.005459735635668039,0.007559017278254032,0.21451176702976227
0007,000601,601,0.17764241993427277,1.1014939546585083,0.11001504212617874,0.8606588244438171,0.01598254032433033,0.006185757927596569,0.009097138419747353,0.3401183784008026,0.009663774631917477,0.005602233577519655,0.007818148471415043,0.21464359760284424
0007,000602,602,0.17746473848819733,1.094975233078003,0.10679394751787186,0.8255382776260376,0.01600130833685398,0.006214825436472893,0.009091727435588837,0.3401379883289337,0.00948810763657093,0.005703156813979149,0.0077902888879179955,0.21463510394096375
0007,000603,603,0.17817309498786926,1.0886229276657104,0.1063181459903717,0.8181595206260681,0.016154101118445396,0.006240235175937414,0.00913578737527132,0.34015515446662903,0.009236838668584824,0.005719810724258423,0.00759107293561101,0.21482592821121216
0007,000604,604,0.17742885649204254,1.0788464546203613,0.1073494404554367,0.8187653422355652,0.01629042811691761,0.006234619300812483,0.00916400644928217,0.3401252329349518,0.009624743834137917,0.005816441494971514,0.007907303981482983,0.2147691398859024
0007,000605,605,0.17794860899448395,1.0792182683944702,0.10843250900506973,0.8342684507369995,0.016251778230071068,0.006211486645042896,0.00923062488436699,0.340025931596756,0.009437673725187778,0.005835044663399458,0.007785011548548937,0.21483595669269562
0007,000606,606,0.17874832451343536,1.0848252773284912,0.10854901373386383,0.8393251299858093,0.016237089410424232,0.006189585663378239,0.009276916272938251,0.3399694263935089,0.009578396566212177,0.0058118500746786594,0.007817321456968784,0.21495778858661652
0007,000607,607,0.1768798530101776,1.0884737968444824,0.1122439056634903,0.8493168354034424,0.01573152281343937,0.006165469065308571,0.00925222598016262,0.33987435698509216,0.01132707018405199,0.006175989285111427,0.009060942567884922,0.21430465579032898
0007,000608,608,0.1765633523464203,1.0966100692749023,0.11437218636274338,0.8704706430435181,0.015789831057190895,0.006170518230646849,0.009301203303039074,0.3398207724094391,0.010472215712070465,0.006394483614712954,0.008367260918021202,0.21412523090839386
0007,000609,609,0.17736010253429413,1.1109341382980347,0.11683598160743713,0.874740719795227,0.01597515121102333,0.0062122042290866375,0.009385551325976849,0.33986780047416687,0.011218242347240448,0.00672545563429594,0.008784222416579723,0.21358036994934082
0007,000610,610,0.1782299131155014,1.1207541227340698,0.11954930424690247,0.8760013580322266,0.01609257608652115,0.006276058033108711,0.00949215516448021,0.33988237380981445,0.010807042010128498,0.006902124732732773,0.008295873180031776,0.21313312649726868
0007,000611,611,0.17860354483127594,1.120702862739563,0.12501241266727448,0.9003910422325134,0.016153985634446144,0.006320751737803221,0.009491692297160625,0.3398815095424652,0.011064293794333935,0.007057158276438713,0.008382635191082954,0.21263617277145386
0007,000612,612,0.18198437988758087,1.1339728832244873,0.12712626159191132,0.8969681262969971,0.016342876479029655,0.006377142854034901,0.009676002897322178,0.3398519456386566,0.01146862655878067,0.007254879456013441,0.008518122136592865,0.2120250016450882
0007,000613,613,0.18531571328639984,1.1371777057647705,0.12506160140037537,0.8661081194877625,0.016324874013662338,0.0064118532463908195,0.009654038585722446,0.33983030915260315,0.011911751702427864,0.007434443570673466,0.00878759566694498,0.2112332582473755
0007,000614,614,0.18844184279441833,1.1467055082321167,0.12977099418640137,0.858049750328064,0.016301356256008148,0.006435473449528217,0.009755204431712627,0.33978402614593506,0.012604286894202232,0.007816865108907223,0.008827022276818752,0.20989768207073212
0007,000615,615,0.19062834978103638,1.1503394842147827,0.12721656262874603,0.8319021463394165,0.016314642503857613,0.006443201098591089,0.009778340347111225,0.33982542157173157,0.012020169757306576,0.007922874763607979,0.00841861218214035,0.20890088379383087
0007,000616,616,0.19126731157302856,1.1499170064926147,0.1319463849067688,0.8764685988426208,0.016227811574935913,0.006425532512366772,0.009751908481121063,0.339834600687027,0.011645273305475712,0.007891745306551456,0.008160877041518688,0.2082137018442154
0007,000617,617,0.18941695988178253,1.158622145652771,0.132192462682724,0.9163984060287476,0.015897812321782112,0.006407971493899822,0.009692791849374771,0.33989474177360535,0.010900693945586681,0.007513758260756731,0.007901176810264587,0.20843008160591125
0007,000618,618,0.18717865645885468,1.173651099205017,0.13120988011360168,0.9540497660636902,0.01592431403696537,0.00645546056330204,0.009881026111543179,0.3399423062801361,0.01052373182028532,0.0071521117351949215,0.007897813804447651,0.20893684029579163
0007,000619,619,0.18601787090301514,1.1810358762741089,0.13033214211463928,0.9558843374252319,0.015816379338502884,0.006487005390226841,0.00986058171838522,0.33994418382644653,0.010953708551824093,0.007174742873758078,0.008170004934072495,0.20867247879505157
0007,000620,620,0.1841227263212204,1.1852918863296509,0.12652051448822021,0.9510892033576965,0.01567881368100643,0.006511240731924772,0.00984927173703909,0.3399745225906372,0.010595782659947872,0.007184396497905254,0.007956217974424362,0.20857040584087372
0007,000621,621,0.1817697137594223,1.18350088596344,0.12742674350738525,0.9715868234634399,0.015604183077812195,0.006558230146765709,0.009871016256511211,0.33998990058898926,0.009925990365445614,0.0071331714279949665,0.007438790053129196,0.20858655869960785
0007,000622,622,0.18077236413955688,1.189057469367981,0.1262306272983551,0.9713776111602783,0.015459503047168255,0.006599551998078823,0.009859811514616013,0.33998292684555054,0.009820641949772835,0.007148143835365772,0.007542652543634176,0.20835083723068237
0007,000623,623,0.18001872301101685,1.190077543258667,0.12860415875911713,0.9962521195411682,0.015267986804246902,0.006649978458881378,0.009839390404522419,0.3399849236011505,0.008929497562348843,0.006987295113503933,0.006956170313060284,0.20851437747478485
0007,000624,624,0.17991212010383606,1.1931244134902954,0.12409138679504395,0.9645920395851135,0.015236827544867992,0.006723598577082157,0.00985848717391491,0.340013325214386,0.008605185896158218,0.006768384017050266,0.006751848850399256,0.2086668461561203
0007,000625,625,0.17774544656276703,1.1818901300430298,0.12250645458698273,0.9507444500923157,0.015024409629404545,0.006762451957911253,0.009754027239978313,0.3400094211101532,0.008288481272757053,0.006629588548094034,0.006573482416570187,0.20871655642986298
0007,000626,626,0.17826935648918152,1.1876534223556519,0.11875440180301666,0.9231400489807129,0.014913548715412617,0.0068097491748631,0.009757239371538162,0.34001976251602173,0.008003909140825272,0.006442602723836899,0.006383616477251053,0.2088683396577835
0007,000627,627,0.17600096762180328,1.173356056213379,0.11484921723604202,0.8935827016830444,0.014747271314263344,0.0068590049631893635,0.009678595699369907,0.33999812602996826,0.007972118444740772,0.006296092178672552,0.006436759606003761,0.20884393155574799
0007,000628,628,0.17498895525932312,1.171663761138916,0.11288667470216751,0.8627901077270508,0.014709568582475185,0.0069136712700128555,0.009735767729580402,0.33999550342559814,0.008043679408729076,0.006235155276954174,0.006448452360928059,0.20865203440189362
0007,000629,629,0.17354920506477356,1.1604564189910889,0.11071285605430603,0.8187152147293091,0.0146438954398036,0.006979035213589668,0.00970861129462719,0.33999791741371155,0.008375340141355991,0.0062423525378108025,0.006709338165819645,0.20826104283332825
0007,000630,630,0.17420676350593567,1.162614107131958,0.11180291324853897,0.8299441337585449,0.014757610857486725,0.007041472941637039,0.009754299186170101,0.3400341868400574,0.008238430134952068,0.006190415937453508,0.006769348867237568,0.20818522572517395
0007,000631,631,0.1741846352815628,1.159001111984253,0.10974080860614777,0.79538893699646,0.0148090198636055,0.0070807477459311485,0.00973071064800024,0.3400481343269348,0.008712250739336014,0.006255582440644503,0.006982933729887009,0.2078837752342224
0007,000632,632,0.1735730916261673,1.1605368852615356,0.11206648498773575,0.8277296423912048,0.014938817359507084,0.007124428637325764,0.009837795980274677,0.3400648832321167,0.008527472615242004,0.006244366988539696,0.006990654394030571,0.20795747637748718
0007,000633,633,0.17344801127910614,1.16556715965271,0.1136857271194458,0.8559084534645081,0.014890190213918686,0.007189640775322914,0.009844789281487465,0.3400772511959076,0.008217666298151016,0.006141321733593941,0.006798121612519026,0.20829294621944427
0007,000634,634,0.17237134277820587,1.1701254844665527,0.11544671654701233,0.87044757604599,0.01505524106323719,0.007266332395374775,0.009874830953776836,0.34011411666870117,0.008367388509213924,0.006173832807689905,0.006882390473037958,0.20833776891231537
0007,000635,635,0.17040693759918213,1.1619534492492676,0.11697549372911453,0.8951146602630615,0.014984766021370888,0.007298757322132587,0.0098057696595788,0.3401525318622589,0.007989462465047836,0.005991518963128328,0.00658273184671998,0.20883533358573914
0007,000636,636,0.16875489056110382,1.1606937646865845,0.1210813969373703,0.9430124759674072,0.015113665722310543,0.007360308896750212,0.009883438237011433,0.3401868939399719,0.00784383900463581,0.005792710930109024,0.006517848931252956,0.20938771963119507
0007,000637,637,0.16726671159267426,1.1515889167785645,0.11971824616193771,0.9382488131523132,0.015087723731994629,0.0073840986005961895,0.009918180294334888,0.34017765522003174,0.008183959871530533,0.005745381582528353,0.006831898353993893,0.20961758494377136
0007,000638,638,0.16593754291534424,1.1498275995254517,0.11628349870443344,0.9059908390045166,0.014913582243025303,0.0073815882205963135,0.009856805205345154,0.3401903212070465,0.00864779856055975,0.005828300956636667,0.0071276151575148106,0.20946145057678223
0007,000639,639,0.16510836780071259,1.1503499746322632,0.11582774668931961,0.9082156419754028,0.015018937177956104,0.007399031892418861,0.00994028802961111,0.3401975929737091,0.008866424672305584,0.005969900172203779,0.007340761832892895,0.20941069722175598
0007,000640,640,0.16205528378486633,1.144602656364441,0.11412166804075241,0.8907935619354248,0.0151018425822258,0.007422678172588348,0.009913249872624874,0.34023499488830566,0.008679201826453209,0.006133112125098705,0.007099216803908348,0.20924130082130432
0007,000641,641,0.16166740655899048,1.1484016180038452,0.1133667603135109,0.8756855726242065,0.01522133033722639,0.007440853863954544,0.009863674640655518,0.34023234248161316,0.008929398842155933,0.0063077048398554325,0.007275288458913565,0.20894305408000946
0007,000642,642,0.1622440367937088,1.1466596126556396,0.11635840684175491,0.8835211396217346,0.015476718544960022,0.0074206008575856686,0.009840920567512512,0.34023964405059814,0.00834276620298624,0.006278466433286667,0.006722680293023586,0.2089177817106247
0007,000643,643,0.16407762467861176,1.1480216979980469,0.11791756749153137,0.8964767456054688,0.015643242746591568,0.007423072122037411,0.00984803307801485,0.340277761220932,0.007945345714688301,0.006060505751520395,0.006493151653558016,0.2092411071062088
0007,000644,644,0.16299022734165192,1.1441096067428589,0.11435253173112869,0.8562386631965637,0.015523728914558887,0.007397668436169624,0.009819483384490013,0.34029698371887207,0.008215061388909817,0.006024639122188091,0.006711163558065891,0.20918245613574982
0007,000645,645,0.16284869611263275,1.1420083045959473,0.11399777233600616,0.827807605266571,0.015421404503285885,0.007345709949731827,0.00984629150480032,0.3402448296546936,0.008733260445296764,0.0061112442053854465,0.006913707125931978,0.2088179737329483
0007,000646,646,0.16210098564624786,1.1334879398345947,0.11473540216684341,0.8202744126319885,0.015188566409051418,0.0073261563666164875,0.009806201793253422,0.34025442600250244,0.00879749096930027,0.006171863060444593,0.006863450165838003,0.20858627557754517
0007,000647,647,0.1614411473274231,1.131612777709961,0.11403701454401016,0.814391553401947,0.015058707445859909,0.007309296168386936,0.009865456260740757,0.34017664194107056,0.008165799081325531,0.006048417184501886,0.006611369550228119,0.20856888592243195
0007,000648,648,0.1609225869178772,1.1282470226287842,0.1160271093249321,0.8148481249809265,0.014998548664152622,0.007309984415769577,0.009828813374042511,0.3401668667793274,0.0077249109745025635,0.005823009647428989,0.006209161132574081,0.2087164670228958
0007,000649,649,0.1602679342031479,1.1277318000793457,0.11337147653102875,0.7877339720726013,0.014982039108872414,0.007338238880038261,0.009771941229701042,0.34016063809394836,0.007543756626546383,0.0057532223872840405,0.006103077437728643,0.20876450836658478
0007,000650,650,0.16105270385742188,1.1276448965072632,0.11423920094966888,0.7891449332237244,0.014896059408783913,0.007358247879892588,0.009710235521197319,0.34019067883491516,0.007580770179629326,0.005697411950677633,0.006191437132656574,0.20884186029434204
0007,000651,651,0.1621282547712326,1.133187174797058,0.11507268249988556,0.8026689887046814,0.01499964576214552,0.007374949753284454,0.009745455347001553,0.3402038812637329,0.007449294440448284,0.005654259584844112,0.006154723931103945,0.20903147757053375
0007,000652,652,0.16088856756687164,1.1270390748977661,0.11368279159069061,0.7854452729225159,0.015056836418807507,0.007388649974018335,0.009716599248349667,0.34020760655403137,0.007635605987161398,0.005669721867889166,0.006295093335211277,0.2090325504541397
0007,000653,653,0.16170327365398407,1.1278215646743774,0.11476337909698486,0.7961655259132385,0.015140592120587826,0.007364434190094471,0.00964235421270132,0.3401992619037628,0.007471244782209396,0.005630189552903175,0.006140454206615686,0.20923592150211334
0007,000654,654,0.16097354888916016,1.119795322418213,0.11373274028301239,0.7959557771682739,0.015233839862048626,0.0073754978366196156,0.009660929441452026,0.34019410610198975,0.007594506721943617,0.00559630012139678,0.00631408067420125,0.2094573825597763
0007,000655,655,0.16128718852996826,1.122256875038147,0.11403218656778336,0.8058139681816101,0.015385647304356098,0.007369756232947111,0.009659050963819027,0.3401862382888794,0.007739252410829067,0.00556599535048008,0.0064038559794425964,0.20976443588733673
0007,000656,656,0.16176117956638336,1.12030827999115,0.11293075233697891,0.8084437251091003,0.015435395762324333,0.007379838265478611,0.009663177654147148,0.340180367231369,0.007931608706712723,0.005615488160401583,0.00661136768758297,0.20999345183372498
0007,000657,657,0.16212864220142365,1.1132581233978271,0.10934587568044662,0.7709457874298096,0.015522504225373268,0.00737561983987689,0.009575092233717442,0.34021395444869995,0.008044459857046604,0.005688427481800318,0.006574919912964106,0.20993147790431976
0007,000658,658,0.16213083267211914,1.1155378818511963,0.1110057458281517,0.7750694751739502,0.01584426313638687,0.007334298919886351,0.009661700576543808,0.3402210772037506,0.007759611122310162,0.00563362380489707,0.006268418859690428,0.2101593017578125
0007,000659,659,0.1629008799791336,1.1147758960723877,0.10948730260133743,0.7586337924003601,0.015974540263414383,0.00731109082698822,0.009696184657514095,0.34024688601493835,0.007956910878419876,0.0055967592634260654,0.006399198435246944,0.2102741152048111
0007,000660,660,0.16238483786582947,1.1189661026000977,0.11253920197486877,0.7734991312026978,0.015862885862588882,0.007328520063310862,0.00975397601723671,0.34029561281204224,0.008224260993301868,0.005554647650569677,0.0065312874503433704,0.210292786359787
0007,000661,661,0.1621025800704956,1.1197013854980469,0.11136972159147263,0.7563790082931519,0.01569276675581932,0.0073402039706707,0.00966812763363123,0.3402319848537445,0.008571857586503029,0.005649256519973278,0.006742543075233698,0.2100452482700348
0007,000662,662,0.1632235050201416,1.123939871788025,0.11231949180364609,0.7562004327774048,0.015781257301568985,0.007363187149167061,0.009741313755512238,0.34018880128860474,0.007674127351492643,0.005515307188034058,0.0061002327129244804,0.21016709506511688
0007,000663,663,0.16414771974086761,1.1227843761444092,0.11448381096124649,0.7640002965927124,0.015703652054071426,0.007406602147966623,0.009738694876432419,0.3402100205421448,0.007647503167390823,0.005456775892525911,0.006065487861633301,0.21019715070724487
0007,000664,664,0.16475822031497955,1.1254944801330566,0.1151437982916832,0.7545570135116577,0.015562118962407112,0.007429096847772598,0.009642861783504486,0.340182363986969,0.007358855102211237,0.005375467240810394,0.005805488675832748,0.21029232442378998
0007,000665,665,0.166603222489357,1.1358040571212769,0.11685195565223694,0.7392760515213013,0.015501190908253193,0.007456160616129637,0.009677404537796974,0.34017348289489746,0.008477753028273582,0.005583159159868956,0.006438549607992172,0.20961128175258636
0007,000666,666,0.1680227667093277,1.1413345336914062,0.11685078591108322,0.7549747228622437,0.015562777407467365,0.007440549787133932,0.009671792387962341,0.34014827013015747,0.007262839004397392,0.005417678505182266,0.005622875411063433,0.2100580334663391
0007,000667,667,0.1685921549797058,1.1414337158203125,0.11508049815893173,0.7358527779579163,0.015578513033688068,0.007439712528139353,0.009731004945933819,0.3401128649711609,0.007462735287845135,0.005392477847635746,0.005812507122755051,0.20996706187725067
0007,000668,668,0.169367715716362,1.144116759300232,0.11794175207614899,0.7607756853103638,0.01550255436450243,0.007426248397678137,0.009712348692119122,0.3401302993297577,0.0071671269834041595,0.005214980337768793,0.005498842336237431,0.2104707956314087
0007,000669,669,0.1720682829618454,1.1559170484542847,0.11568036675453186,0.7468847632408142,0.015563037246465683,0.007437336724251509,0.009790021926164627,0.34010812640190125,0.007155067753046751,0.005161813925951719,0.005596445873379707,0.21058785915374756
0007,000670,670,0.17330169677734375,1.1536059379577637,0.1151747852563858,0.7462899684906006,0.01550095621496439,0.007442430593073368,0.00978788547217846,0.3400641977787018,0.007108204532414675,0.005131072364747524,0.0055753872729837894,0.21071816980838776
0007,000671,671,0.1744031310081482,1.1495556831359863,0.11743736267089844,0.7768061757087708,0.015472707338631153,0.007422854192554951,0.009813173674046993,0.3400133550167084,0.007056456990540028,0.004988276399672031,0.005493577104061842,0.21122953295707703
0007,000672,672,0.17654938995838165,1.1557663679122925,0.1159527525305748,0.7532178163528442,0.015512941405177116,0.00742097944021225,0.009850096888840199,0.3400304317474365,0.00727500207722187,0.004946023225784302,0.005564230028539896,0.21136203408241272
0007,000673,673,0.17756882309913635,1.1584141254425049,0.1186986118555069,0.7751940488815308,0.01546434685587883,0.007423951290547848,0.009814359247684479,0.34003475308418274,0.0072537814266979694,0.004892553202807903,0.005704932846128941,0.21168000996112823
0007,000674,674,0.17907185852527618,1.1631841659545898,0.11924394965171814,0.7696981430053711,0.015376592054963112,0.007420498412102461,0.009822960942983627,0.3400041162967682,0.007660012226551771,0.004983804188668728,0.005912144668400288,0.2116643339395523
0007,000675,675,0.18096484243869781,1.1704832315444946,0.12001605331897736,0.774553120136261,0.015297473408281803,0.007419021800160408,0.009824310429394245,0.33994483947753906,0.007435450330376625,0.0050405897200107574,0.00583679461851716,0.211790069937706
0007,000676,676,0.1808161586523056,1.168398380279541,0.11866433173418045,0.7544399499893188,0.015182401053607464,0.007418578956276178,0.009812037460505962,0.3399272859096527,0.007796876132488251,0.0051609817892313,0.006080488674342632,0.21161915361881256
0007,000677,677,0.18230785429477692,1.178322196006775,0.11825959384441376,0.755552351474762,0.01519209984689951,0.007430813275277615,0.009866258129477501,0.33992546796798706,0.007021728903055191,0.005125443451106548,0.005559161771088839,0.21182279288768768
0007,000678,678,0.18286572396755219,1.1825671195983887,0.11922404170036316,0.7791213393211365,0.015193545259535313,0.00741452956572175,0.009938421659171581,0.33986347913742065,0.006963688414543867,0.004995615221560001,0.005640551447868347,0.2123357355594635
0007,000679,679,0.1813410520553589,1.1739927530288696,0.11639513820409775,0.7601372599601746,0.015078943222761154,0.007402191404253244,0.009885395877063274,0.3398900032043457,0.007195095531642437,0.004979574587196112,0.005815938115119934,0.21254266798496246
0007,000680,680,0.1821540892124176,1.1806076765060425,0.1159369945526123,0.7605621218681335,0.014981984160840511,0.007407881785184145,0.009936101734638214,0.33989354968070984,0.007412461098283529,0.005038042552769184,0.005995248444378376,0.21264265477657318
0007,000681,681,0.18180294334888458,1.180813193321228,0.11726191639900208,0.7729135155677795,0.014880386181175709,0.007420827634632587,0.009912659414112568,0.33990415930747986,0.00735469488427043,0.005110636353492737,0.006008873227983713,0.21266913414001465
0007,000682,682,0.18151873350143433,1.183329463005066,0.11842464655637741,0.7879229784011841,0.01485946774482727,0.007426080293953419,0.009932742454111576,0.3399171829223633,0.007346370257437229,0.005153069272637367,0.006030126009136438,0.21280694007873535
0007,000683,683,0.18168264627456665,1.1846919059753418,0.11683767288923264,0.7732831239700317,0.014901255257427692,0.007440363056957722,0.009982242248952389,0.33992302417755127,0.007419475819915533,0.005215680226683617,0.006056618876755238,0.21284541487693787
0007,000684,684,0.18282146751880646,1.1903085708618164,0.11609354615211487,0.76973557472229,0.014832179993391037,0.007437395863234997,0.009960446506738663,0.33988311886787415,0.0074881562031805515,0.005253826268017292,0.006091475486755371,0.2129659354686737
0007,000685,685,0.18335534632205963,1.188369870185852,0.11521628499031067,0.7680472135543823,0.014829178340733051,0.007407893426716328,0.00995696522295475,0.3398994207382202,0.007442442234605551,0.005252304021269083,0.0060427626594901085,0.21320025622844696
0007,000686,686,0.18392395973205566,1.188896894454956,0.11604879796504974,0.7727639675140381,0.014898614957928658,0.00740409642457962,0.009990425780415535,0.339877724647522,0.007440485525876284,0.005256863310933113,0.006025959271937609,0.21335184574127197
0007,000687,687,0.18487106263637543,1.191644549369812,0.11446734517812729,0.7644330859184265,0.015015834011137486,0.007398952730000019,0.010026542469859123,0.3398643732070923,0.007452896796166897,0.005231966730207205,0.006048897746950388,0.21357576549053192
0007,000688,688,0.18474997580051422,1.1890687942504883,0.11239243298768997,0.745732307434082,0.015036207623779774,0.0073652854189276695,0.010041833855211735,0.3398180305957794,0.007949129678308964,0.0052884952165186405,0.0064130197279155254,0.21357491612434387
0007,000689,689,0.1857675164937973,1.1926589012145996,0.11096064746379852,0.7322784662246704,0.014931706711649895,0.0073303706012666225,0.010030674748122692,0.3398362696170807,0.007806315086781979,0.005308240186423063,0.0062989741563797,0.2136465609073639
0007,000690,690,0.18681339919567108,1.2044166326522827,0.11299782991409302,0.7463147044181824,0.014964612200856209,0.007326879072934389,0.010171410627663136,0.3398193120956421,0.008185054175555706,0.00536485156044364,0.006580194924026728,0.21352660655975342
0007,000691,691,0.185692697763443,1.2024781703948975,0.11245627701282501,0.7440545558929443,0.01497018150985241,0.0073234923183918,0.01024064514786005,0.33980831503868103,0.008006886579096317,0.005422786809504032,0.006372664123773575,0.21350374817848206
0007,000692,692,0.18517324328422546,1.2033040523529053,0.1166953295469284,0.7796762585639954,0.0148897934705019,0.007333241868764162,0.010204804129898548,0.3397769629955292,0.007843764498829842,0.005401500966399908,0.006234163884073496,0.21371814608573914
0007,000693,693,0.18591907620429993,1.2057297229766846,0.11737506836652756,0.7779499292373657,0.015171891078352928,0.007333399262279272,0.010381185449659824,0.3397245705127716,0.007832077331840992,0.005271863657981157,0.0061280750669538975,0.21394453942775726
0007,000694,694,0.18713942170143127,1.206913709640503,0.12012991309165955,0.8020228147506714,0.01547485776245594,0.0073034134693443775,0.010528341867029667,0.339678019285202,0.007932898588478565,0.005069585982710123,0.006223540287464857,0.21430878341197968
0007,000695,695,0.18854381144046783,1.2112617492675781,0.1223129853606224,0.8231187462806702,0.015271184965968132,0.007318559102714062,0.010394589975476265,0.3396165370941162,0.007997647859156132,0.004974077921360731,0.006388566922396421,0.21477492153644562
0007,000696,696,0.18781548738479614,1.2023022174835205,0.11945917457342148,0.7887653112411499,0.015341813676059246,0.007280861027538776,0.010353770107030869,0.339555948972702,0.009245781227946281,0.005141063127666712,0.007221302483230829,0.21460330486297607
0007,000697,697,0.18916209042072296,1.206203818321228,0.11911165714263916,0.7701898813247681,0.015417679212987423,0.007244753651320934,0.010341601446270943,0.3394680917263031,0.010175111703574657,0.005480477586388588,0.007830421440303326,0.21431028842926025
0007,000698,698,0.18966448307037354,1.206861972808838,0.11916089802980423,0.7631328701972961,0.015171981416642666,0.0072224074974656105,0.010208707302808762,0.33939293026924133,0.010135974735021591,0.005802773404866457,0.00783679448068142,0.21408528089523315
0007,000699,699,0.19046932458877563,1.2108352184295654,0.12040721625089645,0.755675196647644,0.014625100418925285,0.007259286008775234,0.009998699650168419,0.3394037187099457,0.010307424701750278,0.006273129489272833,0.007893078960478306,0.21341465413570404
0007,000700,700,0.1893886774778366,1.2026482820510864,0.11411162465810776,0.7183060646057129,0.014151766896247864,0.0072579048573970795,0.009725654497742653,0.3394644856452942,0.008695721626281738,0.006367403548210859,0.006892779842019081,0.21334567666053772
0007,000701,701,0.18861927092075348,1.192857027053833,0.11448374390602112,0.7265695929527283,0.013944932259619236,0.007231364957988262,0.009607492946088314,0.33951786160469055,0.008437437005341053,0.0064008510671556,0.006795963272452354,0.21323855221271515
0007,000702,702,0.18711237609386444,1.180902123451233,0.11680977046489716,0.7479890584945679,0.014197363518178463,0.007089465390890837,0.009626946412026882,0.33951759338378906,0.007836445234715939,0.00616508349776268,0.006267491728067398,0.21335390210151672
0007,000703,703,0.18679536879062653,1.171569585800171,0.114922434091568,0.7355119585990906,0.014528295025229454,0.006987161468714476,0.009774657897651196,0.33956897258758545,0.008676473051309586,0.006039489526301622,0.0068718804977834225,0.2131521999835968
0007,000704,704,0.18595416843891144,1.1628882884979248,0.11803077906370163,0.7658816576004028,0.014440554194152355,0.006919190753251314,0.009725438430905342,0.339572548866272,0.008171227760612965,0.005739056505262852,0.00651277881115675,0.2134324163198471
0007,000705,705,0.18474866449832916,1.1591709852218628,0.11620263010263443,0.7514019012451172,0.014311982318758965,0.006932723801583052,0.009715158492326736,0.3395935595035553,0.00825935322791338,0.005705179646611214,0.006589528638869524,0.2133612185716629
0007,000706,706,0.18487463891506195,1.162458062171936,0.11561501771211624,0.7534139156341553,0.014227250590920448,0.006953496020287275,0.0097142169252038,0.3396032452583313,0.007783114910125732,0.005551074631512165,0.006311730481684208,0.21366870403289795
0007,000707,707,0.18386563658714294,1.1591761112213135,0.11333157122135162,0.7298487424850464,0.01404877845197916,0.006970711052417755,0.009650482796132565,0.3396012485027313,0.00771968113258481,0.0055808136239647865,0.006206858903169632,0.21360912919044495
0007,000708,708,0.1848793476819992,1.1564784049987793,0.11265919357538223,0.7306365966796875,0.014084799215197563,0.006933633238077164,0.00964292325079441,0.33953607082366943,0.007281027734279633,0.005436573177576065,0.005929902661591768,0.21383818984031677
0007,000709,709,0.18620669841766357,1.1639297008514404,0.11506793648004532,0.7554137110710144,0.014100218191742897,0.006924593821167946,0.009692158550024033,0.33947035670280457,0.007360192947089672,0.0053514521569013596,0.005988633260130882,0.21403449773788452
0007,000710,710,0.18679343163967133,1.1641173362731934,0.11278768628835678,0.7417659163475037,0.013949579559266567,0.006903717759996653,0.009611974470317364,0.3394448757171631,0.007527411449700594,0.005328482016921043,0.006151955109089613,0.2141379863023758
0007,000711,711,0.18632839620113373,1.1628295183181763,0.11296988278627396,0.7535555958747864,0.01394726987928152,0.0068825180642306805,0.009619781747460365,0.3394416868686676,0.007620106916874647,0.0052833762019872665,0.006211152300238609,0.2143498808145523
0007,000712,712,0.186542347073555,1.1670000553131104,0.11108070611953735,0.7281315922737122,0.01395901758223772,0.006851975340396166,0.009667900390923023,0.3394302725791931,0.00827031210064888,0.005437400192022324,0.0066421362571418285,0.214074045419693
0007,000713,713,0.1854153573513031,1.162035584449768,0.11212781071662903,0.7510037422180176,0.014034138061106205,0.006817812565714121,0.009720513597130775,0.339430034160614,0.00829118862748146,0.005551651120185852,0.006805062759667635,0.21405935287475586
0007,000714,714,0.18391725420951843,1.1534055471420288,0.11005759239196777,0.7307532429695129,0.014070292003452778,0.006740259472280741,0.009701627306640148,0.339423269033432,0.00906610582023859,0.005823523737490177,0.007205903995782137,0.2136479616165161
0007,000715,715,0.18379345536231995,1.1537024974822998,0.11273545771837234,0.7489482164382935,0.014246686361730099,0.006664115935564041,0.009744197130203247,0.3394123613834381,0.009470981545746326,0.006074739154428244,0.007401053328067064,0.21332639455795288
0007,000716,716,0.18203380703926086,1.1471571922302246,0.1180257648229599,0.818079948425293,0.014079886488616467,0.006631883326917887,0.009685353375971317,0.33940389752388,0.009020745754241943,0.006078524515032768,0.007226646412163973,0.21374857425689697
0007,000717,717,0.18205304443836212,1.148511528968811,0.11837583780288696,0.8196641206741333,0.014018646441400051,0.006597995758056641,0.00964913610368967,0.3393564224243164,0.009546530432999134,0.006326805800199509,0.007587146013975143,0.21355043351650238
0007,000718,718,0.18122674524784088,1.1421302556991577,0.119727723300457,0.8539555668830872,0.013922744430601597,0.006567234173417091,0.009616052731871605,0.3393282890319824,0.009329307824373245,0.0064878142438828945,0.007521721068769693,0.2137298882007599
0007,000719,719,0.1806628555059433,1.1419439315795898,0.11851625889539719,0.8442405462265015,0.013482359237968922,0.006628176663070917,0.00947449542582035,0.3393174111843109,0.008235770277678967,0.006491949316114187,0.00667707622051239,0.21382401883602142
0007,000720,720,0.18174780905246735,1.1475051641464233,0.11461140215396881,0.812279462814331,0.0136721171438694,0.00661346223205328,0.00962037406861782,0.3392890989780426,0.007799972780048847,0.006365226116031408,0.0063928719609975815,0.2137780338525772
0007,000721,721,0.1838395893573761,1.1535230875015259,0.111423559486866,0.7709442973136902,0.013722077012062073,0.006601671222597361,0.009635338559746742,0.3392292261123657,0.007788929156959057,0.006130696274340153,0.006296821404248476,0.21363283693790436
0007,000722,722,0.18472138047218323,1.1539041996002197,0.11175362765789032,0.7679060697555542,0.013721923343837261,0.006592333782464266,0.009626027196645737,0.33922526240348816,0.007962418720126152,0.0059291343204677105,0.006469740532338619,0.2135920226573944
0007,000723,723,0.18501414358615875,1.154923677444458,0.11306602507829666,0.7639376521110535,0.013835197314620018,0.006613095756620169,0.009666827507317066,0.3391980528831482,0.0076735541224479675,0.005669593345373869,0.006230308674275875,0.21372804045677185
0007,000724,724,0.18637704849243164,1.1610133647918701,0.11217242479324341,0.7476237416267395,0.013862883672118187,0.0066193947568535805,0.00968229677528143,0.3392031192779541,0.008096063509583473,0.005587145686149597,0.006588526535779238,0.21370816230773926
0007,000725,725,0.1873493194580078,1.1625430583953857,0.11417002230882645,0.7526418566703796,0.014091690070927143,0.006609903182834387,0.009779143147170544,0.33919304609298706,0.008590636774897575,0.00562285678461194,0.007020581979304552,0.2136632353067398
0007,000726,726,0.18676623702049255,1.1573973894119263,0.11649587005376816,0.7596359848976135,0.01412611361593008,0.006616599392145872,0.00978830549865961,0.3392096161842346,0.009020140394568443,0.005612447392195463,0.00728773046284914,0.213783398270607
0007,000727,727,0.18831764161586761,1.1661195755004883,0.11775888502597809,0.7441238760948181,0.01405270490795374,0.006640493404120207,0.00975113920867443,0.33923590183258057,0.00998535193502903,0.005969841964542866,0.00788929220288992,0.2132282704114914
0007,000728,728,0.18677623569965363,1.1538729667663574,0.12124033272266388,0.7728592157363892,0.014174407348036766,0.006621912587434053,0.009770682081580162,0.3392428159713745,0.00907757505774498,0.0060753123834729195,0.007299409713596106,0.21315620839595795
0007,000729,729,0.18643563985824585,1.151500940322876,0.12188103049993515,0.7836380004882812,0.014333092607557774,0.006596601102501154,0.009800649248063564,0.33925771713256836,0.009213955141603947,0.006109618581831455,0.007432125974446535,0.21321484446525574
0007,000730,730,0.18519245088100433,1.1495113372802734,0.12129345536231995,0.7807046175003052,0.014417948201298714,0.0066003031097352505,0.009881637059152126,0.33925941586494446,0.009803622029721737,0.0062768408097326756,0.00776429520919919,0.2131824493408203
0007,000731,731,0.18450230360031128,1.1520353555679321,0.1213039979338646,0.7814497947692871,0.014644185081124306,0.006638506893068552,0.010025969706475735,0.3392789959907532,0.01035764068365097,0.006479866802692413,0.008044288493692875,0.2130713313817978
0007,000732,732,0.1821628361940384,1.1431080102920532,0.12078241258859634,0.8010962009429932,0.01478568371385336,0.006650193128734827,0.01002493966370821,0.33930593729019165,0.009932512417435646,0.006413051392883062,0.007823501713573933,0.2134278565645218
0007,000733,733,0.18322332203388214,1.1430743932724,0.12133695930242538,0.8090688586235046,0.014835880137979984,0.006653496529906988,0.01003546267747879,0.3393207788467407,0.010227859951555729,0.006392461247742176,0.007959124632179737,0.21369540691375732
0007,000734,734,0.1825399100780487,1.135062336921692,0.12189187109470367,0.8463431000709534,0.014934057369828224,0.00663927523419261,0.010023599490523338,0.3393252193927765,0.010353275574743748,0.0063269673846662045,0.008191199041903019,0.21431201696395874
0007,000735,735,0.1815696805715561,1.1268643140792847,0.12006692588329315,0.8398803472518921,0.01496423501521349,0.006632485892623663,0.010036317631602287,0.33935683965682983,0.010665698908269405,0.0063567738980054855,0.00827921461313963,0.21473783254623413
0007,000736,736,0.18126671016216278,1.1212077140808105,0.11938817799091339,0.8435376882553101,0.014969986863434315,0.0066128140315413475,0.0099757956340909,0.33934617042541504,0.010771986097097397,0.006386320106685162,0.008442840538918972,0.21500881016254425
0007,000737,737,0.18142397701740265,1.1157957315444946,0.11792581528425217,0.8428633809089661,0.014966757036745548,0.006580355577170849,0.00994084682315588,0.339358925819397,0.010875768959522247,0.0063850427977740765,0.008492324501276016,0.2153797745704651
0007,000738,738,0.18006743490695953,1.1049145460128784,0.11503149569034576,0.8266263008117676,0.014818043448030949,0.006529238075017929,0.009808722883462906,0.3393552601337433,0.010922356508672237,0.006415116600692272,0.008534779772162437,0.21543735265731812
0007,000739,739,0.1808219701051712,1.1107804775238037,0.11705107986927032,0.8531805276870728,0.0147466491907835,0.006479768082499504,0.009791582822799683,0.33935314416885376,0.010914703831076622,0.0064498730935156345,0.008593848906457424,0.21550165116786957
0007,000740,740,0.18058757483959198,1.115864872932434,0.11646200716495514,0.8429531455039978,0.014798146672546864,0.006456012837588787,0.009841719642281532,0.3393438160419464,0.01119461189955473,0.00655974168330431,0.00862533412873745,0.21521592140197754
0007,000741,741,0.1799343377351761,1.1143864393234253,0.11615870147943497,0.8483783006668091,0.014697849750518799,0.006409264635294676,0.009747572243213654,0.33933940529823303,0.010544456541538239,0.006535066291689873,0.008203635923564434,0.21522215008735657
0007,000742,742,0.18072406947612762,1.120145320892334,0.11351379007101059,0.8188424706459045,0.014627881348133087,0.006373062264174223,0.009748797863721848,0.33936581015586853,0.010450493544340134,0.006535496562719345,0.008158321492373943,0.21498680114746094
0007,000743,743,0.1811007857322693,1.1200859546661377,0.11265270411968231,0.8108580112457275,0.014623666182160378,0.0063442024402320385,0.009674039669334888,0.3393191993236542,0.009890647605061531,0.0064501091837882996,0.00783001258969307,0.2149793654680252
0007,000744,744,0.18262715637683868,1.1194186210632324,0.11215399950742722,0.7909814119338989,0.014696630649268627,0.006322555243968964,0.009657212533056736,0.33932361006736755,0.010332627221941948,0.0065157185308635235,0.008055383339524269,0.2145981788635254
0007,000745,745,0.1846514642238617,1.1232386827468872,0.111003078520298,0.7591870427131653,0.01462768018245697,0.0062842280603945255,0.009591248817741871,0.33929479122161865,0.010549750179052353,0.006557907909154892,0.008037567138671875,0.2142031043767929
0007,000746,746,0.18640616536140442,1.1181941032409668,0.11441683024168015,0.7790955305099487,0.01464666798710823,0.006255053449422121,0.009570956230163574,0.33922654390335083,0.009849408641457558,0.0063515170477330685,0.007669232320040464,0.2142227441072464
0007,000747,747,0.18910498917102814,1.1177639961242676,0.11995270103216171,0.8116406798362732,0.014751678332686424,0.0062125795520842075,0.009573865681886673,0.33914288878440857,0.01034062821418047,0.00631378497928381,0.00785460602492094,0.21419064700603485
0007,000748,748,0.189477801322937,1.105513572692871,0.11783844232559204,0.8002020716667175,0.014747765846550465,0.006176227703690529,0.009432675316929817,0.33911946415901184,0.009979231283068657,0.006148898974061012,0.007722783833742142,0.2144606113433838
0007,000749,749,0.19209028780460358,1.111724853515625,0.11543051153421402,0.792118489742279,0.01479228213429451,0.006152584683150053,0.009414064697921276,0.33910056948661804,0.01033273059874773,0.00614555599167943,0.00828722957521677,0.21450601518154144
0007,000750,750,0.19342060387134552,1.109321117401123,0.11852756887674332,0.8182467818260193,0.014842548407614231,0.006124550476670265,0.009321007877588272,0.33909669518470764,0.010961291380226612,0.006308384705334902,0.008839973248541355,0.2143184244632721
0007,000751,751,0.1954900622367859,1.1184678077697754,0.1186191663146019,0.8122143745422363,0.015086817555129528,0.006110816262662411,0.009372523985803127,0.3390901982784271,0.01076584868133068,0.006518049631267786,0.008607498370110989,0.21407000720500946
0007,000752,752,0.1971341222524643,1.1323013305664062,0.12090926617383957,0.8359383344650269,0.015142582356929779,0.006093224976211786,0.009382631629705429,0.3390803039073944,0.011236218735575676,0.006752036977559328,0.00887920893728733,0.2137499451637268
0007,000753,753,0.1981135457754135,1.140319585800171,0.12386434525251389,0.8713760375976562,0.015255752950906754,0.006093249190598726,0.00944498274475336,0.3390938341617584,0.011112737469375134,0.006900436710566282,0.009000084362924099,0.2136812061071396
0007,000754,754,0.19775357842445374,1.1491005420684814,0.1220368966460228,0.8454701900482178,0.015194021165370941,0.006082768086344004,0.009472844190895557,0.33906978368759155,0.011715836822986603,0.007209240924566984,0.009380972944200039,0.21318231523036957
0007,000755,755,0.1963822990655899,1.145869493484497,0.12287729233503342,0.8606165647506714,0.015281043946743011,0.006065889727324247,0.00950563419610262,0.3390624225139618,0.011218196712434292,0.0072362967766821384,0.008928314782679081,0.21310736238956451
0007,000756,756,0.19681747257709503,1.1513841152191162,0.11922886967658997,0.841157078742981,0.015462982468307018,0.0060784840025007725,0.009571779519319534,0.33903592824935913,0.011580017395317554,0.007406651973724365,0.00940873846411705,0.21286389231681824
0007,000757,757,0.19573210179805756,1.1487658023834229,0.11780713498592377,0.8389068841934204,0.0155439842492342,0.006075140088796616,0.009612921625375748,0.33900803327560425,0.011488175019621849,0.007514693774282932,0.009306903928518295,0.21271799504756927
0007,000758,758,0.19677238166332245,1.1514966487884521,0.1151091679930687,0.8256196975708008,0.015639448538422585,0.00608293991535902,0.00964534841477871,0.3389911949634552,0.012254523113369942,0.007729882374405861,0.009918633848428726,0.21228906512260437
0007,000759,759,0.19423352181911469,1.1377896070480347,0.11596943438053131,0.8288018703460693,0.01549616176635027,0.006064978428184986,0.009524589404463768,0.33896467089653015,0.011946922168135643,0.007890052162110806,0.009646010585129261,0.21199828386306763
0007,000760,760,0.19401341676712036,1.130840539932251,0.11636374145746231,0.834965705871582,0.015352463349699974,0.006045506801456213,0.009409986436367035,0.3389635384082794,0.011429239064455032,0.007927206344902515,0.00918659009039402,0.2118169069290161
0007,000761,761,0.19368606805801392,1.1293891668319702,0.11841175705194473,0.8509039282798767,0.015394432470202446,0.006015674211084843,0.009358782321214676,0.33892086148262024,0.011937212198972702,0.008126461878418922,0.009511523880064487,0.21141193807125092
0007,000762,762,0.19491496682167053,1.135516881942749,0.11693432182073593,0.8268667459487915,0.015373429283499718,0.005994732026010752,0.00940476544201374,0.33888882398605347,0.012536484748125076,0.00841463916003704,0.009958857670426369,0.21072186529636383
0007,000763,763,0.19183765351772308,1.1200493574142456,0.113228440284729,0.8121352195739746,0.015459150075912476,0.005989877041429281,0.009438373148441315,0.33885833621025085,0.011787356808781624,0.008414543233811855,0.009556195698678493,0.21047340333461761
0007,000764,764,0.19231611490249634,1.12325119972229,0.11573579907417297,0.8190229535102844,0.015324616804718971,0.005991998594254255,0.009473100304603577,0.33883771300315857,0.012340160086750984,0.008612335659563541,0.010027628391981125,0.2098238170146942
0007,000765,765,0.19030512869358063,1.119072437286377,0.1195141077041626,0.8594620823860168,0.015155958943068981,0.006007486488670111,0.009471693076193333,0.33885738253593445,0.01164979301393032,0.008628791198134422,0.009581025689840317,0.20952893793582916
0007,000766,766,0.19012956321239471,1.1259491443634033,0.11772851645946503,0.8496396541595459,0.015071920119225979,0.006053540855646133,0.009455574676394463,0.3389135003089905,0.011410737410187721,0.008668438531458378,0.009496456943452358,0.20912645757198334
0007,000767,767,0.19070842862129211,1.1293355226516724,0.11916855722665787,0.85721755027771,0.01499941386282444,0.006081473082304001,0.009423305280506611,0.33893439173698425,0.010497141629457474,0.008443450555205345,0.008552215993404388,0.20898428559303284
0007,000768,768,0.1921144723892212,1.1326714754104614,0.11778035759925842,0.8495871424674988,0.014920085668563843,0.006116528995335102,0.009408245794475079,0.33895573019981384,0.010614106431603432,0.008334956131875515,0.008762432262301445,0.20861583948135376
0007,000769,769,0.19193854928016663,1.1328628063201904,0.11988046020269394,0.8521103262901306,0.014932461082935333,0.0061797755770385265,0.009488881565630436,0.3389928638935089,0.010632223449647427,0.008347887545824051,0.008623654954135418,0.2081187665462494
0007,000770,770,0.19154293835163116,1.1257119178771973,0.11998644471168518,0.848324179649353,0.014917338266968727,0.006220503244549036,0.009444335475564003,0.3389855921268463,0.010393435135483742,0.008340798318386078,0.008590271696448326,0.20771782100200653
0007,000771,771,0.1915426105260849,1.1222727298736572,0.12155652791261673,0.8248172402381897,0.014832848682999611,0.00627394812181592,0.009466003626585007,0.3390054404735565,0.011209888383746147,0.00853874534368515,0.009095451794564724,0.20690472424030304
0007,000772,772,0.19247490167617798,1.1287776231765747,0.12157471477985382,0.8261388540267944,0.014746518805623055,0.006323588080704212,0.009496578946709633,0.33898860216140747,0.00982679333537817,0.008360443636775017,0.008152577094733715,0.20669879019260406
0007,000773,773,0.19408784806728363,1.1392536163330078,0.12176387012004852,0.8385821580886841,0.014486493542790413,0.00634073605760932,0.009519878774881363,0.33894312381744385,0.009495988488197327,0.008172448724508286,0.007955152541399002,0.20652921497821808
0007,000774,774,0.19221539795398712,1.139642357826233,0.12085436284542084,0.8351393342018127,0.014313584193587303,0.006377226207405329,0.009547783061861992,0.3389527201652527,0.009139294736087322,0.007975524291396141,0.007785631809383631,0.20639710128307343
0007,000775,775,0.19061265885829926,1.1326695680618286,0.11853963136672974,0.8167693614959717,0.014242730103433132,0.00642535462975502,0.009452000260353088,0.33902522921562195,0.00859126728028059,0.0077093057334423065,0.007323129568248987,0.2063746303319931
0007,000776,776,0.19088014960289001,1.1292927265167236,0.11806020885705948,0.8216922879219055,0.01419247779995203,0.006442461162805557,0.009412231855094433,0.33902761340141296,0.008400212042033672,0.007437948137521744,0.0072128986939787865,0.20640964806079865
0007,000777,777,0.1910543292760849,1.1264588832855225,0.11905115842819214,0.812289834022522,0.014183061197400093,0.006427851039916277,0.009349402040243149,0.3390336036682129,0.009406797587871552,0.00749346986413002,0.007922726683318615,0.206022247672081
0007,000778,778,0.1904648393392563,1.1231831312179565,0.11749925464391708,0.8223082423210144,0.014259887859225273,0.006423348560929298,0.009330585598945618,0.339063435792923,0.008182430639863014,0.007165402639657259,0.007076098117977381,0.2062372863292694
0007,000779,779,0.19070231914520264,1.1217793226242065,0.11582999676465988,0.8111361861228943,0.014297009445726871,0.006400393787771463,0.009341266937553883,0.33904483914375305,0.008187788538634777,0.0069532874040305614,0.0070571694523096085,0.20637018978595734
0007,000780,780,0.19144132733345032,1.1125110387802124,0.11685320734977722,0.8264763951301575,0.014400129206478596,0.006310212891548872,0.009234663099050522,0.33901211619377136,0.008574125356972218,0.0068566566333174706,0.0073997811414301395,0.20644088089466095
0007,000781,781,0.18996265530586243,1.0978301763534546,0.11473288387060165,0.828298032283783,0.014633337035775185,0.006230189930647612,0.009283463470637798,0.33895424008369446,0.008395133540034294,0.0066584013402462006,0.00722650857642293,0.20678770542144775
0007,000782,782,0.1904459148645401,1.0974634885787964,0.11288589239120483,0.8218480944633484,0.014768164604902267,0.006157674826681614,0.009278818964958191,0.3389199674129486,0.0090261772274971,0.006732765585184097,0.007757201790809631,0.20676390826702118
0007,000783,783,0.18914861977100372,1.095647931098938,0.11324255913496017,0.8241901397705078,0.014619645662605762,0.006121071986854076,0.009177099913358688,0.3389318287372589,0.008913609199225903,0.006779386196285486,0.007586027029901743,0.20665079355239868
0007,000784,784,0.18819448351860046,1.0915305614471436,0.11524243652820587,0.828364372253418,0.01490676961839199,0.006116298492997885,0.009248395450413227,0.3389088809490204,0.010018562898039818,0.007083997130393982,0.008411475457251072,0.20618881285190582
0007,000785,785,0.18860496580600739,1.0932800769805908,0.11900976300239563,0.8838621973991394,0.015106206759810448,0.006122763734310865,0.009304064325988293,0.338872492313385,0.009078227914869785,0.007018230855464935,0.007707199547439814,0.20632140338420868
0007,000786,786,0.1880204677581787,1.088106632232666,0.12055864930152893,0.9080668091773987,0.015209675766527653,0.0061341747641563416,0.009311911650002003,0.33889687061309814,0.008859390392899513,0.006903876084834337,0.0074172490276396275,0.2063991278409958
0007,000787,787,0.18806058168411255,1.096123218536377,0.12123971432447433,0.9162105917930603,0.015192401595413685,0.00613770168274641,0.009328464046120644,0.3389241099357605,0.009203425608575344,0.006970726884901524,0.007745691109448671,0.20620197057724
0007,000788,788,0.18924760818481445,1.1081645488739014,0.12055635452270508,0.9000442028045654,0.015141570009291172,0.006139377597719431,0.009295806288719177,0.3389590084552765,0.009711824357509613,0.007115478161722422,0.008084637112915516,0.20574280619621277
0007,000789,789,0.18832504749298096,1.107648491859436,0.12535814940929413,0.9321380853652954,0.015032530762255192,0.0061453599482774734,0.009206581860780716,0.3389851152896881,0.00915435329079628,0.007155310828238726,0.007626615464687347,0.20544227957725525
0007,000790,790,0.18588975071907043,1.0999040603637695,0.12456758320331573,0.9155038595199585,0.01514622662216425,0.006162690930068493,0.009241160936653614,0.33903518319129944,0.009212829172611237,0.007189731579273939,0.007676796521991491,0.20509779453277588
0007,000791,791,0.18265075981616974,1.096420407295227,0.12747789919376373,0.9250278472900391,0.01523403637111187,0.006193084176629782,0.009324420243501663,0.3390376567840576,0.008761120028793812,0.007124305237084627,0.007233756594359875,0.20486119389533997
0007,000792,792,0.18169762194156647,1.0997004508972168,0.12216108292341232,0.8824425339698792,0.015381306409835815,0.0062584346160292625,0.009364455938339233,0.3390929102897644,0.008093725889921188,0.006889008451253176,0.006672759540379047,0.20481808483600616
0007,000793,793,0.1797567903995514,1.0948587656021118,0.1204083040356636,0.8726887106895447,0.015650834888219833,0.006338445004075766,0.00931403785943985,0.33916139602661133,0.0075644818134605885,0.006598041392862797,0.006357314996421337,0.20499509572982788
0007,000794,794,0.1809966266155243,1.0974830389022827,0.11888393014669418,0.8509968519210815,0.015910856425762177,0.006435013841837645,0.009454618208110332,0.3391627073287964,0.007588992360979319,0.006420013960450888,0.006289019249379635,0.2050090730190277
0007,000795,795,0.18310987949371338,1.101569414138794,0.11722195148468018,0.8267754912376404,0.016152987256646156,0.006500612944364548,0.009515920653939247,0.3391975164413452,0.008142409846186638,0.006380331236869097,0.006742334924638271,0.20481668412685394
0007,000796,796,0.18353840708732605,1.109427809715271,0.11467425525188446,0.7923805713653564,0.01636683940887451,0.006576718762516975,0.009705224074423313,0.3392668664455414,0.009033012203872204,0.006530259270220995,0.007338800933212042,0.2043001651763916
0007,000797,797,0.18651250004768372,1.1280653476715088,0.11854511499404907,0.8379579186439514,0.016632594168186188,0.006682981736958027,0.009960144758224487,0.33934080600738525,0.00764570664614439,0.006126485299319029,0.006323948968201876,0.20473115146160126
0007,000798,798,0.18599356710910797,1.1325989961624146,0.12399818003177643,0.9062075018882751,0.016713829711079597,0.006769227329641581,0.010098186321556568,0.33945032954216003,0.0076676239259541035,0.005705744493752718,0.0063857827335596085,0.20544710755348206
0007,000799,799,0.18504925072193146,1.14080011844635,0.12298423051834106,0.9128111600875854,0.01641901209950447,0.006799718365073204,0.010045112110674381,0.3395375609397888,0.007902117446064949,0.005485421512275934,0.006621602922677994,0.2060443013906479
0008,000002,2,0.22618842124938965,1.1411004066467285,0.1238381564617157,0.6743868589401245,0.014389201067388058,0.002978564938530326,0.008111119270324707,0.3389139771461487,0.006383190397173166,0.0013213203055784106,0.004098067060112953,0.21075794100761414
0008,000003,3,0.2190922051668167,1.1403770446777344,0.1291065365076065,0.7179707884788513,0.014635153114795685,0.003961529117077589,0.008339088410139084,0.33868569135665894,0.00676862895488739,0.0019568924326449633,0.004386459477245808,0.21114076673984528
0008,000004,4,0.22215963900089264,1.1834566593170166,0.13098956644535065,0.7381185293197632,0.01412781048566103,0.004406224004924297,0.008536064065992832,0.33844006061553955,0.006963112857192755,0.002380768535658717,0.004555037710815668,0.21144883334636688
0008,000005,5,0.2233591228723526,1.2042330503463745,0.12445123493671417,0.6836146712303162,0.013748951256275177,0.004681906197220087,0.008776459842920303,0.33828407526016235,0.008047652430832386,0.002774571068584919,0.005193709395825863,0.21049515902996063
0008,000006,6,0.2166513055562973,1.1929210424423218,0.12199585884809494,0.674225926399231,0.013622262515127659,0.0049583809450268745,0.008925662375986576,0.3381829857826233,0.007529159542173147,0.003126498544588685,0.004968412220478058,0.21019472181797028
0008,000007,7,0.2106790989637375,1.1851831674575806,0.12340294569730759,0.6984800696372986,0.013447192497551441,0.005251838359981775,0.009007000364363194,0.33813580870628357,0.006761562079191208,0.003369500394910574,0.004719560965895653,0.21024803817272186
0008,000008,8,0.20539642870426178,1.1726155281066895,0.12035825848579407,0.6818785071372986,0.013500865548849106,0.005529602523893118,0.009140090085566044,0.3381340205669403,0.006843083538115025,0.003532628295943141,0.004819835070520639,0.21017350256443024
0008,000009,9,0.20076493918895721,1.1634880304336548,0.12557393312454224,0.728507936000824,0.013432023115456104,0.00574620021507144,0.00916317105293274,0.3381170630455017,0.007105897646397352,0.003829740220680833,0.0051274048164486885,0.20986950397491455
0008,000010,10,0.1975022405385971,1.1616027355194092,0.12449704855680466,0.7351682186126709,0.013524041511118412,0.00593635393306613,0.009322738274931908,0.3381423056125641,0.006851406767964363,0.003996178973466158,0.005075771361589432,0.20984002947807312
0008,000011,11,0.19395700097084045,1.1533368825912476,0.1253516525030136,0.7508265972137451,0.013534956611692905,0.006101966369897127,0.009373164735734463,0.33817851543426514,0.006905215792357922,0.004182115197181702,0.0051756068132817745,0.20977948606014252
0008,000012,12,0.1904543936252594,1.1441795825958252,0.12337629497051239,0.7445793747901917,0.013627438805997372,0.0062699709087610245,0.009458804503083229,0.33823344111442566,0.00688363378867507,0.004245358984917402,0.005176988895982504,0.2099800705909729
0008,000013,13,0.18921488523483276,1.15056574344635,0.1292416900396347,0.7914891242980957,0.01360257063060999,0.0064290487207472324,0.009525047615170479,0.338288813829422,0.0069497125223279,0.004320502746850252,0.00534046720713377,0.21006174385547638
0008,000014,14,0.18620993196964264,1.1433602571487427,0.12986037135124207,0.8091260194778442,0.013628995977342129,0.006563535425812006,0.009593317285180092,0.33832013607025146,0.006910905707627535,0.004439308308064938,0.005385369528084993,0.21017028391361237
0008,000015,15,0.18443982303142548,1.1443266868591309,0.12848515808582306,0.8079811334609985,0.013738865032792091,0.006684527732431889,0.009662949480116367,0.3383828401565552,0.007090567145496607,0.004526536911725998,0.005473541095852852,0.21026940643787384
0008,000016,16,0.18176306784152985,1.142732858657837,0.12664242088794708,0.8186140656471252,0.013704541139304638,0.006791203282773495,0.009655788540840149,0.33843734860420227,0.007126611191779375,0.004581845831125975,0.0056806583888828754,0.2105846405029297
0008,000017,17,0.17987173795700073,1.1422693729400635,0.12720341980457306,0.8377774357795715,0.013631870038807392,0.006862062960863113,0.009645527228713036,0.3385084867477417,0.007200196385383606,0.004688187502324581,0.005840366706252098,0.21077947318553925
0008,000018,18,0.17725388705730438,1.1397241353988647,0.12314938753843307,0.8228732347488403,0.01361205242574215,0.0069531649351119995,0.009693612344563007,0.3385726809501648,0.007089753169566393,0.004763403907418251,0.005793726071715355,0.21104325354099274
0008,000019,19,0.17501229047775269,1.1386044025421143,0.12566494941711426,0.8439956307411194,0.01360449381172657,0.007008593529462814,0.009750118479132652,0.33860522508621216,0.007421213202178478,0.004916347097605467,0.0060068159364163876,0.2111244648694992
0008,000020,20,0.1727932095527649,1.1380616426467896,0.12772169709205627,0.8701394200325012,0.01363652665168047,0.0070558395236730576,0.009848044253885746,0.3386160731315613,0.008200036361813545,0.005212030373513699,0.006666468922048807,0.21101976931095123
0008,000021,21,0.17138679325580597,1.1351932287216187,0.12242215126752853,0.8293511867523193,0.013705937191843987,0.007110366132110357,0.009881307370960712,0.33868181705474854,0.007891517132520676,0.005361431278288364,0.006448480300605297,0.21096527576446533
0008,000022,22,0.16925828158855438,1.133581519126892,0.12167029082775116,0.8242781162261963,0.013769649900496006,0.007152092177420855,0.009925762191414833,0.3387261629104614,0.007776364684104919,0.005466174799948931,0.006330401636660099,0.2109871804714203
0008,000023,23,0.16856804490089417,1.1354774236679077,0.12152301520109177,0.8442650437355042,0.013871737755835056,0.007212179712951183,0.01002274826169014,0.3387584090232849,0.007456127088516951,0.005385082680732012,0.006111156661063433,0.21133138239383698
0008,000024,24,0.1675843596458435,1.1398974657058716,0.12312640249729156,0.8352331519126892,0.013833914883434772,0.00726530235260725,0.010070771910250187,0.33876049518585205,0.008223144337534904,0.005550005938857794,0.006618481129407883,0.2110842764377594
0008,000025,25,0.16736862063407898,1.1493312120437622,0.12585799396038055,0.8668506741523743,0.01388696487993002,0.007359061390161514,0.010144307278096676,0.3387908339500427,0.008134974166750908,0.005648823920637369,0.00677088275551796,0.21107766032218933
0008,000026,26,0.16609272360801697,1.1515663862228394,0.12398411333560944,0.8452064394950867,0.01378896925598383,0.007445788476616144,0.010079588741064072,0.33881813287734985,0.007990340702235699,0.005740385968238115,0.006631036754697561,0.21102318167686462
0008,000027,27,0.16465120017528534,1.153700828552246,0.1261419653892517,0.8777198195457458,0.013782892376184464,0.0075448076240718365,0.01011185348033905,0.3388873040676117,0.007915542460978031,0.005846451502293348,0.006708987057209015,0.21112437546253204
0008,000028,28,0.1635037511587143,1.151989459991455,0.12432421743869781,0.8480461239814758,0.013732151128351688,0.007601229473948479,0.010095610283315182,0.3389165699481964,0.008027525618672371,0.005996571853756905,0.006627010181546211,0.21093973517417908
0008,000029,29,0.16310815513134003,1.148208498954773,0.12391684204339981,0.8365744948387146,0.013775628060102463,0.007660119328647852,0.01010550931096077,0.3389502167701721,0.007851569913327694,0.006015440449118614,0.006549562327563763,0.21084889769554138
0008,000030,30,0.16337652504444122,1.1521223783493042,0.12522602081298828,0.8663274049758911,0.013886664062738419,0.007717057131230831,0.0101813655346632,0.3390043377876282,0.007548460736870766,0.005911106709390879,0.006407428067177534,0.21105173230171204
0008,000031,31,0.1627228856086731,1.149793028831482,0.12442318350076675,0.8568819165229797,0.013981939293444157,0.007766216527670622,0.01023037452250719,0.33901259303092957,0.007712875958532095,0.005905355326831341,0.006496055517345667,0.21108897030353546
0008,000032,32,0.16241754591464996,1.1528509855270386,0.12334732711315155,0.8517627716064453,0.01400910597294569,0.007818113081157207,0.010270264931023121,0.3390444219112396,0.007813820615410805,0.005918661132454872,0.006633048411458731,0.2111552357673645
0008,000033,33,0.16200034320354462,1.1515775918960571,0.12261215597391129,0.8483344912528992,0.01418811921030283,0.007862075231969357,0.01036645658314228,0.3390810191631317,0.00781521387398243,0.00585730979219079,0.00662828516215086,0.211297407746315
0008,000034,34,0.16142167150974274,1.1501802206039429,0.12146344035863876,0.8353413343429565,0.01426331140100956,0.00790660921484232,0.010467411018908024,0.3390733003616333,0.008007976226508617,0.005878210533410311,0.006707103457301855,0.21137304604053497
0008,000035,35,0.16214004158973694,1.1542291641235352,0.12442871183156967,0.8535574674606323,0.014293833635747433,0.007934194058179855,0.010502989403903484,0.33905747532844543,0.008311240002512932,0.005899684503674507,0.006949522998183966,0.21143516898155212
0008,000036,36,0.16350379586219788,1.1572775840759277,0.12284321337938309,0.8575600385665894,0.014265733771026134,0.008008074946701527,0.010576281696557999,0.339036762714386,0.008035444654524326,0.005883288569748402,0.006886132061481476,0.2116321623325348
0008,000037,37,0.16497518122196198,1.158365249633789,0.12403953820466995,0.8994776010513306,0.01469381246715784,0.008002889342606068,0.010726656764745712,0.3389892578125,0.008349684998393059,0.0058310674503445625,0.007257840596139431,0.21200227737426758
0008,000038,38,0.16517336666584015,1.1599739789962769,0.12051966041326523,0.8639658093452454,0.014522398822009563,0.008070344105362892,0.010712972842156887,0.3389712870121002,0.008722183294594288,0.005991029087454081,0.00750056141987443,0.2119385302066803
0008,000039,39,0.16433826088905334,1.1587940454483032,0.1214432343840599,0.8863166570663452,0.014306721277534962,0.008137254975736141,0.010670145973563194,0.33902087807655334,0.008250020444393158,0.006097377277910709,0.0071786236949265,0.2120729684829712
0008,000040,40,0.16389858722686768,1.1587353944778442,0.11951972544193268,0.870603621006012,0.01440842729061842,0.008206465281546116,0.010725594125688076,0.3390652537345886,0.008623776026070118,0.00627026055008173,0.007482150569558144,0.21207530796527863
0008,000041,41,0.1648336797952652,1.1584163904190063,0.11908430606126785,0.8492053747177124,0.014796433039009571,0.008234702982008457,0.010814805515110493,0.3391345143318176,0.009409124962985516,0.00648209685459733,0.007950742729008198,0.21178783476352692
0008,000042,42,0.1642293483018875,1.1541692018508911,0.12336041778326035,0.887273907661438,0.014854960143566132,0.008301572874188423,0.010801734402775764,0.3391939699649811,0.008525565266609192,0.0064711980521678925,0.007136056199669838,0.2119295448064804
0008,000043,43,0.16323646903038025,1.1550687551498413,0.12148796021938324,0.8643686175346375,0.014661286026239395,0.008368309587240219,0.010666714049875736,0.33928796648979187,0.008752736262977123,0.006568352226167917,0.0073328763246536255,0.21179531514644623
0008,000044,44,0.1622450351715088,1.1516252756118774,0.12500295042991638,0.9005289673805237,0.014840790070593357,0.008415641263127327,0.010695130564272404,0.3394133746623993,0.008229364641010761,0.006444612517952919,0.00691265007480979,0.21203158795833588
0008,000045,45,0.1636815220117569,1.1630045175552368,0.1232447549700737,0.8959823250770569,0.014873003587126732,0.008425263687968254,0.010661968030035496,0.33942800760269165,0.008142106235027313,0.006295439787209034,0.006873222067952156,0.2122548371553421
0008,000046,46,0.16284142434597015,1.1552969217300415,0.12143639475107193,0.8926352262496948,0.014920582994818687,0.008479047566652298,0.010672067292034626,0.33952686190605164,0.008207091130316257,0.006194939371198416,0.006886200048029423,0.2125566154718399
0008,000047,47,0.16162048280239105,1.155517578125,0.12043771892786026,0.8840171694755554,0.015015841461718082,0.008560585789382458,0.010741657577455044,0.3396868407726288,0.008722233586013317,0.006241955794394016,0.007358334492892027,0.212515726685524
0008,000048,48,0.16044273972511292,1.147749662399292,0.11599291861057281,0.8330636620521545,0.015055682510137558,0.008634434081614017,0.010643801651895046,0.3398704528808594,0.008902262896299362,0.006392604671418667,0.007460589520633221,0.2123132348060608
0008,000049,49,0.15989500284194946,1.1438944339752197,0.11797866225242615,0.845039427280426,0.015131937339901924,0.008676258847117424,0.010588420554995537,0.3399721086025238,0.008105764165520668,0.00627273740246892,0.00675796065479517,0.2125266194343567
0008,000050,50,0.16123653948307037,1.154377818107605,0.12071242183446884,0.8527979850769043,0.015342772006988525,0.008682935498654842,0.01060361135751009,0.34000083804130554,0.00871196947991848,0.006357753649353981,0.007180444430559874,0.21232932806015015
0008,000051,51,0.15998154878616333,1.1511284112930298,0.12031693011522293,0.8302258253097534,0.015391611494123936,0.008757286705076694,0.010716457851231098,0.3400488793849945,0.008909705094993114,0.006345560774207115,0.007182602770626545,0.21222656965255737
0008,000052,52,0.15887507796287537,1.1491608619689941,0.12111777812242508,0.8195188045501709,0.015531128272414207,0.008798716589808464,0.010743750259280205,0.34020888805389404,0.009056576527655125,0.006405739579349756,0.0073080542497336864,0.21200859546661377
0008,000053,53,0.15824083983898163,1.1498218774795532,0.12079466879367828,0.8353646397590637,0.015590712428092957,0.008793480694293976,0.01080725435167551,0.34029412269592285,0.008418194018304348,0.006217683665454388,0.007034112699329853,0.2122351974248886
0008,000054,54,0.15756700932979584,1.1532171964645386,0.12334150075912476,0.8842328190803528,0.015581853687763214,0.008744330145418644,0.010817701928317547,0.3403368592262268,0.008745686151087284,0.005945867393165827,0.007480936590582132,0.21267765760421753
0008,000055,55,0.1549898087978363,1.14767587184906,0.11776267737150192,0.7952442169189453,0.015513607300817966,0.008732161484658718,0.010806060396134853,0.3403822183609009,0.010127877816557884,0.006312054116278887,0.008370659314095974,0.21200589835643768
0008,000056,56,0.15516304969787598,1.1532855033874512,0.12033451348543167,0.8128995895385742,0.015547436662018299,0.008735006675124168,0.010799920186400414,0.34045472741127014,0.009332000277936459,0.0064272191375494,0.00784415751695633,0.21183282136917114
0008,000057,57,0.1559457927942276,1.1585217714309692,0.12096121162176132,0.802192211151123,0.01638212986290455,0.008691092021763325,0.010980342514812946,0.3405792713165283,0.009127750061452389,0.006355243269354105,0.00750943785533309,0.21166346967220306
0008,000058,58,0.1557380110025406,1.163275957107544,0.12422604113817215,0.8182961940765381,0.016439126804471016,0.008640161715447903,0.010881655849516392,0.34063881635665894,0.009778105653822422,0.0064908042550086975,0.007864589802920818,0.21117964386940002
0008,000059,59,0.1562195122241974,1.1652292013168335,0.1259995698928833,0.8066298365592957,0.01640777662396431,0.008601799607276917,0.010770791210234165,0.3407372534275055,0.010459125973284245,0.006768354214727879,0.008160069584846497,0.2102542519569397
0008,000060,60,0.15880504250526428,1.175843596458435,0.12012718617916107,0.7438621520996094,0.01638614945113659,0.008554523810744286,0.010904822498559952,0.34076422452926636,0.010060134343802929,0.00701362919062376,0.007755403406918049,0.2092786282300949
0008,000061,61,0.15948176383972168,1.1836031675338745,0.12343022972345352,0.7527638673782349,0.016085650771856308,0.00862894207239151,0.011165354400873184,0.34066852927207947,0.009625009261071682,0.007137404754757881,0.0073951613157987595,0.2084493488073349
0008,000062,62,0.1626499742269516,1.202168583869934,0.12714077532291412,0.8017684817314148,0.016153253614902496,0.008765481412410736,0.01157908234745264,0.34040194749832153,0.008031143806874752,0.006572554353624582,0.006397121120244265,0.20877176523208618
0008,000063,63,0.161907359957695,1.2181931734085083,0.13306152820587158,0.8882852792739868,0.016176560893654823,0.008893653750419617,0.01189893763512373,0.3402523696422577,0.007917414419353008,0.0059660072438418865,0.0065560173243284225,0.20927155017852783
0008,000064,64,0.15675033628940582,1.1942366361618042,0.13019005954265594,0.8916793465614319,0.015610264614224434,0.00909675844013691,0.011832568794488907,0.34034618735313416,0.007793374825268984,0.00572581822052598,0.006641769781708717,0.20972488820552826
0008,000065,65,0.15738847851753235,1.203277587890625,0.1248040720820427,0.8758428692817688,0.015203507617115974,0.00922285858541727,0.011587616987526417,0.3403799831867218,0.007605564780533314,0.005592276342213154,0.006540995556861162,0.2101849764585495
0008,000066,66,0.15756987035274506,1.2067008018493652,0.12351030111312866,0.871036946773529,0.015059731900691986,0.009310008026659489,0.011506722308695316,0.3404097259044647,0.007440017536282539,0.005620396230369806,0.0064216298051178455,0.2103498876094818
0008,000067,67,0.15794649720191956,1.2067488431930542,0.12291516363620758,0.86288982629776,0.014952143654227257,0.009354883804917336,0.011411742307245731,0.3403930962085724,0.007638157811015844,0.005676880478858948,0.006500354968011379,0.2103932499885559
0008,000068,68,0.1587955206632614,1.210710883140564,0.12309946119785309,0.8636496067047119,0.015075583942234516,0.00937147531658411,0.011420752853155136,0.34041404724121094,0.008112180046737194,0.005832563620060682,0.00687011331319809,0.21033735573291779
0008,000069,69,0.15796704590320587,1.2045507431030273,0.11808247119188309,0.8135764598846436,0.01514874491840601,0.009343544952571392,0.01140675414353609,0.34042611718177795,0.007750255521386862,0.005845990497618914,0.00647324463352561,0.21036529541015625
0008,000070,70,0.15791739523410797,1.2020237445831299,0.12185832113027573,0.8441207408905029,0.014886108227074146,0.009369703941047192,0.011356397531926632,0.34037500619888306,0.007902584038674831,0.005919951479882002,0.006592480465769768,0.21038265526294708
0008,000071,71,0.15875037014484406,1.2018872499465942,0.12491200864315033,0.8566285371780396,0.014992775395512581,0.009396721608936787,0.011435212567448616,0.34039708971977234,0.008408776484429836,0.00606396421790123,0.006858440116047859,0.21024127304553986
0008,000072,72,0.15934090316295624,1.2015879154205322,0.12169375270605087,0.8328092098236084,0.014901376329362392,0.009383942931890488,0.011295820586383343,0.3403731882572174,0.0085050193592906,0.0061431992799043655,0.007136465050280094,0.21011337637901306
0008,000073,73,0.16046614944934845,1.2042032480239868,0.12067762762308121,0.8138729333877563,0.014955134131014347,0.009400775656104088,0.011357493698596954,0.3403371572494507,0.008798373863101006,0.0062762233428657055,0.0073495712131261826,0.20977583527565002
0008,000074,74,0.16073252260684967,1.2013112306594849,0.12322970479726791,0.820290207862854,0.0150362029671669,0.009413894265890121,0.011374271474778652,0.3403216600418091,0.008514881134033203,0.00628947839140892,0.007069110870361328,0.20966258645057678
0008,000075,75,0.16172783076763153,1.2034438848495483,0.12704028189182281,0.8711236715316772,0.015113535337150097,0.009432563558220863,0.011451361700892448,0.3403090834617615,0.00818678643554449,0.006161299999803305,0.007127131335437298,0.20983698964118958
0008,000076,76,0.16183428466320038,1.2050719261169434,0.123369500041008,0.8336129188537598,0.015056578442454338,0.009448578581213951,0.011464476585388184,0.34035438299179077,0.008018387481570244,0.006130934227257967,0.0068930936977267265,0.20982106029987335
0008,000077,77,0.1605069488286972,1.2015525102615356,0.12589451670646667,0.862443208694458,0.015061046928167343,0.009450998157262802,0.011419320479035378,0.34038010239601135,0.00758763263002038,0.00604904443025589,0.006585635710507631,0.20996876060962677
0008,000078,78,0.1597098708152771,1.200136661529541,0.12400723993778229,0.8456004858016968,0.015130257233977318,0.009452787227928638,0.01139739342033863,0.3404213786125183,0.007785513065755367,0.006017758045345545,0.00671339500695467,0.21002191305160522
0008,000079,79,0.16034816205501556,1.2037653923034668,0.12473353743553162,0.8537363409996033,0.01514784712344408,0.009444361552596092,0.011387161910533905,0.340463250875473,0.007916545495390892,0.0060204570181667805,0.0067777312360703945,0.21004171669483185
0008,000080,80,0.15933308005332947,1.1968733072280884,0.12281674891710281,0.825771152973175,0.015291952528059483,0.009443249553442001,0.011441192589700222,0.34053802490234375,0.008382702246308327,0.006168539170175791,0.0070512439124286175,0.20981928706169128
0008,000081,81,0.15951763093471527,1.1968783140182495,0.1223495677113533,0.826733410358429,0.015299481339752674,0.009420777671039104,0.01135764829814434,0.34056881070137024,0.008221193216741085,0.006238684523850679,0.00692429393529892,0.20975066721439362
0008,000082,82,0.1593066155910492,1.1962051391601562,0.12490751594305038,0.8450681567192078,0.015457114204764366,0.009348979219794273,0.01128721609711647,0.34063786268234253,0.009071297943592072,0.006445533595979214,0.007548155263066292,0.2094586342573166
0008,000083,83,0.1579686850309372,1.1874717473983765,0.1253853440284729,0.8539964556694031,0.015521407127380371,0.009211141616106033,0.011104266159236431,0.34074199199676514,0.008792655542492867,0.006458548828959465,0.007295758929103613,0.2092750519514084
0008,000084,84,0.15704134106636047,1.1845463514328003,0.12556348741054535,0.8238314986228943,0.015369495376944542,0.009081749245524406,0.011011079885065556,0.3407122492790222,0.010278889909386635,0.006894344463944435,0.008175908587872982,0.20823591947555542
0008,000085,85,0.15610918402671814,1.1867270469665527,0.12574273347854614,0.828498125076294,0.015387424267828465,0.00909966416656971,0.011316044256091118,0.34054532647132874,0.008508164435625076,0.006843714974820614,0.007083429954946041,0.20807230472564697
0008,000086,86,0.1568528264760971,1.1931356191635132,0.12230539321899414,0.7890193462371826,0.015723684802651405,0.009159685112535954,0.011574494652450085,0.3404712975025177,0.009033240377902985,0.0069212960079312325,0.007355219684541225,0.207567498087883
0008,000087,87,0.16077269613742828,1.212684988975525,0.12380219250917435,0.8016964793205261,0.016089152544736862,0.009286693297326565,0.011948457919061184,0.3404117822647095,0.008355795405805111,0.006703600287437439,0.006840987596660852,0.20749792456626892
0008,000088,88,0.15882983803749084,1.2061518430709839,0.1327473521232605,0.8804478049278259,0.015777619555592537,0.009391197003424168,0.011804225854575634,0.34050968289375305,0.007824747823178768,0.006216016132384539,0.006491064094007015,0.2079077512025833
0008,000089,89,0.1587250828742981,1.2052068710327148,0.12670044600963593,0.8347253203392029,0.015722693875432014,0.00942782312631607,0.011640016920864582,0.34060439467430115,0.007656390313059092,0.006010808516293764,0.006435120943933725,0.20802021026611328
0008,000090,90,0.15987107157707214,1.2060339450836182,0.12752290070056915,0.8512966632843018,0.015687216073274612,0.009398397989571095,0.011481809429824352,0.34070032835006714,0.007443657610565424,0.0058433557860553265,0.006288789678364992,0.2082187384366989
0008,000091,91,0.16126945614814758,1.2058610916137695,0.1273467242717743,0.8411619067192078,0.01577257364988327,0.009301816113293171,0.011331996880471706,0.3408135175704956,0.008258476853370667,0.0058798035606741905,0.006880476605147123,0.20812587440013885
0008,000092,92,0.1622689962387085,1.2007275819778442,0.12442103028297424,0.8118329644203186,0.015910282731056213,0.009132825769484043,0.011161071248352528,0.3408399820327759,0.008649198338389397,0.006040824577212334,0.007173750549554825,0.20783697068691254
0008,000093,93,0.1602248102426529,1.1876235008239746,0.12373340874910355,0.7875756025314331,0.015909450128674507,0.009060711599886417,0.011249990202486515,0.34081631898880005,0.010128776542842388,0.006476621609181166,0.008145065046846867,0.20695993304252625
0008,000094,94,0.16146527230739594,1.1951178312301636,0.12604427337646484,0.8020930290222168,0.016310350969433784,0.009064345620572567,0.011570991948246956,0.3407364785671234,0.008242342621088028,0.006327114533632994,0.006681084632873535,0.20693102478981018
0008,000095,95,0.1629372388124466,1.2088325023651123,0.13144007325172424,0.8493713140487671,0.016541311517357826,0.009189441800117493,0.011928332969546318,0.3405921161174774,0.008045164868235588,0.006134342402219772,0.006616199389100075,0.20697255432605743
0008,000096,96,0.16301405429840088,1.2253875732421875,0.1355411857366562,0.9005952477455139,0.01649608090519905,0.009340938180685043,0.012188011780381203,0.3405783772468567,0.007930304855108261,0.005838732235133648,0.006623059511184692,0.2072906643152237
0008,000097,97,0.1606472134590149,1.2178840637207031,0.12969078123569489,0.8478375673294067,0.016064323484897614,0.00945204310119152,0.0119598638266325,0.3406199514865875,0.008327878080308437,0.005707923322916031,0.006813643500208855,0.20730558037757874
0008,000098,98,0.16060462594032288,1.2234458923339844,0.13236594200134277,0.8839911818504333,0.015831680968403816,0.009506064467132092,0.011785756796598434,0.34067320823669434,0.007551252841949463,0.005528128705918789,0.006352481432259083,0.20760731399059296
0008,000099,99,0.161880761384964,1.2241531610488892,0.12784382700920105,0.8379207253456116,0.01598404347896576,0.009487995877861977,0.011654249392449856,0.34074831008911133,0.00830131210386753,0.005658740643411875,0.006876966916024685,0.20743249356746674
0008,000100,100,0.16243287920951843,1.2151553630828857,0.12853752076625824,0.839759111404419,0.016037529334425926,0.009390249848365784,0.011500160209834576,0.34077876806259155,0.008339766412973404,0.005758590530604124,0.00691297696903348,0.20731036365032196
0008,000101,101,0.16278596222400665,1.2001953125,0.12522387504577637,0.7991735935211182,0.016051825135946274,0.009225284680724144,0.011258909478783607,0.340814471244812,0.008919952437281609,0.005909027997404337,0.007250105030834675,0.20695450901985168
0008,000102,102,0.1649644523859024,1.1968475580215454,0.1275053471326828,0.8373793363571167,0.016247635707259178,0.009093133732676506,0.01131625846028328,0.3407447040081024,0.009280012920498848,0.0060907588340342045,0.007702638395130634,0.20677222311496735
0008,000103,103,0.16351443529129028,1.1955533027648926,0.12359873205423355,0.805619478225708,0.016129372641444206,0.009075690060853958,0.011419976130127907,0.34066900610923767,0.008870375342667103,0.006201514974236488,0.007213421631604433,0.2065073698759079
0008,000104,104,0.1628635972738266,1.217673897743225,0.13113240897655487,0.8813866972923279,0.016364535316824913,0.009158897213637829,0.011974059045314789,0.34059810638427734,0.007798475679010153,0.005812785588204861,0.006403699051588774,0.20696856081485748
0008,000105,105,0.16168467700481415,1.2190122604370117,0.12763912975788116,0.8533668518066406,0.016024110838770866,0.009242811240255833,0.01185473520308733,0.34058913588523865,0.0075779929757118225,0.005574765615165234,0.006282462272793055,0.2071932554244995
0008,000106,106,0.16333380341529846,1.2279318571090698,0.1269499957561493,0.8650140762329102,0.015839993953704834,0.009252252988517284,0.011670488864183426,0.34055113792419434,0.007476450875401497,0.00539501802995801,0.0062921736389398575,0.20757131278514862
0008,000107,107,0.16332727670669556,1.215712308883667,0.12158004939556122,0.8255370259284973,0.015781400725245476,0.009177197702229023,0.011368143372237682,0.3405173122882843,0.007181495428085327,0.00522201182320714,0.006049735005944967,0.20801885426044464
0008,000108,108,0.16241496801376343,1.2020854949951172,0.12045823037624359,0.835830807685852,0.01570872776210308,0.009099572896957397,0.011229622177779675,0.3405073285102844,0.007228614296764135,0.00508928531780839,0.006152067333459854,0.2085135132074356
0008,000109,109,0.16176213324069977,1.1923855543136597,0.11895402520895004,0.8341879844665527,0.015750641003251076,0.0090258764103055,0.011144631542265415,0.3404783308506012,0.0075208814814686775,0.004993855953216553,0.006430827546864748,0.20899876952171326
0008,000110,110,0.16493678092956543,1.2066220045089722,0.11985398828983307,0.8186069130897522,0.015811651945114136,0.008961672894656658,0.011270626448094845,0.34042686223983765,0.008163887076079845,0.005100667010992765,0.006749375723302364,0.2088048756122589
0008,000111,111,0.16552063822746277,1.2119231224060059,0.1191520169377327,0.7986931204795837,0.015727678313851357,0.008924021385610104,0.011254013516008854,0.3403066098690033,0.00823215488344431,0.005251046735793352,0.006834619212895632,0.2085958570241928
0008,000112,112,0.16524487733840942,1.211268424987793,0.12188097089529037,0.8419603109359741,0.015826651826500893,0.008939014747738838,0.011406706646084785,0.3403046727180481,0.007775105070322752,0.005219185259193182,0.006596637889742851,0.20891354978084564
0008,000113,113,0.16243009269237518,1.2066574096679688,0.11855906248092651,0.8297033905982971,0.015841253101825714,0.008936855010688305,0.011395106092095375,0.3402843177318573,0.007466926239430904,0.005102094262838364,0.006283885799348354,0.20939694344997406
0008,000114,114,0.16265489161014557,1.2172415256500244,0.1173010841012001,0.8233997821807861,0.015810294076800346,0.00896748248487711,0.011505275964736938,0.3402644991874695,0.007307023741304874,0.00510392664000392,0.006189578678458929,0.20965659618377686
0008,000115,115,0.15948522090911865,1.1975319385528564,0.11632449179887772,0.8113452792167664,0.01550961472094059,0.009049582295119762,0.011386760510504246,0.3403376340866089,0.00740055413916707,0.005083288997411728,0.006241168826818466,0.2098325788974762
0008,000116,116,0.1609722375869751,1.2029674053192139,0.11624747514724731,0.8233866095542908,0.01564626768231392,0.009103274904191494,0.011447363533079624,0.34035956859588623,0.007204525638371706,0.004967930261045694,0.006120318081229925,0.21034014225006104
0008,000117,117,0.16188469529151917,1.206316590309143,0.11792803555727005,0.823484480381012,0.015225324779748917,0.009111412800848484,0.011229965835809708,0.3403835594654083,0.007292607333511114,0.004965186584740877,0.0062028104439377785,0.210436150431633
0008,000118,118,0.16065756976604462,1.2041493654251099,0.11680154502391815,0.8135440945625305,0.015139208175241947,0.00911449734121561,0.011206882074475288,0.34041333198547363,0.007151554338634014,0.004993452690541744,0.006090003997087479,0.21061432361602783
0008,000119,119,0.16069510579109192,1.2030072212219238,0.11587149649858475,0.8079482316970825,0.015062653459608555,0.009082076139748096,0.011056965216994286,0.3404366970062256,0.007310039829462767,0.005066728685051203,0.006224751938134432,0.210761159658432
0008,000120,120,0.15933996438980103,1.1996874809265137,0.11538001894950867,0.7875851988792419,0.015095063485205173,0.009088164195418358,0.011126773431897163,0.3404734432697296,0.007508130744099617,0.005124030169099569,0.006316866260021925,0.21073415875434875
0008,000121,121,0.16070565581321716,1.2081167697906494,0.11672394722700119,0.793317973613739,0.015155198983848095,0.00906798243522644,0.011137827299535275,0.3404780328273773,0.00743696978315711,0.005212353076785803,0.0062742833979427814,0.21070654690265656
0008,000122,122,0.16140027344226837,1.2103785276412964,0.1177733913064003,0.7934349179267883,0.015104815363883972,0.009034709073603153,0.01107441820204258,0.3404408395290375,0.007458924315869808,0.005247266963124275,0.006249973550438881,0.2107601910829544
0008,000123,123,0.16244220733642578,1.216920256614685,0.11636976897716522,0.776851236820221,0.01524348370730877,0.00897857453674078,0.01106124185025692,0.3404768109321594,0.00750064617022872,0.005296468734741211,0.006288998294621706,0.21084050834178925
0008,000124,124,0.16267648339271545,1.2139776945114136,0.11869851499795914,0.7890207171440125,0.015367363579571247,0.008900393731892109,0.011049560271203518,0.34051916003227234,0.007638716138899326,0.005303249228745699,0.006367902737110853,0.21087440848350525
0008,000125,125,0.16508221626281738,1.2189464569091797,0.11827275156974792,0.7641693353652954,0.015558895654976368,0.00884800124913454,0.011102192103862762,0.3405192792415619,0.008658482693135738,0.005515593104064465,0.007008629851043224,0.2104625105857849
0008,000126,126,0.16573630273342133,1.2101757526397705,0.12281685322523117,0.795610785484314,0.01575913280248642,0.008841699920594692,0.011315906420350075,0.34049415588378906,0.008202971890568733,0.005568229127675295,0.006676710210740566,0.21036843955516815
0008,000127,127,0.16450482606887817,1.2110127210617065,0.12324212491512299,0.8015555143356323,0.015675703063607216,0.008917025290429592,0.011564592830836773,0.3404734432697296,0.00797193218022585,0.0054872301407158375,0.006540815811604261,0.21042095124721527
0008,000128,128,0.1632629930973053,1.2089356184005737,0.12339029461145401,0.8016274571418762,0.015510565601289272,0.008983002044260502,0.011433334089815617,0.34046703577041626,0.007875426672399044,0.0054747918620705605,0.006487078964710236,0.21038378775119781
0008,000129,129,0.1634184718132019,1.2146110534667969,0.12116975337266922,0.7870311141014099,0.01559438742697239,0.00904559064656496,0.011478169821202755,0.3404494822025299,0.007864884100854397,0.005494480021297932,0.006458906922489405,0.210435688495636
0008,000130,130,0.16522261500358582,1.221627950668335,0.12168563902378082,0.7966096997261047,0.01560378447175026,0.009120526723563671,0.011457492597401142,0.3404027819633484,0.008169849403202534,0.005595446098595858,0.006824763026088476,0.21034769713878632
0008,000131,131,0.16519998013973236,1.2215250730514526,0.12371713668107986,0.7990655303001404,0.01556185819208622,0.00916478130966425,0.01135614700615406,0.34038183093070984,0.007869485765695572,0.005654756911098957,0.0064908843487501144,0.21028132736682892
0008,000132,132,0.1641315221786499,1.2174514532089233,0.11785886436700821,0.7627668976783752,0.015519822016358376,0.009156237356364727,0.01129567064344883,0.3404010832309723,0.007447929121553898,0.005518028512597084,0.006082985550165176,0.21047471463680267
0008,000133,133,0.16393646597862244,1.2202240228652954,0.11782041192054749,0.7419116497039795,0.015604862943291664,0.009150747209787369,0.011361614800989628,0.34043440222740173,0.008823313750326633,0.0057310122065246105,0.0070083956234157085,0.20989970862865448
0008,000134,134,0.16418294608592987,1.2220370769500732,0.12223493307828903,0.7851338982582092,0.015565982088446617,0.009152482263743877,0.011358588002622128,0.34046638011932373,0.007976610213518143,0.00577643234282732,0.00651835510507226,0.20986543595790863
0008,000135,135,0.16479644179344177,1.2222273349761963,0.1216803789138794,0.7788662910461426,0.015652474015951157,0.009133887477219105,0.011290905997157097,0.34054574370384216,0.007557998411357403,0.005696375388652086,0.006146303378045559,0.21000316739082336
0008,000136,136,0.16430345177650452,1.218294620513916,0.1181216761469841,0.7500052452087402,0.01570519059896469,0.009126239456236362,0.011290719732642174,0.3405950963497162,0.00801206473261118,0.005748842377215624,0.006479205098003149,0.2099047154188156
0008,000137,137,0.16574233770370483,1.221073865890503,0.12186524271965027,0.7787469625473022,0.015677278861403465,0.009087168611586094,0.01126156933605671,0.3405844271183014,0.00777121726423502,0.005690081510692835,0.006310034543275833,0.20996540784835815
0008,000138,138,0.16689428687095642,1.2198619842529297,0.12175626307725906,0.7795608043670654,0.01576029695570469,0.009015298448503017,0.011212530545890331,0.3406120240688324,0.007774996571242809,0.005538636352866888,0.006371685303747654,0.2100580483675003
0008,000139,139,0.16596920788288116,1.2196229696273804,0.12304138392210007,0.7919020056724548,0.015913818031549454,0.008970635011792183,0.011326700448989868,0.34068337082862854,0.007632057648152113,0.00544131500646472,0.006196431815624237,0.21023260056972504
0008,000140,140,0.1650029867887497,1.2210056781768799,0.12614941596984863,0.8294892907142639,0.015941055491566658,0.009013408794999123,0.011542459949851036,0.34073448181152344,0.007413332350552082,0.0053713019005954266,0.006174398586153984,0.21040983498096466
0008,000141,141,0.16279181838035583,1.2233422994613647,0.12334540486335754,0.8122642636299133,0.016034675762057304,0.009054453112185001,0.011581037193536758,0.34077316522598267,0.007663526572287083,0.005368836689740419,0.006314074154943228,0.21051815152168274
0008,000142,142,0.16177597641944885,1.2219903469085693,0.12153511494398117,0.7987678050994873,0.01627342402935028,0.009049681946635246,0.011579140089452267,0.3407943844795227,0.008398186415433884,0.005506155546754599,0.006821090821176767,0.2104293256998062
0008,000143,143,0.16259072721004486,1.2222225666046143,0.12261587381362915,0.817486047744751,0.016056716442108154,0.00908534973859787,0.011474967002868652,0.3408220708370209,0.008150842972099781,0.005612648092210293,0.006698739714920521,0.2104402631521225
0008,000144,144,0.16230550408363342,1.2222566604614258,0.12235838919878006,0.816370964050293,0.015784570947289467,0.009134304709732533,0.01143792923539877,0.34078532457351685,0.008100156672298908,0.005664393305778503,0.006561047863215208,0.21046024560928345
0008,000145,145,0.16382823884487152,1.2304917573928833,0.12397147715091705,0.8482091426849365,0.015725111588835716,0.009129681624472141,0.011421198956668377,0.34075769782066345,0.007900816388428211,0.005557136610150337,0.006475863978266716,0.2108476608991623
0008,000146,146,0.16368000209331512,1.2262237071990967,0.12040352821350098,0.8309326171875,0.015751231461763382,0.009104253724217415,0.011454147286713123,0.34071189165115356,0.008242236450314522,0.0056204115971922874,0.006871531251817942,0.21088576316833496
0008,000147,147,0.16238896548748016,1.2229278087615967,0.11418422311544418,0.7894209623336792,0.015696793794631958,0.009093837812542915,0.011423236690461636,0.3407014012336731,0.00805331114679575,0.00569132762029767,0.006699621211737394,0.2110161930322647
0008,000148,148,0.16388216614723206,1.2265170812606812,0.1154085099697113,0.8087809085845947,0.015824779868125916,0.009065140970051289,0.011400262825191021,0.3406771123409271,0.007862295024096966,0.005728289484977722,0.006533537060022354,0.21120627224445343
0008,000149,149,0.16436542570590973,1.2237626314163208,0.11706557869911194,0.8153933882713318,0.01593128591775894,0.00904072169214487,0.011411000043153763,0.34072381258010864,0.008446863852441311,0.005789408925920725,0.007039546500891447,0.21109826862812042
0008,000150,150,0.16250082850456238,1.2178947925567627,0.11834370344877243,0.8311952948570251,0.01584503799676895,0.009052432142198086,0.011473676189780235,0.3407054841518402,0.007936456240713596,0.005772660952061415,0.0066358959302306175,0.2112244963645935
0008,000151,151,0.1604090929031372,1.2222294807434082,0.1154555156826973,0.8126550316810608,0.015672510489821434,0.00910116359591484,0.011549646034836769,0.3406428396701813,0.0075342389754951,0.005633493419736624,0.006266326177865267,0.21156899631023407
0008,000152,152,0.15904177725315094,1.218156337738037,0.11430038511753082,0.7964503765106201,0.015660105273127556,0.009133708663284779,0.011491249315440655,0.34061890840530396,0.007786659989506006,0.00561953242868185,0.006421233527362347,0.2116541713476181
0008,000153,153,0.15897104144096375,1.2217601537704468,0.11665132641792297,0.8088966608047485,0.015773124992847443,0.009168864227831364,0.011523665860295296,0.34058937430381775,0.00834964495152235,0.005755946505814791,0.006924257148057222,0.21156024932861328
0008,000154,154,0.15731996297836304,1.2161810398101807,0.11670693010091782,0.8297675251960754,0.015951545909047127,0.009143011644482613,0.011481749825179577,0.34057846665382385,0.008139988407492638,0.005750983487814665,0.006763812154531479,0.21195092797279358
0008,000155,155,0.15723049640655518,1.2134747505187988,0.1153099313378334,0.8138098120689392,0.016086120158433914,0.009080023504793644,0.011516406200826168,0.340532511472702,0.008546861819922924,0.005860716570168734,0.0070288828574121,0.21203450858592987
0008,000156,156,0.15802285075187683,1.2114917039871216,0.11500421911478043,0.800673246383667,0.01585749350488186,0.009093101136386395,0.011498860083520412,0.34045201539993286,0.008687175810337067,0.006024605128914118,0.007100136950612068,0.21194520592689514
0008,000157,157,0.16045081615447998,1.221890926361084,0.11704497039318085,0.8098062872886658,0.01605529896914959,0.009101620875298977,0.01156723964959383,0.34040939807891846,0.009235362522304058,0.006180962547659874,0.0075555783696472645,0.21175381541252136
0008,000158,158,0.15948939323425293,1.2166191339492798,0.11679636687040329,0.8048906326293945,0.01595439203083515,0.009067695587873459,0.011494099162518978,0.3403783142566681,0.008826814591884613,0.006197696086019278,0.007118200417608023,0.2116924226284027
0008,000159,159,0.1591612547636032,1.2171169519424438,0.11726894974708557,0.8098704218864441,0.01589040271937847,0.009036961942911148,0.01149791944772005,0.3404107093811035,0.008642655797302723,0.006132979411631823,0.006965430919080973,0.2117438167333603
0008,000160,160,0.15689660608768463,1.2085211277008057,0.12029561400413513,0.8491983413696289,0.015725621953606606,0.00903644971549511,0.011423616670072079,0.3404340445995331,0.00808157492429018,0.005883265286684036,0.006573032587766647,0.2122863382101059
0008,000161,161,0.1565074920654297,1.205877661705017,0.1202680692076683,0.8603783249855042,0.016530299559235573,0.008979696780443192,0.011616353876888752,0.3405730724334717,0.00878707505762577,0.005712294951081276,0.006974922958761454,0.21269744634628296
0008,000162,162,0.15588492155075073,1.2020868062973022,0.11895568668842316,0.8623661994934082,0.01650538295507431,0.008916559629142284,0.011537925340235233,0.34058302640914917,0.009066524915397167,0.005666613578796387,0.007208146154880524,0.21314074099063873
0008,000163,163,0.1554848849773407,1.2016963958740234,0.11793885380029678,0.8657257556915283,0.016018176451325417,0.00894909631460905,0.01145828329026699,0.34056222438812256,0.008530642837285995,0.005606251768767834,0.006903994362801313,0.21367357671260834
0008,000164,164,0.1562778651714325,1.2030601501464844,0.11554913967847824,0.835429847240448,0.01566913351416588,0.0089381393045187,0.011358640156686306,0.3404984474182129,0.00814354233443737,0.005588968750089407,0.006613589357584715,0.21381716430187225
0008,000165,165,0.15718579292297363,1.2041950225830078,0.11487157642841339,0.8318080306053162,0.015931880101561546,0.008886914700269699,0.011519628576934338,0.3404817283153534,0.008209934458136559,0.00553464749827981,0.006863429676741362,0.2139023393392563
0008,000166,166,0.15680325031280518,1.2010794878005981,0.11325616389513016,0.8110888600349426,0.01567850261926651,0.00889011099934578,0.011398856528103352,0.34050223231315613,0.00799988117069006,0.005482889246195555,0.006645601242780685,0.21412424743175507
0008,000167,167,0.15569669008255005,1.1897287368774414,0.11170610785484314,0.7874959111213684,0.015767231583595276,0.0088668717071414,0.011368680745363235,0.34051066637039185,0.007880864664912224,0.005422019865363836,0.0065103149972856045,0.21431294083595276
0008,000168,168,0.15764039754867554,1.1915086507797241,0.11431115865707397,0.8044766783714294,0.015658432617783546,0.008849384263157845,0.011303873732686043,0.3405219614505768,0.007707553915679455,0.005382428877055645,0.00650870893150568,0.2144511491060257
0008,000169,169,0.15763865411281586,1.1806632280349731,0.11417096853256226,0.8019696474075317,0.01570659875869751,0.008813954889774323,0.011254736222326756,0.3404957950115204,0.007764732465147972,0.005268476903438568,0.006526654586195946,0.21475398540496826
0008,000170,170,0.1598207652568817,1.1882559061050415,0.11282884329557419,0.7808749675750732,0.016075648367404938,0.008757004514336586,0.011402093805372715,0.3404279053211212,0.008545964024960995,0.0053121354430913925,0.007113659754395485,0.2147190123796463
0008,000171,171,0.16235095262527466,1.1953744888305664,0.11298190802335739,0.7754821181297302,0.016455071046948433,0.008719919249415398,0.011617414653301239,0.3403477668762207,0.00897394958883524,0.005432776175439358,0.007451859302818775,0.21459394693374634
0008,000172,172,0.1610320657491684,1.1944156885147095,0.1138797178864479,0.7737452387809753,0.016029324382543564,0.008771087974309921,0.011452875100076199,0.34031087160110474,0.009302535094320774,0.0057265060022473335,0.007798104081302881,0.214283749461174
0008,000173,173,0.16050390899181366,1.1940494775772095,0.11464032530784607,0.7710606455802917,0.015988780185580254,0.008816135115921497,0.011494994163513184,0.3402906358242035,0.009035596624016762,0.00596472155302763,0.00754457525908947,0.21403665840625763
0008,000174,174,0.16074545681476593,1.1919398307800293,0.11488793045282364,0.7797411680221558,0.015974238514900208,0.008838662877678871,0.011485712602734566,0.3403001129627228,0.008334174752235413,0.005959066096693277,0.007000193931162357,0.21410158276557922
0008,000175,175,0.16151897609233856,1.2004008293151855,0.11469005793333054,0.7812235355377197,0.015881335362792015,0.008872997015714645,0.011561666615307331,0.3402565121650696,0.008301562629640102,0.005967448931187391,0.006968568544834852,0.21416549384593964
0008,000176,176,0.16129478812217712,1.2046289443969727,0.1168271154165268,0.8065997362136841,0.015724893659353256,0.00891081802546978,0.011531755328178406,0.340211421251297,0.008168336004018784,0.005922421813011169,0.006874122191220522,0.2143203169107437
0008,000177,177,0.1611083298921585,1.2055134773254395,0.11553885042667389,0.7965465784072876,0.015732139348983765,0.008954179473221302,0.011572160758078098,0.34018000960350037,0.008422569371759892,0.0059453691355884075,0.007129815872758627,0.21434232592582703
0008,000178,178,0.16174563765525818,1.204026222229004,0.11398263275623322,0.7755748629570007,0.015776554122567177,0.009007154032588005,0.011621649377048016,0.3402058780193329,0.008742530830204487,0.00606384314596653,0.007360637187957764,0.21419323980808258
0008,000179,179,0.16262775659561157,1.206864595413208,0.11663207411766052,0.801324725151062,0.015635497868061066,0.00904927123337984,0.011591440066695213,0.34019023180007935,0.008161584846675396,0.006053064949810505,0.006879817228764296,0.21425579488277435
0008,000180,180,0.16264891624450684,1.2080024480819702,0.11748220771551132,0.8034444451332092,0.015562063083052635,0.00907931849360466,0.011542747728526592,0.3401660621166229,0.008651330135762691,0.006161929573863745,0.007271535228937864,0.2140803337097168
0008,000181,181,0.16105924546718597,1.2042081356048584,0.11881717294454575,0.826618492603302,0.015386020764708519,0.009100864641368389,0.01146519836038351,0.3401448130607605,0.008506572805345058,0.006181404925882816,0.007234135642647743,0.2141287475824356
0008,000182,182,0.16082575917243958,1.2028847932815552,0.11635589599609375,0.7951184511184692,0.01547083631157875,0.009123081341385841,0.01150535512715578,0.3401370942592621,0.008476893417537212,0.006285814568400383,0.007127904333174229,0.2139054238796234
0008,000183,183,0.1610778272151947,1.2022802829742432,0.11768057197332382,0.7993695735931396,0.015411682426929474,0.009133844636380672,0.011443442665040493,0.3401004374027252,0.007790768519043922,0.006093221250921488,0.0065185073763132095,0.21407397091388702
0008,000184,184,0.16227185726165771,1.2025408744812012,0.11840025335550308,0.7966204881668091,0.01548701897263527,0.009157120250165462,0.011469217017292976,0.3401426076889038,0.008347601629793644,0.006152166984975338,0.006980339530855417,0.21389935910701752
0008,000185,185,0.16381721198558807,1.2068939208984375,0.11815162003040314,0.791633129119873,0.01545314397662878,0.009136738255620003,0.011408371850848198,0.3400939106941223,0.008297971449792385,0.006165754981338978,0.006938394624739885,0.2137926071882248
0008,000186,186,0.1639403998851776,1.2033765316009521,0.11768697947263718,0.7773787975311279,0.015584580600261688,0.009144045412540436,0.011453967541456223,0.34011995792388916,0.007893750444054604,0.0059760259464383125,0.006496580317616463,0.2139035165309906
0008,000187,187,0.1648695319890976,1.201257586479187,0.12065529823303223,0.8018687963485718,0.01566590555012226,0.009120453149080276,0.011375191621482372,0.3401124179363251,0.008044465444982052,0.005885889753699303,0.00666176900267601,0.2139808088541031
0008,000188,188,0.1653585582971573,1.1987125873565674,0.11917398124933243,0.7911484241485596,0.015789415687322617,0.009105143137276173,0.01139579527080059,0.34014958143234253,0.008687450550496578,0.005987708456814289,0.007223545573651791,0.21384206414222717
0008,000189,189,0.16533072292804718,1.197013020515442,0.11891648173332214,0.7841705083847046,0.015782853588461876,0.0090827327221632,0.011446784250438213,0.34016555547714233,0.008305438794195652,0.0060011353343725204,0.006895200815051794,0.21373875439167023
0008,000190,190,0.16468451917171478,1.1998090744018555,0.11844558268785477,0.775456964969635,0.01576390117406845,0.009061263874173164,0.011489746160805225,0.34012144804000854,0.00869843177497387,0.006114990916103125,0.007155480794608593,0.2134789377450943
0008,000191,191,0.16406501829624176,1.2032548189163208,0.1188482716679573,0.7765048742294312,0.01548142172396183,0.009036869741976261,0.011409340426325798,0.34012511372566223,0.0084809185937047,0.0061816866509616375,0.0070305862464010715,0.2133290022611618
0008,000192,192,0.16438999772071838,1.2018457651138306,0.1176157146692276,0.7740761637687683,0.015625983476638794,0.009046204388141632,0.011456740088760853,0.3401506841182709,0.007436711341142654,0.005927613005042076,0.006138391327112913,0.21355614066123962
0008,000193,193,0.16323842108249664,1.2040008306503296,0.11700882762670517,0.7688803672790527,0.01542271114885807,0.009036590345203876,0.011397517286241055,0.34009480476379395,0.007707696408033371,0.005915834568440914,0.006400585640221834,0.21349988877773285
0008,000194,194,0.163066104054451,1.2090615034103394,0.1166841983795166,0.76318359375,0.0152654480189085,0.009041623212397099,0.011302168481051922,0.3401382565498352,0.007615572307258844,0.0058688451535999775,0.006323330104351044,0.2135617434978485
0008,000195,195,0.1620575487613678,1.207303524017334,0.11720103770494461,0.7636327147483826,0.015239899978041649,0.009044175036251545,0.011289774440228939,0.3401247262954712,0.00813931692391634,0.005999653600156307,0.006740037351846695,0.21329766511917114
0008,000196,196,0.1618397831916809,1.2087609767913818,0.117456816136837,0.7665837407112122,0.015391072258353233,0.00904090330004692,0.011334254406392574,0.3401418626308441,0.007743366062641144,0.005998468026518822,0.0064220065250992775,0.21323904395103455
0008,000197,197,0.16222135722637177,1.207187533378601,0.12138910591602325,0.798864483833313,0.015385367907583714,0.009036791510879993,0.011312210932374,0.34015682339668274,0.007506059017032385,0.005852308124303818,0.006246710661798716,0.21341079473495483
0008,000198,198,0.16188211739063263,1.2080813646316528,0.12369579076766968,0.8167409896850586,0.015448394231498241,0.009020866826176643,0.011361200362443924,0.34013625979423523,0.0073254844173789024,0.005721933674067259,0.006138783413916826,0.21350692212581635
0008,000199,199,0.1620122790336609,1.2042754888534546,0.12330406159162521,0.8172120451927185,0.015436487272381783,0.008993010967969894,0.011322775855660439,0.3401346206665039,0.007484687026590109,0.00563691696152091,0.006308391690254211,0.2135843187570572
0008,000200,200,0.16273054480552673,1.2073249816894531,0.11930637061595917,0.778886079788208,0.015457169152796268,0.008982749655842781,0.011339300312101841,0.34015780687332153,0.007793083321303129,0.005687130615115166,0.006491099949926138,0.21349166333675385
0008,000201,201,0.16281068325042725,1.2058815956115723,0.1187550500035286,0.7795852422714233,0.015508907847106457,0.008975825272500515,0.011313086375594139,0.34017840027809143,0.007334901485592127,0.005583925172686577,0.006122842896729708,0.21369755268096924
0008,000202,202,0.16214515268802643,1.200318455696106,0.12134569883346558,0.7992815971374512,0.015494967810809612,0.008986091241240501,0.011285729706287384,0.3401765525341034,0.007876904681324959,0.005654237233102322,0.006581194698810577,0.21363729238510132
0008,000203,203,0.16314572095870972,1.1996259689331055,0.12033486366271973,0.7886157631874084,0.015542713925242424,0.00900309905409813,0.011278512887656689,0.3402077555656433,0.0077588604763150215,0.0056724101305007935,0.0064979190938174725,0.21363405883312225
0008,000204,204,0.1646866351366043,1.1997556686401367,0.12072855979204178,0.7915706634521484,0.015752509236335754,0.008955788798630238,0.01129065454006195,0.34019628167152405,0.007783755660057068,0.005623684264719486,0.006486424244940281,0.21369796991348267
0008,000205,205,0.16503094136714935,1.196136474609375,0.11973358690738678,0.7813958525657654,0.015833644196391106,0.008917968720197678,0.011321818456053734,0.34015655517578125,0.00816747359931469,0.005630174186080694,0.0067386026494205,0.21364502608776093
0008,000206,206,0.1645747423171997,1.2014142274856567,0.12070629000663757,0.7798448204994202,0.015662407502532005,0.008954948745667934,0.011318167671561241,0.34016793966293335,0.008765967562794685,0.005841854959726334,0.007226371672004461,0.2133033126592636
0008,000207,207,0.1638413965702057,1.2008922100067139,0.12367210537195206,0.8146140575408936,0.01592911034822464,0.008931955322623253,0.011352082714438438,0.34014514088630676,0.007738191168755293,0.0056909071281552315,0.0064713372848927975,0.21349066495895386
0008,000208,208,0.16494762897491455,1.205282211303711,0.12326589971780777,0.8168119788169861,0.016025729477405548,0.00886548962444067,0.011378067545592785,0.34017884731292725,0.007773030549287796,0.005492853000760078,0.006460344884544611,0.2137463539838791
0008,000209,209,0.16395176947116852,1.205664873123169,0.12314798682928085,0.8204172849655151,0.01572287268936634,0.00887596607208252,0.011328063905239105,0.34018591046333313,0.00799012091010809,0.005503314081579447,0.006680721882730722,0.21377214789390564
0008,000210,210,0.16289593279361725,1.2039204835891724,0.1214757189154625,0.7966070175170898,0.015312939882278442,0.00890058372169733,0.011183161288499832,0.34019291400909424,0.008142741397023201,0.0056747570633888245,0.006763209588825703,0.2135576754808426
0008,000211,211,0.16271093487739563,1.2034051418304443,0.12295937538146973,0.8066852688789368,0.015317383222281933,0.008919894695281982,0.011180627159774303,0.340180367231369,0.007828696630895138,0.005743475165218115,0.006552687846124172,0.21350394189357758
0008,000212,212,0.1622781753540039,1.1972991228103638,0.12050978094339371,0.7890800833702087,0.015319613739848137,0.008940414525568485,0.011143917217850685,0.3401981294155121,0.007583089638501406,0.0057222614996135235,0.006325095891952515,0.21358202397823334
0008,000213,213,0.16358806192874908,1.2045505046844482,0.12079009413719177,0.7781005501747131,0.015308517031371593,0.008921388536691666,0.011091875843703747,0.34015414118766785,0.009087052196264267,0.006003235001116991,0.007456319872289896,0.21301908791065216
0008,000214,214,0.16270361840724945,1.2011052370071411,0.12144619226455688,0.7882670164108276,0.01522067841142416,0.008905190043151379,0.011028042994439602,0.340175598859787,0.007432855665683746,0.005863163620233536,0.006188299506902695,0.2131662666797638
0008,000215,215,0.16219164431095123,1.1984673738479614,0.12541711330413818,0.8189589977264404,0.01520225964486599,0.008889120072126389,0.011030889116227627,0.34015655517578125,0.008241678588092327,0.005961199291050434,0.006900780368596315,0.21302835643291473
0008,000216,216,0.16153520345687866,1.1965011358261108,0.12302785366773605,0.7937395572662354,0.015203769318759441,0.008873098529875278,0.011029073037207127,0.3401862382888794,0.008726011961698532,0.006200843956321478,0.007231816183775663,0.21260623633861542
0008,000217,217,0.16165871918201447,1.191173791885376,0.12347999215126038,0.8122233152389526,0.015229468233883381,0.008828019723296165,0.011056174524128437,0.34014254808425903,0.007928751409053802,0.006138152908533812,0.006698962301015854,0.2126876711845398
0008,000218,218,0.16121815145015717,1.1878193616867065,0.1228952631354332,0.804337739944458,0.015147533267736435,0.008788113482296467,0.011039260774850845,0.34012871980667114,0.00821470282971859,0.006201702170073986,0.006925484631210566,0.21256670355796814
0008,000219,219,0.1617552489042282,1.1875132322311401,0.12389566004276276,0.820162296295166,0.015098989009857178,0.008745821192860603,0.011006737127900124,0.3400833308696747,0.008157359436154366,0.006247705314308405,0.0069386619143188,0.21247196197509766
0008,000220,220,0.16239963471889496,1.18809974193573,0.12220795452594757,0.7999491691589355,0.015208940953016281,0.008726285770535469,0.011080821976065636,0.34005311131477356,0.008828788995742798,0.006461034528911114,0.007415517698973417,0.21213246881961823
0008,000221,221,0.16287656128406525,1.18744695186615,0.11927791684865952,0.7596663236618042,0.015087948180735111,0.008734357543289661,0.011003678664565086,0.33999118208885193,0.009330866858363152,0.006759754382073879,0.007655571214854717,0.2115018367767334
0008,000222,222,0.16350921988487244,1.1887884140014648,0.12143255770206451,0.7865345478057861,0.015237417072057724,0.008770950138568878,0.011077815666794777,0.33999669551849365,0.0075869448482990265,0.006450407672673464,0.006370793096721172,0.21178600192070007
0008,000223,223,0.16323025524616241,1.1915693283081055,0.12248595803976059,0.7956028580665588,0.015174396336078644,0.00878208503127098,0.011067016050219536,0.3399648666381836,0.008308683522045612,0.006491218227893114,0.007003376726061106,0.21161973476409912
0008,000224,224,0.16256913542747498,1.1927063465118408,0.11996772885322571,0.7799076437950134,0.015122239477932453,0.008774351328611374,0.010973786935210228,0.33997002243995667,0.0078087467700243,0.006396298296749592,0.006508889142423868,0.21168331801891327
0008,000225,225,0.1625012457370758,1.195723056793213,0.12079133093357086,0.7853213548660278,0.01513366587460041,0.008802973665297031,0.011049079708755016,0.3399678170681,0.008013945072889328,0.006403521168977022,0.006672907620668411,0.21153931319713593
0008,000226,226,0.16326233744621277,1.202588677406311,0.12198542803525925,0.8056198358535767,0.015292223542928696,0.008807218633592129,0.011170425452291965,0.3399122357368469,0.007535641081631184,0.006215847562998533,0.006310868542641401,0.21171903610229492
0008,000227,227,0.1633303463459015,1.2010884284973145,0.11777887493371964,0.7502276301383972,0.015333698131144047,0.008807375095784664,0.011168049648404121,0.3398774266242981,0.008788245730102062,0.006364299450069666,0.007080544717609882,0.21121804416179657
0008,000228,228,0.16323630511760712,1.195342779159546,0.12121926993131638,0.7763431072235107,0.015146094374358654,0.008830915205180645,0.011055028066039085,0.3399190604686737,0.008018424734473228,0.006316679995507002,0.0065581765957176685,0.21109983325004578
0008,000229,229,0.16329562664031982,1.1905828714370728,0.12194559723138809,0.7867589592933655,0.015218856744468212,0.008871328085660934,0.011053587310016155,0.3399639427661896,0.007588470354676247,0.006160086486488581,0.0062514240853488445,0.21113772690296173
0008,000230,230,0.16505590081214905,1.193869709968567,0.12117478251457214,0.7851917743682861,0.015260017476975918,0.008883820846676826,0.011060147546231747,0.3399524986743927,0.00747543852776289,0.006012245547026396,0.006226308178156614,0.21125739812850952
0008,000231,231,0.1655590832233429,1.1911358833312988,0.12167180329561234,0.790868878364563,0.015435289591550827,0.008900143206119537,0.011121246963739395,0.3399668335914612,0.007546788547188044,0.0059514641761779785,0.006323098670691252,0.21123957633972168
0008,000232,232,0.1667906492948532,1.1928759813308716,0.12380558997392654,0.8153061270713806,0.015540886670351028,0.008855138905346394,0.01110838819295168,0.33996695280075073,0.007321984972804785,0.005787455011159182,0.006167304702103138,0.21146361529827118
0008,000233,233,0.16753527522087097,1.1929709911346436,0.12291350215673447,0.8076364994049072,0.015306170098483562,0.008850068785250187,0.011037759482860565,0.339995414018631,0.0072142817080020905,0.005661631003022194,0.006054635159671307,0.21167171001434326
0008,000234,234,0.16845914721488953,1.1892590522766113,0.12326152622699738,0.8136371374130249,0.015348290093243122,0.008848353289067745,0.011023289524018764,0.3399614095687866,0.007249350193887949,0.005548008717596531,0.006081208121031523,0.21189452707767487
0008,000235,235,0.16808436810970306,1.1875221729278564,0.12037340551614761,0.7880891561508179,0.015401591546833515,0.008839407935738564,0.011010478250682354,0.3399345576763153,0.007383823394775391,0.005502714309841394,0.006186947226524353,0.2119579166173935
0008,000236,236,0.16879455745220184,1.1849583387374878,0.11892101913690567,0.7686847448348999,0.01546468771994114,0.008818905800580978,0.011013355106115341,0.33991390466690063,0.007545813452452421,0.005513212643563747,0.006277053616940975,0.2119394987821579
0008,000237,237,0.16876615583896637,1.1822960376739502,0.12160127609968185,0.7892155051231384,0.015564546920359135,0.008799226954579353,0.010981602594256401,0.3399820625782013,0.0077518499456346035,0.005576819181442261,0.006496654357761145,0.21189776062965393
0008,000238,238,0.17014740407466888,1.1901289224624634,0.12148846685886383,0.7952668070793152,0.015584662556648254,0.008793781511485577,0.010997124947607517,0.34001636505126953,0.008151075802743435,0.005684852600097656,0.006832677870988846,0.21180684864521027
0008,000239,239,0.1695631444454193,1.186638593673706,0.11837680637836456,0.767438530921936,0.015562652610242367,0.008784037083387375,0.010887248441576958,0.34005704522132874,0.007478782907128334,0.0056412070989608765,0.006248251534998417,0.21193577349185944
0008,000240,240,0.17024360597133636,1.1905604600906372,0.12299729883670807,0.8036633729934692,0.015489197336137295,0.008773903362452984,0.010790538974106312,0.3400726616382599,0.007660901173949242,0.00560076255351305,0.006280947010964155,0.21214738488197327
0008,000241,241,0.17154091596603394,1.195002794265747,0.1208735853433609,0.7954238057136536,0.015638748183846474,0.008776269853115082,0.01086132787168026,0.34008368849754333,0.007477867417037487,0.005586877465248108,0.006301781162619591,0.21219991147518158
0008,000242,242,0.1702561378479004,1.1897904872894287,0.12190935015678406,0.8080234527587891,0.015856971964240074,0.008724676445126534,0.010841607116162777,0.34008026123046875,0.007579170633107424,0.005521788727492094,0.00640937639400363,0.21237477660179138
0008,000243,243,0.17005957663059235,1.1883543729782104,0.11960731446743011,0.7837865352630615,0.01590733788907528,0.008708256296813488,0.01092399749904871,0.340108722448349,0.008149703033268452,0.005639476235955954,0.006824774667620659,0.21221694350242615
0008,000244,244,0.17159026861190796,1.1978943347930908,0.11967861652374268,0.7809097170829773,0.015903055667877197,0.00872381217777729,0.011073722504079342,0.34011274576187134,0.007857604883611202,0.005645535420626402,0.006552634760737419,0.21214698255062103
0008,000245,245,0.17258138954639435,1.2039098739624023,0.11999645084142685,0.7839099764823914,0.016236567869782448,0.008727684617042542,0.011292045004665852,0.3400476574897766,0.007697331719100475,0.005554322153329849,0.006392727140337229,0.21227391064167023
0008,000246,246,0.1736726015806198,1.2115808725357056,0.11879990249872208,0.7780709862709045,0.01641518995165825,0.008734416216611862,0.011351481080055237,0.3400193452835083,0.00797602254897356,0.0055295126512646675,0.006620133761316538,0.21232227981090546
0008,000247,247,0.17376726865768433,1.2177003622055054,0.11948274821043015,0.7820846438407898,0.016193829476833344,0.008772087283432484,0.011262663640081882,0.34002047777175903,0.00818039383739233,0.005588242318481207,0.006760747171938419,0.21230944991111755
0008,000248,248,0.17441578209400177,1.2272285223007202,0.11976313591003418,0.7965155839920044,0.016241824254393578,0.00884460099041462,0.01125743705779314,0.34000810980796814,0.007869480177760124,0.005568602122366428,0.006604155525565147,0.21250860393047333
0008,000249,249,0.17104464769363403,1.231151819229126,0.1169753298163414,0.777332067489624,0.01601989008486271,0.008867734111845493,0.011167203076183796,0.34001848101615906,0.007932538166642189,0.005610133521258831,0.006654581520706415,0.21259048581123352
0008,000250,250,0.17050056159496307,1.227206826210022,0.11596189439296722,0.7767373323440552,0.016044700518250465,0.008866340853273869,0.011105314828455448,0.33996114134788513,0.00815157126635313,0.005676524247974157,0.006801004521548748,0.21268188953399658
0008,000251,251,0.16936776041984558,1.2248138189315796,0.11688510328531265,0.7891865372657776,0.016344871371984482,0.008810939267277718,0.011104268953204155,0.3400423228740692,0.007877277210354805,0.005609195213764906,0.00658333208411932,0.21292391419410706
0008,000252,252,0.1696545034646988,1.228238582611084,0.11675096303224564,0.8016369938850403,0.016252372413873672,0.008797873742878437,0.011095101945102215,0.34000980854034424,0.008321361616253853,0.005680936388671398,0.006976645439863205,0.21309645473957062
0008,000253,253,0.16951964795589447,1.2251802682876587,0.11429418623447418,0.7798183560371399,0.01609652116894722,0.008789857849478722,0.011048827320337296,0.33995553851127625,0.008435417897999287,0.005825668107718229,0.00703689269721508,0.21301011741161346
0008,000254,254,0.17007902264595032,1.2240657806396484,0.11130598187446594,0.7602332830429077,0.016368016600608826,0.00876955222338438,0.011184955015778542,0.3399609625339508,0.008454670198261738,0.0058722165413200855,0.006976380944252014,0.2130221426486969
0008,000255,255,0.16932764649391174,1.222235918045044,0.1130324974656105,0.773753821849823,0.016158882528543472,0.008758860640227795,0.01106378436088562,0.33996620774269104,0.008863721042871475,0.0060187396593391895,0.007256664801388979,0.21284866333007812
0008,000256,256,0.16824130713939667,1.214190125465393,0.1145947128534317,0.7827948331832886,0.0160061027854681,0.008727551437914371,0.011019701138138771,0.34001606702804565,0.008982748724520206,0.006118747405707836,0.007319653872400522,0.21267744898796082
0008,000257,257,0.16710469126701355,1.2081315517425537,0.12012577801942825,0.843731701374054,0.015979833900928497,0.008715160191059113,0.01110260933637619,0.3400561511516571,0.008815082721412182,0.006076287478208542,0.0073999944142997265,0.21276544034481049
0008,000258,258,0.16563136875629425,1.2014695405960083,0.11954297125339508,0.8607215881347656,0.015808409079909325,0.008713308721780777,0.011020672507584095,0.34011968970298767,0.008580847643315792,0.006083594169467688,0.007257637567818165,0.21297194063663483
0008,000259,259,0.16541188955307007,1.1956391334533691,0.12015845626592636,0.8809547424316406,0.01592021808028221,0.008675520308315754,0.011001271195709705,0.34017273783683777,0.0085444375872612,0.006118971388787031,0.007244753185659647,0.21316847205162048
0008,000260,260,0.16476601362228394,1.1898881196975708,0.11950710415840149,0.886053740978241,0.01597031019628048,0.008652139455080032,0.011043695732951164,0.34019753336906433,0.008825565688312054,0.006216336507350206,0.007499191910028458,0.21319501101970673
0008,000261,261,0.16609860956668854,1.1901655197143555,0.11871848255395889,0.8957700729370117,0.016021329909563065,0.008623357862234116,0.011024867184460163,0.3401988446712494,0.008374271914362907,0.006162583827972412,0.007143251597881317,0.2135690301656723
0008,000262,262,0.16502664983272552,1.1798896789550781,0.11653100699186325,0.8767093420028687,0.016136594116687775,0.008604457601904869,0.011092888191342354,0.34023720026016235,0.00883311778306961,0.006244797259569168,0.007509081158787012,0.21354006230831146
0008,000263,263,0.1658029407262802,1.1833484172821045,0.1140291690826416,0.851635217666626,0.01613704301416874,0.008592545986175537,0.0111592598259449,0.3401739299297333,0.009049667045474052,0.0063567738980054855,0.007605458609759808,0.2134595513343811
0008,000264,264,0.16405674815177917,1.1735996007919312,0.11512071639299393,0.850419282913208,0.016209878027439117,0.008596389554440975,0.01121917087584734,0.34016600251197815,0.008701417595148087,0.006327053997665644,0.007201492320746183,0.21349076926708221
0008,000265,265,0.163802370429039,1.1725960969924927,0.11784075200557709,0.8524982929229736,0.016066312789916992,0.008588450960814953,0.011124261654913425,0.34014254808425903,0.009114693850278854,0.006345036905258894,0.007351269014179707,0.21335777640342712
0008,000266,266,0.1640852838754654,1.1752054691314697,0.11608042567968369,0.8023611307144165,0.016054578125476837,0.008568735793232918,0.011108705773949623,0.3401685953140259,0.00909594539552927,0.006332156248390675,0.007139264140278101,0.21309331059455872
0008,000267,267,0.16416335105895996,1.1789878606796265,0.11918013542890549,0.8124055862426758,0.016087954863905907,0.008575291372835636,0.011145956814289093,0.34019118547439575,0.008877716027200222,0.006169966887682676,0.007060482632368803,0.2131490707397461
0008,000268,268,0.16395029425621033,1.1832362413406372,0.11888299882411957,0.795444905757904,0.015816710889339447,0.008596711792051792,0.011135144159197807,0.3401530683040619,0.00986951868981123,0.006398709490895271,0.0077676656655967236,0.21264417469501495
0008,000269,269,0.1619773805141449,1.1785643100738525,0.11537709832191467,0.7654312252998352,0.015767471864819527,0.008615042082965374,0.011134347878396511,0.3401409685611725,0.008787928149104118,0.006342725362628698,0.007182390429079533,0.2125156968832016
0008,000270,270,0.16239790618419647,1.1841373443603516,0.11652381718158722,0.7940521836280823,0.01556918490678072,0.008621376939117908,0.011135770007967949,0.34010618925094604,0.009090561419725418,0.006328119896352291,0.0076184384524822235,0.21248529851436615
0008,000271,271,0.16501662135124207,1.1951701641082764,0.1170528307557106,0.7956299185752869,0.0159651730209589,0.008622659370303154,0.01131127867847681,0.3400823771953583,0.008920179679989815,0.006359814200550318,0.007338310591876507,0.21248438954353333
0008,000272,272,0.1661563664674759,1.1902817487716675,0.11705213785171509,0.7816936373710632,0.0162523053586483,0.00862050149589777,0.011384754441678524,0.34009620547294617,0.009607214480638504,0.006554295774549246,0.007734959479421377,0.21210581064224243
0008,000273,273,0.16661420464515686,1.185397982597351,0.11760452389717102,0.760921061038971,0.01632368378341198,0.008719407021999359,0.011432459577918053,0.34015196561813354,0.009456166066229343,0.006672445684671402,0.0074654752388596535,0.21158191561698914
0008,000274,274,0.16696122288703918,1.1830657720565796,0.12127647548913956,0.7694437503814697,0.016224633902311325,0.008775986731052399,0.011329561471939087,0.34021228551864624,0.008848549798130989,0.006547901313751936,0.006982107181102037,0.2113608717918396
0008,000275,275,0.1674884855747223,1.183002233505249,0.1208907812833786,0.7499898672103882,0.01645522564649582,0.008770429529249668,0.011404888704419136,0.3402714133262634,0.0093251783400774,0.006533954292535782,0.007277410477399826,0.21085931360721588
0008,000276,276,0.16710211336612701,1.1916890144348145,0.12584373354911804,0.7933114171028137,0.01648649200797081,0.008754213340580463,0.011465032584965229,0.34030428528785706,0.008383172564208508,0.006341015454381704,0.006738328840583563,0.2108677178621292
0008,000277,277,0.16669678688049316,1.1948219537734985,0.12891237437725067,0.8287044763565063,0.016411632299423218,0.008791967295110226,0.01157520990818739,0.3403273820877075,0.008295577950775623,0.006121510174125433,0.006767832674086094,0.2109975665807724
0008,000278,278,0.1675270050764084,1.2036501169204712,0.12864837050437927,0.8465266227722168,0.016187412664294243,0.008828992955386639,0.011520837433636189,0.34025809168815613,0.007826236076653004,0.005915305111557245,0.006451347377151251,0.21130378544330597
0008,000279,279,0.1674184799194336,1.1989424228668213,0.12707647681236267,0.8544164299964905,0.01581144519150257,0.008862834423780441,0.01141576562076807,0.3402061462402344,0.007754519581794739,0.00572920823469758,0.006559050641953945,0.21165716648101807
0008,000280,280,0.16708528995513916,1.198612928390503,0.1250443458557129,0.8529579639434814,0.016125602647662163,0.008816889487206936,0.01159479096531868,0.34011954069137573,0.008339076302945614,0.0056985970586538315,0.007079403847455978,0.21176360547542572
0008,000281,281,0.16819533705711365,1.2020204067230225,0.12167056649923325,0.818873405456543,0.016409369185566902,0.008829685859382153,0.011763271875679493,0.34004324674606323,0.009326367639005184,0.0058821882121264935,0.007775160484015942,0.21154333651065826
0008,000282,282,0.16765503585338593,1.2039774656295776,0.11961853504180908,0.7989211082458496,0.015992363914847374,0.00891064666211605,0.011570298112928867,0.3400583863258362,0.009543941356241703,0.006234522443264723,0.007915401831269264,0.21120598912239075
0008,000283,283,0.16711048781871796,1.207814335823059,0.1219525933265686,0.8189560770988464,0.01559488009661436,0.008974644355475903,0.011373820714652538,0.3401099741458893,0.00871992390602827,0.0063914647325873375,0.0072368294931948185,0.21107766032218933
0008,000284,284,0.1668427288532257,1.208523154258728,0.1215982735157013,0.8160735368728638,0.015659816563129425,0.009000390768051147,0.011367416940629482,0.3401736617088318,0.008233417756855488,0.006386109162122011,0.006875102408230305,0.21104487776756287
0008,000285,285,0.16509491205215454,1.2004307508468628,0.12317944318056107,0.8287175297737122,0.015671389177441597,0.009004435501992702,0.011366651393473148,0.34019899368286133,0.008036776445806026,0.0063265603967010975,0.006675294600427151,0.2110792100429535
0008,000286,286,0.1649162769317627,1.1998473405838013,0.12240047752857208,0.8235378861427307,0.01578967086970806,0.009028641507029533,0.01141002494841814,0.34023529291152954,0.007714304607361555,0.006168651860207319,0.00637701665982604,0.2112167626619339
0008,000287,287,0.1653592437505722,1.2024050951004028,0.12291064113378525,0.8301960229873657,0.015830565243959427,0.009081650525331497,0.011431511491537094,0.3402484059333801,0.0074886418879032135,0.005936552304774523,0.006219079717993736,0.2114759385585785
0008,000288,288,0.16516079008579254,1.2050211429595947,0.12367669492959976,0.8288354873657227,0.015825580805540085,0.009139555506408215,0.011461091227829456,0.3402584195137024,0.008105331100523472,0.005921934265643358,0.006671816576272249,0.2114030420780182
0008,000289,289,0.16504542529582977,1.205725073814392,0.12329316884279251,0.8215943574905396,0.015809571370482445,0.009132631123065948,0.011410522274672985,0.34026145935058594,0.007806653622537851,0.005858748219907284,0.006486365105956793,0.21143993735313416
0008,000290,290,0.16557639837265015,1.214263916015625,0.12196677178144455,0.8141074776649475,0.015848873183131218,0.009134643711149693,0.01148825790733099,0.34028321504592896,0.007901410572230816,0.005826842039823532,0.006512596737593412,0.2114541232585907
0008,000291,291,0.16550129652023315,1.2168867588043213,0.1201995238661766,0.7883417010307312,0.01568431407213211,0.009181725792586803,0.011413409374654293,0.34030085802078247,0.008199498988687992,0.005949726328253746,0.006695551332086325,0.21114268898963928
0008,000292,292,0.16693934798240662,1.2200690507888794,0.1225820928812027,0.8160603642463684,0.015906941145658493,0.009185361675918102,0.01142518874257803,0.34034544229507446,0.007321860641241074,0.00570585485547781,0.006127138622105122,0.2114724963903427
0008,000293,293,0.1674412041902542,1.218929648399353,0.12457938492298126,0.8206162452697754,0.0157406534999609,0.009198672138154507,0.011315046809613705,0.3403390944004059,0.008317487314343452,0.00578662334010005,0.006905270274728537,0.21132633090019226
0008,000294,294,0.16651757061481476,1.218979835510254,0.12386094033718109,0.8043617010116577,0.015851836651563644,0.00920594297349453,0.011307856068015099,0.34040066599845886,0.008592801168560982,0.0060028256848454475,0.0071035283617675304,0.21099327504634857
0008,000295,295,0.16640684008598328,1.2136610746383667,0.1252220869064331,0.8231863379478455,0.01575065217912197,0.0091966288164258,0.011322817765176296,0.34040746092796326,0.00818544626235962,0.006031867582350969,0.0068766470067203045,0.21097750961780548
0008,000296,296,0.1676124632358551,1.2196428775787354,0.12589852511882782,0.8224965929985046,0.015563704073429108,0.009198088198900223,0.011288104578852654,0.3403840661048889,0.008161207661032677,0.006076354067772627,0.00676987087354064,0.21086733043193817
0008,000297,297,0.16745108366012573,1.2191054821014404,0.12400589138269424,0.7948923110961914,0.015908222645521164,0.009167835116386414,0.011412376537919044,0.34037360548973083,0.008775724098086357,0.006252975668758154,0.007138215936720371,0.21044735610485077
0008,000298,298,0.16768859326839447,1.2208014726638794,0.12192686647176743,0.7716173529624939,0.01604047417640686,0.009156879037618637,0.011520491912961006,0.34031009674072266,0.00850590504705906,0.00630785571411252,0.006888394244015217,0.21016882359981537
0008,000299,299,0.1671074777841568,1.2222139835357666,0.12342581152915955,0.7782027125358582,0.015730516985058784,0.009191271848976612,0.011410770937800407,0.340236097574234,0.009324982762336731,0.0065965065732598305,0.007523307576775551,0.20948921144008636
0008,000300,300,0.1664768010377884,1.2162951231002808,0.12213614583015442,0.7667974829673767,0.015903793275356293,0.00922567117959261,0.011527257040143013,0.3402986526489258,0.008604287169873714,0.00661264406517148,0.006922817323356867,0.20920588076114655
0008,000301,301,0.1656300276517868,1.2145264148712158,0.12268035113811493,0.7780900001525879,0.015814829617738724,0.00925850123167038,0.011486616916954517,0.3403386175632477,0.007795060519129038,0.006402346771210432,0.006442012265324593,0.20930103957653046
0008,000302,302,0.16553734242916107,1.2158355712890625,0.1237209215760231,0.7938882112503052,0.01561901904642582,0.009297618642449379,0.011352503672242165,0.3403613269329071,0.007439888548105955,0.006236926186829805,0.0061945379711687565,0.20936454832553864
0008,000303,303,0.16670918464660645,1.2234370708465576,0.1219668909907341,0.779818058013916,0.0155909089371562,0.009334662929177284,0.011391645297408104,0.3403374254703522,0.007776087615638971,0.006228690966963768,0.006464861333370209,0.20916956663131714
0008,000304,304,0.16628484427928925,1.2198034524917603,0.1252211481332779,0.8079198002815247,0.01580965891480446,0.009329276159405708,0.011425904929637909,0.34039315581321716,0.007494606543332338,0.0060487291775643826,0.006230585742741823,0.20926333963871002
0008,000305,305,0.16616281867027283,1.2192591428756714,0.12472856044769287,0.8185698390007019,0.016226904466748238,0.009280126541852951,0.011577029712498188,0.3404008150100708,0.007475673221051693,0.005813990719616413,0.006218161433935165,0.20954027771949768
0008,000306,306,0.16767311096191406,1.2236961126327515,0.12318062782287598,0.813075602054596,0.016084173694252968,0.009260278195142746,0.011450656689703465,0.3404732346534729,0.007480013649910688,0.005711727775633335,0.00627293111756444,0.20972196757793427
0008,000307,307,0.16859793663024902,1.2268750667572021,0.12364055961370468,0.8198835253715515,0.016104180365800858,0.009277014061808586,0.011470407247543335,0.34048548340797424,0.007521748077124357,0.005627597216516733,0.0063499570824205875,0.20984342694282532
0008,000308,308,0.1685185432434082,1.223793625831604,0.12407025694847107,0.8142816424369812,0.016132129356265068,0.009288705885410309,0.011467983014881611,0.3404921889305115,0.008108776994049549,0.005717033054679632,0.006764317862689495,0.2095928192138672
0008,000309,309,0.168157696723938,1.2201300859451294,0.12461927533149719,0.8226535320281982,0.016274889931082726,0.009332448244094849,0.011609544977545738,0.34046313166618347,0.007697070483118296,0.005674315616488457,0.006529632490128279,0.20960788428783417
0008,000310,310,0.1690727323293686,1.2226179838180542,0.1259603351354599,0.8365546464920044,0.016074085608124733,0.009379016235470772,0.011521238833665848,0.34042781591415405,0.007353148423135281,0.005570671521127224,0.006319649517536163,0.20977482199668884
0008,000311,311,0.17024455964565277,1.225487232208252,0.12413445860147476,0.8306355476379395,0.016085313633084297,0.009408615529537201,0.011552035808563232,0.34037554264068604,0.007330423220992088,0.005513318348675966,0.00630068127065897,0.209905743598938
0008,000312,312,0.16986586153507233,1.2252920866012573,0.12280303984880447,0.8251698613166809,0.015971152111887932,0.009424062445759773,0.011426812037825584,0.34036582708358765,0.007500919513404369,0.005554474890232086,0.0064239888451993465,0.20993463695049286
0008,000313,313,0.17057175934314728,1.2260645627975464,0.1212039664387703,0.8207061886787415,0.016272544860839844,0.00939953327178955,0.01152410265058279,0.3404078781604767,0.0073396265506744385,0.005477826111018658,0.006266078911721706,0.2101658284664154
0008,000314,314,0.17089711129665375,1.223705768585205,0.12019707262516022,0.7983878254890442,0.016232753172516823,0.009388260543346405,0.011476409621536732,0.3404604494571686,0.007726211566478014,0.005549806170165539,0.006484888028353453,0.21014387905597687
0008,000315,315,0.17135155200958252,1.2271277904510498,0.12051158398389816,0.8024027943611145,0.016159525141119957,0.009390013292431831,0.011434566229581833,0.3404940962791443,0.007353862281888723,0.005541965365409851,0.006225686054676771,0.21021871268749237
0008,000316,316,0.17020736634731293,1.2183266878128052,0.12124232947826385,0.8247473239898682,0.01604657992720604,0.009317563846707344,0.011345083825290203,0.34052732586860657,0.0072480360977351665,0.0054241931065917015,0.006213529035449028,0.21054162085056305
0008,000317,317,0.17008620500564575,1.220298409461975,0.12114511430263519,0.8205069899559021,0.01606127806007862,0.00929670874029398,0.011459337547421455,0.3404514789581299,0.007613659370690584,0.005443487782031298,0.006503835320472717,0.21064594388008118
0008,000318,318,0.1690758466720581,1.2193835973739624,0.12009625881910324,0.8137159943580627,0.015937931835651398,0.009308475069701672,0.011438141576945782,0.3404059410095215,0.007711898069828749,0.005519426893442869,0.006588224787265062,0.21064695715904236
0008,000319,319,0.17061854898929596,1.226900339126587,0.12008369714021683,0.8399547934532166,0.01587696187198162,0.009305853396654129,0.011392145417630672,0.34033849835395813,0.007457830011844635,0.005411195103079081,0.006450667977333069,0.21112176775932312
0008,000320,320,0.16917462646961212,1.2172318696975708,0.11643069982528687,0.8077935576438904,0.01585032232105732,0.009305053390562534,0.011402648873627186,0.3403366804122925,0.008152009919285774,0.005570045206695795,0.00701116444543004,0.21105371415615082
0008,000321,321,0.1706739068031311,1.2202054262161255,0.11685886979103088,0.8081077337265015,0.016220109537243843,0.009265413507819176,0.011494280770421028,0.3403518795967102,0.008462382480502129,0.005713482853025198,0.007195484824478626,0.21101628243923187
0008,000322,322,0.17031265795230865,1.2179293632507324,0.11677880585193634,0.8150872588157654,0.016129080206155777,0.00931175984442234,0.01140490174293518,0.34040912985801697,0.007914004847407341,0.005732615012675524,0.006783188320696354,0.21121805906295776
0008,000323,323,0.16918529570102692,1.207439661026001,0.11713822185993195,0.8071873784065247,0.0164094977080822,0.009281212463974953,0.011337177827954292,0.34054967761039734,0.008469519205391407,0.005825515370815992,0.007106538861989975,0.21110376715660095
0008,000324,324,0.16930484771728516,1.212603211402893,0.11628389358520508,0.7856947779655457,0.016582295298576355,0.009268474765121937,0.011407610028982162,0.34062135219573975,0.008634925819933414,0.005922514479607344,0.007166428025811911,0.21088366210460663
0008,000325,325,0.17047350108623505,1.2216386795043945,0.1200542077422142,0.829036295413971,0.01657284051179886,0.0092751020565629,0.011438246816396713,0.3406500518321991,0.008020295761525631,0.005859441589564085,0.006777732167392969,0.21109837293624878
0008,000326,326,0.16902166604995728,1.218174934387207,0.11760727316141129,0.8000043630599976,0.01672113500535488,0.009279956109821796,0.011591605842113495,0.3406352400779724,0.008728952147066593,0.00599271897226572,0.007252387702465057,0.21084733307361603
0008,000327,327,0.16586905717849731,1.2082293033599854,0.12189918011426926,0.8430001735687256,0.01676677167415619,0.009332243353128433,0.011686142534017563,0.3406875431537628,0.008386659435927868,0.005919235292822123,0.007089050021022558,0.21104702353477478
0008,000328,328,0.16616860032081604,1.2240607738494873,0.12050528079271317,0.8314418792724609,0.016585418954491615,0.009391858242452145,0.011679595336318016,0.34070301055908203,0.008751314133405685,0.0060586705803871155,0.007404175586998463,0.2108733355998993
0008,000329,329,0.16494029760360718,1.2298364639282227,0.1177072525024414,0.7962736487388611,0.01634468510746956,0.009448656812310219,0.011596830561757088,0.3407246768474579,0.009536025114357471,0.006403095554560423,0.007925703190267086,0.21034488081932068
0008,000330,330,0.16367404162883759,1.230388879776001,0.11770647019147873,0.7943760752677917,0.01628469116985798,0.009491018019616604,0.011606805957853794,0.34073159098625183,0.00847418699413538,0.006429075263440609,0.007078276947140694,0.2102927714586258
0008,000331,331,0.16440214216709137,1.2383359670639038,0.11928713321685791,0.8109129071235657,0.016174092888832092,0.009496844373643398,0.011562662199139595,0.34070783853530884,0.008668076246976852,0.006507243029773235,0.007284529972821474,0.21008354425430298
0008,000332,332,0.16470815241336823,1.2348352670669556,0.11626296490430832,0.7752489447593689,0.016238119453191757,0.00947844423353672,0.011600431054830551,0.34065648913383484,0.008602907881140709,0.00655348040163517,0.007151339203119278,0.20978696644306183
0008,000333,333,0.16383762657642365,1.2316603660583496,0.12263317406177521,0.8333574533462524,0.01651707850396633,0.009474276565015316,0.01177589688450098,0.3406200706958771,0.008183157071471214,0.006335706450045109,0.006861961912363768,0.21003687381744385
0008,000334,334,0.1636766493320465,1.228182077407837,0.1204591765999794,0.8101049661636353,0.016277765855193138,0.009451455436646938,0.011605290696024895,0.3406258821487427,0.008743646554648876,0.006395009346306324,0.007292286027222872,0.20980052649974823
0008,000335,335,0.164138525724411,1.2290890216827393,0.11995073407888412,0.810343325138092,0.016442470252513885,0.009466536343097687,0.01172142568975687,0.34062904119491577,0.007963093928992748,0.006221090909093618,0.006667387671768665,0.20998059213161469
0008,000336,336,0.16433709859848022,1.2269597053527832,0.12355755269527435,0.8479669094085693,0.016315147280693054,0.009486539289355278,0.011683205142617226,0.34059303998947144,0.008113752119243145,0.006031144876033068,0.006750831380486488,0.2103024423122406
0008,000337,337,0.16334477066993713,1.225332260131836,0.12207770347595215,0.8370105624198914,0.016384057700634003,0.009518075734376907,0.011881687678396702,0.340509831905365,0.008388949558138847,0.005985877010971308,0.0069812205620110035,0.21034063398838043
0008,000338,338,0.1644688844680786,1.232779860496521,0.11936376243829727,0.8188691139221191,0.016322946175932884,0.009548787027597427,0.011950581334531307,0.34042754769325256,0.008845583535730839,0.006073769181966782,0.007444283924996853,0.21013624966144562
0008,000339,339,0.1634979248046875,1.2271472215652466,0.11955699324607849,0.8214366436004639,0.016257066279649734,0.009619416669011116,0.011979112401604652,0.3404431641101837,0.008555564098060131,0.006171281449496746,0.007244986481964588,0.21008512377738953
0008,000340,340,0.16305795311927795,1.2208285331726074,0.11771471053361893,0.8148555159568787,0.015986578539013863,0.009698827750980854,0.011861084029078484,0.3404928147792816,0.008282581344246864,0.006159069016575813,0.007022475823760033,0.210247203707695
0008,000341,341,0.16404250264167786,1.223745584487915,0.11541534960269928,0.7833941578865051,0.015905659645795822,0.00974280759692192,0.011744814924895763,0.3404728174209595,0.008592180907726288,0.006264003459364176,0.007245283108204603,0.2100423276424408
0008,000342,342,0.165535107254982,1.2277030944824219,0.11586054414510727,0.7881597876548767,0.01610054261982441,0.009755948558449745,0.01182231679558754,0.3404177725315094,0.00840787123888731,0.0062966723926365376,0.0071359965950250626,0.20997260510921478
0008,000343,343,0.16769301891326904,1.2302393913269043,0.11515956372022629,0.7805762887001038,0.016368987038731575,0.009725471958518028,0.0118588050827384,0.34034937620162964,0.00854961946606636,0.006289965473115444,0.007257137913256884,0.20991478860378265
0008,000344,344,0.16715610027313232,1.224823236465454,0.11388982087373734,0.7768884897232056,0.016009196639060974,0.009761142544448376,0.011685356497764587,0.34031644463539124,0.008077911101281643,0.006257729139178991,0.006882324814796448,0.20999237895011902
0008,000345,345,0.1659134477376938,1.2163991928100586,0.1156967282295227,0.7993071675300598,0.0163772851228714,0.009724977426230907,0.011821677908301353,0.3402830958366394,0.008197004906833172,0.006139928940683603,0.0070005906745791435,0.210238516330719
0008,000346,346,0.16632984578609467,1.217117428779602,0.1153656616806984,0.8018538355827332,0.01619810238480568,0.009727240540087223,0.011777200736105442,0.3402802348136902,0.00813746266067028,0.006038760766386986,0.0068441350013017654,0.21047170460224152
0008,000347,347,0.1669008582830429,1.2209699153900146,0.11551155149936676,0.8215232491493225,0.015937913209199905,0.009786244481801987,0.011698970571160316,0.3402560353279114,0.007981603033840656,0.005967870354652405,0.006872484926134348,0.21069781482219696
0008,000348,348,0.16795824468135834,1.224550724029541,0.1140536293387413,0.8068400025367737,0.0161143708974123,0.009779793210327625,0.011736561544239521,0.34018585085868835,0.00828985869884491,0.006026407238095999,0.007046039216220379,0.21068115532398224
0008,000349,349,0.16746830940246582,1.2174208164215088,0.11310794949531555,0.7931848764419556,0.01569358818233013,0.009759413078427315,0.011501703411340714,0.34017252922058105,0.008608450181782246,0.006150795146822929,0.007217764854431152,0.21062913537025452
0008,000350,350,0.1656349152326584,1.2079826593399048,0.11410095542669296,0.8230262994766235,0.015519107691943645,0.009756762534379959,0.011428692378103733,0.34019145369529724,0.008293497376143932,0.006170334294438362,0.007121183443814516,0.2108098417520523
0008,000351,351,0.1657916009426117,1.2080620527267456,0.11289207637310028,0.8100788593292236,0.015752119943499565,0.009719912894070148,0.011610147543251514,0.3402208089828491,0.009184698574244976,0.006388189271092415,0.007854253984987736,0.2106136530637741
0008,000352,352,0.16403931379318237,1.1960707902908325,0.11415093392133713,0.8562207221984863,0.015527834184467793,0.009681432507932186,0.011415843851864338,0.3402634859085083,0.008587894961237907,0.006375026889145374,0.007501969579607248,0.2109551578760147
0008,000353,353,0.16324137151241302,1.1915898323059082,0.1091623455286026,0.8226293921470642,0.015344646759331226,0.009659580886363983,0.011398308910429478,0.34026455879211426,0.008775733411312103,0.006483158562332392,0.007635786663740873,0.2110428512096405
0008,000354,354,0.1629951447248459,1.186713457107544,0.10763315856456757,0.8101571798324585,0.015176127664744854,0.009665686637163162,0.011345664039254189,0.3402990698814392,0.008608917705714703,0.006606332026422024,0.007450606673955917,0.2110241800546646
0008,000355,355,0.16439972817897797,1.188409447669983,0.10646703839302063,0.7974862456321716,0.015093875117599964,0.009678705595433712,0.011311422102153301,0.3402829170227051,0.008424770087003708,0.0066830371506512165,0.007326886989176273,0.21102391183376312
0008,000356,356,0.16438612341880798,1.1838979721069336,0.10440543293952942,0.7642005681991577,0.015171767212450504,0.00965629518032074,0.011260826140642166,0.3402951657772064,0.008588596247136593,0.006755071226507425,0.007361145224422216,0.210831880569458
0008,000357,357,0.16457699239253998,1.186527967453003,0.10751301050186157,0.7847861051559448,0.015109985135495663,0.009660646319389343,0.011222715489566326,0.34036335349082947,0.00833649467676878,0.006747744977474213,0.0072255623526871204,0.2108069360256195
0008,000358,358,0.1639920175075531,1.1880289316177368,0.10751064866781235,0.7773566842079163,0.015045348554849625,0.009630508720874786,0.011176849715411663,0.34035220742225647,0.009421427734196186,0.007023181766271591,0.008130324073135853,0.21045932173728943
0008,000359,359,0.16301488876342773,1.1862512826919556,0.10741080343723297,0.7568694949150085,0.015319026075303555,0.009555374272167683,0.01124402042478323,0.34036529064178467,0.009169095195829868,0.007080820854753256,0.00767620000988245,0.21024073660373688
0008,000360,360,0.16163793206214905,1.1812739372253418,0.10772726684808731,0.7523938417434692,0.015466440469026566,0.009533406235277653,0.011366505175828934,0.340403288602829,0.009326864965260029,0.007195561658591032,0.007925295270979404,0.20990407466888428
0008,000361,361,0.1625239998102188,1.1861687898635864,0.10973595082759857,0.7726317048072815,0.015232721343636513,0.00952497310936451,0.011252038180828094,0.34039750695228577,0.007991796359419823,0.0069491383619606495,0.006839752197265625,0.21006572246551514
0008,000362,362,0.16322758793830872,1.1924383640289307,0.10991639643907547,0.7493693232536316,0.015342836268246174,0.00954157579690218,0.011281494051218033,0.34045642614364624,0.009488072246313095,0.007150768768042326,0.00790867954492569,0.20952972769737244
0008,000363,363,0.1624470353126526,1.1878159046173096,0.11588558554649353,0.7956047654151917,0.01549388375133276,0.009505992755293846,0.011312178336083889,0.3404896855354309,0.009358170442283154,0.00725481566041708,0.007845981977880001,0.20927906036376953
0008,000364,364,0.16219952702522278,1.191089391708374,0.11489413678646088,0.811773955821991,0.015357536263763905,0.009514478966593742,0.011328435502946377,0.34050825238227844,0.00830773450434208,0.007100378628820181,0.007202033884823322,0.20941749215126038
0008,000365,365,0.1622750163078308,1.1907967329025269,0.1137765422463417,0.8107424378395081,0.015208989381790161,0.00951582845300436,0.011229761876165867,0.34048253297805786,0.008114669471979141,0.006967059802263975,0.00705180736258626,0.20952756702899933
0008,000366,366,0.1631469428539276,1.1933801174163818,0.1124592274427414,0.811071515083313,0.015377610921859741,0.00950855202972889,0.011256467550992966,0.3404850363731384,0.00820789486169815,0.006820080801844597,0.007151464931666851,0.20967090129852295
0008,000367,367,0.16372618079185486,1.195394515991211,0.11117676645517349,0.8029556274414062,0.015471414662897587,0.00949881225824356,0.011283671483397484,0.34048935770988464,0.007870236411690712,0.006633318029344082,0.006839436944574118,0.20983131229877472
0008,000368,368,0.16355125606060028,1.191785454750061,0.10966041684150696,0.7946590781211853,0.015490186400711536,0.00951491016894579,0.011218519881367683,0.34051400423049927,0.007915561087429523,0.0064854370430111885,0.006781107746064663,0.2100200057029724
0008,000369,369,0.1640816181898117,1.1952625513076782,0.10898991674184799,0.7879681587219238,0.0155027462169528,0.009508398361504078,0.011128813959658146,0.3405955731868744,0.00825522094964981,0.006446346174925566,0.007001636084169149,0.21008038520812988
0008,000370,370,0.16321511566638947,1.1949187517166138,0.11078154295682907,0.7833266258239746,0.01559087261557579,0.009496627375483513,0.011154886335134506,0.3406526744365692,0.008214951492846012,0.006449633277952671,0.0069357361644506454,0.20997962355613708
0008,000371,371,0.16401764750480652,1.1973239183425903,0.10938552767038345,0.7586840987205505,0.01565033383667469,0.009463594295084476,0.011156035587191582,0.3406609892845154,0.008697091601788998,0.006519991438835859,0.007288991939276457,0.20967110991477966
0008,000372,372,0.16373971104621887,1.1946953535079956,0.11017388850450516,0.7558336853981018,0.01588974893093109,0.009449736215174198,0.011193078942596912,0.3407139778137207,0.008036148734390736,0.006319281179457903,0.006585098337382078,0.20985718071460724
0008,000373,373,0.166057288646698,1.2041020393371582,0.11071328818798065,0.774675190448761,0.01602957956492901,0.009380084462463856,0.011157751083374023,0.34074634313583374,0.008137939497828484,0.006208859849721193,0.006818835623562336,0.2100367397069931
0008,000374,374,0.16375111043453217,1.1950806379318237,0.11061090230941772,0.7764280438423157,0.016359452158212662,0.009334499947726727,0.011314380913972855,0.3407115042209625,0.008163741789758205,0.006053365767002106,0.006889631971716881,0.21022744476795197
0008,000375,375,0.1628096103668213,1.1904377937316895,0.10948652029037476,0.7726373076438904,0.017068039625883102,0.009289129637181759,0.011583940126001835,0.3407944142818451,0.008633890189230442,0.0060317483730614185,0.007256436161696911,0.2103894054889679
0008,000376,376,0.16205134987831116,1.1951522827148438,0.1112041026353836,0.7807952165603638,0.016724228858947754,0.009338567033410072,0.011585322208702564,0.3407893180847168,0.0090622054412961,0.006144923157989979,0.007514375261962414,0.21040253341197968
0008,000377,377,0.16072764992713928,1.1958659887313843,0.1124194785952568,0.788028359413147,0.01637265272438526,0.00942523218691349,0.011507338844239712,0.34083956480026245,0.009117905050516129,0.006363620050251484,0.007665097247809172,0.2102641761302948
0008,000378,378,0.16115352511405945,1.198323369026184,0.110442154109478,0.7736709713935852,0.01648806408047676,0.009447827003896236,0.01149222906678915,0.3408205807209015,0.008656948804855347,0.00630742684006691,0.0071966079995036125,0.21039780974388123
0008,000379,379,0.16275539994239807,1.1988732814788818,0.1110261082649231,0.7718781232833862,0.0166376531124115,0.009472103789448738,0.011474786326289177,0.3408379554748535,0.008861107751727104,0.006308794487267733,0.007455775979906321,0.21030540764331818
0008,000380,380,0.16380174458026886,1.2021394968032837,0.11222966015338898,0.7802899479866028,0.016808774322271347,0.009510824456810951,0.011445671319961548,0.34088218212127686,0.008694569580256939,0.006273834500461817,0.00732718501240015,0.21029625833034515
0008,000381,381,0.1637619435787201,1.2002010345458984,0.11353027075529099,0.7892361879348755,0.01684524118900299,0.009500393643975258,0.01152058131992817,0.34093597531318665,0.008551869541406631,0.006196586415171623,0.007170052267611027,0.2104264795780182
0008,000382,382,0.16431911289691925,1.1980668306350708,0.11476138234138489,0.7900400161743164,0.017021656036376953,0.009492343291640282,0.011607076041400433,0.3409687876701355,0.009089936502277851,0.006280193571001291,0.007549731060862541,0.21031005680561066
0008,000383,383,0.16649129986763,1.2003064155578613,0.11547211557626724,0.8066374659538269,0.017399508506059647,0.009485539980232716,0.01176424790173769,0.3410029113292694,0.008883588947355747,0.006223007570952177,0.00747050391510129,0.21041779220104218
0008,000384,384,0.16459739208221436,1.1931164264678955,0.11489691585302353,0.8114780187606812,0.017220593988895416,0.00959706585854292,0.01186469104140997,0.3410218358039856,0.008705406449735165,0.006115697789937258,0.007299310062080622,0.2106705904006958
0008,000385,385,0.16464883089065552,1.2020622491836548,0.11024889349937439,0.7754266858100891,0.01736396737396717,0.009715590626001358,0.011883283033967018,0.3410705626010895,0.00851551815867424,0.005992284044623375,0.007087657693773508,0.21094968914985657
0008,000386,386,0.16546155512332916,1.2140014171600342,0.11097072064876556,0.8015604615211487,0.01750681921839714,0.009812063537538052,0.011907000094652176,0.3411008417606354,0.008436882868409157,0.0058755590580403805,0.00705043226480484,0.21127887070178986
0008,000387,387,0.16427426040172577,1.2199751138687134,0.11396864801645279,0.8418034911155701,0.01757853478193283,0.009879852645099163,0.01180845033377409,0.3411619961261749,0.008371327072381973,0.005744344089180231,0.006886899471282959,0.21164308488368988
0008,000388,388,0.16552677750587463,1.2427871227264404,0.11028257012367249,0.841620922088623,0.01753157377243042,0.009883837774395943,0.01175885833799839,0.34118449687957764,0.00878955703228712,0.005706047173589468,0.007460457272827625,0.2120407372713089
0008,000389,389,0.16350145637989044,1.2434087991714478,0.10882766544818878,0.8498342037200928,0.01763557270169258,0.009875438176095486,0.011892392300069332,0.3410544991493225,0.009074202738702297,0.005781090352684259,0.0076265279203653336,0.2123696208000183
0010,000002,2,0.22498482465744019,1.1228969097137451,0.12505406141281128,0.6884456872940063,0.013855647295713425,0.002868118928745389,0.008008170872926712,0.33921122550964355,0.006110040005296469,0.0012647784315049648,0.004168293904513121,0.21285736560821533
0010,000003,3,0.22911317646503448,1.1813139915466309,0.12405885756015778,0.692764163017273,0.014172028750181198,0.003802846185863018,0.008461514487862587,0.33891892433166504,0.006224877201020718,0.0018056136323139071,0.004285349510610104,0.2134462594985962
0010,000004,4,0.22983694076538086,1.2160847187042236,0.12393814325332642,0.7012126445770264,0.014042873866856098,0.004286310635507107,0.008579165674746037,0.3387889564037323,0.006293071433901787,0.002138590207323432,0.0044395532459020615,0.21353591978549957
0010,000005,5,0.2249540239572525,1.215709924697876,0.12833599746227264,0.738907516002655,0.014025304466485977,0.004637973383069038,0.008722982369363308,0.3387393653392792,0.0067041777074337006,0.0025080491323024035,0.004647161811590195,0.2134597897529602
0010,000006,6,0.22027404606342316,1.2116570472717285,0.1226281076669693,0.7063382863998413,0.014086863957345486,0.004950062371790409,0.00883606169372797,0.33875924348831177,0.006678877864032984,0.002732890425249934,0.004700788762420416,0.21347464621067047
0010,000007,7,0.2180383801460266,1.2194143533706665,0.12614402174949646,0.7411653995513916,0.014315417967736721,0.005212524440139532,0.00908808596432209,0.33874887228012085,0.006712850648909807,0.0029466997366398573,0.004865743685513735,0.21372388303279877
0010,000008,8,0.21503257751464844,1.2153505086898804,0.13043741881847382,0.7960510849952698,0.014346984215080738,0.00545090576633811,0.009115489199757576,0.3388300836086273,0.00668318523094058,0.0031181862577795982,0.005022730678319931,0.2139667123556137
0010,000009,9,0.21181245148181915,1.209829330444336,0.13292790949344635,0.8408701419830322,0.014253637753427029,0.005655990447849035,0.009084096178412437,0.3388754725456238,0.0069394963793456554,0.003243239363655448,0.005435606464743614,0.214540496468544
0010,000010,10,0.20781704783439636,1.1994341611862183,0.12816336750984192,0.8208320736885071,0.014375310391187668,0.005823289975523949,0.009167566895484924,0.33895546197891235,0.006822025403380394,0.003417886793613434,0.005414397921413183,0.21488074958324432
0010,000011,11,0.20549286901950836,1.1943063735961914,0.12956835329532623,0.8206801414489746,0.014570711180567741,0.005978167522698641,0.009276237338781357,0.33899804949760437,0.007098792586475611,0.003572209971025586,0.0055390093475580215,0.2150130271911621
0010,000012,12,0.20318719744682312,1.1828927993774414,0.12513850629329681,0.768447756767273,0.014667392708361149,0.0061025251634418964,0.00931122899055481,0.3390471339225769,0.007592152804136276,0.0037907795049250126,0.005744938272982836,0.2146795243024826
0010,000013,13,0.2028035819530487,1.1856801509857178,0.12480060011148453,0.7547056078910828,0.014642451889812946,0.006189565174281597,0.009376677684485912,0.3390221893787384,0.0072344099171459675,0.003913513384759426,0.005403922870755196,0.21459856629371643
0010,000014,14,0.20206283032894135,1.1852006912231445,0.12179451435804367,0.7335397601127625,0.014740183018147945,0.006290241610258818,0.009458944201469421,0.33903199434280396,0.00743493065237999,0.0040811169892549515,0.005630222614854574,0.21436592936515808
0010,000015,15,0.1998175084590912,1.1749035120010376,0.12088631093502045,0.7156295776367188,0.014807499945163727,0.006342384964227676,0.009481354616582394,0.3390301764011383,0.007742967456579208,0.004260691348463297,0.005659171845763922,0.214071586728096
0010,000016,16,0.19913825392723083,1.1738507747650146,0.12156599760055542,0.7146267890930176,0.01484669093042612,0.0063857571221888065,0.00948320422321558,0.33902186155319214,0.007101166062057018,0.0042723193764686584,0.0052575417794287205,0.21399708092212677
0010,000017,17,0.19737254083156586,1.1673059463500977,0.12058974802494049,0.6976814866065979,0.0148872509598732,0.0064248573035001755,0.00945761427283287,0.33906665444374084,0.007908516563475132,0.004487514495849609,0.0057113561779260635,0.21341043710708618
0010,000018,18,0.19670382142066956,1.1666322946548462,0.1256868541240692,0.7298658490180969,0.015065543353557587,0.006458566524088383,0.009506168775260448,0.33907178044319153,0.007231200113892555,0.004441131372004747,0.0052457149140536785,0.21334676444530487
0010,000019,19,0.19554588198661804,1.1641876697540283,0.12501977384090424,0.7082688212394714,0.015084177255630493,0.006457979790866375,0.009514235891401768,0.33912044763565063,0.008042395114898682,0.004620764870196581,0.005528453271836042,0.21271932125091553
0010,000020,20,0.19448095560073853,1.1593692302703857,0.12896937131881714,0.7342925071716309,0.015128741972148418,0.006480616983026266,0.009548950009047985,0.3391226530075073,0.007755280937999487,0.00469971401616931,0.0052650501020252705,0.21233516931533813
0010,000021,21,0.19310235977172852,1.1570488214492798,0.12734414637088776,0.7209274172782898,0.01516024861484766,0.006501981522887945,0.009566642343997955,0.3391288220882416,0.007879405282437801,0.0047963387332856655,0.005397813860327005,0.21186435222625732
0010,000022,22,0.19123494625091553,1.1507707834243774,0.12753115594387054,0.741799533367157,0.015100131742656231,0.006490690167993307,0.00953646469861269,0.3391656279563904,0.00793663039803505,0.0048054857179522514,0.005724654532968998,0.21162927150726318
0010,000023,23,0.19066406786441803,1.1480337381362915,0.12499534338712692,0.7107493877410889,0.015259025618433952,0.006514199543744326,0.009589419700205326,0.3391748070716858,0.008434553630650043,0.005039358977228403,0.005820304621011019,0.21087710559368134
0010,000024,24,0.18861249089241028,1.142476201057434,0.12371966242790222,0.7095217108726501,0.01532826479524374,0.0065630157478153706,0.009628554806113243,0.33914661407470703,0.007813950069248676,0.00502316327765584,0.005505774635821581,0.21070854365825653
0010,000025,25,0.1887790560722351,1.1492446660995483,0.1252950131893158,0.7223925590515137,0.015619799494743347,0.006677213590592146,0.009706666693091393,0.33919429779052734,0.007843386381864548,0.005018031224608421,0.0054583377204835415,0.21049095690250397
0010,000026,26,0.18930332362651825,1.1532467603683472,0.12477978318929672,0.7338007092475891,0.01568048819899559,0.006745615974068642,0.009749436751008034,0.3392222821712494,0.007155691739171743,0.004820693284273148,0.005252442788332701,0.21073724329471588
0010,000027,27,0.18775112926959991,1.1541746854782104,0.12268608063459396,0.7559245228767395,0.015622635371983051,0.0068076299503445625,0.009834094904363155,0.33928024768829346,0.007544421590864658,0.004661071114242077,0.005823521874845028,0.2112439125776291
0010,000028,28,0.1849045753479004,1.150779366493225,0.11888708174228668,0.7567331194877625,0.015555189922451973,0.006875380873680115,0.009757967665791512,0.339340478181839,0.007875313982367516,0.004697837401181459,0.006273411680012941,0.21158374845981598
0010,000029,29,0.18296943604946136,1.1431852579116821,0.12027309089899063,0.7713536024093628,0.015576870180666447,0.006899375934153795,0.009708461351692677,0.3393864631652832,0.007765043992549181,0.00479324022307992,0.0060464004054665565,0.21155685186386108
0010,000030,30,0.18272177875041962,1.1389321088790894,0.11764261871576309,0.7614448666572571,0.015756869688630104,0.006947338115423918,0.009751271456480026,0.33938688039779663,0.007531918119639158,0.004854044411331415,0.005775103811174631,0.2116035521030426
0010,000031,31,0.18413183093070984,1.1411120891571045,0.12009411305189133,0.7781822085380554,0.015948066487908363,0.006959844380617142,0.009829036891460419,0.33940285444259644,0.007845639251172543,0.004975771997123957,0.00605130335316062,0.21147623658180237
0010,000032,32,0.18694324791431427,1.1494044065475464,0.1201087161898613,0.7996886372566223,0.016195565462112427,0.006966263521462679,0.009946455247700214,0.3393994867801666,0.0074808248318731785,0.004939330741763115,0.005855289753526449,0.2118050754070282
0010,000033,33,0.18612352013587952,1.1433006525039673,0.12262566387653351,0.8249692916870117,0.016132675111293793,0.006989095825701952,0.009917615912854671,0.33946073055267334,0.007554140407592058,0.004948534537106752,0.00593278044834733,0.21195769309997559
0010,000034,34,0.1860140562057495,1.1481869220733643,0.12377451360225677,0.8357707858085632,0.01606149412691593,0.0070490762591362,0.009953099302947521,0.3395395874977112,0.007115127984434366,0.00479301530867815,0.005520781502127647,0.21239282190799713
0010,000035,35,0.18729639053344727,1.1603587865829468,0.12103371322154999,0.8019334673881531,0.016175905242562294,0.0070895543321967125,0.009998834691941738,0.33956611156463623,0.007606291677802801,0.004797239322215319,0.0058961473405361176,0.21225598454475403
0010,000036,36,0.18643638491630554,1.1596938371658325,0.11851181089878082,0.7777997255325317,0.01624174229800701,0.007134929299354553,0.010052230209112167,0.33958107233047485,0.007740662898868322,0.0048407758586108685,0.005995174869894981,0.21214355528354645
0010,000037,37,0.1864110380411148,1.1665807962417603,0.12060490250587463,0.8045547008514404,0.016207141801714897,0.007169285789132118,0.010052232071757317,0.3396078050136566,0.0072133201174438,0.004769857041537762,0.005622170399874449,0.21250700950622559
0010,000038,38,0.18605861067771912,1.1642149686813354,0.119118332862854,0.7931782603263855,0.016252612695097923,0.007200733292847872,0.01010485552251339,0.33960872888565063,0.0073661720380187035,0.004767989739775658,0.00576135516166687,0.2126135230064392
0010,000039,39,0.18683983385562897,1.171859860420227,0.11782099306583405,0.7796860337257385,0.016348348930478096,0.007245996966958046,0.010163295082747936,0.3396665155887604,0.007213369011878967,0.004718640353530645,0.005684852600097656,0.21279004216194153
0010,000040,40,0.1852279007434845,1.1603672504425049,0.11697028577327728,0.7707904577255249,0.016281144693493843,0.007274017669260502,0.010110946372151375,0.3397206664085388,0.007369561120867729,0.004730757791548967,0.0058654434978961945,0.21282704174518585
0010,000041,41,0.18410952389240265,1.1593345403671265,0.1192212700843811,0.7953136563301086,0.016308534890413284,0.007309058215469122,0.010194304399192333,0.33972957730293274,0.0071398429572582245,0.004657220095396042,0.005748020019382238,0.21318480372428894
0010,000042,42,0.18334245681762695,1.1693140268325806,0.11491156369447708,0.7398577928543091,0.01637357473373413,0.007323874160647392,0.010264328680932522,0.3397420048713684,0.007999062538146973,0.004780743271112442,0.006291455589234829,0.21285417675971985
0010,000043,43,0.18098492920398712,1.1662371158599854,0.1157720759510994,0.7402604818344116,0.01636866107583046,0.007342364173382521,0.010238824412226677,0.33982834219932556,0.007594432216137648,0.004744359757751226,0.005976388230919838,0.21295320987701416
0010,000044,44,0.18123625218868256,1.1636136770248413,0.11636295914649963,0.741397500038147,0.016314605250954628,0.007331295870244503,0.01014093216508627,0.33977875113487244,0.00756043428555131,0.004762270953506231,0.005982275120913982,0.21287451684474945
0010,000045,45,0.18280799686908722,1.1666661500930786,0.11627986282110214,0.7239590883255005,0.016664493829011917,0.007304264698177576,0.010271536186337471,0.3397632837295532,0.007962937466800213,0.0048162792809307575,0.006177288014441729,0.21271240711212158
0010,000046,46,0.18240569531917572,1.1682584285736084,0.11892052739858627,0.7241446375846863,0.016795657575130463,0.0073379590176045895,0.010415366850793362,0.33978164196014404,0.00833453331142664,0.004993065260350704,0.006408047396689653,0.21220658719539642
0010,000047,47,0.18291139602661133,1.16830575466156,0.1218203753232956,0.7411877512931824,0.016797898337244987,0.007427792996168137,0.010469038970768452,0.33977654576301575,0.008378245867788792,0.005109061952680349,0.006473603658378124,0.2117975354194641
0010,000048,48,0.18461482226848602,1.1726129055023193,0.1262727975845337,0.7773937582969666,0.01676180213689804,0.007530964910984039,0.01043669506907463,0.33978864550590515,0.007605608087033033,0.004943171516060829,0.005874366499483585,0.21194283664226532
0010,000049,49,0.18482337892055511,1.170042634010315,0.12718650698661804,0.7978876829147339,0.0166190043091774,0.007553398609161377,0.010421200655400753,0.3397805690765381,0.007309804204851389,0.004755924455821514,0.005869528278708458,0.212251678109169
0010,000050,50,0.18363605439662933,1.1718603372573853,0.125723734498024,0.7771776914596558,0.016596827656030655,0.0075441147200763226,0.01060026977211237,0.3398008644580841,0.008702407591044903,0.0050828102976083755,0.006849204655736685,0.21171404421329498
0010,000051,51,0.18383793532848358,1.175283670425415,0.12383642047643661,0.7696468830108643,0.01651710644364357,0.007596539333462715,0.010647749528288841,0.33977869153022766,0.008458529599010944,0.005280863028019667,0.006771139334887266,0.21142850816249847
0010,000052,52,0.18504418432712555,1.1833062171936035,0.12336090207099915,0.7666645646095276,0.016584308817982674,0.007648251950740814,0.01067422702908516,0.3397515118122101,0.008035778999328613,0.005375111475586891,0.0065167988650500774,0.2113143652677536
0010,000053,53,0.18466037511825562,1.1854171752929688,0.12244018912315369,0.7645116448402405,0.016625724732875824,0.007696676068007946,0.010799296200275421,0.3397659957408905,0.008128460496664047,0.005399283021688461,0.006583728361874819,0.21117384731769562
0010,000054,54,0.18551287055015564,1.1882718801498413,0.1266651153564453,0.8073101043701172,0.016575278714299202,0.00778558012098074,0.010827723890542984,0.339771568775177,0.007451597135514021,0.005269564222544432,0.006155175622552633,0.21136735379695892
0010,000055,55,0.1856505572795868,1.2009408473968506,0.12807272374629974,0.8311794996261597,0.016592781990766525,0.007825037464499474,0.010908091440796852,0.3397979438304901,0.007756778970360756,0.00521973567083478,0.006407866254448891,0.21157246828079224
0010,000056,56,0.18092843890190125,1.1978524923324585,0.1307367980480194,0.8825603723526001,0.016456320881843567,0.007842602208256721,0.010880806483328342,0.3398643434047699,0.007826683111488819,0.005031904671341181,0.006639508996158838,0.21214984357357025
0010,000057,57,0.17864112555980682,1.201271414756775,0.12827841937541962,0.8946502208709717,0.0160993542522192,0.007858993485569954,0.010778902098536491,0.33987686038017273,0.00777554651722312,0.005037705413997173,0.006733266171067953,0.21260009706020355
0010,000058,58,0.17496733367443085,1.1885323524475098,0.12009268999099731,0.8377165794372559,0.01626698300242424,0.007859135046601295,0.010989979840815067,0.3398669362068176,0.008159301243722439,0.005215521436184645,0.006967110559344292,0.2127007246017456
0010,000059,59,0.1745888739824295,1.1883995532989502,0.11875907331705093,0.8267900347709656,0.016550246626138687,0.007872039452195168,0.011106226593255997,0.3398779630661011,0.008247900754213333,0.005244002677500248,0.006904897280037403,0.21293653547763824
0010,000060,60,0.17549708485603333,1.1934659481048584,0.12043227255344391,0.848049521446228,0.016591938212513924,0.007921358570456505,0.011143223382532597,0.3399476408958435,0.008126473985612392,0.005180372390896082,0.006760106422007084,0.21341431140899658
0010,000061,61,0.17688588798046112,1.2090649604797363,0.11865498125553131,0.8357438445091248,0.0162663497030735,0.008000626228749752,0.011014599353075027,0.3399970829486847,0.008146998472511768,0.005246855318546295,0.00678170844912529,0.2135869264602661
0010,000062,62,0.1786041557788849,1.2096728086471558,0.11967197805643082,0.8539807200431824,0.016733909025788307,0.007810920476913452,0.01102103665471077,0.34001779556274414,0.008590517565608025,0.005219581071287394,0.007294741924852133,0.21386216580867767
0010,000063,63,0.17761753499507904,1.2104920148849487,0.11717914789915085,0.8453701734542847,0.01631966233253479,0.0077254255302250385,0.010873530060052872,0.3400372266769409,0.00869261845946312,0.005250576883554459,0.007408700883388519,0.21414317190647125
0010,000064,64,0.1741587370634079,1.1997874975204468,0.11304858326911926,0.8088767528533936,0.016028152778744698,0.0077382465824484825,0.010926946066319942,0.3400333821773529,0.008150892332196236,0.0052600461058318615,0.006920943967998028,0.21442380547523499
0010,000065,65,0.17293661832809448,1.1876163482666016,0.11326947808265686,0.7964296340942383,0.01623167283833027,0.007756910286843777,0.011052090674638748,0.34000933170318604,0.008297647349536419,0.005311617627739906,0.0069835796020925045,0.21448425948619843
0010,000066,66,0.1736355870962143,1.1840492486953735,0.11226173490285873,0.7824819087982178,0.016046304255723953,0.007787441369146109,0.010877999477088451,0.33997872471809387,0.007868049666285515,0.005269561894237995,0.00662996806204319,0.21476295590400696
0010,000067,67,0.17479245364665985,1.1937683820724487,0.11343343555927277,0.7974308729171753,0.01588362641632557,0.007812702096998692,0.01067456603050232,0.3399565517902374,0.007998848333954811,0.005288839340209961,0.006782516371458769,0.21495170891284943
0010,000068,68,0.17664651572704315,1.1989526748657227,0.11179850995540619,0.7794956564903259,0.015900367870926857,0.007780009880661964,0.010570285841822624,0.33999815583229065,0.008052206598222256,0.005286078900098801,0.0068234773352742195,0.21514852344989777
0010,000069,69,0.17804460227489471,1.2021100521087646,0.11164405941963196,0.7750458121299744,0.015987396240234375,0.007737359963357449,0.01054492685943842,0.3400338292121887,0.008005614392459393,0.005264901556074619,0.006776022259145975,0.2153439223766327
0010,000070,70,0.17853868007659912,1.2014355659484863,0.11281593143939972,0.7884350419044495,0.016064545139670372,0.007707939948886633,0.010651560500264168,0.34002986550331116,0.008455156348645687,0.005330103915184736,0.007141228299587965,0.21537162363529205
0010,000071,71,0.17802810668945312,1.1878838539123535,0.11321011185646057,0.7755608558654785,0.01595393754541874,0.00767919234931469,0.010554857552051544,0.3400571644306183,0.009297450073063374,0.0055297850631177425,0.007747640833258629,0.2150351107120514
0010,000072,72,0.17582538723945618,1.1772689819335938,0.11402677744626999,0.765514612197876,0.015883805230259895,0.007673443760722876,0.01074347086250782,0.340016633272171,0.009466844610869884,0.005825484171509743,0.007856053300201893,0.21457867324352264
0010,000073,73,0.1769455522298813,1.1799780130386353,0.11415154486894608,0.7603620290756226,0.01594606228172779,0.0076887598261237144,0.0106807891279459,0.33994999527931213,0.00858531054109335,0.005867781117558479,0.007082145661115646,0.21454013884067535
0010,000074,74,0.17708691954612732,1.1754215955734253,0.11554461717605591,0.763096272945404,0.01603788509964943,0.0076894876547157764,0.010608535259962082,0.3399565815925598,0.008100995793938637,0.005742122419178486,0.00660721305757761,0.21459057927131653
0010,000075,75,0.1764533519744873,1.1724011898040771,0.11860106885433197,0.779108464717865,0.015955304726958275,0.007708808407187462,0.010614929720759392,0.33996814489364624,0.007955176755785942,0.005625791847705841,0.006528734229505062,0.21465528011322021
0010,000076,76,0.17714843153953552,1.1773567199707031,0.12092892825603485,0.7958583831787109,0.015914930030703545,0.007690463215112686,0.010557773523032665,0.33999502658843994,0.007731019053608179,0.00549920741468668,0.006426867097616196,0.21478170156478882
0010,000077,77,0.17523115873336792,1.1719849109649658,0.12122657895088196,0.7927715182304382,0.01574312336742878,0.007673009764403105,0.010460061021149158,0.34005066752433777,0.007914465852081776,0.005402236711233854,0.006561738904565573,0.21480803191661835
0010,000078,78,0.1759919822216034,1.1691547632217407,0.1197720319032669,0.7725764513015747,0.015886731445789337,0.007586552761495113,0.010469500906765461,0.3400488495826721,0.008465876802802086,0.005473751574754715,0.0069498708471655846,0.21461033821105957
0010,000079,79,0.1755731999874115,1.1578336954116821,0.11555688083171844,0.7158430814743042,0.016366567462682724,0.007503978442400694,0.010695131495594978,0.33999332785606384,0.00940451119095087,0.0056974804028868675,0.007394342217594385,0.21402835845947266
0010,000080,80,0.17683099210262299,1.1638813018798828,0.12218325585126877,0.7601841688156128,0.01613161899149418,0.00756485341116786,0.010570624843239784,0.34001070261001587,0.008727498352527618,0.005696848966181278,0.006819580215960741,0.2140113264322281
0010,000081,81,0.17973513901233673,1.1748327016830444,0.1244087666273117,0.7737656831741333,0.01617661863565445,0.0075778719037771225,0.010479779914021492,0.33999067544937134,0.008564661256968975,0.00563619052991271,0.006706525105983019,0.2139693647623062
0010,000082,82,0.1808236986398697,1.1763259172439575,0.1275337040424347,0.7992923259735107,0.016149934381246567,0.007589920423924923,0.01058211550116539,0.34001073241233826,0.008545227348804474,0.005600235890597105,0.00676548108458519,0.2139219492673874
0010,000083,83,0.18059244751930237,1.1782665252685547,0.1263764500617981,0.810430109500885,0.016075069084763527,0.007572595961391926,0.010563289746642113,0.33999374508857727,0.007954607717692852,0.005304913967847824,0.006541485898196697,0.2143673300743103
0010,000084,84,0.17884017527103424,1.1713502407073975,0.1258983314037323,0.8238764405250549,0.01610412448644638,0.007511185947805643,0.010458000935614109,0.33994513750076294,0.008144433610141277,0.005086869932711124,0.00680138636380434,0.21474072337150574
0010,000085,85,0.1790945678949356,1.1665788888931274,0.12421305477619171,0.8144662380218506,0.015995685011148453,0.007430446334183216,0.01031600683927536,0.3399275541305542,0.008672940544784069,0.005112255457788706,0.0072153783403337,0.21480806171894073
0010,000086,86,0.17835471034049988,1.1582434177398682,0.12505467236042023,0.8128763437271118,0.015998506918549538,0.007433687336742878,0.010309740900993347,0.3398617208003998,0.008877802640199661,0.005270807538181543,0.007300877012312412,0.21462754905223846
0010,000087,87,0.18050450086593628,1.1776458024978638,0.12555761635303497,0.8156710267066956,0.016013454645872116,0.007485391106456518,0.010434510186314583,0.3399103879928589,0.00839677732437849,0.0052628787234425545,0.006842100992798805,0.21473966538906097
0010,000088,88,0.18210278451442719,1.1918234825134277,0.12551695108413696,0.803374171257019,0.016419127583503723,0.0076025184243917465,0.010740998201072216,0.33989569544792175,0.009193917736411095,0.005419278051704168,0.0071573988534510136,0.2144402116537094
0010,000089,89,0.18355250358581543,1.1838161945343018,0.1285463273525238,0.8034750819206238,0.01611562818288803,0.007651953026652336,0.01049094833433628,0.33990976214408875,0.009457040578126907,0.005634020548313856,0.007307872641831636,0.2138238102197647
0010,000090,90,0.184834286570549,1.1937620639801025,0.12590332329273224,0.7774742245674133,0.01594792865216732,0.007667809724807739,0.01041814498603344,0.3399501144886017,0.009190743789076805,0.005833963397890329,0.007278304547071457,0.21335674822330475
0010,000091,91,0.18564936518669128,1.2030423879623413,0.12200424075126648,0.7417030930519104,0.015828682109713554,0.007639582268893719,0.010389251634478569,0.33996739983558655,0.008719304576516151,0.00595794478431344,0.006893927697092295,0.212864488363266
0010,000092,92,0.18624922633171082,1.2029821872711182,0.1276128888130188,0.8062946796417236,0.015848301351070404,0.0076172794215381145,0.010475266724824905,0.3398953974246979,0.007929487153887749,0.0058222683146595955,0.006535248830914497,0.2129550725221634
0010,000093,93,0.18738235533237457,1.1951063871383667,0.12480192631483078,0.7922766804695129,0.015707405284047127,0.0075594596564769745,0.01033654436469078,0.33984315395355225,0.008253347128629684,0.005784304812550545,0.006800339091569185,0.21292155981063843
0010,000094,94,0.18699675798416138,1.1905958652496338,0.1219082847237587,0.7529562711715698,0.015584338456392288,0.007515518460422754,0.010298646055161953,0.33981937170028687,0.007993788458406925,0.00574860954657197,0.006387142464518547,0.21272817254066467
0010,000095,95,0.1851087361574173,1.1884698867797852,0.12550275027751923,0.7699874043464661,0.0156540647149086,0.007522304076701403,0.010464504361152649,0.3398207724094391,0.008759655058383942,0.005868508946150541,0.0068573420867323875,0.21228614449501038
0010,000096,96,0.18573254346847534,1.1950167417526245,0.12266730517148972,0.7530507445335388,0.015590384602546692,0.007531607989221811,0.010404220782220364,0.33981603384017944,0.008378724567592144,0.005922034382820129,0.0066469269804656506,0.21197226643562317
0010,000097,97,0.18563838303089142,1.1984220743179321,0.12444809079170227,0.7699698805809021,0.015427392907440662,0.007514886558055878,0.010288010351359844,0.3398829698562622,0.008564670570194721,0.005990808829665184,0.006767256651073694,0.21170930564403534
0010,000098,98,0.18384546041488647,1.1958917379379272,0.12136641144752502,0.7558833360671997,0.0154634490609169,0.007515508681535721,0.010291622951626778,0.3398803770542145,0.00809362530708313,0.00596850598230958,0.006438388954848051,0.21157506108283997
0010,000099,99,0.18367257714271545,1.1842175722122192,0.12425419688224792,0.7868046164512634,0.015293740667402744,0.007469507399946451,0.01006154902279377,0.3398580551147461,0.007923221215605736,0.005868286360055208,0.006416580639779568,0.21146172285079956
0010,000100,100,0.18457826972007751,1.1787620782852173,0.1245959997177124,0.7848262190818787,0.015170952305197716,0.007445033639669418,0.010011392645537853,0.3398631811141968,0.007894191890954971,0.005844899918884039,0.006317893508821726,0.21131548285484314
0010,000101,101,0.18639671802520752,1.176892638206482,0.12209191173315048,0.7738723754882812,0.015308132395148277,0.0073873307555913925,0.009985355660319328,0.3398076295852661,0.007631960790604353,0.005650214850902557,0.006109179463237524,0.2114151567220688
0010,000102,102,0.18805192410945892,1.1841868162155151,0.12359347939491272,0.7839191555976868,0.015515114180743694,0.007347319275140762,0.01011207327246666,0.33975812792778015,0.00792588572949171,0.005591634660959244,0.006409829948097467,0.21131150424480438
0010,000103,103,0.1897033154964447,1.18324875831604,0.12199839949607849,0.7805418968200684,0.015437849797308445,0.007315582595765591,0.010011582635343075,0.3397180140018463,0.00763954222202301,0.00541480490937829,0.006211652886122465,0.21152664721012115
0010,000104,104,0.18955954909324646,1.1757060289382935,0.12096064537763596,0.7680410742759705,0.01530425064265728,0.007241302635520697,0.009889251552522182,0.3396916687488556,0.007813232950866222,0.005412639118731022,0.006355028599500656,0.21139401197433472
0010,000105,105,0.1874672770500183,1.1675987243652344,0.12146304547786713,0.769548773765564,0.015308725647628307,0.007208049762994051,0.010074621066451073,0.3397088348865509,0.008048591203987598,0.005408963188529015,0.006555881816893816,0.21124760806560516
0010,000106,106,0.1862601786851883,1.1530879735946655,0.1230650395154953,0.777309000492096,0.015148400329053402,0.007171234581619501,0.010030447505414486,0.3396241068840027,0.00751505559310317,0.005344865377992392,0.00610633147880435,0.21124547719955444
0010,000107,107,0.1860455721616745,1.1364202499389648,0.12447711825370789,0.7820190787315369,0.014994773082435131,0.007080574985593557,0.009871295653283596,0.3394918739795685,0.008178304880857468,0.005429713986814022,0.006621861830353737,0.21098029613494873
0010,000108,108,0.1872149556875229,1.13448166847229,0.12188562005758286,0.7514970302581787,0.015022855252027512,0.007015358190983534,0.009780572727322578,0.3394586145877838,0.008134515024721622,0.005487449467182159,0.006326709408313036,0.21071571111679077
0010,000109,109,0.18868839740753174,1.14756178855896,0.12602606415748596,0.794704258441925,0.015121801756322384,0.007003865670412779,0.009857271797955036,0.33941614627838135,0.007758548017591238,0.005332933273166418,0.006247498095035553,0.21094508469104767
0010,000110,110,0.18930836021900177,1.153501272201538,0.1268748641014099,0.8205306529998779,0.015016044490039349,0.0069792382419109344,0.009867601096630096,0.3394376039505005,0.00820966623723507,0.0053130085580050945,0.006747652776539326,0.21101988852024078
0010,000111,111,0.18894624710083008,1.1459294557571411,0.12441360205411911,0.8006033301353455,0.014769170433282852,0.006914676632732153,0.00966305285692215,0.339371919631958,0.008224944584071636,0.0054625277407467365,0.006712862756103277,0.21088829636573792
0010,000112,112,0.18769362568855286,1.130905270576477,0.12199418246746063,0.7964872717857361,0.014730301685631275,0.006853869650512934,0.009602542035281658,0.3393791913986206,0.007352321408689022,0.0052910009399056435,0.006047828588634729,0.21115759015083313
0010,000113,113,0.18639326095581055,1.1127225160598755,0.11960519850254059,0.7672837972640991,0.01491662859916687,0.006757156923413277,0.009583999402821064,0.339280366897583,0.008761454373598099,0.005535633768886328,0.007049997337162495,0.21070614457130432
0010,000114,114,0.18753157556056976,1.1053969860076904,0.11791959404945374,0.737589418888092,0.015068389475345612,0.006714732386171818,0.009584733285009861,0.33924466371536255,0.008527804166078568,0.005714946426451206,0.006764095276594162,0.21036528050899506
0010,000115,115,0.19004406034946442,1.1132320165634155,0.12507733702659607,0.7875555753707886,0.015341724269092083,0.006671418901532888,0.009615501388907433,0.3392060697078705,0.008894448168575764,0.00583094684407115,0.00698469951748848,0.2101384699344635
0010,000116,116,0.19053952395915985,1.1119145154953003,0.12420021742582321,0.768761157989502,0.015408634208142757,0.006605259142816067,0.009542537853121758,0.339143842458725,0.009082937613129616,0.006009641569107771,0.007044706493616104,0.20975762605667114
0010,000117,117,0.1914103627204895,1.1112592220306396,0.1247829794883728,0.7644766569137573,0.015399300493299961,0.00658165430650115,0.009543408639729023,0.33909091353416443,0.008267366327345371,0.005925371777266264,0.006419135723263025,0.20966504514217377
0010,000118,118,0.1921156495809555,1.1085689067840576,0.12422407418489456,0.7629868388175964,0.015348206274211407,0.006528326775878668,0.00952472910284996,0.3390408754348755,0.008384529501199722,0.0058539495803415775,0.006493505090475082,0.20954757928848267
0010,000119,119,0.19167600572109222,1.0956310033798218,0.12434408068656921,0.7702288627624512,0.01560231763869524,0.006401366554200649,0.009534019976854324,0.3390386402606964,0.008177914656698704,0.005710508208721876,0.0064972806721925735,0.2094333916902542
0010,000120,120,0.18978260457515717,1.0904697179794312,0.12637808918952942,0.7986512184143066,0.015455471351742744,0.006397574208676815,0.009487025439739227,0.3390296697616577,0.007904796861112118,0.005522959399968386,0.0063772052526474,0.20955003798007965
0010,000121,121,0.18982572853565216,1.0892069339752197,0.12369722872972488,0.7869190573692322,0.0157795213162899,0.006349298171699047,0.009494198486208916,0.3389531075954437,0.008798324503004551,0.005566156469285488,0.007018030155450106,0.2094178944826126
0010,000122,122,0.1906743198633194,1.097582221031189,0.1270771324634552,0.7944805026054382,0.015692349523305893,0.006380676291882992,0.009515341371297836,0.33898839354515076,0.008952836506068707,0.005679688882082701,0.007082431577146053,0.20903895795345306
0010,000123,123,0.18988797068595886,1.1034495830535889,0.1306084841489792,0.8411117792129517,0.01563669927418232,0.006377451121807098,0.009501518681645393,0.3390182852745056,0.008146756328642368,0.005458636209368706,0.006586442235857248,0.2094622701406479
0010,000124,124,0.18984749913215637,1.1088608503341675,0.12265732139348984,0.8140016198158264,0.015739168971776962,0.006380120757967234,0.009514429606497288,0.33899715542793274,0.008193189278244972,0.005255766212940216,0.006700930651277304,0.2100539654493332
0010,000125,125,0.191653773188591,1.1181268692016602,0.12210095673799515,0.8143036365509033,0.01584242843091488,0.0063789645209908485,0.009502740576863289,0.33900266885757446,0.0085814343765378,0.005296957213431597,0.006939815357327461,0.2102561593055725
0010,000126,126,0.19230154156684875,1.1142961978912354,0.12252426892518997,0.809395968914032,0.01555677130818367,0.006313498597592115,0.009502669796347618,0.33896705508232117,0.008883518166840076,0.005356987006962299,0.007216603495180607,0.21006375551223755
0010,000127,127,0.19251954555511475,1.11600923538208,0.12150511145591736,0.8105473518371582,0.015491540543735027,0.006300098262727261,0.009516339749097824,0.3388954699039459,0.008489486761391163,0.005359277129173279,0.007049276493489742,0.2100709229707718
0010,000128,128,0.19435842335224152,1.1287710666656494,0.11951982975006104,0.7933709621429443,0.015575981698930264,0.0063768899999558926,0.009548005647957325,0.3389170467853546,0.0077461302280426025,0.005335829220712185,0.006416212767362595,0.21013811230659485
0010,000129,129,0.19445554912090302,1.1270675659179688,0.1175115779042244,0.7822316288948059,0.015588858164846897,0.006461093667894602,0.009603661485016346,0.33896031975746155,0.0075759124010801315,0.005344985984265804,0.006341555621474981,0.21021054685115814
0010,000130,130,0.19489875435829163,1.135414719581604,0.11922653764486313,0.7982481122016907,0.015464805997908115,0.006469809915870428,0.009654361754655838,0.3389626145362854,0.008063928224146366,0.005368357058614492,0.006748463027179241,0.21025002002716064
0010,000131,131,0.19378818571567535,1.1267694234848022,0.11683504283428192,0.7893502116203308,0.015337235294282436,0.006474431604146957,0.00951607245951891,0.3389741778373718,0.008026988245546818,0.005442752502858639,0.006740483921021223,0.2103196233510971
0010,000132,132,0.19205604493618011,1.117228627204895,0.11593903601169586,0.7797744870185852,0.015324786305427551,0.006481774616986513,0.009475632570683956,0.3389972150325775,0.00829743780195713,0.00560113787651062,0.0069219693541526794,0.21021918952465057
0010,000133,133,0.19384190440177917,1.1226550340652466,0.1179349422454834,0.8042451739311218,0.015540995635092258,0.006536285392940044,0.009511789306998253,0.3390157222747803,0.008140266872942448,0.005630853585898876,0.006888963747769594,0.21030397713184357
0010,000134,134,0.19497449696063995,1.127223253250122,0.11635909974575043,0.797423243522644,0.015934184193611145,0.006533240433782339,0.009648065082728863,0.33900225162506104,0.00909317284822464,0.00585864158347249,0.007729541976004839,0.21018138527870178
0010,000135,135,0.19545240700244904,1.1251899003982544,0.11576231569051743,0.7848753333091736,0.01641983725130558,0.006514244247227907,0.009844106622040272,0.3389967381954193,0.008669527247548103,0.005923700984567404,0.0073296320624649525,0.21015460789203644
0010,000136,136,0.1952115297317505,1.1286962032318115,0.11655963212251663,0.7786521315574646,0.015848465263843536,0.0065045785158872604,0.009805318899452686,0.3390101194381714,0.00935561116784811,0.006058817263692617,0.007834131829440594,0.20984724164009094
0010,000137,137,0.1927279680967331,1.1339212656021118,0.1172807514667511,0.7854169011116028,0.015501963905990124,0.006521823816001415,0.009772958233952522,0.3389945328235626,0.008727624081075191,0.006081306841224432,0.007407268974930048,0.209726020693779
0010,000138,138,0.1907404661178589,1.12822425365448,0.11855467408895493,0.8124179244041443,0.015400848351418972,0.006568762473762035,0.009722838178277016,0.33902856707572937,0.008121950551867485,0.005970094818621874,0.006935469340533018,0.209931418299675
0010,000139,139,0.19207081198692322,1.14293372631073,0.11549872159957886,0.7888588905334473,0.01559420581907034,0.006586508825421333,0.009793936274945736,0.3390592932701111,0.008626327849924564,0.006028982810676098,0.007299382705241442,0.20985499024391174
0010,000140,140,0.1917267143726349,1.1461689472198486,0.11447810381650925,0.7759027481079102,0.015954535454511642,0.006648702081292868,0.009943384677171707,0.33908846974372864,0.008862820453941822,0.006165537051856518,0.00745230820029974,0.20965316891670227
0010,000141,141,0.1942678689956665,1.1612786054611206,0.11320601403713226,0.7590790390968323,0.01598263531923294,0.006722978316247463,0.009976432658731937,0.3391439914703369,0.009096028283238411,0.006305055692791939,0.007596322800964117,0.20944362878799438
0010,000142,142,0.19442884624004364,1.1700398921966553,0.11402864754199982,0.7592352628707886,0.016123056411743164,0.006810499355196953,0.010217929258942604,0.33914971351623535,0.009425610303878784,0.00648192735388875,0.007859976962208748,0.20911972224712372
0010,000143,143,0.19090045988559723,1.1596739292144775,0.11613719910383224,0.7926293015480042,0.015807554125785828,0.006833967752754688,0.010157262906432152,0.3391738533973694,0.008643723092973232,0.006462374236434698,0.007298515643924475,0.20910990238189697
0010,000144,144,0.189678356051445,1.1522608995437622,0.11675993353128433,0.8064813017845154,0.015482719987630844,0.006833883933722973,0.009956389665603638,0.3391939401626587,0.008209284394979477,0.006358749698847532,0.006925796624273062,0.20920145511627197
0010,000145,145,0.18905337154865265,1.1450538635253906,0.1158214882016182,0.800244927406311,0.01556309126317501,0.006837943103164434,0.009875055402517319,0.3392101228237152,0.008014621213078499,0.006257384549826384,0.006775996182113886,0.20920534431934357
0010,000146,146,0.18892791867256165,1.1445682048797607,0.1134146898984909,0.7753653526306152,0.015523768961429596,0.006855487357825041,0.00983088556677103,0.3391951620578766,0.007958595640957355,0.006162732839584351,0.006646228954195976,0.2091529369354248
0010,000147,147,0.18911927938461304,1.1467429399490356,0.11452271789312363,0.7869645953178406,0.015783729031682014,0.006907101254910231,0.009922192431986332,0.339219331741333,0.0073528955690562725,0.005893669091165066,0.0061781806871294975,0.20939970016479492
0010,000148,148,0.19026392698287964,1.1580514907836914,0.1120895966887474,0.7562152743339539,0.015729859471321106,0.006917144171893597,0.009871609508991241,0.33929190039634705,0.007875006645917892,0.005809522699564695,0.006529511418193579,0.20931506156921387
0010,000149,149,0.190617635846138,1.1564552783966064,0.11431565880775452,0.7597301006317139,0.015811949968338013,0.006897459272295237,0.00989652518182993,0.3393465280532837,0.007860393263399601,0.005718623753637075,0.006479744799435139,0.2092571258544922
0010,000150,150,0.1896791160106659,1.1477360725402832,0.11882785707712173,0.8136529326438904,0.015808217227458954,0.0067591797560453415,0.009747136384248734,0.33930882811546326,0.007841881364583969,0.005436904262751341,0.006559925619512796,0.2097022533416748
0010,000151,151,0.18893001973628998,1.1278241872787476,0.11750073730945587,0.8025740385055542,0.015446951612830162,0.006703885272145271,0.0094381058588624,0.33925944566726685,0.00782331544905901,0.005347768776118755,0.006557547952979803,0.2097999006509781
0010,000152,152,0.18827389180660248,1.1114404201507568,0.11576934903860092,0.792436420917511,0.015957573428750038,0.006578149273991585,0.009417844004929066,0.33917462825775146,0.007557773031294346,0.005192849785089493,0.006300870794802904,0.2101210653781891
0010,000153,153,0.18907293677330017,1.1021559238433838,0.11680462211370468,0.7842220664024353,0.01597324199974537,0.006535224616527557,0.009370829910039902,0.3391149044036865,0.008476998656988144,0.005311036482453346,0.006934651639312506,0.21000871062278748
0010,000154,154,0.19043077528476715,1.0945903062820435,0.11424466222524643,0.7703191041946411,0.016365060582756996,0.006542673334479332,0.009455596096813679,0.3390384912490845,0.007628662046045065,0.005227650981396437,0.006279406137764454,0.21021650731563568
0010,000155,155,0.19307297468185425,1.1037315130233765,0.11467903107404709,0.7696323394775391,0.016437461599707603,0.006586060859262943,0.009613929316401482,0.3390406668186188,0.007959317415952682,0.005250455811619759,0.006493013352155685,0.21020998060703278
0010,000156,156,0.19341504573822021,1.116919994354248,0.11486894637346268,0.7788072824478149,0.016418037936091423,0.006632321514189243,0.009707041084766388,0.3390757739543915,0.007769118994474411,0.005275912582874298,0.0064679039642214775,0.2103251814842224
0010,000157,157,0.1920294612646103,1.122416377067566,0.11658170074224472,0.7943938374519348,0.016437675803899765,0.006704072467982769,0.009881651028990746,0.3392031192779541,0.00812187884002924,0.005264457315206528,0.006762126926332712,0.21042269468307495
0010,000158,158,0.1900983452796936,1.129639983177185,0.11313711851835251,0.7574664354324341,0.01616516523063183,0.006742483004927635,0.009845739230513573,0.3392731249332428,0.008678293786942959,0.005419525783509016,0.007009745575487614,0.2102506309747696
0010,000159,159,0.18915872275829315,1.1368740797042847,0.11815961450338364,0.8062494397163391,0.01606702245771885,0.006779470015317202,0.009834240190684795,0.3393312692642212,0.00789410900324583,0.005313989706337452,0.00655730813741684,0.2105773538351059
0010,000160,160,0.18943282961845398,1.1456750631332397,0.11568529903888702,0.786141037940979,0.016025792807340622,0.0068290382623672485,0.009981393814086914,0.3393316864967346,0.008021257817745209,0.005316129419952631,0.00666415598243475,0.21072497963905334
0010,000161,161,0.18751370906829834,1.1409475803375244,0.11813195794820786,0.8050144910812378,0.0160992294549942,0.006892011035233736,0.010011004284024239,0.3393547832965851,0.008382435888051987,0.005413534585386515,0.006976264528930187,0.21067360043525696
0010,000162,162,0.1866258978843689,1.1492292881011963,0.11486691981554031,0.7811954021453857,0.015859046950936317,0.0069349706172943115,0.00999500323086977,0.3393911123275757,0.008316478691995144,0.0055419146083295345,0.006891636643558741,0.21078482270240784
0010,000163,163,0.18343594670295715,1.1552098989486694,0.11696503311395645,0.8162022233009338,0.01595037616789341,0.007007494103163481,0.010146839544177055,0.33943408727645874,0.008472953923046589,0.0055649299174547195,0.007081900257617235,0.2110830843448639
0010,000164,164,0.18110103905200958,1.153759479522705,0.11858629435300827,0.8493001461029053,0.015771791338920593,0.007074565626680851,0.010115769691765308,0.33948051929473877,0.008607187308371067,0.00556822307407856,0.0070487819612026215,0.2114933431148529
0010,000165,165,0.18209078907966614,1.157576322555542,0.11679063737392426,0.8274329304695129,0.015914084389805794,0.007133308332413435,0.010200190357863903,0.33945879340171814,0.008355403319001198,0.005537397228181362,0.006935732439160347,0.21160931885242462
0010,000166,166,0.18252423405647278,1.1591068506240845,0.11707845330238342,0.8343890309333801,0.01590815931558609,0.007190754171460867,0.010192305780947208,0.3394641578197479,0.008481883443892002,0.005645749159157276,0.007031407672911882,0.21169479191303253
0010,000167,167,0.18309228122234344,1.1619952917099,0.11820471286773682,0.8401663303375244,0.01577330008149147,0.007183725014328957,0.010110972449183464,0.3394666612148285,0.00904003530740738,0.005829269532114267,0.0073946802876889706,0.21149927377700806
0010,000168,168,0.18300236761569977,1.1726791858673096,0.1161423921585083,0.8210181593894958,0.015917623415589333,0.0071607474237680435,0.010176523588597775,0.3395232856273651,0.00961755309253931,0.006026836112141609,0.007826399989426136,0.21118929982185364
0010,000169,169,0.18446575105190277,1.1928333044052124,0.11823295056819916,0.8479667901992798,0.016046695411205292,0.007153294514864683,0.010368258692324162,0.33955681324005127,0.00926327332854271,0.006081912666559219,0.007555003277957439,0.21124564111232758
0010,000170,170,0.18411071598529816,1.2011226415634155,0.11671216040849686,0.8371361494064331,0.01592174917459488,0.007160234730690718,0.010268855839967728,0.33968228101730347,0.008957094512879848,0.006075996905565262,0.007241968531161547,0.21121054887771606
0010,000171,171,0.1833735853433609,1.1989576816558838,0.12184815108776093,0.8645737767219543,0.01591559313237667,0.007202974520623684,0.010335346683859825,0.33972597122192383,0.008013086393475533,0.005670389626175165,0.006447379942983389,0.21159334480762482
0010,000172,172,0.18167313933372498,1.1876068115234375,0.12416916340589523,0.8576568365097046,0.01572316884994507,0.0072005316615104675,0.010192455723881721,0.339763879776001,0.00780880730599165,0.005287754349410534,0.006233517080545425,0.21191348135471344
0010,000173,173,0.18070848286151886,1.180674433708191,0.11981555819511414,0.831987202167511,0.015494439750909805,0.007207848131656647,0.01000951323658228,0.3397662937641144,0.007744721136987209,0.0051482971757650375,0.0063911727629601955,0.212330624461174
0010,000174,174,0.179024338722229,1.1796352863311768,0.11237790435552597,0.7703605890274048,0.015283661894500256,0.0071733505465090275,0.009884636849164963,0.33977916836738586,0.00780297489836812,0.005124067887663841,0.006413202732801437,0.21257996559143066
0010,000175,175,0.17773573100566864,1.1776444911956787,0.11344216763973236,0.7963020205497742,0.015249837189912796,0.007099357433617115,0.009810099378228188,0.3397468030452728,0.007610599044710398,0.005060971714556217,0.006383269559592009,0.213073268532753
0010,000176,176,0.17821671068668365,1.1800057888031006,0.11187159270048141,0.7818952202796936,0.015278678387403488,0.007017451338469982,0.009761270135641098,0.3397294580936432,0.00805034302175045,0.005151029676198959,0.0066472189500927925,0.21317759156227112
0010,000177,177,0.1789158135652542,1.178574800491333,0.11274490505456924,0.7929375767707825,0.01538066379725933,0.006977235898375511,0.00979985948652029,0.33975309133529663,0.007970810867846012,0.005127170588821173,0.00663889991119504,0.21343548595905304
0010,000178,178,0.17745737731456757,1.1764696836471558,0.11112452298402786,0.7772325277328491,0.015392540954053402,0.006954663433134556,0.00979461707174778,0.3397639989852905,0.007981193251907825,0.005165055859833956,0.006653208751231432,0.21360652148723602
0010,000179,179,0.18026168644428253,1.1928772926330566,0.11194559931755066,0.7826089859008789,0.015326609835028648,0.0069906688295304775,0.00997803546488285,0.33968067169189453,0.007540855091065168,0.005146822892129421,0.006322442553937435,0.21385863423347473
0010,000180,180,0.18011312186717987,1.1829073429107666,0.1148611456155777,0.8061506152153015,0.015214251354336739,0.007005746942013502,0.010000701993703842,0.3396311402320862,0.007465573493391275,0.005078829359263182,0.006292448379099369,0.21427366137504578
0010,000181,181,0.1787722259759903,1.1685943603515625,0.11152596026659012,0.7930221557617188,0.015137710608541965,0.007019632030278444,0.009926822036504745,0.33957237005233765,0.007502744905650616,0.005092785693705082,0.0063626933842897415,0.2145758867263794
0010,000182,182,0.17941536009311676,1.1631453037261963,0.1094513013958931,0.7698460817337036,0.015175032429397106,0.007022622507065535,0.009970087558031082,0.3395155370235443,0.007800189778208733,0.0051731993444263935,0.006622638087719679,0.2146683782339096
0010,000183,183,0.17959599196910858,1.1585005521774292,0.10859929770231247,0.7734571099281311,0.015295732766389847,0.0069786799140274525,0.009977058507502079,0.33951419591903687,0.008020469918847084,0.005259946454316378,0.0068379598669707775,0.21485547721385956
0010,000184,184,0.18129633367061615,1.1662427186965942,0.10697360336780548,0.7557291388511658,0.01545809581875801,0.006961173377931118,0.010080873966217041,0.3395305573940277,0.008188873529434204,0.005369913764297962,0.006899855099618435,0.21494141221046448
0010,000185,185,0.18278615176677704,1.1694042682647705,0.10872019827365875,0.7451494336128235,0.015497089363634586,0.007007440086454153,0.010174989700317383,0.3395214378833771,0.008835299871861935,0.005534252151846886,0.007296698167920113,0.21474424004554749
0010,000186,186,0.18217426538467407,1.1668450832366943,0.11157369613647461,0.7682346701622009,0.015329567715525627,0.007002231199294329,0.010036999359726906,0.33951878547668457,0.00945905689150095,0.005833288189023733,0.007885466329753399,0.21442604064941406
0010,000187,187,0.18284060060977936,1.1811782121658325,0.11132756620645523,0.7619800567626953,0.01540156826376915,0.007084449287503958,0.010281973518431187,0.3394675552845001,0.008464126847684383,0.005868398118764162,0.007033693138509989,0.21438199281692505
0010,000188,188,0.18215975165367126,1.1782532930374146,0.11243832856416702,0.7716148495674133,0.015113672241568565,0.007143563590943813,0.010199527256190777,0.3394835889339447,0.008424971252679825,0.005912822671234608,0.006989931687712669,0.2143489569425583
0010,000189,189,0.18354392051696777,1.183775782585144,0.11432307958602905,0.7816132307052612,0.015059133991599083,0.007194395177066326,0.010160217992961407,0.3394874632358551,0.008418996818363667,0.0059967865236103535,0.007031888701021671,0.21427012979984283
0010,000190,190,0.18371184170246124,1.1845133304595947,0.11453630030155182,0.7773040533065796,0.015073057264089584,0.007238936144858599,0.010176103562116623,0.3395066261291504,0.008904372341930866,0.00613746140152216,0.007361474446952343,0.21405403316020966
0010,000191,191,0.18406714498996735,1.1863102912902832,0.11528922617435455,0.7747870087623596,0.015135711058974266,0.007253216579556465,0.010220881551504135,0.3394886553287506,0.008556243032217026,0.006127809640020132,0.007141795940697193,0.21393825113773346
0010,000192,192,0.1813233643770218,1.1716933250427246,0.11527514457702637,0.7719002366065979,0.015147690661251545,0.007208211813122034,0.010265059769153595,0.3394709825515747,0.0080884313210845,0.006032539997249842,0.006773125380277634,0.21400411427021027
0010,000193,193,0.180445596575737,1.1766360998153687,0.11655241250991821,0.7559893131256104,0.015023373067378998,0.007224039640277624,0.010322844609618187,0.33941450715065,0.009258769452571869,0.00617503747344017,0.007465609814971685,0.2136140614748001
0010,000194,194,0.17928437888622284,1.179953694343567,0.11731056123971939,0.7862192392349243,0.014812911860644817,0.007267991080880165,0.010337628424167633,0.33942487835884094,0.008324885740876198,0.006149356719106436,0.006981661077588797,0.21370911598205566
0010,000195,195,0.17883968353271484,1.1864826679229736,0.11740297079086304,0.7776177525520325,0.014756198972463608,0.007311795372515917,0.01030803844332695,0.3394586741924286,0.008443163707852364,0.006186541635543108,0.007022022735327482,0.21352635324001312
0010,000196,196,0.17931430041790009,1.1937564611434937,0.11746717244386673,0.7697508931159973,0.014734184369444847,0.007362376898527145,0.010382858105003834,0.33945098519325256,0.008363457396626472,0.006180508993566036,0.006870864424854517,0.21336108446121216
0010,000197,197,0.17704957723617554,1.1937569379806519,0.11850258708000183,0.7999202013015747,0.01470152847468853,0.0074287280440330505,0.010414395481348038,0.3394998610019684,0.00802147388458252,0.006024072878062725,0.006816593464463949,0.21352636814117432
0010,000198,198,0.17565187811851501,1.189981460571289,0.11719854176044464,0.7785619497299194,0.014665968716144562,0.00747313117608428,0.010425020009279251,0.33951765298843384,0.008726474829018116,0.0062213982455432415,0.007328256964683533,0.21317176520824432
0010,000199,199,0.17359741032123566,1.1860053539276123,0.11864844709634781,0.7944149374961853,0.014536467380821705,0.007485699839890003,0.010417741723358631,0.33952200412750244,0.009457128122448921,0.006472851615399122,0.007984182797372341,0.21277517080307007
0010,000200,200,0.17202576994895935,1.1897066831588745,0.11932947486639023,0.80862957239151,0.014441369101405144,0.007499632891267538,0.01042496133595705,0.3395484685897827,0.00914647988975048,0.006555921398103237,0.007785256486386061,0.21265621483325958
0010,000201,201,0.17152775824069977,1.1830408573150635,0.11820372194051743,0.8075965642929077,0.014370040968060493,0.007569536566734314,0.010380223393440247,0.33954596519470215,0.007932092063128948,0.006325769238173962,0.006764868274331093,0.21290574967861176
0010,000202,202,0.17284953594207764,1.1935774087905884,0.11568636447191238,0.8024965524673462,0.014285587705671787,0.007628272287547588,0.010362278670072556,0.33955296874046326,0.007959920912981033,0.006275543011724949,0.006851274985820055,0.21294982731342316
0010,000203,203,0.17291143536567688,1.1973615884780884,0.11552626639604568,0.8110117316246033,0.014325590804219246,0.007658880203962326,0.010433625429868698,0.3395681083202362,0.007865755818784237,0.0062639303505420685,0.006848133634775877,0.2130340337753296
0010,000204,204,0.17193563282489777,1.1927012205123901,0.1141948252916336,0.7943869233131409,0.014291591010987759,0.0076889768242836,0.01037313137203455,0.3396112024784088,0.00820157304406166,0.006335023790597916,0.007079291623085737,0.21296341717243195
0010,000205,205,0.17155705392360687,1.190224528312683,0.11511149257421494,0.8038874268531799,0.014353056438267231,0.007705844473093748,0.010359219275414944,0.3396131694316864,0.00814687181264162,0.0063629150390625,0.007083697244524956,0.21294860541820526
0010,000206,206,0.17167657613754272,1.1896880865097046,0.11335910111665726,0.7789029479026794,0.014455356635153294,0.007722330279648304,0.010473568923771381,0.3396078944206238,0.008983202278614044,0.0065847039222717285,0.007668724749237299,0.2126164585351944
0010,000207,207,0.17048940062522888,1.1829102039337158,0.11482471972703934,0.7849637866020203,0.014414736069738865,0.007699646987020969,0.010411296971142292,0.33959144353866577,0.009227991104125977,0.006807480473071337,0.007923681288957596,0.21231532096862793
0010,000208,208,0.1705644130706787,1.177689790725708,0.11370231956243515,0.778259813785553,0.014573841355741024,0.00772507069632411,0.01051170565187931,0.3395829498767853,0.008680381812155247,0.006870466750115156,0.007506316062062979,0.21217449009418488
0010,000209,209,0.1711578369140625,1.1771093606948853,0.11482271552085876,0.7921201586723328,0.014607212506234646,0.007739861961454153,0.010482472367584705,0.3395892083644867,0.007844829931855202,0.006624877452850342,0.006799289956688881,0.21241077780723572
0010,000210,210,0.17086993157863617,1.1728777885437012,0.11476758867502213,0.7818761467933655,0.014560021460056305,0.0077668894082307816,0.010440903715789318,0.33957570791244507,0.007926595397293568,0.0065292976796627045,0.006808968726545572,0.21240395307540894
0010,000211,211,0.171199768781662,1.1750495433807373,0.11355828493833542,0.7754499912261963,0.014638867229223251,0.007792490068823099,0.010464687831699848,0.3395824730396271,0.007911804132163525,0.00645127147436142,0.006821307819336653,0.21240155398845673
0010,000212,212,0.17129936814308167,1.1742740869522095,0.11377964168787003,0.7721262574195862,0.014608855359256268,0.007786859292536974,0.01043279655277729,0.3395523726940155,0.007747667841613293,0.006360604893416166,0.0066187880001962185,0.21248072385787964
0010,000213,213,0.17086143791675568,1.168146014213562,0.11269209533929825,0.7735110521316528,0.014572261832654476,0.007799927145242691,0.010383003391325474,0.3395792543888092,0.007837538607418537,0.006251142360270023,0.006717262789607048,0.2126590460538864
0010,000214,214,0.1721755415201187,1.172708511352539,0.11393610388040543,0.8094683885574341,0.014794490300118923,0.007775055710226297,0.010421104729175568,0.3396136164665222,0.007766727823764086,0.006001069210469723,0.00666466448456049,0.21311083436012268
0010,000215,215,0.17065705358982086,1.1694833040237427,0.11266594380140305,0.8055171370506287,0.01486872136592865,0.00775127112865448,0.010467634536325932,0.3396350145339966,0.008872903883457184,0.006104469299316406,0.007618602830916643,0.2130807787179947
0010,000216,216,0.16968274116516113,1.175798773765564,0.11257586628198624,0.8113582730293274,0.015043823048472404,0.0076826997101306915,0.010719792917370796,0.33958348631858826,0.010340177454054356,0.006534229032695293,0.008763519115746021,0.2126711905002594
0010,000217,217,0.16510924696922302,1.1727396249771118,0.11242304742336273,0.7937571406364441,0.014688683673739433,0.007631608750671148,0.010670310817658901,0.33959099650382996,0.01234523020684719,0.00730210542678833,0.010199278593063354,0.21162749826908112
0010,000218,218,0.16399168968200684,1.1810566186904907,0.11438824236392975,0.828427255153656,0.014621029607951641,0.007677378598600626,0.010639650747179985,0.3396262228488922,0.009909392334520817,0.007416591048240662,0.008196522481739521,0.21149790287017822
0010,000219,219,0.16358476877212524,1.1886743307113647,0.11498695611953735,0.8294110894203186,0.01454397663474083,0.007721316069364548,0.010561343282461166,0.3396376669406891,0.009864293038845062,0.007542644161731005,0.008095263503491879,0.21111002564430237
0010,000220,220,0.16208606958389282,1.183518648147583,0.11568771302700043,0.8213738799095154,0.014553613029420376,0.007759350351989269,0.010509674437344074,0.3396710157394409,0.009687812067568302,0.0076682991348207,0.007981841452419758,0.21061360836029053
0010,000221,221,0.16065102815628052,1.1787211894989014,0.11736905574798584,0.8360997438430786,0.014570417813956738,0.007754310499876738,0.010478824377059937,0.3396553695201874,0.008630634285509586,0.0073706102557480335,0.0071723279543221,0.21070298552513123
0010,000222,222,0.16074465215206146,1.1736030578613281,0.12127603590488434,0.878253698348999,0.014460599981248379,0.00774012878537178,0.010420778766274452,0.3396223485469818,0.00832322146743536,0.007055304944515228,0.007039620541036129,0.21092602610588074
0010,000223,223,0.16031011939048767,1.1718720197677612,0.11557125300168991,0.8365752100944519,0.014433474279940128,0.007730997633188963,0.010399880819022655,0.3396584391593933,0.00830774661153555,0.006876861676573753,0.007073638960719109,0.21100525557994843
0010,000224,224,0.16056984663009644,1.1720281839370728,0.11515443027019501,0.8348624110221863,0.014339279383420944,0.007693295367062092,0.010360163636505604,0.33964353799819946,0.008198569528758526,0.006700418423861265,0.00709626916795969,0.21114425361156464
0010,000225,225,0.16030430793762207,1.17477548122406,0.11396387964487076,0.8375881314277649,0.014425324276089668,0.00768471322953701,0.010483170859515667,0.3395967185497284,0.008578800596296787,0.006620392668992281,0.007477819453924894,0.21127600967884064
0010,000226,226,0.1602228730916977,1.1712559461593628,0.11334014683961868,0.8435428738594055,0.014420786872506142,0.007680519018322229,0.010516629554331303,0.3396111726760864,0.008265476673841476,0.006559897679835558,0.00727545190602541,0.2114066332578659
0010,000227,227,0.16083593666553497,1.1659364700317383,0.11284241825342178,0.857452929019928,0.014497407712042332,0.00766177149489522,0.010492458939552307,0.3395351469516754,0.008152461610734463,0.006444254890084267,0.007112414576113224,0.2117374837398529
0010,000228,228,0.1613965481519699,1.1663737297058105,0.1086302101612091,0.8065357208251953,0.014750833623111248,0.007652370259165764,0.010572713799774647,0.3395247459411621,0.00867353193461895,0.006528165657073259,0.007468460593372583,0.21158388257026672
0010,000229,229,0.16175037622451782,1.15605628490448,0.10983572155237198,0.8005163669586182,0.014834348112344742,0.007667609490454197,0.01064401026815176,0.3395153880119324,0.00807042047381401,0.006323487032204866,0.0068889339454472065,0.21175353229045868
0010,000230,230,0.16084375977516174,1.1639419794082642,0.11107638478279114,0.8139808177947998,0.014545479789376259,0.007678833790123463,0.01058237999677658,0.3395315706729889,0.008177868090569973,0.006285198964178562,0.0070671928115189075,0.211904376745224
0010,000231,231,0.16048182547092438,1.1672755479812622,0.11456705629825592,0.8436915278434753,0.014492212794721127,0.0076767392456531525,0.010587724857032299,0.33948251605033875,0.008403714746236801,0.006242772564291954,0.007323607336729765,0.21198786795139313
0010,000232,232,0.16050544381141663,1.1710602045059204,0.11291813850402832,0.827518880367279,0.01437426172196865,0.007676184643059969,0.01053161546587944,0.33952346444129944,0.008707014843821526,0.006363286636769772,0.0075509329326450825,0.21193641424179077
0010,000233,233,0.15928828716278076,1.1692302227020264,0.11231827735900879,0.8072371482849121,0.01434915978461504,0.00764915905892849,0.010545017197728157,0.33950722217559814,0.009092948399484158,0.006526998709887266,0.007780228275805712,0.2116667777299881
0010,000234,234,0.1605580747127533,1.1806341409683228,0.11524536460638046,0.8278402090072632,0.014410377480089664,0.007642804645001888,0.010669567622244358,0.3394777774810791,0.009532706812024117,0.00682919891551137,0.008257516659796238,0.21137882769107819
0010,000235,235,0.15951989591121674,1.1747249364852905,0.11638621985912323,0.8280503153800964,0.014279940165579319,0.007644638419151306,0.01062715519219637,0.3394346237182617,0.009202323853969574,0.006976039614528418,0.00794283952564001,0.21118861436843872
0010,000236,236,0.15904654562473297,1.1699957847595215,0.11426212638616562,0.8062215447425842,0.014173656702041626,0.007649362552911043,0.010571099817752838,0.3394418954849243,0.008947324007749557,0.007078489754348993,0.0077613345347344875,0.21102875471115112
0010,000237,237,0.15906548500061035,1.1679785251617432,0.11324410140514374,0.7915664315223694,0.014296561479568481,0.007674029096961021,0.010585689917206764,0.3394526541233063,0.009007166139781475,0.007121797651052475,0.007735042367130518,0.2108444720506668
0010,000238,238,0.16055621206760406,1.180513620376587,0.11549540609121323,0.8078280687332153,0.014442172832787037,0.007707651704549789,0.01071974914520979,0.3394203186035156,0.008549513295292854,0.007084126118570566,0.007381980307400227,0.21078413724899292
0010,000239,239,0.16059958934783936,1.1750612258911133,0.1138024553656578,0.7875425815582275,0.014486252330243587,0.00771931279450655,0.01067932415753603,0.3394363522529602,0.008768265135586262,0.007074151653796434,0.007491851691156626,0.21064922213554382
0010,000240,240,0.1601221114397049,1.1638367176055908,0.11613734811544418,0.824241578578949,0.014571878127753735,0.007729011587798595,0.010643777437508106,0.33942660689353943,0.007848823443055153,0.006674884352833033,0.00670125475153327,0.21113723516464233
0010,000241,241,0.16175152361392975,1.152375340461731,0.1127811148762703,0.7890056371688843,0.014910154044628143,0.007767804432660341,0.010651652701199055,0.33949294686317444,0.008181745186448097,0.006456074304878712,0.0068764458410441875,0.2113104611635208
0010,000242,242,0.16581092774868011,1.1494874954223633,0.11584948003292084,0.8049539923667908,0.015569937415421009,0.007847953587770462,0.010683462023735046,0.3396674394607544,0.008243483491241932,0.006209205370396376,0.0067564803175628185,0.2116263061761856
0010,000243,243,0.16560454666614532,1.1513173580169678,0.11252156645059586,0.7959420680999756,0.014980856329202652,0.007925545796751976,0.010505151003599167,0.3397190272808075,0.007895941846072674,0.006163822952657938,0.006779429968446493,0.21178218722343445
0010,000244,244,0.1658947765827179,1.159152626991272,0.11151520907878876,0.7761165499687195,0.014730744063854218,0.007925037294626236,0.01042539719492197,0.3397526741027832,0.00800926424562931,0.006224172655493021,0.006830978207290173,0.2117418497800827
0010,000245,245,0.1651000678539276,1.1598411798477173,0.11102285236120224,0.7810007929801941,0.014511683024466038,0.007905008271336555,0.01037885993719101,0.339758038520813,0.007438251748681068,0.006134729366749525,0.00646753516048193,0.2119380235671997
0010,000246,246,0.16522015631198883,1.1617704629898071,0.11082212626934052,0.7673362493515015,0.014419855549931526,0.007895607501268387,0.010379740968346596,0.33975929021835327,0.007857819087803364,0.0061723762191832066,0.006731064524501562,0.21181297302246094
0010,000247,247,0.16442275047302246,1.1553646326065063,0.11061317473649979,0.754748523235321,0.014423024840652943,0.007872853428125381,0.010370784439146519,0.33972278237342834,0.007792364805936813,0.006196688394993544,0.006659694481641054,0.2116999477148056
0010,000248,248,0.16392169892787933,1.1500693559646606,0.11215220391750336,0.7741173505783081,0.014464788138866425,0.007873321883380413,0.010405345819890499,0.33976393938064575,0.007323771249502897,0.0060896784998476505,0.0063078985549509525,0.21190626919269562
0010,000249,249,0.16395865380764008,1.1528513431549072,0.11629056185483932,0.8074867129325867,0.014404050074517727,0.007869290187954903,0.010404065251350403,0.33973613381385803,0.007686525583267212,0.0060202376917004585,0.0066664209589362144,0.2119942456483841
0010,000250,250,0.16364343464374542,1.1521074771881104,0.11275602877140045,0.7786562442779541,0.014388218522071838,0.007865491323173046,0.010434621945023537,0.33971115946769714,0.008021940477192402,0.006073703523725271,0.006932322401553392,0.21197037398815155
0010,000251,251,0.16403049230575562,1.1601933240890503,0.1138978824019432,0.7974182963371277,0.014494015835225582,0.007879345677793026,0.01055358350276947,0.33973178267478943,0.007691338192671537,0.006070966832339764,0.006692234892398119,0.21210020780563354
0010,000252,252,0.16321448981761932,1.155598521232605,0.11416836082935333,0.7966675162315369,0.014540059491991997,0.007904047146439552,0.01058957725763321,0.33972370624542236,0.008075944148004055,0.006134280003607273,0.007000294979661703,0.21202030777931213
0010,000253,253,0.1623692363500595,1.1499460935592651,0.11270176619291306,0.7876706719398499,0.014542745426297188,0.007910213433206081,0.010536698624491692,0.3397516906261444,0.007564362604171038,0.006108732894062996,0.006553955841809511,0.21213705837726593
0010,000254,254,0.16291505098342896,1.1536033153533936,0.11559845507144928,0.8099544644355774,0.014693330973386765,0.007898160256445408,0.010617400519549847,0.33977505564689636,0.007833132520318031,0.006122755818068981,0.00681062787771225,0.21215926110744476
0010,000255,255,0.16152115166187286,1.1487809419631958,0.11620264500379562,0.8292812705039978,0.014644627459347248,0.007886492647230625,0.010600345209240913,0.33977264165878296,0.007376758381724358,0.005995981860905886,0.0064353239722549915,0.2124667465686798
0010,000256,256,0.16063691675662994,1.1483041048049927,0.1140735074877739,0.8123369812965393,0.014598580077290535,0.007891526445746422,0.010597387328743935,0.33980050683021545,0.007714156061410904,0.00599655183032155,0.006711932830512524,0.2125222533941269
0010,000257,257,0.1600949913263321,1.152258038520813,0.113716721534729,0.8033663630485535,0.014657845720648766,0.00793441105633974,0.010640888474881649,0.33983227610588074,0.007998268119990826,0.006064131390303373,0.006910374388098717,0.2125188261270523
0010,000258,258,0.15981464087963104,1.1542712450027466,0.11241009086370468,0.7884342670440674,0.014625136740505695,0.007961763069033623,0.010647246614098549,0.33984577655792236,0.008080124855041504,0.006159687414765358,0.006971387658268213,0.2124503254890442
0010,000259,259,0.1596325784921646,1.1592479944229126,0.11324372887611389,0.7799187898635864,0.01464493852108717,0.007988783530890942,0.010682672262191772,0.33989012241363525,0.008127344772219658,0.006217827554792166,0.006913707125931978,0.212340846657753
0010,000260,260,0.15828552842140198,1.1559830904006958,0.11371448636054993,0.7929779291152954,0.014710454270243645,0.008001532405614853,0.010686933062970638,0.33991292119026184,0.007597031071782112,0.0061301011592149734,0.0065474980510771275,0.21250700950622559
0010,000261,261,0.15803951025009155,1.1552268266677856,0.11260410398244858,0.7843327522277832,0.014713726006448269,0.008009658195078373,0.010635820217430592,0.3399633467197418,0.007712734397500753,0.006108437664806843,0.006655763369053602,0.21261897683143616
0010,000262,262,0.1577085703611374,1.153544545173645,0.1125900149345398,0.773257851600647,0.014712722040712833,0.008028101176023483,0.010645993985235691,0.33999767899513245,0.008407007902860641,0.006221625488251448,0.007184172980487347,0.21248003840446472
0010,000263,263,0.15822061896324158,1.1570907831192017,0.112555593252182,0.7780783772468567,0.014767825603485107,0.008072270080447197,0.010693262331187725,0.3400372564792633,0.008090031333267689,0.0062524075619876385,0.006918483413755894,0.2124951183795929
0010,000264,264,0.15864577889442444,1.1594090461730957,0.11224481463432312,0.7554708123207092,0.014881295152008533,0.008109409362077713,0.010708451271057129,0.34006378054618835,0.008532732725143433,0.006394433788955212,0.007155984174460173,0.21221144497394562
0010,000265,265,0.15789128839969635,1.1530548334121704,0.11582313477993011,0.7971577644348145,0.01493149809539318,0.008155707269906998,0.010722470469772816,0.3400716781616211,0.007683969102799892,0.00617462582886219,0.006637221202254295,0.2125554382801056
0010,000266,266,0.15767793357372284,1.1507492065429688,0.11310573667287827,0.7626781463623047,0.01487311813980341,0.008183167316019535,0.010660854168236256,0.3400923013687134,0.008693436160683632,0.006364660337567329,0.007352797780185938,0.21217015385627747
0010,000267,267,0.15886177122592926,1.1518349647521973,0.1180487722158432,0.801446795463562,0.014983227476477623,0.008210179395973682,0.01068335585296154,0.34011825919151306,0.007854435592889786,0.006275920197367668,0.006773294880986214,0.2122574746608734
0010,000268,268,0.15987415611743927,1.1565805673599243,0.11642682552337646,0.7930946946144104,0.015002681873738766,0.008221535943448544,0.010675941593945026,0.34012162685394287,0.0076582785695791245,0.006149886175990105,0.0065818410366773605,0.2124386727809906
0010,000269,269,0.16107448935508728,1.1548665761947632,0.11743892729282379,0.811983585357666,0.015011007897555828,0.008218640461564064,0.010678566060960293,0.34011515974998474,0.007246266584843397,0.00593649223446846,0.00625248160213232,0.21277354657649994
0010,000270,270,0.1614440381526947,1.160323143005371,0.1154526099562645,0.7944614887237549,0.01502155140042305,0.008211852051317692,0.010763739235699177,0.3401181101799011,0.007322726771235466,0.005804426036775112,0.00626267259940505,0.21297810971736908
0010,000271,271,0.16174031794071198,1.16261625289917,0.11562685668468475,0.7893019914627075,0.014945942908525467,0.008201858028769493,0.010730302892625332,0.3401407301425934,0.007858221419155598,0.005860558245331049,0.006731327623128891,0.2129066437482834
0010,000272,272,0.16123118996620178,1.165671706199646,0.1148308664560318,0.7596371173858643,0.01493342686444521,0.008187012746930122,0.01074537355452776,0.34009841084480286,0.008753040805459023,0.006089621689170599,0.007344776298850775,0.21246741712093353
0010,000273,273,0.16111506521701813,1.1685222387313843,0.12068387120962143,0.8024657368659973,0.014907028526067734,0.00819643959403038,0.010772300884127617,0.34013044834136963,0.008649260737001896,0.006242150906473398,0.007350868079811335,0.21223251521587372
0010,000274,274,0.16007357835769653,1.168983817100525,0.12005584686994553,0.791887104511261,0.014803825877606869,0.008211813867092133,0.01073670107871294,0.3401288688182831,0.009016165509819984,0.006472934503108263,0.007612335495650768,0.21184727549552917
0010,000275,275,0.1604674607515335,1.176497220993042,0.12457409501075745,0.8364525437355042,0.014936013147234917,0.0082399295642972,0.010807438753545284,0.3401007056236267,0.008292092010378838,0.006419872399419546,0.007163016125559807,0.21192626655101776
0010,000276,276,0.16100376844406128,1.175714135169983,0.12328647077083588,0.8339511156082153,0.014971368946135044,0.00823510717600584,0.010827518999576569,0.34005382657051086,0.008377822116017342,0.0064425962045788765,0.0072301761247217655,0.21190683543682098
0010,000277,277,0.1605278104543686,1.1676607131958008,0.12079980969429016,0.8303846120834351,0.015145380981266499,0.00822990108281374,0.010863034054636955,0.34001079201698303,0.007407953031361103,0.006129755638539791,0.006468755658715963,0.212328240275383
0010,000278,278,0.16227330267429352,1.169226884841919,0.11842593550682068,0.8181818723678589,0.015054010786116123,0.008254642598330975,0.010814025066792965,0.33998528122901917,0.0076866140589118,0.0060524228028953075,0.0067090317606925964,0.2124985009431839
0010,000279,279,0.16277070343494415,1.1703041791915894,0.11760572344064713,0.8211769461631775,0.015110081061720848,0.008290319703519344,0.010873425751924515,0.3399949073791504,0.007890107110142708,0.006054596044123173,0.006891504395753145,0.21266822516918182
0010,000280,280,0.1629229336977005,1.1700772047042847,0.11513613164424896,0.796944260597229,0.014999623410403728,0.008294757455587387,0.010814263485372066,0.3399984836578369,0.008275161497294903,0.006103557534515858,0.007073332089930773,0.2126435935497284
0010,000281,281,0.16326747834682465,1.170916199684143,0.11545862257480621,0.8028172254562378,0.014989801682531834,0.008333848789334297,0.010857021436095238,0.34003889560699463,0.007744705304503441,0.006081375293433666,0.006710495799779892,0.21276545524597168
0010,000282,282,0.1635228544473648,1.1717371940612793,0.11653865873813629,0.8073854446411133,0.014991163276135921,0.00835751835256815,0.01079266145825386,0.34003323316574097,0.00804581306874752,0.0061138952150940895,0.0069343955256044865,0.21271325647830963
0010,000283,283,0.16331225633621216,1.1692074537277222,0.11636102944612503,0.7956496477127075,0.015055759809911251,0.008356625214219093,0.010822370648384094,0.3400310277938843,0.008578149601817131,0.006233441177755594,0.0073528653010725975,0.21247529983520508
0010,000284,284,0.16299064457416534,1.1633543968200684,0.11846749484539032,0.792195737361908,0.015176859684288502,0.008373232558369637,0.010871690697968006,0.3400479257106781,0.009024004451930523,0.006364427041262388,0.007597674150019884,0.21212950348854065
0010,000285,285,0.16324350237846375,1.1576305627822876,0.12073253840208054,0.7993473410606384,0.015300007537007332,0.008352546952664852,0.010811465792357922,0.34002169966697693,0.009124047122895718,0.006527787074446678,0.007674856577068567,0.21180206537246704
0010,000286,286,0.16387367248535156,1.1588139533996582,0.12436672300100327,0.8256368637084961,0.015842173248529434,0.00836628396064043,0.010939584113657475,0.3400927782058716,0.008996355347335339,0.00658543361350894,0.007333756890147924,0.2115863412618637
0010,000287,287,0.1646854430437088,1.1681774854660034,0.1219291165471077,0.8125783205032349,0.015588841401040554,0.008371813222765923,0.010962888598442078,0.3400920629501343,0.008388073183596134,0.006477318704128265,0.00714681064710021,0.21164454519748688
0010,000288,288,0.1627049297094345,1.16648530960083,0.12124986946582794,0.828122079372406,0.015280629508197308,0.008379379287362099,0.01092318445444107,0.34009891748428345,0.008120195008814335,0.006312749348580837,0.007033088710159063,0.21180744469165802
0010,000289,289,0.16161514818668365,1.1627085208892822,0.1173948347568512,0.797956109046936,0.01518317125737667,0.008392169140279293,0.010812384076416492,0.3400675654411316,0.007978489622473717,0.0062728640623390675,0.006871409248560667,0.21193630993366241
0010,000290,290,0.16195017099380493,1.1604127883911133,0.11847986280918121,0.8106300234794617,0.015201539732515812,0.008428066968917847,0.010806559585034847,0.34007295966148376,0.007886012084782124,0.006226413883268833,0.006810265593230724,0.2120215743780136
0010,000291,291,0.16257494688034058,1.159769058227539,0.11851294338703156,0.8042225241661072,0.015320089645683765,0.008444682694971561,0.010765801183879375,0.3400851786136627,0.008271350525319576,0.006273220758885145,0.007035800255835056,0.21196331083774567
0010,000292,292,0.16420187056064606,1.159955382347107,0.12136886268854141,0.8238717317581177,0.015377165749669075,0.008466578088700771,0.010758208110928535,0.3400951325893402,0.008356130681931973,0.006309120450168848,0.007071326952427626,0.21192997694015503
0010,000293,293,0.16448035836219788,1.15328049659729,0.12366333603858948,0.8437969088554382,0.015504680573940277,0.008497016504406929,0.01075372938066721,0.34011110663414,0.00850731786340475,0.0063429465517401695,0.0071763223968446255,0.21193641424179077
0013,000002,2,0.21791167557239532,1.0941033363342285,0.1254546344280243,0.68971186876297,0.014573445543646812,0.003016703063622117,0.008108694106340408,0.33915776014328003,0.005602790508419275,0.0011597775155678391,0.003922268282622099,0.20883336663246155
0013,000003,3,0.22070156037807465,1.140777587890625,0.1332712471485138,0.7590552568435669,0.014542211778461933,0.00391552597284317,0.008315520361065865,0.3388974368572235,0.005897011607885361,0.0017640306614339352,0.004047502297908068,0.20923371613025665
0013,000004,4,0.21856816112995148,1.1540677547454834,0.13049757480621338,0.7660746574401855,0.014448711648583412,0.004373644944280386,0.008443476632237434,0.33873191475868225,0.005855245050042868,0.00206981273368001,0.004342312924563885,0.20955123007297516
0013,000005,5,0.21446764469146729,1.1548402309417725,0.1321544200181961,0.7677916884422302,0.01450191531330347,0.004704311024397612,0.008622195571660995,0.33858346939086914,0.005920170806348324,0.0023820661008358,0.004124002531170845,0.20978492498397827
0013,000006,6,0.2123880386352539,1.1657326221466064,0.13105235993862152,0.7600321173667908,0.014530286192893982,0.004993824753910303,0.008703981526196003,0.33855146169662476,0.005813003517687321,0.002633691066876054,0.0041315993294119835,0.20991411805152893
0013,000007,7,0.2078804075717926,1.157569408416748,0.12925732135772705,0.7570449113845825,0.014495442621409893,0.0052007888443768024,0.008787033148109913,0.3385123610496521,0.005627895705401897,0.002705607796087861,0.004101303871721029,0.21025113761425018
0013,000008,8,0.2060982584953308,1.1588821411132812,0.12420771270990372,0.7270281910896301,0.014498574659228325,0.005387887358665466,0.008834159933030605,0.33854275941848755,0.0064570289105176926,0.0029219244606792927,0.004799820017069578,0.2100638747215271
0013,000009,9,0.20109157264232635,1.1477769613265991,0.12843255698680878,0.7688391804695129,0.0146713238209486,0.0055310712195932865,0.008945032954216003,0.33855050802230835,0.006149145774543285,0.0030918829143047333,0.004689561668783426,0.21024557948112488
0013,000010,10,0.19716402888298035,1.1347918510437012,0.12030589580535889,0.7063145637512207,0.014582008123397827,0.00566370552405715,0.00899941474199295,0.3385761082172394,0.0064903246238827705,0.003340743016451597,0.0048737176693975925,0.20990005135536194
0013,000011,11,0.19597913324832916,1.1449707746505737,0.12696757912635803,0.7613335847854614,0.014628250151872635,0.005780647974461317,0.009067658334970474,0.3386158049106598,0.005804074462503195,0.003352099796757102,0.0045699491165578365,0.21030133962631226
0013,000012,12,0.19306465983390808,1.1410236358642578,0.1285426765680313,0.7829598188400269,0.01462024450302124,0.00594343850389123,0.009197580628097057,0.33863168954849243,0.005675601772964001,0.003306232625618577,0.0044840131886303425,0.2106626182794571
0013,000013,13,0.18995077908039093,1.1365680694580078,0.12509913742542267,0.7436685562133789,0.014554382301867008,0.006069205701351166,0.009202154353260994,0.3386799395084381,0.0061025479808449745,0.00341236125677824,0.004726985469460487,0.21061073243618011
0013,000014,14,0.18795812129974365,1.1446341276168823,0.1249527558684349,0.7460839748382568,0.014741678722202778,0.0061781760305166245,0.009355968795716763,0.33869385719299316,0.006696704309433699,0.0036171323154121637,0.005179576575756073,0.2103520631790161
0013,000015,15,0.1859809160232544,1.1451140642166138,0.12534765899181366,0.7480446696281433,0.014840892516076565,0.00623084744438529,0.00949789583683014,0.3387216031551361,0.005991500336676836,0.0035891742445528507,0.004660974256694317,0.21056734025478363
0013,000016,16,0.18398164212703705,1.1460946798324585,0.12288428097963333,0.7171949148178101,0.014898468740284443,0.0063316733576357365,0.009621908888220787,0.33875858783721924,0.0069201355800032616,0.0038219739217311144,0.005242819897830486,0.2102384865283966
0013,000017,17,0.1825445592403412,1.1598777770996094,0.12993942201137543,0.789456844329834,0.014725856482982635,0.006436052266508341,0.0096081318333745,0.33878883719444275,0.006812982726842165,0.003949722740799189,0.005325521808117628,0.21031174063682556
0013,000018,18,0.17781096696853638,1.153427004814148,0.13257688283920288,0.8321635127067566,0.014641712419688702,0.006561832968145609,0.009668338112533092,0.3388666808605194,0.0066581484861671925,0.0039895218797028065,0.005364805925637484,0.21063975989818573
0013,000019,19,0.17391732335090637,1.1448439359664917,0.12573812901973724,0.7720587253570557,0.014713767915964127,0.0065742917358875275,0.009661332704126835,0.33893704414367676,0.0077989185228943825,0.004342083819210529,0.006080789491534233,0.2101786732673645
0013,000020,20,0.17277416586875916,1.1500860452651978,0.12492141872644424,0.76590496301651,0.014824805781245232,0.006541131064295769,0.009696532040834427,0.3389936089515686,0.00754546420648694,0.004536882508546114,0.005862934980541468,0.20997954905033112
0013,000021,21,0.1698511391878128,1.1469007730484009,0.12366657704114914,0.7441068291664124,0.014579636044800282,0.006560791749507189,0.009696990251541138,0.33899855613708496,0.008525517769157887,0.004963654093444347,0.006465191021561623,0.2092522233724594
0013,000022,22,0.16739386320114136,1.1393905878067017,0.11889152228832245,0.7131558060646057,0.01431681402027607,0.006636090110987425,0.009725783951580524,0.33900803327560425,0.006909179501235485,0.004902930930256844,0.005331627558916807,0.20921681821346283
0013,000023,23,0.16762308776378632,1.1443568468093872,0.12242555618286133,0.7458332180976868,0.014797999523580074,0.006574716884642839,0.009890427812933922,0.338923841714859,0.007097998633980751,0.004774820990860462,0.005547927692532539,0.2092793583869934
0013,000024,24,0.16658705472946167,1.147255539894104,0.12058211117982864,0.7453729510307312,0.01490489486604929,0.006603342946618795,0.010064509697258472,0.3389156758785248,0.007751441560685635,0.004952584393322468,0.006093984004110098,0.2089225798845291
0013,000025,25,0.1641329973936081,1.1408778429031372,0.11968155205249786,0.7384363412857056,0.014622490853071213,0.006726501043885946,0.009992946870625019,0.3389275372028351,0.007989423349499702,0.005137150641530752,0.006103095132857561,0.20853787660598755
0013,000026,26,0.1636851280927658,1.1366126537322998,0.12626096606254578,0.8085991144180298,0.01452802773565054,0.006825726479291916,0.009886334650218487,0.3389875888824463,0.007015787996351719,0.0049698431976139545,0.00560408178716898,0.20891518890857697
0013,000027,27,0.16464591026306152,1.14546799659729,0.1273908019065857,0.8223611116409302,0.014781319536268711,0.006822514347732067,0.009930508211255074,0.3390342891216278,0.007375209592282772,0.0050088101997971535,0.005911072250455618,0.20897553861141205
0013,000028,28,0.1654333472251892,1.1470240354537964,0.1261584758758545,0.8081223964691162,0.014804594218730927,0.006888356059789658,0.010010607540607452,0.3390475809574127,0.0069997902028262615,0.0048461551778018475,0.0054975333623588085,0.20919868350028992
0013,000029,29,0.1664520651102066,1.1548000574111938,0.12759867310523987,0.8260706067085266,0.014883172698318958,0.0069444687105715275,0.010020893067121506,0.33908942341804504,0.00676342286169529,0.004667877685278654,0.005414677318185568,0.2095339298248291
0013,000030,30,0.16524730622768402,1.1552411317825317,0.12744839489459991,0.823972761631012,0.014822490513324738,0.006972132250666618,0.010033301077783108,0.3390839695930481,0.007406620774418116,0.004780112765729427,0.006000579334795475,0.20933587849140167
0013,000031,31,0.1649346798658371,1.1594970226287842,0.11994007229804993,0.7466053366661072,0.014813809655606747,0.007042065262794495,0.010072289034724236,0.3391306400299072,0.008256783708930016,0.0050576659850776196,0.006358171347528696,0.2085677534341812
0013,000032,32,0.16282261908054352,1.153680682182312,0.11865251511335373,0.7332244515419006,0.014737957157194614,0.007059996947646141,0.010015985928475857,0.3391978442668915,0.007887798361480236,0.005216376855969429,0.006134861148893833,0.20814204216003418
0013,000033,33,0.16335268318653107,1.1606757640838623,0.1220221146941185,0.7408878207206726,0.014955190010368824,0.007031056564301252,0.010126127861440182,0.33922290802001953,0.0076919617131352425,0.005220863968133926,0.005935942754149437,0.20796659588813782
0013,000034,34,0.16367898881435394,1.1684074401855469,0.12310943752527237,0.7502837777137756,0.014795942232012749,0.007039058022201061,0.01021069847047329,0.339225172996521,0.00789748877286911,0.005300272721797228,0.0060807629488408566,0.20767053961753845
0013,000035,35,0.16078831255435944,1.1486999988555908,0.124818816781044,0.7807168960571289,0.014549252577126026,0.007037464063614607,0.010074361227452755,0.3392222225666046,0.0075249699875712395,0.005224692635238171,0.006058367434889078,0.20781855285167694
0013,000036,36,0.15982110798358917,1.1397151947021484,0.120429128408432,0.7454928159713745,0.014675304293632507,0.007095756474882364,0.010047346353530884,0.3392854332923889,0.008560225367546082,0.005477633792907,0.006803128402680159,0.2073279768228531
0013,000037,37,0.1594144105911255,1.1316810846328735,0.12593835592269897,0.7991796135902405,0.014725958928465843,0.007095270324498415,0.010001389309763908,0.33933374285697937,0.007717744447290897,0.005467970389872789,0.006259297486394644,0.20734886825084686
0013,000038,38,0.1595282107591629,1.1299396753311157,0.13167400658130646,0.860765814781189,0.0149733517318964,0.007108425721526146,0.010121002793312073,0.3393622636795044,0.007720853667706251,0.005455287639051676,0.006348667666316032,0.20744989812374115
0013,000039,39,0.15786567330360413,1.1306685209274292,0.12912841141223907,0.8566870093345642,0.014635015279054642,0.007104388903826475,0.010038226842880249,0.33928564190864563,0.007564208935946226,0.005465683992952108,0.006173346657305956,0.20748776197433472
0013,000040,40,0.15777844190597534,1.1349406242370605,0.1261357069015503,0.8229833841323853,0.014485682360827923,0.007140105590224266,0.010031291283667088,0.33929258584976196,0.00735711632296443,0.0054315910674631596,0.0059342216700315475,0.2074708342552185
0013,000041,41,0.15745243430137634,1.1315618753433228,0.12441722303628922,0.8062814474105835,0.014499080367386341,0.00718405656516552,0.010090957395732403,0.3392968475818634,0.007772162556648254,0.005565245170146227,0.006256855092942715,0.20716780424118042
0013,000042,42,0.15804408490657806,1.1318901777267456,0.12802600860595703,0.8414756059646606,0.014434698037803173,0.007216164376586676,0.010004734620451927,0.3393406867980957,0.007791224867105484,0.005651685409247875,0.006345367059111595,0.20697751641273499
0013,000043,43,0.15810047090053558,1.1308635473251343,0.12668968737125397,0.8402121663093567,0.014464875683188438,0.007220673840492964,0.010006574913859367,0.3393721580505371,0.007270014379173517,0.005531987175345421,0.005945384036749601,0.20707882940769196
0013,000044,44,0.15966032445430756,1.1403673887252808,0.12518569827079773,0.8221405148506165,0.014656325802206993,0.007232912816107273,0.010081902146339417,0.33938246965408325,0.007528015878051519,0.005535824690014124,0.0061525399796664715,0.20699955523014069
0013,000045,45,0.15956375002861023,1.138663649559021,0.12366465479135513,0.8136879801750183,0.014673258177936077,0.0072518461383879185,0.010091954842209816,0.33940666913986206,0.007217181380838156,0.005432021338492632,0.005894350353628397,0.20709098875522614
0013,000046,46,0.15996097028255463,1.137861728668213,0.12589794397354126,0.8335159420967102,0.014715507626533508,0.007272636517882347,0.010082142427563667,0.3394242227077484,0.007210432551801205,0.005315989721566439,0.005891720298677683,0.20722724497318268
0013,000047,47,0.16016489267349243,1.1382523775100708,0.12390176951885223,0.7958767414093018,0.014787624590098858,0.007306862622499466,0.01010941807180643,0.33942851424217224,0.0079546719789505,0.005403801798820496,0.0062280138954520226,0.20687825977802277
0013,000048,48,0.16086818277835846,1.1381759643554688,0.12385085970163345,0.7937943935394287,0.014899560250341892,0.007318923249840736,0.010127807967364788,0.3394508957862854,0.0076499274000525475,0.005411684047430754,0.006173725705593824,0.20681363344192505
0013,000049,49,0.16142718493938446,1.137686014175415,0.1250695139169693,0.8120095133781433,0.014903844334185123,0.007322999183088541,0.010073509998619556,0.339496910572052,0.0074581848457455635,0.0054304045625030994,0.0061075747944414616,0.20674192905426025
0013,000050,50,0.16059456765651703,1.1294128894805908,0.11960133910179138,0.7319720983505249,0.014936947263777256,0.007329608779400587,0.010050581768155098,0.33945491909980774,0.009478728286921978,0.005887340288609266,0.007156566251069307,0.20555223524570465
0013,000051,51,0.16194581985473633,1.1382051706314087,0.1180717796087265,0.7276792526245117,0.01502930372953415,0.007352563552558422,0.010120891965925694,0.33943068981170654,0.007829373702406883,0.005883249919861555,0.0062161460518836975,0.2052840143442154
0013,000052,52,0.16249677538871765,1.1383569240570068,0.12706755101680756,0.8209714293479919,0.015198727138340473,0.007390216458588839,0.010190021246671677,0.3394570052623749,0.007247554138302803,0.0053736069239676,0.005874785594642162,0.2059783786535263
0013,000053,53,0.16222375631332397,1.138062834739685,0.12658600509166718,0.8200245499610901,0.01519162766635418,0.007401010952889919,0.010127999819815159,0.33948105573654175,0.006936258170753717,0.005256722681224346,0.005752268247306347,0.2061157524585724
0013,000054,54,0.16269196569919586,1.1414458751678467,0.12578214704990387,0.8217938542366028,0.015172156505286694,0.007420721929520369,0.010081260465085506,0.3395071029663086,0.0070939697325229645,0.005156116094440222,0.005827008280903101,0.20639503002166748
0013,000055,55,0.16289681196212769,1.1440794467926025,0.12237659841775894,0.7865114808082581,0.01508926972746849,0.007403689436614513,0.010060270316898823,0.3394925892353058,0.008092558942735195,0.005352271255105734,0.00643023569136858,0.20598964393138885
0013,000056,56,0.16249623894691467,1.13640558719635,0.12101231515407562,0.7544180154800415,0.014971264638006687,0.0074041676707565784,0.01000235229730606,0.339510977268219,0.007942747324705124,0.005490949377417564,0.006187840830534697,0.2056446224451065
0013,000057,57,0.1625359207391739,1.1340199708938599,0.1223590075969696,0.781945526599884,0.01505336444824934,0.007403689436614513,0.009982620365917683,0.33953991532325745,0.007224019151180983,0.00534100504592061,0.005790000781416893,0.20588889718055725
0013,000058,58,0.16314032673835754,1.1334320306777954,0.1213638037443161,0.7727230787277222,0.015118943527340889,0.007407982833683491,0.009988927282392979,0.3395336866378784,0.007390914484858513,0.005245842970907688,0.005819893907755613,0.20593754947185516
0013,000059,59,0.16318754851818085,1.1277894973754883,0.12357701361179352,0.780317485332489,0.015077210031449795,0.007394779939204454,0.009890591725707054,0.3395631015300751,0.007610791828483343,0.00521034887060523,0.00596160814166069,0.20592615008354187
0013,000060,60,0.16290943324565887,1.1247389316558838,0.12416592985391617,0.8030436635017395,0.015111523680388927,0.00736113591119647,0.009847684763371944,0.33955052495002747,0.006895433645695448,0.004922230262309313,0.005513137672096491,0.20648247003555298
0013,000061,61,0.16361717879772186,1.1261334419250488,0.12806473672389984,0.826871931552887,0.015117819420993328,0.007335002534091473,0.0099020479246974,0.33954399824142456,0.0075426725670695305,0.004933754913508892,0.006056162063032389,0.20646288990974426
0013,000062,62,0.16517165303230286,1.1326370239257812,0.12639755010604858,0.8234645128250122,0.015130619518458843,0.007311914581805468,0.009959505870938301,0.3395020663738251,0.007349138148128986,0.004927927162498236,0.006044294219464064,0.20659756660461426
0013,000063,63,0.16482293605804443,1.1301701068878174,0.1233694925904274,0.7997192740440369,0.015153620392084122,0.007299524266272783,0.01000742893666029,0.3394409716129303,0.007685708813369274,0.005027857609093189,0.006305219139903784,0.2065725475549698
0013,000064,64,0.16486124694347382,1.1269150972366333,0.12453943490982056,0.8085074424743652,0.015091180801391602,0.007274522911757231,0.009957386180758476,0.33943697810173035,0.00766226788982749,0.0051520527340471745,0.006340499501675367,0.20654065907001495
0013,000065,65,0.16581712663173676,1.1334501504898071,0.12422061711549759,0.8121480941772461,0.015183343552052975,0.007216434460133314,0.01002846471965313,0.33938512206077576,0.007485678419470787,0.005160154774785042,0.006201343145221472,0.20670607686042786
0013,000066,66,0.16512343287467957,1.1309462785720825,0.12129964679479599,0.7914077639579773,0.01531621441245079,0.007184893824160099,0.010113140568137169,0.3393910527229309,0.00783810205757618,0.005271899048238993,0.006472764536738396,0.20658202469348907
0013,000067,67,0.1629638522863388,1.124845027923584,0.1241205558180809,0.8241716027259827,0.015052944421768188,0.007173304446041584,0.010039987973868847,0.3394351601600647,0.007915990427136421,0.005317654926329851,0.006653042510151863,0.20668812096118927
0013,000068,68,0.16148006916046143,1.1208990812301636,0.12458936870098114,0.8534270524978638,0.015061972662806511,0.007173613179475069,0.010112782008945942,0.33938780426979065,0.007772558368742466,0.005138927139341831,0.006625175941735506,0.20732498168945312
0013,000069,69,0.16037218272686005,1.1194980144500732,0.12340115010738373,0.8619775772094727,0.01510648149996996,0.007167470175772905,0.01027393527328968,0.3393326699733734,0.007923982106149197,0.005152538418769836,0.00680168392136693,0.20769041776657104
0013,000070,70,0.15991470217704773,1.122188925743103,0.12164273858070374,0.8728200793266296,0.015177340246737003,0.007209261879324913,0.010273804888129234,0.339333176612854,0.007923505268990993,0.005257731303572655,0.006759923417121172,0.20812834799289703
0013,000071,71,0.15931512415409088,1.1226365566253662,0.12025963515043259,0.8822083473205566,0.015141417272388935,0.007269748952239752,0.01024593599140644,0.3393835723400116,0.007954140193760395,0.005341043695807457,0.006817915011197329,0.20860718190670013
0013,000072,72,0.15885689854621887,1.1222285032272339,0.11940747499465942,0.8594383001327515,0.015226243063807487,0.007318184245377779,0.010196978226304054,0.339413583278656,0.007915706373751163,0.005414291750639677,0.006686975248157978,0.2085810750722885
0013,000073,73,0.15940441191196442,1.1268247365951538,0.12105173617601395,0.8740229606628418,0.015155351720750332,0.0073152100667357445,0.01011696457862854,0.3394315540790558,0.007433198858052492,0.0053566996939480305,0.006324188783764839,0.20912101864814758
0013,000074,74,0.15959347784519196,1.1287269592285156,0.11930681765079498,0.8484907746315002,0.015338773839175701,0.007302190642803907,0.010163825005292892,0.33943548798561096,0.0076894876547157764,0.005348718259483576,0.00652300613000989,0.2091599851846695
0013,000075,75,0.15953803062438965,1.126712679862976,0.11832459270954132,0.8378164768218994,0.015140892937779427,0.007316254079341888,0.010133383795619011,0.3394450545310974,0.007500653155148029,0.005357819609344006,0.006406698375940323,0.20944476127624512
0013,000076,76,0.15981096029281616,1.1271703243255615,0.11616610735654831,0.8095641732215881,0.015227432362735271,0.007316093426197767,0.010141884908080101,0.33946651220321655,0.007999311201274395,0.005440732464194298,0.006705309264361858,0.20929718017578125
0013,000077,77,0.1590225100517273,1.1212949752807617,0.11483258008956909,0.7755920886993408,0.0153185511007905,0.007342812605202198,0.010144070722162724,0.339495986700058,0.008059782907366753,0.0055574155412614346,0.006695326883345842,0.20911891758441925
0013,000078,78,0.15989086031913757,1.1198651790618896,0.11911783367395401,0.8043925166130066,0.0152814956381917,0.0073447381146252155,0.010103872045874596,0.3394550681114197,0.007576372940093279,0.005464077461510897,0.00634192768484354,0.20921240746974945
0013,000079,79,0.16008798778057098,1.114615797996521,0.11640410125255585,0.7683914303779602,0.015514858067035675,0.007343520876020193,0.010041043162345886,0.33952006697654724,0.007665380369871855,0.00545007549226284,0.006332979071885347,0.20932118594646454
0013,000080,80,0.15998227894306183,1.1098871231079102,0.1190905049443245,0.7797731161117554,0.015582929365336895,0.0073815821669995785,0.010089142248034477,0.33955496549606323,0.00742794806137681,0.0053244992159307,0.006127872038632631,0.20963668823242188
0013,000081,81,0.16132324934005737,1.1122084856033325,0.12163149565458298,0.8011912107467651,0.015685686841607094,0.007388223893940449,0.010053017176687717,0.339594304561615,0.007256664801388979,0.005260821897536516,0.006042156834155321,0.2098323404788971
0013,000082,82,0.16290271282196045,1.1209406852722168,0.12357154488563538,0.8261997103691101,0.01589151658117771,0.007373776286840439,0.010075933299958706,0.3395952880382538,0.007900252938270569,0.005251327529549599,0.006656414829194546,0.209905743598938
0013,000083,83,0.16384147107601166,1.1182688474655151,0.12128172069787979,0.7998789548873901,0.01587008498609066,0.007346568629145622,0.010020493529736996,0.3396059274673462,0.007794031407684088,0.005266634281724691,0.0064961351454257965,0.2099842131137848
0013,000084,84,0.16363263130187988,1.1102890968322754,0.12392276525497437,0.8209594488143921,0.015871191397309303,0.007364720571786165,0.009956763125956059,0.3396582305431366,0.00798751786351204,0.005219744518399239,0.006587608717381954,0.21012437343597412
0013,000085,85,0.1662478893995285,1.118111491203308,0.12208713591098785,0.8051981925964355,0.01605185866355896,0.007358391769230366,0.01004580408334732,0.33963000774383545,0.008113007992506027,0.005247714463621378,0.006654821336269379,0.21013562381267548
0013,000086,86,0.1671317219734192,1.118634581565857,0.12680254876613617,0.8568182587623596,0.016260279342532158,0.007384284399449825,0.010105831548571587,0.3397276997566223,0.007840015925467014,0.0051676309667527676,0.006473945919424295,0.21035298705101013
0013,000087,87,0.16423383355140686,1.1143895387649536,0.12332199513912201,0.8307111859321594,0.015912678092718124,0.007351378910243511,0.010022350586950779,0.33967578411102295,0.0081564262509346,0.005218759644776583,0.006755771581083536,0.21027009189128876
0013,000088,88,0.16453027725219727,1.1269032955169678,0.121058888733387,0.801992654800415,0.015856439247727394,0.007340684067457914,0.010078937746584415,0.33960583806037903,0.008742691949009895,0.00546796340495348,0.007197357248514891,0.20988266170024872
0013,000089,89,0.16606351733207703,1.1346967220306396,0.11769501119852066,0.7535764575004578,0.015791796147823334,0.007347484119236469,0.010018451139330864,0.3396220803260803,0.0092081343755126,0.005791668780148029,0.007295934483408928,0.2092214971780777
0013,000090,90,0.1671602576971054,1.1372020244598389,0.12153863161802292,0.783372700214386,0.01580175571143627,0.007325868122279644,0.010105976834893227,0.33957287669181824,0.008133151568472385,0.005756828002631664,0.006585674826055765,0.20920510590076447
0013,000091,91,0.1664973348379135,1.1330856084823608,0.12060330808162689,0.7707304358482361,0.01561054028570652,0.007327407598495483,0.010063889436423779,0.3395489454269409,0.008314147591590881,0.00584972370415926,0.006666438654065132,0.20885224640369415
0013,000092,92,0.1669827699661255,1.1424970626831055,0.12309283763170242,0.75093674659729,0.015603497624397278,0.007322437129914761,0.010174636729061604,0.3395053744316101,0.01017481554299593,0.0062781828455626965,0.007680402137339115,0.20765478909015656
0013,000093,93,0.16657370328903198,1.1465307474136353,0.12356975674629211,0.7357235550880432,0.0155916353687644,0.007331801112741232,0.010160744190216064,0.33950215578079224,0.009607462212443352,0.006529736332595348,0.007219846826046705,0.2066786289215088
0013,000094,94,0.16637520492076874,1.151079773902893,0.12673185765743256,0.8004829287528992,0.015472659841179848,0.007342386990785599,0.010109828785061836,0.3395216166973114,0.007819853723049164,0.006035455968230963,0.006326993927359581,0.20721442997455597
0013,000095,95,0.16565439105033875,1.1550967693328857,0.1205824539065361,0.7489390969276428,0.015359731391072273,0.007342231459915638,0.01012584287673235,0.33950766921043396,0.00958243664354086,0.006372115574777126,0.007424329407513142,0.2063060849905014
0013,000096,96,0.1645035594701767,1.1549386978149414,0.12385231256484985,0.8041481971740723,0.015431990846991539,0.007365793455392122,0.010156132280826569,0.3395075798034668,0.007751008495688438,0.0060859499499201775,0.006284758914262056,0.20661772787570953
0013,000097,97,0.16254718601703644,1.1509945392608643,0.12679648399353027,0.8481684923171997,0.01537016686052084,0.007375144865363836,0.01013607531785965,0.33950522541999817,0.007800381630659103,0.005908938590437174,0.006428059656172991,0.20688454806804657
0013,000098,98,0.1606225222349167,1.1473402976989746,0.12549716234207153,0.8401036262512207,0.015346396714448929,0.007395744789391756,0.010124921798706055,0.339505672454834,0.007786027155816555,0.005861504934728146,0.006387005094438791,0.2068314552307129
0013,000099,99,0.16086259484291077,1.1510530710220337,0.12332016974687576,0.8236497640609741,0.01538484450429678,0.007398352026939392,0.010115052573382854,0.33952414989471436,0.007441629655659199,0.005732287187129259,0.006038179621100426,0.2069292962551117
0013,000100,100,0.15985605120658875,1.1467883586883545,0.12432844191789627,0.832464337348938,0.015376001596450806,0.007420219946652651,0.010030750185251236,0.3395950496196747,0.007226293906569481,0.005600249860435724,0.005919829476624727,0.20707522332668304
0013,000101,101,0.1607937216758728,1.1454659700393677,0.12219611555337906,0.8029171228408813,0.015443730168044567,0.007417614106088877,0.009967890568077564,0.33963364362716675,0.007332576438784599,0.005557938013225794,0.005990203004330397,0.2070806622505188
0013,000102,102,0.16175928711891174,1.1432816982269287,0.1227576732635498,0.8092008233070374,0.015495186671614647,0.007393499370664358,0.009947037324309349,0.3396131098270416,0.007408082950860262,0.005565119907259941,0.00609397329390049,0.2070973813533783
0013,000103,103,0.16388440132141113,1.1450080871582031,0.1240159124135971,0.816739022731781,0.01553842332214117,0.007377712056040764,0.009912601672112942,0.3395800292491913,0.007531063165515661,0.005579263437539339,0.006105723790824413,0.2070866823196411
0013,000104,104,0.16535522043704987,1.1415778398513794,0.12290600687265396,0.8142455816268921,0.01563667319715023,0.00733950175344944,0.009923238307237625,0.3395741283893585,0.0070312595926225185,0.005445393733680248,0.005732415243983269,0.20738454163074493
0013,000105,105,0.16491584479808807,1.1225240230560303,0.12330353260040283,0.8190651535987854,0.015746183693408966,0.0072867427952587605,0.009859422221779823,0.33957770466804504,0.007070423103868961,0.0052693611942231655,0.005763310007750988,0.20765511691570282
0013,000106,106,0.1662149280309677,1.1162331104278564,0.12180250138044357,0.808144748210907,0.01585341803729534,0.0072522410191595554,0.009853755123913288,0.33954018354415894,0.007177488878369331,0.005181595217436552,0.005823825486004353,0.2077641785144806
0013,000107,107,0.16632820665836334,1.1065198183059692,0.11913927644491196,0.7736367583274841,0.01580149307847023,0.007213198579847813,0.009809939190745354,0.3395029902458191,0.007555272430181503,0.005207354202866554,0.006018282379955053,0.20768241584300995
0013,000108,108,0.1677638292312622,1.1071213483810425,0.11812803894281387,0.7464704513549805,0.015667762607336044,0.007183796726167202,0.009746119379997253,0.339433491230011,0.0077037205919623375,0.005251927766948938,0.006043140776455402,0.2074686884880066
0013,000109,109,0.16783024370670319,1.1010922193527222,0.11854865401983261,0.7457581162452698,0.015813402831554413,0.007170429453253746,0.009777541272342205,0.3394392430782318,0.0076202815398573875,0.005279229022562504,0.006004131864756346,0.20738588273525238
0013,000110,110,0.16947603225708008,1.102989912033081,0.12097665667533875,0.7710094451904297,0.01585967279970646,0.00712909922003746,0.009735258296132088,0.33941277861595154,0.007348723243921995,0.005159933120012283,0.005855684634298086,0.2075577974319458
0013,000111,111,0.17090749740600586,1.1041489839553833,0.1181609034538269,0.7449153065681458,0.015879863873124123,0.007124153431504965,0.009735407307744026,0.33937275409698486,0.007733711041510105,0.005201036110520363,0.006066161207854748,0.20745795965194702
0013,000112,112,0.17222091555595398,1.102105975151062,0.1218923032283783,0.7694181799888611,0.01590571738779545,0.007087364327162504,0.009678563103079796,0.33933225274086,0.007746189367026091,0.005209353752434254,0.006084281485527754,0.20745250582695007
0013,000113,113,0.17277537286281586,1.0928053855895996,0.11811523139476776,0.730590283870697,0.015985826030373573,0.007061198353767395,0.009654826484620571,0.339309960603714,0.00860052090138197,0.00537941325455904,0.00654186075553298,0.2069455236196518
0013,000114,114,0.1738530695438385,1.0907068252563477,0.11813012510538101,0.7258353233337402,0.016062911599874496,0.0070408727042376995,0.009668051265180111,0.33931633830070496,0.008240641094744205,0.005414855666458607,0.0062926411628723145,0.2067919373512268
0013,000115,115,0.1738167256116867,1.0863828659057617,0.12209995836019516,0.7751325368881226,0.016114141792058945,0.007023215759545565,0.009661702439188957,0.33934977650642395,0.007783887907862663,0.005201986990869045,0.006192175205796957,0.20722511410713196
0013,000116,116,0.1744246631860733,1.0896633863449097,0.12047051638364792,0.7448551654815674,0.016369078308343887,0.0070028482005000114,0.009721552021801472,0.3392985463142395,0.009337930008769035,0.00542718730866909,0.007206712383776903,0.2065672129392624
0013,000117,117,0.17309382557868958,1.0867233276367188,0.12249967455863953,0.7801511883735657,0.016222497448325157,0.007001417689025402,0.00975425262004137,0.33937230706214905,0.008206518366932869,0.005350943189114332,0.006546105723828077,0.20691505074501038
0013,000118,118,0.1731727570295334,1.0914491415023804,0.12285418063402176,0.8050560355186462,0.01613430306315422,0.007017570082098246,0.009737481363117695,0.33943021297454834,0.008094849064946175,0.005188006907701492,0.006622164510190487,0.2074858695268631
0013,000119,119,0.17154960334300995,1.0904821157455444,0.11998489499092102,0.7721558213233948,0.015988711267709732,0.00701163662597537,0.009710080921649933,0.3394140601158142,0.008837191388010979,0.005372762680053711,0.0070836180821061134,0.20731669664382935
0013,000120,120,0.1706855595111847,1.093827486038208,0.1196688637137413,0.783333420753479,0.01605064608156681,0.006980204023420811,0.009761612862348557,0.33942079544067383,0.008152563124895096,0.005283799022436142,0.0066857957281172276,0.20775386691093445
0013,000121,121,0.17038927972316742,1.097568154335022,0.1233881264925003,0.8267048001289368,0.01597929559648037,0.0069486587308347225,0.009858567267656326,0.3393661379814148,0.008124631829559803,0.005152829457074404,0.006738531868904829,0.20824439823627472
0013,000122,122,0.17014949023723602,1.1031383275985718,0.11936916410923004,0.8201864957809448,0.015787187963724136,0.006911424454301596,0.009900161996483803,0.339339017868042,0.008195978589355946,0.005078434012830257,0.006864234339445829,0.2088334709405899
0013,000123,123,0.16952021420001984,1.1031386852264404,0.11693447828292847,0.8095147609710693,0.015458507463335991,0.006895344238728285,0.009835893288254738,0.3393096923828125,0.008330068551003933,0.005138498265296221,0.0069196694530546665,0.20928776264190674
0013,000124,124,0.16888071596622467,1.0983686447143555,0.11600936949253082,0.7943105101585388,0.01542477123439312,0.006896046921610832,0.009802081622183323,0.3393007218837738,0.008209599182009697,0.005240101832896471,0.006840031128376722,0.20945854485034943
0013,000125,125,0.16937394440174103,1.101533055305481,0.11489105224609375,0.7910449504852295,0.01553405448794365,0.0069426060654222965,0.009813464246690273,0.3393348455429077,0.00794859416782856,0.0052064224146306515,0.006649123039096594,0.20993857085704803
0013,000126,126,0.17024190723896027,1.10651695728302,0.11382509022951126,0.8020764589309692,0.015934955328702927,0.006937443278729916,0.009941285476088524,0.3393716514110565,0.007983147166669369,0.005134951788932085,0.00671346765011549,0.2104533165693283
0013,000127,127,0.1716909408569336,1.111695408821106,0.11358562856912613,0.780087411403656,0.01594148389995098,0.006902135908603668,0.009888202883303165,0.33933472633361816,0.008337453939020634,0.005112617276608944,0.006732219830155373,0.2106449156999588
0013,000128,128,0.1704683154821396,1.1084192991256714,0.11328794807195663,0.7575667500495911,0.015631970018148422,0.00690692663192749,0.009817186743021011,0.33933180570602417,0.008898317813873291,0.005210597533732653,0.007184372749179602,0.2104499489068985
0013,000129,129,0.16857492923736572,1.1043602228164673,0.1173071339726448,0.7964723110198975,0.01551777683198452,0.006882954388856888,0.009849267080426216,0.33929145336151123,0.00871087983250618,0.005352724343538284,0.00720507837831974,0.21059885621070862
0013,000130,130,0.16849955916404724,1.1077165603637695,0.117067351937294,0.7911199331283569,0.015489845536649227,0.006888284347951412,0.009860491380095482,0.33931130170822144,0.008962207473814487,0.005469379480928183,0.0074121588841080666,0.21059726178646088
0013,000131,131,0.16850964725017548,1.1120949983596802,0.11623535305261612,0.788034200668335,0.015524031594395638,0.006902851164340973,0.009885489009320736,0.33926644921302795,0.008670162409543991,0.005567180458456278,0.007226112764328718,0.21074746549129486
0013,000132,132,0.16984878480434418,1.1271553039550781,0.11468037962913513,0.7860315442085266,0.015477888286113739,0.0069060237146914005,0.009952390566468239,0.33923202753067017,0.008606433868408203,0.005684983916580677,0.007251322269439697,0.21090207993984222
0013,000133,133,0.16817066073417664,1.1206531524658203,0.11541832983493805,0.7850017547607422,0.015398938208818436,0.006927222013473511,0.00990356132388115,0.3392489552497864,0.008613270707428455,0.0057256645523011684,0.007218758575618267,0.21091899275779724
0013,000134,134,0.16715310513973236,1.120049238204956,0.11638465523719788,0.8153076767921448,0.015448056161403656,0.0069351401180028915,0.009958735667169094,0.3392212688922882,0.008468647487461567,0.005733757745474577,0.007242243271321058,0.21119624376296997
0013,000135,135,0.16811878979206085,1.1332021951675415,0.11539502441883087,0.829742431640625,0.015209358185529709,0.006928070914000273,0.00995324831455946,0.33920735120773315,0.009135578759014606,0.0058699413202703,0.007812829688191414,0.211340993642807
0013,000136,136,0.1655253767967224,1.1344265937805176,0.11582840234041214,0.8599550724029541,0.015097294934093952,0.006918030790984631,0.010005349293351173,0.33922624588012695,0.010626150295138359,0.006245196331292391,0.009153730235993862,0.21123729646205902
0013,000137,137,0.16521301865577698,1.1455411911010742,0.11235908418893814,0.8600122928619385,0.015112962573766708,0.006932158023118973,0.010033882223069668,0.33921441435813904,0.011035480536520481,0.0066843535751104355,0.009485541842877865,0.2111038714647293
0013,000138,138,0.16437844932079315,1.1426496505737305,0.11424180865287781,0.9081661701202393,0.01526913046836853,0.006941551808267832,0.010077296756207943,0.3392098844051361,0.010496463626623154,0.006861541885882616,0.009014499373733997,0.21145489811897278
0013,000139,139,0.16563640534877777,1.1463210582733154,0.11305050551891327,0.9126220941543579,0.01524809468537569,0.007005694787949324,0.010098865255713463,0.3392198383808136,0.009807524271309376,0.00686756381765008,0.008372117765247822,0.21177861094474792
0013,000140,140,0.16492405533790588,1.137030005455017,0.11319626122713089,0.9154825210571289,0.01524817943572998,0.007063581142574549,0.010040165856480598,0.3392776548862457,0.00958921480923891,0.006897666957229376,0.008234848268330097,0.21188747882843018
0013,000141,141,0.16662998497486115,1.142472505569458,0.1146959513425827,0.9189032316207886,0.015554208308458328,0.007036380935460329,0.010090450756251812,0.3392484188079834,0.010461687110364437,0.0071587935090065,0.008984646759927273,0.21155041456222534
0013,000142,142,0.16526314616203308,1.1357767581939697,0.11676628142595291,0.9124936461448669,0.01540444791316986,0.00702188303694129,0.010067091323435307,0.33921682834625244,0.011377764865756035,0.00756953377276659,0.009659267961978912,0.21081815659999847
0013,000143,143,0.16655488312244415,1.1427124738693237,0.1172042191028595,0.8919909000396729,0.015262291766703129,0.007066548336297274,0.01009377371519804,0.33920252323150635,0.011131403036415577,0.007846451364457607,0.009294272400438786,0.2101231962442398
0013,000144,144,0.1662132889032364,1.1352242231369019,0.12237164378166199,0.9311847686767578,0.01533309742808342,0.0071056135930120945,0.010125718079507351,0.3392139971256256,0.00959857739508152,0.007721608970314264,0.008138002827763557,0.2100534439086914
0013,000145,145,0.167591854929924,1.1459410190582275,0.12503589689731598,0.964413046836853,0.015222914516925812,0.007138206157833338,0.010267792269587517,0.33916229009628296,0.009367569349706173,0.007606453262269497,0.008054632693529129,0.21005600690841675
0013,000146,146,0.16711464524269104,1.146078109741211,0.1246708482503891,0.9877625107765198,0.015190854668617249,0.007185418624430895,0.010342794470489025,0.33914777636528015,0.00865604542195797,0.007271579932421446,0.007525496184825897,0.2104676216840744
0013,000147,147,0.16617175936698914,1.1370327472686768,0.12296013534069061,0.9609186053276062,0.015326624736189842,0.0071974084712564945,0.01030088122934103,0.3391997218132019,0.00913978461176157,0.007174139842391014,0.007879593409597874,0.2104383409023285
0013,000148,148,0.16687346994876862,1.13674795627594,0.12239906191825867,0.9558719396591187,0.015224170871078968,0.007218099664896727,0.010228829458355904,0.33919209241867065,0.008889083750545979,0.0070518855936825275,0.007653362117707729,0.21048831939697266
0013,000149,149,0.16768412292003632,1.1409845352172852,0.12612733244895935,0.9798021912574768,0.015238424763083458,0.007265039719641209,0.01028352603316307,0.3392314612865448,0.008243153803050518,0.0067525035701692104,0.007127706427127123,0.21084830164909363
0013,000150,150,0.16736185550689697,1.1468982696533203,0.12047647684812546,0.9207334518432617,0.015172872692346573,0.007276303134858608,0.010258980095386505,0.33926883339881897,0.00909938383847475,0.006737203802913427,0.007766159251332283,0.21075019240379333
0013,000151,151,0.1675395965576172,1.1509912014007568,0.1214684396982193,0.9441296458244324,0.015118000097572803,0.007274049799889326,0.010308037512004375,0.3392428457736969,0.008690466172993183,0.006629123352468014,0.007564287632703781,0.2109902799129486
0013,000152,152,0.16862830519676208,1.1542446613311768,0.11955585330724716,0.8989742994308472,0.015110548585653305,0.0072659775614738464,0.010304258204996586,0.3392619490623474,0.009400395676493645,0.006661477964371443,0.007942826487123966,0.21074891090393066
0013,000153,153,0.1692809909582138,1.160172939300537,0.11980161815881729,0.9081653356552124,0.015240149572491646,0.0072168209590017796,0.010301675647497177,0.33928966522216797,0.00867966003715992,0.006536679808050394,0.0074823955073952675,0.2109626978635788
0013,000154,154,0.16817569732666016,1.1490826606750488,0.12142878025770187,0.9142352938652039,0.015009972266852856,0.007269785739481449,0.01019732654094696,0.33928316831588745,0.00827162154018879,0.006311421748250723,0.007131100166589022,0.21122753620147705
0013,000155,155,0.1680668294429779,1.14323091506958,0.11871393769979477,0.8901433348655701,0.014995700679719448,0.007333814632147551,0.010164427570998669,0.3393155634403229,0.008069693110883236,0.006182321812957525,0.0069946362636983395,0.21147724986076355
0013,000156,156,0.16954216361045837,1.1537249088287354,0.11556293815374374,0.8576505184173584,0.015197157859802246,0.007384928409010172,0.010259334929287434,0.3393247425556183,0.00828469917178154,0.006121279206126928,0.007124719209969044,0.21161197125911713
0013,000157,157,0.17184938490390778,1.1659679412841797,0.11640006303787231,0.848210334777832,0.0153025072067976,0.007432412821799517,0.010334598831832409,0.33928102254867554,0.008682562969624996,0.006200261414051056,0.007447816897183657,0.21152424812316895
0013,000158,158,0.1708124428987503,1.166882872581482,0.11548303067684174,0.8304843306541443,0.015364430844783783,0.007465979550033808,0.010395889170467854,0.33931657671928406,0.009020566008985043,0.006308442912995815,0.007668741978704929,0.21136242151260376
0013,000159,159,0.1707334965467453,1.1667206287384033,0.11729919910430908,0.8234378695487976,0.015361025929450989,0.0074716610834002495,0.01035175658762455,0.33939024806022644,0.009280914440751076,0.006478903815150261,0.0078014200553298,0.2110673487186432
0013,000160,160,0.17132709920406342,1.1753277778625488,0.119751937687397,0.8573217391967773,0.01539885625243187,0.007504554931074381,0.010418776422739029,0.3394389748573303,0.009262161329388618,0.00661557586863637,0.007940979674458504,0.21090799570083618
0013,000161,161,0.17062702775001526,1.1717253923416138,0.11857132613658905,0.8614397644996643,0.015390569344162941,0.007545212749391794,0.010404394008219242,0.33949509263038635,0.00853728037327528,0.006450551096349955,0.007336210459470749,0.21117733418941498
0013,000162,162,0.1697286069393158,1.1618150472640991,0.11533293128013611,0.8341366648674011,0.01554191019386053,0.0075235432013869286,0.010361433029174805,0.3395044803619385,0.008468201383948326,0.0063724759966135025,0.007197885308414698,0.2112426459789276
0013,000163,163,0.1696184277534485,1.1578880548477173,0.11801906675100327,0.8644217252731323,0.015512026846408844,0.007470935117453337,0.010225063189864159,0.33951887488365173,0.008467520587146282,0.006247387733310461,0.007286875043064356,0.2114672064781189
0013,000164,164,0.17052993178367615,1.1542977094650269,0.11445584893226624,0.8389363288879395,0.015277883969247341,0.007422886323183775,0.010060794651508331,0.339493989944458,0.00850729551166296,0.0062401932664215565,0.007259320002049208,0.21155764162540436
0013,000165,165,0.16970057785511017,1.1439720392227173,0.11564121395349503,0.8506333827972412,0.015227762050926685,0.007363751996308565,0.00998267438262701,0.3394153416156769,0.00824686512351036,0.006188532803207636,0.007115681190043688,0.21168875694274902
0013,000166,166,0.17354093492031097,1.1563588380813599,0.11507415026426315,0.8429294228553772,0.015367717482149601,0.007271106820553541,0.010012764483690262,0.3393436372280121,0.008065316826105118,0.006078519858419895,0.006891624070703983,0.21190057694911957
0013,000167,167,0.1744103878736496,1.1517369747161865,0.1135222464799881,0.8164398074150085,0.015018917620182037,0.007223061285912991,0.0099162757396698,0.33925798535346985,0.00845925509929657,0.006126679480075836,0.007212912663817406,0.21177653968334198
0013,000168,168,0.17464107275009155,1.1453032493591309,0.11787068098783493,0.8379034996032715,0.015047561377286911,0.0071890102699398994,0.009940755553543568,0.33921390771865845,0.008095549419522285,0.0060631996020674706,0.006945221684873104,0.21186017990112305
0013,000169,169,0.17553886771202087,1.140702486038208,0.11608023941516876,0.8157282471656799,0.01499602198600769,0.007141106761991978,0.009908615611493587,0.33916276693344116,0.007663248106837273,0.005850337911397219,0.006463067140430212,0.21222549676895142
0013,000170,170,0.17644056677818298,1.1415674686431885,0.1168946623802185,0.8083181977272034,0.014942777343094349,0.007116539869457483,0.009902575984597206,0.33914440870285034,0.008132247254252434,0.005871927365660667,0.006886762101203203,0.21211671829223633
0013,000171,171,0.17669738829135895,1.144784927368164,0.12072233110666275,0.8552002310752869,0.014850719831883907,0.007103378418833017,0.009938408620655537,0.33906832337379456,0.00790373608469963,0.005809508264064789,0.006849963217973709,0.21231400966644287
0013,000172,172,0.1790221780538559,1.1533734798431396,0.1179913729429245,0.830323338508606,0.01480503473430872,0.007116915658116341,0.009957641363143921,0.3390721380710602,0.008102060295641422,0.005862230435013771,0.006960778962820768,0.21232296526432037
0013,000173,173,0.1777491569519043,1.1485735177993774,0.11669112741947174,0.810858428478241,0.014988431707024574,0.007093741558492184,0.010027457028627396,0.3390029966831207,0.008138987235724926,0.005921018309891224,0.006916871294379234,0.21225693821907043
0013,000174,174,0.17999973893165588,1.161092758178711,0.11672579497098923,0.7945999503135681,0.015192867256700993,0.007058444898575544,0.01002955436706543,0.3389659523963928,0.008322362788021564,0.006017147097736597,0.00697667570784688,0.21210618317127228
0013,000175,175,0.18049356341362,1.164203405380249,0.11680924892425537,0.7990041375160217,0.01485377922654152,0.007084681652486324,0.009960106573998928,0.3389415144920349,0.0076103233732283115,0.005908336024731398,0.00647123996168375,0.21226389706134796
0013,000176,176,0.1804909110069275,1.1595127582550049,0.11707121133804321,0.7942621111869812,0.014926948584616184,0.007034968584775925,0.010000677779316902,0.3388344347476959,0.008334266021847725,0.006020012777298689,0.0070364330895245075,0.2120712399482727
0013,000177,177,0.17977578938007355,1.1499910354614258,0.11885098367929459,0.8181020021438599,0.014974134974181652,0.007007144857198,0.009993452578783035,0.33883723616600037,0.008030225522816181,0.005964155308902264,0.006874492857605219,0.2122664898633957
0013,000178,178,0.1810113787651062,1.1587945222854614,0.11807950586080551,0.7963322401046753,0.01504443772137165,0.007006535772234201,0.009999838657677174,0.3387621343135834,0.008144094608724117,0.005970719736069441,0.006824574898928404,0.21224850416183472
0013,000179,179,0.1813288927078247,1.161253809928894,0.11864255368709564,0.8031374216079712,0.015059330500662327,0.007000544108450413,0.009952571243047714,0.33875203132629395,0.008028695359826088,0.0059743402525782585,0.006804979871958494,0.21238629519939423
0013,000180,180,0.1819811463356018,1.1634069681167603,0.11666785925626755,0.792614758014679,0.015135602094233036,0.006957329344004393,0.009940462186932564,0.338714063167572,0.007642434909939766,0.0058343238197267056,0.006465035956352949,0.21277542412281036
0013,000181,181,0.182444229722023,1.161975383758545,0.1172846183180809,0.7927958965301514,0.015018931590020657,0.006918296683579683,0.009893734008073807,0.33868882060050964,0.008514214307069778,0.00596549641340971,0.007109429687261581,0.21263661980628967
0013,000182,182,0.1831236481666565,1.1648658514022827,0.11804968118667603,0.8066763281822205,0.015081312507390976,0.00688004307448864,0.009880497120320797,0.33867505192756653,0.008065962232649326,0.005939745809882879,0.006855156738311052,0.2128297984600067
0013,000183,183,0.1825815588235855,1.1626005172729492,0.11486562341451645,0.7785394191741943,0.01508281659334898,0.006872893311083317,0.009903640486299992,0.3386405110359192,0.008248858153820038,0.005977416876703501,0.006975018419325352,0.2129155695438385
0013,000184,184,0.1815701127052307,1.1533218622207642,0.11624059826135635,0.7923117280006409,0.014909116551280022,0.006880460772663355,0.009817770682275295,0.3386293649673462,0.007872323505580425,0.005898292176425457,0.006649726070463657,0.2131165713071823
0013,000185,185,0.1824447363615036,1.156561255455017,0.11483824998140335,0.7834168076515198,0.014571771025657654,0.0069237155839800835,0.00975694227963686,0.33862578868865967,0.008277110755443573,0.005936063826084137,0.007043850142508745,0.2131822258234024
0013,000186,186,0.18247035145759583,1.1634433269500732,0.11747221648693085,0.8111080527305603,0.014383838512003422,0.006972893141210079,0.00976566132158041,0.338640034198761,0.008411993272602558,0.006042655557394028,0.007221491541713476,0.21317936480045319
0013,000187,187,0.18122166395187378,1.160150408744812,0.11610176414251328,0.7981170415878296,0.014403662644326687,0.006979431491345167,0.00975881703197956,0.338676780462265,0.007758772931993008,0.0059882765635848045,0.006617269944399595,0.2133694589138031
0013,000188,188,0.18291175365447998,1.1728845834732056,0.11563541740179062,0.7987315654754639,0.014521325938403606,0.0069751436822116375,0.009844954125583172,0.33872851729393005,0.007958550937473774,0.0060044522397220135,0.0067821405827999115,0.21343162655830383
0013,000189,189,0.1816135197877884,1.1727964878082275,0.11423184722661972,0.7762374877929688,0.014496700838208199,0.006996696349233389,0.009846994653344154,0.338797390460968,0.00836200825870037,0.006102005019783974,0.007059567142277956,0.21321026980876923
0013,000190,190,0.18067903816699982,1.1706657409667969,0.11598341166973114,0.7898568511009216,0.01457288209348917,0.006978129968047142,0.009908578358590603,0.3388553857803345,0.008259356953203678,0.006127077620476484,0.007031631655991077,0.21312135457992554
0013,000191,191,0.1807333528995514,1.1761845350265503,0.11835233867168427,0.8001660704612732,0.014808599837124348,0.006919138133525848,0.009957673028111458,0.3388608992099762,0.008324899710714817,0.006134958937764168,0.007030015345662832,0.21301256120204926
0013,000192,192,0.18019230663776398,1.1755567789077759,0.11600048094987869,0.7657613754272461,0.015036233700811863,0.006872057914733887,0.010057575069367886,0.3388996422290802,0.008548250421881676,0.006183425430208445,0.007124396972358227,0.21278971433639526
0013,000193,193,0.1779337227344513,1.1598951816558838,0.12131016701459885,0.8032323718070984,0.015180526301264763,0.00685221329331398,0.0100859384983778,0.3389344811439514,0.008294648490846157,0.006120807956904173,0.006917920429259539,0.21274149417877197
0013,000194,194,0.1776287853717804,1.1596007347106934,0.12150919437408447,0.8112183213233948,0.015276903286576271,0.006850746460258961,0.010140026919543743,0.33894670009613037,0.008395803160965443,0.0061025903560221195,0.007091519422829151,0.2127516120672226
0013,000195,195,0.17688441276550293,1.1533130407333374,0.11772885173559189,0.7654812932014465,0.015237491577863693,0.006864227820187807,0.010070358403027058,0.33897021412849426,0.00871671736240387,0.006189926993101835,0.007191997952759266,0.21250030398368835
0013,000196,196,0.17826491594314575,1.1595430374145508,0.12195974588394165,0.7864961624145508,0.015398329123854637,0.0068625896237790585,0.010118355043232441,0.3389681875705719,0.008843834511935711,0.006277513224631548,0.0072631556540727615,0.21218344569206238
0013,000197,197,0.178737074136734,1.1569257974624634,0.12689915299415588,0.8397719264030457,0.015415611676871777,0.006900365464389324,0.010067890398204327,0.33899953961372375,0.008519131690263748,0.006129268556833267,0.006961268838495016,0.21243326365947723
0013,000198,198,0.1789061278104782,1.1525890827178955,0.12159416079521179,0.8077077269554138,0.015474908985197544,0.0068779694847762585,0.009990887716412544,0.3389945328235626,0.00805200170725584,0.005917338188737631,0.006742732599377632,0.21272733807563782
0013,000199,199,0.17848332226276398,1.1498733758926392,0.12114815413951874,0.8103054761886597,0.01540813036262989,0.006843636743724346,0.009987181052565575,0.33896785974502563,0.008605985902249813,0.0059648724272847176,0.007149036042392254,0.21281079947948456
0013,000200,200,0.17765142023563385,1.149983286857605,0.12294387072324753,0.8213552236557007,0.015356269665062428,0.006828600075095892,0.010008149780333042,0.33896830677986145,0.008435068652033806,0.0060045854188501835,0.007008275482803583,0.21278876066207886
0013,000201,201,0.1776788830757141,1.1524049043655396,0.12243451923131943,0.8303512334823608,0.015439819544553757,0.0068228296004235744,0.010010125115513802,0.3390064239501953,0.00853393692523241,0.0060229916125535965,0.007207775954157114,0.21288935840129852
0013,000202,202,0.1783478707075119,1.1536551713943481,0.12124704569578171,0.8173869848251343,0.015459722839295864,0.006814858876168728,0.009971863590180874,0.3389628827571869,0.009062381461262703,0.006165871396660805,0.007503261789679527,0.21281613409519196
0013,000203,203,0.17840565741062164,1.1481611728668213,0.12234993278980255,0.8337713479995728,0.0156229417771101,0.006831472273916006,0.009999735280871391,0.3389764130115509,0.008701177313923836,0.006143074948340654,0.00726739689707756,0.21298596262931824
0013,000204,204,0.17753617465496063,1.1395655870437622,0.11707840114831924,0.7627319097518921,0.015629418194293976,0.006858693435788155,0.009953878819942474,0.3389626443386078,0.00963770691305399,0.006385078188031912,0.007806855253875256,0.2124437838792801
0013,000205,205,0.1773623377084732,1.1360440254211426,0.11904439330101013,0.7959113717079163,0.015553902834653854,0.006878850515931845,0.009898650459945202,0.33898159861564636,0.008686002343893051,0.00628657964989543,0.007223881781101227,0.21265894174575806
0013,000206,206,0.1771884262561798,1.130610466003418,0.11812233924865723,0.7687418460845947,0.015608255751430988,0.006857742089778185,0.009852437302470207,0.3390117883682251,0.009808908216655254,0.006524219643324614,0.008032524026930332,0.21219652891159058
0013,000207,207,0.17659714818000793,1.1261073350906372,0.12061507999897003,0.7879360914230347,0.015625741332769394,0.006865551695227623,0.009879597462713718,0.3390101194381714,0.009839882142841816,0.006728207226842642,0.007922761142253876,0.2118639200925827
0013,000208,208,0.17641513049602509,1.124458909034729,0.11885972321033478,0.7788041234016418,0.015554034151136875,0.006874451879411936,0.009829934686422348,0.3390193283557892,0.00919512938708067,0.006747222039848566,0.007487921044230461,0.2116837501525879
0013,000209,209,0.17726363241672516,1.1233681440353394,0.1240992620587349,0.8185926675796509,0.015602188184857368,0.006899646483361721,0.009939616546034813,0.33899685740470886,0.00906031858175993,0.00669957185164094,0.0073159243911504745,0.21165303885936737
0013,000210,210,0.17687562108039856,1.1222009658813477,0.12331590056419373,0.7993735074996948,0.015485449694097042,0.006931697484105825,0.00996030680835247,0.33893883228302,0.009398764930665493,0.006796901114284992,0.007454513106495142,0.21117648482322693
0013,000211,211,0.17679931223392487,1.1193290948867798,0.12434271723031998,0.8098970651626587,0.015576619654893875,0.006949310190975666,0.010044235736131668,0.3389218747615814,0.009411007165908813,0.006846332922577858,0.0076586902141571045,0.2108272761106491
0013,000212,212,0.17612604796886444,1.1129097938537598,0.12398521602153778,0.8076429963111877,0.015284795314073563,0.00696572894230485,0.009899729862809181,0.3389573395252228,0.009146497584879398,0.006789382081478834,0.007441236637532711,0.21070870757102966
0013,000213,213,0.1755330115556717,1.1195255517959595,0.12116415053606033,0.7828468680381775,0.015263378620147705,0.006985125597566366,0.009882750920951366,0.3390166461467743,0.009150479920208454,0.006778199691325426,0.007410380057990551,0.21046215295791626
0013,000214,214,0.17504087090492249,1.1190006732940674,0.12311107665300369,0.8122312426567078,0.015529424883425236,0.006961677223443985,0.009969704784452915,0.33906134963035583,0.008550561033189297,0.006537094712257385,0.007112181279808283,0.2106524407863617
0013,000215,215,0.17477121949195862,1.1181981563568115,0.12189449369907379,0.7966233491897583,0.015650300309062004,0.006995898671448231,0.010039410553872585,0.33905673027038574,0.008712349459528923,0.006426517851650715,0.007160487584769726,0.21063509583473206
0013,000216,216,0.17567408084869385,1.128218412399292,0.12202158570289612,0.8120019435882568,0.015924664214253426,0.007019745651632547,0.010141520760953426,0.339071661233902,0.008491738699376583,0.006236501503735781,0.007130236364901066,0.21083128452301025
0013,000217,217,0.17485730350017548,1.1267127990722656,0.12079586088657379,0.7965182065963745,0.01575549505650997,0.007057329174131155,0.010063433088362217,0.33912739157676697,0.009266768582165241,0.006264827214181423,0.007646632380783558,0.2107342630624771
0013,000218,218,0.17355015873908997,1.1194267272949219,0.12264813482761383,0.8112428188323975,0.01581409014761448,0.007089362945407629,0.01003227848559618,0.33919990062713623,0.008878218941390514,0.006244168616831303,0.007357144262641668,0.21068862080574036
0013,000219,219,0.17276312410831451,1.115859031677246,0.1172148659825325,0.7631802558898926,0.01592678390443325,0.00711721321567893,0.010047276504337788,0.3392544090747833,0.009243550710380077,0.006294838152825832,0.007583280093967915,0.21045099198818207
0013,000220,220,0.17109814286231995,1.1084887981414795,0.11982063949108124,0.7713702321052551,0.015990182757377625,0.007146310061216354,0.010018899105489254,0.33937087655067444,0.009793764911592007,0.006519262678921223,0.00797344371676445,0.20982033014297485
0013,000221,221,0.17047493159770966,1.1036988496780396,0.11750912666320801,0.7433662414550781,0.01602078787982464,0.007191164884716272,0.009945456869900227,0.3393980860710144,0.01057212334126234,0.006866518873721361,0.008379228413105011,0.20895373821258545
0013,000222,222,0.17212213575839996,1.1050347089767456,0.11762017011642456,0.745211124420166,0.016081148758530617,0.0072408923879265785,0.009964329190552235,0.3394319415092468,0.009277313016355038,0.006858615670353174,0.007472435478121042,0.20859913527965546
0013,000223,223,0.17418643832206726,1.1101239919662476,0.12051444500684738,0.7645456790924072,0.01598123088479042,0.00726470397785306,0.009952780790627003,0.33944761753082275,0.009492294862866402,0.006944166962057352,0.007555291056632996,0.20805558562278748
0013,000224,224,0.17489302158355713,1.1190440654754639,0.12642836570739746,0.8191109895706177,0.015865415334701538,0.007252054288983345,0.009917820803821087,0.3395102918148041,0.008885573595762253,0.006809480022639036,0.007205679081380367,0.20795194804668427
0013,000225,225,0.17282123863697052,1.1244632005691528,0.1308058500289917,0.8833609819412231,0.01595080830156803,0.007263902574777603,0.010004499927163124,0.3395892381668091,0.008080212399363518,0.006332933437079191,0.0067189945839345455,0.20845934748649597
0013,000226,226,0.1721642166376114,1.1393877267837524,0.12605135142803192,0.8475255966186523,0.01581726409494877,0.007259704638272524,0.009950030595064163,0.3396057188510895,0.00843612477183342,0.006201860960572958,0.007040472235530615,0.20852527022361755
0013,000227,227,0.1718129962682724,1.1449086666107178,0.12090251594781876,0.7984256148338318,0.01569674350321293,0.007287710905075073,0.009949077852070332,0.3396603763103485,0.008509469218552113,0.00618472695350647,0.007080644369125366,0.20837046205997467
0013,000228,228,0.17109063267707825,1.1468514204025269,0.12035179138183594,0.7896170020103455,0.015802744776010513,0.007291223853826523,0.010003596544265747,0.33963942527770996,0.008282620459794998,0.0061361840926110744,0.006873439997434616,0.20831339061260223
0013,000229,229,0.17161136865615845,1.1479287147521973,0.12260661274194717,0.8143564462661743,0.015851398929953575,0.0073556057177484035,0.010052990168333054,0.3396199643611908,0.007990743964910507,0.0058562434278428555,0.006684195250272751,0.20866888761520386
0013,000230,230,0.1714486926794052,1.140153408050537,0.12092404812574387,0.8070225119590759,0.015812208876013756,0.007383792661130428,0.01003152597695589,0.33961179852485657,0.00843456108123064,0.005792859476059675,0.007055222522467375,0.20881059765815735
0013,000231,231,0.17154745757579803,1.1392872333526611,0.1209029033780098,0.8206297755241394,0.01574629358947277,0.007401541341096163,0.009967726655304432,0.3396405875682831,0.00857591349631548,0.005724209360778332,0.007212551776319742,0.2090647667646408
0013,000232,232,0.17172342538833618,1.1451572179794312,0.12188638746738434,0.8548245429992676,0.015821803361177444,0.0074253748171031475,0.010105797089636326,0.3396194875240326,0.008867635391652584,0.005689963232725859,0.00759980920702219,0.20941971242427826
0013,000233,233,0.17134062945842743,1.1432334184646606,0.12030079215765,0.8559359908103943,0.0158870629966259,0.007440551184117794,0.010153151117265224,0.3396340608596802,0.008761828765273094,0.005643835291266441,0.00749762961640954,0.20978891849517822
0013,000234,234,0.16965213418006897,1.1320276260375977,0.11717639863491058,0.8345892429351807,0.015751725062727928,0.007442213594913483,0.0100782485678792,0.33962902426719666,0.009053995832800865,0.005739077925682068,0.007689390331506729,0.20987023413181305
0013,000235,235,0.1698807030916214,1.1366853713989258,0.11604110151529312,0.8190144300460815,0.01575271040201187,0.00748844351619482,0.010136849246919155,0.33965083956718445,0.009431838989257812,0.005900186486542225,0.008040497079491615,0.20968933403491974
0013,000236,236,0.17049744725227356,1.1435489654541016,0.11570361256599426,0.8011313080787659,0.015658745542168617,0.007479424122720957,0.010222550481557846,0.33958175778388977,0.009553015232086182,0.006151715759187937,0.008059028536081314,0.20940783619880676
0013,000237,237,0.16824087500572205,1.1487805843353271,0.11878950148820877,0.8165072798728943,0.01571560464799404,0.007441524416208267,0.01028351578861475,0.3396211564540863,0.009663081727921963,0.006376898847520351,0.008162625133991241,0.20911723375320435
0013,000238,238,0.16396822035312653,1.146728515625,0.11814438551664352,0.8101046681404114,0.015670357272028923,0.007392894476652145,0.010292984545230865,0.3395974934101105,0.010073550045490265,0.0066833957098424435,0.008374384604394436,0.20871545374393463
0013,000239,239,0.1611967831850052,1.14224374294281,0.11854953318834305,0.8195686340332031,0.01565735973417759,0.007360551506280899,0.010290045291185379,0.33958321809768677,0.009437201544642448,0.006730532273650169,0.007936394773423672,0.2087842971086502
0013,000240,240,0.16109509766101837,1.1534169912338257,0.11810941994190216,0.8156156539916992,0.015777725726366043,0.007406042423099279,0.010431850329041481,0.33958372473716736,0.009311792440712452,0.006784931290894747,0.007837323471903801,0.20870980620384216
0013,000241,241,0.1608048975467682,1.1421838998794556,0.11803662031888962,0.8158295154571533,0.015695730224251747,0.007428839337080717,0.010340152308344841,0.33957844972610474,0.009607980959117413,0.00691504729911685,0.008030577562749386,0.20846615731716156
0013,000242,242,0.16093957424163818,1.1472785472869873,0.12016422301530838,0.8307651281356812,0.01563532091677189,0.007459309417754412,0.010336719453334808,0.33956971764564514,0.008692835457623005,0.00676453672349453,0.0072998167015612125,0.2086072415113449
0013,000243,243,0.16140954196453094,1.1516406536102295,0.12049050629138947,0.8296363353729248,0.015512474812567234,0.0074401916936039925,0.010292747989296913,0.33953791856765747,0.010061802342534065,0.0069844527170062065,0.008339837193489075,0.208133727312088
0013,000244,244,0.1603718250989914,1.1473760604858398,0.12122040241956711,0.8479101061820984,0.0155586376786232,0.007421179208904505,0.010313471779227257,0.33951225876808167,0.009286019951105118,0.006930205039680004,0.00783948041498661,0.20818273723125458
0013,000245,245,0.1603793054819107,1.1376830339431763,0.12190993875265121,0.8672012090682983,0.015659241005778313,0.007423743139952421,0.010243895463645458,0.33956485986709595,0.008974138647317886,0.0067760939709842205,0.007587919011712074,0.20833267271518707
0013,000246,246,0.16194982826709747,1.1297162771224976,0.12059426307678223,0.8692172169685364,0.015806473791599274,0.0074189770966768265,0.010146768763661385,0.3395535945892334,0.008776213973760605,0.006620384752750397,0.007432403974235058,0.20857873558998108
0013,000247,247,0.163426473736763,1.125071406364441,0.12096361070871353,0.8802821636199951,0.015798281878232956,0.007396628614515066,0.010072769597172737,0.33960798382759094,0.00898688193410635,0.0065115345641970634,0.0076974015682935715,0.20881648361682892
0013,000248,248,0.16475951671600342,1.1349639892578125,0.11652562767267227,0.8372485041618347,0.015795644372701645,0.0073638116009533405,0.010027358308434486,0.33955830335617065,0.009578675962984562,0.0065955207683146,0.008002364076673985,0.20867101848125458
0013,000249,249,0.16498041152954102,1.1348206996917725,0.12079821527004242,0.8789263963699341,0.01571848802268505,0.007318741176277399,0.009997191838920116,0.33959662914276123,0.009003597311675549,0.006503185722976923,0.0076697287149727345,0.20884639024734497
0013,000250,250,0.16390816867351532,1.137428879737854,0.12086142599582672,0.8727267384529114,0.015646643936634064,0.007269916124641895,0.009996123611927032,0.3395843505859375,0.00978040136396885,0.006729323882609606,0.008251948282122612,0.20861433446407318
0013,000251,251,0.16187039017677307,1.1305804252624512,0.12207978218793869,0.8948670029640198,0.015513630583882332,0.007218741811811924,0.009966197423636913,0.3396344482898712,0.009620627388358116,0.00679576862603426,0.008298546075820923,0.20863577723503113
0013,000252,252,0.16083921492099762,1.1340214014053345,0.11844971030950546,0.8539963364601135,0.01533358171582222,0.007175068836659193,0.010057015344500542,0.33959317207336426,0.01050808746367693,0.0071395463310182095,0.008921361528337002,0.20806884765625
0013,000253,253,0.16045619547367096,1.1372287273406982,0.11995185166597366,0.8544813394546509,0.015264499001204967,0.007144314702600241,0.010171995498239994,0.3395898938179016,0.01057122927159071,0.007438188418745995,0.008897921070456505,0.20750221610069275
0013,000254,254,0.15836253762245178,1.1381958723068237,0.12031246721744537,0.8602315783500671,0.015153906308114529,0.007151262369006872,0.010285359807312489,0.33957403898239136,0.009887218475341797,0.007487705908715725,0.008368760347366333,0.20726527273654938
0013,000255,255,0.15735335648059845,1.1381696462631226,0.12007151544094086,0.8612943291664124,0.015132566913962364,0.007194874808192253,0.010262654162943363,0.33964645862579346,0.008986821398139,0.007345818914473057,0.007679112255573273,0.20731152594089508
0013,000256,256,0.15903912484645844,1.1395542621612549,0.12175469100475311,0.8949903845787048,0.015112882480025291,0.007199397310614586,0.010237358510494232,0.3396150767803192,0.00833855103701353,0.007044995669275522,0.0072378129698336124,0.20769281685352325
0013,000257,257,0.15946650505065918,1.1381704807281494,0.1208583191037178,0.8746154308319092,0.015173335559666157,0.007213474251329899,0.010225612670183182,0.3396637737751007,0.008065447211265564,0.006764123681932688,0.006921980530023575,0.20790275931358337
0013,000258,258,0.15888625383377075,1.1345056295394897,0.11989301443099976,0.8820111155509949,0.015173448249697685,0.007213719189167023,0.010188696905970573,0.33966612815856934,0.008070259355008602,0.006397457793354988,0.007002573926001787,0.2083979845046997
0013,000259,259,0.16084039211273193,1.1423449516296387,0.11721464991569519,0.8648964762687683,0.01530379243195057,0.007208556868135929,0.010148108936846256,0.3396724760532379,0.007751218508929014,0.006176044698804617,0.006766836158931255,0.20871272683143616
0013,000260,260,0.16158805787563324,1.136677861213684,0.11535222083330154,0.8458368182182312,0.015409829095005989,0.007174589205533266,0.010067081078886986,0.33968988060951233,0.008135479874908924,0.006099177524447441,0.007079792208969593,0.20880360901355743
0013,000261,261,0.16105593740940094,1.1392817497253418,0.11342436820268631,0.806915283203125,0.015455625019967556,0.007164125796407461,0.010127756744623184,0.33962997794151306,0.009297891519963741,0.006274137645959854,0.007899273186922073,0.20853745937347412
0013,000262,262,0.16082799434661865,1.136123538017273,0.1139446422457695,0.7854036092758179,0.015451505780220032,0.007126800715923309,0.01006478164345026,0.33958369493484497,0.009851776994764805,0.006524037569761276,0.00821492075920105,0.2080088108778
0013,000263,263,0.16146600246429443,1.1406587362289429,0.11419855803251266,0.7627620697021484,0.015567800961434841,0.007114260457456112,0.010160286910831928,0.33958011865615845,0.010228469036519527,0.006843827199190855,0.008313671685755253,0.2072726935148239
0013,000264,264,0.1615743637084961,1.1376441717147827,0.11467079818248749,0.7617617845535278,0.015608832240104675,0.007104864809662104,0.010130099952220917,0.33959442377090454,0.009348579682409763,0.0069134957157075405,0.007681801449507475,0.20686553418636322
0013,000265,265,0.16217444837093353,1.1305747032165527,0.11743324995040894,0.7882592082023621,0.015516340732574463,0.007135937921702862,0.010166340507566929,0.3395720422267914,0.00809547770768404,0.006562023889273405,0.006684022024273872,0.2071293443441391
0013,000266,266,0.16455954313278198,1.13162362575531,0.12273605167865753,0.8407124280929565,0.015632884576916695,0.007167215459048748,0.010187606327235699,0.3395446538925171,0.007825640961527824,0.0062082489021122456,0.006603982299566269,0.20750965178012848
0013,000267,267,0.1647384613752365,1.117475986480713,0.12125930935144424,0.8303959369659424,0.015435634180903435,0.007161501795053482,0.010053806006908417,0.3394951820373535,0.008057945407927036,0.006071276031434536,0.006803589873015881,0.2076055109500885
0013,000268,268,0.1664508730173111,1.1233150959014893,0.12123452872037888,0.8277525901794434,0.015396902337670326,0.007147579453885555,0.010012367740273476,0.3394995331764221,0.0076546501368284225,0.005822421982884407,0.0064963786862790585,0.20786350965499878
0013,000269,269,0.16774411499500275,1.119734287261963,0.12057744711637497,0.8272684812545776,0.01547715999186039,0.007163568399846554,0.01009325310587883,0.3394711911678314,0.007575938478112221,0.0055540394969284534,0.006453742738813162,0.20824652910232544
0013,000270,270,0.1704287827014923,1.128591775894165,0.11895039677619934,0.8174614310264587,0.015575580298900604,0.007161901798099279,0.010172789916396141,0.33944326639175415,0.007665929850190878,0.0054158903658390045,0.006536992732435465,0.2085210382938385
0013,000271,271,0.17063428461551666,1.1274425983428955,0.11849073320627213,0.8135650157928467,0.015739642083644867,0.0071581387892365456,0.01019118633121252,0.33941709995269775,0.007804141379892826,0.0053618657402694225,0.0066377511247992516,0.20866812765598297
0013,000272,272,0.16989703476428986,1.1154699325561523,0.11722739040851593,0.8154215812683105,0.015559961088001728,0.007103834766894579,0.010010425932705402,0.3393493592739105,0.00767145212739706,0.005068591330200434,0.006462673656642437,0.20932956039905548
0013,000273,273,0.17073281109333038,1.1201579570770264,0.1186308041214943,0.8208435773849487,0.01571098528802395,0.007086047902703285,0.010071166791021824,0.339400976896286,0.007946415804326534,0.004998052958399057,0.006663693115115166,0.20962630212306976
0013,000274,274,0.17235878109931946,1.1242940425872803,0.1179366260766983,0.8047645688056946,0.015859123319387436,0.007106703240424395,0.010055816732347012,0.33941707015037537,0.0078025697730481625,0.0049994345754384995,0.00646425224840641,0.20979349315166473
0013,000275,275,0.17310731112957,1.127498745918274,0.11632614582777023,0.7821805477142334,0.015957273542881012,0.007149034645408392,0.010104293935000896,0.3394891023635864,0.008037704043090343,0.005107498727738857,0.006691278889775276,0.20970630645751953
0013,000276,276,0.172931969165802,1.1298317909240723,0.11824759095907211,0.8029927015304565,0.0156458280980587,0.007180170621722937,0.010036755353212357,0.33950474858283997,0.007976547814905643,0.005182405933737755,0.0067232572473585606,0.20981769263744354
0013,000277,277,0.17020729184150696,1.1172609329223633,0.11827374994754791,0.8099216222763062,0.015412889420986176,0.007161709945648909,0.00996099878102541,0.3395349085330963,0.008305969648063183,0.005291978362947702,0.007095710374414921,0.20982033014297485
0013,000278,278,0.1701372265815735,1.1168079376220703,0.11698681861162186,0.7979217767715454,0.015523453243076801,0.007106899283826351,0.010024329647421837,0.33954793214797974,0.008463222533464432,0.0053428239189088345,0.007161426357924938,0.21000570058822632
0013,000279,279,0.167597696185112,1.1071025133132935,0.11542602628469467,0.7709790468215942,0.015330037102103233,0.0071089379489421844,0.010005097836256027,0.3395771384239197,0.009063742123544216,0.005568476859480143,0.007632498629391193,0.20971326529979706
0013,000280,280,0.16815246641635895,1.1134567260742188,0.11376605182886124,0.7510991096496582,0.015373775735497475,0.007087249308824539,0.010039372369647026,0.33957913517951965,0.008925051428377628,0.005811809562146664,0.0073961117304861546,0.20935863256454468
0013,000281,281,0.16863171756267548,1.116304874420166,0.11907637864351273,0.7955883741378784,0.015630600973963737,0.007100118324160576,0.010206821374595165,0.33954918384552,0.008463121950626373,0.005850916262716055,0.0070990901440382,0.20934832096099854
0013,000282,282,0.16914811730384827,1.125830054283142,0.11803459376096725,0.772009015083313,0.01548528391867876,0.007099962793290615,0.010237356647849083,0.3395407199859619,0.009704962372779846,0.00620057201012969,0.00787131953984499,0.20863258838653564
0013,000283,283,0.16666145622730255,1.1229150295257568,0.12038464099168777,0.7764378190040588,0.01519234199076891,0.007103133946657181,0.010108252055943012,0.3395498991012573,0.00913371704518795,0.0064009083434939384,0.007356941234320402,0.20813614130020142
0013,000284,284,0.1678846925497055,1.131861686706543,0.12435999512672424,0.8167897462844849,0.0152269983664155,0.007117575500160456,0.010133623145520687,0.3395274579524994,0.008326079696416855,0.006284590344876051,0.00683567626401782,0.20815923810005188
0013,000285,285,0.16701316833496094,1.1237672567367554,0.12632180750370026,0.8700302243232727,0.01517639122903347,0.007127760909497738,0.010091975331306458,0.33948296308517456,0.007833415642380714,0.005860616452991962,0.006632742006331682,0.20882175862789154
0013,000286,286,0.16885823011398315,1.1323908567428589,0.11952079087495804,0.8011276721954346,0.015309635549783707,0.0071593886241316795,0.0101595064625144,0.3395055830478668,0.008750395849347115,0.005997269414365292,0.007242280058562756,0.20848827064037323
0013,000287,287,0.16919782757759094,1.1336735486984253,0.12285225838422775,0.849602460861206,0.015251732431352139,0.0071838898584246635,0.01018121000379324,0.3394799828529358,0.007937117479741573,0.005889618303626776,0.006813389249145985,0.20871397852897644
0013,000288,288,0.16787192225456238,1.121385097503662,0.11974120885133743,0.834496796131134,0.015208136290311813,0.007201934698969126,0.010104276239871979,0.3395003378391266,0.008211549371480942,0.005878896918147802,0.007019090931862593,0.20879888534545898
0013,000289,289,0.16929695010185242,1.1238632202148438,0.11824784427881241,0.8072032332420349,0.015274696052074432,0.007195738609880209,0.010102225467562675,0.3394821882247925,0.008299269713461399,0.0059519666247069836,0.006956649478524923,0.20863887667655945
0013,000290,290,0.16964088380336761,1.1241321563720703,0.1201460063457489,0.8154383301734924,0.015268157236278057,0.007177344989031553,0.010166489519178867,0.3394717276096344,0.00800153985619545,0.005932958330959082,0.006777146831154823,0.20862066745758057
0013,000291,291,0.168198823928833,1.1270332336425781,0.11915669590234756,0.8133395314216614,0.015154647640883923,0.007149461656808853,0.0101815490052104,0.3394620716571808,0.008276788517832756,0.005921924486756325,0.0070038423873484135,0.2086462676525116
0013,000292,292,0.1668679565191269,1.12140691280365,0.11506402492523193,0.7592406868934631,0.01520234253257513,0.007155126892030239,0.010234946385025978,0.33949026465415955,0.008612859062850475,0.00600357074290514,0.0070457118563354015,0.20825810730457306
0013,000293,293,0.16654492914676666,1.1174765825271606,0.11790389567613602,0.7820355296134949,0.015258376486599445,0.007152661215513945,0.010221606120467186,0.339508056640625,0.008529447950422764,0.006085661705583334,0.007077654357999563,0.20806966722011566
0013,000294,294,0.16747598350048065,1.118848443031311,0.12195858359336853,0.8057276010513306,0.015206852927803993,0.007135926280170679,0.010145054198801517,0.3395005166530609,0.00791223905980587,0.005956854671239853,0.006598475389182568,0.2081480473279953
0013,000295,295,0.16616877913475037,1.115768551826477,0.120461605489254,0.8046715259552002,0.015223733149468899,0.007118969224393368,0.010229871608316898,0.33944758772850037,0.008069118484854698,0.005946801509708166,0.006734293885529041,0.20814020931720734
0013,000296,296,0.1643257737159729,1.1149972677230835,0.12113640457391739,0.811417281627655,0.015048983506858349,0.00711657851934433,0.010174463503062725,0.33942848443984985,0.00800696574151516,0.005771356169134378,0.0067170062102377415,0.20827846229076385
0013,000297,297,0.1642051786184311,1.116628646850586,0.12302343547344208,0.8328174948692322,0.015100481919944286,0.007134216371923685,0.010226830840110779,0.3394109308719635,0.007913057692348957,0.005681582260876894,0.006696140393614769,0.208417147397995
0013,000298,298,0.16425715386867523,1.1160926818847656,0.12214859575033188,0.8217172622680664,0.01512648444622755,0.007205687463283539,0.010251842439174652,0.3394211530685425,0.0078093367628753185,0.005607239902019501,0.006596620660275221,0.20855213701725006
0013,000299,299,0.16649526357650757,1.126120924949646,0.11917681992053986,0.7807653546333313,0.015243780799210072,0.007245535962283611,0.010272822342813015,0.33942702412605286,0.008363542146980762,0.005735032260417938,0.0069666458293795586,0.20827700197696686
0013,000300,300,0.1646873503923416,1.1202954053878784,0.12197305262088776,0.8096652030944824,0.015133301727473736,0.007254814729094505,0.010256286710500717,0.33937782049179077,0.008530199527740479,0.005725426599383354,0.007153667975217104,0.20823918282985687
0013,000301,301,0.16446545720100403,1.120590329170227,0.12088558077812195,0.8041762113571167,0.014973633922636509,0.007296666037291288,0.010231320746243,0.3394162356853485,0.007790291216224432,0.00567022617906332,0.0066425250843167305,0.2084140181541443
0013,000302,302,0.16455116868019104,1.1278488636016846,0.12135795503854752,0.8373605608940125,0.014895382337272167,0.007299575489014387,0.010157096199691296,0.3393968343734741,0.007845122367143631,0.005497314501553774,0.006753993220627308,0.2089201658964157
0013,000303,303,0.16487418115139008,1.1263691186904907,0.11770999431610107,0.8063732981681824,0.014853667467832565,0.007307816296815872,0.010117121040821075,0.3393986225128174,0.007821420207619667,0.0054658567532896996,0.00667728204280138,0.20909996330738068
0013,000304,304,0.1646779328584671,1.1217840909957886,0.11886218935251236,0.8317750692367554,0.01493295282125473,0.007323689758777618,0.010088963434100151,0.3394470512866974,0.007770237512886524,0.005399304907768965,0.006702878978103399,0.20937906205654144
0013,000305,305,0.16654446721076965,1.1191774606704712,0.11604944616556168,0.8069987893104553,0.015011224895715714,0.007325129117816687,0.009980037808418274,0.3395127058029175,0.007832560688257217,0.005346843507140875,0.006744506303220987,0.2096518576145172
0013,000306,306,0.1680392026901245,1.1216793060302734,0.11399783194065094,0.7826396226882935,0.015205244533717632,0.007336348295211792,0.00997962150722742,0.3395918905735016,0.007889834232628345,0.0053535085171461105,0.0067585366778075695,0.20978476107120514
0013,000307,307,0.16921362280845642,1.1183124780654907,0.11625125259160995,0.8261001110076904,0.015192735008895397,0.007303700316697359,0.009883123449981213,0.33959469199180603,0.007820394821465015,0.005332794040441513,0.006779445335268974,0.2102692872285843
0013,000308,308,0.1694907248020172,1.117790937423706,0.11613621562719345,0.8312364816665649,0.015192504972219467,0.007252935785800219,0.009877707809209824,0.3395373821258545,0.0075563592836260796,0.005237951409071684,0.006497932132333517,0.2107345163822174
0013,000309,309,0.1689198911190033,1.1104811429977417,0.11354155838489532,0.8134511113166809,0.015255984850227833,0.007225704845041037,0.009889403358101845,0.33951860666275024,0.007421315647661686,0.005042555276304483,0.0063828835263848305,0.21119949221611023
0013,000310,310,0.16840365529060364,1.1123405694961548,0.11364929378032684,0.8112437725067139,0.01528822723776102,0.007200584281235933,0.009889653883874416,0.33954736590385437,0.007879022508859634,0.005088537931442261,0.006798500195145607,0.21138718724250793
0013,000311,311,0.16693904995918274,1.1028103828430176,0.10956539958715439,0.7718883156776428,0.015401245094835758,0.007175501901656389,0.009801583364605904,0.3395627737045288,0.009127788245677948,0.005421821493655443,0.007782051805406809,0.2111351042985916
0013,000312,312,0.1676132082939148,1.1142646074295044,0.11176764219999313,0.8009323477745056,0.01538864616304636,0.00712960259988904,0.009807288646697998,0.33960604667663574,0.008174421265721321,0.005485938396304846,0.007029172498732805,0.2114648073911667
0013,000313,313,0.1650894433259964,1.1140928268432617,0.1125517413020134,0.8025444149971008,0.015514660626649857,0.007086513098329306,0.009893802925944328,0.3396335244178772,0.008856971748173237,0.005677922163158655,0.007518839091062546,0.21133191883563995
0013,000314,314,0.16247113049030304,1.110891342163086,0.1111079752445221,0.7975056767463684,0.015419883653521538,0.007047525141388178,0.009951877407729626,0.33962199091911316,0.00855427049100399,0.005727487150579691,0.007281655911356211,0.21148426830768585
0013,000315,315,0.1603924036026001,1.113608717918396,0.10916905105113983,0.7760310769081116,0.015488137491047382,0.007038766983896494,0.01004816684871912,0.33962708711624146,0.008929533883929253,0.005875884555280209,0.00755630899220705,0.2113625705242157
0013,000316,316,0.1605135202407837,1.1190189123153687,0.10932387411594391,0.7454053163528442,0.015360497869551182,0.007032998371869326,0.009951450861990452,0.3396110534667969,0.009337075985968113,0.006138946861028671,0.007749489974230528,0.2108200639486313
0013,000317,317,0.16059783101081848,1.1070579290390015,0.1106082946062088,0.7333599328994751,0.015464355237782001,0.007064663339406252,0.009865903295576572,0.33962246775627136,0.008811530657112598,0.006243301089853048,0.007215125020593405,0.2104768306016922
0013,000318,318,0.16416969895362854,1.1012097597122192,0.11495024710893631,0.7687813639640808,0.01569490320980549,0.007088325452059507,0.009888998232781887,0.3396458625793457,0.008557290770113468,0.006196978036314249,0.007164584007114172,0.2104247808456421
0013,000319,319,0.1676468700170517,1.1029788255691528,0.1165013313293457,0.7772104144096375,0.015909265726804733,0.00708733219653368,0.009965493343770504,0.33960413932800293,0.008824233897030354,0.006255954969674349,0.0073475767858326435,0.21024352312088013
0013,000320,320,0.17020997405052185,1.1092615127563477,0.11962681263685226,0.7879354953765869,0.015986410900950432,0.0071147470735013485,0.010000118054449558,0.3395422399044037,0.008736695162951946,0.0062192389741539955,0.00722844060510397,0.21012814342975616
0013,000321,321,0.17290925979614258,1.1118292808532715,0.12269610166549683,0.828157365322113,0.016165034845471382,0.007140336558222771,0.010096226818859577,0.33952248096466064,0.008197451010346413,0.0061072553507983685,0.006972069386392832,0.21030637621879578
0013,000322,322,0.1759566068649292,1.11886465549469,0.12113539129495621,0.8188355565071106,0.01618303172290325,0.007124634459614754,0.010094714350998402,0.3395272493362427,0.008994066156446934,0.006221788935363293,0.0075990124605596066,0.2101588249206543
0013,000323,323,0.17629142105579376,1.117171287536621,0.12169180065393448,0.8380706310272217,0.015933316200971603,0.007092596963047981,0.009974399581551552,0.33948424458503723,0.008607917465269566,0.006228427868336439,0.007368302438408136,0.21027185022830963
0013,000324,324,0.17630672454833984,1.1146577596664429,0.11928758770227432,0.8258358240127563,0.015875959768891335,0.007075094617903233,0.010043845511972904,0.33948463201522827,0.008178574033081532,0.006164140999317169,0.0069798934273421764,0.21042227745056152
0013,000325,325,0.1755000352859497,1.1185758113861084,0.1147829070687294,0.7760767936706543,0.015710214152932167,0.007066759746521711,0.010088111273944378,0.3394469916820526,0.009387623518705368,0.006391733419150114,0.007789424154907465,0.2099509835243225
0013,000326,326,0.1734236478805542,1.1133393049240112,0.1151273101568222,0.7784352898597717,0.015498900786042213,0.0070448569022119045,0.010028162971138954,0.33942073583602905,0.009216787293553352,0.006539777386933565,0.007708027958869934,0.2097274512052536
0013,000327,327,0.17360080778598785,1.1169151067733765,0.11744885891675949,0.7882978320121765,0.015515576116740704,0.007057657465338707,0.010043295100331306,0.3394336402416229,0.009674638509750366,0.006756699178367853,0.008059019222855568,0.20936965942382812
0013,000328,328,0.17235594987869263,1.111005187034607,0.11628139019012451,0.7704893350601196,0.015697453171014786,0.007096898276358843,0.01007928792387247,0.33947744965553284,0.009400970302522182,0.006906292866915464,0.007727629505097866,0.20890429615974426
0013,000329,329,0.17254295945167542,1.1142373085021973,0.11681804805994034,0.7764112949371338,0.015711264684796333,0.007133156061172485,0.009968641214072704,0.3395461142063141,0.008843516930937767,0.0068177031353116035,0.00728411553427577,0.20876747369766235
0013,000330,330,0.17418092489242554,1.1157970428466797,0.11771133542060852,0.7727875113487244,0.01587948575615883,0.00715789245441556,0.009977631270885468,0.33956241607666016,0.010179968550801277,0.0071289814077317715,0.008273414336144924,0.2079804390668869
0013,000331,331,0.17469505965709686,1.1088461875915527,0.11948796361684799,0.7747101783752441,0.015931442379951477,0.007127670105546713,0.00996093824505806,0.3395706117153168,0.009902325458824635,0.007266402244567871,0.007935303263366222,0.2073168158531189
0013,000332,332,0.17620261013507843,1.1251075267791748,0.12047798931598663,0.7925765514373779,0.016074689105153084,0.007127150893211365,0.01010464783757925,0.3396541476249695,0.00927716214209795,0.007169174030423164,0.0075566754676401615,0.20713607966899872
0013,000333,333,0.17685528099536896,1.128217101097107,0.11831014603376389,0.7786714434623718,0.016144055873155594,0.007130381651222706,0.010167337954044342,0.33967047929763794,0.009088481776416302,0.007088622078299522,0.007370304316282272,0.20686078071594238
0013,000334,334,0.17610734701156616,1.1249046325683594,0.11993841081857681,0.7906562685966492,0.016278933733701706,0.007161502726376057,0.010199541226029396,0.3397379219532013,0.008880428969860077,0.006907941307872534,0.007197414059191942,0.20679590106010437
0013,000335,335,0.17697829008102417,1.1279752254486084,0.11902785301208496,0.7884109020233154,0.016092898324131966,0.0071748485788702965,0.010107378475368023,0.3397035300731659,0.008730343542993069,0.006735478062182665,0.007127747870981693,0.20678187906742096
0013,000336,336,0.17701958119869232,1.1281155347824097,0.12157407402992249,0.8293722867965698,0.016231736168265343,0.0071744248270988464,0.010161727666854858,0.33968421816825867,0.007889305241405964,0.0062417518347501755,0.006582779809832573,0.20737113058567047
0013,000337,337,0.1778378039598465,1.126474380493164,0.11919329315423965,0.8198481798171997,0.01619376428425312,0.007176749873906374,0.010158689692616463,0.33967676758766174,0.008149963803589344,0.006090030074119568,0.006878355052322149,0.20750142633914948
0013,000338,338,0.17778407037258148,1.1187708377838135,0.12109804898500443,0.8521420955657959,0.016110708937048912,0.007144007366150618,0.009929332882165909,0.3396645188331604,0.0077558294869959354,0.005809917114675045,0.00657253060489893,0.20795975625514984
0013,000339,339,0.1784820854663849,1.1090730428695679,0.11976571381092072,0.8533173203468323,0.01613062061369419,0.007107379846274853,0.009867236018180847,0.33959195017814636,0.007996792905032635,0.005670106969773769,0.006833687890321016,0.20838502049446106
0014,000002,2,0.21566230058670044,1.0588786602020264,0.1078723818063736,0.5691702961921692,0.01180155761539936,0.0024429222103208303,0.006797314155846834,0.33944153785705566,0.004360581282526255,0.0009026403422467411,0.0029372479766607285,0.2103853076696396
0014,000003,3,0.2123444527387619,1.060619831085205,0.10576669871807098,0.5604321956634521,0.01196795329451561,0.0034150502178817987,0.007133714854717255,0.33915483951568604,0.004165701102465391,0.001251778332516551,0.00286867911927402,0.21053579449653625
0014,000004,4,0.20943020284175873,1.0668723583221436,0.09873854368925095,0.5196029543876648,0.012194623239338398,0.00411895290017128,0.007393054664134979,0.33898577094078064,0.004542824346572161,0.001586694037541747,0.0030693854205310345,0.21032875776290894
0014,000005,5,0.20784281194210052,1.0817687511444092,0.09898554533720016,0.5231591463088989,0.012469525448977947,0.0046926881186664104,0.00768150994554162,0.3388848602771759,0.0046785143204033375,0.00190140085760504,0.003213707124814391,0.21020254492759705
0014,000006,6,0.2050194889307022,1.0881906747817993,0.10212461650371552,0.5405248403549194,0.01289917528629303,0.005144129041582346,0.00796115305274725,0.3388293385505676,0.004725571256130934,0.0020844077225774527,0.0033298074267804623,0.21022140979766846
0014,000007,7,0.20499001443386078,1.1095980405807495,0.11241895705461502,0.6180374622344971,0.013270046561956406,0.005474206525832415,0.008222216740250587,0.3388039469718933,0.0046171280555427074,0.0021800443064421415,0.0033740655053406954,0.21055561304092407
0014,000008,8,0.20286963880062103,1.1191973686218262,0.1098770797252655,0.6049330234527588,0.013414345681667328,0.005730617791414261,0.008359956555068493,0.3388400077819824,0.004890097305178642,0.002360606798902154,0.0035566813312470913,0.21066339313983917
0014,000009,9,0.2004380077123642,1.1253446340560913,0.1143992617726326,0.6412136554718018,0.013423566706478596,0.00599812064319849,0.008469633758068085,0.3389170169830322,0.004941706545650959,0.0025392314419150352,0.003645653836429119,0.2107800990343094
0014,000010,10,0.1994110643863678,1.1395573616027832,0.11403307318687439,0.6354665160179138,0.013400096446275711,0.006213084794580936,0.008499297313392162,0.33897554874420166,0.005102621857076883,0.002694038674235344,0.003706087823957205,0.21078020334243774
0014,000011,11,0.1979697197675705,1.1449440717697144,0.1182219609618187,0.6645441651344299,0.01362521667033434,0.006398704368621111,0.008685643784701824,0.3390503525733948,0.0048981946893036366,0.00272792368195951,0.003533501410856843,0.21106091141700745
0014,000012,12,0.19648952782154083,1.1582475900650024,0.12493589520454407,0.7193430662155151,0.013815817423164845,0.006522099953144789,0.00882791355252266,0.3390793204307556,0.004752789624035358,0.002717084251344204,0.0035813164431601763,0.21146681904792786
0014,000013,13,0.19613230228424072,1.1626923084259033,0.12848249077796936,0.7586292028427124,0.013984456658363342,0.006589874159544706,0.008990157395601273,0.33913952112197876,0.004992096684873104,0.0027980839367955923,0.0038608023896813393,0.2117244452238083
0014,000014,14,0.19401350617408752,1.1650869846343994,0.12153664231300354,0.7042568325996399,0.014233321882784367,0.00664918776601553,0.00911425519734621,0.3392125964164734,0.005867840256541967,0.0030505191534757614,0.004383506719022989,0.21140256524085999
0014,000015,15,0.1919282227754593,1.168196678161621,0.12923941016197205,0.7673017382621765,0.014324534684419632,0.006668661255389452,0.009203854948282242,0.33925861120224,0.005130229517817497,0.00302529102191329,0.003976801875978708,0.21184265613555908
0014,000016,16,0.190155029296875,1.1705753803253174,0.12896406650543213,0.7757303714752197,0.014605984091758728,0.006710933055728674,0.009450269863009453,0.33925801515579224,0.005709287244826555,0.0031676096841692924,0.004461335018277168,0.21192921698093414
0014,000017,17,0.18837900459766388,1.1706199645996094,0.1286192685365677,0.779003381729126,0.014688226394355297,0.006744186393916607,0.009499309584498405,0.339342325925827,0.005427449010312557,0.003223607549443841,0.00423299428075552,0.21223489940166473
0014,000018,18,0.18687987327575684,1.1712414026260376,0.12381137907505035,0.7426397204399109,0.014642487280070782,0.006803274620324373,0.009553597308695316,0.33936578035354614,0.006287549156695604,0.0034687030129134655,0.004892159719020128,0.21198436617851257
0014,000019,19,0.1856524497270584,1.1741628646850586,0.12461820244789124,0.7405824065208435,0.014765240252017975,0.0068857017904520035,0.009668202139437199,0.33942094445228577,0.006253418046981096,0.003666655858978629,0.004768624436110258,0.2118348926305771
0014,000020,20,0.18522293865680695,1.1812952756881714,0.12422369420528412,0.7454719543457031,0.014833020977675915,0.0069479127414524555,0.009776526130735874,0.3394647240638733,0.006184711121022701,0.003752933582291007,0.004799330607056618,0.21184700727462769
0014,000021,21,0.18379132449626923,1.1784913539886475,0.12686169147491455,0.7722824811935425,0.014968564733862877,0.006994520779699087,0.009837501682341099,0.3395243287086487,0.006312260869890451,0.003899448085576296,0.004859468899667263,0.21183423697948456
0014,000022,22,0.18209441006183624,1.168483853340149,0.1260950267314911,0.7585621476173401,0.014991382136940956,0.0070489500649273396,0.00984569638967514,0.33956828713417053,0.006491555832326412,0.00404646759852767,0.004970259964466095,0.2117106318473816
0014,000023,23,0.18157944083213806,1.1702340841293335,0.1279364824295044,0.7730969190597534,0.014987802132964134,0.007090734783560038,0.009851427748799324,0.3395739197731018,0.006057528778910637,0.004061272367835045,0.004691631067544222,0.211832657456398
0014,000024,24,0.18045036494731903,1.1643067598342896,0.12974606454372406,0.7961614727973938,0.015041543170809746,0.007115554064512253,0.00989777036011219,0.33960652351379395,0.006268257275223732,0.004113318398594856,0.00488634966313839,0.211941659450531
0014,000025,25,0.179583340883255,1.1584440469741821,0.12478289753198624,0.7587589621543884,0.01501540094614029,0.007147533819079399,0.009901962243020535,0.3396283686161041,0.006303274072706699,0.00415416806936264,0.004892455413937569,0.21190766990184784
0014,000026,26,0.178688645362854,1.1608506441116333,0.12243984639644623,0.744609534740448,0.014792405068874359,0.007221057079732418,0.009852656163275242,0.3396497070789337,0.006617988925427198,0.004299063701182604,0.00514256814494729,0.21172474324703217
0014,000027,27,0.17807278037071228,1.1557055711746216,0.12389688938856125,0.757300615310669,0.014618092216551304,0.007237695157527924,0.009802908636629581,0.3396492004394531,0.006812294013798237,0.004439780954271555,0.005363631062209606,0.21153642237186432
0014,000028,28,0.17481912672519684,1.1420201063156128,0.12132461369037628,0.7402379512786865,0.014478478580713272,0.007300325203686953,0.009744212962687016,0.3396766185760498,0.006693172734230757,0.004582718014717102,0.005186290480196476,0.21136000752449036
0014,000029,29,0.17540621757507324,1.1436939239501953,0.12037172168493271,0.7379482388496399,0.014518354088068008,0.007313421927392483,0.009713463485240936,0.33966851234436035,0.006318122614175081,0.004512561950832605,0.004893135745078325,0.2114245891571045
0014,000030,30,0.1761087030172348,1.1323516368865967,0.11806181073188782,0.7275200486183167,0.014930183999240398,0.007198156788945198,0.009815423749387264,0.3395923376083374,0.006446477957069874,0.0044191209599375725,0.004890408832579851,0.21148139238357544
0014,000031,31,0.177115797996521,1.125888705253601,0.11505471169948578,0.6905300617218018,0.014863039366900921,0.0071237171068787575,0.0097394660115242,0.33949875831604004,0.006767412647604942,0.004491469357162714,0.0050378902815282345,0.21119175851345062
0014,000032,32,0.17775990068912506,1.1220883131027222,0.11792681366205215,0.7207452654838562,0.014700059778988361,0.007064579986035824,0.009664923883974552,0.33942729234695435,0.006047201342880726,0.004351054783910513,0.004675386473536491,0.21146023273468018
0014,000033,33,0.17924022674560547,1.1202462911605835,0.11552885174751282,0.7044400572776794,0.014650873839855194,0.00700759282335639,0.009597650729119778,0.3393757939338684,0.006186664570122957,0.004305670037865639,0.004827550146728754,0.21148042380809784
0014,000034,34,0.1809825450181961,1.1228880882263184,0.12049361318349838,0.7443580627441406,0.014701510779559612,0.00694836163893342,0.009581020101904869,0.3392904996871948,0.006056486163288355,0.004231045488268137,0.004765335004776716,0.2117270529270172
0014,000035,35,0.18070143461227417,1.1136651039123535,0.11772889643907547,0.7162696719169617,0.014745946042239666,0.0068781618028879166,0.00955626368522644,0.3392537832260132,0.006678875535726547,0.004352498799562454,0.005075598135590553,0.21142271161079407
0014,000036,36,0.18193627893924713,1.1057251691818237,0.1218123659491539,0.7472915053367615,0.015001819469034672,0.006755398586392403,0.00958914402872324,0.3391837775707245,0.006241885479539633,0.004272704478353262,0.00479566166177392,0.2116323858499527
0014,000037,37,0.18413913249969482,1.110586404800415,0.1254849135875702,0.7924164533615112,0.01493960153311491,0.006711745169013739,0.009542369283735752,0.3391425311565399,0.006386245600879192,0.004188402555882931,0.005025696940720081,0.21207094192504883
0014,000038,38,0.18420247733592987,1.1074390411376953,0.12649618089199066,0.7979295253753662,0.014808030799031258,0.006653251592069864,0.009413251653313637,0.33908674120903015,0.00672180624678731,0.004252430982887745,0.0053063249215483665,0.21216432750225067
0014,000039,39,0.1846359372138977,1.1091341972351074,0.12373222410678864,0.783241331577301,0.014717201702296734,0.0066004060208797455,0.009389319457113743,0.3390274941921234,0.007128173019737005,0.004408436827361584,0.005650012753903866,0.21212363243103027
0014,000040,40,0.1853400021791458,1.1146692037582397,0.12394718080759048,0.7937893867492676,0.014731018804013729,0.006531205028295517,0.009442019276320934,0.3390185832977295,0.006892056204378605,0.004411623347550631,0.005602811463177204,0.21240131556987762
0014,000041,41,0.18436190485954285,1.1093549728393555,0.12284095585346222,0.7849920988082886,0.014761880040168762,0.006432164926081896,0.009419286623597145,0.33898741006851196,0.0071977777406573296,0.004526559263467789,0.005814388394355774,0.21243160963058472
0014,000042,42,0.1834118366241455,1.1047381162643433,0.12325435876846313,0.7875469326972961,0.01495035644620657,0.0063184392638504505,0.009482805617153645,0.33894795179367065,0.007695200853049755,0.004655292723327875,0.006142001133412123,0.21241191029548645
0014,000043,43,0.18294863402843475,1.1020804643630981,0.12369278073310852,0.8118900656700134,0.015006962232291698,0.006259366404265165,0.009463060647249222,0.33889442682266235,0.007624079938977957,0.004654620308429003,0.006195601541548967,0.21281586587429047
0014,000044,44,0.1828484833240509,1.1016582250595093,0.12563586235046387,0.8216979503631592,0.014954288490116596,0.006216350942850113,0.009402712807059288,0.3389025926589966,0.008060918189585209,0.00477933743968606,0.006422323640435934,0.21280469000339508
0014,000045,45,0.18237917125225067,1.102162480354309,0.129640132188797,0.8716521859169006,0.015013952739536762,0.006174933165311813,0.009394587017595768,0.3388867974281311,0.00795668363571167,0.004777119029313326,0.006394440308213234,0.21318182349205017
0014,000046,46,0.18260270357131958,1.1066821813583374,0.12653414905071259,0.8676924109458923,0.014961165376007557,0.006139758508652449,0.00933848787099123,0.3389034867286682,0.008400747552514076,0.004843168426305056,0.006829855032265186,0.21342900395393372
0014,000047,47,0.18094967305660248,1.1171517372131348,0.12587809562683105,0.8794302344322205,0.015056323260068893,0.00612485921010375,0.009427261538803577,0.3388793170452118,0.008531118743121624,0.004942180588841438,0.006928012240678072,0.21373659372329712
0014,000048,48,0.17903396487236023,1.1173219680786133,0.12355803698301315,0.90152907371521,0.015002163127064705,0.006105204578489065,0.009409860707819462,0.3388904929161072,0.008686497807502747,0.004989734385162592,0.007152624428272247,0.2143326699733734
0014,000049,49,0.17909495532512665,1.1269400119781494,0.12102613598108292,0.8898400664329529,0.014960899017751217,0.006078141741454601,0.009474079124629498,0.3389435410499573,0.008696469478309155,0.005069147329777479,0.0071186162531375885,0.21473510563373566
0014,000050,50,0.1763012558221817,1.11349356174469,0.11893508583307266,0.8581658005714417,0.015225277282297611,0.0060739596374332905,0.009513454511761665,0.33891892433166504,0.008727561682462692,0.005063212476670742,0.006925045046955347,0.2149551659822464
0014,000051,51,0.17651113867759705,1.1171343326568604,0.11750478297472,0.8359889388084412,0.015105724334716797,0.006061361636966467,0.009549753740429878,0.3388919532299042,0.009027021005749702,0.005167845636606216,0.007221834734082222,0.21478086709976196
0014,000052,52,0.175258070230484,1.1153424978256226,0.1164279505610466,0.8218812346458435,0.014946921728551388,0.006034557707607746,0.009581043384969234,0.33886799216270447,0.009522460401058197,0.005425404757261276,0.007710563950240612,0.21453975141048431
0014,000053,53,0.1732393205165863,1.1151270866394043,0.11886166781187057,0.8410748839378357,0.014845732599496841,0.006046463269740343,0.009562460705637932,0.3389069139957428,0.009577909484505653,0.005656681954860687,0.007752657402306795,0.21440489590168
0014,000054,54,0.17297901213169098,1.1284925937652588,0.12028595805168152,0.8677160739898682,0.014809196814894676,0.006061791907995939,0.009665046818554401,0.33891212940216064,0.009352540597319603,0.005812210962176323,0.007750640157610178,0.21440836787223816
0014,000055,55,0.1707894653081894,1.129591703414917,0.12043759971857071,0.874908983707428,0.014781986363232136,0.006119449157267809,0.009733782149851322,0.33891355991363525,0.009301559999585152,0.005886626895517111,0.007550544571131468,0.21459010243415833
0014,000056,56,0.16825148463249207,1.122018575668335,0.11841950565576553,0.879023015499115,0.01493435725569725,0.006178854964673519,0.009718704968690872,0.33894068002700806,0.008798230439424515,0.005826903041452169,0.007165000773966312,0.21499592065811157
0014,000057,57,0.16986607015132904,1.1279857158660889,0.11732201278209686,0.8730084300041199,0.014940425753593445,0.006229866296052933,0.009673084132373333,0.33898377418518066,0.008866042830049992,0.005790035706013441,0.007056268863379955,0.21535725891590118
0014,000058,58,0.17299330234527588,1.1379377841949463,0.11679594218730927,0.8490856885910034,0.015188068151473999,0.006274757441133261,0.009757221676409245,0.3389585614204407,0.008812458254396915,0.005767833907157183,0.006973021198064089,0.21542425453662872
0014,000059,59,0.17407691478729248,1.1278284788131714,0.11498050391674042,0.8400329351425171,0.015278044156730175,0.006260730791836977,0.009742367081344128,0.33894819021224976,0.008807307109236717,0.005559870973229408,0.006792974658310413,0.2160397619009018
0014,000060,60,0.17489060759544373,1.1275240182876587,0.11506415903568268,0.8201815485954285,0.01531386561691761,0.0062373303808271885,0.009837469086050987,0.33895838260650635,0.009177643805742264,0.005541753023862839,0.007119179703295231,0.2159784585237503
0014,000061,61,0.17630435526371002,1.1327322721481323,0.11316240578889847,0.8181045651435852,0.01522314827889204,0.006196638103574514,0.00987918209284544,0.3389534056186676,0.009136689826846123,0.0054966723546385765,0.007348591461777687,0.21613503992557526
0014,000062,62,0.17451609671115875,1.1376550197601318,0.11985625326633453,0.8488514423370361,0.015263466164469719,0.006205424200743437,0.010024887509644032,0.33895814418792725,0.010867697186768055,0.005873055197298527,0.008611254394054413,0.21554376184940338
0014,000063,63,0.17284877598285675,1.1391092538833618,0.11609374731779099,0.8028447031974792,0.015103576704859734,0.00621779914945364,0.010022461414337158,0.3389721214771271,0.011328062042593956,0.006334912963211536,0.009077892638742924,0.21488536894321442
0014,000064,64,0.17214767634868622,1.1471025943756104,0.11870713531970978,0.7853140234947205,0.01501847617328167,0.006243559066206217,0.010041220113635063,0.33903104066848755,0.012338301166892052,0.006930731236934662,0.009617604315280914,0.21382974088191986
0014,000065,65,0.17030781507492065,1.1454777717590332,0.12386079132556915,0.8144484162330627,0.015076126903295517,0.006266073323786259,0.010073697194457054,0.33908817172050476,0.011874562129378319,0.007298689801245928,0.009275461547076702,0.2131016105413437
0014,000066,66,0.16967712342739105,1.1508458852767944,0.13247565925121307,0.8352429270744324,0.015140644274652004,0.006303152069449425,0.01017885934561491,0.3391331136226654,0.013799336738884449,0.008037644438445568,0.010088399983942509,0.21127429604530334
0014,000067,67,0.16723348200321198,1.1467748880386353,0.13116900622844696,0.8215134739875793,0.014972422271966934,0.006347747053951025,0.010130484588444233,0.33917802572250366,0.012876364402472973,0.00841930229216814,0.009685545228421688,0.21008960902690887
0014,000068,68,0.16524340212345123,1.150556206703186,0.13476762175559998,0.8332370519638062,0.014790678396821022,0.00639151968061924,0.01004319079220295,0.3392510414123535,0.01322621013969183,0.008813589811325073,0.009782275184988976,0.20867857336997986
0014,000069,69,0.16308985650539398,1.150821566581726,0.13425321877002716,0.8417086601257324,0.014693240635097027,0.006420868914574385,0.010067845694720745,0.33925384283065796,0.011720015667378902,0.008800357580184937,0.009031671099364758,0.20801715552806854
0014,000070,70,0.160431370139122,1.1391180753707886,0.13537892699241638,0.8380129933357239,0.014597928151488304,0.006477813236415386,0.010098777711391449,0.3392029106616974,0.012223996222019196,0.009003417566418648,0.009225540794432163,0.2068559229373932
0014,000071,71,0.1584940403699875,1.1341240406036377,0.13263960182666779,0.8167433738708496,0.01434660516679287,0.006540245376527309,0.010096619836986065,0.3391787111759186,0.011774314567446709,0.009133357554674149,0.009004609659314156,0.2057168334722519
0014,000072,72,0.15848718583583832,1.1353187561035156,0.13252472877502441,0.8283603191375732,0.014177415519952774,0.006565996445715427,0.010030856356024742,0.33919933438301086,0.011373521760106087,0.009074006229639053,0.008902071975171566,0.20497989654541016
0014,000073,73,0.15582865476608276,1.128498911857605,0.13107460737228394,0.8294605016708374,0.014160921797156334,0.006581844761967659,0.009998021647334099,0.33926352858543396,0.010086932219564915,0.008801691234111786,0.008082914166152477,0.2047240287065506
0014,000074,74,0.15290851891040802,1.124227523803711,0.13023416697978973,0.8141337037086487,0.013983998447656631,0.006618943996727467,0.00991507712751627,0.3393156826496124,0.01126522570848465,0.008981923572719097,0.00871373526751995,0.20354589819908142
0014,000075,75,0.15131859481334686,1.1278694868087769,0.12425726652145386,0.7846699357032776,0.01403611246496439,0.006675974000245333,0.01000173669308424,0.3393262028694153,0.009786933660507202,0.008786437101662159,0.00776654714718461,0.20309294760227203
0014,000076,76,0.15329205989837646,1.1382862329483032,0.12306556850671768,0.7949866652488708,0.013992872089147568,0.006736217997968197,0.00996980257332325,0.3393625020980835,0.009500510059297085,0.008532709442079067,0.007636979687958956,0.20281396806240082
0014,000077,77,0.15389619767665863,1.1339091062545776,0.12199874967336655,0.8042416572570801,0.014080984517931938,0.006778622046113014,0.009983637370169163,0.33938053250312805,0.009302282705903053,0.008323515765368938,0.007568574510514736,0.20256337523460388
0014,000078,78,0.15555356442928314,1.1315529346466064,0.12676246464252472,0.8386000990867615,0.014094023033976555,0.006827082950621843,0.009945577010512352,0.33941948413848877,0.00980597548186779,0.008276719599962234,0.007914954796433449,0.20208191871643066
0014,000079,79,0.1559680849313736,1.1267930269241333,0.12769263982772827,0.8483675718307495,0.01427723653614521,0.006878840271383524,0.009998518042266369,0.3394237160682678,0.009732378646731377,0.00824368093162775,0.00788832176476717,0.20152579247951508
0014,000080,80,0.15592245757579803,1.1146601438522339,0.1237608790397644,0.8420987725257874,0.014337382279336452,0.006931361276656389,0.009911485947668552,0.33949893712997437,0.00848629791289568,0.007834536954760551,0.007128667086362839,0.20161142945289612
0014,000081,81,0.15650475025177002,1.1107287406921387,0.12294449657201767,0.8425663709640503,0.01424350030720234,0.006936327554285526,0.009965641424059868,0.3394123315811157,0.008694592863321304,0.00766131654381752,0.00734889879822731,0.2014620304107666
0014,000082,82,0.1558038592338562,1.1078712940216064,0.12290026992559433,0.8485632538795471,0.014043675735592842,0.006903120316565037,0.009947726503014565,0.3393265902996063,0.008809477090835571,0.007547986693680286,0.007467742543667555,0.20129120349884033
0014,000083,83,0.15558774769306183,1.1110494136810303,0.12195678055286407,0.8504959344863892,0.013974260538816452,0.006915653124451637,0.009942634031176567,0.33932429552078247,0.008448167704045773,0.00738885160535574,0.007109909318387508,0.20117700099945068
0014,000084,84,0.15604443848133087,1.1124322414398193,0.12615719437599182,0.9029428362846375,0.014025663025677204,0.006959011312574148,0.00991907250136137,0.3393796384334564,0.00779518811032176,0.006987016648054123,0.006543291267007589,0.2015209197998047
0014,000085,85,0.15684698522090912,1.112903356552124,0.12950903177261353,0.9532276391983032,0.014179812744259834,0.007010074332356453,0.009893479757010937,0.3394070267677307,0.00730315363034606,0.006454759277403355,0.0062819900922477245,0.20208875834941864
0014,000086,86,0.1591852456331253,1.111402988433838,0.12458804994821548,0.9611240029335022,0.014429876580834389,0.007062983233481646,0.009928467683494091,0.3394303023815155,0.00817255862057209,0.0059950160793960094,0.007036339025944471,0.20301614701747894
0014,000087,87,0.1607549488544464,1.105621099472046,0.11676459014415741,0.8856234550476074,0.014551552943885326,0.007076407317072153,0.00989393051713705,0.3393990993499756,0.007311995141208172,0.00568723026663065,0.006264127790927887,0.2034684121608734
0014,000088,88,0.16189339756965637,1.1097657680511475,0.1141810342669487,0.8727663159370422,0.014570966362953186,0.0070681036449968815,0.009911556728184223,0.33934909105300903,0.007378998212516308,0.005480438936501741,0.006330516654998064,0.20391763746738434
0014,000089,89,0.16269946098327637,1.118334412574768,0.11407441645860672,0.8695690631866455,0.014373986050486565,0.007008122745901346,0.00991525687277317,0.33931785821914673,0.007313390262424946,0.005400766618549824,0.006300046574324369,0.20419996976852417
0014,000090,90,0.1610688716173172,1.1231954097747803,0.1140974909067154,0.8549253344535828,0.01422610692679882,0.006960360333323479,0.010043925605714321,0.3392590582370758,0.00838427059352398,0.005484430585056543,0.007231642957776785,0.20401586592197418
0014,000091,91,0.15982942283153534,1.1313813924789429,0.11773127317428589,0.868910014629364,0.013945996761322021,0.006951077375560999,0.010057901963591576,0.3391929864883423,0.008519290015101433,0.005653423722833395,0.0073181153275072575,0.2037930190563202
0014,000092,92,0.15878379344940186,1.1424791812896729,0.11620132625102997,0.8455846905708313,0.013866049237549305,0.006964938249439001,0.01008301880210638,0.33916932344436646,0.008814635686576366,0.005916913039982319,0.007667104713618755,0.20351237058639526
0014,000093,93,0.15828651189804077,1.1426060199737549,0.11638082563877106,0.8334643244743347,0.013909622095525265,0.00701778894290328,0.01010790653526783,0.3391624987125397,0.008792642503976822,0.006208343431353569,0.00757646095007658,0.20317625999450684
0014,000094,94,0.1581743359565735,1.1357673406600952,0.11676192283630371,0.8176547884941101,0.013868151232600212,0.0070537393912673,0.010046412236988544,0.33914217352867126,0.008930912241339684,0.006477497983723879,0.007571931462734938,0.2027762234210968
0014,000095,95,0.15767106413841248,1.1206350326538086,0.11914858222007751,0.8176965713500977,0.013919095508754253,0.007081090472638607,0.009978561662137508,0.33916014432907104,0.009278587065637112,0.006757759023457766,0.007759465370327234,0.20219822227954865
0014,000096,96,0.15880446135997772,1.1176059246063232,0.1217661127448082,0.8383102416992188,0.01397810596972704,0.00706451665610075,0.009948779828846455,0.3391735255718231,0.007419121451675892,0.006484692450612783,0.0062368279322981834,0.20234160125255585
0014,000097,97,0.1580609828233719,1.1111979484558105,0.12311609834432602,0.8588407635688782,0.013854843564331532,0.0070248935371637344,0.00982809066772461,0.3392013609409332,0.007236854173243046,0.006200154311954975,0.006271100137382746,0.20262102782726288
0014,000098,98,0.1587294638156891,1.1134880781173706,0.12444459646940231,0.8645024299621582,0.014019882306456566,0.006994355469942093,0.00989723764359951,0.3392055332660675,0.0072528827004134655,0.006008478347212076,0.006293669808655977,0.2028040885925293
0014,000099,99,0.15862314403057098,1.1067050695419312,0.121953584253788,0.8574738502502441,0.014071380719542503,0.006950741168111563,0.009838736616075039,0.3392135500907898,0.007534598466008902,0.005964657757431269,0.006600319407880306,0.20289389789104462
0014,000100,100,0.15877602994441986,1.1021673679351807,0.12302394211292267,0.8813315629959106,0.014229873195290565,0.006913312245160341,0.009876580908894539,0.33922791481018066,0.007627448067069054,0.00594320148229599,0.006730814464390278,0.20301134884357452
0014,000101,101,0.15875354409217834,1.0947755575180054,0.12335926294326782,0.9136213064193726,0.01426102314144373,0.006871806923300028,0.009889529086649418,0.3391891419887543,0.0070372228510677814,0.0055836401879787445,0.0061301360838115215,0.20360241830348969
0014,000102,102,0.1594453603029251,1.1001566648483276,0.12077067047357559,0.9038941264152527,0.014220976270735264,0.006833286490291357,0.010044609196484089,0.33912017941474915,0.007281901314854622,0.005379488226026297,0.006370555143803358,0.20412148535251617
0014,000103,103,0.15927135944366455,1.1063973903656006,0.11866980046033859,0.876203179359436,0.01408033724874258,0.006811872124671936,0.010114572942256927,0.33911651372909546,0.007526811212301254,0.00540369376540184,0.006548114586621523,0.20421606302261353
0014,000104,104,0.15704114735126495,1.1051558256149292,0.11749976128339767,0.872290849685669,0.013987705111503601,0.006813075393438339,0.010014675557613373,0.3391624987125397,0.007413902319967747,0.005456157494336367,0.006508121732622385,0.20440824329853058
0014,000105,105,0.1587202548980713,1.1135916709899902,0.11673222482204437,0.8942303657531738,0.014257027767598629,0.006841171067208052,0.010149813257157803,0.3391322195529938,0.007570568006485701,0.0054061501286923885,0.0067107114009559155,0.2049129456281662
0016,000002,2,0.20975081622600555,1.0243209600448608,0.11055456846952438,0.5815271139144897,0.012023287825286388,0.002488820580765605,0.0070152864791452885,0.33932265639305115,0.004386563319712877,0.0009080186136998236,0.002939318772405386,0.20989803969860077
0016,000003,3,0.20893080532550812,1.037895679473877,0.11195721477270126,0.596488893032074,0.01208077184855938,0.003389944788068533,0.007320793811231852,0.3389904499053955,0.004434320610016584,0.0012944211484864354,0.0030042962171137333,0.21009810268878937
0016,000004,4,0.20843468606472015,1.054903268814087,0.11517252027988434,0.623734712600708,0.012328416109085083,0.0040418426506221294,0.007605656515806913,0.3387804925441742,0.004556492902338505,0.0015910894144326448,0.0031349225901067257,0.2102953940629959
0016,000005,5,0.20710553228855133,1.071205973625183,0.12790130078792572,0.7282121777534485,0.01249388325959444,0.004588990937918425,0.0077788266353309155,0.3386792540550232,0.0048659322783350945,0.0018205965170636773,0.0034740217961370945,0.21077591180801392
0016,000006,6,0.20622259378433228,1.0828850269317627,0.12605451047420502,0.7276532649993896,0.012633626349270344,0.0050518629141151905,0.007925470359623432,0.3386315405368805,0.005096576176583767,0.0020379459019750357,0.003734403057023883,0.21113094687461853
0016,000007,7,0.20300650596618652,1.080828309059143,0.12524645030498505,0.724116325378418,0.012802821584045887,0.005440267734229565,0.008003600873053074,0.33867013454437256,0.005634954199194908,0.002339733997359872,0.0041033243760466576,0.21111591160297394
0016,000008,8,0.20050181448459625,1.0837990045547485,0.12969470024108887,0.7690761089324951,0.013057216070592403,0.005785739980638027,0.008126313798129559,0.3387055993080139,0.0058486866764724255,0.00253276526927948,0.004368148278445005,0.211476132273674
0016,000009,9,0.20026645064353943,1.0934464931488037,0.12172090262174606,0.7140800952911377,0.013106602244079113,0.006060048472136259,0.008248883299529552,0.3387218713760376,0.00630447082221508,0.0028100633062422276,0.004688411019742489,0.21137335896492004
0016,000010,10,0.19926877319812775,1.1020530462265015,0.12038075178861618,0.7073673605918884,0.012994922697544098,0.006314566824585199,0.00836140476167202,0.3386960029602051,0.006300964392721653,0.003058701753616333,0.004759043920785189,0.21131053566932678
0016,000011,11,0.1968832015991211,1.1007335186004639,0.11350435763597488,0.6585407257080078,0.012932557612657547,0.00653412751853466,0.008416702970862389,0.33869078755378723,0.00644930824637413,0.003330441191792488,0.004761006683111191,0.21096335351467133
0016,000012,12,0.19446715712547302,1.1021870374679565,0.11186826229095459,0.6470109820365906,0.012814830057322979,0.0067519876174628735,0.008489868603646755,0.3387170732021332,0.006487406324595213,0.0035838959738612175,0.00480875838547945,0.2106233686208725
0016,000013,13,0.19342957437038422,1.1065138578414917,0.1168225109577179,0.688834011554718,0.012738809920847416,0.006925396155565977,0.008524749428033829,0.33876004815101624,0.005694669205695391,0.0036667902022600174,0.004386492073535919,0.2107313871383667
0016,000014,14,0.1903536319732666,1.099913477897644,0.1240839883685112,0.7527493238449097,0.012757258489727974,0.007077328860759735,0.008561453782022,0.3388342261314392,0.0058367266319692135,0.003791872877627611,0.0046274373307824135,0.21082426607608795
0016,000015,15,0.18950650095939636,1.1094417572021484,0.12383241206407547,0.7521576285362244,0.012872315011918545,0.007215031888335943,0.00868215225636959,0.3388567566871643,0.005340167786926031,0.0037409914657473564,0.004238263703882694,0.21115407347679138
0016,000016,16,0.18831701576709747,1.1070435047149658,0.12237251549959183,0.738624095916748,0.01282969955354929,0.007309654727578163,0.008674321696162224,0.3389039635658264,0.005927637219429016,0.003903517499566078,0.00468274625018239,0.21098846197128296
0016,000017,17,0.18612118065357208,1.1037083864212036,0.12238752841949463,0.7434402704238892,0.012894188985228539,0.007421059999614954,0.00872089434415102,0.33896541595458984,0.005614179186522961,0.003969764336943626,0.004491647705435753,0.21099817752838135
0016,000018,18,0.1843349039554596,1.1064226627349854,0.12540028989315033,0.7623693943023682,0.012957816943526268,0.007507668808102608,0.0088229700922966,0.33902084827423096,0.005464647430926561,0.003959109075367451,0.004400849342346191,0.21116629242897034
0016,000019,19,0.18404877185821533,1.112188458442688,0.127823606133461,0.7837628722190857,0.012987354770302773,0.00757903978228569,0.008856972679495811,0.33906570076942444,0.005743422079831362,0.0040399678982794285,0.00464210519567132,0.21120691299438477
0016,000020,20,0.1833239197731018,1.1144933700561523,0.12554188072681427,0.7625662684440613,0.01298041082918644,0.007651551626622677,0.008860986679792404,0.33909985423088074,0.0055654472671449184,0.004067651461809874,0.004489703569561243,0.21131186187267303
0016,000021,21,0.18150560557842255,1.108079433441162,0.12509961426258087,0.754265308380127,0.013021816499531269,0.007709213998168707,0.008877981454133987,0.3391488194465637,0.005702997092157602,0.004129366483539343,0.004582944791764021,0.21124766767024994
0016,000022,22,0.18060174584388733,1.1102051734924316,0.12303262203931808,0.7383338809013367,0.013063380494713783,0.007762750145047903,0.00891952496021986,0.3391764461994171,0.00600194837898016,0.004251144360750914,0.004772834945470095,0.21107007563114166
0016,000023,23,0.18068379163742065,1.1151504516601562,0.12453216314315796,0.7474997043609619,0.013090742751955986,0.007825166918337345,0.00899437628686428,0.33920833468437195,0.005742236971855164,0.0042867595329880714,0.004602125845849514,0.2110661417245865
0016,000024,24,0.1796964704990387,1.1162450313568115,0.12651480734348297,0.7693123817443848,0.013056152500212193,0.007854266092181206,0.008989367634057999,0.339230477809906,0.00559571199119091,0.004258048254996538,0.004536759573966265,0.21122753620147705
0016,000025,25,0.17870166897773743,1.1157413721084595,0.12207730114459991,0.7295921444892883,0.013174545019865036,0.007898110896348953,0.009068721905350685,0.3392522931098938,0.006263447925448418,0.0043991017155349255,0.004965508356690407,0.2109653800725937
0016,000026,26,0.17826241254806519,1.1157348155975342,0.12029329687356949,0.7143176794052124,0.013117250055074692,0.007926284335553646,0.009038923308253288,0.3392811715602875,0.005894507747143507,0.004406355787068605,0.004682013299316168,0.21092449128627777
0016,000027,27,0.1774304360151291,1.1172871589660645,0.12191931903362274,0.7259548306465149,0.013222846202552319,0.007975893095135689,0.00910729356110096,0.3393215835094452,0.005597997922450304,0.00434633856639266,0.004448927007615566,0.21104519069194794
0016,000028,28,0.1774335503578186,1.1200629472732544,0.12351731210947037,0.7438338398933411,0.013246715068817139,0.008015291765332222,0.0091522466391325,0.3393636643886566,0.005542290396988392,0.004259125795215368,0.004422904923558235,0.21119749546051025
0016,000029,29,0.1771026998758316,1.1236871480941772,0.12194855511188507,0.7236265540122986,0.013259191066026688,0.008046228438615799,0.009189636446535587,0.33935052156448364,0.005894147325307131,0.004331457894295454,0.00470905052497983,0.2110709846019745
0016,000030,30,0.17682674527168274,1.1232883930206299,0.1241217628121376,0.7447615265846252,0.013274661265313625,0.008071626536548138,0.009194949641823769,0.3393701910972595,0.005765843670815229,0.004352093208581209,0.004636085592210293,0.21106064319610596
0016,000031,31,0.1755412369966507,1.1201649904251099,0.1254456341266632,0.7557523250579834,0.013376867398619652,0.008091944269835949,0.00926201045513153,0.3393907845020294,0.005682254210114479,0.004296634811908007,0.004589511547237635,0.21120499074459076
0016,000032,32,0.17584839463233948,1.120078206062317,0.12826868891716003,0.778229296207428,0.013378673233091831,0.008120657876133919,0.00927034392952919,0.3394007980823517,0.005680127069354057,0.004268520046025515,0.004530277103185654,0.21131937205791473
0016,000033,33,0.1753682941198349,1.1197261810302734,0.126125767827034,0.7686188817024231,0.013419893570244312,0.008154024370014668,0.00929875299334526,0.33943143486976624,0.005676358472555876,0.004251980688422918,0.0045747309923172,0.21138446033000946
0016,000034,34,0.17474113404750824,1.1228580474853516,0.12577669322490692,0.7713155746459961,0.013507219962775707,0.008194990456104279,0.009371362626552582,0.3394519090652466,0.005724935792386532,0.00425750482827425,0.004634900949895382,0.21150080859661102
0016,000035,35,0.1747158318758011,1.1239482164382935,0.12700852751731873,0.7768189311027527,0.013461556285619736,0.008209365420043468,0.009346642531454563,0.33945393562316895,0.005839931312948465,0.004302435554563999,0.0047603449784219265,0.21149741113185883
0016,000036,36,0.17396339774131775,1.1204819679260254,0.12658220529556274,0.7786799073219299,0.013458523899316788,0.008213197812438011,0.009355545043945312,0.3394808769226074,0.005821497179567814,0.00433049350976944,0.00472972122952342,0.21155543625354767
0016,000037,37,0.17342929542064667,1.1187142133712769,0.1282009482383728,0.7972754240036011,0.013507237657904625,0.00822856929153204,0.00934846792370081,0.33950257301330566,0.0059366910718381405,0.004355849698185921,0.004839119967073202,0.21166077256202698
0016,000038,38,0.17448300123214722,1.1256577968597412,0.1265903115272522,0.77459716796875,0.013497913256287575,0.008235515095293522,0.009362396784126759,0.3394908308982849,0.006268647499382496,0.004450749605894089,0.0050566610880196095,0.21150954067707062
0016,000039,39,0.17383471131324768,1.1208282709121704,0.12570007145404816,0.7720314264297485,0.013552450574934483,0.008261273615062237,0.009423179551959038,0.3395066261291504,0.006334230769425631,0.004536136519163847,0.005109416786581278,0.21142539381980896
0016,000040,40,0.1739606112241745,1.1229169368743896,0.12059643864631653,0.7233518362045288,0.013576362282037735,0.008287179283797741,0.009412514045834541,0.33950889110565186,0.00684718694537878,0.004724767990410328,0.005378296598792076,0.21102631092071533
0016,000041,41,0.1744866818189621,1.1279315948486328,0.1243194192647934,0.7511276602745056,0.013585790060460567,0.008299031294882298,0.009456796571612358,0.3395179510116577,0.005959433503448963,0.004633436445146799,0.004793238826096058,0.21114543080329895
0016,000042,42,0.1742907017469406,1.126723051071167,0.1249576285481453,0.7626375555992126,0.013569047674536705,0.008311055600643158,0.009433847852051258,0.3395302891731262,0.006388962734490633,0.004693653434514999,0.005133528262376785,0.21102118492126465
0016,000043,43,0.17306122183799744,1.1204614639282227,0.1227649450302124,0.7470146417617798,0.013490809127688408,0.008329872973263264,0.00938147772103548,0.3395513892173767,0.006211835891008377,0.0047090305015444756,0.005021623335778713,0.2109784185886383
0016,000044,44,0.17443053424358368,1.129123330116272,0.12221643328666687,0.7444261908531189,0.013526511378586292,0.0083559425547719,0.009435689076781273,0.33956918120384216,0.006426006089895964,0.0048015424981713295,0.005192074459046125,0.21083012223243713
0016,000045,45,0.17255450785160065,1.1208032369613647,0.12194369733333588,0.743301510810852,0.01351899467408657,0.0083816759288311,0.009418129920959473,0.3395986557006836,0.006354679819196463,0.004832169506698847,0.005139179993420839,0.21078281104564667
0016,000046,46,0.17276228964328766,1.1237473487854004,0.12339427322149277,0.7504923939704895,0.013511777855455875,0.008400937542319298,0.009423808194696903,0.33960431814193726,0.006534532643854618,0.004908522590994835,0.005286462604999542,0.21063244342803955
0016,000047,47,0.17275317013263702,1.1252249479293823,0.12246781587600708,0.7546961903572083,0.013525443151593208,0.008402334526181221,0.009369161911308765,0.3396050035953522,0.006558520253747702,0.00496120797470212,0.005338024348020554,0.2105286866426468
0016,000048,48,0.17233335971832275,1.1234439611434937,0.12402112782001495,0.7593422532081604,0.01348914485424757,0.008408041670918465,0.009404466487467289,0.33960476517677307,0.0061527881771326065,0.004911147058010101,0.005038449075073004,0.21055428683757782
0016,000049,49,0.1717841923236847,1.120208740234375,0.1259125918149948,0.7854580879211426,0.013490122742950916,0.008426561951637268,0.009427639655768871,0.33960413932800293,0.005957138724625111,0.004815565887838602,0.0049282643012702465,0.21076810359954834
0016,000050,50,0.17238380014896393,1.12229323387146,0.12414996325969696,0.7678350806236267,0.01351974904537201,0.008428533561527729,0.009431866928935051,0.33960452675819397,0.006027068477123976,0.004768860060721636,0.004933939781039953,0.2108362913131714
0016,000051,51,0.17249730229377747,1.1209903955459595,0.12678934633731842,0.7925277948379517,0.013527670875191689,0.008429883047938347,0.009437384083867073,0.33958977460861206,0.006156604737043381,0.004773599561303854,0.005123373121023178,0.21088869869709015
0016,000052,52,0.1723235696554184,1.121401071548462,0.12811675667762756,0.811262845993042,0.01357659325003624,0.008439304307103157,0.00947822630405426,0.3396039307117462,0.0062020039185881615,0.004762002732604742,0.0051917885430157185,0.2110157161951065
0016,000053,53,0.17273205518722534,1.1242024898529053,0.12702788412570953,0.8057839870452881,0.013500979170203209,0.00843113660812378,0.00942821241915226,0.339601069688797,0.005943442229181528,0.004709762986749411,0.00496279913932085,0.21119500696659088
0016,000054,54,0.17327024042606354,1.126942753791809,0.1270255446434021,0.8030037879943848,0.013546919450163841,0.008446507155895233,0.009447026997804642,0.33962687849998474,0.005958861205726862,0.004691778216511011,0.004968475550413132,0.21128617227077484
0016,000055,55,0.17187942564487457,1.1183921098709106,0.12539975345134735,0.7834410667419434,0.013500906527042389,0.00843793898820877,0.009392928332090378,0.339621365070343,0.006312645971775055,0.004759425763040781,0.005205478053539991,0.21124804019927979
0016,000056,56,0.17262861132621765,1.1257280111312866,0.1255919486284256,0.7856641411781311,0.013548864051699638,0.008446170948445797,0.009465409442782402,0.3396231532096863,0.006116698030382395,0.004747880157083273,0.005070000421255827,0.2113320678472519
0016,000057,57,0.17204579710960388,1.1200369596481323,0.12560537457466125,0.7871595621109009,0.013586894609034061,0.008452911861240864,0.009429935365915298,0.33962199091911316,0.006241885479539633,0.0047854287549853325,0.0051720780320465565,0.2113265097141266
0016,000058,58,0.17259150743484497,1.123354196548462,0.12648381292819977,0.7954637408256531,0.013595391064882278,0.008447161875665188,0.009445157833397388,0.3396405577659607,0.006376261822879314,0.00481789605692029,0.005300453398376703,0.2113531529903412
0016,000059,59,0.172607883810997,1.1248890161514282,0.12488143146038055,0.7761020660400391,0.013625292107462883,0.008443689905107021,0.009481338784098625,0.33962294459342957,0.006554097402840853,0.004891740623861551,0.005375784821808338,0.21123069524765015
0016,000060,60,0.17332518100738525,1.1258091926574707,0.12744460999965668,0.8028608560562134,0.013639691285789013,0.008451937697827816,0.009473888203501701,0.339642196893692,0.006159853655844927,0.004756849259138107,0.005108784884214401,0.21155092120170593
0016,000061,61,0.17379620671272278,1.130225419998169,0.12415041029453278,0.766024649143219,0.01370225753635168,0.008448437787592411,0.009541883133351803,0.3396194577217102,0.006388599053025246,0.004812253173440695,0.005231166258454323,0.21141985058784485
0016,000062,62,0.17306844890117645,1.1247586011886597,0.12467500567436218,0.7718445062637329,0.013675644062459469,0.008452232927083969,0.00948817003518343,0.33962804079055786,0.006177840288728476,0.004774167202413082,0.005072649568319321,0.21151812374591827
0016,000063,63,0.17328746616840363,1.1260124444961548,0.12692081928253174,0.7884023189544678,0.013677069917321205,0.008452169597148895,0.00953046977519989,0.33962705731391907,0.006334715522825718,0.004802880343049765,0.00526815140619874,0.2115332931280136
0016,000064,64,0.17269422113895416,1.1219682693481445,0.12488855421543121,0.7578290700912476,0.013703925535082817,0.00845462828874588,0.00949335377663374,0.3396506905555725,0.0066434764303267,0.0048913052305579185,0.005355065688490868,0.21133393049240112
0016,000065,65,0.17294716835021973,1.1236997842788696,0.12198086082935333,0.7358407378196716,0.013731959275901318,0.008460437878966331,0.009510965086519718,0.339651882648468,0.006957387086004019,0.005033671855926514,0.005574069917201996,0.2110079824924469
0016,000066,66,0.17324525117874146,1.126306414604187,0.1250426024198532,0.7642003893852234,0.013739955611526966,0.00845082476735115,0.009552001021802425,0.33963730931282043,0.006797476671636105,0.005106029566377401,0.005539403762668371,0.21086430549621582
0016,000067,67,0.17359264194965363,1.1297630071640015,0.12655477225780487,0.7770822644233704,0.01377890631556511,0.008460654877126217,0.009564384818077087,0.3396383225917816,0.006176144815981388,0.005004561971873045,0.00507788872346282,0.21100084483623505
0016,000068,68,0.17302818596363068,1.1275055408477783,0.1256125271320343,0.7726377844810486,0.013727323152124882,0.008448966778814793,0.009550733491778374,0.33964458107948303,0.006234808824956417,0.004935533739626408,0.005130290985107422,0.21106964349746704
0016,000069,69,0.17287211120128632,1.127780556678772,0.12511572241783142,0.7666067481040955,0.013743050396442413,0.008457394316792488,0.009550816379487514,0.33964595198631287,0.006408651825040579,0.004962524864822626,0.005268953740596771,0.21101151406764984
0016,000070,70,0.17226280272006989,1.1212939023971558,0.12559758126735687,0.7725156545639038,0.013742601498961449,0.008470474742352962,0.009498940780758858,0.3396711051464081,0.006625661626458168,0.005019289907068014,0.005468831863254309,0.2109220176935196
0016,000071,71,0.17242230474948883,1.121550440788269,0.1268399953842163,0.7941460013389587,0.013672181405127048,0.008484057150781155,0.009497232735157013,0.3396539092063904,0.0058763884007930756,0.004874010570347309,0.004895890597254038,0.211195170879364
0016,000072,72,0.17275585234165192,1.1203384399414062,0.12711521983146667,0.7932292222976685,0.013634317554533482,0.008486800827085972,0.00946157518774271,0.33967456221580505,0.005938365589827299,0.004744377452880144,0.004945764783769846,0.21139569580554962
0016,000073,73,0.17250899970531464,1.1174769401550293,0.12957699596881866,0.8233774304389954,0.013668457046151161,0.008499767631292343,0.009486929513514042,0.3396587669849396,0.005869257729500532,0.004629923030734062,0.004935174714773893,0.21171507239341736
0016,000074,74,0.17246636748313904,1.117713451385498,0.12872937321662903,0.8186424970626831,0.013675199821591377,0.008515425957739353,0.009473852813243866,0.33965998888015747,0.0062640816904604435,0.004688967019319534,0.005288091022521257,0.21172605454921722
0016,000075,75,0.17278262972831726,1.1193525791168213,0.12690791487693787,0.795449435710907,0.013660947792232037,0.008524499833583832,0.009490162134170532,0.3396659791469574,0.0062231943011283875,0.0047517442144453526,0.005194529891014099,0.21169668436050415
0016,000076,76,0.1721075475215912,1.1177130937576294,0.1271994411945343,0.7920299172401428,0.013676394708454609,0.008539903908967972,0.009472053498029709,0.33969852328300476,0.006100365426391363,0.004760802257806063,0.005083741154521704,0.21174637973308563
0016,000077,77,0.17200998961925507,1.1174770593643188,0.12810443341732025,0.7965525984764099,0.013661792501807213,0.00852516945451498,0.009492380544543266,0.3396599590778351,0.006153650116175413,0.0047855195589363575,0.005094851367175579,0.21177974343299866
0016,000078,78,0.17246803641319275,1.1183116436004639,0.12794163823127747,0.8068023324012756,0.013592330738902092,0.008511473424732685,0.009428483434021473,0.3396700322628021,0.005759020335972309,0.004663469269871712,0.004826386924833059,0.21208204329013824
0016,000079,79,0.17293807864189148,1.120151162147522,0.12823688983917236,0.8057838082313538,0.013646804727613926,0.008516308851540089,0.009470994584262371,0.3396513760089874,0.006280509755015373,0.0047233798541128635,0.005193160846829414,0.21208007633686066
0016,000080,80,0.17297261953353882,1.1195565462112427,0.1307746320962906,0.8351930379867554,0.01362345926463604,0.008517015725374222,0.009464170783758163,0.3396841585636139,0.005947548430413008,0.004649651702493429,0.005032271612435579,0.21236881613731384
0016,000081,81,0.17288833856582642,1.117363691329956,0.12962554395198822,0.8278781771659851,0.013647476211190224,0.008514036424458027,0.009442982263863087,0.3396868407726288,0.005960254929959774,0.004622054751962423,0.005032077431678772,0.21257592737674713
0016,000082,82,0.17374774813652039,1.1227127313613892,0.12913602590560913,0.8262519240379333,0.013708378188312054,0.008526526391506195,0.009500384330749512,0.3396795094013214,0.005880267824977636,0.00459311343729496,0.004978882614523172,0.21277233958244324
0016,000083,83,0.17339621484279633,1.1210600137710571,0.1278916746377945,0.8102280497550964,0.013678645715117455,0.008522090502083302,0.009463360533118248,0.3396698832511902,0.006228203419595957,0.00464526517316699,0.005236513447016478,0.21278886497020721
0016,000084,84,0.17346875369548798,1.121595025062561,0.12642422318458557,0.7977193593978882,0.01375321950763464,0.008530601859092712,0.009538723155856133,0.33967483043670654,0.006495045498013496,0.004749348387122154,0.005414461251348257,0.21270211040973663
0016,000085,85,0.172310471534729,1.1158503293991089,0.12569496035575867,0.7745838165283203,0.013706162571907043,0.00853094831109047,0.009489133022725582,0.3396928310394287,0.006887208670377731,0.004899545107036829,0.005683712661266327,0.21244436502456665
0016,000086,86,0.17390738427639008,1.1221349239349365,0.12761767208576202,0.7863112688064575,0.01370952371507883,0.008542275056242943,0.009494747966527939,0.3397067189216614,0.006159900687634945,0.004897356498986483,0.005129639059305191,0.21247215569019318
0016,000087,87,0.1734987050294876,1.1216154098510742,0.12976622581481934,0.8087483048439026,0.013757339678704739,0.008530895225703716,0.009493276476860046,0.33968257904052734,0.005835578311234713,0.004784544929862022,0.004901931155472994,0.2127268761396408
0016,000088,88,0.1729804426431656,1.1176090240478516,0.12773387134075165,0.7925879955291748,0.013707556761801243,0.008509593084454536,0.009447580203413963,0.3396807014942169,0.006225358694791794,0.004800235386937857,0.005146729294210672,0.21273259818553925
0016,000089,89,0.17277401685714722,1.1163113117218018,0.12642967700958252,0.7781575918197632,0.013733613304793835,0.008523971773684025,0.00946236215531826,0.33967992663383484,0.006190220359712839,0.004805872216820717,0.005120099056512117,0.2127254158258438
0016,000090,90,0.17441032826900482,1.1236915588378906,0.13033509254455566,0.8100969195365906,0.013796253129839897,0.008530428633093834,0.00951292458921671,0.33967724442481995,0.005987624172121286,0.004710229579359293,0.004945457447320223,0.21294145286083221
0016,000091,91,0.17350007593631744,1.1170697212219238,0.12992607057094574,0.8069363832473755,0.013794781640172005,0.008542361669242382,0.009455827064812183,0.3396994471549988,0.0061522191390395164,0.004718025680631399,0.005135039798915386,0.21295064687728882
0016,000092,92,0.1746882200241089,1.1228383779525757,0.12743033468723297,0.784205973148346,0.01384336594492197,0.008555893786251545,0.009507521986961365,0.3396908938884735,0.0062895650044083595,0.00475548068061471,0.005170584190636873,0.21291938424110413
0016,000093,93,0.1743151694536209,1.1204345226287842,0.12965981662273407,0.8060328960418701,0.013846253044903278,0.008559617213904858,0.009503026492893696,0.3397103250026703,0.006249053869396448,0.004777888767421246,0.005174544639885426,0.2129444032907486
0016,000094,94,0.17408114671707153,1.118710994720459,0.12779565155506134,0.784055769443512,0.01380394771695137,0.008558692410588264,0.009447991847991943,0.3397158086299896,0.006678279489278793,0.004908164031803608,0.005502721294760704,0.2127661556005478
0016,000095,95,0.17435994744300842,1.1226383447647095,0.12710686028003693,0.7826933264732361,0.013856224715709686,0.008567539043724537,0.009515207260847092,0.33969342708587646,0.006326466333121061,0.004902001935988665,0.005230997689068317,0.21279700100421906
0016,000096,96,0.17442503571510315,1.1219233274459839,0.1274847388267517,0.786324679851532,0.01391083374619484,0.008577128872275352,0.009525179862976074,0.33974453806877136,0.006230292841792107,0.004864222835749388,0.0051323426887393,0.21285755932331085
0016,000097,97,0.17448024451732635,1.121090054512024,0.12734079360961914,0.7826015949249268,0.01381645817309618,0.008557216264307499,0.009430628269910812,0.3397434651851654,0.006160034332424402,0.0048208776861429214,0.005086272023618221,0.21289630234241486
0016,000098,98,0.17452920973300934,1.1224594116210938,0.12829911708831787,0.7955260276794434,0.01385947223752737,0.008554656058549881,0.00944722630083561,0.3397298753261566,0.006148159969598055,0.004795759450644255,0.005105088464915752,0.21295475959777832
0016,000099,99,0.17499001324176788,1.1235847473144531,0.12935325503349304,0.8041653037071228,0.013914165087044239,0.00855876412242651,0.00951912347227335,0.33974725008010864,0.0059229107573628426,0.004698694217950106,0.004916013218462467,0.21314164996147156
0016,000100,100,0.17497500777244568,1.1239092350006104,0.1294347196817398,0.815627932548523,0.013969052582979202,0.00857176911085844,0.009514854289591312,0.3397252857685089,0.005992190446704626,0.004642208106815815,0.005013657733798027,0.21333065629005432
0016,000101,101,0.17431530356407166,1.1186292171478271,0.12697453796863556,0.7862038016319275,0.013945152051746845,0.008559523150324821,0.009486219845712185,0.3397332727909088,0.006577765103429556,0.0047488040290772915,0.005394042935222387,0.21317562460899353
0016,000102,102,0.17481346428394318,1.1205487251281738,0.1265009641647339,0.7851231098175049,0.013986397534608841,0.008559328503906727,0.009517294354736805,0.3397170603275299,0.006561450660228729,0.004839163739234209,0.0054173581302165985,0.21312354505062103
0016,000103,103,0.17398294806480408,1.116682529449463,0.1288646012544632,0.8094252347946167,0.013941638171672821,0.008552256040275097,0.009480276145040989,0.33971238136291504,0.006367724854499102,0.004831627476960421,0.005289385560899973,0.21322867274284363
0016,000104,104,0.17483800649642944,1.1236143112182617,0.12830504775047302,0.8017496466636658,0.014025837182998657,0.008563053794205189,0.009510855190455914,0.3397344648838043,0.006699318066239357,0.0049097491428256035,0.00551037909463048,0.21317410469055176
0016,000105,105,0.1744382232427597,1.120526909828186,0.12738031148910522,0.7931752800941467,0.014025718905031681,0.008554928936064243,0.009518330916762352,0.33972328901290894,0.0064964331686496735,0.004914224613457918,0.005395646672695875,0.213190495967865
0016,000106,106,0.17435678839683533,1.1179850101470947,0.13102653622627258,0.829420268535614,0.01399128045886755,0.008547530509531498,0.0094868503510952,0.339740127325058,0.006173376925289631,0.004801675211638212,0.005208346992731094,0.21343539655208588
0016,000107,107,0.17518167197704315,1.1199322938919067,0.12841539084911346,0.8071975111961365,0.014017610810697079,0.008553681895136833,0.009479250758886337,0.33977049589157104,0.006507217884063721,0.00484311580657959,0.005428003612905741,0.21341796219348907
0016,000108,108,0.17466051876544952,1.1212486028671265,0.13004980981349945,0.8265342712402344,0.014093621633946896,0.008554209023714066,0.009528303518891335,0.33973345160484314,0.006168553605675697,0.004780932329595089,0.005202405154705048,0.21363717317581177
0016,000109,109,0.17501580715179443,1.1213438510894775,0.12612129747867584,0.7874454855918884,0.0140611557289958,0.008560623973608017,0.009525135159492493,0.339714378118515,0.0069534434005618095,0.004938780330121517,0.005770428106188774,0.21342076361179352
0016,000110,110,0.17617498338222504,1.1275776624679565,0.13082116842269897,0.8372865319252014,0.014016475528478622,0.008547268807888031,0.009533464908599854,0.3397158086299896,0.006314327009022236,0.004888987168669701,0.005355857312679291,0.21365779638290405
0016,000111,111,0.17570845782756805,1.1244806051254272,0.12859080731868744,0.8154600262641907,0.014079985208809376,0.008546046912670135,0.009547562338411808,0.33970779180526733,0.006316609214991331,0.0048249526880681515,0.005293611437082291,0.21379953622817993
0016,000112,112,0.1764671802520752,1.1279551982879639,0.12644675374031067,0.8039951324462891,0.01411905325949192,0.008542521856725216,0.009536975994706154,0.33972668647766113,0.006643942091614008,0.004864392802119255,0.0055679152719676495,0.21381904184818268
0016,000113,113,0.17574425041675568,1.1213411092758179,0.12822139263153076,0.8137174844741821,0.014133373275399208,0.008525109849870205,0.009562692604959011,0.33971869945526123,0.006511343643069267,0.004880239721387625,0.005485306028276682,0.21390266716480255
0016,000114,114,0.17526954412460327,1.1229840517044067,0.1264246553182602,0.8014082312583923,0.014203080907464027,0.008545996621251106,0.009556488133966923,0.33974823355674744,0.006536928936839104,0.004910481162369251,0.00551230926066637,0.21393240988254547
0016,000115,115,0.1763700693845749,1.1260952949523926,0.12315869331359863,0.7676405906677246,0.01414234284311533,0.008534258231520653,0.00953922513872385,0.33973684906959534,0.00722363218665123,0.005084709729999304,0.005982814356684685,0.21364843845367432
0016,000116,116,0.17559219896793365,1.1237527132034302,0.12260675430297852,0.7659226655960083,0.014202740974724293,0.008535203523933887,0.00957085657864809,0.33971232175827026,0.006535437423735857,0.005060824565589428,0.005414062645286322,0.21371357142925262
0016,000117,117,0.17534197866916656,1.1242228746414185,0.12057434022426605,0.7331181168556213,0.014213329181075096,0.008526788093149662,0.009565156884491444,0.33973729610443115,0.007540465798228979,0.005258616525679827,0.006061782594770193,0.21324115991592407
0016,000118,118,0.17567424476146698,1.1246140003204346,0.1256190985441208,0.7796707153320312,0.014220410026609898,0.008514882065355778,0.009566403925418854,0.339728981256485,0.00649837264791131,0.005112078972160816,0.005341025069355965,0.2134954035282135
0016,000119,119,0.17562033236026764,1.1235337257385254,0.125055730342865,0.7806465029716492,0.014241660013794899,0.008518421091139317,0.009579971432685852,0.33970963954925537,0.006877142935991287,0.005142121575772762,0.005656349938362837,0.21344436705112457
0016,000120,120,0.1764070838689804,1.1247680187225342,0.1249285563826561,0.7844860553741455,0.014237427152693272,0.00849338248372078,0.009586098603904247,0.33971643447875977,0.007151117082685232,0.005213823635131121,0.005937469191849232,0.21330951154232025
0016,000121,121,0.1768544465303421,1.1263291835784912,0.1273246705532074,0.8054899573326111,0.014294938184320927,0.008492495864629745,0.009620487689971924,0.33973437547683716,0.006923787295818329,0.005187458358705044,0.005766750779002905,0.21335554122924805
0016,000122,122,0.17616316676139832,1.1242163181304932,0.12402484565973282,0.7843340635299683,0.01438469160348177,0.008497382514178753,0.009605880826711655,0.3397252857685089,0.0065322802402079105,0.005067714024335146,0.005419851280748844,0.21351921558380127
0016,000123,123,0.17614924907684326,1.1254419088363647,0.1265960931777954,0.8134617209434509,0.014360644854605198,0.008478309959173203,0.009627269580960274,0.3397054374217987,0.006639119703322649,0.004970531444996595,0.005517762620002031,0.21374543011188507
0016,000124,124,0.17689843475818634,1.1272832155227661,0.12403444945812225,0.7779171466827393,0.014473536051809788,0.008479313924908638,0.009642370976507664,0.33973613381385803,0.007429176475852728,0.005130712408572435,0.0060198926366865635,0.2134242057800293
0016,000125,125,0.17634689807891846,1.124650478363037,0.12508900463581085,0.7916008830070496,0.014541574753820896,0.008481518365442753,0.009669726714491844,0.33971360325813293,0.006790726445615292,0.0050890520215034485,0.005605336744338274,0.21350160241127014
0016,000126,126,0.17726154625415802,1.128469705581665,0.1214069053530693,0.760395348072052,0.014522134326398373,0.008480589836835861,0.009688835591077805,0.339691162109375,0.006780591793358326,0.005056793801486492,0.005546002183109522,0.21349376440048218
0016,000127,127,0.17774143815040588,1.1336591243743896,0.12265434861183167,0.7679587602615356,0.01451133657246828,0.008474140428006649,0.00971980206668377,0.33969610929489136,0.0073033468797802925,0.005152985919266939,0.006001869682222605,0.21329408884048462
0016,000128,128,0.17804701626300812,1.136773943901062,0.1267508864402771,0.8112577795982361,0.014509109780192375,0.008498714305460453,0.009735137224197388,0.3397042751312256,0.006463191471993923,0.004945527762174606,0.005407888907939196,0.21369865536689758
0016,000129,129,0.17854996025562286,1.1372475624084473,0.12425513565540314,0.7834892272949219,0.014423161745071411,0.00849096942692995,0.009703250601887703,0.33966881036758423,0.007678884081542492,0.005167077761143446,0.006414440460503101,0.21334108710289001
0016,000130,130,0.17796017229557037,1.1333627700805664,0.12318214774131775,0.7737248539924622,0.014396880753338337,0.008504081517457962,0.009703002870082855,0.33967161178588867,0.006990173831582069,0.0052093262784183025,0.005838113836944103,0.2133064866065979
0016,000131,131,0.17842714488506317,1.1341193914413452,0.1231979951262474,0.7675933241844177,0.014408435672521591,0.008500901982188225,0.009721268899738789,0.33969220519065857,0.007101906463503838,0.005243970081210136,0.005879766773432493,0.21316678822040558
0016,000132,132,0.17751526832580566,1.1325223445892334,0.12017207592725754,0.7368100881576538,0.014387625269591808,0.008524750359356403,0.009703939780592918,0.33969631791114807,0.007101015653461218,0.005299813114106655,0.005792802665382624,0.21295197308063507
0016,000133,133,0.1773097962141037,1.1333529949188232,0.12048330157995224,0.7385238409042358,0.014337891712784767,0.008548271842300892,0.009676339104771614,0.3397180438041687,0.006774359382688999,0.005274538416415453,0.005556741263717413,0.21291610598564148
0016,000134,134,0.17764896154403687,1.135071039199829,0.12607580423355103,0.7946338057518005,0.014258039183914661,0.008562292903661728,0.009670214727520943,0.33970895409584045,0.006186042446643114,0.005014872644096613,0.005150591488927603,0.213361456990242
0016,000135,135,0.17575763165950775,1.126597285270691,0.12495813518762589,0.7904672622680664,0.014269743114709854,0.008576566353440285,0.009725655429065228,0.3397320508956909,0.006778566632419825,0.005053331609815359,0.00567846791818738,0.21332745254039764
0016,000136,136,0.17563067376613617,1.1288927793502808,0.1250539869070053,0.7920404076576233,0.01416366919875145,0.00858481414616108,0.009646029211580753,0.33974891901016235,0.006497109774500132,0.005005571059882641,0.005464653950184584,0.21342463791370392
0016,000137,137,0.17588309943675995,1.1302337646484375,0.1252431422472,0.7888089418411255,0.014234363101422787,0.008584664203226566,0.00966112595051527,0.33976390957832336,0.0068820770829916,0.00503707118332386,0.0057024662382900715,0.21339482069015503
0016,000138,138,0.1758105456829071,1.1282505989074707,0.12408984452486038,0.7865517735481262,0.014295203611254692,0.008572248741984367,0.009665911085903645,0.33976608514785767,0.006581057794392109,0.005007378291338682,0.005488722585141659,0.21351554989814758
0016,000139,139,0.1751323640346527,1.1249110698699951,0.1230088472366333,0.7710843086242676,0.014292600564658642,0.00858587771654129,0.009711557999253273,0.3397608995437622,0.006830234080553055,0.005045171827077866,0.005670236889272928,0.21339815855026245
0016,000140,140,0.17544686794281006,1.1268866062164307,0.12402499467134476,0.7766838669776917,0.014179657213389874,0.008581523783504963,0.009687334299087524,0.3397715985774994,0.007007863838225603,0.005136668216437101,0.005816105753183365,0.21326616406440735
0016,000141,141,0.1755307912826538,1.1291695833206177,0.12387462705373764,0.7769273519515991,0.014131092466413975,0.00859159231185913,0.00967428833246231,0.3397855758666992,0.006530259735882282,0.005089550744742155,0.00543770520016551,0.21336635947227478
0016,000142,142,0.17405958473682404,1.120029091835022,0.12472886592149734,0.7817420959472656,0.014141106978058815,0.008609953336417675,0.009620893746614456,0.3398135304450989,0.006926722824573517,0.005153547041118145,0.0057425363920629025,0.21326002478599548
0016,000143,143,0.17538854479789734,1.127013087272644,0.1227484792470932,0.7706772089004517,0.014140443876385689,0.008613820187747478,0.009643200784921646,0.3398005962371826,0.0067423381842672825,0.005166533403098583,0.005602929275482893,0.21323414146900177
0016,000144,144,0.17541897296905518,1.128467082977295,0.12360288947820663,0.7721650004386902,0.014125575311481953,0.008637189865112305,0.009613103233277798,0.33982211351394653,0.006996093783527613,0.005198074970394373,0.005761872045695782,0.21313978731632233
0016,000145,145,0.17549820244312286,1.1273671388626099,0.12448880076408386,0.7761902213096619,0.014080326072871685,0.008626294322311878,0.009569820947945118,0.3398038446903229,0.0068763792514801025,0.005218647886067629,0.005666334647685289,0.21307100355625153
0016,000146,146,0.17510224878787994,1.1267489194869995,0.12469309568405151,0.7818544507026672,0.014054274186491966,0.008613486774265766,0.009574100375175476,0.3398142158985138,0.006625181995332241,0.005206757225096226,0.0055095297284424305,0.21306371688842773
0016,000147,147,0.17479395866394043,1.1237596273422241,0.12687987089157104,0.7991217374801636,0.014108506962656975,0.008615851402282715,0.009579752571880817,0.3398110866546631,0.0066632176749408245,0.005167824681848288,0.00554884085431695,0.21314819157123566
0016,000148,148,0.1756742149591446,1.1269686222076416,0.12444809079170227,0.781290590763092,0.014103641733527184,0.008603912778198719,0.009584929794073105,0.33980366587638855,0.006946346256881952,0.005237043369561434,0.0057870144955813885,0.21303202211856842
0016,000149,149,0.17545603215694427,1.1234679222106934,0.12569314241409302,0.799644947052002,0.014117233455181122,0.008602716960012913,0.009568708948791027,0.33980828523635864,0.006853177212178707,0.005249120760709047,0.005743467248976231,0.2130887657403946
0016,000150,150,0.17610113322734833,1.124955415725708,0.1252284198999405,0.7975589036941528,0.01412228588014841,0.008599515073001385,0.00959775224328041,0.3397901952266693,0.0064481645822525024,0.00515868840739131,0.005408929660916328,0.21322275698184967
0016,000151,151,0.1754835546016693,1.1203700304031372,0.1255130022764206,0.7991867661476135,0.014142647385597229,0.008595842868089676,0.009617609903216362,0.3397996723651886,0.006719253957271576,0.00518066855147481,0.005629687570035458,0.21322035789489746
0016,000152,152,0.17593194544315338,1.124057650566101,0.12377968430519104,0.7830061912536621,0.014216803014278412,0.00859491340816021,0.009641999378800392,0.33977341651916504,0.00670864200219512,0.005173106212168932,0.005592977162450552,0.21321247518062592
0016,000153,153,0.17532220482826233,1.122664451599121,0.1241162046790123,0.784523069858551,0.014285589568316936,0.008595413528382778,0.00971717108041048,0.33974382281303406,0.006458123680204153,0.0050712767988443375,0.005389072932302952,0.2133454829454422
0016,000154,154,0.17610102891921997,1.124212384223938,0.123340904712677,0.772018313407898,0.014208830893039703,0.008590864017605782,0.009673506021499634,0.33975592255592346,0.006985756102949381,0.005167931783944368,0.005777981597930193,0.21315933763980865
0016,000155,155,0.1757732331752777,1.1256126165390015,0.12311803549528122,0.7702181339263916,0.014259349554777145,0.008585465140640736,0.009705408476293087,0.3397458791732788,0.0069434503093361855,0.00521762715652585,0.0057573518715798855,0.21309894323349
0016,000156,156,0.17666000127792358,1.1264125108718872,0.12207158654928207,0.762188732624054,0.014255011454224586,0.008590360172092915,0.0097036836668849,0.3397832214832306,0.006684145424515009,0.005186465103179216,0.005481218919157982,0.21310323476791382
0016,000157,157,0.17527055740356445,1.1237432956695557,0.1246614083647728,0.7888972163200378,0.014368250034749508,0.008601196110248566,0.009725152514874935,0.3397965133190155,0.006885753944516182,0.005167374387383461,0.005698387511074543,0.21317221224308014
0016,000158,158,0.17498476803302765,1.1238340139389038,0.123599573969841,0.7758323550224304,0.014450183138251305,0.00861241202801466,0.00977689865976572,0.3397533893585205,0.00682331807911396,0.005190479103475809,0.005650232080370188,0.21309439837932587
0016,000159,159,0.17544175684452057,1.124629020690918,0.12237592786550522,0.7688784003257751,0.01435871608555317,0.008618654683232307,0.009746956638991833,0.33974188566207886,0.006953966338187456,0.005218019708991051,0.005753166042268276,0.21303419768810272
0016,000160,160,0.17590296268463135,1.1234232187271118,0.12200142443180084,0.7587085962295532,0.014380212873220444,0.008622191846370697,0.009757323190569878,0.3397448658943176,0.007110669743269682,0.0052744620479643345,0.00579087994992733,0.2128967046737671
0016,000161,161,0.17655210196971893,1.1277709007263184,0.11956489831209183,0.7408877015113831,0.014400899410247803,0.008616390638053417,0.009771766141057014,0.33976179361343384,0.007185098249465227,0.005331401247531176,0.00585011625662446,0.2127583771944046
0016,000162,162,0.1770477443933487,1.132012963294983,0.12263557314872742,0.7661505341529846,0.014497766271233559,0.008625475689768791,0.00983018521219492,0.3397601842880249,0.006883247289806604,0.0053033907897770405,0.005648832768201828,0.21279878914356232
0016,000163,163,0.17642168700695038,1.1279903650283813,0.1214645579457283,0.7686050534248352,0.014517325907945633,0.00863454956561327,0.009845486842095852,0.339753121137619,0.006668472662568092,0.005214139353483915,0.005515135359019041,0.21295085549354553
0016,000164,164,0.17600759863853455,1.126672625541687,0.12106303870677948,0.7707679867744446,0.014479810371994972,0.008619912900030613,0.009805554524064064,0.33973997831344604,0.007311563473194838,0.0052687544375658035,0.0060523333959281445,0.2129262238740921
0016,000165,165,0.17589476704597473,1.1286978721618652,0.1200924888253212,0.7628373503684998,0.014489315450191498,0.008611439727246761,0.009862185455858707,0.33973392844200134,0.006833808496594429,0.005243783816695213,0.005642433650791645,0.2129751741886139
0016,000166,166,0.17656446993350983,1.130723476409912,0.119415283203125,0.75235915184021,0.014507388696074486,0.008625760674476624,0.009898168034851551,0.33976221084594727,0.007671910338103771,0.005413045175373554,0.006251913495361805,0.21264544129371643
0016,000167,167,0.17597906291484833,1.129317045211792,0.11843451112508774,0.746137797832489,0.014364292845129967,0.008610086515545845,0.009826491586863995,0.3397490978240967,0.007080519571900368,0.005419467110186815,0.005798828788101673,0.21260349452495575
0016,000168,168,0.17572085559368134,1.1312086582183838,0.11781976372003555,0.7339762449264526,0.014438923448324203,0.008624010719358921,0.009843805804848671,0.33979153633117676,0.007466666400432587,0.005514060612767935,0.006055397912859917,0.21234102547168732
0016,000169,169,0.17507214844226837,1.1275513172149658,0.11586064845323563,0.7118381857872009,0.014489751309156418,0.008632314391434193,0.009832515381276608,0.3397877514362335,0.00824536383152008,0.005738489795476198,0.006606956943869591,0.21183189749717712
0016,000170,170,0.17501100897789001,1.1260883808135986,0.11816476285457611,0.7259801626205444,0.014499343000352383,0.008638476952910423,0.009848076850175858,0.339778870344162,0.007939114235341549,0.005881581921130419,0.006398690864443779,0.21147429943084717
0016,000171,171,0.17579123377799988,1.131454348564148,0.11786282062530518,0.7330876588821411,0.014523893594741821,0.008650003001093864,0.009932076558470726,0.339739054441452,0.00744898384436965,0.005846504122018814,0.006081318482756615,0.21137139201164246
0016,000172,172,0.1757616549730301,1.1342750787734985,0.12349154055118561,0.7887210845947266,0.014494133181869984,0.008673788979649544,0.009938634932041168,0.33975842595100403,0.007084866985678673,0.005708745680749416,0.00590200861915946,0.211511492729187
0016,000173,173,0.17631302773952484,1.13838529586792,0.12385530769824982,0.8025446534156799,0.014383083209395409,0.008667387068271637,0.00982196256518364,0.3397749662399292,0.007218042388558388,0.005587358959019184,0.005978072993457317,0.21172121167182922
0016,000174,174,0.17588025331497192,1.1352055072784424,0.12162315845489502,0.7834646701812744,0.014469709247350693,0.00865750852972269,0.009819719940423965,0.339786559343338,0.007502090185880661,0.005644718650728464,0.0061830077320337296,0.21157944202423096
0016,000175,175,0.1766987144947052,1.1358850002288818,0.12476953864097595,0.8242225646972656,0.014435487799346447,0.008639956824481487,0.009816920384764671,0.33974167704582214,0.0070639620535075665,0.005499870516359806,0.0059125991538167,0.21187518537044525
0016,000176,176,0.17494085431098938,1.1266800165176392,0.12229745090007782,0.7933747172355652,0.014418055303394794,0.008628363721072674,0.009789920412003994,0.33977171778678894,0.007342629134654999,0.005525985732674599,0.006079502869397402,0.21178005635738373
0016,000177,177,0.17465746402740479,1.1256388425827026,0.12463339418172836,0.8215556740760803,0.014432416297495365,0.008612296544015408,0.00978571455925703,0.33977946639060974,0.007400638423860073,0.005511309951543808,0.00618725223466754,0.21190057694911957
0016,000178,178,0.1753934770822525,1.1282603740692139,0.12250271439552307,0.8134245276451111,0.01440096739679575,0.008610157296061516,0.009785695001482964,0.3398151993751526,0.0073364414274692535,0.005504494532942772,0.006182570941746235,0.21202558279037476
0016,000179,179,0.17486974596977234,1.124534010887146,0.12241915613412857,0.8171018958091736,0.014470022171735764,0.008587225340306759,0.009750948287546635,0.33986034989356995,0.007492034696042538,0.00550853181630373,0.0062679871916770935,0.21214114129543304
0016,000180,180,0.17452163994312286,1.1257182359695435,0.12168686091899872,0.8023787140846252,0.01443362608551979,0.0085822818800807,0.009832545183598995,0.3398030996322632,0.007673345506191254,0.005576783791184425,0.00638327281922102,0.21207192540168762
0016,000181,181,0.17497354745864868,1.1299387216567993,0.12153144180774689,0.7950106859207153,0.014298416674137115,0.008597294799983501,0.009876281023025513,0.33976075053215027,0.0077056558802723885,0.0056650978513062,0.006440398283302784,0.21190239489078522
0016,000182,182,0.1732620745897293,1.1267485618591309,0.12281150370836258,0.8068309426307678,0.014168238267302513,0.008633358404040337,0.009891138412058353,0.33974748849868774,0.007909774780273438,0.005826673936098814,0.006724810693413019,0.21174420416355133
0016,000183,183,0.17424584925174713,1.1303224563598633,0.12221625447273254,0.8068113327026367,0.014068346470594406,0.00866967998445034,0.00983514916151762,0.3397352993488312,0.007214527577161789,0.0057700881734490395,0.0061780228279531,0.21188203990459442
0016,000184,184,0.1744784563779831,1.1321332454681396,0.11962515115737915,0.7880489826202393,0.014002112671732903,0.008713043294847012,0.009852632880210876,0.3397379219532013,0.007470188196748495,0.0058707441203296185,0.006381134036928415,0.21178165078163147
0016,000185,185,0.17395943403244019,1.1290287971496582,0.11987630277872086,0.7936151623725891,0.013860893435776234,0.008720344863831997,0.0097646564245224,0.3397141098976135,0.007366599980741739,0.005917965434491634,0.006308472249656916,0.2117830365896225
0016,000186,186,0.1745927482843399,1.1332975625991821,0.1192532554268837,0.7794691920280457,0.013768217526376247,0.008730513043701649,0.009758731350302696,0.33969491720199585,0.007074220571666956,0.005912348628044128,0.006009346339851618,0.211765319108963
0016,000187,187,0.17376263439655304,1.1304479837417603,0.1222541481256485,0.7964004874229431,0.013690845109522343,0.008756421506404877,0.009744090028107166,0.339704692363739,0.007263908628374338,0.005918898154050112,0.006190123036503792,0.21167266368865967
0016,000188,188,0.17399053275585175,1.1307158470153809,0.12213847041130066,0.8023330569267273,0.013690926134586334,0.008778172545135021,0.009764609858393669,0.33969730138778687,0.006974345538765192,0.005888732150197029,0.005989923607558012,0.21173129975795746
0016,000189,189,0.172925665974617,1.1256005764007568,0.12154446542263031,0.7966786623001099,0.013660415075719357,0.00879040639847517,0.009720697067677975,0.33971044421195984,0.007080794777721167,0.005909895524382591,0.006079064216464758,0.21165046095848083
0016,000190,190,0.17346495389938354,1.1295758485794067,0.12384848296642303,0.8147290349006653,0.01360603328794241,0.008779937401413918,0.009681865572929382,0.33970510959625244,0.006514130160212517,0.005769447423517704,0.005619060713797808,0.21185579895973206
0016,000191,191,0.17348968982696533,1.1302499771118164,0.12166787683963776,0.792866587638855,0.013693778775632381,0.008798940107226372,0.009785602800548077,0.3396736681461334,0.006942419800907373,0.0057957530952990055,0.0059339310973882675,0.21175453066825867
0016,000192,192,0.17332176864147186,1.125524878501892,0.12248527258634567,0.7939424514770508,0.013587236404418945,0.008792039938271046,0.009680532850325108,0.3396812975406647,0.007279854267835617,0.00588022219017148,0.006221445742994547,0.21158690750598907
0016,000193,193,0.17285968363285065,1.1244704723358154,0.12435523420572281,0.8060392737388611,0.013607025146484375,0.008791407570242882,0.009714390151202679,0.3396659791469574,0.00696924002841115,0.005862785968929529,0.005981466267257929,0.21156588196754456
0016,000194,194,0.17364926636219025,1.1306627988815308,0.12698449194431305,0.841462254524231,0.013706290163099766,0.008817300200462341,0.009785497561097145,0.3396434187889099,0.006646386347711086,0.005748538300395012,0.005765364971011877,0.2117973417043686
0016,000195,195,0.17277736961841583,1.1246575117111206,0.120903380215168,0.7783117294311523,0.013600978069007397,0.008819854818284512,0.00971665047109127,0.3396609425544739,0.007356730755418539,0.005864006467163563,0.006220389157533646,0.21151204407215118
0016,000196,196,0.1732240617275238,1.1255383491516113,0.12572187185287476,0.8237847089767456,0.013636106625199318,0.008816230110824108,0.009729273617267609,0.33964410424232483,0.006563614588230848,0.005729257129132748,0.005677107255905867,0.211734801530838
0016,000197,197,0.17399980127811432,1.130014181137085,0.12254012376070023,0.7918774485588074,0.01359802670776844,0.008820487186312675,0.00973279494792223,0.3396567404270172,0.006875620689243078,0.00575238186866045,0.00587348872795701,0.21162723004817963
0016,000198,198,0.1742088943719864,1.1313354969024658,0.12427853047847748,0.799318253993988,0.013612201437354088,0.008834212087094784,0.009750028140842915,0.339633047580719,0.006850122474133968,0.005762618966400623,0.005871666129678488,0.2115858495235443
0016,000199,199,0.17360283434391022,1.1266512870788574,0.12524224817752838,0.8158381581306458,0.013637024909257889,0.008837253786623478,0.009766561910510063,0.33965447545051575,0.006282198242843151,0.005589038133621216,0.005417974665760994,0.21182700991630554
0016,000200,200,0.1742461919784546,1.1316182613372803,0.12503956258296967,0.8115488290786743,0.013680657371878624,0.008847647346556187,0.009784547612071037,0.33965060114860535,0.006700293626636267,0.0055886018089950085,0.005724873393774033,0.21178936958312988
0016,000201,201,0.1731218695640564,1.124664545059204,0.12598708271980286,0.8227100968360901,0.01362682320177555,0.008844147436320782,0.009725755080580711,0.3396562933921814,0.006631992291659117,0.005540674086660147,0.005704531446099281,0.21191327273845673
0016,000202,202,0.1742042899131775,1.129186749458313,0.12490192800760269,0.8089694976806641,0.013675387017428875,0.00886247493326664,0.009785121306777,0.339655339717865,0.007094263099133968,0.0056228721514344215,0.0060274661518633366,0.21176385879516602
0016,000203,203,0.17498815059661865,1.131726622581482,0.1247672513127327,0.8014671206474304,0.013629958033561707,0.008858931250870228,0.009736929088830948,0.33964958786964417,0.007316392846405506,0.005733274854719639,0.006221885327249765,0.21157945692539215
0016,000204,204,0.17428292334079742,1.1281929016113281,0.12472771108150482,0.8090687990188599,0.013703045435249805,0.008864960633218288,0.009757088497281075,0.3396565020084381,0.006580474320799112,0.005667543038725853,0.005663129035383463,0.2116704136133194
0016,000205,205,0.1747639775276184,1.1327214241027832,0.12398751825094223,0.7972419857978821,0.013680641539394855,0.008871466852724552,0.009789133444428444,0.3396604359149933,0.006720236036926508,0.005660183262079954,0.005752673838287592,0.21164162456989288
0016,000206,206,0.17401579022407532,1.1275993585586548,0.12518663704395294,0.8068518042564392,0.013711678795516491,0.008869165554642677,0.009775022976100445,0.33964288234710693,0.006441629026085138,0.005550115369260311,0.005511258728802204,0.2117602676153183
0016,000207,207,0.1746082603931427,1.1307437419891357,0.12531554698944092,0.8092489838600159,0.0137337576597929,0.008879569359123707,0.009812821634113789,0.3396298885345459,0.006698815152049065,0.005554310977458954,0.005734663922339678,0.21176770329475403
0016,000208,208,0.17475926876068115,1.130872130393982,0.12472660839557648,0.7999422550201416,0.013769102282822132,0.008871180936694145,0.00980082992464304,0.3396362066268921,0.0072022550739347935,0.005670343991369009,0.006119634956121445,0.21156741678714752
0018,000002,2,0.221516951918602,1.1056584119796753,0.10990788042545319,0.5781360268592834,0.014250507578253746,0.002949855290353298,0.008076775819063187,0.339407354593277,0.005656121764332056,0.0011708172969520092,0.0037124105729162693,0.20575827360153198
0018,000003,3,0.22584764659404755,1.162579894065857,0.1058683693408966,0.5461964011192322,0.014309518970549107,0.003829017747193575,0.008395908400416374,0.3391653001308441,0.006879522930830717,0.0018516980344429612,0.004103696905076504,0.2049301415681839
0018,000004,4,0.22779493033885956,1.2046096324920654,0.11437433958053589,0.6004388928413391,0.014347254298627377,0.004270799923688173,0.008651794865727425,0.33905017375946045,0.006746236234903336,0.002363193314522505,0.004034451209008694,0.20441628992557526
0018,000005,5,0.22805798053741455,1.2308237552642822,0.11401200294494629,0.6270570158958435,0.01421754714101553,0.004531122278422117,0.008849626407027245,0.3389616310596466,0.006912436801940203,0.0026691057719290257,0.0047125257551670074,0.20430177450180054
0018,000006,6,0.21989750862121582,1.2184191942214966,0.11752016842365265,0.6724461913108826,0.01420279685407877,0.00475842971354723,0.00898048561066389,0.338959276676178,0.006962464191019535,0.002892446471378207,0.005161310080438852,0.20451678335666656
0018,000007,7,0.21150809526443481,1.1931921243667603,0.11773655563592911,0.7139257788658142,0.014073699712753296,0.004939149133861065,0.009036026895046234,0.33892950415611267,0.007115750573575497,0.003061812138184905,0.00546647235751152,0.2049257755279541
0018,000008,8,0.2027433067560196,1.1623108386993408,0.12019660323858261,0.7708576917648315,0.013966348953545094,0.005102335941046476,0.008997374214231968,0.3389469087123871,0.006900171283632517,0.003298775292932987,0.0054208203218877316,0.20523446798324585
0018,000009,9,0.19786988198757172,1.1504193544387817,0.1214793473482132,0.788378119468689,0.013983518816530704,0.005224498920142651,0.009051736444234848,0.33893781900405884,0.006817898713052273,0.0034641504753381014,0.005261117592453957,0.20509207248687744
0018,000010,10,0.1924297958612442,1.138201355934143,0.11862419545650482,0.7677271962165833,0.013889784924685955,0.005390987265855074,0.009140018373727798,0.33899474143981934,0.00640078354626894,0.003623110009357333,0.004986913874745369,0.20512470602989197
0018,000011,11,0.18746306002140045,1.1282883882522583,0.12119869142770767,0.8131780028343201,0.013963015750050545,0.005546695087105036,0.009255606681108475,0.3390026092529297,0.006777175702154636,0.0037850672379136086,0.0054240114986896515,0.20548605918884277
0018,000012,12,0.18550743162631989,1.128905177116394,0.12061069905757904,0.7921202778816223,0.014142844825983047,0.005690344143658876,0.009395089000463486,0.339029997587204,0.0064431773498654366,0.0038152504712343216,0.0050645433366298676,0.20554818212985992
0018,000013,13,0.1824430525302887,1.1185224056243896,0.12110033631324768,0.8202731013298035,0.014258275739848614,0.005820037331432104,0.009407402947545052,0.33905425667762756,0.006814572028815746,0.003932967782020569,0.005570529028773308,0.20589902997016907
0018,000014,14,0.18187180161476135,1.1223037242889404,0.11898943036794662,0.7938002347946167,0.014457297511398792,0.005950415041297674,0.009485980495810509,0.33907920122146606,0.007039559073746204,0.004127276595681906,0.005695804487913847,0.205763578414917
0018,000015,15,0.17833679914474487,1.1110270023345947,0.11508477479219437,0.7322447299957275,0.014505133964121342,0.006068139802664518,0.009514988400042057,0.33915743231773376,0.008254924789071083,0.004506218247115612,0.006358832120895386,0.20496706664562225
0018,000016,16,0.1773967742919922,1.1119036674499512,0.11139560490846634,0.7158864140510559,0.01450368668884039,0.006162119098007679,0.00953272171318531,0.33921319246292114,0.007128202822059393,0.004657315090298653,0.005725004710257053,0.2049291580915451
0018,000017,17,0.17555956542491913,1.113897442817688,0.11300329118967056,0.717692494392395,0.014580102637410164,0.006264183670282364,0.009559346362948418,0.33929985761642456,0.0075493319891393185,0.004871513694524765,0.005907733924686909,0.2045625001192093
0018,000018,18,0.17489401996135712,1.1137992143630981,0.11413031816482544,0.7378529906272888,0.014615536667406559,0.00637596333399415,0.00958356074988842,0.33937886357307434,0.006801757495850325,0.0048347278498113155,0.0054198866710066795,0.20468157529830933
0018,000019,19,0.17267197370529175,1.1161141395568848,0.11164277791976929,0.714667797088623,0.014808747917413712,0.0064786216244101524,0.009679872542619705,0.33947068452835083,0.007539545651525259,0.005014817230403423,0.005849131848663092,0.20432324707508087
0018,000020,20,0.1740235686302185,1.131608247756958,0.11340726912021637,0.7416287660598755,0.014948996715247631,0.0065781353041529655,0.009783370420336723,0.3395496606826782,0.007823226042091846,0.005152746569365263,0.006213245447725058,0.20416729152202606
0018,000021,21,0.17401374876499176,1.145332932472229,0.11648175865411758,0.7752611637115479,0.015184792689979076,0.006681026890873909,0.009929085150361061,0.339591383934021,0.007167317438870668,0.004991308320313692,0.005652816966176033,0.204550638794899
0018,000022,22,0.17300021648406982,1.1525237560272217,0.11622511595487595,0.754867434501648,0.015055890195071697,0.006742775905877352,0.00989348255097866,0.33967724442481995,0.0072197080589830875,0.00488577364012599,0.005672562401741743,0.2044707089662552
0018,000023,23,0.16723661124706268,1.1244550943374634,0.1150079220533371,0.7507805824279785,0.014625171199440956,0.006742047145962715,0.009703798219561577,0.33975526690483093,0.007034296169877052,0.004795679822564125,0.005530885886400938,0.20460033416748047
0018,000024,24,0.16396379470825195,1.114148736000061,0.12082751840353012,0.7991096377372742,0.014421083964407444,0.0067431190982460976,0.009633669629693031,0.3397897779941559,0.006836559157818556,0.004682860802859068,0.005558849312365055,0.20490127801895142
0018,000025,25,0.16344663500785828,1.1121491193771362,0.12247903645038605,0.813592255115509,0.014397885650396347,0.006736140698194504,0.00970249343663454,0.3397960364818573,0.0070807128213346004,0.004710222594439983,0.005629354156553745,0.20504750311374664
0018,000026,26,0.16212104260921478,1.1060609817504883,0.11782127618789673,0.7795978784561157,0.01448041945695877,0.00676363380625844,0.009693059138953686,0.3398362100124359,0.007331851404160261,0.0047658756375312805,0.005830828100442886,0.20507073402404785
0018,000027,27,0.16192077100276947,1.1106010675430298,0.1178211197257042,0.7858875393867493,0.014528204686939716,0.0067282975651323795,0.009653259068727493,0.33986467123031616,0.007174390368163586,0.0047928569838404655,0.00572565384209156,0.205149844288826
0018,000028,28,0.16174255311489105,1.1054530143737793,0.12190265208482742,0.8192759156227112,0.014581704512238503,0.006676387507468462,0.009539746679365635,0.339857816696167,0.007246948312968016,0.004775229841470718,0.005607529543340206,0.20539332926273346
0018,000029,29,0.16219577193260193,1.099395990371704,0.12257573008537292,0.8322221636772156,0.014695366844534874,0.006637884769588709,0.009479687549173832,0.33978378772735596,0.00686772121116519,0.004669106565415859,0.005558416247367859,0.2058490514755249
0018,000030,30,0.1628626435995102,1.089334487915039,0.11746204644441605,0.7770186066627502,0.014873172156512737,0.006594420876353979,0.009435118176043034,0.3397451937198639,0.0073560685850679874,0.004669031593948603,0.005836520344018936,0.2057799994945526
0018,000031,31,0.1631559431552887,1.0891274213790894,0.12117331475019455,0.807445228099823,0.014994556084275246,0.006620584521442652,0.009538603946566582,0.33970436453819275,0.007318958640098572,0.004613738507032394,0.005903813987970352,0.20602954924106598
0018,000032,32,0.1642119288444519,1.0880142450332642,0.1184430718421936,0.7801584601402283,0.01516580767929554,0.006655313074588776,0.009569093585014343,0.3397108018398285,0.007331746630370617,0.004681066609919071,0.005787503905594349,0.20602335035800934
0018,000033,33,0.1666395366191864,1.097151517868042,0.11749183386564255,0.7551894187927246,0.015511397272348404,0.006694131530821323,0.00965873058885336,0.3397172689437866,0.008140075020492077,0.00489335460588336,0.00628812937065959,0.2056613564491272
0018,000034,34,0.1693560779094696,1.1051326990127563,0.12213323265314102,0.7937158346176147,0.015643779188394547,0.006753081455826759,0.009749570861458778,0.3397640287876129,0.007794826291501522,0.004899798426777124,0.006230564787983894,0.20582731068134308
0018,000035,35,0.1707388460636139,1.1167054176330566,0.12872587144374847,0.8711137175559998,0.015688082203269005,0.006722777616232634,0.009837016463279724,0.33974388241767883,0.00766326580196619,0.004667535424232483,0.006230546627193689,0.20644676685333252
0018,000036,36,0.17018084228038788,1.1196833848953247,0.12660393118858337,0.8686964511871338,0.015378449112176895,0.006675730459392071,0.009898963384330273,0.3396838903427124,0.008259971626102924,0.0046784239821136,0.006775818299502134,0.20647846162319183
0018,000037,37,0.16721682250499725,1.1130605936050415,0.11910109966993332,0.8122623562812805,0.015147947706282139,0.00668069114908576,0.009851910173892975,0.3397403955459595,0.008434884250164032,0.0049055106937885284,0.006879626773297787,0.20637084543704987
0018,000038,38,0.16674958169460297,1.1094824075698853,0.1216374933719635,0.8517299294471741,0.0151424715295434,0.006661378778517246,0.00972860585898161,0.3397110104560852,0.008108393289148808,0.005010093096643686,0.006695155519992113,0.20654809474945068
0018,000039,39,0.16693741083145142,1.1064563989639282,0.1209801584482193,0.8669432997703552,0.015325051732361317,0.006600667256861925,0.009739101864397526,0.3396638035774231,0.008482948876917362,0.005203730426728725,0.00701334560289979,0.2066698521375656
0018,000040,40,0.16599445044994354,1.0967388153076172,0.12439355254173279,0.8982456922531128,0.015109024941921234,0.0065637677907943726,0.00973112415522337,0.3396085202693939,0.00784014631062746,0.005210229195654392,0.006545285228639841,0.20695284008979797
0018,000041,41,0.16667631268501282,1.0956696271896362,0.1272534877061844,0.9250280261039734,0.015194994397461414,0.006615908816456795,0.009747385047376156,0.33966612815856934,0.007547666784375906,0.005130137782543898,0.00630338815972209,0.20731544494628906
0018,000042,42,0.16613347828388214,1.0919620990753174,0.12826023995876312,0.9553326964378357,0.015049261040985584,0.006624401547014713,0.009710747748613358,0.3396630585193634,0.007577602285891771,0.005007500760257244,0.006324450019747019,0.20799027383327484
0018,000043,43,0.16646422445774078,1.094913363456726,0.1281488984823227,0.9534960985183716,0.014978291466832161,0.006626440677791834,0.009754414670169353,0.3396695852279663,0.00781133770942688,0.00501493364572525,0.006397961173206568,0.20827746391296387
0018,000044,44,0.1666446030139923,1.1006312370300293,0.12610234320163727,0.9205169677734375,0.015155606903135777,0.006654862780123949,0.00987203512340784,0.3396865725517273,0.007798149716109037,0.005063741933554411,0.00629675155505538,0.2083110362291336
0018,000045,45,0.16793091595172882,1.109125018119812,0.1219480037689209,0.8892300724983215,0.015256508253514767,0.0067070648074150085,0.009904660284519196,0.33970212936401367,0.00782267190515995,0.005125440191477537,0.006535539403557777,0.20829904079437256
0018,000046,46,0.16901637613773346,1.1118812561035156,0.11882055550813675,0.8542230129241943,0.015378788113594055,0.006701035425066948,0.00989192258566618,0.3397446274757385,0.008330300450325012,0.005257656332105398,0.006987310480326414,0.2081305831670761
0018,000047,47,0.17043505609035492,1.1267154216766357,0.1187615916132927,0.8368564248085022,0.015577238984405994,0.006677945610135794,0.010045278817415237,0.3397161364555359,0.008170005865395069,0.0052474611438810825,0.006719174794852734,0.20807862281799316
0018,000048,48,0.1684853732585907,1.1279890537261963,0.12590545415878296,0.8762185573577881,0.01529574953019619,0.0065970211289823055,0.009943219833076,0.339726060628891,0.008363908156752586,0.005152179393917322,0.006739277392625809,0.2082633078098297
0018,000049,49,0.1692298948764801,1.1472615003585815,0.11779952794313431,0.7988706231117249,0.014723296277225018,0.00652981735765934,0.00984130147844553,0.3397131860256195,0.009211039170622826,0.005469931289553642,0.007562204264104366,0.20772787928581238
0018,000050,50,0.1667775809764862,1.1574101448059082,0.11924482136964798,0.8175786733627319,0.014565074816346169,0.006574830040335655,0.00988231785595417,0.339735746383667,0.008651777170598507,0.00569993956014514,0.0071874866262078285,0.20755928754806519
0018,000051,51,0.16311083734035492,1.149395227432251,0.11508759111166,0.7774713039398193,0.014473688788712025,0.006644665263593197,0.009833533316850662,0.33972305059432983,0.008409238420426846,0.005847658030688763,0.006899618078023195,0.20734825730323792
0018,000052,52,0.16029301285743713,1.1419939994812012,0.11580146104097366,0.7885125279426575,0.014415290206670761,0.006709276232868433,0.009809566661715508,0.33971109986305237,0.008208017796278,0.005838620010763407,0.006743434816598892,0.20735971629619598
0018,000053,53,0.15895113348960876,1.1451092958450317,0.11538442969322205,0.7913678288459778,0.014514250680804253,0.006766481790691614,0.009815729223191738,0.33976539969444275,0.007907948456704617,0.00583977485075593,0.006434188224375248,0.2073095440864563
0018,000054,54,0.15776176750659943,1.1404943466186523,0.11440242826938629,0.7756822109222412,0.014527956023812294,0.006814911495894194,0.009725161828100681,0.3397813141345978,0.008471623063087463,0.0059766205959022045,0.006837706547230482,0.20700731873512268
0018,000055,55,0.15835192799568176,1.139920949935913,0.11623808741569519,0.7806887626647949,0.014705568552017212,0.006836665328592062,0.00974065437912941,0.339792400598526,0.0078103020787239075,0.005918903276324272,0.006249013356864452,0.2069522589445114
0018,000056,56,0.15916429460048676,1.131961464881897,0.11935310810804367,0.8060175776481628,0.014770759269595146,0.006829059682786465,0.00975582655519247,0.33977067470550537,0.007362928241491318,0.00563566479831934,0.005893798545002937,0.20729877054691315
0018,000057,57,0.16084225475788116,1.123417854309082,0.12114985287189484,0.7992022633552551,0.014911610633134842,0.006832911167293787,0.0097726471722126,0.3397774398326874,0.007810481823980808,0.005535130854696035,0.006111766677349806,0.20727074146270752
0018,000058,58,0.16330739855766296,1.1192190647125244,0.1241782009601593,0.8219835162162781,0.015283309854567051,0.0068745724856853485,0.009917029179632664,0.33983317017555237,0.007494288496673107,0.005317849572747946,0.005958416033536196,0.20750592648983002
0018,000059,59,0.1654340922832489,1.1266616582870483,0.12604811787605286,0.8496875166893005,0.01551929209381342,0.006920400075614452,0.01001262478530407,0.3399300277233124,0.0073745278641581535,0.004941903054714203,0.0060623325407505035,0.208044171333313
0018,000060,60,0.1658623367547989,1.121343731880188,0.12319428473711014,0.838448703289032,0.01511944830417633,0.006848100572824478,0.009830079041421413,0.3398999571800232,0.008485041558742523,0.005102792289108038,0.00717149255797267,0.20788492262363434
0018,000061,61,0.16661368310451508,1.1472119092941284,0.11907047033309937,0.8051254749298096,0.014804304577410221,0.006795607972890139,0.00993926078081131,0.3398280739784241,0.01027256716042757,0.005710551980882883,0.008437682874500751,0.2070985734462738
0018,000062,62,0.16336221992969513,1.1392556428909302,0.1177767664194107,0.7927133440971375,0.014549101702868938,0.006764724384993315,0.009863873943686485,0.33981242775917053,0.009187054820358753,0.00604635663330555,0.007580346427857876,0.2066221982240677
0018,000063,63,0.16270597279071808,1.1410508155822754,0.11569305509328842,0.7846876382827759,0.014487270265817642,0.0067722066305577755,0.009907347150146961,0.3397543430328369,0.00913314614444971,0.006318945437669754,0.007651313673704863,0.20633405447006226
0018,000064,64,0.16269277036190033,1.1415385007858276,0.11503694951534271,0.772861897945404,0.014408495277166367,0.006819126196205616,0.00988642405718565,0.3397675156593323,0.00922548957169056,0.0066422997042536736,0.007573210634291172,0.2057182490825653
0018,000065,65,0.16207371652126312,1.1387873888015747,0.11814545094966888,0.8024330139160156,0.014423699118196964,0.006863879505544901,0.009895374067127705,0.33973684906959534,0.00831987801939249,0.0066388389095664024,0.006929395254701376,0.20561008155345917
0018,000066,66,0.16246947646141052,1.1299903392791748,0.11750204116106033,0.7921132445335388,0.0143972747027874,0.006880634464323521,0.009809834882616997,0.3397310972213745,0.00863494910299778,0.006706505548208952,0.007107851095497608,0.20530004799365997
0018,000067,67,0.16289041936397552,1.126170039176941,0.11975039541721344,0.8193997144699097,0.014489423483610153,0.006892947945743799,0.009814826771616936,0.33971914649009705,0.0075686159543693066,0.006302790250629187,0.0062734452076256275,0.2056272029876709
0018,000068,68,0.16300064325332642,1.1202709674835205,0.11799649149179459,0.7961759567260742,0.014556034468114376,0.006909784395247698,0.009785373695194721,0.33971741795539856,0.007830312475562096,0.006256379187107086,0.006464426405727863,0.205377459526062
0018,000069,69,0.16446220874786377,1.116554617881775,0.12560167908668518,0.835165798664093,0.014772947877645493,0.0069249519146978855,0.009851436130702496,0.33968818187713623,0.007435613311827183,0.005925326142460108,0.006075792945921421,0.20549914240837097
0018,000070,70,0.16482681035995483,1.1017171144485474,0.12426069378852844,0.8103481531143188,0.01478114165365696,0.006947781424969435,0.00970090739428997,0.33973047137260437,0.007894227281212807,0.005859815515577793,0.006375356577336788,0.2052139937877655
0018,000071,71,0.16653941571712494,1.097564935684204,0.11683566868305206,0.7429882287979126,0.015010669827461243,0.006955369841307402,0.009726251475512981,0.3397414982318878,0.008027419447898865,0.005874705500900745,0.006500521674752235,0.20476432144641876
0018,000072,72,0.16702158749103546,1.0986756086349487,0.11456047743558884,0.7097520232200623,0.015073463320732117,0.006958233192563057,0.009697120636701584,0.33976414799690247,0.007717350963503122,0.005758607294410467,0.006188478320837021,0.2045382708311081
0018,000073,73,0.16835340857505798,1.0976086854934692,0.12968841195106506,0.8255089521408081,0.01534998882561922,0.006994391325861216,0.009680925868451595,0.339863657951355,0.007020443212240934,0.005210950504988432,0.005615701898932457,0.20516063272953033
0018,000074,74,0.1682633012533188,1.0977637767791748,0.12949015200138092,0.8452081084251404,0.015486114658415318,0.00698815006762743,0.009719937108457088,0.3398969769477844,0.007197021972388029,0.004904359113425016,0.005946159362792969,0.2056780457496643
0018,000075,75,0.16781918704509735,1.116736650466919,0.12309601157903671,0.8291775584220886,0.015226604416966438,0.006908731535077095,0.009762386791408062,0.3398258686065674,0.008311733603477478,0.0050453245639801025,0.007038510870188475,0.2057601809501648
0018,000076,76,0.16531819105148315,1.1233501434326172,0.11396119743585587,0.7569870948791504,0.014946536161005497,0.0068770418874919415,0.00972198136150837,0.3398447334766388,0.009117063134908676,0.005402026232331991,0.007553677540272474,0.20542395114898682
0018,000077,77,0.1633681058883667,1.124424695968628,0.11334994435310364,0.771198570728302,0.014901956543326378,0.006873132195323706,0.009702175855636597,0.3398827314376831,0.008680099621415138,0.005661983974277973,0.007176740560680628,0.20519264042377472
0018,000078,78,0.16432981193065643,1.1345715522766113,0.11614129692316055,0.8020795583724976,0.014890340156853199,0.006916756741702557,0.009715070948004723,0.33993053436279297,0.007872493006289005,0.005676932632923126,0.006457347888499498,0.20538216829299927
0018,000079,79,0.16528327763080597,1.137930154800415,0.11929823458194733,0.8403611779212952,0.014978792518377304,0.006943228654563427,0.00976454559713602,0.33990442752838135,0.007805370260030031,0.005647313315421343,0.006483060773462057,0.20563215017318726
0018,000080,80,0.16628091037273407,1.1303187608718872,0.11400929093360901,0.7956957817077637,0.015192924067378044,0.006956406868994236,0.009778083302080631,0.33987271785736084,0.00829235091805458,0.005705038085579872,0.006714658811688423,0.20540492236614227
0018,000081,81,0.16719454526901245,1.1203709840774536,0.12195517867803574,0.8570456504821777,0.015422098338603973,0.006943538319319487,0.009846841916441917,0.33987054228782654,0.0078096152283251286,0.005490902345627546,0.006254916079342365,0.20580141246318817
0018,000082,82,0.1692800223827362,1.1259129047393799,0.12118405103683472,0.8596526384353638,0.015172158367931843,0.0069359708577394485,0.009820280596613884,0.3398427367210388,0.007876706309616566,0.005364528391510248,0.0065390910021960735,0.20588092505931854
0018,000083,83,0.16830585896968842,1.1272823810577393,0.1215345486998558,0.8574842810630798,0.014953697100281715,0.0069366036914289,0.009851952083408833,0.33984044194221497,0.007491325028240681,0.005291511304676533,0.006265552714467049,0.20606276392936707
0018,000084,84,0.16797584295272827,1.1226000785827637,0.12273240834474564,0.8645722270011902,0.01494631264358759,0.00697458116337657,0.009876462630927563,0.33989664912223816,0.0067648873664438725,0.005106864497065544,0.005728292278945446,0.20641069114208221
0018,000085,85,0.1675841361284256,1.1209716796875,0.11757662892341614,0.8208790421485901,0.014726536348462105,0.0069817728362977505,0.009825192391872406,0.33986085653305054,0.00742877833545208,0.005141946952790022,0.0062511274591088295,0.20638294517993927
0018,000086,86,0.16617296636104584,1.1106328964233398,0.11598546802997589,0.800065279006958,0.014674735255539417,0.006967624183744192,0.009772265329957008,0.33988437056541443,0.007242892868816853,0.0051313298754394054,0.006018858402967453,0.20650972425937653
0018,000087,87,0.165549635887146,1.1138461828231812,0.10918682813644409,0.7237443327903748,0.014597559347748756,0.006979828234761953,0.00978043582290411,0.3398997187614441,0.008573693223297596,0.0053883823566138744,0.006931020878255367,0.20583496987819672
0018,000088,88,0.16453783214092255,1.11491858959198,0.11380570381879807,0.7607080340385437,0.014592231251299381,0.00698435353115201,0.009804362431168556,0.3399113416671753,0.007065575569868088,0.005302704870700836,0.0058767725713551044,0.20602978765964508
0018,000089,89,0.16445380449295044,1.115556240081787,0.11642543971538544,0.7750514149665833,0.014621585607528687,0.00699506513774395,0.009814703837037086,0.33988192677497864,0.0069888741709291935,0.0052323173731565475,0.005836817901581526,0.20614175498485565
0018,000090,90,0.16460151970386505,1.1178438663482666,0.11311305314302444,0.7459803819656372,0.01462782733142376,0.007002411410212517,0.00979955680668354,0.33988505601882935,0.007693152874708176,0.005356363020837307,0.006315723992884159,0.2058880478143692
0018,000091,91,0.1646396666765213,1.116866946220398,0.11363602429628372,0.7480045557022095,0.014544793404638767,0.006994782481342554,0.009685728698968887,0.33988022804260254,0.007512869779020548,0.00541972229257226,0.0061937845312058926,0.20582914352416992
0018,000092,92,0.16347287595272064,1.1088513135910034,0.11194030195474625,0.7291331887245178,0.014512987807393074,0.006958682555705309,0.009687335230410099,0.3398589491844177,0.007359290961176157,0.005417963489890099,0.0060265567153692245,0.20573930442333221
0018,000093,93,0.16421820223331451,1.1092302799224854,0.11682184040546417,0.766450822353363,0.014609617181122303,0.0069462088868021965,0.009726558811962605,0.3398868143558502,0.007298371288925409,0.005387505982071161,0.006022914312779903,0.2057906836271286
0018,000094,94,0.1636631041765213,1.1079157590866089,0.11676207184791565,0.773122251033783,0.014605858363211155,0.006920669227838516,0.009692634455859661,0.339829683303833,0.007319091819226742,0.005283880513161421,0.006079639308154583,0.20600193738937378
0018,000095,95,0.1640939861536026,1.1056253910064697,0.11450039595365524,0.7659211158752441,0.014790579676628113,0.006932178512215614,0.009741981513798237,0.3398538827896118,0.007824561558663845,0.0053320880979299545,0.0065232375636696815,0.20616649091243744
0018,000096,96,0.16497203707695007,1.104353666305542,0.11268212646245956,0.7522231340408325,0.014961646869778633,0.006906602531671524,0.009712113998830318,0.3398370146751404,0.007741194684058428,0.0052738250233232975,0.006428286898881197,0.20636196434497833
0018,000097,97,0.16543646156787872,1.106533169746399,0.11544924229383469,0.7948666214942932,0.014975888654589653,0.006887241266667843,0.009829437360167503,0.339804470539093,0.007885766215622425,0.005163659807294607,0.006529007572680712,0.20688335597515106
0018,000098,98,0.16548073291778564,1.1082367897033691,0.11389465630054474,0.7759579420089722,0.015090796165168285,0.006936890073120594,0.009954135864973068,0.3398861885070801,0.008207949809730053,0.005288591608405113,0.006741094868630171,0.20673105120658875
0018,000099,99,0.16529665887355804,1.1140644550323486,0.11341898888349533,0.7730901837348938,0.014967354014515877,0.006954023614525795,0.009976564906537533,0.3398662805557251,0.007760046515613794,0.005263758357614279,0.006452174391597509,0.20675353705883026
0018,000100,100,0.1636713445186615,1.1109427213668823,0.1105843111872673,0.7358752489089966,0.014567363075911999,0.006950545124709606,0.00986210536211729,0.3398376703262329,0.00847609993070364,0.005409819073975086,0.006887482479214668,0.2063240110874176
0018,000101,101,0.16223816573619843,1.1081528663635254,0.109857477247715,0.7227509617805481,0.014497295953333378,0.00695591326802969,0.009841864928603172,0.33984845876693726,0.00797954574227333,0.005562772508710623,0.00656469352543354,0.2060621827840805
0018,000102,102,0.1616983711719513,1.112584114074707,0.11224444955587387,0.7361738681793213,0.014381280168890953,0.006966628134250641,0.009797503240406513,0.33988431096076965,0.007297053933143616,0.005493898876011372,0.0060488018207252026,0.20608344674110413
0018,000103,103,0.15987518429756165,1.1110165119171143,0.11178403347730637,0.7271056771278381,0.014363898895680904,0.006975817959755659,0.009747770614922047,0.33991575241088867,0.00797958206385374,0.005633189808577299,0.006541477981954813,0.20581041276454926
0018,000104,104,0.15917949378490448,1.1092448234558105,0.11475813388824463,0.7491327524185181,0.014490940608084202,0.007003691978752613,0.009808339178562164,0.33996865153312683,0.0074333022348582745,0.005633941851556301,0.006171875633299351,0.20581981539726257
0018,000105,105,0.1570768505334854,1.1091238260269165,0.11607640981674194,0.7648206949234009,0.014455209486186504,0.0070167421363294125,0.00973107386380434,0.3399876654148102,0.006923158653080463,0.005497886333614588,0.0058252885937690735,0.20604006946086884
0018,000106,106,0.15789653360843658,1.1157737970352173,0.11399495601654053,0.7462978363037109,0.014610365964472294,0.0070182764902710915,0.00980076752603054,0.33998048305511475,0.007570961024612188,0.005535561125725508,0.006237282883375883,0.20592805743217468
0018,000107,107,0.1588383913040161,1.109419345855713,0.118553526699543,0.7900005578994751,0.014847688376903534,0.007031652145087719,0.009857955388724804,0.33997854590415955,0.006913354154676199,0.005248220171779394,0.005717529449611902,0.20645691454410553
0018,000108,108,0.16052916646003723,1.1098418235778809,0.1210554912686348,0.814673662185669,0.014897394925355911,0.007037393283098936,0.009815771132707596,0.3399743437767029,0.007096223998814821,0.005027048289775848,0.005795141216367483,0.2069709300994873
0018,000109,109,0.16134852170944214,1.1116516590118408,0.1189504861831665,0.8386124968528748,0.015096712857484818,0.007074867840856314,0.009858242236077785,0.34005746245384216,0.007996330969035625,0.004793533589690924,0.006616356782615185,0.20793986320495605
0018,000110,110,0.16130279004573822,1.1176667213439941,0.1097414642572403,0.790172815322876,0.015085010789334774,0.007086335681378841,0.009896790608763695,0.3400682210922241,0.007402539718896151,0.004799610935151577,0.006366454530507326,0.20838835835456848
0018,000111,111,0.16233374178409576,1.1268292665481567,0.10883405804634094,0.7895278334617615,0.014846334233880043,0.007064490579068661,0.009922490455210209,0.34002137184143066,0.00748447235673666,0.004851237405091524,0.006314791738986969,0.20866475999355316
0018,000112,112,0.16021379828453064,1.1207982301712036,0.1085803359746933,0.7968443036079407,0.014515209943056107,0.007012376561760902,0.009798992425203323,0.3399946987628937,0.008329319767653942,0.005071165040135384,0.007046273443847895,0.20857609808444977
0018,000113,113,0.15902595221996307,1.1201432943344116,0.1071309894323349,0.7579954862594604,0.014318600296974182,0.0069758896715939045,0.009735461324453354,0.3399772346019745,0.008862191811203957,0.005369783379137516,0.007364494726061821,0.20803846418857574
0018,000114,114,0.1582849621772766,1.120530366897583,0.10676786303520203,0.7446485757827759,0.0143557358533144,0.006990114226937294,0.009800638072192669,0.3399896025657654,0.009146034717559814,0.005745377391576767,0.007448453921824694,0.20742392539978027
0018,000115,115,0.15690480172634125,1.1173129081726074,0.10882505029439926,0.7592318654060364,0.014323593117296696,0.007015182636678219,0.009763467125594616,0.33995047211647034,0.008142618462443352,0.005914141424000263,0.006721612997353077,0.2071557193994522
0018,000116,116,0.15784752368927002,1.1188814640045166,0.11196140199899673,0.7753992080688477,0.014455950818955898,0.00706693809479475,0.009864654392004013,0.3399386703968048,0.008392980322241783,0.006048823706805706,0.006793899927288294,0.20682142674922943
0018,000117,117,0.1586386263370514,1.1207383871078491,0.11387823522090912,0.7974088191986084,0.014448546804487705,0.007094579748809338,0.009856010787189007,0.3398820161819458,0.008021187037229538,0.006098329089581966,0.006578055676072836,0.20675644278526306
0018,000118,118,0.1605260968208313,1.1226816177368164,0.11214248836040497,0.7651447057723999,0.014389210380613804,0.007130097597837448,0.009809824638068676,0.33989495038986206,0.00840015895664692,0.006265672389417887,0.006806615274399519,0.20620785653591156
0018,000119,119,0.1616566926240921,1.1317355632781982,0.11353936046361923,0.7648162841796875,0.014448240399360657,0.007152848411351442,0.009815720841288567,0.3398841619491577,0.008142474107444286,0.006338940933346748,0.006639542058110237,0.2058732807636261
0018,000120,120,0.162118062376976,1.1316725015640259,0.11627251654863358,0.7916514277458191,0.014477538876235485,0.0071809785440564156,0.00983370654284954,0.33989107608795166,0.0076723117381334305,0.006234350148588419,0.0064028119668364525,0.20587797462940216
0018,000121,121,0.16147159039974213,1.1234159469604492,0.11068644374608994,0.7434090971946716,0.014498095028102398,0.007205903995782137,0.00979684479534626,0.33989208936691284,0.008137078955769539,0.006304790265858173,0.006690750829875469,0.20549792051315308
0018,000122,122,0.16154499351978302,1.1200284957885742,0.1142476424574852,0.7616097927093506,0.014519144780933857,0.007208873983472586,0.009754273109138012,0.3398865759372711,0.007508236449211836,0.006239043548703194,0.0061816005036234856,0.20536182820796967
0018,000123,123,0.1627921611070633,1.124029517173767,0.11635934561491013,0.785089910030365,0.014492686837911606,0.007214148063212633,0.00977806095033884,0.339884877204895,0.007021807134151459,0.005948848091065884,0.0059180716052651405,0.20562732219696045
0018,000124,124,0.1625330150127411,1.1224708557128906,0.11300480365753174,0.7463337182998657,0.01450677216053009,0.007223866879940033,0.009794343262910843,0.3398951590061188,0.008031872101128101,0.00606572488322854,0.006640089210122824,0.2051970511674881
0018,000125,125,0.16239365935325623,1.1213852167129517,0.11396165192127228,0.7603583931922913,0.014498076401650906,0.007230687886476517,0.009788193739950657,0.33990347385406494,0.007532973308116198,0.006044464651495218,0.006314586382359266,0.20514847338199615
0018,000126,126,0.16359664499759674,1.1273435354232788,0.1095694750547409,0.7043477296829224,0.014469810761511326,0.007226752117276192,0.009793943725526333,0.33988961577415466,0.008102468214929104,0.00618923781439662,0.0065507711842656136,0.20460666716098785
0018,000127,127,0.163620263338089,1.1215623617172241,0.11859407275915146,0.7971962094306946,0.014390671625733376,0.007241105195134878,0.009717421606183052,0.3399398624897003,0.007052980363368988,0.0059568388387560844,0.005968058947473764,0.20494025945663452
0018,000128,128,0.1642393171787262,1.1238505840301514,0.11598702520132065,0.7800870537757874,0.01449594646692276,0.007254796102643013,0.009744533337652683,0.33994054794311523,0.007229070644825697,0.005903610959649086,0.006122657097876072,0.20496408641338348
0018,000129,129,0.164524108171463,1.124552607536316,0.1150985136628151,0.7651945352554321,0.01449445728212595,0.00725144287571311,0.00974713172763586,0.3399623930454254,0.0069813113659620285,0.005805258173495531,0.005862788762897253,0.20496129989624023
0018,000130,130,0.16482862830162048,1.125341534614563,0.11792488396167755,0.7863571047782898,0.014613473787903786,0.0072539327666163445,0.009793254546821117,0.339998722076416,0.007045431062579155,0.005700813606381416,0.005967591889202595,0.20509421825408936
0018,000131,131,0.16387046873569489,1.1236467361450195,0.11805074661970139,0.7888686656951904,0.014514446258544922,0.0072385044768452644,0.00972580537199974,0.33998578786849976,0.006731186993420124,0.005553119350224733,0.005686542484909296,0.20525698363780975
0018,000132,132,0.16403789818286896,1.1238759756088257,0.11802762746810913,0.7878420352935791,0.014560232870280743,0.007262777537107468,0.009762464091181755,0.3400094509124756,0.0070465728640556335,0.005550246220082045,0.0059966398403048515,0.2052634209394455
0018,000133,133,0.16393570601940155,1.125759243965149,0.11801975965499878,0.7852498292922974,0.014497146010398865,0.00726391701027751,0.009688335470855236,0.3400554955005646,0.0066582937724888325,0.005435176659375429,0.005622506141662598,0.20543071627616882
0018,000134,134,0.16346482932567596,1.1214942932128906,0.11835221201181412,0.7870128750801086,0.014589937403798103,0.007294572424143553,0.00974859669804573,0.3400619328022003,0.007057284004986286,0.005426135379821062,0.005981268361210823,0.20550262928009033
0018,000135,135,0.16415414214134216,1.1227329969406128,0.11807835847139359,0.7843185663223267,0.014518517069518566,0.007291337009519339,0.009675613604485989,0.3400680124759674,0.0069814114831388,0.0054185837507247925,0.00592875387519598,0.20555149018764496
0018,000136,136,0.16376110911369324,1.122053861618042,0.11953620612621307,0.8040391206741333,0.014509334228932858,0.007282659877091646,0.009634883143007755,0.34009024500846863,0.0067726015113294125,0.005290671717375517,0.00577179342508316,0.20594990253448486
0018,000137,137,0.1641172170639038,1.1247196197509766,0.11744710057973862,0.7837666869163513,0.014496888965368271,0.007279074750840664,0.009655856527388096,0.3400789797306061,0.006737940013408661,0.0052265566773712635,0.005676065571606159,0.20616018772125244
0018,000138,138,0.16344314813613892,1.1219829320907593,0.11755059659481049,0.7777453660964966,0.014593211002647877,0.007299112156033516,0.009707611054182053,0.3401026129722595,0.007305921986699104,0.005312140099704266,0.006150818895548582,0.2060105949640274
0018,000139,139,0.16373947262763977,1.1261014938354492,0.11820317059755325,0.7820749878883362,0.014576112851500511,0.007299024611711502,0.009697097353637218,0.34010541439056396,0.007296436931937933,0.005335347726941109,0.0061058951541781425,0.20599329471588135
0018,000140,140,0.16239534318447113,1.1193281412124634,0.11342758685350418,0.7244979739189148,0.01463393960148096,0.007318244315683842,0.009706751443445683,0.34013631939888,0.007628841325640678,0.005409350618720055,0.006161491386592388,0.20569095015525818
0018,000141,141,0.1623467653989792,1.1179972887039185,0.11942702531814575,0.7768877148628235,0.014692259952425957,0.007338396739214659,0.0097400126978755,0.3401394784450531,0.006859511602669954,0.005304431542754173,0.005753651726990938,0.2059161514043808
0018,000142,142,0.16218353807926178,1.1141809225082397,0.12031824886798859,0.7914193272590637,0.014610261656343937,0.007343256380409002,0.009663591161370277,0.34014469385147095,0.006741182412952185,0.00526172760874033,0.005722345318645239,0.2061036229133606
0018,000143,143,0.16330742835998535,1.113759160041809,0.11732316017150879,0.7580759525299072,0.01465338934212923,0.007346105761826038,0.009712090715765953,0.3401171565055847,0.00748098362237215,0.005379334092140198,0.0061921048909425735,0.20599403977394104
0018,000144,144,0.16310128569602966,1.1092151403427124,0.11765287816524506,0.756973147392273,0.014712903648614883,0.007341912481933832,0.009704077616333961,0.34013593196868896,0.007450003642588854,0.005464032292366028,0.006216602865606546,0.20585757493972778
0018,000145,145,0.16307541728019714,1.107771635055542,0.12070634216070175,0.7944058179855347,0.014640779234468937,0.007338306400924921,0.009647389873862267,0.34012144804000854,0.006682508625090122,0.005324621219187975,0.0056814514100551605,0.20613206923007965
0018,000146,146,0.16325907409191132,1.1071234941482544,0.11862852424383163,0.7719321846961975,0.01467704027891159,0.007332623470574617,0.009667422622442245,0.3401186466217041,0.006801648065447807,0.0052202008664608,0.005657959263771772,0.20634081959724426
0018,000147,147,0.16287319362163544,1.1070984601974487,0.11682552844285965,0.7480912804603577,0.014744600281119347,0.0073592099361121655,0.009702570736408234,0.34016647934913635,0.0077473679557442665,0.005392906256020069,0.006400573067367077,0.2059803605079651
0018,000148,148,0.1634775996208191,1.113582730293274,0.1169862374663353,0.7406549453735352,0.014714444987475872,0.007377021946012974,0.00972780678421259,0.34018686413764954,0.007307273801416159,0.005432859994471073,0.006051177158951759,0.20584358274936676
0018,000149,149,0.16243483126163483,1.107948660850525,0.12067564576864243,0.7718392014503479,0.014657632447779179,0.007373758591711521,0.009659134782850742,0.3401709198951721,0.006843228824436665,0.005325603764504194,0.005687220022082329,0.20605280995368958
0018,000150,150,0.1621217131614685,1.1066254377365112,0.12066390365362167,0.7881477475166321,0.01468659657984972,0.0073864455334842205,0.009700693190097809,0.34015682339668274,0.007022166159003973,0.005290173925459385,0.005900499410927296,0.20616793632507324
0018,000151,151,0.16294248402118683,1.1082475185394287,0.12017180770635605,0.78359454870224,0.014683535322546959,0.007390577346086502,0.009720772504806519,0.34016963839530945,0.007158670108765364,0.0052788895554840565,0.005987112410366535,0.2062561810016632
0018,000152,152,0.16246260702610016,1.1077649593353271,0.11885146051645279,0.7848577499389648,0.014790961518883705,0.0074109602719545364,0.009770997799932957,0.34016409516334534,0.0073291221633553505,0.005305502563714981,0.006188991013914347,0.20634953677654266
0018,000153,153,0.16288705170154572,1.1125966310501099,0.11566759645938873,0.7606915235519409,0.014778567478060722,0.007425298448652029,0.009799879044294357,0.34011808037757874,0.007789253257215023,0.005470312666147947,0.006505140103399754,0.20607443153858185
0018,000154,154,0.1628764122724533,1.113943099975586,0.11366178095340729,0.7566572427749634,0.014669916592538357,0.007438255939632654,0.009781289845705032,0.3401303291320801,0.007799888029694557,0.005630779545754194,0.006552926264703274,0.20590852200984955
0018,000155,155,0.16228103637695312,1.1117807626724243,0.11453859508037567,0.7596490383148193,0.014650111086666584,0.007448527961969376,0.009775775484740734,0.3400993347167969,0.007434768136590719,0.005665000062435865,0.006223667878657579,0.2058216780424118
0018,000156,156,0.16335871815681458,1.1164357662200928,0.11482256650924683,0.7651002407073975,0.014581465162336826,0.007469313684850931,0.009760196320712566,0.3400946259498596,0.007003883831202984,0.005623513367027044,0.0058163367211818695,0.20588907599449158
0018,000157,157,0.1645447164773941,1.115537166595459,0.11589164286851883,0.7745119333267212,0.014626538380980492,0.00748492032289505,0.00974683091044426,0.34011539816856384,0.006756114307790995,0.005491543095558882,0.005661648232489824,0.20604392886161804
0018,000158,158,0.16371341049671173,1.104036569595337,0.11378010362386703,0.7456871867179871,0.014607349410653114,0.007475460879504681,0.00963286031037569,0.3401285409927368,0.007095410488545895,0.005517829209566116,0.005812603980302811,0.2058301866054535
0018,000159,159,0.16396912932395935,1.1048635244369507,0.11517202854156494,0.7560175657272339,0.014520571567118168,0.007464604917913675,0.009593724273145199,0.34010663628578186,0.006930189207196236,0.0054596951231360435,0.005648622754961252,0.20581601560115814
0018,000160,160,0.1639586091041565,1.1020675897598267,0.11733564734458923,0.7768716812133789,0.014586572535336018,0.007457357831299305,0.009628430008888245,0.3400854170322418,0.006543305236846209,0.005311391316354275,0.0054732817225158215,0.20604512095451355
0018,000161,161,0.16448968648910522,1.104120135307312,0.11542971432209015,0.7611205577850342,0.014725640416145325,0.007451226469129324,0.00973532348871231,0.3400629162788391,0.007299656048417091,0.005374583415687084,0.005977619905024767,0.205862358212471
0018,000162,162,0.1641802042722702,1.098319172859192,0.11655642837285995,0.7735645174980164,0.014651700854301453,0.0074035366997122765,0.00972199346870184,0.3400595188140869,0.0067095146514475346,0.005261796992272139,0.00558630283921957,0.20606505870819092
0018,000163,163,0.16494333744049072,1.10159432888031,0.1164015457034111,0.7761813998222351,0.01473213080316782,0.0073991077952086926,0.009777236729860306,0.3400743901729584,0.006541261915117502,0.0051436773501336575,0.005463072098791599,0.20624582469463348
0018,000164,164,0.1654549390077591,1.106865406036377,0.11584998667240143,0.7747756242752075,0.014732538722455502,0.00738860946148634,0.00981756579130888,0.3400428295135498,0.007292711641639471,0.005220106802880764,0.006047590170055628,0.20626766979694366
0018,000165,165,0.16504235565662384,1.100466251373291,0.1175260841846466,0.7928474545478821,0.014774907380342484,0.007393838372081518,0.009790152311325073,0.340054452419281,0.0066005270928144455,0.005092688370496035,0.005550082307308912,0.20655959844589233
0018,000166,166,0.16535291075706482,1.0977110862731934,0.11549438536167145,0.7738229036331177,0.014923556707799435,0.0073945652693510056,0.009813024662435055,0.3400719463825226,0.007259633857756853,0.0051382360979914665,0.006013800855726004,0.20655882358551025
0018,000167,167,0.16640719771385193,1.1073570251464844,0.11509295552968979,0.7744577527046204,0.014994247816503048,0.007414205931127071,0.009835227392613888,0.34006649255752563,0.006730381865054369,0.005032384302467108,0.005584420170634985,0.20683817565441132
0018,000168,168,0.16494418680667877,1.1018468141555786,0.11706475168466568,0.7885489463806152,0.015002433210611343,0.007447374518960714,0.009892536327242851,0.34006205201148987,0.006611029151827097,0.004960977006703615,0.005515228025615215,0.20715761184692383
0018,000169,169,0.16528008878231049,1.101616621017456,0.11720839887857437,0.796261727809906,0.015015863813459873,0.007470459211617708,0.00985193531960249,0.34010663628578186,0.006494705565273762,0.004831601865589619,0.0054089948534965515,0.20762047171592712
0018,000170,170,0.16490574181079865,1.0971988439559937,0.11649875342845917,0.7888438701629639,0.01510059554129839,0.007485927548259497,0.009886732324957848,0.34011396765708923,0.0068250177428126335,0.004821580369025469,0.005750817712396383,0.20779100060462952
0018,000171,171,0.1650913506746292,1.096956729888916,0.11451425403356552,0.7633588910102844,0.01507504377514124,0.007472326047718525,0.009794115088880062,0.3401089012622833,0.006905843038111925,0.004849388729780912,0.005740981549024582,0.2078787237405777
0018,000172,172,0.16673500835895538,1.105478286743164,0.11635948717594147,0.7643356919288635,0.015166672877967358,0.007481622975319624,0.009886042214930058,0.34017619490623474,0.0069777751341462135,0.004820212721824646,0.005659384187310934,0.20806525647640228
0018,000173,173,0.16689251363277435,1.110971450805664,0.11557450145483017,0.7567548751831055,0.015207812190055847,0.007481238339096308,0.009887780994176865,0.34018653631210327,0.007026297505944967,0.004824574571102858,0.005763964727520943,0.20815815031528473
0018,000174,174,0.16640491783618927,1.1134350299835205,0.1135900691151619,0.7413262724876404,0.015267726965248585,0.007474763318896294,0.0099595682695508,0.3401965796947479,0.008027687668800354,0.005036182701587677,0.006550683174282312,0.2077542096376419
0018,000175,175,0.1654890477657318,1.1172899007797241,0.11133630573749542,0.7301860451698303,0.015235349535942078,0.007489470299333334,0.010029025375843048,0.3401772081851959,0.00768762081861496,0.005202148575335741,0.006376625970005989,0.2076224833726883
0018,000176,176,0.16499876976013184,1.1235127449035645,0.11094757169485092,0.7369540333747864,0.01516678836196661,0.007499173749238253,0.010049539618194103,0.340162068605423,0.0074615334160625935,0.005259770434349775,0.00618322566151619,0.20773090422153473
0018,000177,177,0.16272927820682526,1.122389316558838,0.1152862161397934,0.7848345637321472,0.014919528737664223,0.00748154241591692,0.010004237294197083,0.3401232063770294,0.007072784937918186,0.005120549350976944,0.0058831418864429,0.2082282304763794
0018,000178,178,0.16071216762065887,1.125604271888733,0.11360985785722733,0.7705637812614441,0.014842748641967773,0.00745186023414135,0.009939647279679775,0.3400759994983673,0.007964318618178368,0.005303230136632919,0.006457609590142965,0.20787671208381653
0018,000179,179,0.15972523391246796,1.117570161819458,0.11661805212497711,0.7959445714950562,0.014923588372766972,0.007448326330631971,0.009894347749650478,0.3400416672229767,0.007154493592679501,0.005239227320998907,0.005822920706123114,0.20813803374767303
0018,000180,180,0.16183221340179443,1.1225526332855225,0.11312644183635712,0.7613680362701416,0.014869317412376404,0.007460860535502434,0.009903816506266594,0.33999207615852356,0.007717333268374205,0.005329493433237076,0.0062434617429971695,0.20789645612239838
0018,000181,181,0.1623847484588623,1.1220659017562866,0.11285959929227829,0.7357317209243774,0.014782348647713661,0.00745133263990283,0.009805775247514248,0.3400421738624573,0.008212200365960598,0.005516464821994305,0.006406442262232304,0.20728100836277008
0018,000182,182,0.163209930062294,1.1192467212677002,0.11149775236845016,0.7230594158172607,0.014926407486200333,0.0074002561159431934,0.009876619093120098,0.3400358557701111,0.0073881205171346664,0.005488183349370956,0.005874678958207369,0.20727860927581787
0018,000183,183,0.16326837241649628,1.1280126571655273,0.11261818557977676,0.7180060148239136,0.015044255182147026,0.007398889400064945,0.010023736394941807,0.34006166458129883,0.007190645206719637,0.0054290276020765305,0.005682536866515875,0.20722545683383942
0018,000184,184,0.16201980412006378,1.1199389696121216,0.11504823714494705,0.7339058518409729,0.015047780238091946,0.007439726032316685,0.010062512941658497,0.34007567167282104,0.007597577292472124,0.0054954285733401775,0.006050538271665573,0.20702247321605682
0018,000185,185,0.16231957077980042,1.1266558170318604,0.11402250081300735,0.7348508834838867,0.015009256079792976,0.007490746211260557,0.010127606801688671,0.3400880992412567,0.00724857859313488,0.005477622617036104,0.0058274827897548676,0.20706047117710114
0018,000186,186,0.16279414296150208,1.1287328004837036,0.11306018382310867,0.7269291281700134,0.01498565636575222,0.007531254552304745,0.010141567327082157,0.3401246666908264,0.007103165611624718,0.005429822951555252,0.005730035714805126,0.20708726346492767
0018,000187,187,0.163415789604187,1.131689429283142,0.11384154111146927,0.7240176796913147,0.014987469650804996,0.007573725655674934,0.010099987499415874,0.34014391899108887,0.007521031890064478,0.005536637734621763,0.0059969485737383366,0.20678751170635223
0018,000188,188,0.1647493988275528,1.1421167850494385,0.11330293118953705,0.7222430109977722,0.015054047107696533,0.007604244165122509,0.010120345279574394,0.3401578366756439,0.007322199642658234,0.005540033802390099,0.005862724967300892,0.20678241550922394
0018,000189,189,0.1647847294807434,1.1426304578781128,0.11900966614484787,0.7806879878044128,0.01499407272785902,0.007611395325511694,0.010045439936220646,0.3401978313922882,0.0069129932671785355,0.005305966828018427,0.005585085600614548,0.20729798078536987
0018,000190,190,0.16335827112197876,1.139445424079895,0.11929140239953995,0.7912690043449402,0.015061589889228344,0.007629935164004564,0.010040400549769402,0.34023913741111755,0.007043741177767515,0.005192684940993786,0.00568350637331605,0.2077264040708542
0018,000191,191,0.16212308406829834,1.13314688205719,0.11807034909725189,0.7934144735336304,0.01486459095031023,0.0076449718326330185,0.009963995777070522,0.34027591347694397,0.006521259434521198,0.004983949009329081,0.005403927993029356,0.20824360847473145
0018,000192,192,0.16220252215862274,1.1365665197372437,0.11582151800394058,0.7782197594642639,0.014879927039146423,0.007627128157764673,0.009954734705388546,0.34029290080070496,0.0066324258223176,0.0048506432212889194,0.005477556958794594,0.20864352583885193
0018,000193,193,0.16081075370311737,1.1255906820297241,0.11183378100395203,0.7376096844673157,0.014777160249650478,0.00759209506213665,0.009833229705691338,0.3403443992137909,0.007207886781543493,0.004861126188188791,0.005894714966416359,0.2085447609424591
0018,000194,194,0.160966157913208,1.1227930784225464,0.11263224482536316,0.749597430229187,0.014732791110873222,0.007555260322988033,0.009750500321388245,0.3403443992137909,0.006883083842694759,0.004804919008165598,0.0056608798913657665,0.20891323685646057
0018,000195,195,0.16106867790222168,1.1236714124679565,0.11215034872293472,0.7486380338668823,0.01465363148599863,0.007546213921159506,0.009774363599717617,0.34034496545791626,0.0071561140939593315,0.004848826210945845,0.005871197674423456,0.20912472903728485
0018,000196,196,0.1624104529619217,1.1296837329864502,0.1160103976726532,0.8071776628494263,0.014713776297867298,0.0075426260009408,0.009870241396129131,0.3403152525424957,0.007783397100865841,0.004916787147521973,0.006467005703598261,0.20953328907489777
0018,000197,197,0.16261489689350128,1.131048321723938,0.11203144490718842,0.7838825583457947,0.01464579626917839,0.00755085377022624,0.009830381721258163,0.3402967154979706,0.00723293935880065,0.0049325390718877316,0.0060068764723837376,0.20994995534420013
0018,000198,198,0.16265487670898438,1.1290111541748047,0.10870526731014252,0.7441847324371338,0.014455831609666348,0.0075208526104688644,0.009723304770886898,0.34028518199920654,0.007848821580410004,0.005084271542727947,0.0062762959860265255,0.20982307195663452
0018,000199,199,0.16250328719615936,1.1311604976654053,0.10738280415534973,0.7201752662658691,0.014481867663562298,0.007516539189964533,0.009811843745410442,0.34027570486068726,0.008582021109759808,0.005356004927307367,0.0068945446982979774,0.20926101505756378
0018,000200,200,0.16142435371875763,1.1211133003234863,0.1077137365937233,0.718940794467926,0.014375702477991581,0.007496130187064409,0.009702028706669807,0.34026890993118286,0.008341794833540916,0.005656102672219276,0.006726427469402552,0.20884527266025543
0018,000201,201,0.1610545963048935,1.121463656425476,0.10792071372270584,0.7166270613670349,0.014402949251234531,0.007493537850677967,0.009744120761752129,0.34026363492012024,0.00849189143627882,0.005919614806771278,0.006819490343332291,0.20831140875816345
0018,000202,202,0.16043926775455475,1.1185095310211182,0.10758796334266663,0.7145745158195496,0.014421549625694752,0.007495388854295015,0.009702504612505436,0.34025710821151733,0.008366123773157597,0.0061007216572761536,0.006684328895062208,0.20784848928451538
0018,000203,203,0.16044533252716064,1.1165539026260376,0.10854986310005188,0.7288162708282471,0.014525674283504486,0.00751778669655323,0.009723514318466187,0.3402394652366638,0.007315058261156082,0.005957563873380423,0.0059803687036037445,0.20790670812129974
0018,000204,204,0.16078783571720123,1.1171623468399048,0.11002647131681442,0.7332764863967896,0.014600729569792747,0.007517445366829634,0.00974119920283556,0.3402307331562042,0.007684610318392515,0.005999150685966015,0.006263744551688433,0.20767150819301605
0018,000205,205,0.16071759164333344,1.1193126440048218,0.11059783399105072,0.7399728298187256,0.014626799151301384,0.007525643799453974,0.009761081077158451,0.3402160406112671,0.007558478508144617,0.005983739160001278,0.006187895778566599,0.20757965743541718
0018,000206,206,0.16090939939022064,1.1206153631210327,0.11122887581586838,0.748580813407898,0.014601187780499458,0.007540524005889893,0.009802560321986675,0.3402051329612732,0.007482233922928572,0.005940039176493883,0.006142752710729837,0.2075776755809784
0018,000207,207,0.16078101098537445,1.1215546131134033,0.11311346292495728,0.7546334862709045,0.014660511165857315,0.0075693074613809586,0.009879297576844692,0.3402077853679657,0.007387079764157534,0.005831042304635048,0.00599873811006546,0.2075749635696411
0018,000208,208,0.15950587391853333,1.1178120374679565,0.1163506880402565,0.7830963134765625,0.014536180533468723,0.007561069447547197,0.009770411066710949,0.3401906192302704,0.006841101683676243,0.0055742086842656136,0.005634162575006485,0.20791220664978027
0018,000209,209,0.16052430868148804,1.122944712638855,0.1172003522515297,0.7928922176361084,0.014437484554946423,0.007558892015367746,0.009794260375201702,0.34016239643096924,0.006703237071633339,0.005341511685401201,0.0055986265651881695,0.20822927355766296
0018,000210,210,0.15971159934997559,1.1213369369506836,0.11270073801279068,0.7432409524917603,0.014440934173762798,0.007566460873931646,0.009796268306672573,0.34020593762397766,0.0074941557832062244,0.005435592494904995,0.006116410717368126,0.20794124901294708
0018,000211,211,0.16012917459011078,1.1280995607376099,0.11452703922986984,0.7509494423866272,0.014419419690966606,0.007577241398394108,0.0098399817943573,0.34019792079925537,0.0073462012223899364,0.005521847400814295,0.005984877236187458,0.207759290933609
0018,000212,212,0.15948881208896637,1.1207735538482666,0.11215023696422577,0.7244309186935425,0.014467994682490826,0.007570186164230108,0.00983099639415741,0.34019944071769714,0.007203063927590847,0.0054691992700099945,0.005811142269521952,0.20766019821166992
0018,000213,213,0.16001208126544952,1.1246404647827148,0.1110784038901329,0.7111034393310547,0.014657226391136646,0.007557511795312166,0.00992800947278738,0.3402118980884552,0.0072492328472435474,0.005505406763404608,0.005833150818943977,0.20746611058712006
0018,000214,214,0.15916001796722412,1.1194947957992554,0.11434537172317505,0.7425840497016907,0.014539504423737526,0.0075510237365961075,0.009893993847072124,0.3402223289012909,0.007185288704931736,0.005476631689816713,0.0059019592590630054,0.20744098722934723
0018,000215,215,0.15966661274433136,1.1226557493209839,0.11039724200963974,0.7143177390098572,0.014515144750475883,0.007584695238620043,0.009910490363836288,0.3402659595012665,0.007431190926581621,0.005516321863979101,0.0060789929702878,0.2072489857673645
0018,000216,216,0.15920686721801758,1.12167489528656,0.11097448319196701,0.7203468680381775,0.014548682607710361,0.00762429041787982,0.009923267178237438,0.34026771783828735,0.007167814765125513,0.005523391533643007,0.005867079831659794,0.20721158385276794
0018,000217,217,0.15902318060398102,1.1241340637207031,0.10883349925279617,0.6958873271942139,0.01456895936280489,0.007657088804990053,0.00991760566830635,0.3402766287326813,0.007669762708246708,0.005623698700219393,0.006164225284010172,0.2069302797317505
0018,000218,218,0.15915104746818542,1.1221766471862793,0.11052247881889343,0.7141948342323303,0.014589348807930946,0.007677505258470774,0.009869969449937344,0.3403179943561554,0.007491530384868383,0.00566658703610301,0.006088043097406626,0.20678171515464783
0018,000219,219,0.1591290831565857,1.1242097616195679,0.11740538477897644,0.7731467485427856,0.014723695814609528,0.007710310164839029,0.009904108010232449,0.34031441807746887,0.007033982779830694,0.005501801148056984,0.005720942746847868,0.20701855421066284
0018,000220,220,0.15963418781757355,1.124871850013733,0.11366899311542511,0.7418279647827148,0.014840765856206417,0.00773604167625308,0.009929087944328785,0.3402894139289856,0.006987954024225473,0.005459116771817207,0.005667690187692642,0.2069932222366333
0018,000221,221,0.16042077541351318,1.1246029138565063,0.11564528197050095,0.7437253594398499,0.014801918528974056,0.0077384160831570625,0.009900473989546299,0.34032049775123596,0.006977558601647615,0.005390586797147989,0.005607201252132654,0.20699626207351685
0018,000222,222,0.1611831784248352,1.1251895427703857,0.11973017454147339,0.801185131072998,0.014794210903346539,0.007729033008217812,0.009879346936941147,0.34033727645874023,0.006533736828714609,0.005113119725137949,0.005381234455853701,0.20756423473358154
0018,000223,223,0.1605454981327057,1.1265969276428223,0.11808376014232635,0.8010551929473877,0.014778872020542622,0.007714677136391401,0.009876808151602745,0.3403291404247284,0.0070228297263383865,0.004965032916516066,0.005812963005155325,0.20801134407520294
0018,000224,224,0.16052059829235077,1.122252106666565,0.11127443611621857,0.7464024424552917,0.014764990657567978,0.00768913421779871,0.00990501418709755,0.3402942419052124,0.008015045896172523,0.005172020755708218,0.006585435010492802,0.2077759951353073
0018,000225,225,0.16030718386173248,1.1222094297409058,0.10979070514440536,0.7349377870559692,0.014544405974447727,0.007677599787712097,0.009823160246014595,0.3402816951274872,0.007321102079004049,0.005236334167420864,0.006041897460818291,0.2077556699514389
0018,000226,226,0.15970191359519958,1.1216498613357544,0.10866842418909073,0.7277097702026367,0.014590944163501263,0.007661663461476564,0.009846785105764866,0.3402734696865082,0.008191787637770176,0.005516491364687681,0.006743239238858223,0.20737016201019287
0018,000227,227,0.1592082381248474,1.121552586555481,0.10953601449728012,0.7255768179893494,0.014489362947642803,0.007657344453036785,0.00984960701316595,0.3402717113494873,0.007407090626657009,0.005586628802120686,0.006057168822735548,0.20720914006233215
0018,000228,228,0.1593719869852066,1.1221554279327393,0.10900391638278961,0.7235704660415649,0.014502296224236488,0.007671950850635767,0.00987456925213337,0.34024062752723694,0.007645242381840944,0.005719901993870735,0.00628019729629159,0.20693974196910858
0018,000229,229,0.1590975821018219,1.1186009645462036,0.10880577564239502,0.716314971446991,0.014455940574407578,0.007673689164221287,0.00985486526042223,0.34024471044540405,0.0077153341844677925,0.005868567153811455,0.006311877630650997,0.2066030651330948
0018,000230,230,0.16008755564689636,1.1225736141204834,0.11131231486797333,0.7364025115966797,0.014410623349249363,0.007685218937695026,0.009895144030451775,0.34021714329719543,0.007252643816173077,0.005853827577084303,0.006018303334712982,0.20656214654445648
0018,000231,231,0.16033001244068146,1.1249860525131226,0.11341439932584763,0.7556804418563843,0.014439241960644722,0.007670002523809671,0.009937026537954807,0.3401779532432556,0.007381195668131113,0.005909379106014967,0.006166843231767416,0.20638985931873322
0018,000232,232,0.15946246683597565,1.1191462278366089,0.11481045931577682,0.7645288705825806,0.014445523731410503,0.007668840698897839,0.009938828647136688,0.3401394188404083,0.007445740979164839,0.005951710045337677,0.00621873140335083,0.2062990963459015
0018,000233,233,0.1585439294576645,1.1190117597579956,0.11613141000270844,0.770352840423584,0.014363128691911697,0.0076841567642986774,0.009928690269589424,0.34016233682632446,0.006834376137703657,0.00577881233766675,0.005745133385062218,0.20643877983093262
0018,000234,234,0.15927274525165558,1.1199393272399902,0.1132880449295044,0.7450430989265442,0.014382457360625267,0.007696651853621006,0.009929089806973934,0.3401593863964081,0.007513330318033695,0.00587428966537118,0.006289619021117687,0.20619365572929382
0018,000235,235,0.15996794402599335,1.1249841451644897,0.1128624826669693,0.7384883165359497,0.014552338048815727,0.007729083299636841,0.009969743900001049,0.34016838669776917,0.007839891128242016,0.006016537081450224,0.006492408458143473,0.20586681365966797
0018,000236,236,0.1595851629972458,1.120167851448059,0.11308300495147705,0.7368974685668945,0.014615450985729694,0.007734096143394709,0.009933880530297756,0.34018683433532715,0.007049808744341135,0.0059365457855165005,0.005897319409996271,0.20586970448493958
0018,000237,237,0.16000808775424957,1.1186327934265137,0.11549029499292374,0.7464279532432556,0.014668936841189861,0.00773702934384346,0.009940911084413528,0.34014835953712463,0.007337942253798246,0.005889211781322956,0.006110614165663719,0.20577172935009003
0018,000238,238,0.16009385883808136,1.1171345710754395,0.11277516186237335,0.7273313403129578,0.014785422943532467,0.007723517250269651,0.00995809119194746,0.3401511311531067,0.007603755220770836,0.005943479482084513,0.006317461840808392,0.20558935403823853
0018,000239,239,0.16117919981479645,1.1250088214874268,0.10899557173252106,0.677033007144928,0.014881622046232224,0.007689512334764004,0.010026386938989162,0.340154230594635,0.008303831331431866,0.006121181882917881,0.0065839956514537334,0.20497700572013855
0018,000240,240,0.1610243022441864,1.1286499500274658,0.1087736263871193,0.6763848662376404,0.014964253641664982,0.007685487624257803,0.01010108832269907,0.3401554524898529,0.008194617927074432,0.006259979214519262,0.006579987704753876,0.20456093549728394
0018,000241,241,0.1608317345380783,1.126665472984314,0.11119858920574188,0.6992745399475098,0.014964551664888859,0.007678627036511898,0.01011248305439949,0.34015020728111267,0.007411176338791847,0.006111246533691883,0.0059695178642869,0.20456770062446594
0018,000242,242,0.16101640462875366,1.1286147832870483,0.11530063301324844,0.7344015836715698,0.015002535656094551,0.0076769753359258175,0.010177222080528736,0.3400900959968567,0.007134041748940945,0.00589954387396574,0.005778665654361248,0.2047378420829773
0018,000243,243,0.1626151204109192,1.13856840133667,0.11534605920314789,0.7342004776000977,0.015075373463332653,0.0076812636107206345,0.010212021879851818,0.34012359380722046,0.007299318443983793,0.005834531504660845,0.00597739964723587,0.20467069745063782
0018,000244,244,0.1638028621673584,1.1404118537902832,0.11847486346960068,0.7626112699508667,0.015080822631716728,0.007711927406489849,0.010213150642812252,0.3401367962360382,0.006995280273258686,0.005718996282666922,0.005747743882238865,0.20480084419250488
0018,000245,245,0.16446465253829956,1.1429775953292847,0.11694130301475525,0.754090428352356,0.015073349699378014,0.007711466401815414,0.010192129760980606,0.34012719988822937,0.00699741393327713,0.005643182434141636,0.005774147342890501,0.20486459136009216
0018,000246,246,0.16378647089004517,1.1387901306152344,0.1180322915315628,0.7624912858009338,0.015136003494262695,0.0076959580183029175,0.010203695856034756,0.3401147723197937,0.007459857501089573,0.0056923506781458855,0.00608182605355978,0.20474494993686676
0018,000247,247,0.1636618971824646,1.1436561346054077,0.11486794054508209,0.7454239130020142,0.015134540386497974,0.007683271542191505,0.010237890295684338,0.34011659026145935,0.007654993794858456,0.005788329057395458,0.006253658328205347,0.20460982620716095
0018,000248,248,0.16399361193180084,1.146722435951233,0.11751557886600494,0.7752322554588318,0.01512183714658022,0.007681706454604864,0.01028624176979065,0.3400943875312805,0.007361250463873148,0.005738390609622002,0.006154307629913092,0.2047901600599289
0018,000249,249,0.1638285368680954,1.1443166732788086,0.11780448257923126,0.7909484505653381,0.015148132108151913,0.007691950537264347,0.010317988693714142,0.34008699655532837,0.007070671766996384,0.0056393882259726524,0.005994125735014677,0.20498710870742798
0018,000250,250,0.16454122960567474,1.1400882005691528,0.11808779090642929,0.7816753387451172,0.015119208954274654,0.007707260549068451,0.010314852930605412,0.3400948643684387,0.0070469193160533905,0.0055450876243412495,0.005853679031133652,0.20514646172523499
0018,000251,251,0.16494767367839813,1.1409438848495483,0.11924360692501068,0.7898196578025818,0.015147669240832329,0.007701103575527668,0.010329733602702618,0.34009042382240295,0.0070147085934877396,0.005441119894385338,0.005860615987330675,0.205351322889328
0018,000252,252,0.1641000360250473,1.1334909200668335,0.11783043295145035,0.7712730765342712,0.015151334926486015,0.007708341348916292,0.01031059306114912,0.3400677442550659,0.00713995611295104,0.005415481049567461,0.005880457814782858,0.20544415712356567
0018,000253,253,0.16550172865390778,1.1437269449234009,0.11906043440103531,0.7954437732696533,0.015221783891320229,0.007725205272436142,0.01042697299271822,0.3400975167751312,0.007153977174311876,0.0053685512393713,0.006059699226170778,0.20565910637378693
0018,000254,254,0.1660647839307785,1.1436378955841064,0.12049081176519394,0.8148531317710876,0.015130273997783661,0.007733394391834736,0.010347045958042145,0.3401055634021759,0.007600973825901747,0.005385503172874451,0.00645295437425375,0.2058095484972
0018,000255,255,0.1667984575033188,1.1454615592956543,0.11717502772808075,0.7795526385307312,0.015172801911830902,0.007751975208520889,0.01037687435746193,0.3401280641555786,0.008007771335542202,0.005564376711845398,0.006563167553395033,0.20562449097633362
0018,000256,256,0.1673562079668045,1.1498520374298096,0.11733321845531464,0.8012721538543701,0.015215910971164703,0.007776123005896807,0.01041910145431757,0.3401249945163727,0.00746953533962369,0.005552881862968206,0.0062848241068422794,0.20587676763534546
0018,000257,257,0.16855458915233612,1.145695447921753,0.1163572445511818,0.7929744124412537,0.01525105070322752,0.007783069740980864,0.010375134646892548,0.3401412069797516,0.007678986992686987,0.005618986673653126,0.006374193821102381,0.20589235424995422
0018,000258,258,0.1684066653251648,1.1500425338745117,0.11885258555412292,0.8169435262680054,0.015303252264857292,0.007805028930306435,0.010427659377455711,0.3401432931423187,0.00815998762845993,0.005651488900184631,0.006728440057486296,0.20597957074642181
0018,000259,259,0.16965843737125397,1.158644676208496,0.11450126767158508,0.7788906693458557,0.015276595950126648,0.00782045442610979,0.01045659463852644,0.34014812111854553,0.008811622858047485,0.005899972748011351,0.007232685573399067,0.2055552899837494
0018,000260,260,0.16897185146808624,1.1580239534378052,0.1137026697397232,0.7630673050880432,0.015269460156559944,0.007842977531254292,0.010496707633137703,0.3401474356651306,0.008934046141803265,0.006134490016847849,0.007286693900823593,0.20520631968975067
0018,000261,261,0.16944877803325653,1.1594411134719849,0.11182684451341629,0.7598035931587219,0.01512094959616661,0.00786212831735611,0.010411344468593597,0.34012386202812195,0.007983887568116188,0.006163186393678188,0.0066283466294407845,0.20514558255672455
0018,000262,262,0.16976298391819,1.1590020656585693,0.115880087018013,0.7949448227882385,0.015183343552052975,0.007855700328946114,0.010398739948868752,0.3401137590408325,0.007504004519432783,0.005999925546348095,0.006151496432721615,0.20538997650146484
0018,000263,263,0.170576810836792,1.1563420295715332,0.1116119772195816,0.7650821805000305,0.015184257179498672,0.007837462238967419,0.010369310155510902,0.34008273482322693,0.008079473860561848,0.006055383011698723,0.006675807759165764,0.20531442761421204
0018,000264,264,0.17208231985569,1.1564937829971313,0.11244989931583405,0.767520010471344,0.015281172469258308,0.007811176590621471,0.010374963283538818,0.3400857746601105,0.008034099824726582,0.0061307502910494804,0.0065924557857215405,0.20510122179985046
0018,000265,265,0.17242328822612762,1.1539113521575928,0.11367461085319519,0.7839841842651367,0.015302907675504684,0.007789937313646078,0.010361762717366219,0.3400397300720215,0.007524274289608002,0.006055950652807951,0.006212887354195118,0.2052096277475357
0018,000266,266,0.17277060449123383,1.148909091949463,0.11380567401647568,0.7892270088195801,0.015362992882728577,0.007797976490110159,0.010383544489741325,0.34003451466560364,0.0071850125677883625,0.0058985608629882336,0.00596431503072381,0.20540307462215424
0018,000267,267,0.17262813448905945,1.1482902765274048,0.11503146588802338,0.8028112053871155,0.015354304574429989,0.007813427597284317,0.01033747848123312,0.3400139808654785,0.007010739762336016,0.005732424557209015,0.005838886369019747,0.20571990311145782
0018,000268,268,0.17253504693508148,1.1445541381835938,0.11354263126850128,0.7748932838439941,0.015389231964945793,0.00779774971306324,0.010264251381158829,0.3400220572948456,0.007507055066525936,0.005688811186701059,0.006149556953459978,0.20569288730621338
0018,000269,269,0.17423751950263977,1.1522572040557861,0.11631806194782257,0.7863766551017761,0.015438815578818321,0.007763012312352657,0.010271058417856693,0.3399515450000763,0.007313558831810951,0.005570642650127411,0.0060155875980854034,0.20570792257785797
0018,000270,270,0.17155690491199493,1.1374266147613525,0.11854669451713562,0.806520402431488,0.015569174662232399,0.007757800165563822,0.010256480425596237,0.33997946977615356,0.007367834914475679,0.005439900793135166,0.006097352132201195,0.20601148903369904
0018,000271,271,0.17051734030246735,1.1386547088623047,0.11783189326524734,0.8123325705528259,0.015431714244186878,0.007765530608594418,0.01027638465166092,0.33993110060691833,0.007368952035903931,0.005375768523663282,0.006129743531346321,0.20640304684638977
0018,000272,272,0.1714269369840622,1.1343246698379517,0.11751657724380493,0.8004171252250671,0.015328765846788883,0.007772647310048342,0.0103080989792943,0.33992868661880493,0.007424232084304094,0.005338138435035944,0.006022911053150892,0.2064991444349289
0018,000273,273,0.1708378791809082,1.137782096862793,0.11680769920349121,0.7987315058708191,0.015386153943836689,0.007825708016753197,0.010398667305707932,0.3399282693862915,0.007128216791898012,0.005273766815662384,0.005922338459640741,0.2066359519958496
0018,000274,274,0.17165696620941162,1.145283579826355,0.11298775672912598,0.7422429919242859,0.015253751538693905,0.007874171249568462,0.010355299338698387,0.3399187922477722,0.008528911508619785,0.00555263040587306,0.006895036436617374,0.2060030847787857
0018,000275,275,0.17283213138580322,1.1514747142791748,0.11536382138729095,0.7463231086730957,0.015276954509317875,0.007906703278422356,0.010342841036617756,0.3399372696876526,0.00793980062007904,0.005742119625210762,0.006433827802538872,0.205683171749115
0018,000276,276,0.17170582711696625,1.1449639797210693,0.11560415476560593,0.7547630071640015,0.015048988163471222,0.0079163433983922,0.010219131596386433,0.33991310000419617,0.007342443335801363,0.0057485452853143215,0.006038825027644634,0.20568913221359253
0018,000277,277,0.17262735962867737,1.1535601615905762,0.11432132124900818,0.7348448634147644,0.014900845475494862,0.00790849607437849,0.010213468223810196,0.33989500999450684,0.0074890791438519955,0.0057862079702317715,0.006096030119806528,0.20553423464298248
0018,000278,278,0.17241887748241425,1.1546587944030762,0.11774279177188873,0.7746297717094421,0.01495356298983097,0.007952273823320866,0.010247478261590004,0.3399209678173065,0.006861282512545586,0.005623064935207367,0.005670358892530203,0.20586949586868286
0018,000279,279,0.171760693192482,1.1577856540679932,0.11578696966171265,0.7555796504020691,0.014779284596443176,0.007958282716572285,0.010139836929738522,0.33993446826934814,0.0072764139622449875,0.005634670611470938,0.006022407673299313,0.20575426518917084
0018,000280,280,0.17164097726345062,1.1572508811950684,0.11687491834163666,0.7780328989028931,0.014689513482153416,0.007982255890965462,0.010107927024364471,0.33993828296661377,0.006962178274989128,0.005569180939346552,0.005824639927595854,0.20597395300865173
0018,000281,281,0.1722729653120041,1.1595865488052368,0.11581309884786606,0.763683557510376,0.014752862975001335,0.008006259799003601,0.010094876401126385,0.33995333313941956,0.007530461996793747,0.005665173288434744,0.006282911170274019,0.20584088563919067
0018,000282,282,0.17254535853862762,1.1604681015014648,0.11370129138231277,0.7363119125366211,0.014684472233057022,0.008012616075575352,0.010062544606626034,0.3399635851383209,0.007866577245295048,0.005775586701929569,0.0063956561498343945,0.20554780960083008
0018,000283,283,0.17202423512935638,1.1575051546096802,0.11936135590076447,0.7942581176757812,0.014836505986750126,0.007981173694133759,0.010150721296668053,0.3399485647678375,0.007394670974463224,0.005725923925638199,0.006237957160919905,0.20566865801811218
0018,000284,284,0.1726539433002472,1.1569398641586304,0.1185271367430687,0.7889105081558228,0.015037215314805508,0.007924026809632778,0.010255795903503895,0.33991241455078125,0.00729296775534749,0.0056551722809672356,0.006098035257309675,0.20581986010074615
0018,000285,285,0.17207804322242737,1.1538697481155396,0.11884014308452606,0.7870063781738281,0.015037468634545803,0.007916831411421299,0.010278069414198399,0.3399379253387451,0.007951493375003338,0.005732690449804068,0.0065178354270756245,0.20576125383377075
0018,000286,286,0.17198388278484344,1.1552644968032837,0.11884157359600067,0.7908350825309753,0.015019441954791546,0.00794194545596838,0.010284869000315666,0.33993154764175415,0.00817102286964655,0.005836415570229292,0.006819923408329487,0.20572686195373535
0018,000287,287,0.17162731289863586,1.1568151712417603,0.11895257234573364,0.807983934879303,0.015227603726089,0.007974278181791306,0.010318320244550705,0.3399226665496826,0.008152836002409458,0.005958945024758577,0.006904319394379854,0.20573166012763977
0018,000288,288,0.1705271154642105,1.156964659690857,0.11816146969795227,0.8200523257255554,0.015387834049761295,0.007987144403159618,0.010418062098324299,0.3398343622684479,0.008085428737103939,0.005877069663256407,0.006894151214510202,0.20612406730651855
0018,000289,289,0.16994355618953705,1.152395248413086,0.11858110874891281,0.834636926651001,0.015350180678069592,0.007982439361512661,0.01044242549687624,0.3398215174674988,0.008395363576710224,0.005923984572291374,0.007100352551788092,0.206232488155365
0018,000290,290,0.17043624818325043,1.160786747932434,0.11748941242694855,0.8224826455116272,0.015276387333869934,0.008025016635656357,0.010591286234557629,0.33986008167266846,0.00801803544163704,0.005934536922723055,0.006707542575895786,0.2062896490097046
0018,000291,291,0.1684248298406601,1.1445066928863525,0.12037573009729385,0.8207371830940247,0.014997427351772785,0.0080055370926857,0.010386972688138485,0.3398851156234741,0.008086237125098705,0.005936013534665108,0.006689113564789295,0.20610985159873962
0018,000292,292,0.17083711922168732,1.1444240808486938,0.12287440896034241,0.8264764547348022,0.014911037869751453,0.007919573225080967,0.01029874850064516,0.339778870344162,0.00847349688410759,0.005934410262852907,0.007012858986854553,0.20579911768436432
0018,000293,293,0.17067761719226837,1.1451691389083862,0.12040438503026962,0.8012462854385376,0.014700430445373058,0.007947816513478756,0.010259323753416538,0.33979088068008423,0.0074426280334591866,0.0057959542609751225,0.006309570278972387,0.20595921576023102
0018,000294,294,0.17185457050800323,1.1482079029083252,0.1226031482219696,0.8282130360603333,0.014657165855169296,0.00798935629427433,0.010213290341198444,0.3398084342479706,0.0070681446231901646,0.005569894798099995,0.005994293373078108,0.20636335015296936
0018,000295,295,0.1704464703798294,1.1408673524856567,0.12128669023513794,0.7997611165046692,0.014605206437408924,0.00798653531819582,0.010153309442102909,0.3398047089576721,0.007612091489136219,0.005670337472110987,0.006360480561852455,0.2061919867992401
0018,000296,296,0.1703302264213562,1.139029860496521,0.12197309732437134,0.8233422636985779,0.014678813517093658,0.00799201987683773,0.010202692821621895,0.3398219645023346,0.007235419470816851,0.005627591162919998,0.0061781336553394794,0.2064211666584015
0018,000297,297,0.17125652730464935,1.141902208328247,0.11805970221757889,0.7972567677497864,0.014762802049517632,0.008013875223696232,0.010242162272334099,0.3398156762123108,0.007280820980668068,0.005610246676951647,0.006154362577944994,0.20659209787845612
0018,000298,298,0.17211173474788666,1.1444367170333862,0.11781782656908035,0.7940208911895752,0.014800149947404861,0.008034534752368927,0.01024616789072752,0.33985602855682373,0.00709901936352253,0.005531379021704197,0.005988444201648235,0.206801176071167
0018,000299,299,0.1720006763935089,1.1397593021392822,0.11559168249368668,0.7817795276641846,0.014868402853608131,0.008037732914090157,0.010215675458312035,0.3398762345314026,0.00706035690382123,0.005424860864877701,0.00595599552616477,0.20707671344280243
0018,000300,300,0.17255544662475586,1.139181137084961,0.11699588596820831,0.7920827269554138,0.015019005164504051,0.00804639421403408,0.010196484625339508,0.33988818526268005,0.007269739639014006,0.005445404443889856,0.006101605016738176,0.2071247547864914
0018,000301,301,0.17232748866081238,1.1377298831939697,0.11718013137578964,0.8053944706916809,0.015108208172023296,0.00803785677999258,0.01016999687999487,0.3399002254009247,0.007439773064106703,0.005404568277299404,0.006285334937274456,0.20743978023529053
0018,000302,302,0.17249348759651184,1.1406288146972656,0.11491188406944275,0.7933576703071594,0.015109851956367493,0.008017949759960175,0.01021523680537939,0.33990541100502014,0.007590072229504585,0.00539929885417223,0.006437092088162899,0.20763398706912994
0018,000303,303,0.17134298384189606,1.1394214630126953,0.11376798897981644,0.7860218286514282,0.015134342946112156,0.008027751930058002,0.010222005657851696,0.3399418890476227,0.007309850305318832,0.0053894128650426865,0.006240230519324541,0.20789320766925812
0018,000304,304,0.17193518579006195,1.1469078063964844,0.11392773687839508,0.7969385385513306,0.015126281417906284,0.008041075430810452,0.010273098945617676,0.3399260640144348,0.0072225285694003105,0.005313485395163298,0.006202210672199726,0.20817241072654724
0018,000305,305,0.17124304175376892,1.1484463214874268,0.1103406623005867,0.7543200254440308,0.015039188787341118,0.008078987710177898,0.01032832358032465,0.33994412422180176,0.007751645054668188,0.005408873315900564,0.00647435337305069,0.20805373787879944
0018,000306,306,0.1719903200864792,1.152665376663208,0.11211949586868286,0.7723256945610046,0.014968947507441044,0.008104504086077213,0.010317498818039894,0.3399653136730194,0.00719341030344367,0.005389584694057703,0.006085868924856186,0.208190456032753
0018,000307,307,0.1704966276884079,1.1531813144683838,0.11165624111890793,0.7584205865859985,0.014893771149218082,0.008129381574690342,0.01028439961373806,0.3400011658668518,0.007686292752623558,0.00550004281103611,0.006449481938034296,0.20806382596492767
0018,000308,308,0.17006462812423706,1.1502398252487183,0.11223548650741577,0.7635324597358704,0.014956005848944187,0.008134929463267326,0.010279369540512562,0.33996477723121643,0.007418246474117041,0.005478471517562866,0.0061888000927865505,0.20823805034160614
0018,000309,309,0.17188934981822968,1.1534539461135864,0.11228345334529877,0.7599669694900513,0.01496206410229206,0.008129208348691463,0.010211845859885216,0.3399459719657898,0.007821723818778992,0.005558558739721775,0.006509082391858101,0.20810630917549133
0018,000310,310,0.17161962389945984,1.1501290798187256,0.11428393423557281,0.7869096994400024,0.014972969889640808,0.008097663521766663,0.010167627595365047,0.3399055004119873,0.008059104904532433,0.005640157498419285,0.0068389312364161015,0.2080736756324768
0018,000311,311,0.17135237157344818,1.143956184387207,0.11256960779428482,0.7544161677360535,0.01500812266021967,0.008105113171041012,0.010194416157901287,0.3398817777633667,0.007687726058065891,0.005670449230819941,0.006332024000585079,0.2079954892396927
0018,000312,312,0.17136652767658234,1.1406644582748413,0.11361731588840485,0.7609246373176575,0.014965333975851536,0.008110485970973969,0.010203463025391102,0.33985835313796997,0.0075737182050943375,0.005660560913383961,0.0062691830098629,0.20789146423339844
0018,000313,313,0.17040464282035828,1.1359237432479858,0.11217349022626877,0.7370273470878601,0.01480278093367815,0.008132577873766422,0.010141939856112003,0.3398870527744293,0.007679478265345097,0.005638821516185999,0.006243839859962463,0.20765547454357147
0018,000314,314,0.17015807330608368,1.1371281147003174,0.11574055254459381,0.759928286075592,0.01477022748440504,0.008142118342220783,0.01012175902724266,0.339902400970459,0.0071664550341665745,0.005591489840298891,0.005865759681910276,0.20767389237880707
0018,000315,315,0.17090021073818207,1.1431504487991333,0.11676604300737381,0.7817496061325073,0.01475308183580637,0.008142393082380295,0.010116783902049065,0.3399360775947571,0.006819861009716988,0.005360777955502272,0.005753324367105961,0.20800238847732544
0018,000316,316,0.17025895416736603,1.139817476272583,0.11285366117954254,0.7522927522659302,0.014753713272511959,0.008150443434715271,0.010111041367053986,0.33997058868408203,0.0066097271628677845,0.005249740555882454,0.0055628325790166855,0.20824401080608368
0018,000317,317,0.169830322265625,1.1381837129592896,0.11453378945589066,0.7586413025856018,0.014765812084078789,0.008147146552801132,0.010092596523463726,0.33997100591659546,0.0069470941089093685,0.005258249118924141,0.005821980070322752,0.20822478830814362
0018,000318,318,0.16970312595367432,1.1357163190841675,0.11425390839576721,0.7502794861793518,0.014671931974589825,0.008143954910337925,0.010050891898572445,0.3399917781352997,0.007260138168931007,0.005364445969462395,0.0060719214379787445,0.20804212987422943
0018,000319,319,0.17101627588272095,1.1422629356384277,0.11336637288331985,0.73679518699646,0.01467020995914936,0.008129971101880074,0.010004417039453983,0.33997103571891785,0.006819962523877621,0.005345042794942856,0.005652414634823799,0.20809650421142578
0018,000320,320,0.17117661237716675,1.1434217691421509,0.1153636947274208,0.7580162882804871,0.014735334552824497,0.00810947921127081,0.01002387423068285,0.33996304869651794,0.006377513986080885,0.0051702107302844524,0.005286601837724447,0.20846928656101227
0018,000321,321,0.1723313182592392,1.1468288898468018,0.11597125232219696,0.7744848728179932,0.014783618040382862,0.008103175088763237,0.010060740634799004,0.33996349573135376,0.0063814991153776646,0.005049056373536587,0.0053699505515396595,0.20878760516643524
0018,000322,322,0.17153087258338928,1.1393845081329346,0.11452287435531616,0.7557183504104614,0.01473283115774393,0.008120160549879074,0.010042919777333736,0.33996203541755676,0.0066449870355427265,0.00506057171151042,0.0055011240765452385,0.20889529585838318
0018,000323,323,0.1726698875427246,1.143282413482666,0.11452231556177139,0.7511141896247864,0.014676664024591446,0.008116398938000202,0.009963191114366055,0.3399929106235504,0.00715675251558423,0.005154066253453493,0.0059180972166359425,0.2088175117969513
0018,000324,324,0.17170284688472748,1.13812255859375,0.11598630249500275,0.7581872940063477,0.014732415787875652,0.008121621794998646,0.009924699552357197,0.3400129973888397,0.007328364998102188,0.0052152154967188835,0.006007233634591103,0.20876061916351318
0018,000325,325,0.17186418175697327,1.1430060863494873,0.11495304852724075,0.7352409958839417,0.01492978073656559,0.008172109723091125,0.010018794797360897,0.3400351107120514,0.007772639859467745,0.005416470114141703,0.006336800288408995,0.2084493786096573
0018,000326,326,0.17132042348384857,1.1407477855682373,0.11802730709314346,0.7573440074920654,0.014712179079651833,0.008210265077650547,0.009968259371817112,0.34003451466560364,0.0070307389833033085,0.005398852284997702,0.005702749826014042,0.20861060917377472
0018,000327,327,0.17189906537532806,1.1394637823104858,0.11699476838111877,0.7502056360244751,0.01461526658385992,0.008274313062429428,0.00997000839561224,0.3401026129722595,0.007180757820606232,0.005413384176790714,0.005914976820349693,0.2084941565990448
0018,000328,328,0.17168503999710083,1.1351364850997925,0.11670579761266708,0.7542132139205933,0.01443447731435299,0.008320373483002186,0.00994250737130642,0.34003746509552,0.006727687083184719,0.005248100962489843,0.00553795276209712,0.20872721076011658
0018,000329,329,0.17180085182189941,1.1394684314727783,0.11906073242425919,0.7771315574645996,0.014321446418762207,0.008377590216696262,0.009936127811670303,0.3400384783744812,0.006466487422585487,0.005110182333737612,0.00541192851960659,0.20895151793956757
0018,000330,330,0.17350593209266663,1.148080587387085,0.11644186079502106,0.7580625414848328,0.014362601563334465,0.008411295711994171,0.009978332556784153,0.340023934841156,0.00698813796043396,0.005200251936912537,0.005860459059476852,0.2088315337896347
0018,000331,331,0.17380927503108978,1.1513131856918335,0.11689440906047821,0.769232451915741,0.014255838468670845,0.00843121763318777,0.009920994751155376,0.34001997113227844,0.006424758583307266,0.00509058078750968,0.00539391627535224,0.20916923880577087
0018,000332,332,0.1751856505870819,1.1575661897659302,0.11988507956266403,0.793836772441864,0.014087950810790062,0.008402740582823753,0.00985653419047594,0.3400520086288452,0.006646641530096531,0.005104301497340202,0.005634895991533995,0.2093057930469513
0018,000333,333,0.17285236716270447,1.1475454568862915,0.1148478239774704,0.7480730414390564,0.014252441935241222,0.008455377072095871,0.00989671889692545,0.3400345742702484,0.006610398180782795,0.005065786186605692,0.005555788986384869,0.20933036506175995
0018,000334,334,0.17402012646198273,1.1514060497283936,0.11873514205217361,0.7692782282829285,0.014194102957844734,0.00851181149482727,0.009887619875371456,0.3400823473930359,0.006639326456934214,0.005110823083668947,0.005538506433367729,0.20933839678764343
0018,000335,335,0.17270427942276,1.1448825597763062,0.11586734652519226,0.7659046649932861,0.014154509641230106,0.008577701635658741,0.00986819714307785,0.3401215970516205,0.006402285303920507,0.005012404639273882,0.005422972142696381,0.2097388654947281
0018,000336,336,0.17263631522655487,1.1450036764144897,0.11532824486494064,0.7671983242034912,0.014131586998701096,0.008654618635773659,0.009848913177847862,0.34015601873397827,0.006597271654754877,0.005046434700489044,0.005627806764096022,0.20988941192626953
0018,000337,337,0.17233134806156158,1.1430459022521973,0.1149289608001709,0.7612897157669067,0.014231741428375244,0.008663401007652283,0.00985783152282238,0.3401333689689636,0.007125415839254856,0.005185534246265888,0.006011283490806818,0.20980389416217804
0018,000338,338,0.17304834723472595,1.146278977394104,0.11527474224567413,0.7588673830032349,0.014453542418777943,0.008605113252997398,0.009983859956264496,0.34010428190231323,0.007173748221248388,0.005260577891021967,0.006045181304216385,0.2097194492816925
