sequence_id,frame_id,frame_index,p_z1,r_z1,gain_z1,p_z4,r_z4,gain_z4,error_z1,dynamic_error_z1,correction_z1,state_z1,error_z4,dynamic_error_z4,correction_z4,state_z4
0002,000002,2,0.0003369137702975422,0.0003953677078243345,0.4636593163013458,0.0005367459380067885,0.0005676858127117157,0.47281980514526367,0.015499196946620941,0.0032083336263895035,0.008095408789813519,0.3398468494415283,0.006140532437711954,0.0012710902374237776,0.0032090942841023207,0.2076660394668579
0002,000003,3,0.0003597145841922611,0.0004128040454816073,0.4689030051231384,0.0005314455484040082,0.0005497831152752042,0.4757535755634308,0.015575938858091831,0.004156765528023243,0.00810276810079813,0.3398943245410919,0.0063375988975167274,0.0018180321203544736,0.003262458834797144,0.208269864320755
0002,000004,4,0.0003731265023816377,0.0004215650842525065,0.47193825244903564,0.0005139315035194159,0.0005329356645233929,0.4749334752559662,0.015520120970904827,0.00457892706617713,0.008057470433413982,0.33994260430336,0.006635286379605532,0.002199473325163126,0.003399940673261881,0.2087557166814804
0002,000005,5,0.0003838584525510669,0.0004320174048189074,0.4721369445323944,0.0004994792398065329,0.0005245011416263878,0.4735524654388428,0.01563343033194542,0.004808892495930195,0.008125157095491886,0.33997440338134766,0.006298585794866085,0.002371850423514843,0.0032461758237332106,0.20936420559883118
0002,000006,6,0.00038477531052194536,0.0004389520618133247,0.4673421382904053,0.0004997833166271448,0.0005389436264522374,0.4707070589065552,0.015412761829793453,0.004907746333628893,0.008081171661615372,0.3400287628173828,0.006252293009310961,0.0023842991795390844,0.003274731570854783,0.20984984934329987
0002,000007,7,0.0003874832473229617,0.0004453396541066468,0.4644926190376282,0.0004960320657119155,0.0005372817977331579,0.4698033034801483,0.015241045504808426,0.004978622309863567,0.00804198533296585,0.3400562107563019,0.006115845404565334,0.0024245968088507652,0.003220543498173356,0.2110876590013504
0002,000008,8,0.00038501451490446925,0.00044999696547165513,0.4598459303379059,0.0005087835597805679,0.0005565154133364558,0.4689500033855438,0.014984832145273685,0.005013344809412956,0.007985197007656097,0.3400607705116272,0.006208996754139662,0.0023779538460075855,0.0033002477139234543,0.21142207086086273
0002,000009,9,0.0003896839334629476,0.0004557870561257005,0.45829084515571594,0.000511717691551894,0.0005582987796515226,0.4700865149497986,0.014985687099397182,0.005041196942329407,0.007983135990798473,0.3400518000125885,0.006545392330735922,0.0022503179498016834,0.003471560310572386,0.21113702654838562
0002,000010,10,0.0003903663018718362,0.0004616080841515213,0.4543420374393463,0.0005245152860879898,0.0006012637750245631,0.4652964174747467,0.015063936822116375,0.005051292944699526,0.008072561584413052,0.34003207087516785,0.008247599005699158,0.0024504405446350574,0.00450166454538703,0.20977362990379333
0002,000011,11,0.0003989730030298233,0.00046535092405974865,0.4579758942127228,0.000532368547283113,0.0006194428424350917,0.4657762944698334,0.015436369925737381,0.0051256995648145676,0.008194612339138985,0.33996501564979553,0.008344225585460663,0.0029983296990394592,0.0046006012707948685,0.20836301147937775
0002,000012,12,0.00040920753963291645,0.0004677350807469338,0.4648076593875885,0.0005167979979887605,0.0005833798786625266,0.4687421917915344,0.015438521280884743,0.005256347823888063,0.008082913234829903,0.33996474742889404,0.007024091202765703,0.002764348639175296,0.00377749209292233,0.2095692753791809
0002,000013,13,0.0004134436894673854,0.0004669749177992344,0.4685952067375183,0.0005298360483720899,0.0005859716329723597,0.4698299467563629,0.01569221168756485,0.005359624978154898,0.008160465396940708,0.33993595838546753,0.006134775001555681,0.0027092425152659416,0.003247173735871911,0.2096286565065384
0002,000014,14,0.0004167922888882458,0.00046655177720822394,0.47126850485801697,0.0005103013827465475,0.000545420334674418,0.47225895524024963,0.015733100473880768,0.005420338828116655,0.008128599263727665,0.33997130393981934,0.006285403855144978,0.002535309409722686,0.0032676379196345806,0.20975002646446228
0002,000015,15,0.0004176356305833906,0.00046636973274871707,0.4720742106437683,0.0004999075899831951,0.0005452800542116165,0.47100475430488586,0.01580941677093506,0.005461656954139471,0.008159243501722813,0.339977502822876,0.006684355903416872,0.0026529559399932623,0.0035044981632381678,0.20918676257133484
0002,000016,16,0.0004172323679085821,0.00047238171100616455,0.4671388566493988,0.00048758756020106375,0.0005380690563470125,0.4695563316345215,0.015655433759093285,0.0054743532091379166,0.008174189366400242,0.34000617265701294,0.006043512374162674,0.00267898035235703,0.0032013903837651014,0.2089453935623169
0002,000017,17,0.00041927327401936054,0.0004782266914844513,0.46598395705223083,0.0004977292846888304,0.0005570442299358547,0.4674416184425354,0.015510458499193192,0.005502946209162474,0.008127503097057343,0.3400191366672516,0.007336301729083061,0.0028487658128142357,0.003951634280383587,0.2076694518327713
0002,000018,18,0.000422376993810758,0.000487077864818275,0.46462762355804443,0.0004983581602573395,0.0005495718796737492,0.46869274973869324,0.015560287050902843,0.005559429991990328,0.00820978358387947,0.34002259373664856,0.0068307421170175076,0.003035422880202532,0.003643355332314968,0.2067556083202362
0002,000019,19,0.0004271809302736074,0.0004918022896163166,0.46691396832466125,0.0004970312584191561,0.00054984912276268,0.4684155583381653,0.015377282164990902,0.0056014591827988625,0.008059132844209671,0.3399990499019623,0.005727696232497692,0.002915015211328864,0.0030433854553848505,0.20670586824417114
0002,000020,20,0.0004257809487171471,0.0004972555907443166,0.46329906582832336,0.0005106166936457157,0.0005609297077171504,0.46886444091796875,0.015373844653367996,0.005598354618996382,0.008139358833432198,0.3399741053581238,0.00592627190053463,0.002966445405036211,0.0031427829526364803,0.2061198204755783
0002,000021,21,0.0004231843340676278,0.0005003371625207365,0.46029409766197205,0.0005113952793180943,0.0005542935105040669,0.46974921226501465,0.015159612521529198,0.005574455484747887,0.00807989202439785,0.33999142050743103,0.005426591727882624,0.0027923781890422106,0.0028564080130308867,0.20619194209575653
0002,000022,22,0.00042415570351295173,0.0005010250024497509,0.46002134680747986,0.0005185056361369789,0.0005577596602961421,0.47086599469184875,0.015227822586894035,0.00556524470448494,0.008104423992335796,0.34000924229621887,0.0058595845475792885,0.002570120617747307,0.003050450934097171,0.20660948753356934
0002,000023,23,0.0004257902328390628,0.0005015447386540473,0.4604104161262512,0.0005203860346227884,0.0005503636202774942,0.47238853573799133,0.01519880723208189,0.005569360218942165,0.008100531063973904,0.34001222252845764,0.006125450599938631,0.0025512909051030874,0.0031513250432908535,0.2063101828098297
0002,000024,24,0.00042577015119604766,0.0004996539792045951,0.46050581336021423,0.0005129071068949997,0.0005488624447025359,0.4716450273990631,0.015143204480409622,0.005542264319956303,0.008059903979301453,0.3399985730648041,0.006095407996326685,0.0026130303740501404,0.003167546819895506,0.20593753457069397
0002,000025,25,0.0004210253246128559,0.0005006705760024488,0.4569343030452728,0.0005098508554510772,0.0005498903919942677,0.4711999297142029,0.015126854181289673,0.005512539763003588,0.008132985793054104,0.3400174379348755,0.005858456250280142,0.002391697373241186,0.0030653902795165777,0.2063651978969574
0002,000026,26,0.00042122736340388656,0.0005128692137077451,0.45139214396476746,0.0005220737657509744,0.0005685698124580085,0.46918395161628723,0.015289033763110638,0.005519176367670298,0.008288996294140816,0.3399951457977295,0.005911000072956085,0.002287328476086259,0.0031352529767900705,0.20645172894001007
0002,000027,27,0.0004262910224497318,0.0005195509875193238,0.4511439800262451,0.0005384287214837968,0.0006015226827003062,0.4673060178756714,0.01478691678494215,0.005587991792708635,0.00803120993077755,0.3399798274040222,0.005771338474005461,0.0022258905228227377,0.003144393675029278,0.20697851479053497
0002,000028,28,0.00043001928133890033,0.0005211794632486999,0.45218247175216675,0.000559559091925621,0.000626211694907397,0.46791157126426697,0.014892201870679855,0.005592016968876123,0.00803776178508997,0.33993643522262573,0.0054877824150025845,0.002299500396475196,0.0029610067140311003,0.20703189074993134
0002,000029,29,0.00042887029121629894,0.0005199889419600368,0.45251744985580444,0.0005633184919133782,0.0006198165356181562,0.4688186049461365,0.014851630665361881,0.00558082340285182,0.008011272177100182,0.3399336636066437,0.005404618568718433,0.002229685429483652,0.002865330083295703,0.20751813054084778
0002,000030,30,0.0004300875589251518,0.0005180665757507086,0.4542030096054077,0.0005700612673535943,0.0006231693550944328,0.4692608118057251,0.014724080450832844,0.005580513272434473,0.007929926738142967,0.33990857005119324,0.005498446058481932,0.0022851023823022842,0.0029027999844402075,0.20728044211864471
0002,000031,31,0.0004266737960278988,0.0005122823640704155,0.4554993212223053,0.0005534682422876358,0.0005959903937764466,0.4709639847278595,0.014687969349324703,0.005571376997977495,0.007893447764217854,0.3399161100387573,0.005334016401320696,0.00229241163469851,0.002801745431497693,0.2071610540151596
0002,000032,32,0.00042891554767265916,0.0005100232665427029,0.4573286473751068,0.0005399135989136994,0.0005768745322711766,0.4717715382575989,0.014741006307303905,0.005567941348999739,0.007897608913481236,0.3399201035499573,0.005062291864305735,0.0022458769381046295,0.0026433614548295736,0.20741204917430878
0002,000033,33,0.00042957853293046355,0.0005057469825260341,0.4590189754962921,0.0005375940818339586,0.0005675109568983316,0.47286802530288696,0.014919127337634563,0.0055613042786717415,0.00794992409646511,0.3399215042591095,0.005643999669700861,0.00229385937564075,0.0029354693833738565,0.20695410668849945
0002,000034,34,0.00042784918332472444,0.0005055326037108898,0.4577946960926056,0.0005209958762861788,0.0005541974096558988,0.47205057740211487,0.01478525996208191,0.0055725849233567715,0.007915475405752659,0.3399354815483093,0.005170958582311869,0.002298383042216301,0.0027046024333685637,0.20693139731884003
0002,000035,35,0.00042374321492388844,0.0005024141282774508,0.45698630809783936,0.0005180822336114943,0.0005484790308400989,0.47218775749206543,0.014768725261092186,0.005597138311713934,0.00792594626545906,0.33992934226989746,0.005113515071570873,0.002247231313958764,0.0026647665072232485,0.20739184319972992
0002,000036,36,0.00041700818110257387,0.0005004393751733005,0.45435625314712524,0.0005220892489887774,0.0005532463546842337,0.47195562720298767,0.014793305657804012,0.005570574197918177,0.007968754507601261,0.3398914635181427,0.005398806184530258,0.002231691498309374,0.002816495019942522,0.20797303318977356
0002,000037,37,0.0004115717893000692,0.0004962937091477215,0.45330309867858887,0.0005251424154266715,0.0005631095264106989,0.4709904193878174,0.01455776672810316,0.0055827125906944275,0.007899020798504353,0.33991122245788574,0.005606259685009718,0.002237378153949976,0.0029363695066422224,0.20885072648525238
0002,000038,38,0.00040407938649877906,0.000490104197524488,0.4507232904434204,0.0005256127915345132,0.0005621715681627393,0.47103241086006165,0.014391650445759296,0.005578507203608751,0.007843646220862865,0.33990028500556946,0.005340552888810635,0.002243808936327696,0.0027950885705649853,0.20989197492599487
0002,000039,39,0.0003983121132478118,0.00048479472752660513,0.44799256324768066,0.0005281748599372804,0.0005574013339355588,0.47260144352912903,0.01411103643476963,0.0055453279055655,0.007716675754636526,0.3398970365524292,0.005957497749477625,0.0023731442634016275,0.003072944236919284,0.21023029088974
0002,000040,40,0.0003914789413101971,0.00048056564992293715,0.4444233775138855,0.0005146409384906292,0.0005511032068170607,0.47141194343566895,0.013825004920363426,0.0054897950030863285,0.007594824302941561,0.3398941159248352,0.005340690724551678,0.0023434178438037634,0.0027942662127316,0.21095587313175201
0002,000041,41,0.0003872353699989617,0.0004804075288120657,0.441287100315094,0.0005139379645697773,0.0005502710118889809,0.47156670689582825,0.013780173845589161,0.0054404777474701405,0.007624032441526651,0.3398977518081665,0.005261439364403486,0.0022802213206887245,0.0027567290235310793,0.21088916063308716
0002,000042,42,0.00038482583477161825,0.0004806090146303177,0.43892374634742737,0.000505766540300101,0.0005467282026074827,0.47056442499160767,0.013659019023180008,0.005408663768321276,0.00758366659283638,0.33991900086402893,0.005066975951194763,0.002193014370277524,0.002671987982466817,0.21081030368804932
0002,000043,43,0.00038107438012957573,0.00048117301776073873,0.43484047055244446,0.0004956726916134357,0.00053313811076805,0.4698951840400696,0.013506751507520676,0.005354170221835375,0.00755128962919116,0.3399348258972168,0.0052404399029910564,0.002089856192469597,0.0027522642631083727,0.2119968980550766
0002,000044,44,0.00037857546703889966,0.0004801056638825685,0.4328324794769287,0.0005032240296714008,0.000538189837243408,0.47106242179870605,0.01330119464546442,0.0053097959607839584,0.007455738727003336,0.3399660587310791,0.005128771066665649,0.002071148483082652,0.0026836099568754435,0.2122190147638321
0002,000045,45,0.0003772975178435445,0.0004805838980246335,0.43157637119293213,0.0004960196674801409,0.0005329851410351694,0.4705026149749756,0.013384325429797173,0.005264719016849995,0.007527498994022608,0.33996862173080444,0.0055145034566521645,0.002107637468725443,0.0029011168517172337,0.21176284551620483
0002,000046,46,0.00037539604818448424,0.00047992149484343827,0.4309588372707367,0.00048445953871123493,0.0005188709474168718,0.47063106298446655,0.01346166618168354,0.005216791294515133,0.007563827093690634,0.3400017023086548,0.005608534440398216,0.0022116166073828936,0.002944207051768899,0.21157675981521606
0002,000047,47,0.00037508481182157993,0.0004788966616615653,0.43089497089385986,0.00047814895515330136,0.0005090361228212714,0.4716433882713318,0.0134340925142169,0.005223682615906,0.007561386562883854,0.34001797437667847,0.005609660875052214,0.0023134027142077684,0.002938725519925356,0.21103109419345856
0002,000048,48,0.0003732524928636849,0.00047698410344310105,0.4308135211467743,0.00046941760228946805,0.0005002297693863511,0.4709744453430176,0.013410241343080997,0.005270299501717091,0.007542467676103115,0.3400312066078186,0.005155249033123255,0.002284936374053359,0.002705435734242201,0.21111206710338593
0002,000049,49,0.0003759713436011225,0.0004767091595567763,0.4323330223560333,0.00046754535287618637,0.0005006588762626052,0.4705652892589569,0.013432472012937069,0.0052752383053302765,0.007530605420470238,0.34002968668937683,0.005381465423852205,0.0021816447842866182,0.0028253395576030016,0.21166422963142395
0002,000050,50,0.00037538172909989953,0.00047637673560529947,0.43167370557785034,0.00047087963321246207,0.0005051290499977767,0.471137672662735,0.013444725424051285,0.005264556501060724,0.007531617768108845,0.34005293250083923,0.005557152908295393,0.0021581104956567287,0.00292748911306262,0.2119276225566864
0002,000051,51,0.00037500448524951935,0.0004769304650835693,0.4311462342739105,0.00047285493928939104,0.0005116860847920179,0.4700659513473511,0.013501428067684174,0.0052558924071490765,0.007568948436528444,0.3400650918483734,0.00539303058758378,0.002138285432010889,0.0028551449067890644,0.21219684183597565
0002,000052,52,0.000373637187294662,0.0004764696641359478,0.4307662844657898,0.00047539270599372685,0.0005153056117706001,0.46968287229537964,0.013544617220759392,0.005271314177662134,0.00760505348443985,0.3400641977787018,0.005159937776625156,0.0021530676167458296,0.0027340324595570564,0.21241159737110138
0002,000053,53,0.00037430168595165014,0.0004792259423993528,0.42980656027793884,0.00047457817709073424,0.0005117520922794938,0.47037065029144287,0.01349194161593914,0.005250842310488224,0.007584320846945047,0.3400718867778778,0.00550968898460269,0.0021318173967301846,0.002907912712544203,0.212794691324234
0002,000054,54,0.0003748431627172977,0.00048125023022294044,0.42886266112327576,0.0004744353936985135,0.0005120732239447534,0.46982577443122864,0.013624087907373905,0.005255059339106083,0.007672826759517193,0.3400737941265106,0.005791522096842527,0.0021705941762775183,0.0030523561872541904,0.2129344791173935
0002,000055,55,0.00037206526030786335,0.0004805121279787272,0.42802953720092773,0.0004794695123564452,0.0005338193150237203,0.4678903818130493,0.0135587053373456,0.005242094863206148,0.007663804106414318,0.3400484025478363,0.006051620002835989,0.002303306246176362,0.0032595302909612656,0.21251113712787628
0002,000056,56,0.00037203144165687263,0.00048003793926909566,0.4285379946231842,0.00048040293040685356,0.0005376655608415604,0.46779200434684753,0.013608299195766449,0.005289734806865454,0.007693741470575333,0.3400253653526306,0.0057894461788237095,0.002413026988506317,0.003117115469649434,0.21232742071151733
0002,000057,57,0.00037431265809573233,0.00048234377754852176,0.4286915063858032,0.00048395508201792836,0.000538621679879725,0.4684795141220093,0.013495659455657005,0.005302130244672298,0.007613310124725103,0.34001487493515015,0.005537144374102354,0.0024950799997895956,0.0029571063350886106,0.2120497226715088
0002,000058,58,0.00037746925954706967,0.0004843968781642616,0.4307214021682739,0.000479763257317245,0.0005261746700853109,0.4694744944572449,0.013674981892108917,0.005304520018398762,0.007685963995754719,0.3399922251701355,0.005095047410577536,0.0023876200430095196,0.002687603235244751,0.2126399576663971
0002,000059,59,0.00038358065648935735,0.00048709523980505764,0.4333537518978119,0.0004841614863835275,0.00052640400826931,0.47005560994148254,0.01361741591244936,0.005306285806000233,0.00760173425078392,0.33999043703079224,0.0053770397789776325,0.002333972603082657,0.002834749175235629,0.2125203013420105
0002,000060,60,0.0003858932468574494,0.0004860499466303736,0.4355294406414032,0.00047457515029236674,0.0005142018781043589,0.47015830874443054,0.013739773072302341,0.005331761669367552,0.007640194613486528,0.33997389674186707,0.005401113070547581,0.0022596861235797405,0.0028362825978547335,0.21302200853824615
0002,000061,61,0.000386848027119413,0.0004874623555224389,0.4354889988899231,0.00047995540080592036,0.000521946232765913,0.4699110984802246,0.013705234043300152,0.005332707893103361,0.007622312754392624,0.3399653434753418,0.005985247436910868,0.0023457943461835384,0.003172629978507757,0.21245495975017548
0002,000062,62,0.0003894245019182563,0.0004861271008849144,0.43751633167266846,0.00046961920452304184,0.0005051369080320001,0.4710046648979187,0.013825912028551102,0.00531763443723321,0.007630752865225077,0.33996912837028503,0.00546304089948535,0.0022929697297513485,0.0028720067348331213,0.2122841775417328
0002,000063,63,0.0003922359610442072,0.00048620838788338006,0.43882670998573303,0.00046221198863349855,0.0004955939366482198,0.47136390209198,0.013854282908141613,0.00532603170722723,0.007644214667379856,0.3399612605571747,0.005135637708008289,0.002220196183770895,0.002692456590011716,0.21275100111961365
0002,000064,64,0.00039645619108341634,0.0004848737735301256,0.4424732029438019,0.00046170095447450876,0.0004848577082157135,0.4728308618068695,0.013944149017333984,0.005342737305909395,0.007644535508006811,0.3399505615234375,0.005789437331259251,0.0022824646439403296,0.00300861825235188,0.21256281435489655
0002,000065,65,0.0004038696351926774,0.00048657742445357144,0.4465882480144501,0.00045011230395175517,0.00047236462705768645,0.4728796184062958,0.014179565012454987,0.005337942391633987,0.0076908208429813385,0.33995193243026733,0.006111008580774069,0.0022505742963403463,0.003159566316753626,0.2134859263896942
0002,000066,66,0.00041081735980696976,0.0004894551821053028,0.4493400752544403,0.00045032575144432485,0.0004723381716758013,0.4730380177497864,0.014262538403272629,0.005355095025151968,0.007706643547862768,0.33994734287261963,0.006319509819149971,0.002203600015491247,0.0032818811014294624,0.21456030011177063
0002,000067,67,0.00041104728006757796,0.0004933027666993439,0.44782814383506775,0.0004504605894908309,0.0004794879350811243,0.47125133872032166,0.014222280122339725,0.005369956139475107,0.007724829018115997,0.33994004130363464,0.005756887141615152,0.0021624965593218803,0.003014511428773403,0.21528716385364532
0002,000068,68,0.00041100403177551925,0.0004938646452501416,0.4474276006221771,0.00045661002513952553,0.0004895291058346629,0.47113269567489624,0.014327802695333958,0.005336983595043421,0.007771794684231281,0.33992624282836914,0.006049803923815489,0.0021446344908326864,0.0031806384213268757,0.2153131365776062
0002,000069,69,0.0004129018634557724,0.0004962249659001827,0.44657018780708313,0.00045657900045625865,0.0004976260825060308,0.4696043133735657,0.01426320057362318,0.005329493433237076,0.007745673414319754,0.33993014693260193,0.005770399235188961,0.0021582096815109253,0.003055199747905135,0.21573151648044586
0002,000070,70,0.00041295605478808284,0.0005003404803574085,0.44383543729782104,0.00045541825238615274,0.0004905127570964396,0.4705776870250702,0.014071567915380001,0.005315027665346861,0.007703977171331644,0.3399446904659271,0.006002882961183786,0.0022208276204764843,0.0031644031405448914,0.2166668325662613
0002,000071,71,0.0004137607757002115,0.0004999851225875318,0.4443930685520172,0.0004571112513076514,0.0004923823289573193,0.47077465057373047,0.014051922596991062,0.00529255997389555,0.007684418465942144,0.33994677662849426,0.005614859983325005,0.0021909791976213455,0.002958867233246565,0.21658873558044434
0002,000072,72,0.00041342744952999055,0.0005035870708525181,0.44232115149497986,0.00045064452569931746,0.0004890693817287683,0.4693932831287384,0.014011314138770103,0.005287888925522566,0.007708611898124218,0.33996304869651794,0.0061091044917702675,0.002186582190915942,0.0032316367141902447,0.21611833572387695
0002,000073,73,0.0004129579465370625,0.0005088573670946062,0.43976494669914246,0.00043981464114040136,0.0004730481596197933,0.47029295563697815,0.013890832662582397,0.005280752200633287,0.007695386651903391,0.33997178077697754,0.005445642862468958,0.002217098604887724,0.002864856505766511,0.2160518318414688
0002,000074,74,0.00041107775177806616,0.0005080662667751312,0.43808606266975403,0.00043468119110912085,0.0004712334193754941,0.4696092903614044,0.013763618655502796,0.00527865719050169,0.007637126836925745,0.3399887979030609,0.005587475374341011,0.00227440451271832,0.002947145374491811,0.21613575518131256
0002,000075,75,0.00041043030796572566,0.0005094555672258139,0.43696653842926025,0.00043470232049003243,0.0004676635144278407,0.47014087438583374,0.013728841207921505,0.005305465776473284,0.00763775734230876,0.3399972915649414,0.005504741333425045,0.0023089880123734474,0.0028929479885846376,0.21639475226402283
0002,000076,76,0.0004086762492079288,0.0005069958278909326,0.4366670846939087,0.0004324344627093524,0.00046162676881067455,0.4706973433494568,0.013783766888082027,0.005298321601003408,0.007666145451366901,0.33999401330947876,0.0056321946904063225,0.002282684901729226,0.00294961198233068,0.21646453440189362
0002,000077,77,0.0004097427299711853,0.000506812590174377,0.4364171028137207,0.0004288087657187134,0.0004578899242915213,0.4709399342536926,0.014037588611245155,0.005282939877361059,0.007797632832080126,0.3399953246116638,0.005869031418114901,0.002347027650102973,0.003074978943914175,0.21627716720104218
0002,000078,78,0.0004118572105653584,0.0005063447169959545,0.43771475553512573,0.00042523813317529857,0.00045637693256139755,0.4703029692173004,0.013938245363533497,0.005308376159518957,0.007732075173407793,0.34000951051712036,0.005727572366595268,0.002382265403866768,0.003009642707183957,0.21651723980903625
0002,000079,79,0.0004108971625100821,0.0005036627990193665,0.43770965933799744,0.0004202110576443374,0.0004424577346071601,0.4724608063697815,0.01372385211288929,0.005335100460797548,0.007617433555424213,0.3400361239910126,0.005679191555827856,0.0024069766514003277,0.002953565213829279,0.21670681238174438
0002,000080,80,0.00041267683263868093,0.0005058433744125068,0.43794775009155273,0.0004155845963396132,0.00044095003977417946,0.4712402820587158,0.013829242438077927,0.005349848419427872,0.007673382759094238,0.3400413990020752,0.005899639800190926,0.0023488400038331747,0.0030826071742922068,0.21705999970436096
0002,000081,81,0.00041303710895590484,0.0005064987344667315,0.4373719394207001,0.00041454200982116163,0.0004393502895254642,0.4715961813926697,0.013663425110280514,0.005372544284909964,0.007590373978018761,0.3400552272796631,0.005641940515488386,0.0023843138478696346,0.00295131909660995,0.216878280043602
0002,000082,82,0.0004092190647497773,0.0005051415064372122,0.43565765023231506,0.00041241024155169725,0.00044357197475619614,0.4700424373149872,0.013599002733826637,0.0053845359943807125,0.007589870598167181,0.34005090594291687,0.005923200864344835,0.002392692258581519,0.003126842202618718,0.2168983668088913
0002,000083,83,0.0004100001824554056,0.0005087880999781191,0.4349483549594879,0.0004128442669752985,0.0004409821704030037,0.47085049748420715,0.013469777069985867,0.005388948600739241,0.0075284335762262344,0.3400554060935974,0.0055441600270569324,0.002424562117084861,0.002910596551373601,0.2167484015226364
0002,000084,84,0.00041072466410696507,0.0005109523772262037,0.4344218671321869,0.0004108501016162336,0.00044073350727558136,0.4702150523662567,0.01352775376290083,0.0053948694840073586,0.007563717197626829,0.34005919098854065,0.005664781201630831,0.002392154186964035,0.0029794550500810146,0.21681657433509827
0002,000085,85,0.00041066668927669525,0.0005098492838442326,0.4348650574684143,0.0004136275383643806,0.00044101098319515586,0.4709031879901886,0.013493538834154606,0.005415364634245634,0.0075376396998763084,0.34007859230041504,0.005579727701842785,0.0024095303378999233,0.0029264758341014385,0.21656328439712524
0002,000086,86,0.0004097302444279194,0.0005093942163512111,0.4346773624420166,0.0004107422719243914,0.0004412606358528137,0.46988385915756226,0.013505512848496437,0.005408789496868849,0.007548978552222252,0.3400847911834717,0.0061761001124978065,0.0024615880101919174,0.00325386761687696,0.21651636064052582
0002,000087,87,0.00040794388041831553,0.0005070785991847515,0.4350782334804535,0.0004148205916862935,0.0004481217183638364,0.46919363737106323,0.0134752681478858,0.0054030283354222775,0.0075284759514033794,0.34009069204330444,0.0058348397724330425,0.00245251995511353,0.0030827478040009737,0.21657095849514008
0002,000088,88,0.0004069827264174819,0.0005066494923084974,0.4345247745513916,0.00042103836312890053,0.00045424059499055147,0.4694071114063263,0.013533171266317368,0.0054335580207407475,0.007562664337456226,0.3401142656803131,0.0056006042286753654,0.00242264149710536,0.0029553421773016453,0.2166948914527893
0002,000089,89,0.00040777280810289085,0.0005059776594862342,0.43436264991760254,0.0004248958721291274,0.0004596123762894422,0.46989917755126953,0.013476872816681862,0.005433409009128809,0.0075222100131213665,0.3401082456111908,0.005756300874054432,0.002488750033080578,0.003052105661481619,0.21665021777153015
0002,000090,90,0.00040594584424979985,0.0005031196633353829,0.4345220923423767,0.0004284208989702165,0.0004668202018365264,0.4694448709487915,0.013497153297066689,0.005435551982372999,0.007535407319664955,0.3400874733924866,0.00621896144002676,0.0026518076192587614,0.003305072896182537,0.21600143611431122
0002,000091,91,0.0004063610977027565,0.0005030953325331211,0.4343859553337097,0.00042049988405779004,0.0004508786369115114,0.4707116484642029,0.013542072847485542,0.005454964470118284,0.007557821460068226,0.3400806188583374,0.0052705565467476845,0.0025748866610229015,0.002773331943899393,0.21603168547153473
0002,000092,92,0.0004086900735273957,0.0005006211576983333,0.43614113330841064,0.0004228592151775956,0.0004556038184091449,0.469918429851532,0.01354067400097847,0.005456937476992607,0.007507288828492165,0.3400922417640686,0.005806365050375462,0.0026493666227906942,0.003063586773350835,0.2155188024044037
0002,000093,93,0.00040985477971844375,0.0004998513613827527,0.4371069073677063,0.0004215181397739798,0.000453045591711998,0.47048577666282654,0.013634779490530491,0.005478442180901766,0.007541859056800604,0.3401021957397461,0.005946625489741564,0.002779090078547597,0.0031351312063634396,0.21473833918571472
0002,000094,94,0.00041232098010368645,0.0004986432031728327,0.43897584080696106,0.0004113069735467434,0.00043470782111398876,0.4719594120979309,0.013809324242174625,0.0055040400475263596,0.00761433644220233,0.3400927782058716,0.005660405382514,0.0026805566158145666,0.0029524394776672125,0.2148047685623169
0002,000095,95,0.00041604656144045293,0.0004995376220904291,0.44071853160858154,0.00041075568879023194,0.0004359892336651683,0.471481055021286,0.013916629366576672,0.005535009317100048,0.00764471897855401,0.3400822877883911,0.005486888345330954,0.002628080314025283,0.002875186037272215,0.21488790214061737
0002,000096,96,0.00041791785042732954,0.000500354974064976,0.4411201775074005,0.000412158842664212,0.00043144257506355643,0.4729091227054596,0.013917905278503895,0.0055636027827858925,0.007647103630006313,0.3400745987892151,0.006140846759080887,0.0027449114713817835,0.0032040122896432877,0.2143077403306961
0002,000097,97,0.00041689001955091953,0.0004996052011847496,0.4408775866031647,0.00040535160223953426,0.00042848754674196243,0.4714434742927551,0.013899598270654678,0.0055786482989788055,0.007642094977200031,0.34005826711654663,0.005463368725031614,0.0026135470252484083,0.002857241779565811,0.21464639902114868
0002,000098,98,0.00041630255873315036,0.0004973275354132056,0.44166091084480286,0.0004165777063462883,0.00044514931505545974,0.47080838680267334,0.01391588430851698,0.005589835345745087,0.0076466514728963375,0.34007027745246887,0.005447543691843748,0.0025619009975343943,0.002862250432372093,0.2144840657711029
0002,000099,99,0.0004158652445767075,0.0004973552422598004,0.4416528642177582,0.00041765146306715906,0.00044463289668783545,0.470807820558548,0.013988707214593887,0.005606087855994701,0.007692056242376566,0.3400464653968811,0.005276260431855917,0.0024530577939003706,0.002767622936517,0.21489161252975464
0002,000100,100,0.0004170349275227636,0.0004989467561244965,0.44156524538993835,0.00042619206942617893,0.00045519950799643993,0.47079819440841675,0.014043089002370834,0.005611654371023178,0.007717975415289402,0.3400588929653168,0.005626264028251171,0.002436705632135272,0.002955460688099265,0.21471832692623138
0002,000101,101,0.0004154556954745203,0.0004983046092092991,0.44138407707214355,0.00042610804666765034,0.00045487243914976716,0.4704597592353821,0.014044075272977352,0.005609963089227676,0.007723016664385796,0.34004780650138855,0.005555036943405867,0.002416157629340887,0.0029237475246191025,0.2148476094007492
0002,000102,102,0.00041530185262672603,0.0005007775616832078,0.4405057430267334,0.00043121809721924365,0.0004630786133930087,0.4702397286891937,0.013961154967546463,0.005609590094536543,0.007690283004194498,0.34004366397857666,0.005567322950810194,0.002474012318998575,0.0029426394030451775,0.21446122229099274
0002,000103,103,0.00041415513260290027,0.0005030590109527111,0.4397505819797516,0.000430640357080847,0.0004646427696570754,0.46983206272125244,0.013931113295257092,0.005603963043540716,0.007682462688535452,0.34004464745521545,0.005389892030507326,0.0024698504712432623,0.002845992101356387,0.2143860161304474
0002,000104,104,0.00041273245005868375,0.0005012843757867813,0.4394335150718689,0.00043361252755858004,0.00047106706188060343,0.46934840083122253,0.013862437568604946,0.005609644576907158,0.00765454163774848,0.3400636315345764,0.005544560961425304,0.002515600761398673,0.002943500643596053,0.2141152173280716
0002,000105,105,0.000411631481256336,0.0005030505708418787,0.4384039044380188,0.00043768674368038774,0.0004758182622026652,0.46904149651527405,0.013794435188174248,0.00562182255089283,0.007651705760508776,0.34005990624427795,0.005440498236566782,0.002490095794200897,0.0028856031130999327,0.21411316096782684
0002,000106,106,0.00041148264426738024,0.0005036382935941219,0.43829286098480225,0.000442971388110891,0.00048369960859417915,0.4686811566352844,0.013785716146230698,0.005627715028822422,0.007645325269550085,0.3400457501411438,0.005339884199202061,0.0024973424151539803,0.0028362341690808535,0.2140919417142868
0002,000107,107,0.0004101319645997137,0.000504750874824822,0.4375908672809601,0.00044677118421532214,0.0004807032528333366,0.4702589511871338,0.01362774707376957,0.005612398963421583,0.007563368417322636,0.34003758430480957,0.005362282507121563,0.0024621884804219007,0.0028272676281630993,0.21425920724868774
0002,000108,108,0.000408646825235337,0.0005025480641052127,0.4380883574485779,0.00044730142690241337,0.0004821163020096719,0.46991971135139465,0.013627417385578156,0.005604677367955446,0.007563963998109102,0.34003961086273193,0.005254570860415697,0.0023700380697846413,0.002769393613561988,0.2145477682352066
0002,000109,109,0.000408225751016289,0.0005015666829422116,0.4383164942264557,0.00044695267570205033,0.00047864147927612066,0.47079500555992126,0.013572349213063717,0.005591431632637978,0.007536347024142742,0.3400540351867676,0.005426859948784113,0.0023726671934127808,0.0028511974960565567,0.21470221877098083
0002,000110,110,0.00040988894761539996,0.0005038735107518733,0.43879008293151855,0.0004480359493754804,0.0004861658962909132,0.46968573331832886,0.013549304567277431,0.0055857873521745205,0.007519889157265425,0.34005507826805115,0.005336139351129532,0.0022881501354277134,0.0028145713731646538,0.21526111662387848
0002,000111,111,0.00041021316428668797,0.0005043154815211892,0.43947458267211914,0.000449779792688787,0.000479156180517748,0.4712502062320709,0.013577817007899284,0.005608849227428436,0.007539527956396341,0.34007760882377625,0.0051343366503715515,0.0022525200620293617,0.0026881659869104624,0.21557244658470154
0002,000112,112,0.00040935163269750774,0.0005038266535848379,0.43946677446365356,0.000445182784460485,0.00047605662257410586,0.47070932388305664,0.013578199781477451,0.005613749846816063,0.007541512604802847,0.3400609493255615,0.00521223247051239,0.0021762775722891092,0.002737785456702113,0.21595865488052368
0002,000113,113,0.00040886204806156456,0.0005048827733844519,0.43927356600761414,0.00044671064824797213,0.00048162840539589524,0.46965885162353516,0.013526801951229572,0.005615020636469126,0.007519174832850695,0.340053528547287,0.005324500612914562,0.0021601414773613214,0.0028065007645636797,0.21616439521312714
0002,000114,114,0.0004064352542627603,0.0005028170417062938,0.4392557144165039,0.00044469255954027176,0.0004752853128593415,0.47110605239868164,0.013456097804009914,0.005620749667286873,0.00749852042645216,0.34004122018814087,0.005699127446860075,0.0022639879025518894,0.0029906462877988815,0.21563516557216644
0002,000115,115,0.0004066080437041819,0.0005034279893152416,0.4386932849884033,0.0004331861564423889,0.0004639344697352499,0.4709591567516327,0.013373024761676788,0.005624779965728521,0.007469858042895794,0.3400562107563019,0.005163395777344704,0.002336177509278059,0.0027142574544996023,0.21546469628810883
0002,000116,116,0.0004074712342116982,0.0005033948691561818,0.44018933176994324,0.0004280009598005563,0.0004520000657066703,0.47205501794815063,0.013357266783714294,0.005655532702803612,0.007434849161654711,0.34005460143089294,0.005464156623929739,0.0023915714118629694,0.0028529821429401636,0.2151339054107666
0002,000117,117,0.00040841969894245267,0.0005015538772568107,0.4413319528102875,0.0004226048185955733,0.00044946285197511315,0.47123515605926514,0.013316621072590351,0.005646036006510258,0.00739232636988163,0.3400508463382721,0.004979291930794716,0.002323848195374012,0.002609471557661891,0.21514390408992767
0002,000118,118,0.00040933553827926517,0.0005018295487388968,0.4422054588794708,0.00042200766620226204,0.00044932865421287715,0.4708620309829712,0.01334400661289692,0.005660172551870346,0.007402231451123953,0.3400439918041229,0.0049986159428954124,0.0022072107531130314,0.0026170900091528893,0.21566280722618103
0002,000119,119,0.0004096162156201899,0.0004999554948881269,0.443007230758667,0.00042749251588247716,0.00045654401765204966,0.4704428017139435,0.0132639454677701,0.005684246309101582,0.007346030790358782,0.3400588929653168,0.004737688694149256,0.002176515758037567,0.0024917777627706528,0.21583138406276703
0002,000120,120,0.0004086789267603308,0.0005004617269150913,0.44267186522483826,0.0004272166988812387,0.0004537941422313452,0.4715653955936432,0.01323427353054285,0.005701300222426653,0.0073397899977862835,0.3400580883026123,0.004865273833274841,0.0021983799524605274,0.002548224525526166,0.21559195220470428
0002,000121,121,0.00040805412572808564,0.0004991401801817119,0.44300588965415955,0.00042362030944786966,0.00044970749877393246,0.471451997756958,0.013301083818078041,0.005712341982871294,0.007378279231488705,0.3400566875934601,0.004669839981943369,0.002192232757806778,0.0024494186509400606,0.21570482850074768
0002,000122,122,0.00040911961696110666,0.0005005326820537448,0.4429188072681427,0.0004218034155201167,0.00044982711551710963,0.47089245915412903,0.013252622447907925,0.005724519956856966,0.007345038931816816,0.34005308151245117,0.0045120990835130215,0.0021662330254912376,0.002370166592299938,0.21583206951618195
0002,000123,123,0.0004088458663318306,0.0005003802361898124,0.4424821138381958,0.0004257271357346326,0.0004577912332024425,0.469722718000412,0.013224247843027115,0.005738983396440744,0.007343348581343889,0.3400467336177826,0.004605457186698914,0.0021175106521695852,0.0024268929846584797,0.21602863073349
0002,000124,124,0.0004065953544341028,0.0004987088614143431,0.4420793354511261,0.00042740709614008665,0.00045588696957565844,0.47106820344924927,0.013165288604795933,0.005739396903663874,0.00730743957683444,0.3400685787200928,0.004610182251781225,0.0020960825495421886,0.0024195872247219086,0.21615445613861084
0002,000125,125,0.00040792746585793793,0.0005000103847123682,0.44220104813575745,0.0004280921129975468,0.00045815238263458014,0.47030189633369446,0.013185686431825161,0.005780975800007582,0.007330776192247868,0.34006690979003906,0.004422458354383707,0.0020502135157585144,0.0023263420443981886,0.21651148796081543
0002,000126,126,0.00040687411092221737,0.000499002868309617,0.44192010164260864,0.00042862017289735377,0.0004566627903841436,0.4709314703941345,0.013127011246979237,0.005796067416667938,0.0073010060004889965,0.340067982673645,0.004655832890421152,0.002083253115415573,0.0024453853257000446,0.21633468568325043
0002,000127,127,0.0004069283604621887,0.0005007917643524706,0.44123589992523193,0.0004265368916094303,0.00045769993448629975,0.4700761139392853,0.013115134090185165,0.005786533933132887,0.007300893310457468,0.3400663733482361,0.0047204457223415375,0.0020835394971072674,0.002487198216840625,0.21654313802719116
0002,000128,128,0.0004050048300996423,0.0005012080073356628,0.4403942823410034,0.00042819924419745803,0.00045837153447791934,0.47030144929885864,0.013089098036289215,0.005801971536129713,0.0073070344515144825,0.3400718569755554,0.004708019085228443,0.002099328674376011,0.0024774749763309956,0.2165871411561966
0002,000129,129,0.00040358660044148564,0.0005016042850911617,0.4393365681171417,0.0004253942461218685,0.0004547866410575807,0.4703047573566437,0.012981676496565342,0.005810821428894997,0.007267559878528118,0.3400779068470001,0.004611967131495476,0.002107406733557582,0.002428173553198576,0.21677589416503906
0002,000130,130,0.00040325953159481287,0.0005018968367949128,0.43913012742996216,0.000426354119554162,0.00046001450391486287,0.46933844685554504,0.013065054081380367,0.00582807045429945,0.007317874580621719,0.3400864899158478,0.004963991232216358,0.002133809495717287,0.002622326137498021,0.21674445271492004
0002,000131,131,0.00040487584192305803,0.0005033439956605434,0.4392998516559601,0.0004266452742740512,0.00045647963997907937,0.470558762550354,0.013004045002162457,0.005820643622428179,0.0072791315615177155,0.34009504318237305,0.004840150475502014,0.0021499809809029102,0.0025460231117904186,0.2167505919933319
0002,000132,132,0.00040393255767412484,0.0005030498723499477,0.43940335512161255,0.0004247842589393258,0.00045850942842662334,0.4695654809474945,0.013039868324995041,0.005812226328998804,0.007301350124180317,0.3401015102863312,0.005083833821117878,0.002171832602471113,0.0026863920502364635,0.21686452627182007
0002,000133,133,0.000403748475946486,0.0005038193194195628,0.4387015998363495,0.00042631488759070635,0.0004541393427643925,0.47120919823646545,0.013018500059843063,0.005829592701047659,0.00729523878544569,0.3401023745536804,0.0051767295226454735,0.0022482818458229303,0.002707716077566147,0.21660491824150085
0002,000134,134,0.0004004494985565543,0.0005034403875470161,0.4368263781070709,0.0004259551642462611,0.0004623184213414788,0.46903756260871887,0.012906329706311226,0.005830459296703339,0.007267183158546686,0.34009742736816406,0.004955855663865805,0.0022688875906169415,0.0026274099946022034,0.21673694252967834
0002,000135,135,0.00040013191755861044,0.0005013992777094245,0.43731722235679626,0.0004265866009518504,0.0004565636918414384,0.47062936425209045,0.01285303570330143,0.005834365263581276,0.00723548186942935,0.34009942412376404,0.004917265381664038,0.0023193785455077887,0.002583092777058482,0.21644704043865204
0002,000136,136,0.0003980848996434361,0.0005010530003346503,0.4361254572868347,0.00042225996730849147,0.00045160955050960183,0.47062158584594727,0.012914192862808704,0.005792385432869196,0.007276387419551611,0.3401048481464386,0.00473799929022789,0.0022339127026498318,0.0024908038321882486,0.21644997596740723
0002,000137,137,0.00039896476664580405,0.0005013189511373639,0.436708003282547,0.0004214203800074756,0.0004513865278568119,0.4703153073787689,0.01303268875926733,0.005759367253631353,0.007338529918342829,0.340093731880188,0.004845031537115574,0.0022107125259935856,0.0025475602596998215,0.2163861095905304
0002,000138,138,0.000398561533074826,0.00050005764933303,0.4370085597038269,0.0004216320812702179,0.00045445168507285416,0.469696044921875,0.012791525572538376,0.005792331416159868,0.007207669783383608,0.34009498357772827,0.004697031807154417,0.002227652119472623,0.0024857313837856054,0.21636080741882324
0002,000139,139,0.000397328200051561,0.0004978466895408928,0.4369518756866455,0.0004240179550834,0.00045372205204330385,0.4707282483577728,0.012730461545288563,0.0058243898674845695,0.007171523291617632,0.34010598063468933,0.004919942934066057,0.0022913524881005287,0.0025865475181490183,0.21598130464553833
0002,000140,140,0.00039558205753564835,0.0004963300307281315,0.43645402789115906,0.0004211442428641021,0.0004527350829448551,0.47005513310432434,0.012752559036016464,0.005845235660672188,0.007190450560301542,0.3401053845882416,0.004672362934798002,0.0023026324342936277,0.002466629957780242,0.21576806902885437
0002,000141,141,0.0003960467001888901,0.0004971970920450985,0.4364745616912842,0.0004232154751662165,0.000454819411970675,0.4696926772594452,0.01279004942625761,0.005847953725606203,0.007208692841231823,0.3401097357273102,0.0043647997081279755,0.0022160864900797606,0.0023019162472337484,0.21600709855556488
0002,000142,142,0.0003972605336457491,0.0004973859176971018,0.43624502420425415,0.00042835442582145333,0.00045832758769392967,0.47054895758628845,0.012675805948674679,0.0058682756498456,0.007143506780266762,0.340106338262558,0.004798841197043657,0.002251663012430072,0.0025296714156866074,0.2157384306192398
0002,000143,143,0.0003970543039031327,0.0004970451700501144,0.4361811876296997,0.000424668105551973,0.00045307789696380496,0.4705738127231598,0.01270850095897913,0.005877200048416853,0.007157008163630962,0.34011226892471313,0.004575476516038179,0.0022340971045196056,0.0024053107481449842,0.21570876240730286
0002,000144,144,0.0003966835793107748,0.000496450113132596,0.43606093525886536,0.0004272008955013007,0.00045990568469278514,0.4697701036930084,0.012707441113889217,0.0058860317803919315,0.00715699652209878,0.3401073217391968,0.004667102359235287,0.002269857795909047,0.0024674509186297655,0.21533766388893127
0002,000145,145,0.0003975279105361551,0.0004956747288815677,0.43629100918769836,0.00042520061833783984,0.0004545549745671451,0.47047504782676697,0.012695296667516232,0.00589330866932869,0.007142276037484407,0.340115487575531,0.004434185102581978,0.002264356939122081,0.002333740470930934,0.2151615470647812
0002,000146,146,0.00039526497130282223,0.0004945080145262182,0.43588075041770935,0.0004282108275219798,0.00045959383714944124,0.47028350830078125,0.012726095505058765,0.00591829651966691,0.007175211329013109,0.3401208817958832,0.004518246278166771,0.0022511063143610954,0.0023788062389940023,0.21510489284992218
0002,000147,147,0.00039540394209325314,0.0004954194882884622,0.4356398284435272,0.0004347069188952446,0.0004677037359215319,0.4696250855922699,0.012697495520114899,0.0059160334058105946,0.007157241925597191,0.34011727571487427,0.004918261431157589,0.0023708834778517485,0.002598513849079609,0.21453377604484558
0002,000148,148,0.0003943546616937965,0.0004958634963259101,0.43462756276130676,0.00043550244299694896,0.0004697437980212271,0.4695737957954407,0.012676610611379147,0.005921844393014908,0.007171628996729851,0.34010592103004456,0.004705751780420542,0.0024615514557808638,0.0024930036161094904,0.2140834927558899
0002,000149,149,0.00039420658140443265,0.0004950985312461853,0.4347332715988159,0.0004357104189693928,0.0004682932049036026,0.4698469638824463,0.012784097343683243,0.005950711667537689,0.00722588412463665,0.3401038348674774,0.004571741912513971,0.0023706872016191483,0.00241139461286366,0.2141260802745819
0002,000150,150,0.0003949293459299952,0.000495572981890291,0.4345075190067291,0.0004425108782015741,0.0004733162932097912,0.4704199731349945,0.012681960128247738,0.00595840672031045,0.007162007968872786,0.34010806679725647,0.004674461670219898,0.0023738520685583353,0.002460029674693942,0.2139199674129486
0002,000151,151,0.00039342648233287036,0.0004950471338815987,0.4340912699699402,0.0004407310043461621,0.00047228907351382077,0.4701458811759949,0.012747448869049549,0.0059607140719890594,0.007210761308670044,0.3400999903678894,0.004431059118360281,0.002269010292366147,0.0023332503624260426,0.21406102180480957
0002,000152,152,0.00039543298771604896,0.0004970855079591274,0.43465298414230347,0.00044411211274564266,0.00047869360423646867,0.46972569823265076,0.012781569734215736,0.005959526170045137,0.007218298967927694,0.34009915590286255,0.004439611919224262,0.0022044829092919827,0.002343586180359125,0.21418710052967072
0002,000153,153,0.00039408053271472454,0.0004959737998433411,0.43415188789367676,0.0004511300940066576,0.00048443625564686954,0.47006523609161377,0.012742559425532818,0.0059820604510605335,0.0072001186199486256,0.34009402990341187,0.004898732528090477,0.0023314703721553087,0.002585336798802018,0.21376511454582214
0002,000154,154,0.00039419831591658294,0.0004964408581145108,0.4334450364112854,0.00045038762618787587,0.000485567725263536,0.4700368344783783,0.01267268043011427,0.0059740012511610985,0.007170385681092739,0.34010985493659973,0.004471631720662117,0.0022891396656632423,0.002356810262426734,0.2137824445962906
0002,000155,155,0.0003942818730138242,0.0004964109393768013,0.4334441125392914,0.00045292096910998225,0.00048625070485286415,0.47015824913978577,0.012619668617844582,0.005991892423480749,0.007135911379009485,0.3401110768318176,0.004538276698440313,0.0022348915226757526,0.002388985827565193,0.2137986570596695
0002,000156,156,0.000392994552385062,0.0004952286835759878,0.43350374698638916,0.0004557816428132355,0.0004894831217825413,0.47027185559272766,0.012618855573236942,0.006012670695781708,0.007147643715143204,0.3401227593421936,0.0044449735432863235,0.0021763890981674194,0.0023409880232065916,0.21389538049697876
0002,000157,157,0.00039170877425931394,0.0004936131881549954,0.43373122811317444,0.00045928615145385265,0.0004924875684082508,0.47006797790527344,0.012611310929059982,0.00601288303732872,0.007138824090361595,0.34010717272758484,0.0043877833522856236,0.002116819843649864,0.002309053670614958,0.21399734914302826
0002,000158,158,0.00039002529229037464,0.0004934332682751119,0.4329911470413208,0.00046180339995771646,0.0004954476607963443,0.4701295793056488,0.012566328048706055,0.00602677883580327,0.007136703934520483,0.3400918245315552,0.004306171089410782,0.0021082651801407337,0.002269003540277481,0.21409568190574646
0002,000159,159,0.0003906830679625273,0.0004935324541293085,0.43276482820510864,0.00046427929191850126,0.0005013584741391242,0.46923449635505676,0.012506828643381596,0.006059037987142801,0.007100990973412991,0.34010037779808044,0.004331234842538834,0.002096904208883643,0.002292065182700753,0.21414630115032196
0002,000160,160,0.00039091534563340247,0.000492804276291281,0.43364381790161133,0.0004657476965803653,0.000499451591167599,0.4703201949596405,0.012484826147556305,0.006084846798330545,0.007076886482536793,0.3401055932044983,0.004313611425459385,0.002150448737666011,0.002271573292091489,0.21392042934894562
0002,000161,161,0.0003912755928467959,0.0004928324487991631,0.4335043132305145,0.0004648210888262838,0.0005009731976315379,0.4697960317134857,0.012470202520489693,0.006110938731580973,0.007067656144499779,0.34011828899383545,0.004468466620892286,0.002188929123803973,0.00235767918638885,0.21383889019489288
0002,000162,162,0.00039205854409374297,0.0004928080015815794,0.4337919056415558,0.0004612965858541429,0.0004917254555039108,0.4708271324634552,0.012514428235590458,0.006153171416372061,0.007071610540151596,0.34010082483291626,0.0042079659178853035,0.0021545898634940386,0.002210014732554555,0.21382759511470795
0002,000163,163,0.00039187833317555487,0.0004928722628392279,0.43440771102905273,0.00046160738565959036,0.0004960558144375682,0.46993929147720337,0.012529748491942883,0.006181209813803434,0.007086329162120819,0.34009474515914917,0.004209139849990606,0.002107127569615841,0.0022189884912222624,0.2139555662870407
0002,000164,164,0.00039334711618721485,0.0004946928238496184,0.43420660495758057,0.0004661325365304947,0.000501817325130105,0.46965211629867554,0.012476609088480473,0.006204687058925629,0.007065792102366686,0.34010472893714905,0.004216455854475498,0.0021000199485570192,0.002223851392045617,0.21404117345809937
0002,000165,165,0.00039163706242106855,0.0004953252500854433,0.43358922004699707,0.0004712055961135775,0.0005083853611722589,0.46942055225372314,0.012499391101300716,0.00622757151722908,0.007088940124958754,0.3401128649711609,0.00436314707621932,0.002135887276381254,0.0023068066220730543,0.21390601992607117
0002,000166,166,0.00039261006168089807,0.0004952403833158314,0.4340611696243286,0.00046959478640928864,0.000503423681948334,0.46987828612327576,0.012554323300719261,0.006238541565835476,0.007109747268259525,0.3400953710079193,0.004535158164799213,0.002169631887227297,0.0023914186749607325,0.21368464827537537
0002,000167,167,0.0003922376490663737,0.000496678811032325,0.4334942102432251,0.00046803674194961786,0.0005037346854805946,0.4698418378829956,0.012544096447527409,0.006247447803616524,0.00712521793320775,0.340088427066803,0.0045060752891004086,0.002206860575824976,0.002381665166467428,0.2135227471590042
0002,000168,168,0.0003918046713806689,0.0004980644444003701,0.43306437134742737,0.00046544562792405486,0.0004995782510377467,0.46994540095329285,0.012552717700600624,0.006270497106015682,0.0071513657458126545,0.34007662534713745,0.004321708809584379,0.0021557919681072235,0.0022770343348383904,0.2137780487537384
0002,000169,169,0.00038892278098501265,0.000497515662573278,0.4321208596229553,0.00046811086940579116,0.0005029789172112942,0.46997830271720886,0.012442266568541527,0.006317629013210535,0.007116418797522783,0.3400895595550537,0.004495703149586916,0.002197159454226494,0.002369868801906705,0.21350787580013275
0002,000170,170,0.00038631472853012383,0.0004962435341440141,0.4312345087528229,0.00046253076288849115,0.0004933607997372746,0.47090211510658264,0.012355565093457699,0.006318378262221813,0.00708375358954072,0.34009620547294617,0.004480691161006689,0.002171498956158757,0.0023555788211524487,0.2135034054517746
0002,000171,171,0.0003854517126455903,0.0004949279245920479,0.4311697781085968,0.00046198279596865177,0.0004962144303135574,0.46980905532836914,0.012270340695977211,0.006340127903968096,0.007036838214844465,0.3400929570198059,0.004113152157515287,0.0020961735863238573,0.0021721054799854755,0.21362368762493134
0002,000172,172,0.0003855848335660994,0.000494377629365772,0.4313347041606903,0.00046481433673761785,0.0004994598566554487,0.46976032853126526,0.012248828075826168,0.006369058042764664,0.007016786374151707,0.3401115834712982,0.004313587211072445,0.00211907085031271,0.0022780178114771843,0.213509663939476
0002,000173,173,0.00038431613938882947,0.0004933104501105845,0.43087974190711975,0.0004662715655285865,0.0005010587628930807,0.4698842763900757,0.012174313887953758,0.006394566502422094,0.006991886533796787,0.3401167392730713,0.004104036372154951,0.002144100144505501,0.0021697115153074265,0.2133326530456543
0002,000174,174,0.00038295603008009493,0.000491152226459235,0.4307681620121002,0.0004649459442589432,0.0004976830095984042,0.4706002175807953,0.012136386707425117,0.006410803645849228,0.006962320767343044,0.3401232957839966,0.004052429459989071,0.0021210145205259323,0.002133670262992382,0.21332286298274994
0002,000175,175,0.00038215654785744846,0.0004923418746329844,0.42996102571487427,0.0004645798762794584,0.0004989318549633026,0.47031915187835693,0.01210872270166874,0.006420470774173737,0.00696110725402832,0.3401302695274353,0.004040886647999287,0.0021188915707170963,0.002130544278770685,0.21330590546131134
0002,000176,176,0.0003813440853264183,0.0004909801064059138,0.4297237992286682,0.0004693401278927922,0.0005071936757303774,0.46942734718322754,0.012121623381972313,0.006446600425988436,0.006975160446017981,0.3401210308074951,0.004311214201152325,0.002174215391278267,0.0022821391467005014,0.21305884420871735
0002,000177,177,0.0003814527881331742,0.0004919967032037675,0.4298037886619568,0.0004671825736295432,0.0004993116017431021,0.4706484377384186,0.012039519846439362,0.006432925816625357,0.006925090681761503,0.3401212692260742,0.003981457557529211,0.0021344232372939587,0.0020967379678040743,0.21309953927993774
0002,000178,178,0.0003801059501711279,0.0004920738865621388,0.4288395047187805,0.0004703095182776451,0.000507670920342207,0.4694962799549103,0.012112600728869438,0.006440635304898024,0.006972440984100103,0.3401108384132385,0.003937438130378723,0.002099693287163973,0.0020823203958570957,0.21314780414104462
0002,000179,179,0.0003788679896388203,0.0004912518779747188,0.4283839166164398,0.00047424869262613356,0.0005101615097373724,0.47006526589393616,0.012036672793328762,0.006440174765884876,0.006940842140465975,0.34011971950531006,0.0044160271063447,0.002213128609582782,0.0023325851652771235,0.21260403096675873
0002,000180,180,0.00037846615305170417,0.0004908680566586554,0.42832985520362854,0.0004689794441219419,0.0005023725097998977,0.47048327326774597,0.012075095437467098,0.00644068093970418,0.0069637540727853775,0.34011220932006836,0.0038518793880939484,0.0021199604962021112,0.0020281162578612566,0.21280920505523682
0002,000181,181,0.0003781536652240902,0.0004911252181045711,0.4278050363063812,0.00047430850099772215,0.0005123448208905756,0.4695710837841034,0.012059394270181656,0.006435618735849857,0.006960693746805191,0.34012049436569214,0.004177281633019447,0.002092157956212759,0.002210381906479597,0.21298442780971527
0002,000182,182,0.0003781506675295532,0.0004919014754705131,0.42738837003707886,0.00047852564603090286,0.0005133675877004862,0.4699021577835083,0.012040192261338234,0.0064303758554160595,0.00695817219093442,0.34012550115585327,0.004066725727170706,0.002043322427198291,0.0021441178396344185,0.2130059003829956
0002,000183,183,0.00037728124880231917,0.0004917454207316041,0.42706015706062317,0.0004749226209241897,0.0005085158045403659,0.4702965021133423,0.012024683877825737,0.006420057732611895,0.006945775356143713,0.3401194214820862,0.00382980820722878,0.0019585408736020327,0.002014386700466275,0.21351881325244904
0002,000184,184,0.00037818640703335404,0.0004926745314151049,0.4268238842487335,0.00048423881526105106,0.0005241891485638916,0.4691307246685028,0.012080797925591469,0.006428124848753214,0.0069923861883580685,0.3401162028312683,0.004313766025006771,0.0019765400793403387,0.002290832344442606,0.21362587809562683
0002,000185,185,0.00037735074874944985,0.0004925113171339035,0.4265783131122589,0.00048033593338914216,0.0005133821978233755,0.470533549785614,0.012083671055734158,0.006439125631004572,0.0069942232221364975,0.3401237726211548,0.004204009659588337,0.0019548246636986732,0.0022100673522800207,0.2136542797088623
0002,000186,186,0.00037727225571870804,0.0004913486773148179,0.42712655663490295,0.0004785979981534183,0.0005146581097505987,0.469730019569397,0.012076640501618385,0.006436020135879517,0.006987572181969881,0.34012463688850403,0.00444747181609273,0.002061722567304969,0.002347922883927822,0.21327881515026093
0002,000187,187,0.0003764191351365298,0.000492125516757369,0.4264158308506012,0.0004749782383441925,0.0005108507466502488,0.4698498249053955,0.012048422358930111,0.006423241458833218,0.006982532795518637,0.3401232957839966,0.004323393572121859,0.0021339792292565107,0.002283175475895405,0.21292278170585632
0002,000188,188,0.0003780991246458143,0.0004912515869364142,0.4276231527328491,0.00047069191350601614,0.0005037230439484119,0.4704126715660095,0.012097987346351147,0.00641972990706563,0.0069849733263254166,0.34012511372566223,0.004237363580614328,0.0021284676622599363,0.0022299892734736204,0.21296335756778717
0002,000189,189,0.00037765162414871156,0.0004923403030261397,0.42676031589508057,0.0004730609944090247,0.0005062161362729967,0.4706282913684845,0.012027714401483536,0.006423152983188629,0.006950922776013613,0.3401409387588501,0.004225967917591333,0.002165816258639097,0.002226095413789153,0.21270199120044708
0002,000190,190,0.0003776553785428405,0.0004924654494971037,0.4268992245197296,0.00046796476817689836,0.000500612601172179,0.4702925682067871,0.012089177034795284,0.006432544440031052,0.0069886562414467335,0.34013018012046814,0.003942977171391249,0.0020774775184690952,0.0020767622627317905,0.21291740238666534
0002,000191,191,0.00037861778400838375,0.0004930146969854832,0.4272575080394745,0.0004721165169030428,0.0005070941406302154,0.4701040983200073,0.01211860403418541,0.006429357919842005,0.007001020945608616,0.3401348888874054,0.00397874740883708,0.002027918118983507,0.002101041143760085,0.2131238579750061
0002,000192,192,0.00037725301808677614,0.0004932511365041137,0.4263176918029785,0.00047541456297039986,0.0005082901916466653,0.47056394815444946,0.012109516188502312,0.006427406799048185,0.0070056309923529625,0.3401242196559906,0.004074180964380503,0.0019759214483201504,0.0021386744920164347,0.2134968787431717
0002,000193,193,0.0003791901108343154,0.0004951237933710217,0.42667871713638306,0.0004760808078572154,0.0005100253038108349,0.47017279267311096,0.012172934599220753,0.006422465201467276,0.007043522782623768,0.34012511372566223,0.004194663837552071,0.001956634921953082,0.0022081576753407717,0.21387188136577606
0002,000194,194,0.0003789806505665183,0.0004942966043017805,0.42677921056747437,0.0004807427467312664,0.0005191193195059896,0.4693622291088104,0.01215922087430954,0.00642433250322938,0.007035776972770691,0.3401199281215668,0.004268411546945572,0.002000399399548769,0.002258870517835021,0.21381334960460663
0002,000195,195,0.00037874619010835886,0.0004961437662132084,0.42608967423439026,0.000480969698401168,0.0005209638620726764,0.46891337633132935,0.012121941894292831,0.006404263433068991,0.00701967254281044,0.34012871980667114,0.004342310596257448,0.0020239336881786585,0.0023035674821585417,0.21391203999519348
0002,000196,196,0.0003791850758716464,0.0004955234471708536,0.4265446364879608,0.00048198970034718513,0.0005218120058998466,0.46915867924690247,0.012189241126179695,0.006405980791896582,0.007051616441458464,0.34011876583099365,0.004381950944662094,0.0020787410903722048,0.0023208719212561846,0.21388117969036102
0002,000197,197,0.00038001942448318005,0.000495857500936836,0.4268730580806732,0.000477692112326622,0.0005153463571332395,0.4693254232406616,0.012268457561731339,0.006408706307411194,0.007090679835528135,0.34011542797088623,0.004200856201350689,0.002042105421423912,0.0022240804973989725,0.2138676941394806
0002,000198,198,0.00038020999636501074,0.0004973295144736767,0.4264376163482666,0.0004793463449459523,0.0005216618301346898,0.46823471784591675,0.012236463837325573,0.0063954852521419525,0.007080878596752882,0.34011411666870117,0.004628342110663652,0.002103263745084405,0.002463530283421278,0.21396522223949432
0002,000199,199,0.0003808646579273045,0.0004967688582837582,0.4268573820590973,0.00048276956658810377,0.0005223433254286647,0.4687449336051941,0.012221433222293854,0.006380491890013218,0.007062914781272411,0.34011781215667725,0.004369601607322693,0.0021625757217407227,0.0023149396292865276,0.21378709375858307
0002,000200,200,0.00038099411176517606,0.0004976675263606012,0.4264829754829407,0.00048019271343946457,0.0005211987881921232,0.4688710868358612,0.012176567688584328,0.006364888045936823,0.007044771686196327,0.34013184905052185,0.004419404547661543,0.00224916054867208,0.0023434325121343136,0.21342286467552185
0002,000201,201,0.00037879825686104596,0.0004979055956937373,0.42518267035484314,0.00047824240755289793,0.0005170843214727938,0.46926018595695496,0.012085596099495888,0.006363885011523962,0.007016527932137251,0.34013986587524414,0.004135653376579285,0.002225090516731143,0.002193305641412735,0.21348775923252106
0002,000202,202,0.0003762375272344798,0.0004940873477607965,0.42501100897789,0.000481851544464007,0.0005225412896834314,0.4687521159648895,0.012038448825478554,0.00637061707675457,0.006993534974753857,0.3401368260383606,0.00444109458476305,0.0022418126463890076,0.002359381876885891,0.21345703303813934
0002,000203,203,0.00037682565744034946,0.0004957904457114637,0.42497575283050537,0.0004795114218723029,0.0005168769275769591,0.46944931149482727,0.012089171446859837,0.0063931322656571865,0.007027240004390478,0.34013593196868896,0.003950206097215414,0.0021480575669556856,0.0020869870204478502,0.21373626589775085
0002,000204,204,0.00037636098568327725,0.0004938986385241151,0.4252491891384125,0.0004853134450968355,0.0005243917694315314,0.46941202878952026,0.011993834748864174,0.0063900817185640335,0.006969405338168144,0.3401437997817993,0.00473018828779459,0.002228738507255912,0.002501350361853838,0.21316464245319366
0002,000205,205,0.00037364548188634217,0.0004915937315672636,0.4245626628398895,0.0004803568299394101,0.000517262436915189,0.46962040662765503,0.011930039152503014,0.006383800879120827,0.006942669861018658,0.34015241265296936,0.003997312393039465,0.002185244346037507,0.002111213281750679,0.21319560706615448
0002,000206,206,0.00037326730671338737,0.0004917302285321057,0.42440497875213623,0.00047941249795258045,0.0005148733616806567,0.4698808789253235,0.011901331134140491,0.0063792746514081955,0.006924990564584732,0.3401491045951843,0.004038963932543993,0.0021269822027534246,0.002136660972610116,0.21330681443214417
0002,000207,207,0.00037244035047478974,0.0004912734148092568,0.4238758683204651,0.00048197657451964915,0.0005212864489294589,0.468895822763443,0.01195861492305994,0.006387186236679554,0.006963665597140789,0.34015223383903503,0.00425368919968605,0.0021598241291940212,0.002254477236419916,0.21306724846363068
0002,000208,208,0.0003723209665622562,0.0004920383798889816,0.423673152923584,0.0004767620703205466,0.0005095890373922884,0.4703831672668457,0.01190135721117258,0.006377578712999821,0.006939603015780449,0.34015417098999023,0.0039596594870090485,0.002039969665929675,0.0020822896622121334,0.21336884796619415
0002,000209,209,0.00037213630275800824,0.0004906787071377039,0.4239138066768646,0.00047891659778542817,0.0005160673754289746,0.4692695438861847,0.01187570858746767,0.006385874003171921,0.006919574458152056,0.3401607573032379,0.0038934489712119102,0.0019494908628985286,0.0020539998076856136,0.21386677026748657
0002,000210,210,0.0003717002982739359,0.0004903178778477013,0.4237724542617798,0.0004827946540899575,0.000517267850227654,0.47019726037979126,0.01190781220793724,0.006392612587660551,0.006934945937246084,0.34016063809394836,0.004149212036281824,0.0019907692912966013,0.0021836566738784313,0.21380075812339783
0002,000211,211,0.0003727581351995468,0.0004904657835140824,0.42468103766441345,0.0004768867511302233,0.0005079656839370728,0.4709697961807251,0.011897769756615162,0.0063989413902163506,0.006914570461958647,0.3401621878147125,0.004181552678346634,0.002027038251981139,0.002194565488025546,0.21361257135868073
0002,000212,212,0.0003727921284735203,0.000490150589030236,0.4252874553203583,0.0004726210027001798,0.0005068675964139402,0.4702308475971222,0.012012612074613571,0.00643288716673851,0.006981843151152134,0.3401641845703125,0.00411505252122879,0.0020799923222512007,0.002167775994166732,0.21344994008541107
0002,000213,213,0.00037325211451388896,0.0004891024436801672,0.4258393347263336,0.00046720600221306086,0.0004978852230124176,0.470930278301239,0.011897019110620022,0.006431932095438242,0.00690698204562068,0.34017062187194824,0.004337399732321501,0.002136874245479703,0.0022765896283090115,0.21319268643856049
0002,000214,214,0.000373753224266693,0.0004891286371275783,0.426082968711853,0.0004612113116309047,0.0004922387888655066,0.4711514711380005,0.011950314976274967,0.006447943393141031,0.006933555006980896,0.34016600251197815,0.004073566757142544,0.0020877206698060036,0.002139575546607375,0.21336835622787476
0002,000215,215,0.00037383061135187745,0.0004883324145339429,0.42688456177711487,0.0004646049055736512,0.0004969064029864967,0.47062841057777405,0.011919715441763401,0.006443852558732033,0.0069116465747356415,0.3401654064655304,0.004139732103794813,0.0021026255562901497,0.0021797334775328636,0.21327725052833557
0002,000216,216,0.0003740469692274928,0.000487499259179458,0.427133172750473,0.00046278530498966575,0.0004950574948452413,0.4707254469394684,0.011901694349944592,0.006455260328948498,0.006891830824315548,0.3401707708835602,0.0039824508130550385,0.002070782473310828,0.0020963617134839296,0.21344593167304993
0002,000217,217,0.0003736539511010051,0.00048635181155987084,0.428348183631897,0.0004657651006709784,0.0004977911012247205,0.47081688046455383,0.012029415927827358,0.006479785777628422,0.006961470004171133,0.3401528000831604,0.003988665994256735,0.0020044627599418163,0.002092837356030941,0.213847815990448
0002,000218,218,0.00037326302845031023,0.0004852117854170501,0.42811319231987,0.0004673381336033344,0.0005006499122828245,0.47069868445396423,0.011936454102396965,0.006495306733995676,0.006898228544741869,0.34015414118766785,0.004157395102083683,0.002046199981123209,0.002189468825235963,0.21366241574287415
0002,000219,219,0.0003737165534403175,0.00048534650704823434,0.42841872572898865,0.00046633166493847966,0.0005006611463613808,0.470300555229187,0.011949668638408184,0.006518563721328974,0.006911515723913908,0.34015247225761414,0.004036524333059788,0.002080892911180854,0.0021301168017089367,0.21351779997348785
0002,000220,220,0.0003751520998775959,0.00048641659668646753,0.42874476313591003,0.00046345952432602644,0.0004955401527695358,0.470456063747406,0.011908610351383686,0.00653413962572813,0.006879456806927919,0.34016361832618713,0.0038490197621285915,0.0020371784921735525,0.0020299889147281647,0.21350540220737457
0002,000221,221,0.00037459758459590375,0.00048660155152902007,0.42837971448898315,0.00045991502702236176,0.0004896572791039944,0.47105562686920166,0.011881115846335888,0.006543803494423628,0.006872554775327444,0.3401619493961334,0.003969728481024504,0.001957229571416974,0.002078088466078043,0.21392276883125305
0002,000222,222,0.00037454237462952733,0.00048685920774005353,0.42805689573287964,0.0004621479019988328,0.0004935234319418669,0.47105109691619873,0.011848429217934608,0.006542706396430731,0.00685143144801259,0.340171754360199,0.003993574529886246,0.0019979418721050024,0.0021015997044742107,0.2137116938829422
0002,000223,223,0.00037438017898239195,0.00048593326937407255,0.4283576011657715,0.0004591309989336878,0.0004950887523591518,0.4697202444076538,0.011842364445328712,0.006548145320266485,0.006841737776994705,0.3401746451854706,0.004081258084625006,0.0019662445411086082,0.0021593868732452393,0.21379056572914124
0002,000224,224,0.00037309748586267233,0.0004834949504584074,0.4285041093826294,0.0004635274817701429,0.0004964156541973352,0.4707328975200653,0.011862325482070446,0.0065521784126758575,0.006859400775283575,0.3401758074760437,0.0043149408884346485,0.0020451874006539583,0.002272017067298293,0.21341218054294586
0002,000225,225,0.0003743207489605993,0.00048563367454335093,0.42828667163848877,0.00045779638458043337,0.0004899419727735221,0.4705124795436859,0.011872165836393833,0.0065613072365522385,0.006867813412100077,0.3401782214641571,0.0038516465574502945,0.0020037854555994272,0.002029678551480174,0.21353116631507874
0002,000226,226,0.0003732576733455062,0.00048602273454889655,0.42756155133247375,0.00045897436211816967,0.0004933280288241804,0.4698944389820099,0.011859779246151447,0.006555779837071896,0.006866789422929287,0.3401733934879303,0.003890011226758361,0.0019773580133914948,0.0020529923494905233,0.21352575719356537
0002,000227,227,0.0003737678052857518,0.00048525581951253116,0.4280221164226532,0.00046216591726988554,0.0004960569203831255,0.47006067633628845,0.011907478794455528,0.006559890229254961,0.006890417542308569,0.3401738703250885,0.00400310754776001,0.0019793412648141384,0.0021149171516299248,0.2134823054075241
0002,000228,228,0.0003741407999768853,0.0004860077169723809,0.4282169044017792,0.0004620077379513532,0.0004958075587637722,0.4703752398490906,0.01189914159476757,0.0065638902597129345,0.006888598203659058,0.34017279744148254,0.004056051839143038,0.002010453026741743,0.0021382570266723633,0.21345865726470947
0002,000229,229,0.0003737063962034881,0.00048632771358825266,0.4281120002269745,0.0004615220532286912,0.0004931319272145629,0.4707973301410675,0.01184973306953907,0.00655306177213788,0.00685251597315073,0.34016740322113037,0.004034057259559631,0.001992959761992097,0.00212197401560843,0.2136235386133194
0002,000230,230,0.0003737317747436464,0.00048603463801555336,0.42786073684692383,0.00046303565613925457,0.0004969933652319014,0.4700688123703003,0.0118495998904109,0.006560686510056257,0.00685974583029747,0.34017401933670044,0.00394745497033,0.001968489494174719,0.0020833073649555445,0.21361829340457916
0002,000231,231,0.0003734834026545286,0.0004847511008847505,0.4279452860355377,0.0004605737922247499,0.0004942387458868325,0.47007057070732117,0.01184772327542305,0.006560784764587879,0.006850955542176962,0.34018123149871826,0.003874183399602771,0.0019399826414883137,0.0020445173140615225,0.21374696493148804
0002,000232,232,0.0003731039469130337,0.0004857628664467484,0.4276612102985382,0.00046133948490023613,0.000494273379445076,0.47049570083618164,0.01187144685536623,0.006566840223968029,0.006872026715427637,0.34017568826675415,0.004069797694683075,0.0020101615227758884,0.0021438070107251406,0.21346315741539001
0006,000002,2,0.0003584391961339861,0.00045043969294056296,0.44205671548843384,0.00044016525498591363,0.0004641476843971759,0.472470223903656,0.012080235406756401,0.002500609029084444,0.00673140212893486,0.34007012844085693,0.004936180543154478,0.0010217893868684769,0.0025776857510209084,0.2159375250339508
0006,000003,3,0.0003695969935506582,0.0004664302396122366,0.44078242778778076,0.0004360233142506331,0.0004667275643441826,0.4704912006855011,0.011912349611520767,0.0033463325817137957,0.006674776319414377,0.3400353789329529,0.004473558161407709,0.001318246708251536,0.002354659605771303,0.21610383689403534
0006,000004,4,0.000378003460355103,0.0004790127568412572,0.43939030170440674,0.0004319422587286681,0.0004571070312522352,0.4717436134815216,0.0119705805554986,0.003906684461981058,0.006727939937263727,0.34004414081573486,0.004620729014277458,0.0014981911517679691,0.002406530547887087,0.21663667261600494
0006,000005,5,0.0003848183259833604,0.0004887839313596487,0.43859392404556274,0.0004334918630775064,0.0004639111284632236,0.4704679250717163,0.011996063403785229,0.004358304664492607,0.006769200321286917,0.34005770087242126,0.004506392870098352,0.001608661375939846,0.002374886302277446,0.21648703515529633
0006,000006,6,0.00039084034506231546,0.0004961458616890013,0.4382171630859375,0.00042783006210811436,0.00045442869304679334,0.47131994366645813,0.011980908922851086,0.004722758661955595,0.006779417395591736,0.3400813639163971,0.0045927236787974834,0.001640109927393496,0.00241116457618773,0.21666347980499268
0006,000007,7,0.0003958605811931193,0.0005004642298445106,0.4390951991081238,0.00042713299626484513,0.00045545323519036174,0.4707416296005249,0.01201306376606226,0.0050394125282764435,0.006796739529818296,0.34008654952049255,0.0047599151730537415,0.0017333896830677986,0.0025141884107142687,0.216475248336792
0006,000008,8,0.00039833763730712235,0.0005048030288890004,0.43798351287841797,0.0004229237383697182,0.0004556891799438745,0.4696211814880371,0.011901807971298695,0.005316225346177816,0.006750978529453278,0.3401036858558655,0.004301099572330713,0.0017960253171622753,0.002282725414261222,0.2164802998304367
0006,000009,9,0.00039968546479940414,0.0005084078875370324,0.4370179772377014,0.00042496583773754537,0.0004555407795123756,0.4699655771255493,0.011907164007425308,0.005562640260905027,0.00677152257412672,0.34011197090148926,0.004146602936089039,0.001871276879683137,0.002194782951846719,0.2164047360420227
0006,000010,10,0.0004021605709567666,0.000511998136062175,0.43645909428596497,0.0004232889914419502,0.0004540004883892834,0.46994245052337646,0.011873316951096058,0.005744048394262791,0.006757750641554594,0.3401164710521698,0.0038912196177989244,0.0018559256568551064,0.002054202137514949,0.21673904359340668
0006,000011,11,0.00040381919825449586,0.0005135778337717056,0.4363182783126831,0.0004280862049199641,0.00045973193482495844,0.4700835645198822,0.011834313161671162,0.0058858697302639484,0.00673995167016983,0.3401188254356384,0.004365778528153896,0.0019895487930625677,0.002307536778971553,0.21633124351501465
0006,000012,12,0.00040642256499268115,0.0005179804866202176,0.43585413694381714,0.000423737132223323,0.0004528605495579541,0.4701695144176483,0.011937746778130531,0.006027571856975555,0.006799759808927774,0.34013158082962036,0.0038308652583509684,0.0019816833082586527,0.0020210209768265486,0.21646034717559814
0006,000013,13,0.00040775310480967164,0.0005202903412282467,0.4354543685913086,0.00042440867400728166,0.00045442828559316695,0.47028011083602905,0.011864304542541504,0.006135513540357351,0.0067706238478422165,0.34013357758522034,0.0042113205417990685,0.002052917843684554,0.0022163894027471542,0.2163279950618744
0006,000014,14,0.00040895817801356316,0.0005220649181865156,0.43514853715896606,0.0004238792462274432,0.00045492974459193647,0.469791442155838,0.011900686658918858,0.006229482125490904,0.006793037988245487,0.340127170085907,0.0041375914588570595,0.0020377887412905693,0.002187577076256275,0.21629096567630768
0006,000015,15,0.00041033237357623875,0.0005243174382485449,0.4351632297039032,0.00041986844735220075,0.0004451876156963408,0.4710376560688019,0.011862574145197868,0.0062886616215109825,0.006768610794097185,0.3401385545730591,0.004063484724611044,0.0019433880224823952,0.0021324902772903442,0.2166975438594818
0006,000016,16,0.0004101953818462789,0.0005242691258899868,0.4347258508205414,0.00042487523751333356,0.0004534126492217183,0.4704212546348572,0.011851581744849682,0.006343014072626829,0.006770445499569178,0.3401468098163605,0.004410840105265379,0.0020592736545950174,0.002325348788872361,0.21630676090717316
0006,000017,17,0.00041031200089491904,0.0005250215181149542,0.4344944953918457,0.000419554824475199,0.0004465606471057981,0.4707600474357605,0.011883266270160675,0.006389637012034655,0.006794601213186979,0.34013885259628296,0.003929083235561848,0.00204762676730752,0.0020700027234852314,0.21636709570884705
0006,000018,18,0.0004114842740818858,0.0005264526698738337,0.43447959423065186,0.00042213124106638134,0.000451759435236454,0.47027653455734253,0.011919175274670124,0.006425321102142334,0.006814591120928526,0.34013739228248596,0.0042019919492304325,0.0020133787766098976,0.002214763779193163,0.21658863127231598
0006,000019,19,0.0004134746559429914,0.0005286022205837071,0.43466442823410034,0.0004256989050190896,0.0004540244990494102,0.47046852111816406,0.011787716299295425,0.006443140562623739,0.006731726229190826,0.3401566445827484,0.004173854365944862,0.0020613630767911673,0.0022011969704180956,0.2164204716682434
0006,000020,20,0.00041424264782108366,0.0005303911166265607,0.43440645933151245,0.00042067249887622893,0.0004478080663830042,0.470546692609787,0.011857093311846256,0.006474266294389963,0.006779042072594166,0.3401488661766052,0.004007317591458559,0.0020135361701250076,0.002109822351485491,0.2167166918516159
0006,000021,21,0.0004134938935749233,0.0005291851703077555,0.43399208784103394,0.0004250023339409381,0.00045127063640393317,0.47125452756881714,0.011863241903483868,0.006493336986750364,0.006784594617784023,0.34016579389572144,0.0045590936206281185,0.0021107844077050686,0.002394192386418581,0.21635568141937256
0006,000022,22,0.0004146225401200354,0.0005319738993421197,0.43387797474861145,0.00041893101297318935,0.00044721009908244014,0.47028595209121704,0.011842993088066578,0.006507363170385361,0.006778834853321314,0.34016695618629456,0.0041993530467152596,0.0021244564559310675,0.0022164639085531235,0.2161760777235031
0006,000023,23,0.00041421884088777006,0.0005313863512128592,0.4340553879737854,0.0004209083563182503,0.00045199948363006115,0.4695627689361572,0.011853964999318123,0.006522719282656908,0.006779751740396023,0.34016284346580505,0.003999786451458931,0.002072744071483612,0.002117474563419819,0.21637912094593048
0006,000024,24,0.0004155136412009597,0.0005323192453943193,0.43396103382110596,0.00042113225208595395,0.00044842713396064937,0.47071266174316406,0.011892642825841904,0.006537999492138624,0.006805106997489929,0.34017419815063477,0.004067195113748312,0.0020137387327849865,0.0021376030053943396,0.21678426861763
0006,000025,25,0.00041621437412686646,0.000533178448677063,0.4339468777179718,0.0004261392750777304,0.00045648880768567324,0.4699566662311554,0.011878582648932934,0.006539732683449984,0.006796375382691622,0.3401641845703125,0.004056389443576336,0.002036204794421792,0.002142407698556781,0.21677270531654358
0006,000026,26,0.00041571928886696696,0.0005321797798387706,0.4340054392814636,0.0004269318305887282,0.0004561601090244949,0.4703538119792938,0.011846951209008694,0.0065468051470816135,0.006775285117328167,0.3401738703250885,0.004425610415637493,0.0021613335702568293,0.0023326317314058542,0.2163212150335312
0006,000027,27,0.00041637493995949626,0.0005331737920641899,0.43421778082847595,0.00041955860797315836,0.0004468492406886071,0.47031062841415405,0.011881180107593536,0.006563167087733746,0.006796220317482948,0.3401709198951721,0.003983855247497559,0.0020785515662282705,0.002100307960063219,0.2164965271949768
0006,000028,28,0.00041613963549025357,0.0005335760652087629,0.43370118737220764,0.00042194605339318514,0.0004492471052799374,0.4705705940723419,0.01186294574290514,0.006574823055416346,0.00678419740870595,0.34017616510391235,0.00401618517935276,0.00209212233312428,0.002115697832778096,0.21641626954078674
0006,000029,29,0.0004164990095887333,0.000533189217094332,0.4339722990989685,0.00042273540748283267,0.0004516185144893825,0.470251202583313,0.011868434026837349,0.006573753897100687,0.006793799344450235,0.3401578366756439,0.0038194970693439245,0.0020517774391919374,0.002015950856730342,0.21662914752960205
0006,000030,30,0.0004156968498136848,0.0005325467209331691,0.4338199198246002,0.00042438742821104825,0.0004552068130578846,0.46992844343185425,0.011890364810824394,0.00658467086032033,0.0068046459928154945,0.340155690908432,0.004088899586349726,0.0020793930161744356,0.0021602001506835222,0.216610848903656
0006,000031,31,0.0004172954068053514,0.0005359752685762942,0.43327796459198,0.0004227326135151088,0.0004467038088478148,0.47146764397621155,0.011895726434886456,0.006588694639503956,0.006823367904871702,0.34014543890953064,0.004154205787926912,0.0020697310101240873,0.0021801283583045006,0.21677550673484802
0006,000032,32,0.0004180896794423461,0.00053749157814309,0.43316277861595154,0.0004231635248288512,0.0004542643146123737,0.46962013840675354,0.011853483505547047,0.006582976784557104,0.006789934355765581,0.34015434980392456,0.004180654883384705,0.002050055656582117,0.0022098547779023647,0.21672911942005157
0006,000033,33,0.00041806575609371066,0.0005359885981306434,0.43369609117507935,0.0004208125174045563,0.0004464582889340818,0.47110939025878906,0.011912929825484753,0.006587018258869648,0.006820214446634054,0.3401566445827484,0.004098773468285799,0.0020904415287077427,0.002155735855922103,0.21655301749706268
0006,000034,34,0.00041789092938415706,0.0005353884771466255,0.43380284309387207,0.0004166650178376585,0.0004438675823621452,0.47042736411094666,0.011841685511171818,0.006590633187443018,0.006776091177016497,0.34016358852386475,0.0039037526585161686,0.0019896693993359804,0.0020535618532449007,0.2170945107936859
0006,000035,35,0.0004189641622360796,0.0005367206176742911,0.43419426679611206,0.0004222831630613655,0.0004529121215455234,0.469707190990448,0.011909217573702335,0.006600758992135525,0.006813473999500275,0.3401637077331543,0.003984309732913971,0.0019861734472215176,0.0021041366271674633,0.2173079401254654
0006,000036,36,0.0004188195161987096,0.0005372507148422301,0.43346890807151794,0.0004263976006768644,0.00045561752631329,0.4704737067222595,0.011877816170454025,0.006579775363206863,0.006802166812121868,0.3401702046394348,0.004651215858757496,0.002108491025865078,0.0024546280037611723,0.21673491597175598
0006,000037,37,0.0004177680821157992,0.0005378311034291983,0.43264904618263245,0.0004156921640969813,0.0004414091818034649,0.4708644151687622,0.012026590295135975,0.006571317557245493,0.006903498433530331,0.34015214443206787,0.004132062662392855,0.0020853958558291197,0.0021732833702117205,0.21685351431369781
0006,000038,38,0.0004158725496381521,0.0005377421039156616,0.43109533190727234,0.00041905470425263047,0.0004481430514715612,0.4702041745185852,0.011997067369520664,0.006548311095684767,0.006901070475578308,0.34015822410583496,0.004351531621068716,0.002142640296369791,0.0022989173885434866,0.21674160659313202
0006,000039,39,0.00041612243512645364,0.0005400677327997983,0.4299527406692505,0.00042341736843809485,0.0004575013881549239,0.46893149614334106,0.012026838958263397,0.006517019122838974,0.006938321981579065,0.34017160534858704,0.004483951721340418,0.0022019550669938326,0.0023803487420082092,0.2164720892906189
0006,000040,40,0.00041590133332647383,0.0005392336752265692,0.4304177463054657,0.00042271518032066524,0.0004527224227786064,0.4699786305427551,0.012148240581154823,0.00650582043454051,0.006983350031077862,0.3401641845703125,0.004651805851608515,0.0022603231482207775,0.002451525069773197,0.2162996530532837
0006,000041,41,0.00042028044117614627,0.0005388699937611818,0.43366023898124695,0.00041924059041775763,0.00044396251905709505,0.4709663987159729,0.012357780709862709,0.006524100434035063,0.007060149684548378,0.34013378620147705,0.004518776200711727,0.0021917519625276327,0.0023651968222111464,0.2166489064693451
0006,000042,42,0.00042299830238334835,0.0005431292811408639,0.4338650107383728,0.0004199315153528005,0.00044268011697568,0.4717702865600586,0.012374881654977798,0.006500248797237873,0.007066392805427313,0.34014996886253357,0.0048180376179516315,0.002150881104171276,0.0025132743176072836,0.21698816120624542
0006,000043,43,0.00042381550883874297,0.0005427267169579864,0.43450477719306946,0.00042052226490341127,0.00044680212158709764,0.4708360731601715,0.01238907128572464,0.006487208418548107,0.007065246347337961,0.3401307165622711,0.00484509626403451,0.002147129038348794,0.0025426088832318783,0.21709872782230377
0006,000044,44,0.0004243354487698525,0.000542466645129025,0.43474698066711426,0.0004145217244513333,0.0004398270684760064,0.4707026779651642,0.012352167628705502,0.00649294164031744,0.00703060207888484,0.34014052152633667,0.004595580045133829,0.002095939125865698,0.002414448419585824,0.21755361557006836
0006,000045,45,0.0004267006879672408,0.0005436587380245328,0.4355293810367584,0.00042018803651444614,0.00045053011854179204,0.4699506461620331,0.012319047003984451,0.006514140870422125,0.0070089674554765224,0.34014013409614563,0.0048108710907399654,0.002162228338420391,0.0025463011115789413,0.21715934574604034
0006,000046,46,0.00042677781311795115,0.0005429540760815144,0.43615952134132385,0.0004137197101954371,0.0004406373482197523,0.4704422056674957,0.012300517410039902,0.006513982079923153,0.006991304457187653,0.3401533365249634,0.004566165152937174,0.0021038732957094908,0.002406114712357521,0.21758170425891876
0006,000047,47,0.00042690543341450393,0.0005422061076387763,0.4365263283252716,0.00041741880704648793,0.0004465557576622814,0.4699322283267975,0.012330042198300362,0.006520004477351904,0.007007321808487177,0.34015560150146484,0.00473551033064723,0.002107412088662386,0.002495948923751712,0.21776515245437622
0006,000048,48,0.00042762423981912434,0.0005426041316241026,0.4365600645542145,0.0004211233463138342,0.0004511767183430493,0.470110684633255,0.012305368669331074,0.006515093147754669,0.006982224062085152,0.34015822410583496,0.00490811700001359,0.002128738211467862,0.00259699416346848,0.21751049160957336
0006,000049,49,0.0004266364558134228,0.0005410790327005088,0.4366258382797241,0.0004157201328780502,0.00044398001045919955,0.47035086154937744,0.012258452363312244,0.006522917654365301,0.0069648995995521545,0.3401615023612976,0.005051735322922468,0.002253622515127063,0.0026682515162974596,0.21704623103141785
0006,000050,50,0.0004258876433596015,0.0005414828774519265,0.43603548407554626,0.0004121088422834873,0.0004411559202708304,0.4699991047382355,0.012255179695785046,0.006541873328387737,0.006976911332458258,0.34016337990760803,0.004359536804258823,0.002211425919085741,0.0023016519844532013,0.2171480655670166
0006,000051,51,0.000425655220169574,0.0005407712887972593,0.43655598163604736,0.00041229784255847335,0.0004411874106153846,0.47019657492637634,0.012173868715763092,0.006541428156197071,0.006919934414327145,0.3401525020599365,0.0043336800299584866,0.0022332393564283848,0.0022866702638566494,0.21705816686153412
0006,000052,52,0.0004266817995812744,0.0005415925406850874,0.43657562136650085,0.00041389267425984144,0.000444391363998875,0.46992161870002747,0.012164613232016563,0.006527942605316639,0.006914542987942696,0.3401506543159485,0.004403609316796064,0.0022274532821029425,0.002327058697119355,0.21709708869457245
0006,000053,53,0.00042461208067834377,0.0005393073661252856,0.4363746643066406,0.0004108771390747279,0.0004356323042884469,0.4713846445083618,0.012157045304775238,0.0065283156000077724,0.006911542732268572,0.3401339054107666,0.004676797427237034,0.0023015078622847795,0.002454583765938878,0.21682411432266235
0006,000054,54,0.00042557227425277233,0.0005415476625785232,0.4358944296836853,0.00040839717257767916,0.0004350501112639904,0.4704441428184509,0.01217319443821907,0.006526088807731867,0.006928307004272938,0.3401423990726471,0.004328378476202488,0.0022436713334172964,0.0022812960669398308,0.21680593490600586
0006,000055,55,0.0004234747320879251,0.00054079235997051,0.4350050687789917,0.0004098774807062,0.00043824699241667986,0.4701485335826874,0.012131992727518082,0.006522796116769314,0.00691775931045413,0.3401356339454651,0.0043351370841264725,0.0022152303718030453,0.0022866029758006334,0.21684998273849487
0006,000056,56,0.00042285516974516213,0.0005407234420999885,0.43413233757019043,0.00041227455949410796,0.0004429629188962281,0.46975648403167725,0.012106205336749554,0.006505357567220926,0.006912319455295801,0.3401379883289337,0.004400225356221199,0.0021553325932472944,0.002323560183867812,0.21713511645793915
0006,000057,57,0.00042189270607195795,0.0005415024352259934,0.43305471539497375,0.00041836712625809014,0.00044738512951880693,0.4700469672679901,0.012191295623779297,0.006488877814263105,0.0069752889685332775,0.3401446044445038,0.0044997986406087875,0.0021801141556352377,0.00237765209749341,0.2169029265642166
0006,000058,58,0.00042001809924840927,0.0005428154254332185,0.43120598793029785,0.0004169844905845821,0.0004480023926589638,0.4696754813194275,0.012200496159493923,0.006470504682511091,0.007011343725025654,0.3401431441307068,0.004461042117327452,0.002208068734034896,0.0023612878285348415,0.21677818894386292
0006,000059,59,0.00042008241871371865,0.0005433214828372002,0.4308459460735321,0.000417846895288676,0.00044802535558119416,0.47001177072525024,0.012200575321912766,0.006464887410402298,0.007004339713603258,0.34013134241104126,0.0046372623182833195,0.002246755175292492,0.0024480216670781374,0.21684026718139648
0006,000060,60,0.0004199208051431924,0.0005440133973024786,0.4304136633872986,0.0004207059391774237,0.00045059772673994303,0.4700619578361511,0.012222356162965298,0.006459539756178856,0.0070221987552940845,0.3401242196559906,0.0049452753737568855,0.002350067486986518,0.0026076289359480143,0.21624533832073212
0006,000061,61,0.00042235315777361393,0.0005450988537631929,0.4317832291126251,0.00041510569280944765,0.0004417409363668412,0.4702962040901184,0.012246540747582912,0.00643893051892519,0.00701644504442811,0.34012407064437866,0.004712262656539679,0.0022199219092726707,0.002468118444085121,0.2165716141462326
0006,000062,62,0.00042577931890264153,0.0005456908256746829,0.4339033365249634,0.00041567120933905244,0.00043802359141409397,0.4718133509159088,0.012394638732075691,0.0064543443731963634,0.007066840771585703,0.34011709690093994,0.004869614727795124,0.0021248164121061563,0.002536602085456252,0.2170286923646927
0006,000063,63,0.0004262080183252692,0.0005450008902698755,0.4348331689834595,0.0004151407047174871,0.00043906003702431917,0.4709511995315552,0.012485699728131294,0.006467884872108698,0.007107050158083439,0.34011778235435486,0.004724541679024696,0.0020585835445672274,0.0024739564396440983,0.21766163408756256
0006,000064,64,0.0004279218555893749,0.0005446808063425124,0.4362221658229828,0.00041688844794407487,0.00044461761717684567,0.47031742334365845,0.012463809922337532,0.0064834114164114,0.007073482498526573,0.34012705087661743,0.004475827794522047,0.0019930361304432154,0.002364368876442313,0.21818473935127258
0006,000065,65,0.00042759868665598333,0.0005446208524517715,0.4361061155796051,0.00041967921424657106,0.00044738719589076936,0.4707229733467102,0.012428682297468185,0.006497854832559824,0.007067149505019188,0.3401218056678772,0.0048515405505895615,0.0020545090083032846,0.002565875882282853,0.21795819699764252
0006,000066,66,0.00042808352736756206,0.0005446849972940981,0.43648561835289,0.0004134030023124069,0.00044303666800260544,0.47009021043777466,0.012378434650599957,0.006510298233479261,0.007039792835712433,0.34012722969055176,0.0049002585001289845,0.002134185517206788,0.0025906844530254602,0.2178279459476471
0006,000067,67,0.00042705077794380486,0.0005422160611487925,0.43668726086616516,0.00041190203046426177,0.00044191800407133996,0.4696410596370697,0.01229141466319561,0.006515220273286104,0.0069806212559342384,0.34012746810913086,0.004547363147139549,0.0021631328854709864,0.002405876526609063,0.21789762377738953
0006,000068,68,0.00042683377978391945,0.0005427415599115193,0.4364374577999115,0.00041254080133512616,0.0004415940784383565,0.4699889123439789,0.012263772077858448,0.006517910398542881,0.0069712186232209206,0.3401345908641815,0.004495412111282349,0.0021294381003826857,0.002372847171500325,0.2180224508047104
0006,000069,69,0.0004260251298546791,0.0005418159998953342,0.43604570627212524,0.0004134804185014218,0.0004429181863088161,0.4698375463485718,0.012279834598302841,0.006516973953694105,0.006985846906900406,0.3401230275630951,0.004518355708569288,0.0021596592850983143,0.0023878018837422132,0.21792715787887573
0006,000070,70,0.00042488868348300457,0.0005421179230324924,0.43475091457366943,0.0004130676097702235,0.00044070830335840583,0.4703071415424347,0.01238977164030075,0.0064790938049554825,0.007066574413329363,0.3401205539703369,0.005538383964449167,0.0023760765325278044,0.0029192983638495207,0.2171270102262497
0006,000071,71,0.00042166467756032944,0.0005393921746872365,0.43351876735687256,0.00040371171780861914,0.00042939078412018716,0.47092369198799133,0.012473084032535553,0.006445455830544233,0.0071215140633285046,0.3401217460632324,0.00511293625459075,0.002473364816978574,0.002689431654289365,0.2168000489473343
0006,000072,72,0.0004199731338303536,0.0005395305342972279,0.43179789185523987,0.000403609563363716,0.0004295849066693336,0.4708763360977173,0.012461408972740173,0.006417796015739441,0.007136236876249313,0.34013131260871887,0.005385130178183317,0.002549417782574892,0.0028332588262856007,0.21637652814388275
0006,000073,73,0.0004201206029392779,0.0005398828070610762,0.43141868710517883,0.0004056005855090916,0.00043713313061743975,0.46923407912254333,0.01253469754010439,0.006395841483026743,0.0071899425238370895,0.3401249051094055,0.00511564314365387,0.0026026053819805384,0.0027120003942400217,0.2159348875284195
0006,000074,74,0.00042182940524071455,0.0005419654189608991,0.43179547786712646,0.0004038893966935575,0.000426195707404986,0.4707445502281189,0.012625162489712238,0.006390901282429695,0.007236950099468231,0.3401196300983429,0.005177168641239405,0.0023771373089402914,0.002708721673116088,0.21648290753364563
0006,000075,75,0.0004305665788706392,0.0005444434937089682,0.43612298369407654,0.0004103631363250315,0.00043800234561786056,0.4695826470851898,0.012921529822051525,0.006367650348693132,0.007315590046346188,0.3400845229625702,0.004925095476210117,0.002230669604614377,0.0025951131246984005,0.21722149848937988
0006,000076,76,0.0004337217833381146,0.000546881987247616,0.4370361566543579,0.0004214849614072591,0.0004515144391916692,0.46968552470207214,0.01308576762676239,0.006372860632836819,0.007393810898065567,0.34009379148483276,0.0051545943133533,0.0022669814061373472,0.0027167575899511576,0.2171049416065216
0006,000077,77,0.0004323484608903527,0.0005468857707455754,0.4364655315876007,0.000423964811488986,0.0004532728635240346,0.46967262029647827,0.013140800409018993,0.006353306118398905,0.007434936705976725,0.3400970995426178,0.005388762801885605,0.0023242393508553505,0.0028538161423057318,0.21688884496688843
0006,000078,78,0.0004372891562525183,0.000546906900126487,0.4396125376224518,0.0004203050339128822,0.00045099586714059114,0.46961212158203125,0.013335633091628551,0.006357788573950529,0.007494883146136999,0.3400973081588745,0.005229192320257425,0.002363046631217003,0.0027617551386356354,0.21670228242874146
0006,000079,79,0.000444143486674875,0.0005520882550626993,0.44166532158851624,0.0004202493582852185,0.00045186872011981905,0.4696660339832306,0.013530037365853786,0.006416164804250002,0.007559696212410927,0.3400837481021881,0.005279411096125841,0.002327438909560442,0.0027880051638931036,0.21682868897914886
0006,000080,80,0.0004468986298888922,0.0005541357677429914,0.44228875637054443,0.0004259406414348632,0.00046010201913304627,0.4689041078090668,0.0135155925527215,0.0064484598115086555,0.007548937574028969,0.3400757312774658,0.0050884392112493515,0.0023331816773861647,0.002706224797293544,0.21676594018936157
0006,000081,81,0.00044933342724107206,0.0005544157465919852,0.4439477324485779,0.0004253797815181315,0.0004555086197797209,0.4695560932159424,0.013495421968400478,0.0064395214430987835,0.007499027065932751,0.3400452733039856,0.0049314433708786964,0.002205118304118514,0.0026006053667515516,0.2174122929573059
0006,000082,82,0.00044746481580659747,0.0005551844369620085,0.44339919090270996,0.0004352975229267031,0.0004686412285082042,0.46931445598602295,0.013317415490746498,0.006440557539463043,0.007421843241900206,0.34005507826805115,0.005405210889875889,0.002276602666825056,0.0028570948634296656,0.21740038692951202
0006,000083,83,0.0004469823616091162,0.0005545212188735604,0.44334349036216736,0.0004375284188427031,0.0004696837277151644,0.46979954838752747,0.01314650196582079,0.00646138284355402,0.007338524330407381,0.34003883600234985,0.005056007765233517,0.002328763948753476,0.002663177438080311,0.21753183007240295
0006,000084,84,0.00044602941488847136,0.0005517539102584124,0.4436156749725342,0.00043695030035451055,0.0004670613561756909,0.4702337086200714,0.012983984313905239,0.006478059105575085,0.007231161929666996,0.3400643765926361,0.004951667506247759,0.0023940883111208677,0.002604822861030698,0.2173217236995697
0006,000085,85,0.00044382072519510984,0.0005503552383743227,0.44311198592185974,0.0004275972896721214,0.00045370744192041457,0.47128021717071533,0.012835590168833733,0.006479197647422552,0.007162945345044136,0.3400924503803253,0.005210548639297485,0.0023930154275149107,0.002717414405196905,0.2176193743944168
0006,000086,86,0.00044074616744183004,0.0005490260664373636,0.4418891668319702,0.0004236758395563811,0.0004508750862441957,0.4703206717967987,0.012751832604408264,0.006465005222707987,0.007137796841561794,0.34009823203086853,0.005085841752588749,0.0023507815785706043,0.002660034690052271,0.2177876979112625
0006,000087,87,0.0004380604950711131,0.0005483731511048973,0.44067665934562683,0.0004234533116687089,0.0004511680162977427,0.4706270098686218,0.01274784654378891,0.006450028158724308,0.007153796963393688,0.34008869528770447,0.005210408475250006,0.002390398411080241,0.0027443403378129005,0.21731677651405334
0006,000088,88,0.00043579452903941274,0.0005476205260492861,0.43912601470947266,0.00041770326788537204,0.00044829887337982655,0.46940457820892334,0.012689521536231041,0.006425364408642054,0.007135981228202581,0.34008967876434326,0.005094714462757111,0.0023082306142896414,0.0026858567725867033,0.21746939420700073
0006,000089,89,0.0004342944303061813,0.0005471027689054608,0.4381367564201355,0.00042023687274195254,0.0004499799688346684,0.46989813446998596,0.012643910944461823,0.006417178548872471,0.007125562522560358,0.3400992453098297,0.005001287441700697,0.002330030547454953,0.002629084512591362,0.21756675839424133
0006,000090,90,0.00043292780173942447,0.0005473276833072305,0.4369889199733734,0.0004197320085950196,0.00044505627010948956,0.471284955739975,0.01252839807420969,0.006422532722353935,0.007079174742102623,0.3401074707508087,0.005269233137369156,0.0024155161809176207,0.0027557597495615482,0.21741241216659546
0006,000091,91,0.00043733729398809373,0.0005477074882946908,0.4405120015144348,0.0004147910512983799,0.00044171890476718545,0.4703197479248047,0.012887895107269287,0.006478813476860523,0.007228376809507608,0.3401089310646057,0.005202225409448147,0.0023846605326980352,0.002723510842770338,0.21742860972881317
0006,000092,92,0.00044114846969023347,0.0005506154848262668,0.44194015860557556,0.0004122088139411062,0.00044037558836862445,0.4700750410556793,0.013032528571784496,0.006488536950200796,0.007284523453563452,0.3400718867778778,0.005081580486148596,0.002243278780952096,0.002666464075446129,0.21794456243515015
0006,000093,93,0.0004437387688085437,0.0005517207318916917,0.4435032308101654,0.00041604836587794125,0.0004411404952406883,0.47098276019096375,0.013070113025605679,0.006479132920503616,0.007293373811990023,0.340059757232666,0.005234331823885441,0.0021959329023957253,0.002751382766291499,0.21810869872570038
0006,000094,94,0.0004439727636054158,0.0005498725222423673,0.4441138207912445,0.00041045923717319965,0.00043620471842586994,0.47072991728782654,0.012851723469793797,0.00648462725803256,0.0071607013233006,0.3400838077068329,0.004762249067425728,0.0021398509852588177,0.0024975507985800505,0.2187405377626419
0006,000095,95,0.00044330055243335664,0.0005492167547345161,0.44422221183776855,0.0004135557683184743,0.00043935206485912204,0.4711916744709015,0.012811195105314255,0.006511487066745758,0.0071401335299015045,0.3400824964046478,0.005291908048093319,0.002170555992051959,0.0027867224998772144,0.2187550812959671
0006,000096,96,0.00044094229815527797,0.0005470906617119908,0.4436385929584503,0.00041138543747365475,0.00044383842032402754,0.4691931903362274,0.012636898085474968,0.0065157776698470116,0.007057677023112774,0.3400912284851074,0.0053805154748260975,0.002219552407041192,0.002858951687812805,0.21836800873279572
0006,000097,97,0.00043903684127144516,0.0005471167387440801,0.44180381298065186,0.0004030723648611456,0.00043183413799852133,0.46988794207572937,0.012582013383507729,0.006510717794299126,0.007055333815515041,0.3401082754135132,0.004849066026508808,0.002221950562670827,0.002555882092565298,0.21835406124591827
0006,000098,98,0.0004352258110884577,0.0005443342379294336,0.4399583041667938,0.0004066256806254387,0.00043819352868013084,0.4696619510650635,0.012544246390461922,0.006503866985440254,0.007058435119688511,0.3400963842868805,0.005423127207905054,0.0024085468612611294,0.002876016078516841,0.21760548651218414
0006,000099,99,0.0004314456891734153,0.0005441380199044943,0.4376126527786255,0.00040239893132820725,0.00043242864194326103,0.4697340428829193,0.012532456777989864,0.006485295481979847,0.007080931216478348,0.3401079773902893,0.0047440798953175545,0.0024412923958152533,0.0025119930505752563,0.21738462150096893
0006,000100,100,0.0004354377742856741,0.0005477940430864692,0.4384327828884125,0.0004031409916933626,0.00043088305392302573,0.47011423110961914,0.012638338841497898,0.00649297796189785,0.00712817907333374,0.3400938808917999,0.004954530857503414,0.002453308319672942,0.002614013385027647,0.21707601845264435
0006,000101,101,0.00043748709140345454,0.0005482581909745932,0.4399195909500122,0.0003954841522499919,0.0004148869193159044,0.47190991044044495,0.012684721499681473,0.006493570748716593,0.00713480357080698,0.3400872051715851,0.005072802305221558,0.0021847221069037914,0.0026279883459210396,0.21781224012374878
0006,000102,102,0.0004385604406706989,0.0005492076743394136,0.44057053327560425,0.00040000994340516627,0.0004202833806630224,0.47177112102508545,0.012768923304975033,0.006491546984761953,0.007177356630563736,0.34009048342704773,0.0049150679260492325,0.002165250713005662,0.0025647487491369247,0.21809786558151245
0006,000103,103,0.00043772460776381195,0.0005492581403814256,0.440039724111557,0.00039969818317331374,0.00042756079346872866,0.4700606167316437,0.012736004777252674,0.006496710702776909,0.007170229218900204,0.34009209275245667,0.004862186498939991,0.002108055166900158,0.00256838439963758,0.2182493805885315
0006,000104,104,0.00043880060547962785,0.0005493848002515733,0.44060489535331726,0.00040483014890924096,0.0004338930011726916,0.4698636531829834,0.012635266408324242,0.00650005554780364,0.007106243632733822,0.34007951617240906,0.004999989178031683,0.002179777016863227,0.002646454144269228,0.21796029806137085
0006,000105,105,0.0004386951623018831,0.0005487435846589506,0.44086721539497375,0.00040326383896172047,0.0004339610459282994,0.4695267081260681,0.012561333365738392,0.0065015992149710655,0.0070623173378407955,0.34009817242622375,0.004838320426642895,0.0021931605879217386,0.0025656474754214287,0.21786974370479584
0006,000106,106,0.00043849193025380373,0.0005467992159537971,0.44163817167282104,0.0004049043927807361,0.00043338743853382766,0.46988794207572937,0.012599240057170391,0.006515150889754295,0.0070668295957148075,0.3401176929473877,0.004754912573844194,0.0021944872569292784,0.0025124563835561275,0.21791373193264008
0006,000107,107,0.0004365800123196095,0.0005459684180095792,0.4409906566143036,0.0004079952777829021,0.000437406066339463,0.4699316918849945,0.012587013654410839,0.006528436206281185,0.007068349048495293,0.34011536836624146,0.004830848891288042,0.002284777583554387,0.0025562040973454714,0.21756336092948914
0006,000108,108,0.0004370766400825232,0.0005460529355332255,0.44078031182289124,0.0004073723976034671,0.0004370081296656281,0.47010576725006104,0.01247820258140564,0.006526349578052759,0.0070146252401173115,0.340117484331131,0.004748768173158169,0.0023577429819852114,0.0025102815125137568,0.21728795766830444
0006,000109,109,0.00043522517080418766,0.0005444125272333622,0.44032517075538635,0.000402668840251863,0.00042943120934069157,0.47014492750167847,0.01237525325268507,0.006525831762701273,0.006965620443224907,0.34012076258659363,0.004441763740032911,0.002263133181259036,0.0023402939550578594,0.21753989160060883
0006,000110,110,0.00043333586654625833,0.0005433482583612204,0.43945661187171936,0.00040517078014090657,0.0004307147755753249,0.4710858464241028,0.01227946113795042,0.0065178112126886845,0.006920723710209131,0.34012365341186523,0.004577055107802153,0.0022734375670552254,0.002404453931376338,0.21737922728061676
0006,000111,111,0.00043116038432344794,0.0005412859609350562,0.4392904043197632,0.00040353756048716605,0.00043027798528783023,0.4707798957824707,0.012266670353710651,0.006510869134217501,0.006918526254594326,0.3401224911212921,0.0043709492310881615,0.0022312994115054607,0.0023012133315205574,0.21745476126670837
0006,000112,112,0.00043034946429543197,0.0005423215334303677,0.4380718767642975,0.00040707222069613636,0.00043656284105964005,0.469828337430954,0.012212395668029785,0.006525138393044472,0.006907311268150806,0.3401317596435547,0.004450462758541107,0.0022565084509551525,0.0023512488696724176,0.2173077017068863
0006,000113,113,0.00043045912752859294,0.0005426887655630708,0.43823936581611633,0.0004081825027242303,0.0004383377672638744,0.469576895236969,0.012159677222371101,0.006524494383484125,0.006875119637697935,0.34012630581855774,0.004437912255525589,0.0022862590849399567,0.002349394839257002,0.21708577871322632
0006,000114,114,0.00042896150262095034,0.0005404557450674474,0.43809130787849426,0.00040774786612018943,0.0004353308759164065,0.4704568088054657,0.012117746286094189,0.006521859671920538,0.006853590253740549,0.34013187885284424,0.004601210355758667,0.0023861799854785204,0.002423120429739356,0.21652103960514069
0006,000115,115,0.00042763815145008266,0.0005397970671765506,0.43795832991600037,0.00040132153662852943,0.0004271958605386317,0.4704115390777588,0.012084131129086018,0.00653461180627346,0.006840637885034084,0.3401437997817993,0.00409246701747179,0.002196877496317029,0.002149140927940607,0.21702156960964203
0006,000116,116,0.00042682531056925654,0.0005398329813033342,0.43715956807136536,0.0004085059917997569,0.0004353929543867707,0.470522403717041,0.012100677005946636,0.0065590147860348225,0.006863994523882866,0.34014347195625305,0.004118676297366619,0.002185286721214652,0.0021667215041816235,0.2170715481042862
0006,000117,117,0.00042635458521544933,0.0005394825129769742,0.43697503209114075,0.0004083937965333462,0.00043547700624912977,0.47040465474128723,0.012082261964678764,0.006559810601174831,0.006857478991150856,0.34013429284095764,0.004169723019003868,0.002174602821469307,0.0021959131117910147,0.2170478105545044
0006,000118,118,0.00042474179645068944,0.0005374278407543898,0.43668025732040405,0.000406932202167809,0.00043187401024624705,0.47091197967529297,0.012017056345939636,0.006560766138136387,0.006823937874287367,0.3401460349559784,0.0041509694419801235,0.002118517179042101,0.0021805453579872847,0.21734388172626495
0006,000119,119,0.00042405803105793893,0.00053822883637622,0.43629589676856995,0.000412589346524328,0.00044196975068189204,0.4698934257030487,0.011976991780102253,0.006546239834278822,0.006806518882513046,0.34015288949012756,0.004435642156749964,0.002208820078521967,0.002342603402212262,0.2169448435306549
0006,000120,120,0.00042428658343851566,0.00053935288451612,0.436019629240036,0.00040819201967678964,0.0004329319635871798,0.4709223806858063,0.01207354199141264,0.006579190958291292,0.006866184063255787,0.3401491641998291,0.0041395821608603,0.0021925426553934813,0.002175840549170971,0.21695615351200104
0006,000121,121,0.00042499994742684066,0.0005381866940297186,0.4369100034236908,0.00041000673081725836,0.00043850005022250116,0.469955176115036,0.012025156058371067,0.006584255024790764,0.006835569627583027,0.34014374017715454,0.004036358557641506,0.0021522927563637495,0.002130091655999422,0.21696461737155914
0006,000122,122,0.00042366154957562685,0.0005379602662287652,0.4360537827014923,0.00041271597729064524,0.000442300719441846,0.47014132142066956,0.011996768414974213,0.006593901664018631,0.006823242641985416,0.3401511013507843,0.004099046345800161,0.002131398767232895,0.002162134973332286,0.21698737144470215
0006,000123,123,0.00042286430834792554,0.0005380968214012682,0.43545010685920715,0.00041391997365280986,0.00044252772931940854,0.4700086712837219,0.012056218460202217,0.006582922302186489,0.006870982237160206,0.3401399850845337,0.004215102177113295,0.0021291335579007864,0.0022265787702053785,0.21697545051574707
0006,000124,124,0.0004230740596540272,0.0005386670236475766,0.4355275630950928,0.0004119052900932729,0.00043695347267203033,0.47093871235847473,0.01207901444286108,0.006553657352924347,0.006883920636028051,0.34013867378234863,0.004242894239723682,0.0021373543422669172,0.002225358271971345,0.21707457304000854
0006,000125,125,0.00042361117084510624,0.0005413517937995493,0.4344833791255951,0.00041322599281556904,0.0004425485385581851,0.4700184464454651,0.0120406374335289,0.006534883286803961,0.006866431329399347,0.34014374017715454,0.0043291752226650715,0.0021193590946495533,0.002285350114107132,0.2172352522611618
0006,000126,126,0.00042310546268709004,0.0005409014993347228,0.43449121713638306,0.0004150821769144386,0.00044307555072009563,0.4699196219444275,0.012122652493417263,0.006536698900163174,0.006917439866811037,0.3401384651660919,0.0042818509973585606,0.0020904375705868006,0.0022549403365701437,0.2175430953502655
0006,000127,127,0.000425520382123068,0.0005424465634860098,0.4353398382663727,0.0004192076448816806,0.0004501819785218686,0.4695436954498291,0.012231871485710144,0.006539766676723957,0.006958791054785252,0.34012943506240845,0.004925635177642107,0.0021781211253255606,0.002610465046018362,0.21713918447494507
0006,000128,128,0.00043236190686002374,0.0005435951752588153,0.43866968154907227,0.0004180511168669909,0.00044694324606098235,0.47018885612487793,0.012459654361009598,0.006559147033840418,0.007018884643912315,0.3401246964931488,0.004664971027523279,0.00221127993427217,0.0024581002071499825,0.2168874889612198
0006,000129,129,0.0004335072298999876,0.000544957525562495,0.4393041431903839,0.00041563031845726073,0.00044198811519891024,0.4708743393421173,0.012478564865887165,0.0065348194912076,0.0070159099996089935,0.34013521671295166,0.004671749193221331,0.002202654257416725,0.0024511590600013733,0.21691133081912994
0006,000130,130,0.0004345652414485812,0.000545534014236182,0.43929335474967957,0.0004119443183299154,0.0004370810347609222,0.47076815366744995,0.01251715887337923,0.006533370818942785,0.007041016593575478,0.34013259410858154,0.004510619677603245,0.002096461597830057,0.0023692636750638485,0.21747857332229614
0006,000131,131,0.00043242028914391994,0.0005441884277388453,0.43870115280151367,0.00041939603397622705,0.00044735989649780095,0.4708406925201416,0.012382195331156254,0.006521472241729498,0.0069878376089036465,0.3401353359222412,0.004747683182358742,0.002137186238542199,0.0025024190545082092,0.21735325455665588
0006,000132,132,0.00043140960042364895,0.000542984576895833,0.43876492977142334,0.00041663635056465864,0.00044537405483424664,0.4700191915035248,0.012327655218541622,0.006521300412714481,0.006949991919100285,0.3401232659816742,0.004556224215775728,0.002165706129744649,0.002406463725492358,0.2172340303659439
0006,000133,133,0.00043067664955742657,0.0005413679755292833,0.4384557604789734,0.0004139757656957954,0.00044176209485158324,0.4702916443347931,0.012341413646936417,0.006534804590046406,0.00695817219093442,0.34012141823768616,0.004294234327971935,0.0021772945765405893,0.002264185808598995,0.2172650843858719
0006,000134,134,0.00043014026596210897,0.0005424391129054129,0.43809372186660767,0.0004144226259086281,0.0004425843944773078,0.47027984261512756,0.012253349646925926,0.00653155567124486,0.006922513246536255,0.3401312232017517,0.004371299874037504,0.002170390682294965,0.002300586085766554,0.2173588126897812
0006,000135,135,0.00042947614565491676,0.0005403514369390905,0.438350111246109,0.00041392326238565147,0.0004407476808410138,0.47082090377807617,0.012184777297079563,0.006533928215503693,0.006878056097775698,0.3401249647140503,0.004186743404716253,0.002115211682394147,0.002200674032792449,0.21749426424503326
0006,000136,136,0.00042872369522228837,0.0005400800728239119,0.4378836154937744,0.00041415629675611854,0.0004405382205732167,0.47076350450515747,0.01213972456753254,0.006534731015563011,0.006858547683805227,0.34013646841049194,0.004276927560567856,0.0021344865672290325,0.0022489503026008606,0.2174222767353058
0006,000137,137,0.00042780610965564847,0.0005385242402553558,0.43823492527008057,0.00041258649434894323,0.00044033335871063173,0.47035104036331177,0.012161137536168098,0.006553961895406246,0.006870289798825979,0.34014013409614563,0.004133366979658604,0.002100289799273014,0.0021751250606030226,0.2175903171300888
0006,000138,138,0.00042731824214570224,0.0005392582388594747,0.43771734833717346,0.00041150065953843296,0.0004377826408017427,0.47049522399902344,0.012099734507501125,0.0065568555146455765,0.0068454258143901825,0.34015142917633057,0.004096939228475094,0.002045920118689537,0.0021519134752452374,0.21781955659389496
0006,000139,139,0.0004266417818143964,0.0005395084153860807,0.43733787536621094,0.00041344057535752654,0.0004426663799677044,0.46963241696357727,0.012096649967133999,0.0065519558265805244,0.006853582803159952,0.34015923738479614,0.004292575176805258,0.0020988567266613245,0.0022672920022159815,0.2176431119441986
0006,000140,140,0.00042614786070771515,0.000538679480087012,0.4370018541812897,0.00040922113112173975,0.0004361721221357584,0.470454603433609,0.01203043945133686,0.006550565827637911,0.006813268177211285,0.3401583731174469,0.004428607411682606,0.002194962464272976,0.0023312026169151068,0.21721701323986053
0006,000141,141,0.00042493431828916073,0.0005373178864829242,0.4371757209300995,0.00040489339153282344,0.0004314345424063504,0.47051653265953064,0.012048834003508091,0.006547009572386742,0.006822880357503891,0.3401476740837097,0.004177394788712263,0.0022025350481271744,0.0021984437480568886,0.21712373197078705
0006,000142,142,0.000425098929554224,0.0005390336154960096,0.4366130530834198,0.00040544290095567703,0.00043252037721686065,0.47016775608062744,0.012014101259410381,0.006557133514434099,0.006823535542935133,0.3401482105255127,0.00402501504868269,0.002204230986535549,0.002124038990586996,0.21701927483081818
0006,000143,143,0.0004267869226168841,0.0005401352536864579,0.4368293881416321,0.0004093723255209625,0.0004376908764243126,0.4702264070510864,0.012026536278426647,0.006570789497345686,0.006827028002589941,0.340145468711853,0.004263543523848057,0.002197550144046545,0.002250226680189371,0.21690936386585236
0006,000144,144,0.00042426862637512386,0.0005370592116378248,0.4367472231388092,0.0004085287800990045,0.0004348678921815008,0.47064724564552307,0.011976806446909904,0.006570378318428993,0.006797203794121742,0.34016162157058716,0.004040625412017107,0.00214544334448874,0.0021263109520077705,0.2170417159795761
0006,000145,145,0.00042407738510519266,0.0005367100238800049,0.43692243099212646,0.00041125458665192127,0.00043904551421292126,0.4701552391052246,0.011985437013208866,0.00656900042667985,0.006808474659919739,0.3401535749435425,0.00419510155916214,0.002163454657420516,0.0022143356036394835,0.21698561310768127
0006,000146,146,0.0004233650688547641,0.0005366923287510872,0.43658447265625,0.000408611202146858,0.0004354358243290335,0.47041529417037964,0.01196925900876522,0.006580742541700602,0.006796630099415779,0.3401702046394348,0.003941401839256287,0.0020771706476807594,0.002074743388220668,0.2172916978597641
0006,000147,147,0.0004226611345075071,0.0005378648056648672,0.4358949661254883,0.0004150002496317029,0.0004453713772818446,0.46974316239356995,0.011981207877397537,0.006584371440112591,0.006821420043706894,0.34015676379203796,0.00432954216375947,0.0021538794972002506,0.0022877040319144726,0.2169620394706726
0006,000148,148,0.00042165027116425335,0.0005374089232645929,0.43548956513404846,0.0004134494811296463,0.00044073534081690013,0.470510870218277,0.011917506344616413,0.006573705933988094,0.006790015380829573,0.3401617109775543,0.004083369858562946,0.002158564981073141,0.002151514170691371,0.21688982844352722
0006,000149,149,0.00042291756835766137,0.0005372032173909247,0.4361859858036041,0.00041157036321237683,0.0004369840899016708,0.47089922428131104,0.011983240954577923,0.006584045011550188,0.006818461697548628,0.3401564359664917,0.0045454613864421844,0.0022715390659868717,0.0023919963277876377,0.2164473533630371
0006,000150,150,0.000421851989813149,0.000537555490154773,0.43565258383750916,0.00040613580495119095,0.0004312364908400923,0.4707598090171814,0.011972461827099323,0.0065748849883675575,0.006817999761551619,0.3401586413383484,0.0038713710382580757,0.002153985667973757,0.002037996891885996,0.21676743030548096
0006,000151,151,0.0004224188451189548,0.0005371696897782385,0.43603166937828064,0.00041551163303665817,0.0004454023437574506,0.4701029062271118,0.012018383480608463,0.006580207496881485,0.006846074014902115,0.3401542901992798,0.004403053317219019,0.002198403002694249,0.00232963589951396,0.2164188176393509
0006,000152,152,0.0004207569290883839,0.0005349507555365562,0.43570277094841003,0.0004136744828429073,0.0004399539320729673,0.47064685821533203,0.011975209228694439,0.006582063622772694,0.006819956470280886,0.34016916155815125,0.0040765623562037945,0.0022000260651111603,0.0021468293853104115,0.21637606620788574
0006,000153,153,0.00042184951598756015,0.0005365300457924604,0.4356481730937958,0.0004158399242442101,0.0004468219121918082,0.4698297679424286,0.011981183663010597,0.006598725449293852,0.006829532328993082,0.34015998244285583,0.004370795097202063,0.002284151501953602,0.0023132814094424248,0.21593086421489716
0006,000154,154,0.00042074083467014134,0.0005360337672755122,0.43524277210235596,0.0004134906339459121,0.00044244434684515,0.4701223373413086,0.011934302747249603,0.006602926179766655,0.006800954230129719,0.3401639759540558,0.00393345532938838,0.002180183306336403,0.002073810901492834,0.21622945368289948
0006,000155,155,0.00042115204269066453,0.0005361402872949839,0.43537092208862305,0.00041685946052893996,0.0004425061633810401,0.4708250164985657,0.011888101696968079,0.006601610686630011,0.006773495115339756,0.34016886353492737,0.004170693922787905,0.0020846377592533827,0.002192034153267741,0.21656377613544464
0006,000156,156,0.00042147800559177995,0.000537598563823849,0.4352918863296509,0.00042022179695777595,0.0004467188264243305,0.47076642513275146,0.011871656402945518,0.0065950979478657246,0.006770219188183546,0.3401760756969452,0.004054221790283918,0.0020719808526337147,0.002132475608959794,0.2166239619255066
0006,000157,157,0.0004203281714580953,0.000536351406481117,0.43531328439712524,0.0004228907637298107,0.00045334978494793177,0.46988445520401,0.011950825341045856,0.0065926299430429935,0.006820406299084425,0.340175598859787,0.004219924099743366,0.00208649062551558,0.002227355493232608,0.21660000085830688
0006,000158,158,0.00041999624227173626,0.0005367704434320331,0.4347430467605591,0.00042170356027781963,0.0004488766717258841,0.47050741314888,0.01190566923469305,0.006596038118004799,0.006789934355765581,0.3401637375354767,0.004105530213564634,0.0020810961723327637,0.0021643871441483498,0.21656399965286255
0006,000159,159,0.00042069744085893035,0.0005366314435377717,0.4347711503505707,0.0004205864970572293,0.0004491618601605296,0.47025129199028015,0.011925479397177696,0.006605843082070351,0.0068060290068387985,0.34015822410583496,0.0038335793651640415,0.0020261334720999002,0.002019972074776888,0.21689434349536896
0006,000160,160,0.0004211468331050128,0.0005372742307372391,0.43504783511161804,0.0004214696236886084,0.0004475973837543279,0.4709945619106293,0.011909527704119682,0.006602016277611256,0.006798449903726578,0.3401501178741455,0.004091585986316204,0.002052022609859705,0.0021504524629563093,0.2167655974626541
0006,000161,161,0.0004208177560940385,0.0005373563035391271,0.43490836024284363,0.000418509473092854,0.00044517809874378145,0.4708109200000763,0.011946357786655426,0.0066073741763830185,0.0068224654532969,0.3401593863964081,0.004027660004794598,0.0020688283257186413,0.002119452692568302,0.21679390966892242
0006,000162,162,0.000420521100750193,0.0005372939049266279,0.43484440445899963,0.00041790606337599456,0.0004461306380107999,0.47031575441360474,0.011916990391910076,0.006600078660994768,0.00680232560262084,0.34015727043151855,0.003959781024605036,0.00205791718326509,0.0020889826118946075,0.2168787270784378
0006,000163,163,0.000421911507146433,0.0005384166724979877,0.4350731074810028,0.00041937927016988397,0.00044781240285374224,0.47022876143455505,0.011861843056976795,0.006577819585800171,0.006768068764358759,0.3401721119880676,0.0038564582355320454,0.0020258149597793818,0.0020341258496046066,0.21705251932144165
0006,000164,164,0.0004205459263175726,0.0005374742904677987,0.43483737111091614,0.00042082680738531053,0.0004521590890362859,0.4698069095611572,0.011902835220098495,0.006577609572559595,0.006795911118388176,0.3401739299297333,0.004432563669979572,0.002115866169333458,0.002340158214792609,0.21680901944637299
0006,000165,165,0.0004209281469229609,0.0005376510671339929,0.4350271224975586,0.0004196970839984715,0.00044833458377979696,0.4699613153934479,0.011938446201384068,0.006581358145922422,0.0068102250806987286,0.34016498923301697,0.0039928569458425045,0.0020626334007829428,0.0021054947283118963,0.21697020530700684
0006,000166,166,0.00041961876559071243,0.0005360351060517132,0.4350595474243164,0.00042024123831652105,0.0004485175886657089,0.47050321102142334,0.011984200216829777,0.006602921988815069,0.006844683550298214,0.34015610814094543,0.004064082633703947,0.0020674162078648806,0.002140503143891692,0.21697355806827545
0006,000167,167,0.00041955793858505785,0.0005368857528083026,0.434576153755188,0.0004201557894703001,0.0004490894207265228,0.47004517912864685,0.01194304320961237,0.006593452300876379,0.0068225134164094925,0.34016647934913635,0.0040821293368935585,0.002099734963849187,0.0021540375892072916,0.21681714057922363
0006,000168,168,0.00042063742876052856,0.0005369485006667674,0.43468669056892395,0.0004177343216724694,0.0004443436046130955,0.4708753526210785,0.011916685849428177,0.006599431857466698,0.006804200820624828,0.34017086029052734,0.00419362960383296,0.002154878107830882,0.0022064107470214367,0.21655882894992828
0006,000169,169,0.0004196356749162078,0.000536146282684058,0.4349657893180847,0.0004122908285353333,0.00043851634836755693,0.47059768438339233,0.011906832456588745,0.006589518394321203,0.006799913011491299,0.34015750885009766,0.0038942040409892797,0.002099790843203664,0.002050107577815652,0.2166612595319748
0006,000170,170,0.0004188448074273765,0.0005366644472815096,0.4341719448566437,0.00041476546903140843,0.0004404037317726761,0.4709978997707367,0.011847925372421741,0.0065832543186843395,0.006774553097784519,0.34017547965049744,0.004073439631611109,0.002105993451550603,0.002145261038094759,0.21660710871219635
0006,000171,171,0.000419703486841172,0.0005372666637413204,0.43432819843292236,0.00041344211786054075,0.00044053158489987254,0.47040292620658875,0.011832349933683872,0.006574068684130907,0.0067567103542387486,0.34018009901046753,0.0039246948435902596,0.001994758378714323,0.0020651998929679394,0.21716684103012085
0006,000172,172,0.000419313320890069,0.0005362713127397001,0.43449363112449646,0.00041918663191609085,0.00044641317799687386,0.470420777797699,0.011866861023008823,0.006584228947758675,0.00677428999915719,0.34017375111579895,0.004188505467027426,0.0020531704649329185,0.0022059038747102022,0.2169034630060196
0006,000173,173,0.0004199813702143729,0.0005376669578254223,0.4345783591270447,0.00041928989230655134,0.0004481135692913085,0.47032514214515686,0.011909388937056065,0.006583493668586016,0.006811220198869705,0.3401668965816498,0.0043673040345311165,0.002172095701098442,0.0023067037109285593,0.21648438274860382
0006,000174,174,0.0004210775368846953,0.000537985295522958,0.4346272647380829,0.00041616399539634585,0.00044580563553608954,0.46993476152420044,0.011930781416594982,0.006594215985387564,0.006817384622991085,0.3401585817337036,0.0039294566959142685,0.002099537756294012,0.002073521027341485,0.21677637100219727
0006,000175,175,0.00042054682853631675,0.0005382764502428472,0.4345252215862274,0.00042041318374685943,0.0004493383166845888,0.4702374339103699,0.011881224811077118,0.0065938690677285194,0.00678813923150301,0.34017613530158997,0.00399965513497591,0.002067869296297431,0.0021066111512482166,0.21707038581371307
0006,000176,176,0.0004208713071420789,0.000537735759280622,0.4350326955318451,0.00042205507634207606,0.00045066120219416916,0.4700135588645935,0.01187162660062313,0.0065899500623345375,0.006773239467293024,0.3401719033718109,0.00409823888912797,0.002054760232567787,0.0021614860743284225,0.21717068552970886
0006,000177,177,0.00042015229701064527,0.0005364909884519875,0.43481573462486267,0.0004236756940372288,0.0004540035442914814,0.47010356187820435,0.011868657544255257,0.006603498477488756,0.006781261879950762,0.3401774764060974,0.004427691921591759,0.002139619318768382,0.002337181242182851,0.21673095226287842
0006,000178,178,0.00042019106331281364,0.0005371530423872173,0.43462416529655457,0.00041651225183159113,0.0004414011782500893,0.4712608754634857,0.011972500011324883,0.006564746145159006,0.006829195190221071,0.3401733636856079,0.004245374817401171,0.0021820866968482733,0.0022312537766993046,0.21651121973991394
0006,000179,179,0.00042016373481601477,0.0005373787134885788,0.43448129296302795,0.0004157165240030736,0.000446030346211046,0.4696146249771118,0.012081165798008442,0.006501283496618271,0.00688674533739686,0.3401544988155365,0.004168281797319651,0.0021851479541510344,0.00220312736928463,0.21648018062114716
0006,000180,180,0.00041965002310462296,0.0005375129985623062,0.4342329800128937,0.0004195241490378976,0.00044770020758733153,0.47073230147361755,0.012018054723739624,0.00645896652713418,0.006861149333417416,0.34015676379203796,0.0044391765259206295,0.00226885755546391,0.0023425747640430927,0.21606925129890442
0006,000181,181,0.00042057412792928517,0.0005377321504056454,0.4346543848514557,0.00041592936031520367,0.00044278864515945315,0.4706052839756012,0.012037507258355618,0.006440089084208012,0.00686614541336894,0.3401595950126648,0.004185106605291367,0.002261262619867921,0.002204382326453924,0.21590286493301392
0006,000182,182,0.00042147375643253326,0.0005386652774177492,0.4349736273288727,0.0004156918148510158,0.0004447637184057385,0.47019100189208984,0.012102916836738586,0.006415545474737883,0.006894849706441164,0.3401533365249634,0.004002227447926998,0.002198713133111596,0.0021077070850878954,0.21602529287338257
0006,000183,183,0.00042242318158969283,0.0005381168448366225,0.43541383743286133,0.0004191503394395113,0.0004441577475517988,0.4710310399532318,0.012089777737855911,0.006344871129840612,0.0068768286146223545,0.34015992283821106,0.00426040543243289,0.002169960644096136,0.002236325293779373,0.21609094738960266
0006,000184,184,0.0004235411761328578,0.0005395523039624095,0.4350453019142151,0.0004196382942609489,0.0004474453453440219,0.47049543261528015,0.012168187648057938,0.006282963324338198,0.006912275217473507,0.34015515446662903,0.004119467455893755,0.00211560376919806,0.0021681024227291346,0.21629294753074646
0006,000185,185,0.00042441004188731313,0.0005392299499362707,0.43568071722984314,0.0004229637561365962,0.0004517178749665618,0.4704291522502899,0.012244774959981441,0.006207864731550217,0.00694600585848093,0.3401319682598114,0.004380101803690195,0.0021446694154292345,0.0023070804309099913,0.2161654829978943
0006,000186,186,0.00042463192949071527,0.0005395437474362552,0.4360228478908539,0.00042071944335475564,0.0004489268467295915,0.4705304205417633,0.012379876337945461,0.006095275282859802,0.0070117320865392685,0.34013062715530396,0.004288658034056425,0.0021071182563900948,0.0022576195187866688,0.2162165641784668
0006,000187,187,0.0004259043780621141,0.0005408716388046741,0.4363226890563965,0.0004242928989697248,0.00045433215564116836,0.4699476659297943,0.012532460503280163,0.005938144400715828,0.007078815717250109,0.3401111364364624,0.004360513761639595,0.002102162688970566,0.0022992438171058893,0.21635521948337555
0006,000188,188,0.000426608748966828,0.0005421284586191177,0.4363080859184265,0.0004256299289409071,0.00045385287376120687,0.4703696668148041,0.01278595719486475,0.005745177157223225,0.007194202393293381,0.34010788798332214,0.004402905702590942,0.0020420579239726067,0.0023147505708038807,0.21675877273082733
0006,000189,189,0.00042925000889226794,0.0005452269688248634,0.4367629587650299,0.00042876435327343643,0.000456949754152447,0.4706902801990509,0.012849683873355389,0.0056028724648058414,0.007218267768621445,0.3401014506816864,0.004938117228448391,0.002150558400899172,0.0025930660776793957,0.21642278134822845
0006,000190,190,0.0004319294821470976,0.0005462353583425283,0.4371267259120941,0.0004244441806804389,0.00045214113197289407,0.4705287516117096,0.012811679393053055,0.005521543323993683,0.007197048049420118,0.3400980532169342,0.00474175252020359,0.002156259957700968,0.0024945507757365704,0.216404527425766
0006,000191,191,0.0004316609993111342,0.0005456384387798607,0.437605619430542,0.0004237744433339685,0.00045119962305761874,0.47054293751716614,0.012756990268826485,0.00549501134082675,0.007160934619605541,0.34009450674057007,0.00471618352457881,0.0021582511253654957,0.0024780225940048695,0.21639062464237213
0006,000192,192,0.00043330539483577013,0.0005454139318317175,0.438190221786499,0.00042020593537017703,0.00044659338891506195,0.47078144550323486,0.012880903668701649,0.005490355659276247,0.007201567757874727,0.3401065170764923,0.0046836091205477715,0.002122709760442376,0.002454855479300022,0.21657660603523254
0006,000193,193,0.00043474938138388097,0.0005458005471155047,0.43867120146751404,0.0004212535859551281,0.00044724566396325827,0.47070783376693726,0.013010717928409576,0.005461337976157665,0.007257734891027212,0.34010154008865356,0.004912984557449818,0.002167206257581711,0.0025817404966801405,0.21640916168689728
0006,000194,194,0.00043595174793154,0.0005459861713461578,0.4391920566558838,0.0004195146611891687,0.00044800329487770796,0.4704038202762604,0.013127974234521389,0.005426499992609024,0.007300499361008406,0.3400959074497223,0.005038185976445675,0.002200002083554864,0.002647975692525506,0.21644122898578644
0006,000195,195,0.0004388931847643107,0.0005476391525007784,0.4399220049381256,0.00042092270450666547,0.0004485274839680642,0.47033220529556274,0.013372511602938175,0.00541361328214407,0.007417431566864252,0.34007546305656433,0.005005702842026949,0.00223372271284461,0.002633086871355772,0.2162812203168869
0006,000196,196,0.0004408067907206714,0.0005499790422618389,0.43984752893447876,0.000417816307162866,0.00044388463720679283,0.47075891494750977,0.0134132644161582,0.005387613084167242,0.0074401730671525,0.3400668203830719,0.0050756619311869144,0.002228492870926857,0.0026633001398295164,0.21631835401058197
0006,000197,197,0.0004396280855871737,0.0005484903231263161,0.4399241805076599,0.0004188953316770494,0.0004461420467123389,0.470596581697464,0.013411610387265682,0.005361516028642654,0.007438280154019594,0.34009042382240295,0.005292609333992004,0.0023142679128795862,0.002784561598673463,0.2160896360874176
0006,000198,198,0.0004400363250169903,0.0005500547122210264,0.4396306574344635,0.00041715093539096415,0.00044532629544846714,0.47029778361320496,0.013625817373394966,0.005335200112313032,0.007556713651865721,0.3400649130344391,0.005312771536409855,0.0024000892881304026,0.002795552369207144,0.21605513989925385
0006,000199,199,0.00044075935147702694,0.0005511549534276128,0.4397488236427307,0.00041745579801499844,0.0004451551358215511,0.47015082836151123,0.013538218103349209,0.005322493612766266,0.007513666059821844,0.340069442987442,0.005304100923240185,0.002409899141639471,0.00279512838460505,0.21604296565055847
0006,000200,200,0.0004389629466459155,0.00055036845151335,0.4388829171657562,0.00041823863284662366,0.00044720404548570514,0.4701971113681793,0.013590512797236443,0.00534085463732481,0.007568064145743847,0.34006837010383606,0.005264924373477697,0.00237345602363348,0.00276798103004694,0.21635505557060242
0006,000201,201,0.00043604409438557923,0.0005507728201337159,0.4375203251838684,0.00042249436955899,0.00045610626693814993,0.4691135883331299,0.013481712900102139,0.005323074292391539,0.007536256220191717,0.3400559723377228,0.005502326413989067,0.002352730603888631,0.002910780720412731,0.21634678542613983
0006,000202,202,0.00043648036080412567,0.0005544271552935243,0.4366033673286438,0.0004232572391629219,0.00045454854262061417,0.46978044509887695,0.013457630760967731,0.005306991748511791,0.007533114403486252,0.34006258845329285,0.0056047020480036736,0.002332529751583934,0.0029450750444084406,0.21669864654541016
0006,000203,203,0.00043476259452290833,0.0005537069519050419,0.4358065128326416,0.00043049687519669533,0.00046652855235151947,0.46910685300827026,0.013383331708610058,0.005278556142002344,0.007518451660871506,0.34007298946380615,0.005826223641633987,0.0023564761504530907,0.0030868712347000837,0.21640422940254211
0006,000204,204,0.00043295903014950454,0.00055190350394696,0.43570762872695923,0.0004277784319128841,0.0004612005141098052,0.4695838987827301,0.013343390077352524,0.005263023544102907,0.007497462909668684,0.34007877111434937,0.0057127452455461025,0.002305320929735899,0.0030168122611939907,0.21648970246315002
0006,000205,205,0.0004300485015846789,0.0005487846792675555,0.43515104055404663,0.00043134050793014467,0.00046887443750165403,0.46915537118911743,0.013292651623487473,0.005235826596617699,0.007469222415238619,0.34009069204330444,0.005673539359122515,0.002329293405637145,0.003002883167937398,0.21645687520503998
0006,000206,206,0.0004301653243601322,0.0005513972719199955,0.43451616168022156,0.0004386449872981757,0.0004802325856871903,0.4683794677257538,0.01336338184773922,0.005237666890025139,0.007537738885730505,0.3400896489620209,0.006054978352040052,0.002409405307844281,0.0032285749912261963,0.21634133160114288
0006,000207,207,0.00042651849798858166,0.0005489179166033864,0.43307122588157654,0.00043811689829453826,0.00047747165081091225,0.46885573863983154,0.013123713433742523,0.0052472930401563644,0.00743138138204813,0.3400825560092926,0.005242691840976477,0.00237582391127944,0.0027811292093247175,0.21650315821170807
0006,000208,208,0.00042307269177399576,0.0005492537748068571,0.43086737394332886,0.00043973492574878037,0.00047763914335519075,0.468784362077713,0.01303303986787796,0.005259587895125151,0.007410148158669472,0.3400762379169464,0.00502050993964076,0.0023564740549772978,0.0026620677672326565,0.21660065650939941
0006,000209,209,0.0004218981775920838,0.0005468006711453199,0.4309902489185333,0.00044084902037866414,0.00047863685176707804,0.4690874218940735,0.01302451640367508,0.005266714841127396,0.007391627412289381,0.34006795287132263,0.005085517652332783,0.0023865005932748318,0.0026894148904830217,0.216572105884552
0006,000210,210,0.0004196431254968047,0.0005425987765192986,0.43119242787361145,0.0004404335340950638,0.00047649547923356295,0.46934738755226135,0.0129793556407094,0.005262292921543121,0.00737130967900157,0.3400755822658539,0.005466109607368708,0.00247570569626987,0.0028858252335339785,0.21585890650749207
0006,000211,211,0.0004171845503151417,0.0005398986977525055,0.43092235922813416,0.00043519402970559895,0.00047176110092550516,0.4691379964351654,0.013090081512928009,0.00523658050224185,0.0074205100536346436,0.34006625413894653,0.0054635354317724705,0.0025567335542291403,0.002886017318814993,0.21534042060375214
0006,000212,212,0.0004178220988251269,0.0005409437580965459,0.4310652017593384,0.00043254822958260775,0.00046470138477161527,0.4696485102176666,0.013262075372040272,0.005193112418055534,0.007510908413678408,0.34006547927856445,0.0052750310860574245,0.002553127473220229,0.002782172756269574,0.21499061584472656
0006,000213,213,0.00041594626964069903,0.0005384252872318029,0.43125730752944946,0.0004336457350291312,0.00046732366899959743,0.4694936275482178,0.013445377349853516,0.005145220551639795,0.007595145143568516,0.34007254242897034,0.005367156583815813,0.0024955093394964933,0.002826359821483493,0.21484588086605072
0006,000214,214,0.00041743312613107264,0.0005401960224844515,0.4316674470901489,0.0004331447707954794,0.0004631057963706553,0.4697648584842682,0.013771465048193932,0.005120471585541964,0.007767667528241873,0.34005966782569885,0.005477318540215492,0.0023875762708485126,0.0028748095501214266,0.21502162516117096
0006,000215,215,0.00041693993262015283,0.0005382925737649202,0.4322228729724884,0.0004379609599709511,0.0004664128937292844,0.47029536962509155,0.013839982450008392,0.0051159970462322235,0.007786039263010025,0.34005099534988403,0.005852361209690571,0.0024412658531218767,0.0030716550536453724,0.21463973820209503
0006,000216,216,0.00041893497109413147,0.0005369771388359368,0.43423813581466675,0.00043678079964593053,0.00046705410932190716,0.47020047903060913,0.014040627516806126,0.005118234548717737,0.007870029658079147,0.340043306350708,0.005666212644428015,0.0024160584434866905,0.0029717599973082542,0.21476423740386963
0006,000217,217,0.00042172474786639214,0.0005382495000958443,0.435534805059433,0.00044252441148273647,0.0004737545386888087,0.46978217363357544,0.014113553799688816,0.005118985194712877,0.00787049625068903,0.3400491178035736,0.006045722868293524,0.002436646493151784,0.0031783513259142637,0.2146536260843277
0006,000218,218,0.0004222549614496529,0.0005380728398449719,0.43550166487693787,0.0004444582446012646,0.0004771433596033603,0.4694072902202606,0.014212023466825485,0.0051324875093996525,0.007932455278933048,0.3400508165359497,0.005857381504029036,0.002405851613730192,0.003074564039707184,0.2147609144449234
0006,000219,219,0.00042393564945086837,0.0005400012014433742,0.4359006881713867,0.0004501034854911268,0.0004834141000173986,0.4694015383720398,0.01442787330597639,0.005149795673787594,0.008055068552494049,0.3400266766548157,0.0064336806535720825,0.002477288246154785,0.0033813510090112686,0.2145715057849884
0006,000220,220,0.0004266255418770015,0.0005386623088270426,0.43777766823768616,0.00045387179125100374,0.000490318110678345,0.46920379996299744,0.014542218297719955,0.005174568854272366,0.008066038601100445,0.3400436043739319,0.00629543699324131,0.002522542607039213,0.003305574646219611,0.21449589729309082
0006,000221,221,0.00042736087925732136,0.0005363026866689324,0.43909722566604614,0.0004511625738814473,0.0004807327641174197,0.47039860486984253,0.014537773095071316,0.005164959002286196,0.008042192086577415,0.34002768993377686,0.006525075063109398,0.0024764775298535824,0.0034065465442836285,0.2148260921239853
0006,000222,222,0.00042676139855757356,0.0005348048871383071,0.4393085539340973,0.0004554033512249589,0.000489161117002368,0.46967747807502747,0.014656659215688705,0.0051732733845710754,0.008102791383862495,0.34000661969184875,0.006782069802284241,0.002589108655229211,0.0035546179860830307,0.2144259214401245
0006,000223,223,0.00042519415728747845,0.0005323116201907396,0.43891578912734985,0.000451952830189839,0.000487454526592046,0.4692206382751465,0.014562206342816353,0.005170767195522785,0.008045689202845097,0.3400101959705353,0.006833023391664028,0.002574532525613904,0.003585156286135316,0.21455246210098267
0006,000224,224,0.0004265888419467956,0.0005317746545188129,0.4401502311229706,0.0004536001360975206,0.00048445735592395067,0.4707219898700714,0.014668633230030537,0.005200928542762995,0.008072221651673317,0.3400220274925232,0.0065521057695150375,0.0025902451016008854,0.0034181929659098387,0.21446868777275085
0006,000225,225,0.00043029693188145757,0.0005338246701285243,0.44122084975242615,0.0004493911983445287,0.0004798012669198215,0.4707075357437134,0.014756496995687485,0.0052233426831662655,0.008093548007309437,0.3400095999240875,0.006582082249224186,0.0025348018389195204,0.003433557692915201,0.214877650141716
0006,000226,226,0.0004333568213041872,0.0005359143251553178,0.4422874450683594,0.0004531714948825538,0.0004863136273343116,0.4697950780391693,0.014761819504201412,0.0052176835015416145,0.008076808415353298,0.340004563331604,0.00696586212143302,0.002520127920433879,0.003644915297627449,0.21503862738609314
0006,000227,227,0.0004357099824119359,0.0005388035788200796,0.4427189230918884,0.00045310938730835915,0.0004815853026229888,0.4707636833190918,0.014829128049314022,0.005238260142505169,0.008116189390420914,0.3400042653083801,0.007124204188585281,0.002536837011575699,0.0037099237088114023,0.21532784402370453
0006,000228,228,0.000438591290730983,0.0005409783334471285,0.4431692063808441,0.00044671399518847466,0.00046988314716145396,0.47209829092025757,0.01494654081761837,0.005257943645119667,0.00817444734275341,0.34002575278282166,0.007916567847132683,0.002642834559082985,0.004099934361875057,0.2155148684978485
0006,000229,229,0.00044131078175269067,0.0005419839872047305,0.4441949725151062,0.000440766365500167,0.00046846605255268514,0.47126612067222595,0.01500989031046629,0.005299694836139679,0.008181450888514519,0.34004759788513184,0.007829047739505768,0.002610561903566122,0.004082101862877607,0.21627645194530487
0006,000230,230,0.00044109555892646313,0.0005415177438408136,0.44487571716308594,0.00044186669401824474,0.0004731939116027206,0.47066545486450195,0.015037001110613346,0.005299615673720837,0.00819081999361515,0.3400484621524811,0.007962453179061413,0.0026273117400705814,0.004168539773672819,0.21619188785552979
0006,000231,231,0.0004418050230015069,0.0005438539083115757,0.4441531300544739,0.000443851575255394,0.00047908531269058585,0.4691089689731598,0.014939496293663979,0.005320245865732431,0.008158952929079533,0.34005409479141235,0.007940155453979969,0.002629434922710061,0.004183558747172356,0.21625135838985443
0006,000232,232,0.00044366036308929324,0.0005438332445919514,0.44511643052101135,0.0004473137087188661,0.0004850619297940284,0.46915191411972046,0.014929928816854954,0.005319543182849884,0.008118647150695324,0.34004074335098267,0.007953590713441372,0.002735377522185445,0.004186977166682482,0.21586190164089203
0006,000233,233,0.000444417935796082,0.0005402249516919255,0.4468453526496887,0.0004407383385114372,0.0004735761904157698,0.46945592761039734,0.014932917430996895,0.005320149008184671,0.00808828417211771,0.34006693959236145,0.007411910220980644,0.002679369878023863,0.003881230717524886,0.2165278196334839
0006,000234,234,0.0004459073534235358,0.0005388754070736468,0.44824454188346863,0.00044214935041964054,0.0004741910961456597,0.4698656499385834,0.01502697728574276,0.005343773867934942,0.008123408071696758,0.34004437923431396,0.007294135168194771,0.0026239538565278053,0.0038123875856399536,0.21735620498657227
0006,000235,235,0.00044594178325496614,0.0005379237700253725,0.4484843611717224,0.000446868798462674,0.00048196647549048066,0.46912437677383423,0.015097767114639282,0.005347362719476223,0.008160964585840702,0.34006214141845703,0.007386170793324709,0.0025906728114932775,0.0038775180000811815,0.21758593618869781
0006,000236,236,0.00044514669571071863,0.0005320222699083388,0.4496433436870575,0.0004420605837367475,0.0004770293307956308,0.46929872035980225,0.015198495239019394,0.005356190260499716,0.008191472850739956,0.34003910422325134,0.0073197996243834496,0.0025979881174862385,0.003845229046419263,0.21777544915676117
0006,000237,237,0.00044583636918105185,0.0005256468430161476,0.4527716636657715,0.00043738289969041944,0.00046582421055063605,0.4707697033882141,0.015346864238381386,0.005368692800402641,0.008223351091146469,0.3400311768054962,0.00790360663086176,0.002703338162973523,0.004130702465772629,0.21692390739917755
0006,000238,238,0.00044568240991793573,0.0005218854057602584,0.4541715383529663,0.0004216719826217741,0.0004478729097172618,0.4711788296699524,0.015388392843306065,0.0053495122119784355,0.00822475180029869,0.34001418948173523,0.007508568931370974,0.002729667816311121,0.0039208559319376945,0.21675072610378265
0006,000239,239,0.0004428746469784528,0.0005155293038114905,0.4550849497318268,0.00041853784932754934,0.00044735532719641924,0.4708201289176941,0.0154020506888628,0.005324081983417273,0.008212949149310589,0.3400348424911499,0.007281582802534103,0.002718391129747033,0.003803894855082035,0.21685363352298737
0006,000240,240,0.0004422838392201811,0.0005129696219228208,0.4551493525505066,0.0004149826418142766,0.00044018050539307296,0.47144177556037903,0.015493461862206459,0.005305154714733362,0.008274512365460396,0.3400415778160095,0.007108714431524277,0.002655057003721595,0.0037050778046250343,0.21726597845554352
0006,000241,241,0.0004424542130436748,0.0005145451286807656,0.4552994966506958,0.00041504536056891084,0.00043918925803154707,0.4712197482585907,0.015510494820773602,0.005299794487655163,0.008286876603960991,0.3400331735610962,0.00728809367865324,0.002652263967320323,0.003791842143982649,0.21732355654239655
0006,000242,242,0.00044562024413608015,0.0005164165049791336,0.4567221403121948,0.0004077277844771743,0.0004309743526391685,0.4713324010372162,0.015732357278466225,0.005293816793709993,0.008382506668567657,0.34001514315605164,0.007233453914523125,0.0026063236873596907,0.003770677838474512,0.21779094636440277
0006,000243,243,0.000447168480604887,0.0005176789709366858,0.45726242661476135,0.0004073134041391313,0.0004286240437068045,0.4719080626964569,0.015821456909179688,0.005300936754792929,0.008418189361691475,0.34001240134239197,0.007555265910923481,0.002640122314915061,0.003916752990335226,0.21792325377464294
0006,000244,244,0.00044638849794864655,0.0005209989030845463,0.4562491178512573,0.00040275955689139664,0.0004247464530635625,0.4712405502796173,0.015588109381496906,0.005309079773724079,0.008328111842274666,0.3400283455848694,0.007228592410683632,0.0026157954707741737,0.0037680265959352255,0.2180725336074829
0006,000245,245,0.00044404578511603177,0.0005234438576735556,0.45348429679870605,0.00040374044328927994,0.0004318831779528409,0.4697582721710205,0.015527652576565742,0.005309836007654667,0.00834442488849163,0.3400358557701111,0.007495284080505371,0.002637128345668316,0.003938452340662479,0.21817634999752045
0006,000246,246,0.0004401796613819897,0.0005207900539971888,0.45312151312828064,0.0004111587186343968,0.00044317333959043026,0.46929749846458435,0.015316604636609554,0.005327553488314152,0.008256451226770878,0.3400350511074066,0.0073676626197993755,0.0026966899167746305,0.003875772003084421,0.2178535759449005
0006,000247,247,0.000441474694525823,0.0005192973185330629,0.454243004322052,0.0004082289233338088,0.00043521198676899076,0.47025492787361145,0.015272696502506733,0.005303649231791496,0.00818641111254692,0.3400458097457886,0.006937907077372074,0.0027564377523958683,0.0036376796197146177,0.21760618686676025
0006,000248,248,0.0004402024205774069,0.0005172737874090672,0.453598290681839,0.00040843698661774397,0.0004395594587549567,0.4699959456920624,0.015149458311498165,0.005284239538013935,0.008127029985189438,0.34003517031669617,0.007238260004669428,0.0028231816831976175,0.0038097540382295847,0.2169906049966812
0006,000249,249,0.00043868200737051666,0.0005200703162699938,0.4518764019012451,0.0004015955491922796,0.0004306044429540634,0.4694485664367676,0.01515288557857275,0.005271927919238806,0.008159441873431206,0.34002968668937683,0.007208387833088636,0.002618897007778287,0.003784259781241417,0.21761758625507355
0006,000250,250,0.0004322970926295966,0.000522672722581774,0.4466845989227295,0.0004069411661475897,0.00043497717706486583,0.46946728229522705,0.01489509828388691,0.005271711852401495,0.008115967735648155,0.34004083275794983,0.006636067759245634,0.0025042856577783823,0.0034853441175073385,0.21807625889778137
0006,000251,251,0.0004309680371079594,0.0005206802161410451,0.446855753660202,0.0004102858656551689,0.00043955905130133033,0.46924522519111633,0.014682747423648834,0.005281541962176561,0.007997279055416584,0.34000536799430847,0.006593340542167425,0.0025406491477042437,0.0034713458735495806,0.21822106838226318
0006,000252,252,0.00043085135985165834,0.0005221512983553112,0.44582635164260864,0.0004105333355255425,0.0004382823535706848,0.46993935108184814,0.014678147621452808,0.005262934602797031,0.008002035319805145,0.3400157392024994,0.006829982623457909,0.002636507386341691,0.0035945868585258722,0.21759380400180817
0006,000253,253,0.0004260383720975369,0.0005219458253122866,0.44265052676200867,0.00040607983828522265,0.0004371248942334205,0.46902894973754883,0.014369063079357147,0.005241058766841888,0.007893829606473446,0.34002169966697693,0.006641267333179712,0.002739122835919261,0.0035080041270703077,0.21691644191741943
0006,000254,254,0.0004225692246109247,0.0005223365151323378,0.4406372308731079,0.00040251086466014385,0.0004301693115849048,0.4697853624820709,0.014194772578775883,0.0052610221318900585,0.007830898277461529,0.3400411903858185,0.00682513602077961,0.0028671342879533768,0.00359616638161242,0.21612422168254852
0006,000255,255,0.0004240892012603581,0.0005264122155494988,0.4396347403526306,0.0003991725097876042,0.0004261668655090034,0.47027266025543213,0.014180655591189861,0.005262545309960842,0.007825263775885105,0.34005048871040344,0.006795908324420452,0.002987931715324521,0.003572209272533655,0.21534712612628937
0006,000256,256,0.00042550600483082235,0.0005301837809383869,0.43975040316581726,0.0003972014819737524,0.00042281567584723234,0.4703391194343567,0.014151657931506634,0.005278352182358503,0.007826302200555801,0.3400523066520691,0.006267468445003033,0.0028774819802492857,0.0032927095890045166,0.21518725156784058
0006,000257,257,0.0004292453231755644,0.0005355388857424259,0.44046130776405334,0.00040503271156921983,0.00044139803503639996,0.4669271409511566,0.014222118072211742,0.005282777361571789,0.007872376590967178,0.340041846036911,0.006414762698113918,0.0026977017987519503,0.003423732938244939,0.2154361605644226
0006,000258,258,0.0004274180973879993,0.0005402361857704818,0.43749070167541504,0.0004189853207208216,0.0004585791321005672,0.46708232164382935,0.014053710736334324,0.00527820223942399,0.007821235805749893,0.34003517031669617,0.00640601571649313,0.002657914999872446,0.003428207477554679,0.21531833708286285
0006,000259,259,0.0004221429699100554,0.0005432557663880289,0.43304985761642456,0.0004273754311725497,0.0004635361838154495,0.4684108793735504,0.013598999008536339,0.0052598207257688046,0.007671955041587353,0.33999067544937134,0.00568547984585166,0.0026798201724886894,0.0030181161127984524,0.21498678624629974
0006,000260,260,0.00041929728467948735,0.0005421432433649898,0.4310646057128906,0.0004321116430219263,0.0004696277610491961,0.46839553117752075,0.013597050681710243,0.005252372473478317,0.007689998019486666,0.33998098969459534,0.0057641430757939816,0.002720040502026677,0.00306781311519444,0.2146533876657486
0006,000261,261,0.0004165972932241857,0.0005387068376876414,0.42963874340057373,0.00043258152436465025,0.000463308795588091,0.4695686399936676,0.013699587434530258,0.005193284712731838,0.007753269746899605,0.33998024463653564,0.00538769131526351,0.0024634564761072397,0.0028409240767359734,0.21511471271514893
0006,000262,262,0.0004142847319599241,0.0005382138770073652,0.42815837264060974,0.00043618373456411064,0.0004665559099521488,0.46948257088661194,0.013525369577109814,0.005166645161807537,0.007681611925363541,0.3399713635444641,0.005676747299730778,0.0024326713755726814,0.002994413487613201,0.2149391919374466
0006,000263,263,0.00041318958392366767,0.0005370695726014674,0.42747342586517334,0.0004368919471744448,0.0004751556261908263,0.4681570827960968,0.01358699332922697,0.005168186966329813,0.0077406070195138454,0.33996787667274475,0.005373726598918438,0.0022627220023423433,0.002857737708836794,0.21550129354000092
0006,000264,264,0.0004117746138945222,0.0005331680295057595,0.4277675151824951,0.00044325279304757714,0.00047654658555984497,0.4697349965572357,0.013491419143974781,0.00515724765136838,0.007667846977710724,0.3399807810783386,0.00520304823294282,0.0022163763642311096,0.002742607146501541,0.21576397120952606
0006,000265,265,0.0004127435095142573,0.0005318798939697444,0.428226500749588,0.0004417354939505458,0.0004756893031299114,0.46930548548698425,0.013662058860063553,0.005142300855368376,0.007754976861178875,0.33999496698379517,0.005455804988741875,0.002235693857073784,0.002878025872632861,0.2157084047794342
0006,000266,266,0.0004095055628567934,0.0005272419075481594,0.4280816614627838,0.0004401725600473583,0.0004725198377855122,0.4696006178855896,0.01382555440068245,0.005124213639646769,0.007845548912882805,0.33998116850852966,0.005887315142899752,0.0022645718418061733,0.003101363545283675,0.21573804318904877
0006,000267,267,0.0004047652764711529,0.0005205307388678193,0.42796140909194946,0.0004376517899800092,0.000468377023935318,0.46987372636795044,0.0141765046864748,0.005055700894445181,0.008020952343940735,0.3399934768676758,0.006607430521398783,0.0024348946753889322,0.00346465315669775,0.21547365188598633
0006,000268,268,0.00039797110366635025,0.000514553626999259,0.427476704120636,0.0004350946983322501,0.0004708281485363841,0.4689667224884033,0.014205661602318287,0.0050649517215788364,0.00806919950991869,0.3399966061115265,0.007075557950884104,0.002493057632818818,0.003711793338879943,0.21593424677848816
0006,000269,269,0.00039341882802546024,0.0005124685121700168,0.4262622892856598,0.0004399200261104852,0.00047404307406395674,0.46914732456207275,0.013436470180749893,0.005105024203658104,0.00769761623814702,0.33999449014663696,0.0057151177898049355,0.0025222680997103453,0.0030147212091833353,0.21567793190479279
0007,000002,2,0.0003039920702576637,0.00037976811290718615,0.4516613483428955,0.0006408208282664418,0.0006840558489784598,0.4725922644138336,0.012319313362240791,0.002550097880885005,0.006629535462707281,0.3402288854122162,0.003918027970939875,0.000811031786724925,0.002052116673439741,0.20081700384616852
0007,000003,3,0.0003153753641527146,0.0003900347510352731,0.45220306515693665,0.0006276580388657749,0.0006647245609201491,0.47324562072753906,0.012444748543202877,0.0034940822515636683,0.0066995518282055855,0.3402261734008789,0.004360996652394533,0.0011992803774774075,0.002270617987960577,0.2018495798110962
0007,000004,4,0.000324828113662079,0.00039613342960365117,0.453677773475647,0.0006245242548175156,0.0006606302922591567,0.4731752276420593,0.01273734774440527,0.00410094391554594,0.006829618010669947,0.3402423560619354,0.004143761470913887,0.0013874184805899858,0.002141328062862158,0.20252341032028198
0007,000005,5,0.0003303305711597204,0.0004005316295661032,0.4539077877998352,0.0006151982233859599,0.0006557315937243402,0.4724930226802826,0.013010251335799694,0.004524735733866692,0.006967349909245968,0.34025487303733826,0.004187411163002253,0.0014549401821568608,0.002184078795835376,0.2027968466281891
0007,000006,6,0.0003358898975420743,0.00040285655995830894,0.45485371351242065,0.0006028793868608773,0.0006502487231045961,0.47070541977882385,0.013253157958388329,0.004807610530406237,0.00708184577524662,0.34028124809265137,0.0047431569546461105,0.0016574893379583955,0.0024836338125169277,0.20409058034420013
0007,000007,7,0.0003396233660168946,0.0004061588260810822,0.45479312539100647,0.0006167263491079211,0.0006682490929961205,0.47042736411094666,0.013433517888188362,0.005030153784900904,0.007191556505858898,0.34030815958976746,0.004994883202016354,0.0015910770744085312,0.00263295229524374,0.20366741716861725
0007,000008,8,0.00034280691761523485,0.0004154739435762167,0.45219340920448303,0.0006017760606482625,0.0006531666149385273,0.4709185063838959,0.013478904962539673,0.005219799932092428,0.007269632071256638,0.34032142162323,0.005290440283715725,0.0017002944368869066,0.002797320019453764,0.2033291459083557
0007,000009,9,0.00035159263643436134,0.0004211363848298788,0.4529637396335602,0.0005822642706334591,0.0006259813089855015,0.47173774242401123,0.01369324978441,0.005362936295568943,0.007380209863185883,0.3403240740299225,0.004834932275116444,0.001801405451260507,0.002537540392950177,0.2035626769065857
0007,000010,10,0.00035840910277329385,0.0004265260067768395,0.453201025724411,0.0005903294659219682,0.000643571896944195,0.47096484899520874,0.013838190585374832,0.005508990492671728,0.007444887422025204,0.3403550982475281,0.006199213210493326,0.0020931067410856485,0.00327849923633039,0.20263752341270447
0007,000011,11,0.0003632008738350123,0.0004246691823936999,0.4568422734737396,0.000577803875785321,0.0006272775353863835,0.4708383083343506,0.013995137996971607,0.005662546493113041,0.00746058439835906,0.34036481380462646,0.005245034117251635,0.002194036729633808,0.002788290148600936,0.20233649015426636
0007,000012,12,0.00036206626100465655,0.0004315603873692453,0.4562763273715973,0.0005728253745473921,0.0006261153030209243,0.4704195559024811,0.014142909087240696,0.005756533704698086,0.007588081993162632,0.34037163853645325,0.005085419863462448,0.0020939416717737913,0.002713433001190424,0.20256546139717102
0007,000013,13,0.00036302919033914804,0.0004332917742431164,0.4573472738265991,0.0005735435406677425,0.0006329878233373165,0.46937522292137146,0.014048220589756966,0.005786118097603321,0.00753781059756875,0.34039223194122314,0.005807255860418081,0.0021560899913311005,0.003100521629676223,0.20235803723335266
0007,000014,14,0.0003583071520552039,0.00043253228068351746,0.4558795392513275,0.0005716538871638477,0.0006311514880508184,0.47020378708839417,0.013629671186208725,0.005750379990786314,0.007333411835134029,0.3403773009777069,0.005658706184476614,0.0023736455477774143,0.0030057572294026613,0.20159411430358887
0007,000015,15,0.00035443046363070607,0.0004310770018491894,0.4541029632091522,0.0005634131957776845,0.0006221640505827963,0.4701954126358032,0.013586783781647682,0.005628672894090414,0.007284446153789759,0.3403557240962982,0.00477296719327569,0.00239572417922318,0.0025363299064338207,0.2012627124786377
0007,000016,16,0.00035148259485140443,0.00042918696999549866,0.4530344307422638,0.0005643972544930875,0.0006242928793653846,0.4685588777065277,0.013832904398441315,0.005467106122523546,0.007394562941044569,0.34035366773605347,0.004536924883723259,0.0021079371217638254,0.0024099843576550484,0.2021237313747406
0007,000017,17,0.00035166164161637425,0.0004290362121537328,0.4530937373638153,0.0005815177573822439,0.0006341368425637484,0.47073930501937866,0.014122323133051395,0.005364282988011837,0.007524675689637661,0.3403192162513733,0.004851751495152712,0.0021706102415919304,0.002557334490120411,0.2018863558769226
0007,000018,18,0.0003533081035129726,0.00042876452789641917,0.4539894163608551,0.0005790421273559332,0.0006290837773121893,0.4710400104522705,0.014295455068349838,0.005307171959429979,0.0075897639617323875,0.3402888774871826,0.0051444112323224545,0.002293200232088566,0.0027091009542346,0.20123544335365295
0007,000019,19,0.00035459769424051046,0.0004283206071704626,0.45501449704170227,0.0005689134122803807,0.0006165448576211929,0.4711083173751831,0.014520133845508099,0.005275182891637087,0.007688430603593588,0.34027916193008423,0.004871251992881298,0.0022232600022107363,0.002562282606959343,0.20157378911972046
0007,000020,20,0.0003539837780408561,0.000424574944190681,0.45665308833122253,0.0005763082299381495,0.0006274371990002692,0.4703696072101593,0.014676189050078392,0.00528530590236187,0.007759056054055691,0.3402905762195587,0.005052573978900909,0.0022129123099148273,0.002666969085112214,0.2018042355775833
0007,000021,21,0.00035551152541302145,0.0004216717497911304,0.45900022983551025,0.0005733687430620193,0.0006184199010021985,0.47147518396377563,0.014831969514489174,0.005295064765959978,0.007811563089489937,0.3403024673461914,0.005230334121733904,0.0022263096179813147,0.002734262263402343,0.2021598219871521
0007,000022,22,0.0003547171363607049,0.00041815638542175293,0.46046558022499084,0.000576878257561475,0.0006199530325829983,0.4718078076839447,0.014921545051038265,0.0052868397906422615,0.007843776606023312,0.3403019607067108,0.005511642433702946,0.0022835812997072935,0.002884470159187913,0.20218776166439056
0007,000023,23,0.00035423607914708555,0.0004140252131037414,0.46215876936912537,0.0005683572962880135,0.0006101029575802386,0.47166675329208374,0.015109122730791569,0.0053041488863527775,0.007926451973617077,0.3402993679046631,0.005681813228875399,0.002322815591469407,0.002966043772175908,0.20253054797649384
0007,000024,24,0.0003545632353052497,0.0004105724219698459,0.4640299677848816,0.000567274633795023,0.0006088995723985136,0.47193458676338196,0.015191582962870598,0.0052912491373717785,0.007934655994176865,0.3403239846229553,0.0058991978876292706,0.0023541662376374006,0.0030779263470321894,0.20330537855625153
0007,000025,25,0.00035561007098294795,0.00040997841279022396,0.4644535183906555,0.0005654845153912902,0.0006036615232005715,0.47248074412345886,0.015237219631671906,0.00529427919536829,0.007966520264744759,0.3403412997722626,0.006230149418115616,0.0024017735850065947,0.0032406183890998363,0.20343627035617828
0007,000026,26,0.0003569772816263139,0.00040899834129959345,0.46563026309013367,0.0005527222529053688,0.000588374154176563,0.4726340174674988,0.015344081446528435,0.005308216437697411,0.00801511574536562,0.34034737944602966,0.006606740411370993,0.0024505273904651403,0.0034375416580587626,0.204354926943779
0007,000027,27,0.0003601501521188766,0.0004124482802581042,0.4656132161617279,0.0005549400229938328,0.0005930645857006311,0.4727894067764282,0.0155147360637784,0.005332414526492357,0.008108934387564659,0.3403269350528717,0.006754512898623943,0.0025400687009096146,0.0035158751998096704,0.20498985052108765
0007,000028,28,0.0003626182151492685,0.0004170680185779929,0.46474865078926086,0.0005486886948347092,0.0005893342895433307,0.4715186655521393,0.015623856335878372,0.005362777039408684,0.008193197660148144,0.3403089642524719,0.00730490917339921,0.0026465572882443666,0.0038038906641304493,0.20615199208259583
0007,000029,29,0.00036674810689873993,0.0004219643888063729,0.4650561511516571,0.0005534433876164258,0.0005941861891187727,0.4720795750617981,0.015789570286870003,0.005390734411776066,0.008306405507028103,0.3403033912181854,0.007831689901649952,0.002796618966385722,0.0040763020515441895,0.20738570392131805
0007,000030,30,0.0003707439755089581,0.00043174417805857956,0.4632330536842346,0.0005439275992102921,0.0005761784850619733,0.47291335463523865,0.015963325276970863,0.005458964966237545,0.008444186300039291,0.34030863642692566,0.008215797133743763,0.003018544754013419,0.004247609525918961,0.2086641490459442
0007,000031,31,0.0003760234103538096,0.000445267534814775,0.4598360061645508,0.0005433739279396832,0.000587421644013375,0.47088634967803955,0.016152741387486458,0.0055570476688444614,0.008623040281236172,0.3402867019176483,0.008103186264634132,0.0029974423814564943,0.004227116703987122,0.20917923748493195
0007,000032,32,0.00038379256147891283,0.00045435575884766877,0.45913609862327576,0.0005298496107570827,0.0005686801741831005,0.47145161032676697,0.016124926507472992,0.0056161596439778805,0.00859391875565052,0.3402565121650696,0.008372293785214424,0.0030766469426453114,0.004346364177763462,0.20971742272377014
0007,000033,33,0.00038819413748569787,0.00046185238170437515,0.45716074109077454,0.0005182259483262897,0.0005509268376044929,0.4724915325641632,0.01613697223365307,0.005606615450233221,0.008650493808090687,0.3402360677719116,0.008371049538254738,0.0030145517084747553,0.004344105254858732,0.21011608839035034
0007,000034,34,0.0003893687389791012,0.00046423598541878164,0.45666393637657166,0.0005042967386543751,0.0005394778563641012,0.47181543707847595,0.016322026029229164,0.005607961677014828,0.008763178251683712,0.34023475646972656,0.008476294577121735,0.003034904832020402,0.004399056546390057,0.21062065660953522
0007,000035,35,0.00038773412234149873,0.00046513034612871706,0.45519277453422546,0.0004966605338267982,0.0005356777692213655,0.4708805978298187,0.016299962997436523,0.005608014762401581,0.008774648420512676,0.3402163088321686,0.008570179343223572,0.0031009416561573744,0.004457694943994284,0.21127310395240784
0007,000036,36,0.0003879731521010399,0.00046412681695073843,0.45623791217803955,0.0004936390905641019,0.0005408370052464306,0.4697571098804474,0.016263838857412338,0.005615172907710075,0.008741972036659718,0.34022805094718933,0.008648832328617573,0.0031198610085994005,0.004543157760053873,0.21128442883491516
0007,000037,37,0.00038820208283141255,0.0004591067845467478,0.4588257074356079,0.0004874980659224093,0.000534445745870471,0.4694727659225464,0.016242031008005142,0.005667393561452627,0.008695376105606556,0.34023958444595337,0.007978333160281181,0.0030358710791915655,0.004209144040942192,0.21191629767417908
0007,000038,38,0.0003886978083755821,0.00045164188486523926,0.46334108710289,0.00048270932165905833,0.0005257229204289615,0.4710483253002167,0.016371631994843483,0.005672174505889416,0.00869531650096178,0.3402179777622223,0.0081851277500391,0.0031118050683289766,0.004282115958631039,0.21199338138103485
0007,000039,39,0.0003901937452610582,0.0004431194975040853,0.4683518409729004,0.0004691293288487941,0.0005071701016277075,0.47255775332450867,0.016346385702490807,0.005664035677909851,0.008590289391577244,0.34021496772766113,0.008474483154714108,0.003197587328031659,0.004407311324030161,0.21169203519821167
0007,000040,40,0.0003915179695468396,0.0004406566731631756,0.4704750180244446,0.00045849071466363966,0.0005029190797358751,0.47085440158843994,0.016406217589974403,0.005639855284243822,0.008579670451581478,0.3402315378189087,0.007697491440922022,0.0031654781196266413,0.004048912785947323,0.21154475212097168
0007,000041,41,0.0003966566873714328,0.0004417609889060259,0.47250014543533325,0.00044900699867866933,0.0004916263860650361,0.4710034430027008,0.016449429094791412,0.005614766851067543,0.008559622801840305,0.34022825956344604,0.007783336099237204,0.0030740504153072834,0.004093757830560207,0.21139658987522125
0007,000042,42,0.0004005573282483965,0.00044447273830883205,0.47319310903549194,0.00044239021372050047,0.0004867830139119178,0.46988609433174133,0.016454476863145828,0.0056334906257689,0.008540859445929527,0.3402389585971832,0.007679951377213001,0.003042506519705057,0.004041153006255627,0.21137866377830505
0007,000043,43,0.0004001143970526755,0.00044913304736837745,0.47135815024375916,0.0004420538025442511,0.0004834612482227385,0.4700498580932617,0.016342386603355408,0.005638656206429005,0.008529157377779484,0.340256929397583,0.0074141910299658775,0.0030342857353389263,0.003898623865097761,0.21093085408210754
0007,000044,44,0.0004015093727502972,0.0004527971614152193,0.4692373275756836,0.00043837385601364076,0.0004813979903701693,0.46996957063674927,0.016207380220294,0.005634610541164875,0.008475078269839287,0.34028032422065735,0.007038548588752747,0.003025344107300043,0.003706235671415925,0.21068058907985687
0007,000045,45,0.00040492150583304465,0.00046057102736085653,0.4657745957374573,0.0004441228520590812,0.00048278149915859103,0.47011759877204895,0.01621205545961857,0.005633760709315538,0.00851452350616455,0.340273380279541,0.0073868283070623875,0.0030425754375755787,0.003890187945216894,0.21015138924121857
0007,000046,46,0.00040751241613179445,0.00046752215712331235,0.46247440576553345,0.0004482131917029619,0.0004921990330331028,0.470333456993103,0.016138684004545212,0.005597646813839674,0.008521824143826962,0.34024515748023987,0.008074436336755753,0.0032778806053102016,0.004261948633939028,0.20884627103805542
0007,000047,47,0.00041125164716504514,0.00047537608770653605,0.45942091941833496,0.00044668177724815905,0.0004913790617138147,0.4696296751499176,0.016304129734635353,0.005583377555012703,0.008654204197227955,0.34020140767097473,0.00785320159047842,0.0033725386019796133,0.004166447091847658,0.20818746089935303
0007,000048,48,0.00041672083898447454,0.0004850114055443555,0.45618540048599243,0.0004571533645503223,0.0005077219684608281,0.4689486622810364,0.01624481752514839,0.005585993640124798,0.008668018504977226,0.34017154574394226,0.007787100039422512,0.0034361775033175945,0.004139875061810017,0.2077556997537613
0007,000049,49,0.0004220179107505828,0.0004961412632837892,0.45184046030044556,0.0004739598953165114,0.000530678778886795,0.468343585729599,0.016132870689034462,0.005602990742772818,0.008663740940392017,0.34015148878097534,0.008170805871486664,0.0036720361094921827,0.004345709457993507,0.20668534934520721
0007,000050,50,0.00042994189425371587,0.000506344367749989,0.45041272044181824,0.0004810729587916285,0.0005327085382305086,0.4689761996269226,0.016035020351409912,0.005648866295814514,0.008621406741440296,0.3401222825050354,0.0072221229784190655,0.0034598163329064846,0.0038308463990688324,0.20701727271080017
0007,000051,51,0.00044051723671145737,0.0005184198962524533,0.4507494568824768,0.0005020872340537608,0.0005495151854120195,0.46906423568725586,0.016195017844438553,0.005738488398492336,0.008707593195140362,0.3400793671607971,0.0069928718730807304,0.0032293954864144325,0.003699355758726597,0.20738434791564941
0007,000052,52,0.0004475324822124094,0.000527539465110749,0.45094916224479675,0.0005119933630339801,0.0005516885430552065,0.47038960456848145,0.016075631603598595,0.005800929386168718,0.008641653694212437,0.34005534648895264,0.007041443604975939,0.0031592361629009247,0.0036935536190867424,0.2072683870792389
0007,000053,53,0.0004530243168119341,0.0005334052839316428,0.4523935616016388,0.000513676495756954,0.0005577412084676325,0.4691198170185089,0.015974467620253563,0.005835013464093208,0.00857322383671999,0.34001708030700684,0.006976178381592035,0.0030679679475724697,0.0036751606967300177,0.2073768526315689
0007,000054,54,0.00045486612361855805,0.0005369227146729827,0.45294129848480225,0.0005153212696313858,0.0005544519517570734,0.47039249539375305,0.015920808538794518,0.005833351518958807,0.00854750070720911,0.3399922251701355,0.006702866405248642,0.0029596283566206694,0.0035188046749681234,0.2074393332004547
0007,000055,55,0.00045641991891898215,0.0005402728565968573,0.4531233608722687,0.0005165732582099736,0.0005561267607845366,0.4696298837661743,0.015922361984848976,0.005864127539098263,0.008546709083020687,0.339974969625473,0.006444568280130625,0.0027267318218946457,0.003395448438823223,0.20801740884780884
0007,000056,56,0.000460155017208308,0.0005476080696098506,0.45192772150039673,0.0005208193324506283,0.0005597779527306557,0.46988993883132935,0.01590825617313385,0.0059107583947479725,0.008555928245186806,0.33996716141700745,0.006509772967547178,0.0025547416880726814,0.003421713365241885,0.20909400284290314
0007,000057,57,0.00045590472291223705,0.000546370807569474,0.4501696527004242,0.0005293028661981225,0.0005618806462734938,0.47150352597236633,0.0155293894931674,0.00590426055714488,0.008377849124372005,0.33993616700172424,0.006129919085651636,0.002474915236234665,0.0032062535174191,0.2095658928155899
0007,000058,58,0.0004513582680374384,0.0005447038565762341,0.4480248987674713,0.0005207645008340478,0.00055509660160169,0.4705485701560974,0.015243135392665863,0.005894371308386326,0.008247951976954937,0.33991363644599915,0.0060948580503463745,0.0024103443138301373,0.0031983123626559973,0.2105873078107834
0007,000059,59,0.00044584422721527517,0.000542656984180212,0.4452682137489319,0.000526656920555979,0.0005690723191946745,0.4694015085697174,0.014916296117007732,0.0058862194418907166,0.00812748447060585,0.3398960828781128,0.006369059439748526,0.0023763386998325586,0.0033687225077301264,0.2102109044790268
0007,000060,60,0.0004435131559148431,0.0005404585390351713,0.4449103772640228,0.0005151174264028668,0.0005515557713806629,0.4708818197250366,0.014728335663676262,0.005870492197573185,0.00804294366389513,0.3398624658584595,0.007315186783671379,0.0025854408740997314,0.003846735693514347,0.20874744653701782
0007,000061,61,0.0004412420967128128,0.0005375894252210855,0.44384703040122986,0.0004925340763293207,0.0005279543693177402,0.4705120027065277,0.014769349247217178,0.005827711429446936,0.008057937026023865,0.3398607671260834,0.006209908984601498,0.0027213352732360363,0.003272372530773282,0.20814581215381622
0007,000062,62,0.00043790723429992795,0.0005333542940206826,0.44382351636886597,0.000485646422021091,0.000517036474775523,0.47116217017173767,0.014724085107445717,0.0057978443801403046,0.008054936304688454,0.3398522734642029,0.006107286550104618,0.002744095167145133,0.0031818558927625418,0.20823465287685394
0007,000063,63,0.0004338944854680449,0.0005301731289364398,0.44282665848731995,0.00048674066783860326,0.0005110754282213748,0.4732512831687927,0.014577792957425117,0.005768141709268093,0.008006397634744644,0.33984965085983276,0.007277641445398331,0.0030913548544049263,0.0037812995724380016,0.20684726536273956
0007,000064,64,0.0004258453263901174,0.0005252272821962833,0.4394531548023224,0.0004762825556099415,0.0005055988440290093,0.47233399748802185,0.014485473744571209,0.005753473844379187,0.008008239790797234,0.33986565470695496,0.006679069716483355,0.0033291452564299107,0.0034959546755999327,0.20582576096057892
0007,000065,65,0.00042504857992753386,0.0005215440760366619,0.4399619400501251,0.0004745260230265558,0.0005021648248657584,0.47210070490837097,0.014582490548491478,0.005732549354434013,0.008040633983910084,0.33988597989082336,0.0057211145758628845,0.0032414495944976807,0.0029972223564982414,0.20555666089057922
0007,000066,66,0.0004226356977596879,0.0005131062353029847,0.4409731328487396,0.0004881558706983924,0.0005199873121455312,0.4720727205276489,0.014676039107143879,0.00568391801789403,0.008065037429332733,0.3399084806442261,0.006532841827720404,0.003313122084364295,0.0034349143970757723,0.2046736180782318
0007,000067,67,0.00041800536564551294,0.0005079290131106973,0.44025543332099915,0.0004917409387417138,0.0005277331219986081,0.4713710844516754,0.014839831739664078,0.005659813527017832,0.008137968368828297,0.3399007320404053,0.005788939539343119,0.003141196211799979,0.0030592484399676323,0.20447440445423126
0007,000068,68,0.0004145978018641472,0.0005043171695433557,0.4390791356563568,0.0005115477251820266,0.0005516623496077955,0.47090035676956177,0.014995284378528595,0.00564483180642128,0.00823402963578701,0.33989816904067993,0.006246363744139671,0.0031377929262816906,0.0033106335904449224,0.20382599532604218
0007,000069,69,0.0004124329425394535,0.0005015026545152068,0.4392127990722656,0.0005233351257629693,0.0005652755498886108,0.4700333774089813,0.014921826310455799,0.005645005032420158,0.008206482976675034,0.3398756980895996,0.0054521276615560055,0.002923609223216772,0.0028980046045035124,0.204044371843338
0007,000070,70,0.0004105409898329526,0.000495383923407644,0.4408661425113678,0.0005387673154473305,0.0005757592734880745,0.4712080657482147,0.014896477572619915,0.005651239771395922,0.008187497965991497,0.3398941457271576,0.005466412752866745,0.0027413787320256233,0.0028744875453412533,0.20405666530132294
0007,000071,71,0.0004076245822943747,0.0004856566374655813,0.4431694746017456,0.0005444660200737417,0.0005843120743520558,0.47075724601745605,0.015083307400345802,0.005618756171315908,0.008241425268352032,0.3398859202861786,0.005938711576163769,0.0025016088038682938,0.003127499483525753,0.2043164074420929
0007,000072,72,0.000402355712139979,0.0004768845974467695,0.44428372383117676,0.0005573246162384748,0.0006037617567926645,0.4694908559322357,0.01495905127376318,0.0055479807779192924,0.008158260025084019,0.33990490436553955,0.006127375643700361,0.002239314140751958,0.0032480640802532434,0.2052907645702362
0007,000073,73,0.0003966236545238644,0.00047122203977778554,0.4453289806842804,0.0005725802038796246,0.0006060954183340073,0.47189679741859436,0.014943467453122139,0.0055467779748141766,0.008149744011461735,0.33990228176116943,0.006041556131094694,0.002283788751810789,0.003162350272759795,0.20530849695205688
0007,000074,74,0.00039572702371515334,0.0004707304760813713,0.4446949362754822,0.0005656097200699151,0.000608737813308835,0.4699530005455017,0.014969672076404095,0.00550945196300745,0.008139800280332565,0.33988678455352783,0.006191544700413942,0.0023101207334548235,0.0032707317732274532,0.20524153113365173
0007,000075,75,0.0003896990674547851,0.00047094206092879176,0.44069942831993103,0.0005660392343997955,0.0006073458935134113,0.4707024097442627,0.014936407096683979,0.005447384901344776,0.008184587582945824,0.33985987305641174,0.006000987719744444,0.002317714272066951,0.003171762218698859,0.2054050862789154
0007,000076,76,0.0003871093213092536,0.0004721054283436388,0.43861258029937744,0.0005708853132091463,0.0006213422166183591,0.46870893239974976,0.014654097147285938,0.005431730300188065,0.008072511292994022,0.3398687541484833,0.0063430145382881165,0.0023369011469185352,0.00337399635463953,0.20607851445674896
0007,000077,77,0.0003901250893250108,0.00047481569345109165,0.4393868148326874,0.0005859006196260452,0.0006418323027901351,0.46815991401672363,0.014737408608198166,0.005478534381836653,0.008105510845780373,0.3398657441139221,0.006156662479043007,0.0023896771017462015,0.0032884953543543816,0.20630861818790436
0007,000078,78,0.000391302106436342,0.0004757825518026948,0.4394664168357849,0.0005925927544012666,0.0006447197520174086,0.4694017171859741,0.014829638414084911,0.005483394023030996,0.008140085265040398,0.3398441970348358,0.00612080842256546,0.0024556710850447416,0.0032579402904957533,0.20590689778327942
0007,000079,79,0.0003939408343285322,0.00047872879076749086,0.4399949014186859,0.0005788318230770528,0.0006319088279269636,0.46899908781051636,0.015027119778096676,0.005473512690514326,0.008236490190029144,0.33983954787254333,0.006758389063179493,0.0023881271481513977,0.003588989144191146,0.20699340105056763
0007,000080,80,0.00040292274206876755,0.0004880483902525157,0.44153839349746704,0.0005885566351935267,0.0006452123634517193,0.46843501925468445,0.015284810215234756,0.005478268954902887,0.008343672379851341,0.33983901143074036,0.00727703794836998,0.0024134167470037937,0.0038837098982185125,0.20839619636535645
0007,000081,81,0.00040937960147857666,0.0004977434291504323,0.44281286001205444,0.0006037624552845955,0.0006783716380596161,0.46677860617637634,0.015564363449811935,0.00551798427477479,0.008513028733432293,0.33983296155929565,0.006934391334652901,0.0025606330018490553,0.003747825510799885,0.2088668942451477
0007,000082,82,0.00041290983790531754,0.0005000659730285406,0.44356903433799744,0.0005981141002848744,0.0006661364459432662,0.4673668146133423,0.015285918489098549,0.005542829167097807,0.00835617259144783,0.33985015749931335,0.006335522513836622,0.002593585290014744,0.0034010244999080896,0.20973950624465942
0007,000083,83,0.00040857019484974444,0.0004985351697541773,0.44342005252838135,0.000591328542213887,0.0006552382837980986,0.46839937567710876,0.015141667798161507,0.005534444469958544,0.008300636895000935,0.33984410762786865,0.006395552307367325,0.0025853465776890516,0.003411267651244998,0.20982633531093597
0007,000084,84,0.00040958498721010983,0.0004956905031576753,0.4463743269443512,0.0005765769747085869,0.0006378720863722265,0.46834036707878113,0.015222855843603611,0.005540058482438326,0.008294408209621906,0.33986568450927734,0.006281031295657158,0.002557907020673156,0.0033388319425284863,0.2103767693042755
0007,000085,85,0.00040695819188840687,0.0004919623024761677,0.44716230034828186,0.0005628502112813294,0.0006091756513342261,0.4702565670013428,0.015258311294019222,0.0055272686295211315,0.008304880931973457,0.3399084210395813,0.006798071786761284,0.0024348341394215822,0.003577292198315263,0.21073594689369202
0007,000086,86,0.00040274951606988907,0.0004888132680207491,0.4462370276451111,0.0005383362295106053,0.0005816525081172585,0.47114628553390503,0.015082312747836113,0.005532095208764076,0.008207952603697777,0.33994540572166443,0.007242638152092695,0.002488247584551573,0.0037882840260863304,0.2111997753381729
0007,000087,87,0.00039504942833445966,0.0004825281794182956,0.4441932737827301,0.0005265139043331146,0.0005775400204584002,0.470081627368927,0.01476907730102539,0.005501072853803635,0.008079900406301022,0.3399623930454254,0.006790344603359699,0.002603709464892745,0.003586688544601202,0.2107996791601181
0007,000088,88,0.0003908294893335551,0.0004839237662963569,0.4399769902229309,0.0005120679852552712,0.0005589356296695769,0.4699317514896393,0.014671792276203632,0.0054908860474824905,0.008074355311691761,0.3399922549724579,0.006924569606781006,0.002686132211238146,0.0036607328802347183,0.21023784577846527
0007,000089,89,0.000392410991480574,0.00048711145063862205,0.4376356899738312,0.0005050924373790622,0.0005581739824265242,0.46876800060272217,0.01456956285983324,0.005506506655365229,0.008033868856728077,0.3399532437324524,0.006904417183250189,0.002709595952183008,0.0037066382355988026,0.20985685288906097
0007,000090,90,0.00039535254472866654,0.000488306803163141,0.4382903277873993,0.0005043402779847383,0.0005621874006465077,0.4683384597301483,0.014496119692921638,0.00552358478307724,0.007968280464410782,0.33993950486183167,0.006732141599059105,0.0027710602153092623,0.0036223731003701687,0.20994256436824799
0007,000091,91,0.00040206030826084316,0.0004923289525322616,0.44081494212150574,0.0005056255031377077,0.0005613720859400928,0.4682944118976593,0.014672246761620045,0.005556363146752119,0.008009216748178005,0.33991125226020813,0.00603859405964613,0.0027210155967622995,0.0032235279213637114,0.2104126662015915
0007,000092,92,0.00041152906487695873,0.0005001364042982459,0.44399330019950867,0.0005190572701394558,0.0005827397690154612,0.46714654564857483,0.014782995916903019,0.00559223024174571,0.00803628284484148,0.3398960828781128,0.006149175576865673,0.0027269108686596155,0.003290034830570221,0.21040450036525726
0007,000093,93,0.00041199501720257103,0.0005084711592644453,0.4419202506542206,0.0005221600295044482,0.0005785347311757505,0.4687959551811218,0.01499193161725998,0.005582570098340511,0.008212428539991379,0.3399030864238739,0.00660379882901907,0.00278014806099236,0.003499864134937525,0.2096940279006958
0007,000094,94,0.00041448211413808167,0.0005105752497911453,0.4421384334564209,0.0005155970575287938,0.0005742399371229112,0.46755102276802063,0.014712470583617687,0.005588945001363754,0.00807107798755169,0.33987176418304443,0.0070616635493934155,0.0029323366470634937,0.0037601946387439966,0.20856873691082
0007,000095,95,0.00041257377597503364,0.0005073218489997089,0.4426729083061218,0.000513361650519073,0.0005667010555043817,0.46929389238357544,0.014639623463153839,0.005613320041447878,0.008022187277674675,0.339885413646698,0.008385850116610527,0.003509046044200659,0.004444605205208063,0.2063916027545929
0007,000096,96,0.0004098799545317888,0.0005037229275330901,0.44295281171798706,0.0004948314744979143,0.000548599346075207,0.46877723932266235,0.014907613396644592,0.005584447644650936,0.008124527521431446,0.3399009108543396,0.006917818449437618,0.0035958923399448395,0.0036854578647762537,0.20549236238002777
0007,000097,97,0.00041407611570321023,0.0005028894520364702,0.44712531566619873,0.0004942237283103168,0.0005358258495107293,0.47062528133392334,0.014907339587807655,0.005614778958261013,0.008074784651398659,0.3398856818675995,0.006420115474611521,0.003610031446442008,0.0033793579787015915,0.2046874314546585
0007,000098,98,0.00042514625238254666,0.0005062429117970169,0.45310086011886597,0.0004864801012445241,0.0005191870732232928,0.4704362750053406,0.015053107403218746,0.005691083613783121,0.008093312382698059,0.3398890495300293,0.007177668157964945,0.002804916352033615,0.0037426415365189314,0.20673343539237976
0007,000099,99,0.00043320932309143245,0.0005089921760372818,0.45765987038612366,0.0005050745676271617,0.0005285945953801274,0.4727930426597595,0.015173734165728092,0.005766542628407478,0.008110352791845798,0.33994007110595703,0.007003959268331528,0.0025782608427107334,0.0036086621694266796,0.2081555277109146
0007,000100,100,0.00043285248102620244,0.0005042238626629114,0.46089786291122437,0.0005077045643702149,0.000536264618858695,0.472430557012558,0.015012954361736774,0.005812869872897863,0.008003467693924904,0.3399798572063446,0.00603447575122118,0.0025867640506476164,0.0031379370484501123,0.2086828649044037
0007,000101,101,0.00042219756869599223,0.0004945510881952941,0.4599863290786743,0.0005002196412533522,0.0005288985557854176,0.47299665212631226,0.014813830144703388,0.005771632306277752,0.007915792986750603,0.33999136090278625,0.006183233577758074,0.002628649352118373,0.0032138319220393896,0.20807412266731262
0007,000102,102,0.00040999555494636297,0.00048332501319237053,0.45819228887557983,0.00047996119246818125,0.0005004347767680883,0.47432777285575867,0.014704076573252678,0.005689295008778572,0.007879519835114479,0.33999159932136536,0.006269365083426237,0.0027146972715854645,0.003238556906580925,0.2075112760066986
0007,000103,103,0.00039910495979711413,0.0004717253614217043,0.4576382339000702,0.00046600072528235614,0.00048520948621444404,0.4746578633785248,0.014603246934711933,0.005632741842418909,0.007838795892894268,0.33999350666999817,0.006672909948974848,0.0030366042628884315,0.00346322706900537,0.2061726599931717
0007,000104,104,0.0003941404283978045,0.00046432632370851934,0.45711758732795715,0.0004495260654948652,0.0004685089807026088,0.47442325949668884,0.014474625699222088,0.005616473034024239,0.007789802737534046,0.34001606702804565,0.005551636219024658,0.003081556409597397,0.0028783255256712437,0.20559534430503845
0007,000105,105,0.00038642529398202896,0.00046081593609414995,0.453395813703537,0.00044946212437935174,0.000471206265501678,0.4738667607307434,0.014176293276250362,0.005615406669676304,0.007688793353736401,0.340045303106308,0.005947982892394066,0.0032338586170226336,0.0030982440803200006,0.20432992279529572
0007,000106,106,0.00038323449552990496,0.00045884662540629506,0.45059940218925476,0.0004498270864132792,0.0004710631910711527,0.47387170791625977,0.01401098258793354,0.005569884087890387,0.007616157177835703,0.34004026651382446,0.00655175419524312,0.0034563124645501375,0.0033933501690626144,0.20317815244197845
0007,000107,107,0.00037871807580813766,0.00045812534517608583,0.4470883309841156,0.0004508346610236913,0.00047036202158778906,0.4744901657104492,0.013917242176830769,0.005533737596124411,0.007599289063364267,0.3400382995605469,0.00509168254211545,0.003347333986312151,0.0026489347219467163,0.2028130143880844
0007,000108,108,0.0003743837878573686,0.00045688217505812645,0.44327691197395325,0.000459593313280493,0.00048532988876104355,0.4729710519313812,0.013737356290221214,0.005489124450832605,0.007542341481894255,0.340045303106308,0.004583766683936119,0.0031119410414248705,0.002404511906206608,0.20271900296211243
0007,000109,109,0.0003705125127453357,0.00045602384489029646,0.4403274953365326,0.00047735031694173813,0.0005097226821817458,0.47213324904441833,0.013817593455314636,0.005450380966067314,0.007621759548783302,0.34007707238197327,0.004702533129602671,0.0027343041729182005,0.0024781532119959593,0.20333102345466614
0007,000110,110,0.000369025394320488,0.00045442371629178524,0.4398045241832733,0.0004999549128115177,0.0005354363238438964,0.4719931185245514,0.013814101926982403,0.005443520378321409,0.007608557585626841,0.3400743901729584,0.004583119414746761,0.0026089376769959927,0.0024166263174265623,0.2033536583185196
0007,000111,111,0.0003701525565702468,0.00045647102524526417,0.43930578231811523,0.0005110513884574175,0.0005437798681668937,0.47264713048934937,0.013896978460252285,0.005425348877906799,0.0076676527969539165,0.34006771445274353,0.004454329144209623,0.0023859646171331406,0.0023381251376122236,0.2038242071866989
0007,000112,112,0.00036799637018702924,0.00045634814887307584,0.4380466043949127,0.0005228103254921734,0.0005596840637736022,0.4715658724308014,0.014042026363313198,0.005387569777667522,0.007756837178021669,0.3400559723377228,0.004462473094463348,0.0023072008043527603,0.0023486351128667593,0.2038079798221588
0007,000113,113,0.0003688735014293343,0.00045783480163663626,0.437608927488327,0.0005288385436870158,0.0005644425400532782,0.47192898392677307,0.014131646603345871,0.005366128403693438,0.007806069683283567,0.3400772511959076,0.00451161153614521,0.0021469660568982363,0.0023659991566091776,0.20447184145450592
0007,000114,114,0.00036782596725970507,0.00045878280070610344,0.43605896830558777,0.0005440383101813495,0.0005864463746547699,0.47045794129371643,0.01419763918966055,0.005351466592401266,0.007871363312005997,0.34008100628852844,0.004762427415698767,0.0021236890461295843,0.0025127753615379333,0.20469827950000763
0007,000115,115,0.0003653762105386704,0.0004598458472173661,0.4341087341308594,0.0005495627410709858,0.0005889337044209242,0.47083619236946106,0.014190947636961937,0.005334783811122179,0.007910079322755337,0.3400436043739319,0.0046242945827543736,0.0020258850418031216,0.002431512577459216,0.2053714096546173
0007,000116,116,0.0003639952919911593,0.0004612604097928852,0.4326522946357727,0.0005543974693864584,0.000598707003518939,0.4698822498321533,0.014126511290669441,0.005320777650922537,0.00792310107499361,0.34000805020332336,0.004952017683535814,0.0020116211380809546,0.0026312051340937614,0.20599977672100067
0007,000117,117,0.00036180735332891345,0.000458993308711797,0.4333220422267914,0.000559907522983849,0.000604611006565392,0.4708997905254364,0.0141160162165761,0.005299198906868696,0.007917010225355625,0.3399614095687866,0.004942343570291996,0.002031551441177726,0.002623708453029394,0.20616407692432404
0007,000118,118,0.0003636569599620998,0.00046171792200766504,0.4340130686759949,0.0005540465353988111,0.0005941776325926185,0.4717479348182678,0.014112996868789196,0.005313281435519457,0.00791983027011156,0.3399606943130493,0.004968309309333563,0.001967801246792078,0.0026178008411079645,0.2061471790075302
0007,000119,119,0.00036487469333224,0.0004593452613335103,0.43575426936149597,0.0005412216996774077,0.0005814904579892755,0.4707069396972656,0.014155395328998566,0.005306632723659277,0.007904221303761005,0.3399728536605835,0.005207935813814402,0.0018764903070405126,0.002737315371632576,0.20714986324310303
0007,000120,120,0.000368954089935869,0.0004604178830049932,0.43881067633628845,0.0005449617747217417,0.00058317108778283,0.47153738141059875,0.01426275447010994,0.005367576144635677,0.007927116006612778,0.3399682939052582,0.005028360057622194,0.0019301866414025426,0.0026492292527109385,0.20728155970573425
0007,000121,121,0.0003730239986907691,0.0004616592195816338,0.4420967698097229,0.0005342023796401918,0.0005703297792933881,0.47211548686027527,0.014393068850040436,0.0054168859496712685,0.007953925058245659,0.3399662375450134,0.005162817891687155,0.0019966016989201307,0.002710510976612568,0.20734818279743195
0007,000122,122,0.00037681954563595355,0.000461551797343418,0.4458296597003937,0.0005232995026744902,0.0005494264769367874,0.4738050103187561,0.014582778327167034,0.005481409374624491,0.008008887059986591,0.33999648690223694,0.005896228831261396,0.0021733534522354603,0.0030665379017591476,0.20720623433589935
0007,000123,123,0.00038066640263423324,0.0004681299615185708,0.4442209005355835,0.0005162683664821088,0.0005479383398778737,0.47272688150405884,0.014628319069743156,0.005528334528207779,0.008054184727370739,0.34000885486602783,0.005703267175704241,0.0023471545428037643,0.002997482195496559,0.2068149447441101
0007,000124,124,0.000379957229597494,0.0004761370364576578,0.4386560320854187,0.0005195610574446619,0.0005744067020714283,0.4692761301994324,0.014595810323953629,0.005542342085391283,0.008143766783177853,0.3399960994720459,0.007178391329944134,0.002677098149433732,0.0038680979050695896,0.20570363104343414
0007,000125,125,0.0003828488115686923,0.00048316229367628694,0.4361847937107086,0.0005156759871169925,0.0005629709339700639,0.47028252482414246,0.014547060243785381,0.005556764546781778,0.008154459297657013,0.3399795591831207,0.005888528656214476,0.002695022849366069,0.0031382041051983833,0.20568057894706726
0007,000126,126,0.00038774448330514133,0.00048719157348386943,0.436471164226532,0.0005266563966870308,0.0005816867924295366,0.4703824818134308,0.014487320557236671,0.00561812287196517,0.008093846030533314,0.3399769365787506,0.006445577368140221,0.0029102060943841934,0.0034518572501838207,0.20477436482906342
0007,000127,127,0.00039552265661768615,0.0004956232151016593,0.4370618760585785,0.0005186352645978332,0.0005574587848968804,0.47175315022468567,0.014516924507915974,0.00565860141068697,0.008085299283266068,0.33994466066360474,0.00521000474691391,0.0027458369731903076,0.0027372706681489944,0.20518212020397186
0007,000128,128,0.0004010112024843693,0.0004984729457646608,0.43948325514793396,0.0005248395027592778,0.0005618763971142471,0.47184768319129944,0.014522405341267586,0.005687988828867674,0.00804181955754757,0.33992817997932434,0.005086334887892008,0.002532500308007002,0.0026706422213464975,0.20568911731243134
0007,000129,129,0.00040501917828805745,0.0005009454907849431,0.44111865758895874,0.0005262690247036517,0.0005638391012325883,0.4716345965862274,0.014806414023041725,0.005748501513153315,0.008188179694116116,0.33991214632987976,0.005536218639463186,0.002363920910283923,0.0029018025379627943,0.20654135942459106
0007,000130,130,0.00041030318243429065,0.0005033054039813578,0.4446350038051605,0.0005315527087077498,0.0005740819615311921,0.4712998867034912,0.015042029321193695,0.0057483878917992115,0.008261985145509243,0.33988112211227417,0.005645774770528078,0.002331148600205779,0.002976177027449012,0.2070486843585968
0007,000131,131,0.00041661536670289934,0.0005014552152715623,0.45106545090675354,0.0005263844504952431,0.0005573811358772218,0.4730903208255768,0.015440959483385086,0.005819119978696108,0.008392246440052986,0.3398541808128357,0.006019821390509605,0.002302745822817087,0.0031407230999320745,0.20681831240653992
0007,000132,132,0.00041812824201770127,0.0005063831340521574,0.4476907551288605,0.000525127979926765,0.0005620851297862828,0.4715197682380676,0.015486335381865501,0.00582100311294198,0.008452754467725754,0.3398820161819458,0.006487526465207338,0.002465218538418412,0.00341119896620512,0.20585677027702332
0007,000133,133,0.0004246601602062583,0.0005108563927933574,0.4492623805999756,0.0005103439907543361,0.0005392307066358626,0.4719468057155609,0.015432752668857574,0.005840812809765339,0.008394389413297176,0.33989644050598145,0.005732120480388403,0.002390414709225297,0.003002939512953162,0.2061687409877777
0007,000134,134,0.0004233036597725004,0.0005017117946408689,0.4530222713947296,0.0005169283249415457,0.000548270414583385,0.47218456864356995,0.015197445638477802,0.0058072274550795555,0.008187800645828247,0.3399178683757782,0.006239148788154125,0.002549682045355439,0.003266662359237671,0.20531073212623596
0007,000135,135,0.00041143823182210326,0.0004893374862149358,0.4517902731895447,0.0005089128389954567,0.0005392257589846849,0.47196120023727417,0.014996279031038284,0.005708371289074421,0.00809517689049244,0.339969277381897,0.005820035468786955,0.002550295786932111,0.003051812993362546,0.20501023530960083
0007,000136,136,0.00040161513607017696,0.0004823644703719765,0.44897007942199707,0.0005061281262896955,0.0005347260739654303,0.4723989963531494,0.014948218129575253,0.005674959160387516,0.008137878030538559,0.33997803926467896,0.005923522170633078,0.0026114871725440025,0.0030951169319450855,0.20430506765842438
0007,000137,137,0.0003916220448445529,0.00047403195640072227,0.44547781348228455,0.0005074768560007215,0.0005472597549669445,0.4701269268989563,0.014613970182836056,0.005597244016826153,0.007998042739927769,0.33998751640319824,0.0059299892745912075,0.0026836139149963856,0.0031372474040836096,0.20358452200889587
0007,000138,138,0.0003883015888277441,0.0004686790343839675,0.44553500413894653,0.0005137691623531282,0.0005538065452128649,0.47049272060394287,0.014789192005991936,0.005517564248293638,0.008086725138127804,0.33997759222984314,0.005798071622848511,0.002761592622846365,0.0030810912139713764,0.20282867550849915
0007,000139,139,0.0003883987956214696,0.0004693963273894042,0.4457244575023651,0.0005129901692271233,0.0005415276973508298,0.47244998812675476,0.014693912118673325,0.0055016721598804,0.008041061460971832,0.3399832844734192,0.005164171569049358,0.0025921750348061323,0.0027034238446503878,0.20293866097927094
0007,000140,140,0.0003870877262670547,0.00046418808051384985,0.44797971844673157,0.0005197209538891912,0.0005458352388814092,0.47328445315361023,0.01455441303551197,0.005498399026691914,0.00792083889245987,0.3399578034877777,0.005237760487943888,0.00250301044434309,0.0027348455041646957,0.202896386384964
0007,000141,141,0.0003891998785547912,0.0004568708536680788,0.45245790481567383,0.0005220927996560931,0.0005526202148757875,0.4731195569038391,0.014972702600061893,0.0055008213967084885,0.008053638972342014,0.33995959162712097,0.005213828757405281,0.0023660664446651936,0.002723515499383211,0.20308977365493774
0007,000142,142,0.0003917387221008539,0.0004580620734486729,0.45340782403945923,0.0005269316025078297,0.0005508404574356973,0.47506576776504517,0.015036661177873611,0.005512195639312267,0.00808751955628395,0.33996129035949707,0.005835568532347679,0.0024749627336859703,0.003024701727554202,0.20269645750522614
0007,000143,143,0.00039443152491003275,0.0004629248578567058,0.45238035917282104,0.0005206134519539773,0.0005536500830203295,0.473334401845932,0.015050798654556274,0.005476720631122589,0.00812358595430851,0.3399028182029724,0.005728302523493767,0.002300787949934602,0.0029965757858008146,0.20310182869434357
0007,000144,144,0.0003919833106920123,0.00046722247498109937,0.44956210255622864,0.0005340687348507345,0.0005767912371084094,0.47124621272087097,0.015101704746484756,0.0054668341763317585,0.008233233354985714,0.3398924767971039,0.0060004438273608685,0.002180196112021804,0.0031653770711272955,0.20394545793533325
0007,000145,145,0.00039600353920832276,0.0004737316048704088,0.4501551389694214,0.0005472798366099596,0.0005882667028345168,0.47228553891181946,0.0152248814702034,0.005470925476402044,0.00830774661153555,0.3398672342300415,0.0064141047187149525,0.002182713244110346,0.0033690042328089476,0.20523107051849365
0007,000146,146,0.000397094787331298,0.00047422017087228596,0.4508558213710785,0.0005548249464482069,0.0005934297805652022,0.47192615270614624,0.015185977332293987,0.005461116321384907,0.008257483132183552,0.33985230326652527,0.007097626104950905,0.002288978546857834,0.003719817381352186,0.20671522617340088
0007,000147,147,0.0003992555139120668,0.00047517017810605466,0.4511335790157318,0.0005591987282969058,0.0006001437432132661,0.4717980921268463,0.015238759107887745,0.005468529183417559,0.00826750136911869,0.339856892824173,0.007092765998095274,0.002443778794258833,0.003716914216056466,0.20817695558071136
0007,000148,148,0.0004036568570882082,0.00048095331294462085,0.4512733221054077,0.0005658449954353273,0.0006179705378599465,0.47055673599243164,0.015252089127898216,0.00549109885469079,0.00828747358173132,0.3398827016353607,0.0070425947196781635,0.002548746531829238,0.003726380178704858,0.2086670696735382
0007,000149,149,0.0004051859141327441,0.0004865946830250323,0.4491291642189026,0.0005567962070927024,0.0006113139097578824,0.4702072739601135,0.015298662707209587,0.005542231258004904,0.008355204947292805,0.33989912271499634,0.006690216716378927,0.0025586504489183426,0.003547599771991372,0.20867033302783966
0007,000150,150,0.0004077583143953234,0.0004984491388313472,0.44345420598983765,0.0005512843490578234,0.0006161771598272026,0.46824535727500916,0.015305105596780777,0.005570248235017061,0.008451228030025959,0.33987656235694885,0.007251205388456583,0.002525896765291691,0.003894941182807088,0.20786529779434204
0007,000151,151,0.0004115203919354826,0.0005091261700727046,0.44031864404678345,0.0005493612843565643,0.0006168041145429015,0.46785715222358704,0.015307892113924026,0.005600371398031712,0.008510120213031769,0.33985817432403564,0.008348815143108368,0.0027723568491637707,0.0045048510655760765,0.20638294517993927
0007,000152,152,0.00041676731780171394,0.0005140565917827189,0.4417093098163605,0.0005296472809277475,0.0005788185517303646,0.4685806930065155,0.01521819643676281,0.005643781274557114,0.008436065167188644,0.33981409668922424,0.006533345673233271,0.0025500233750790358,0.0034662631805986166,0.20739299058914185
0007,000153,153,0.0004194675711914897,0.0005158608546480536,0.44242697954177856,0.0005423682741820812,0.000590626907069236,0.4693826138973236,0.015122086741030216,0.005643435288220644,0.008359340950846672,0.3397839665412903,0.006568746641278267,0.0025056160520762205,0.003468021284788847,0.2076285183429718
0007,000154,154,0.00042401300743222237,0.0005163165624253452,0.4443938136100769,0.0005313598667271435,0.0005717904423363507,0.4703309237957001,0.015188436955213547,0.005663870368152857,0.008339600637555122,0.33975717425346375,0.006547014228999615,0.0023753775749355555,0.0034375416580587626,0.208302304148674
0007,000155,155,0.00042905108421109617,0.000518057553563267,0.4460367262363434,0.0005307512474246323,0.0005578335258178413,0.47271639108657837,0.015371414832770824,0.005702644120901823,0.008404050953686237,0.3397751748561859,0.0074806069023907185,0.00242351065389812,0.003877946175634861,0.20769791305065155
0007,000156,156,0.00043542133062146604,0.000520985689945519,0.4484783709049225,0.0005126471514813602,0.0005447337753139436,0.4713909327983856,0.01585819199681282,0.005718526896089315,0.008634272962808609,0.3397737443447113,0.007187194190919399,0.0024770451709628105,0.0037498401943594217,0.20740966498851776
0007,000157,157,0.0004354484844952822,0.0005271428963169456,0.4445534944534302,0.0005048734019510448,0.0005348216509446502,0.47140413522720337,0.015635287389159203,0.005695882719010115,0.008579963818192482,0.33978256583213806,0.007058274932205677,0.002551582409068942,0.0036750591825693846,0.2071026712656021
0007,000158,158,0.000432447501225397,0.0005301914061419666,0.4399873614311218,0.0004932131851091981,0.0005310224369168282,0.4695322513580322,0.015251031145453453,0.00566839100793004,0.008425794541835785,0.33981597423553467,0.006722470745444298,0.0023144413717091084,0.003549863351508975,0.20856958627700806
0007,000159,159,0.0004311873926781118,0.0005344806122593582,0.43670424818992615,0.0005234640557318926,0.0005732083227485418,0.46866098046302795,0.01531424093991518,0.005670030135661364,0.00850648246705532,0.3398176431655884,0.0070952679961919785,0.0024228496477007866,0.003787187160924077,0.20790550112724304
0007,000160,160,0.0004368538793642074,0.0005420104716904461,0.43691349029541016,0.0005171590019017458,0.0005664063501171768,0.4673895239830017,0.015527074225246906,0.00573812797665596,0.008629117161035538,0.3398175835609436,0.006576085928827524,0.0023026454728096724,0.0035042811650782824,0.20881378650665283
0007,000161,161,0.0004420153854880482,0.0005488671013154089,0.4364490807056427,0.0005411001620814204,0.0005983636365272105,0.4680102467536926,0.01525409147143364,0.005797206424176693,0.00847848691046238,0.3398192524909973,0.0070926169864833355,0.002438743133097887,0.0037921248003840446,0.2083532214164734
0007,000162,162,0.0004445798695087433,0.0005556405521929264,0.433317631483078,0.0005412044702097774,0.0005977526307106018,0.46781206130981445,0.015004947781562805,0.005830739624798298,0.008375965990126133,0.3398425579071045,0.0068453093990683556,0.0025492277927696705,0.0036591298412531614,0.20838913321495056
0007,000163,163,0.00044377369340509176,0.0005526963504962623,0.4331684112548828,0.0005398740759119391,0.0005940693663433194,0.46795743703842163,0.015048526227474213,0.005842434708029032,0.008388329297304153,0.3398362100124359,0.006461390294134617,0.002617102349177003,0.0034383845049887896,0.20843233168125153
0007,000164,164,0.0004321848682593554,0.0005454954225569963,0.43124377727508545,0.0005451550823636353,0.0005968844634480774,0.4684261381626129,0.014958012849092484,0.00572781078517437,0.008368825539946556,0.3398243188858032,0.006927539594471455,0.002676549134775996,0.0036781979724764824,0.20818795263767242
0007,000165,165,0.0004189661704003811,0.0005318984040059149,0.4328942596912384,0.0005369799328036606,0.0005819667712785304,0.46980389952659607,0.014700165949761868,0.005685973446816206,0.008235042914748192,0.33981430530548096,0.006635874044150114,0.002601837972179055,0.0035020653158426285,0.20840047299861908
0007,000166,166,0.00041221288847737014,0.0005195173434913158,0.4360589385032654,0.0005234054406173527,0.0005571601795963943,0.47164657711982727,0.014413502998650074,0.005690234713256359,0.008043191395699978,0.3398241102695465,0.005922473501414061,0.002530272351577878,0.003101323265582323,0.2085905373096466
0007,000167,167,0.00041272921953350306,0.0005114555242471397,0.4405306577682495,0.0005105682066641748,0.0005357043701224029,0.47292205691337585,0.014556348323822021,0.0057053635828197,0.008043868467211723,0.33983665704727173,0.005945536773651838,0.0024506777990609407,0.0030892426148056984,0.20869535207748413
0007,000168,168,0.000411903893109411,0.0005043607670813799,0.443252831697464,0.00049599475460127,0.0005246364744380116,0.47257372736930847,0.01466699130833149,0.005690437741577625,0.008067246526479721,0.3398345410823822,0.0055563137866556644,0.0024422903079539537,0.0028983375523239374,0.20868535339832306
0007,000169,169,0.0004070199793204665,0.0004961632657796144,0.4428723156452179,0.000490673934109509,0.0005168325733393431,0.4731169641017914,0.014687446877360344,0.005644599907100201,0.008068236522376537,0.33984649181365967,0.0063407085835933685,0.0025757895782589912,0.0033051162026822567,0.20809412002563477
0007,000170,170,0.0003978936292696744,0.0004874253354500979,0.43970757722854614,0.00048788427375257015,0.0005175911937840283,0.47275829315185547,0.0145619111135602,0.005544219631701708,0.008024835027754307,0.3399102985858917,0.006802729330956936,0.0027679011691361666,0.0035607332829385996,0.20710837841033936
0007,000171,171,0.00039089255733415484,0.000478325760923326,0.43757563829421997,0.00048564333701506257,0.0005257826414890587,0.4703594446182251,0.014614876359701157,0.005471631418913603,0.00807877816259861,0.33994144201278687,0.006689451634883881,0.002808165503665805,0.0035499180667102337,0.20663517713546753
0007,000172,172,0.00038843939546495676,0.0004695855895988643,0.4392752945423126,0.0004951059818267822,0.0005362919764593244,0.4707229733467102,0.014767494052648544,0.00541993323713541,0.008131406269967556,0.33996355533599854,0.006666624452918768,0.0029152329079806805,0.003547233995050192,0.20611657202243805
0007,000173,173,0.00038717399002052844,0.0004675811214838177,0.4402118921279907,0.000499386980663985,0.0005408141878433526,0.47047775983810425,0.014740721322596073,0.0054151806980371475,0.008092786185443401,0.3399811387062073,0.0062293061055243015,0.0029194909147918224,0.0033059462439268827,0.20594701170921326
0007,000174,174,0.0003955582214985043,0.00047294178511947393,0.4428858458995819,0.0005063062999397516,0.0005434960476122797,0.47084084153175354,0.014807385392487049,0.005447536241263151,0.008084707893431187,0.3399627208709717,0.005611818749457598,0.002725532976910472,0.002960545476526022,0.2063358575105667
0007,000175,175,0.00039996940176934004,0.00047879255726002157,0.4427277147769928,0.0005183031898923218,0.0005650147213600576,0.4695701599121094,0.0149207329377532,0.0054709529504179955,0.008153420872986317,0.33992481231689453,0.006023906636983156,0.0024949952494353056,0.0031899376772344112,0.2072283774614334
0007,000176,176,0.0004040996136609465,0.0004821362381335348,0.4435822665691376,0.0005357302143238485,0.0005821619415655732,0.4690004885196686,0.015139254741370678,0.005482024047523737,0.008263629861176014,0.33987700939178467,0.006056508515030146,0.0024123431649059057,0.0031984837260097265,0.20790623128414154
0007,000177,177,0.00040437778807245195,0.0004867503885179758,0.4415905773639679,0.0005458257510326803,0.0005913245840929449,0.4692095220088959,0.015210690908133984,0.005447050556540489,0.008338836953043938,0.33983805775642395,0.006647771690040827,0.0023852037265896797,0.0035043193493038416,0.20883749425411224
0007,000178,178,0.0004121853271499276,0.0004990712623111904,0.4397207796573639,0.0005598632851615548,0.0006131585105322301,0.46862339973449707,0.015587761998176575,0.005457655061036348,0.008575143292546272,0.33980295062065125,0.00719287246465683,0.0025660053361207247,0.003826953936368227,0.20834852755069733
0007,000179,179,0.00041432963917031884,0.0005145848845131695,0.43427038192749023,0.0005662547773681581,0.0006257758941501379,0.46766695380210876,0.015690824016928673,0.005545485764741898,0.008790925145149231,0.3397882580757141,0.009118616580963135,0.0030883296858519316,0.004872994031757116,0.20599114894866943
0007,000180,180,0.00041899652569554746,0.0005357563495635986,0.4278373122215271,0.0005451560136862099,0.000589727598708123,0.4692217707633972,0.015717267990112305,0.005658023525029421,0.008947544731199741,0.3397682011127472,0.009742377325892448,0.003765006083995104,0.005169342737644911,0.20323848724365234
0007,000181,181,0.0004172477638348937,0.0005575368413701653,0.4187399446964264,0.0005277921445667744,0.0005790001014247537,0.46723347902297974,0.016174884513020515,0.0058756256476044655,0.009412183426320553,0.3397384583950043,0.007112596649676561,0.003879134077578783,0.0038029395509511232,0.20204375684261322
0007,000182,182,0.0004145290586166084,0.00055964186321944,0.4146345555782318,0.0005296323215588927,0.000573674391489476,0.46807196736335754,0.015173843130469322,0.0059648603200912476,0.008880808018147945,0.3396560847759247,0.006049996707588434,0.003506163600832224,0.0032096202485263348,0.2022586613893509
0007,000183,183,0.0004098055651411414,0.0005456776707433164,0.41480401158332825,0.0005567660555243492,0.0006222737138159573,0.46468785405158997,0.014800520613789558,0.00588518800213933,0.008571358397603035,0.33968624472618103,0.0067580631002783775,0.0029733343981206417,0.0036454552318900824,0.20370393991470337
0007,000184,184,0.0003996074665337801,0.000532916805241257,0.4132148027420044,0.0005972732906229794,0.0006590200937353075,0.46652814745903015,0.0146323312073946,0.0057333349250257015,0.008472912013530731,0.33975502848625183,0.0062783462926745415,0.0026686685159802437,0.003352152882143855,0.2048744559288025
0007,000185,185,0.00038992860936559737,0.0005173946265131235,0.415711909532547,0.0006142149795778096,0.0006781721021980047,0.46775519847869873,0.014763257466256618,0.005506565794348717,0.008555255830287933,0.3397482931613922,0.006516421679407358,0.002548627322539687,0.0035020357463508844,0.20533421635627747
0007,000186,186,0.00037650467129424214,0.0004990925663150847,0.41938266158103943,0.0006106974324211478,0.0006604743539355695,0.4703233242034912,0.014471464790403843,0.005393355153501034,0.008375478908419609,0.3397526741027832,0.0065373703837394714,0.002555935876443982,0.003452583448961377,0.2045804113149643
0007,000187,187,0.00037813594099134207,0.0004888195544481277,0.42723357677459717,0.0005811093142256141,0.0006107144872657955,0.4741682708263397,0.014593989588320255,0.005417630076408386,0.008333253674209118,0.33976852893829346,0.007053812500089407,0.002711515175178647,0.0036662148777395487,0.20346175134181976
0007,000188,188,0.00039139878936111927,0.0004856877203565091,0.43762990832328796,0.0005512645584531128,0.0005745897069573402,0.4744763970375061,0.014621741138398647,0.005507029592990875,0.008153874427080154,0.33983585238456726,0.006054454017430544,0.0027825990691781044,0.0031401002779603004,0.2029314488172531
0007,000189,189,0.0003987509699072689,0.0004876562161371112,0.4417995810508728,0.0005364393000490963,0.0005624353070743382,0.4736020565032959,0.0147474380210042,0.005555223673582077,0.008148416876792908,0.33986714482307434,0.005800684913992882,0.0027140495367348194,0.003016003640368581,0.20292213559150696
0007,000190,190,0.00039610450039617717,0.000493380706757307,0.43775710463523865,0.0005449351156130433,0.0005905407015234232,0.47025060653686523,0.014585469849407673,0.0055763693526387215,0.008131095208227634,0.339859277009964,0.005391669925302267,0.0023878617212176323,0.0028542999643832445,0.20380796492099762
0007,000191,191,0.00040209045982919633,0.0004955512704327703,0.43998536467552185,0.0005613302928395569,0.0005991203361190856,0.4717589318752289,0.0146859185770154,0.005588470958173275,0.008111708797514439,0.3398432731628418,0.005605886224657297,0.002247466938570142,0.002929984824731946,0.20491239428520203
0007,000192,192,0.0004092551826033741,0.000499230227433145,0.44322237372398376,0.0005665429052896798,0.0005941482377238572,0.47404175996780396,0.014819670468568802,0.005571507383137941,0.0081196753308177,0.33985790610313416,0.005997675005346537,0.002230108482763171,0.0031097775790840387,0.20476819574832916
0007,000193,193,0.0004155200149398297,0.0005030630272813141,0.44645920395851135,0.000548908079508692,0.0005869505112059414,0.47183650732040405,0.014804861508309841,0.005630649160593748,0.008090684190392494,0.33987143635749817,0.006726060528308153,0.0021732214372605085,0.003504882799461484,0.20656687021255493
0007,000194,194,0.0004236177774146199,0.0005025145947001874,0.4524666666984558,0.0005558721604757011,0.0005885662394575775,0.47323980927467346,0.015211646445095539,0.005667921621352434,0.008172786794602871,0.3399181365966797,0.00679289223626256,0.002342674881219864,0.0035025100223720074,0.20774969458580017
0007,000195,195,0.0004249860648997128,0.0005091015482321382,0.4502978026866913,0.0005578391719609499,0.000585781002882868,0.47367241978645325,0.01542339101433754,0.005635708570480347,0.008327548392117023,0.3399180471897125,0.006611753720790148,0.0022379050496965647,0.003441158914938569,0.20714619755744934
0007,000196,196,0.0004196135269012302,0.0005103141302242875,0.4462837874889374,0.0005398119101300836,0.0005786364199593663,0.4713056981563568,0.015076780691742897,0.005638090427964926,0.008252227678894997,0.339912474155426,0.00631017005071044,0.0021984868217259645,0.0033352700993418694,0.20680491626262665
0007,000197,197,0.000419298856286332,0.0005157645791769028,0.4429253339767456,0.0005375304608605802,0.0005767880356870592,0.4712298810482025,0.014995933510363102,0.005676039028912783,0.008287263102829456,0.33988112211227417,0.007144539151340723,0.002427674364298582,0.0037711721379309893,0.20574349164962769
0007,000198,198,0.0004152253386564553,0.0005187711794860661,0.4387889802455902,0.0005284951766952872,0.0005688460660167038,0.46975788474082947,0.014778749085962772,0.005706141237169504,0.008257024921476841,0.3398561179637909,0.005941807292401791,0.0024619135074317455,0.0031519047915935516,0.20549961924552917
0007,000199,199,0.0004059015482198447,0.0005170212825760245,0.43310290575027466,0.0005390626029111445,0.0005885586724616587,0.4681580364704132,0.014427540823817253,0.005662279203534126,0.008149120025336742,0.3398279845714569,0.00576405692845583,0.002449855674058199,0.003072459250688553,0.2056393027305603
0007,000200,200,0.0004004562506452203,0.0005132980295456946,0.4309319853782654,0.0005497083184309304,0.0005962366703897715,0.46926984190940857,0.014200019650161266,0.005636055953800678,0.008039816282689571,0.33985474705696106,0.00581116508692503,0.002574011217802763,0.003087790682911873,0.2053067833185196
0007,000201,201,0.00039165266207419336,0.0005056373192928731,0.429190456867218,0.0005480095860548317,0.0005896208458580077,0.4696747064590454,0.01403405237942934,0.0055910637602210045,0.007960557006299496,0.3398575484752655,0.00578157277777791,0.002568506868556142,0.0030451153870671988,0.20539870858192444
0007,000202,202,0.0003838081029243767,0.0004912044387310743,0.4311215877532959,0.0005497568054124713,0.0005840461817570031,0.47189846634864807,0.014169221743941307,0.005496048368513584,0.007970418781042099,0.33990201354026794,0.006442940328270197,0.002672710455954075,0.0033505167812108994,0.20500071346759796
0007,000203,203,0.00037522829370573163,0.000478582747746259,0.43191951513290405,0.0005411424208432436,0.000576063001062721,0.47168776392936707,0.013869820162653923,0.005428554955869913,0.0077921184711158276,0.3399542272090912,0.006092927418649197,0.002731557469815016,0.0031605197582393885,0.20506547391414642
0007,000204,204,0.00036451974301598966,0.00046965008368715644,0.4280771315097809,0.0005469925235956907,0.0005894711357541382,0.4702290892601013,0.013638707809150219,0.005320623051375151,0.007722640875726938,0.33997872471809387,0.005788395181298256,0.0028422840405255556,0.0030532393138855696,0.2047499120235443
0007,000205,205,0.0003565770457498729,0.00046341808047145605,0.42464569211006165,0.0005533245275728405,0.0006013676174916327,0.4695333242416382,0.013455078937113285,0.0052428762428462505,0.007658779621124268,0.34002387523651123,0.005452675744891167,0.0028173511382192373,0.0028973091393709183,0.20432794094085693
0007,000206,206,0.00035521385143511,0.0004609519091900438,0.4242919683456421,0.0005592663655988872,0.0006077772122807801,0.4697097837924957,0.013662333600223064,0.005229334346950054,0.007780357263982296,0.3400099277496338,0.005600776989012957,0.0028798538260161877,0.002967085223644972,0.2035805583000183
0007,000207,207,0.00035080109955742955,0.00045890832552686334,0.42285987734794617,0.0005555765237659216,0.0006000198191031814,0.46950897574424744,0.01353372260928154,0.0052034310065209866,0.007735168561339378,0.340019553899765,0.004888454452157021,0.0025906262453645468,0.0025805304758250713,0.20400826632976532
0007,000208,208,0.0003478754952084273,0.0004556748317554593,0.4228266477584839,0.0005694914725609124,0.0006180281634442508,0.46896737813949585,0.013559635728597641,0.005182052496820688,0.007736259140074253,0.3400137424468994,0.005225132219493389,0.0023565911687910557,0.002769546816125512,0.20475734770298004
0007,000209,209,0.0003464287146925926,0.0004534310719463974,0.4229298532009125,0.0005841812235303223,0.000626226479653269,0.46999391913414,0.013672216795384884,0.005176639650017023,0.007800373248755932,0.33998438715934753,0.005068368744105101,0.002140636555850506,0.002671660855412483,0.20540271699428558
0007,000210,210,0.00034799770219251513,0.0004537638742476702,0.42311662435531616,0.0005888679879717529,0.0006377703393809497,0.4696339964866638,0.013716258108615875,0.0051960390992462635,0.0078066675923764706,0.33997151255607605,0.005133815109729767,0.00212942436337471,0.00271761161275208,0.2056608647108078
0007,000211,211,0.0003492753312457353,0.0004535024636425078,0.4234231412410736,0.0005950304330326617,0.0006485009798780084,0.46899914741516113,0.01368571538478136,0.005214955657720566,0.007776162587106228,0.3399796485900879,0.005848766770213842,0.0022149335127323866,0.0031065018847584724,0.20524361729621887
0007,000212,212,0.0003513994161039591,0.00045360959484241903,0.42379823327064514,0.000588818162214011,0.0006382451392710209,0.4690954387187958,0.01386286225169897,0.005203661043196917,0.007867072708904743,0.3399620056152344,0.0054410421289503574,0.0021621494088321924,0.0028868988156318665,0.205806165933609
0007,000213,213,0.0003532916307449341,0.0004505914985202253,0.4260624349117279,0.0005954164080321789,0.0006491325329989195,0.4687075912952423,0.014044905081391335,0.00517484312877059,0.007931482046842575,0.33998337388038635,0.005824847612529993,0.0021571542602032423,0.0030976778361946344,0.20651286840438843
0007,000214,214,0.00035176536766812205,0.00045200999011285603,0.42554721236228943,0.000604807457420975,0.0006709016743116081,0.4663766920566559,0.014336568303406239,0.005167828407138586,0.008118326775729656,0.33999451994895935,0.006219490431249142,0.002234735991805792,0.003340841270983219,0.20734931528568268
0007,000215,215,0.0003587445826269686,0.00045816772035323083,0.4273766279220581,0.0006059070583432913,0.0006742615369148552,0.4665057957172394,0.014549382962286472,0.0052073635160923,0.008231296204030514,0.33995717763900757,0.007681459654122591,0.0024905246682465076,0.0041139074601233006,0.20923134684562683
0007,000216,216,0.000366829801350832,0.0004646663728635758,0.4302588105201721,0.0006273172912187874,0.0006975748692639172,0.4676015079021454,0.014734817668795586,0.005271044559776783,0.008312542922794819,0.3399465084075928,0.006473752669990063,0.0024731853045523167,0.003482450731098652,0.2090616226196289
0007,000217,217,0.00037587466067634523,0.00047153595369309187,0.4333924353122711,0.0006060203304514289,0.000666929641738534,0.4682915508747101,0.015023387968540192,0.005357770249247551,0.008460148237645626,0.3399296700954437,0.005998819600790739,0.0024679203052073717,0.003198706777766347,0.2089529186487198
0007,000218,218,0.00037571415305137634,0.0004734003159683198,0.43363845348358154,0.0005890567554160953,0.0006523639312945306,0.46737852692604065,0.014594171196222305,0.005351324565708637,0.00821297150105238,0.339936763048172,0.006064103450626135,0.002427502768114209,0.0032438752241432667,0.20973676443099976
0007,000219,219,0.00037758323014713824,0.0004749321669805795,0.43590107560157776,0.0005809928406961262,0.0006346903392113745,0.4691638946533203,0.014551706612110138,0.0053921956568956375,0.00815934594720602,0.3399362862110138,0.005964411422610283,0.0023923174012452364,0.0031697070226073265,0.21036170423030853
0007,000220,220,0.00037847060593776405,0.00046888645738363266,0.44045326113700867,0.0005652658874168992,0.0006097377045080066,0.470264732837677,0.014532412402331829,0.0053768097423017025,0.008071696385741234,0.33996903896331787,0.0060544488951563835,0.0023351628333330154,0.0031896051950752735,0.21073219180107117
0007,000221,221,0.0003823941806331277,0.00046959990868344903,0.44476577639579773,0.0005520640988834202,0.0005974319647066295,0.4697065055370331,0.014644074253737926,0.005356533452868462,0.008069460280239582,0.3399844765663147,0.006129642017185688,0.0022786911576986313,0.00324418256059289,0.21047386527061462
0007,000222,222,0.00038234872044995427,0.0004701394063886255,0.4463886320590973,0.0005245507345534861,0.0005563694867305458,0.47246259450912476,0.014664399437606335,0.005345112178474665,0.008066263049840927,0.34000372886657715,0.0062514725141227245,0.0023077407386153936,0.0032658979762345552,0.21005657315254211
0007,000223,223,0.0003866972401738167,0.00047260394785553217,0.4489039182662964,0.0005042175762355328,0.0005404013791121542,0.4707924425601959,0.014727901667356491,0.005370988976210356,0.008041477762162685,0.34003129601478577,0.005835901480168104,0.002267128089442849,0.0030760851223021746,0.21009500324726105
0007,000224,224,0.0003930958919227123,0.00047794822603464127,0.45121023058891296,0.000498310022521764,0.0005406407290138304,0.46989575028419495,0.01474225427955389,0.005379678215831518,0.008014591410756111,0.3400099575519562,0.0060484763234853745,0.0022248050663620234,0.0032101261895149946,0.21083998680114746
0007,000225,225,0.00039569460204802454,0.00048022132250480354,0.4522731602191925,0.0005038758390583098,0.0005469588213600218,0.46980422735214233,0.014700090512633324,0.005414589308202267,0.007978393696248531,0.34004658460617065,0.005956104490906,0.0022147393319755793,0.0031507189851254225,0.21107839047908783
0007,000226,226,0.00040087211527861655,0.0004824421484954655,0.4555872976779938,0.000501737929880619,0.000547270814422518,0.4693475663661957,0.014862747862935066,0.00542829604819417,0.008020048961043358,0.34004026651382446,0.0057492186315357685,0.002192332874983549,0.0030606358777731657,0.21147456765174866
0007,000227,227,0.00039829275920055807,0.0004804271156899631,0.4556339383125305,0.000507329183164984,0.000557145569473505,0.46815919876098633,0.014823008328676224,0.0054085878655314445,0.008002523332834244,0.3400517404079437,0.005746921990066767,0.002230132929980755,0.0030726627446711063,0.21143439412117004
0007,000228,228,0.00040062839980237186,0.00048458026139996946,0.45454221963882446,0.0005118556437082589,0.0005647549987770617,0.467944860458374,0.014857490547001362,0.00542011484503746,0.008032185956835747,0.34003275632858276,0.005890858359634876,0.002295450074598193,0.0031492828857153654,0.21114924550056458
0007,000229,229,0.0003995996667072177,0.0004863944195676595,0.45215046405792236,0.0005038732197135687,0.0005506840534508228,0.46822690963745117,0.014835663139820099,0.0053885928355157375,0.008054605685174465,0.3400012254714966,0.005696816369891167,0.0023006999399513006,0.0030196872539818287,0.21117225289344788
0007,000230,230,0.0004022918292321265,0.0004929343704134226,0.45015063881874084,0.000505108037032187,0.0005494038923643529,0.4686928689479828,0.01500893197953701,0.00540526770055294,0.008184562437236309,0.3399936854839325,0.006111461669206619,0.002402247628197074,0.0032375238370150328,0.2108992040157318
0007,000231,231,0.0004052189760841429,0.00049899413716048,0.4476681649684906,0.0005019724485464394,0.0005486896261572838,0.46839383244514465,0.01501054409891367,0.00542096234858036,0.008216804824769497,0.33996355533599854,0.006324475165456533,0.0025065059307962656,0.003361350856721401,0.21086110174655914
0007,000232,232,0.0004020494525320828,0.0005021810065954924,0.44379258155822754,0.0005027175066061318,0.0005508111207745969,0.46807411313056946,0.014809190295636654,0.005398134235292673,0.008167226798832417,0.3399142026901245,0.005943908356130123,0.00247195060364902,0.00317102181725204,0.21129539608955383
0007,000233,233,0.0003998038300778717,0.0005041433032602072,0.44042515754699707,0.0005116527318023145,0.0005647485959343612,0.467441201210022,0.014631524682044983,0.005387161858379841,0.008115503005683422,0.33992651104927063,0.006215100176632404,0.0025135567411780357,0.0033130308147519827,0.21109695732593536
0007,000234,234,0.00040103145875036716,0.0005038229865022004,0.4411240518093109,0.0005164143512956798,0.0005741105414927006,0.46648669242858887,0.014617734588682652,0.005411260295659304,0.008086704649031162,0.33991891145706177,0.006805168930441141,0.0026711521204560995,0.0036301875952631235,0.21038806438446045
0007,000235,235,0.0004054539604112506,0.0005043435376137495,0.4439660310745239,0.0005100640119053423,0.0005661023315042257,0.4658275842666626,0.014548640698194504,0.005454201716929674,0.007991953752934933,0.339913010597229,0.006158522795885801,0.002528940327465534,0.003299782983958721,0.21066436171531677
0007,000236,236,0.00041320102172903717,0.0005059223622083664,0.4479856491088867,0.000514223997015506,0.0005654733395203948,0.46732231974601746,0.014812556095421314,0.005458957515656948,0.008057444356381893,0.3398984670639038,0.00609041890129447,0.0023537902161478996,0.0032451129518449306,0.21125859022140503
0007,000237,237,0.00041837739991024137,0.0005106682074256241,0.45059236884117126,0.0005263288039714098,0.000588204013183713,0.466066837310791,0.014906637370586395,0.005504435859620571,0.008067071437835693,0.3399111330509186,0.006012741010636091,0.0024548438377678394,0.003241409081965685,0.2109401375055313
0007,000238,238,0.0004228278121445328,0.0005177323473617435,0.45058804750442505,0.0005298716714605689,0.0005900749238207936,0.46682819724082947,0.014887210913002491,0.00554876821115613,0.0080582145601511,0.3399128317832947,0.00684842886403203,0.0027326291892677546,0.003675897838547826,0.20983192324638367
0007,000239,239,0.00042487410246394575,0.0005229408270679414,0.4505077302455902,0.0005226937937550247,0.0005821828381158412,0.4669554829597473,0.015005775727331638,0.005563641432672739,0.00813225470483303,0.33988264203071594,0.006853567901998758,0.0030384259298443794,0.0036667310632765293,0.20876704156398773
0007,000240,240,0.00042602550820447505,0.0005271969130262733,0.4494689106941223,0.0005235132412053645,0.0005833551404066384,0.4657754600048065,0.014958708547055721,0.005578476935625076,0.008120743557810783,0.3398832678794861,0.006206786260008812,0.00296868197619915,0.0033298670314252377,0.20835155248641968
0007,000241,241,0.00042640374158509076,0.0005339664057828486,0.44659048318862915,0.0005391061422415078,0.0006049618823453784,0.4655466675758362,0.014858183450996876,0.005590887740254402,0.008107044734060764,0.3398856222629547,0.0072261858731508255,0.003280576318502426,0.0038884298410266638,0.20698682963848114
0007,000242,242,0.0004281988076400012,0.0005416093044914305,0.4434954524040222,0.0005452713812701404,0.0006057643913663924,0.46686482429504395,0.014922487549483776,0.005619454197585583,0.008205822668969631,0.3398760259151459,0.0073505728505551815,0.0035213485825806856,0.00393465394154191,0.20571640133857727
0007,000243,243,0.0004296795523259789,0.0005507752066478133,0.44028809666633606,0.0005503981374204159,0.0006159544573165476,0.4655822813510895,0.014906386844813824,0.005648517515510321,0.008235916495323181,0.3398439586162567,0.00627151969820261,0.0034342966973781586,0.0033677758183330297,0.20518530905246735
0007,000244,244,0.0004332709650043398,0.0005605322076007724,0.4371597468852997,0.0005614936235360801,0.000622445484623313,0.4669031798839569,0.014888661913573742,0.005665170028805733,0.00828892458230257,0.3397877514362335,0.006030197720974684,0.003185402834787965,0.0032126561272889376,0.2052878737449646
0007,000245,245,0.0004382518818601966,0.0005710370023734868,0.4344208538532257,0.0005703787319362164,0.0006323985289782286,0.46669018268585205,0.014930468052625656,0.005692682228982449,0.008367907255887985,0.33972683548927307,0.006051940377801657,0.0029519228264689445,0.003227750537917018,0.20553357899188995
0007,000246,246,0.0004426267114467919,0.0005767859402112663,0.43210944533348083,0.0005890693864785135,0.0006523964693769813,0.46614882349967957,0.014836737886071205,0.005685730837285519,0.008359662257134914,0.3397023379802704,0.006196663714945316,0.002965793013572693,0.0033068987540900707,0.20518670976161957
0007,000247,247,0.0004418936150614172,0.000570948701351881,0.4322277307510376,0.0005868876469321549,0.0006350087351165712,0.46848517656326294,0.014609405770897865,0.005616776645183563,0.00824342854321003,0.33968061208724976,0.0066507733426988125,0.0028621561359614134,0.003498577978461981,0.20541447401046753
0007,000248,248,0.0004243756702635437,0.0005452914629131556,0.43110719323158264,0.0005757365142926574,0.0005973981460556388,0.4719652831554413,0.014293539337813854,0.005462570581585169,0.008096128702163696,0.3397172689437866,0.009047710336744785,0.0026042999234050512,0.004625518340617418,0.20769327878952026
0007,000249,249,0.00039875032962299883,0.0005218156729824841,0.4254824221134186,0.0005813527968712151,0.0006063019973225892,0.4723925292491913,0.014006951823830605,0.005283616483211517,0.008024831302464008,0.3397998809814453,0.007426005322486162,0.002786677097901702,0.00383282289840281,0.2082652598619461
0007,000250,250,0.00037972803693264723,0.0005073207430541515,0.4199444651603699,0.0005773736047558486,0.0006208278937265277,0.4686802625656128,0.013670935295522213,0.0051662917248904705,0.0079021155834198,0.3398365080356598,0.006383158266544342,0.0028277290984988213,0.0033678095787763596,0.2090626358985901
0007,000251,251,0.0003670730220619589,0.0005001866957172751,0.41504690051078796,0.0005826132255606353,0.0006297139916568995,0.4682480990886688,0.013439921662211418,0.005107331555336714,0.007841273210942745,0.33986273407936096,0.005812171380966902,0.0027755070477724075,0.003085759235545993,0.2094278633594513
0007,000252,252,0.00036043996806256473,0.0004958123899996281,0.4121168553829193,0.000579488929361105,0.0006275587948039174,0.468112975358963,0.01331932470202446,0.005087270867079496,0.007809300906956196,0.3398708999156952,0.005410196725279093,0.0026430143043398857,0.0028778649866580963,0.2096554934978485
0007,000253,253,0.0003571656416170299,0.0004960293299518526,0.40941861271858215,0.0005796262994408607,0.0006345979636535048,0.46666938066482544,0.013239105232059956,0.005082143470644951,0.007801529951393604,0.3398522734642029,0.005730416160076857,0.0025365266483277082,0.0030672824941575527,0.20966748893260956
0007,000254,254,0.00035408689291216433,0.0004966445849277079,0.406804621219635,0.0005824333056807518,0.0006307403673417866,0.46844783425331116,0.013247569091618061,0.005080668721348047,0.007845618762075901,0.33983397483825684,0.005740650929510593,0.0025017415173351765,0.003052416490390897,0.2091469019651413
0007,000255,255,0.00035248688072897494,0.00049635797040537,0.40577515959739685,0.0005712065612897277,0.0006163344951346517,0.46826380491256714,0.013198835775256157,0.005082198418676853,0.007821108214557171,0.33981624245643616,0.005218694917857647,0.0024643477518111467,0.0027750511653721333,0.20906712114810944
0007,000256,256,0.0003491873212624341,0.0004941874649375677,0.4044678211212158,0.0005705528310500085,0.0006140751647762954,0.46880728006362915,0.013193412683904171,0.00508397351950407,0.00784346740692854,0.339812308549881,0.0053652082569897175,0.0024548545479774475,0.002844381146132946,0.20882894098758698
0007,000257,257,0.0003477328282315284,0.0004945516702719033,0.40378203988075256,0.0005681962938979268,0.000617543759290129,0.4676567018032074,0.013082114048302174,0.005075023043900728,0.007799192797392607,0.3397976756095886,0.005154012702405453,0.0024152856785804033,0.002747646998614073,0.2087535560131073
0007,000258,258,0.00034409199724905193,0.0004907737020403147,0.4029908776283264,0.0005653194384649396,0.0005998215056024492,0.4710172712802887,0.013072098605334759,0.005060671363025904,0.007799586281180382,0.3398098647594452,0.005530994851142168,0.0025251912884414196,0.0028994488529860973,0.2081008106470108
0007,000259,259,0.00034197777858935297,0.000486640608869493,0.40351811051368713,0.0005509380716830492,0.0005902876728214324,0.46986907720565796,0.013124842196702957,0.005073698237538338,0.007821987383067608,0.3397994041442871,0.005120590329170227,0.002452920190989971,0.0027011570055037737,0.2079976201057434
0007,000260,260,0.0003426377079449594,0.0004842192865908146,0.40493282675743103,0.000550180091522634,0.00058192532742396,0.47164827585220337,0.013229919597506523,0.005081107374280691,0.007851679809391499,0.33980146050453186,0.005579921416938305,0.002574135549366474,0.002930579474195838,0.20729683339595795
0007,000261,261,0.000343105144565925,0.00048144414904527366,0.4063129425048828,0.0005370553117245436,0.0005635846755467355,0.47240692377090454,0.01326135452836752,0.005079671740531921,0.007837474346160889,0.3398285210132599,0.0053839311003685,0.002568350173532963,0.0028129885904490948,0.20709413290023804
0007,000262,262,0.000343303254339844,0.00048013709601946175,0.4071245491504669,0.0005321895587258041,0.0005622099270112813,0.47186481952667236,0.013281388208270073,0.005065884906798601,0.00784333236515522,0.3398455083370209,0.005126786883920431,0.00251730321906507,0.0026896335184574127,0.2070193588733673
0007,000263,263,0.00034445070195943117,0.0004803675983566791,0.4084912836551666,0.0005368014681152999,0.0005718888132832944,0.4709247350692749,0.01326617132872343,0.005063270218670368,0.007819891907274723,0.33985579013824463,0.005373889114707708,0.002527934731915593,0.0028278769459575415,0.2066320776939392
0007,000264,264,0.00034606040571816266,0.0004799473099410534,0.4096226990222931,0.0005358093185350299,0.0005734430742450058,0.47095128893852234,0.013428756967186928,0.005077613051980734,0.007895926013588905,0.33986392617225647,0.005733761470764875,0.002604187000542879,0.0030172206461429596,0.2061573714017868
0007,000265,265,0.0003460402658674866,0.00047851650742813945,0.4108349084854126,0.0005327041726559401,0.0005658835871145129,0.4712846577167511,0.013441973365843296,0.005090868566185236,0.007888625375926495,0.3398793041706085,0.005214828532189131,0.0025923855137079954,0.002738378243520856,0.20588627457618713
0007,000266,266,0.00034555993624962866,0.00047997600631788373,0.41049134731292725,0.0005398282664828002,0.000581290281843394,0.4693247377872467,0.01346225943416357,0.0051246643997728825,0.007913874462246895,0.3399018347263336,0.005314899608492851,0.0024315251503139734,0.0028179858345538378,0.20609861612319946
0007,000267,267,0.0003442750312387943,0.000474852102342993,0.412030965089798,0.0005486093577928841,0.0005895053618587554,0.46984806656837463,0.013520467095077038,0.005128974560648203,0.00792564358562231,0.3398842215538025,0.005149101372808218,0.0022555640898644924,0.002712171757593751,0.2068016529083252
0007,000268,268,0.00034473283449187875,0.0004707248299382627,0.4148596227169037,0.0005600192816928029,0.0006032734527252614,0.46959424018859863,0.013648598454892635,0.005136091727763414,0.007959925569593906,0.3398734927177429,0.005326598417013884,0.0022295312955975533,0.0028180165681988,0.2069396823644638
0007,000269,269,0.00034492884879000485,0.00046714814379811287,0.41670405864715576,0.0005579557036980987,0.0005956922541372478,0.47116929292678833,0.013689659535884857,0.005113373976200819,0.007948968559503555,0.3398817181587219,0.005665157921612263,0.0022803638130426407,0.002966169733554125,0.206915944814682
0007,000270,270,0.0003445397596806288,0.00046541524352505803,0.4176718294620514,0.0005559969577006996,0.0006005234899930656,0.4698503315448761,0.0137530118227005,0.005129263270646334,0.007977986708283424,0.33985573053359985,0.005994325503706932,0.0022100817877799273,0.003161478089168668,0.2079641968011856
0007,000271,271,0.0003491971001494676,0.00046588279656134546,0.4207336902618408,0.0005695814616046846,0.0006112377159297466,0.4705350399017334,0.013840001076459885,0.005164517089724541,0.007983558811247349,0.3398495018482208,0.005673420149832964,0.00227225455455482,0.002980191959068179,0.2081552892923355
0007,000272,272,0.00035324308555573225,0.00046702276449650526,0.4229585528373718,0.0005612766835838556,0.0006008108030073345,0.4706890881061554,0.0139424754306674,0.005163236521184444,0.008007789961993694,0.3398808538913727,0.005792099516838789,0.0023111244663596153,0.003040217561647296,0.2081303596496582
0007,000273,273,0.0003588096296880394,0.0004690205096267164,0.4255285859107971,0.0005547310574911535,0.000593156146351248,0.4708799719810486,0.014063133858144283,0.0051825386472046375,0.008041142486035824,0.3398970067501068,0.005706656724214554,0.002294920850545168,0.0029925790149718523,0.20819413661956787
0007,000274,274,0.0003581434430088848,0.00047014362644404173,0.4238171875476837,0.0005515068187378347,0.0005932847852818668,0.46951979398727417,0.013978762552142143,0.005211301147937775,0.008004856295883656,0.3399085998535156,0.0058431560173630714,0.0022127539850771427,0.0030735633336007595,0.20903931558132172
0007,000275,275,0.0003585119848139584,0.00046939830644987524,0.42369046807289124,0.0005586934858001769,0.0005995673127472401,0.4699999988079071,0.013889550231397152,0.005207368638366461,0.007946019992232323,0.33991724252700806,0.005776509642601013,0.0021821558475494385,0.0030390259344130754,0.20922166109085083
0007,000276,276,0.0003593960136640817,0.0004714078677352518,0.422990083694458,0.000552116718608886,0.0005970242200419307,0.4689096510410309,0.014051300473511219,0.005215130280703306,0.00804208405315876,0.3399195969104767,0.0060258605517446995,0.002193477936089039,0.0031782817095518112,0.20989105105400085
0007,000277,277,0.00036132565583102405,0.000472829065984115,0.42364898324012756,0.0005526719614863396,0.000595613440964371,0.4696129560470581,0.014195090159773827,0.005224850028753281,0.00810555275529623,0.339931458234787,0.005912424996495247,0.0022309143096208572,0.0031147487461566925,0.21016493439674377
0007,000278,278,0.00036130676744505763,0.0004744181933347136,0.4231819808483124,0.0005521666607819498,0.000597916659899056,0.4691990613937378,0.014154046773910522,0.005238911136984825,0.008098576217889786,0.33992642164230347,0.005823415704071522,0.00227782828733325,0.003091501770541072,0.21018239855766296
0007,000279,279,0.00036404060665518045,0.00047380157047882676,0.425265371799469,0.0005416652420535684,0.0005807142588309944,0.4706953465938568,0.014136575162410736,0.005244281142950058,0.008054251782596111,0.339954137802124,0.00618417002260685,0.0023386571556329727,0.0032436836045235395,0.21041592955589294
0007,000280,280,0.00036314871977083385,0.00047366501530632377,0.4263182580471039,0.0005384000251069665,0.0005868026055395603,0.4689129889011383,0.014269242994487286,0.005259613040834665,0.008126451633870602,0.33995047211647034,0.0062291864305734634,0.0023581895511597395,0.0033027229364961386,0.20996831357479095
0007,000281,281,0.0003608164843171835,0.00047525373520329595,0.4252569377422333,0.0005280227051116526,0.0005708534736186266,0.4704059064388275,0.014156676828861237,0.005270929075777531,0.008084822446107864,0.3399789333343506,0.006504866760224104,0.002471603685989976,0.003443314228206873,0.20932336151599884
0007,000282,282,0.00035809125984087586,0.00047564756823703647,0.4240439236164093,0.0005235165590420365,0.000578465813305229,0.46890825033187866,0.014147596433758736,0.00526662589982152,0.008091552183032036,0.33997786045074463,0.006971665658056736,0.0027291164733469486,0.0037442618049681187,0.20871518552303314
0007,000283,283,0.0003565010556485504,0.0004721902951132506,0.4244345426559448,0.0005191363161429763,0.0005624312325380743,0.4695358872413635,0.014102577231824398,0.005245450418442488,0.008046324364840984,0.33998045325279236,0.006137306336313486,0.0027093987446278334,0.0032442701049149036,0.20864178240299225
0007,000284,284,0.00035334803396835923,0.00046894073602743447,0.4242861270904541,0.0005167363560758531,0.0005561570869758725,0.47060278058052063,0.01402018778026104,0.005228452850133181,0.007995527237653732,0.3399795591831207,0.00627497211098671,0.0027969025541096926,0.0033101371955126524,0.20801062881946564
0007,000285,285,0.00035441931686364114,0.0004672037030104548,0.42591696977615356,0.0005196023848839104,0.0005672865081578493,0.46974149346351624,0.014066750183701515,0.005241811275482178,0.007975048385560513,0.33998408913612366,0.007552912924438715,0.0031784847378730774,0.004014871548861265,0.2065054327249527
0007,000286,286,0.0003563434584066272,0.0004671891510952264,0.4269123375415802,0.0005085294833406806,0.0005602897144854069,0.4693271219730377,0.01410484965890646,0.00528002018108964,0.007978959940373898,0.34000253677368164,0.006668613757938147,0.0033635604195296764,0.0035515190102159977,0.20568858087062836
0007,000287,287,0.00035881722578778863,0.0004654542717617005,0.4296434819698334,0.0005040277610532939,0.0005480206455104053,0.4716145098209381,0.014277543872594833,0.005305066704750061,0.008021273650228977,0.34000831842422485,0.006644647568464279,0.003372440580278635,0.0034970680717378855,0.2054472714662552
0007,000288,288,0.00035951449535787106,0.000464106589788571,0.43094274401664734,0.0005034739733673632,0.0005418163491412997,0.4725706875324249,0.014281706884503365,0.005315694026648998,0.008008833043277264,0.3400132656097412,0.006913316901773214,0.0034766700118780136,0.00361129199154675,0.20460131764411926
0007,000289,289,0.00035976176150143147,0.0004647966125048697,0.4302336275577545,0.0005001255194656551,0.0005464399582706392,0.4705434739589691,0.014028226025402546,0.005325073376297951,0.007879414595663548,0.3400333821773529,0.005858706310391426,0.003359744558110833,0.003093874081969261,0.20446209609508514
0007,000290,290,0.0003601611824706197,0.0004652456846088171,0.4302901029586792,0.0005120637943036854,0.0005499095423147082,0.471098393201828,0.013959124684333801,0.005304201040416956,0.007848197594285011,0.34002915024757385,0.0060022734105587006,0.002968868240714073,0.0031441289465874434,0.20512457191944122
0007,000291,291,0.0003608105471357703,0.0004651225171983242,0.43083009123802185,0.0005250010872259736,0.0005635275156237185,0.47168609499931335,0.013987933285534382,0.0052899024449288845,0.0078639080747962,0.3400192856788635,0.005541763734072447,0.0029248963110148907,0.0029128806199878454,0.20494946837425232
0007,000292,292,0.00035842176293954253,0.0004655169614125043,0.4291895627975464,0.0005247766384854913,0.0005697214510291815,0.4698833227157593,0.013876888900995255,0.0052669839933514595,0.007828780449926853,0.3400349020957947,0.005375407636165619,0.002760667121037841,0.002838568761944771,0.2051931619644165
0007,000293,293,0.0003565161896403879,0.00046206804108805954,0.4293983578681946,0.000532314705196768,0.0005735065788030624,0.47087669372558594,0.013791068457067013,0.0052760327234864235,0.007787511218339205,0.34004077315330505,0.005322878248989582,0.0027095747645944357,0.0028025275096297264,0.20504602789878845
0007,000294,294,0.0003557877498678863,0.0004616541264113039,0.4289382994174957,0.0005369704449549317,0.0005804899847134948,0.4707825183868408,0.013746725395321846,0.005255097057670355,0.007786019705235958,0.34005120396614075,0.006049417890608311,0.0029128834139555693,0.0031912142876535654,0.20390309393405914
0007,000295,295,0.00035432790173217654,0.00045969622442498803,0.42902863025665283,0.000528014381416142,0.0005717991734854877,0.46973100304603577,0.013716860674321651,0.005262331571429968,0.0077748410403728485,0.3400384187698364,0.005716016050428152,0.0025078384205698967,0.0030129202641546726,0.2050168663263321
0007,000296,296,0.00035248289350420237,0.00045830151066184044,0.4282773435115814,0.0005441938410513103,0.0005871017929166555,0.4705377221107483,0.013692396692931652,0.0052818660624325275,0.007780215237289667,0.3400563597679138,0.005155074410140514,0.002368780318647623,0.0027074951212853193,0.20571328699588776
0007,000297,297,0.00035172150819562376,0.00045714026782661676,0.4277229607105255,0.0005507785826921463,0.0005994383245706558,0.46957945823669434,0.013593028299510479,0.005280572921037674,0.0077116964384913445,0.340040922164917,0.005262244027107954,0.0023205112665891647,0.0027893453370779753,0.2065241038799286
0007,000298,298,0.00035200899583287537,0.00045767793199047446,0.42739471793174744,0.0005619386793114245,0.0006121915648691356,0.4699367582798004,0.01364668644964695,0.00526195764541626,0.007741513196378946,0.3400227427482605,0.005329678300768137,0.002338035497814417,0.002835853025317192,0.20641523599624634
0007,000299,299,0.0003545111103449017,0.0004584995040204376,0.4282490909099579,0.0005617146962322295,0.0006165425293147564,0.4688419997692108,0.013644011691212654,0.005263592582195997,0.007722360081970692,0.34002962708473206,0.004940957296639681,0.0022513847798109055,0.002637610537931323,0.20666085183620453
0007,000300,300,0.0003552756679710001,0.0004579053493216634,0.42936813831329346,0.0005684696952812374,0.0006216387264430523,0.4698842167854309,0.013654096983373165,0.005276539828628302,0.007709273602813482,0.3400331735610962,0.005285793449729681,0.0023154416121542454,0.0028051859699189663,0.20622265338897705
0007,000301,301,0.000357048527803272,0.00045639422023668885,0.431345671415329,0.0005574881797656417,0.0005987402983009815,0.471082866191864,0.013686896301805973,0.00531799765303731,0.007718329317867756,0.3400234878063202,0.004762834869325161,0.002280082320794463,0.002502843737602234,0.20604000985622406
0007,000302,302,0.00035826207022182643,0.00045551598304882646,0.43263065814971924,0.0005501991836354136,0.0005935262888669968,0.47156694531440735,0.013708527199923992,0.005323388613760471,0.007698765490204096,0.34004491567611694,0.005463466048240662,0.0023879860527813435,0.0028755643870681524,0.20536500215530396
0007,000303,303,0.0003576841263566166,0.00045356168993748724,0.433133065700531,0.0005438615917228162,0.0005929042235948145,0.47012943029403687,0.013750363141298294,0.005303697660565376,0.00771169550716877,0.34003642201423645,0.005114167928695679,0.0024168966338038445,0.002698569092899561,0.20518988370895386
0007,000304,304,0.0003607418038882315,0.00045349058927968144,0.43509045243263245,0.0005413019098341465,0.0005816536140628159,0.46993932127952576,0.013832857832312584,0.005288867279887199,0.007719315588474274,0.34003135561943054,0.005564740393310785,0.002111489651724696,0.0029138196259737015,0.2066536843776703
0007,000305,305,0.00036174908746033907,0.000452738837338984,0.4361158609390259,0.0005648852093145251,0.0006110371905378997,0.4710918664932251,0.013887139037251472,0.005295479204505682,0.007732698693871498,0.3400491178035736,0.005608619190752506,0.0022694163490086794,0.0029570257756859064,0.20582254230976105
0007,000306,306,0.0003635401953943074,0.00045469211181625724,0.43593910336494446,0.0005478175007738173,0.000586690497584641,0.47199615836143494,0.013964547775685787,0.005305960774421692,0.007783101871609688,0.34006378054618835,0.005126347299665213,0.002283236477524042,0.0026891438756138086,0.20570793747901917
0007,000307,307,0.0003622037183959037,0.0004525354306679219,0.43587014079093933,0.0005450811586342752,0.000588842376600951,0.47017523646354675,0.014017300680279732,0.005298930685967207,0.00782015174627304,0.34006157517433167,0.004790575243532658,0.0022471987176686525,0.002528609475120902,0.2058766782283783
0007,000308,308,0.00036161293974146247,0.0004527175042312592,0.4358842968940735,0.0005520310951396823,0.0005922262789681554,0.4709717929363251,0.014005575329065323,0.005298494361341,0.007810961455106735,0.34005099534988403,0.004886041395366192,0.002258129185065627,0.0025719914119690657,0.2057340294122696
0007,000309,309,0.0003625845129135996,0.00045543568558059633,0.43488606810569763,0.0005505746230483055,0.0005919799441471696,0.47093307971954346,0.014076974242925644,0.005297965370118618,0.007860435172915459,0.34006941318511963,0.004953097086399794,0.0022938998881727457,0.0026071895845234394,0.2054562121629715
0007,000310,310,0.0003621575015131384,0.0004569506272673607,0.4338522255420685,0.000547458475921303,0.000586210167966783,0.47083988785743713,0.014082446694374084,0.005278432741761208,0.007872702553868294,0.3400590717792511,0.005032223183661699,0.002263082657009363,0.0026481105014681816,0.20536351203918457
0007,000311,311,0.00036222292692400515,0.00045660557225346565,0.43334561586380005,0.0005535534000955522,0.0005981066497042775,0.46973443031311035,0.01402140874415636,0.005245858337730169,0.007831971161067486,0.34006133675575256,0.00523791741579771,0.0023540519177913666,0.002770391758531332,0.20486941933631897
0007,000312,312,0.0003612964355852455,0.00045527462498284876,0.43319171667099,0.0005461950786411762,0.0005851748865097761,0.4707917869091034,0.01399964839220047,0.005256884265691042,0.007835307158529758,0.3400622308254242,0.004985347390174866,0.0023038240615278482,0.002628722693771124,0.20480209589004517
0007,000313,313,0.00036188794183544815,0.00045400281669571996,0.43409037590026855,0.0005485968431457877,0.0005935721565037966,0.46956002712249756,0.013979850336909294,0.005273779854178429,0.007813367061316967,0.34006965160369873,0.004938612692058086,0.00217501912266016,0.002610821044072509,0.2053503841161728
0007,000314,314,0.00036332631134428084,0.00045500960550270975,0.43518951535224915,0.0005541202262975276,0.0005906142760068178,0.4711361527442932,0.014104711823165417,0.005271798465400934,0.00786676723510027,0.3400760591030121,0.0049833450466394424,0.002096121897920966,0.002618496771901846,0.20567481219768524
0007,000315,315,0.0003628369013313204,0.0004551414749585092,0.4358605444431305,0.0005480685504153371,0.0005845061386935413,0.4704117774963379,0.014182372018694878,0.0052506206557154655,0.007912230677902699,0.3400697708129883,0.006188662722706795,0.001940001267939806,0.003242125501856208,0.20754218101501465
0007,000316,316,0.0003621199575718492,0.00045425185817293823,0.43596458435058594,0.0005665185744874179,0.0006077653379179537,0.4697006940841675,0.01417475938796997,0.005232926458120346,0.007904554717242718,0.34007740020751953,0.005447753705084324,0.0019359891302883625,0.002868940122425556,0.2083820402622223
0007,000317,317,0.0003601177886594087,0.00045351905282586813,0.43516239523887634,0.0005683343042619526,0.000608246773481369,0.4702700972557068,0.014122840948402882,0.005263905506581068,0.00789828971028328,0.34009820222854614,0.005303849466145039,0.001956747844815254,0.002794446423649788,0.20830802619457245
0007,000318,318,0.00035404087975621223,0.0004546499694697559,0.4319717288017273,0.0005611040396615863,0.0006093271658755839,0.4683641493320465,0.01399816945195198,0.005234598647803068,0.007892812602221966,0.3400929868221283,0.006103205028921366,0.0020467108115553856,0.0032393215224146843,0.20752526819705963
0007,000319,319,0.0003515818971209228,0.0004534534236881882,0.43156668543815613,0.0005484568537212908,0.0005913603818044066,0.469687819480896,0.013913690112531185,0.005249249283224344,0.007857931777834892,0.34008482098579407,0.005711430683732033,0.0022450252436101437,0.0030187778174877167,0.20698782801628113
0007,000320,320,0.00035073072649538517,0.00045159694855101407,0.43155694007873535,0.0005415565683506429,0.0005829152651131153,0.4699954092502594,0.013806347735226154,0.005277963820844889,0.007791181094944477,0.3401254415512085,0.005628602113574743,0.002369679044932127,0.0029628872871398926,0.20662875473499298
0007,000321,321,0.000348433357430622,0.00045040028635412455,0.43041762709617615,0.0005354152526706457,0.0005803070380352437,0.4685589671134949,0.013672697357833385,0.005269781686365604,0.007730985060334206,0.3401437997817993,0.005360032897442579,0.0023265499621629715,0.0028287842869758606,0.20729443430900574
0007,000322,322,0.00034543676883913577,0.00044914818136021495,0.4294692575931549,0.0005502578569576144,0.0005991881480440497,0.4684434235095978,0.013617047108709812,0.005293091293424368,0.007736049592494965,0.340159147977829,0.005391852930188179,0.0024129219818860292,0.0028511558193713427,0.2072848677635193
0007,000323,323,0.0003383956500329077,0.0004440075426828116,0.42750075459480286,0.0005441458779387176,0.0005870692548342049,0.46971315145492554,0.013501925393939018,0.0052528041414916515,0.007685057353228331,0.3401825428009033,0.0054152291268110275,0.002393628703430295,0.0028448980301618576,0.20777259767055511
0007,000324,324,0.00033896532841026783,0.000444584438810125,0.4280581474304199,0.0005434613558463752,0.0005965931923128664,0.46760690212249756,0.013487513177096844,0.005215364973992109,0.0076443227007985115,0.34021466970443726,0.005422778427600861,0.002384369494393468,0.0028792936354875565,0.20789127051830292
0007,000325,325,0.0003412803343962878,0.00044965563574805856,0.4264354705810547,0.0005480738473124802,0.0005985293537378311,0.4686577618122101,0.013494751416146755,0.0051717315800487995,0.007664792705327272,0.3401934504508972,0.00511847622692585,0.002407926833257079,0.0027197753079235554,0.20763102173805237
0007,000326,326,0.0003422750160098076,0.000457017682492733,0.42247411608695984,0.0005433256737887859,0.000588436028920114,0.4698053002357483,0.01354887057095766,0.005109832622110844,0.007739807013422251,0.3401816189289093,0.0055448561906814575,0.002481854986399412,0.0029189945198595524,0.20733793079853058
0007,000327,327,0.00034678285010159016,0.0004652720526792109,0.4202004373073578,0.0005398361245170236,0.0005820943624712527,0.46973392367362976,0.013677304610610008,0.005072875414043665,0.007841047830879688,0.3401646614074707,0.005213289521634579,0.0023753687273710966,0.002752418164163828,0.20759491622447968
0007,000328,328,0.00035130121977999806,0.0004718623822554946,0.41920459270477295,0.000543794478289783,0.0005940300179645419,0.4685991108417511,0.013798580504953861,0.0051020486280322075,0.007917805574834347,0.3401523530483246,0.005506111774593592,0.0023269818630069494,0.0029191963840276003,0.20817403495311737
0007,000329,329,0.0003554074792191386,0.0004758251889143139,0.42033249139785767,0.000552978424821049,0.0006045502959750593,0.4683190882205963,0.013953419402241707,0.005122266244143248,0.007985836826264858,0.34015342593193054,0.0058133709244430065,0.0023398883640766144,0.0030764576513320208,0.2085869014263153
0007,000330,330,0.00035885878605768085,0.0004774027911480516,0.42193323373794556,0.0005596004775725305,0.0006123125785961747,0.4687351584434509,0.014114913530647755,0.0052006542682647705,0.008053191937506199,0.3401372730731964,0.0063096811063587666,0.0025181847158819437,0.0033430831972509623,0.2082761973142624
0007,000331,331,0.0003631005238275975,0.0004829231766052544,0.4217606484889984,0.0005529833724722266,0.0006083848420530558,0.46920084953308105,0.014245355501770973,0.005265162326395512,0.008126500993967056,0.3401307761669159,0.006404609885066748,0.002660568570718169,0.003422084031626582,0.20816278457641602
0007,000332,332,0.0003669115831144154,0.0004895009915344417,0.42071184515953064,0.0005533302901312709,0.0006120846956036985,0.468629390001297,0.014204460196197033,0.005344242788851261,0.008112478069961071,0.34013620018959045,0.006436104886233807,0.0027054501697421074,0.0034381463192403316,0.2081141173839569
0007,000333,333,0.0003700028173625469,0.0004900897620245814,0.4226277768611908,0.0005618848372250795,0.0006351658375933766,0.46771880984306335,0.01425444707274437,0.005364545620977879,0.008118175901472569,0.34009435772895813,0.006685441359877586,0.0028983207885175943,0.0036241079214960337,0.20754320919513702
0007,000334,334,0.0003715451748576015,0.0004901302745565772,0.42451223731040955,0.0005516591481864452,0.000622960680630058,0.46763691306114197,0.014391263015568256,0.005397523753345013,0.008162944577634335,0.34006890654563904,0.00639772554859519,0.0027778816875070333,0.0034392690286040306,0.20798863470554352
0007,000335,335,0.0003726141294464469,0.0004896459868177772,0.42563387751579285,0.0005607663188129663,0.0006279938388615847,0.46792441606521606,0.01451415941119194,0.005409080069512129,0.00820991676300764,0.3400191068649292,0.006094114389270544,0.002743747550994158,0.0032451439183205366,0.20819982886314392
0007,000336,336,0.0003769978939089924,0.0004922653315588832,0.42701253294944763,0.0005673649720847607,0.000632195733487606,0.4688166081905365,0.01469903439283371,0.005409763194620609,0.008281073532998562,0.33998799324035645,0.006598382722586393,0.0028041875921189785,0.003496504155918956,0.20783086121082306
0007,000337,337,0.00037828809581696987,0.0004913725424557924,0.4289950728416443,0.0005563520826399326,0.0006114632706157863,0.4696131944656372,0.014763410203158855,0.005417592357844114,0.008311567828059196,0.33995869755744934,0.006177142728120089,0.0027073463425040245,0.003251459915190935,0.20841307938098907
0007,000338,338,0.0003816980170086026,0.0004910108400508761,0.43222475051879883,0.0005551077192649245,0.0006108857342042029,0.4695754647254944,0.014878449030220509,0.005448236595839262,0.008353419601917267,0.3399268388748169,0.006755208596587181,0.0027347805444151163,0.0035500102676451206,0.20835934579372406
0007,000339,339,0.00038393493741750717,0.0004911395371891558,0.434475839138031,0.0005553595838136971,0.0006090034148655832,0.46969839930534363,0.01483742706477642,0.005453608930110931,0.008319120854139328,0.3399128317832947,0.0068620904348790646,0.0026652496308088303,0.003620457137003541,0.20879197120666504
0007,000340,340,0.00038668574416078627,0.000491080223582685,0.4369724988937378,0.0005492857308126986,0.00060371367726475,0.4700338840484619,0.0149501021951437,0.005456443876028061,0.008367580361664295,0.33990341424942017,0.007082807831466198,0.0026742734480649233,0.0037470899987965822,0.209444060921669
0007,000341,341,0.00038917834172025323,0.0004926194669678807,0.43776431679725647,0.0005485005094669759,0.0006121781771071255,0.468187153339386,0.014907251112163067,0.005466453731060028,0.008345713838934898,0.33989349007606506,0.0073361583054065704,0.002710346132516861,0.00390558666549623,0.21032288670539856
0007,000342,342,0.00039247877430170774,0.0004991419264115393,0.43524277210235596,0.0005599785363301635,0.0006292621837928891,0.4673236310482025,0.01482564490288496,0.005485289264470339,0.008332686498761177,0.3398970663547516,0.006864686030894518,0.0027210114058107138,0.003692407626658678,0.2102416306734085
0007,000343,343,0.00039850117173045874,0.000508813769556582,0.43409305810928345,0.0005576844559982419,0.0006306386785581708,0.4665922224521637,0.014930693432688713,0.0055009350180625916,0.008395963348448277,0.33988314867019653,0.007205288857221603,0.0027659281622618437,0.003886963240802288,0.2109818160533905
0007,000344,344,0.00040847848867997527,0.0005191821837797761,0.43463918566703796,0.0005764202796854079,0.0006591601995751262,0.46514979004859924,0.015045822598040104,0.005545353516936302,0.00845558661967516,0.3398672044277191,0.0069310469552874565,0.002781252609565854,0.003766859183087945,0.21096843481063843
0007,000345,345,0.0004111609305255115,0.0005246461951173842,0.4334276020526886,0.0005779276834800839,0.0006532343104481697,0.4662151634693146,0.015130209736526012,0.0055900514125823975,0.008529645390808582,0.33986032009124756,0.0068655433133244514,0.002858795691281557,0.003689640201628208,0.21102666854858398
0007,000346,346,0.00041265846812166274,0.0005295207956805825,0.4318806529045105,0.0005635347915813327,0.0006186563987284899,0.4681828022003174,0.01486586220562458,0.005636048037558794,0.008409182541072369,0.33985549211502075,0.0067435987293720245,0.0027667423710227013,0.003558531403541565,0.21217432618141174
0007,000347,347,0.00041170389158651233,0.00052900321315974,0.43088218569755554,0.0005664240452460945,0.0006278452929109335,0.4674142599105835,0.014697277918457985,0.005618332419544458,0.008309916593134403,0.33987170457839966,0.00654373224824667,0.002769516548141837,0.0034717570524662733,0.21245725452899933
0007,000348,348,0.0004093183088116348,0.0005285980296321213,0.4287298917770386,0.0005502907442860305,0.0005953581421636045,0.46950557827949524,0.014547433704137802,0.005551098845899105,0.008243895135819912,0.3398851752281189,0.006695485673844814,0.002775428583845496,0.003507809480652213,0.21282242238521576
0007,000349,349,0.00040839763823896646,0.0005285208462737501,0.42753422260284424,0.0005363802192732692,0.0005783363594673574,0.46949735283851624,0.014531086198985577,0.005496312864124775,0.00825326144695282,0.33989232778549194,0.006900578271597624,0.0028216643258929253,0.0036245067603886127,0.21264338493347168
0007,000350,350,0.00040491929394192994,0.0005239431047812104,0.42641398310661316,0.0005227687652222812,0.0005618370487354696,0.4698033630847931,0.014338212087750435,0.005441313609480858,0.008158429525792599,0.3399219214916229,0.007294225040823221,0.002879320178180933,0.0038306782953441143,0.2120276242494583
0007,000351,351,0.00040187008562497795,0.0005189159419387579,0.42547407746315,0.0005035005742684007,0.0005406647687777877,0.4702579379081726,0.014252685941755772,0.005379676818847656,0.008120140992105007,0.3399426341056824,0.007079119794070721,0.0029628220945596695,0.0037169281858950853,0.21143513917922974
0007,000352,352,0.00039664466748945415,0.000512074155267328,0.42461857199668884,0.0004954366595484316,0.0005326109239831567,0.47042790055274963,0.014395242556929588,0.005305508617311716,0.008204784244298935,0.33995547890663147,0.007948793470859528,0.0032413071021437645,0.004170685075223446,0.2100367546081543
0007,000353,353,0.0003901219752151519,0.0005073781358078122,0.42291364073753357,0.0004833709099330008,0.0005244866479188204,0.4696180522441864,0.014248291961848736,0.005272441543638706,0.008149820379912853,0.3399445414543152,0.00731399143114686,0.0033914800733327866,0.0038603409193456173,0.20894917845726013
0007,000354,354,0.00038986001163721085,0.0005077189416624606,0.4224221110343933,0.0004749315558001399,0.0005071837222203612,0.4711705446243286,0.014082280918955803,0.005273240152746439,0.008051566779613495,0.3399551212787628,0.006391693837940693,0.0033751423470675945,0.0033428703900426626,0.20867224037647247
0007,000355,355,0.0003933791012968868,0.0005105308373458683,0.42238718271255493,0.0004743792815133929,0.0005056486115790904,0.4720923900604248,0.014099547639489174,0.005283175967633724,0.008042274974286556,0.33994442224502563,0.006415951997041702,0.003358171321451664,0.0033377015497535467,0.20822754502296448
0007,000356,356,0.00039445722359232605,0.0005154068348929286,0.42046353220939636,0.00047875349991954863,0.0005148777854628861,0.470172643661499,0.01383256632834673,0.005270896013826132,0.00790999736636877,0.3399293124675751,0.0059985024854540825,0.0032689995132386684,0.003155193291604519,0.2078581303358078
0007,000357,357,0.0003927436482626945,0.0005155847175046802,0.4186619222164154,0.0004869714321102947,0.0005215146229602396,0.4713422656059265,0.013713129796087742,0.005261695943772793,0.007867589592933655,0.33993563055992126,0.006450052838772535,0.003404940478503704,0.0033887431491166353,0.20676189661026
0007,000358,358,0.0003926349163521081,0.0005153382080607116,0.4179825186729431,0.0004853213904425502,0.0005208859802223742,0.470571905374527,0.013728361576795578,0.005233464762568474,0.007860157638788223,0.33994925022125244,0.006182932760566473,0.003429291071370244,0.003246054984629154,0.20602793991565704
0007,000359,359,0.0003919168666470796,0.0005142790614627302,0.41758567094802856,0.00048423127736896276,0.0005113635561428964,0.47283780574798584,0.013638646341860294,0.005212382413446903,0.00781493540853262,0.33995622396469116,0.005488700233399868,0.003187447553500533,0.0028592103626579046,0.20600883662700653
0007,000360,360,0.0003917503054253757,0.0005142251029610634,0.417965829372406,0.0004944030661135912,0.0005315947346389294,0.47061997652053833,0.013703906908631325,0.005173475947231054,0.007843430154025555,0.339951753616333,0.005533559247851372,0.0030400934629142284,0.002906147623434663,0.20580919086933136
0007,000361,361,0.00039206314249895513,0.0005135650862939656,0.4183480739593506,0.0005013963091187179,0.0005341701908037066,0.4722907543182373,0.013741126284003258,0.005179057363420725,0.007859821431338787,0.33994123339653015,0.005783658009022474,0.00306838471442461,0.003019020427018404,0.20514561235904694
0007,000362,362,0.00039223406929522753,0.0005126516334712505,0.41968250274658203,0.0005001227837055922,0.0005365185788832605,0.4703580439090729,0.013785785995423794,0.005187743343412876,0.007864529266953468,0.33993929624557495,0.005311907734721899,0.0027917902916669846,0.0027874880470335484,0.20543988049030304
0007,000363,363,0.00038952758768573403,0.0005090192425996065,0.4200461804866791,0.0005139464628882706,0.0005502943531610072,0.4703947603702545,0.013635888695716858,0.0052114021964371204,0.007804505992680788,0.33993658423423767,0.005355111788958311,0.002541434485465288,0.0028065782971680164,0.20593148469924927
0007,000364,364,0.0003888192295562476,0.0005051471525803208,0.4222511649131775,0.0005233003757894039,0.000553020799998194,0.47214460372924805,0.01370906364172697,0.005251849535852671,0.007824811153113842,0.3399480879306793,0.005462821573019028,0.0024883095175027847,0.0028498561587184668,0.20615148544311523
0007,000365,365,0.0003874273970723152,0.0005017936928197742,0.42378878593444824,0.0005234925774857402,0.0005560790887102485,0.47196438908576965,0.013778980821371078,0.0052675968036055565,0.00784311443567276,0.33995145559310913,0.005436012055724859,0.0025333468802273273,0.002842624206095934,0.2057551145553589
0007,000366,366,0.0003861874283757061,0.0004971697926521301,0.4251471161842346,0.0005167775088921189,0.0005505841691046953,0.47131991386413574,0.01373372320085764,0.00528196943923831,0.007800393737852573,0.3399568200111389,0.005025539081543684,0.0024107799399644136,0.0026361634954810143,0.20594890415668488
0007,000367,367,0.00038366782246157527,0.0004955723998136818,0.42474088072776794,0.0005200137966312468,0.0005562439328059554,0.47184816002845764,0.013686565682291985,0.00524098239839077,0.0077756294049322605,0.3399716317653656,0.005243987776339054,0.0023467468563467264,0.002752237254753709,0.20606161653995514
0007,000368,368,0.00038162129931151867,0.0004946835688315332,0.42427730560302734,0.0005265169311314821,0.0005683221388608217,0.47056227922439575,0.013742835260927677,0.005203160922974348,0.0078118667006492615,0.33997252583503723,0.005603032186627388,0.00244212057441473,0.0029536597430706024,0.2055678516626358
0007,000369,369,0.0003784468281082809,0.0004934541066177189,0.42425960302352905,0.000523763766977936,0.0005628290236927569,0.470456063747406,0.013849727809429169,0.005165539216250181,0.00788003858178854,0.3399670720100403,0.005677781067788601,0.0024885458406060934,0.002993009751662612,0.20515111088752747
0007,000370,370,0.0003737666120287031,0.0004863213107455522,0.4245259761810303,0.000520107161719352,0.0005528948968276381,0.47081658244132996,0.01379187498241663,0.0051202974282205105,0.007838863879442215,0.33997732400894165,0.00558251840993762,0.0024080765433609486,0.002926032990217209,0.20547933876514435
0007,000371,371,0.00036600648309104145,0.00047536828787997365,0.4249315857887268,0.0005268866661936045,0.00056590506574139,0.4707108438014984,0.013922222889959812,0.00507314782589674,0.007909636944532394,0.34001389145851135,0.005597206763923168,0.0023919139057397842,0.0029420440550893545,0.20554883778095245
0007,000372,372,0.0003558980824891478,0.0004651873023249209,0.42396703362464905,0.0005310693522915244,0.0005709395627491176,0.4705284535884857,0.014007662422955036,0.005024763755500317,0.007986241020262241,0.3400372564792633,0.006034400779753923,0.002436363836750388,0.0031669316813349724,0.20559021830558777
0007,000373,373,0.00034769263584166765,0.00046013007522560656,0.42115962505340576,0.0005327041726559401,0.0005740919150412083,0.4698576331138611,0.013902027159929276,0.005018467549234629,0.007956682704389095,0.34004127979278564,0.006137635093182325,0.002428195672109723,0.0032208801712840796,0.20624874532222748
0007,000374,374,0.0003458160790614784,0.00045565346954390407,0.4218645989894867,0.000550468685105443,0.000591278076171875,0.4711780846118927,0.013893965631723404,0.005025212652981281,0.007939759641885757,0.34001803398132324,0.007682386320084333,0.0027103000320494175,0.0040456801652908325,0.2043786644935608
0007,000375,375,0.00034582853550091386,0.00045510963536798954,0.42301422357559204,0.0005227683577686548,0.0005602645687758923,0.4709065854549408,0.013907951302826405,0.005038227420300245,0.007934538647532463,0.34001100063323975,0.005792340729385614,0.0026895722839981318,0.003049894468858838,0.20411615073680878
0007,000376,376,0.000348245317582041,0.0004562418907880783,0.4247317910194397,0.000524165399838239,0.0005576121620833874,0.47119253873825073,0.01395754236727953,0.0050584133714437485,0.007927756756544113,0.3400079607963562,0.005534506868571043,0.002629038644954562,0.002899516373872757,0.2039124071598053
0007,000377,377,0.00034901872277259827,0.0004577666986733675,0.42415672540664673,0.0005344539531506598,0.0005736318416893482,0.4708389341831207,0.014023210853338242,0.005081351846456528,0.007966715842485428,0.3400067090988159,0.006030730437487364,0.0027824300341308117,0.0031779648270457983,0.20309066772460938
0007,000378,378,0.0003445411566644907,0.00045543283340521157,0.4223068058490753,0.0005323166260495782,0.0005698107415810227,0.47104260325431824,0.013888098299503326,0.005107980687171221,0.007911455817520618,0.3400055170059204,0.005460754968225956,0.002759404946118593,0.002872191835194826,0.20286332070827484
0007,000379,379,0.00034213572507724166,0.00045381346717476845,0.42094701528549194,0.0005427102441899478,0.0005825274856761098,0.4713480472564697,0.013812762685120106,0.005106685683131218,0.007862258702516556,0.3400111198425293,0.005837759468704462,0.0028559528291225433,0.003069488098844886,0.20227406919002533
0007,000380,380,0.00034002846223302186,0.00045276337186805904,0.42010822892189026,0.000542996043805033,0.0005838781362399459,0.4713912904262543,0.013772469945251942,0.005136619787663221,0.00785637367516756,0.34000030159950256,0.005206763744354248,0.0027635812293738127,0.002744531724601984,0.2022751420736313
0007,000381,381,0.0003425419854465872,0.0004533387254923582,0.421136736869812,0.0005563217564485967,0.0006049359799362719,0.4704631268978119,0.013726973906159401,0.005185556132346392,0.007811327930539846,0.33995938301086426,0.005248404107987881,0.002760357456281781,0.0027720758225768805,0.201959490776062
0007,000382,382,0.0003437387349549681,0.0004538071225397289,0.4215923845767975,0.0005589841166511178,0.0006002007867209613,0.4719724655151367,0.013751326128840446,0.0052084834314882755,0.007819253951311111,0.3399600088596344,0.004926471039652824,0.0025093741714954376,0.0025856085121631622,0.20265553891658783
0007,000383,383,0.0003478479047771543,0.00045674300054088235,0.42375558614730835,0.0005673961131833494,0.0006061955937184393,0.4716188907623291,0.013693057000637054,0.005247605033218861,0.007772293407469988,0.3399197459220886,0.0049006324261426926,0.0022817295975983143,0.002568313619121909,0.20362600684165955
0007,000384,384,0.0003514834097586572,0.0004560377274174243,0.4269925653934479,0.00057961605489254,0.0006222953670658171,0.4713424742221832,0.01381867565214634,0.005263765808194876,0.007792919408529997,0.33989962935447693,0.004766905214637518,0.002174175111576915,0.0025036311708390713,0.20424512028694153
0007,000385,385,0.00035800031037069857,0.00045817310456186533,0.4306052327156067,0.0005751532153226435,0.0006170747801661491,0.4717448353767395,0.013966046273708344,0.005255228839814663,0.0077933212742209435,0.339905709028244,0.005261335056275129,0.0021348169539123774,0.0027681407518684864,0.20498855412006378
0007,000386,386,0.0003625402459874749,0.0004590875469148159,0.4332232177257538,0.0005673790001310408,0.0006054107798263431,0.4720683693885803,0.013969283550977707,0.005288687068969011,0.007785806432366371,0.33993980288505554,0.005204111337661743,0.0021767078433185816,0.002732561668381095,0.20544898509979248
0007,000387,387,0.00036673989961855114,0.00045719981426373124,0.4371074438095093,0.0005614289548248053,0.0006010218639858067,0.47135239839553833,0.01412564143538475,0.00528796436265111,0.007828786969184875,0.3399692475795746,0.004785862285643816,0.002146215410903096,0.002513235667720437,0.20586174726486206
0007,000388,388,0.0003710002056322992,0.0004544157418422401,0.4412594735622406,0.0005513802170753479,0.0005896940710954368,0.4719170033931732,0.01453710999339819,0.005254201125353575,0.007970823906362057,0.33996903896331787,0.005347797647118568,0.0021725897677242756,0.0028068535029888153,0.20614729821681976
0007,000389,389,0.0003723259433172643,0.0004490064166020602,0.44494080543518066,0.0005427474388852715,0.0005787748377770185,0.47244927287101746,0.014601058326661587,0.005236094817519188,0.007974192500114441,0.3399958908557892,0.005361106712371111,0.00215872167609632,0.0028103028889745474,0.20656819641590118
0007,000390,390,0.00037428023642860353,0.00044657563557848334,0.4477046728134155,0.000534796214196831,0.0005716118030250072,0.47209402918815613,0.014883478172123432,0.005241675768047571,0.00807556975632906,0.3400154411792755,0.005775682628154755,0.0022133719176054,0.0030262512154877186,0.20707054436206818
0007,000391,391,0.0003807648317888379,0.0004510339058469981,0.4502551555633545,0.0005325292586348951,0.0005739849293604493,0.4709731936454773,0.01491879764944315,0.005283995997160673,0.00805927999317646,0.3400340676307678,0.005907436367124319,0.0022858816664665937,0.0031044248025864363,0.20828558504581451
0007,000392,392,0.00038816375308670104,0.0004591686010826379,0.4530087113380432,0.0005316358292475343,0.0005712709971703589,0.4726572632789612,0.015249265357851982,0.0053352233953773975,0.008212733082473278,0.34002649784088135,0.0064530931413173676,0.0024019277188926935,0.0034053754061460495,0.20797395706176758
0007,000393,393,0.00039467797614634037,0.0004638656973838806,0.4564177095890045,0.0005154098034836352,0.0005678656743839383,0.46980977058410645,0.015423915348947048,0.005397426895797253,0.008299526758491993,0.34002193808555603,0.006107650697231293,0.002456758404150605,0.003262364072725177,0.20848070085048676
0007,000394,394,0.0003991706180386245,0.00046162353828549385,0.4606491029262543,0.0005099218687973917,0.0005415254854597151,0.47293898463249207,0.015608953312039375,0.005449872463941574,0.008344597183167934,0.34002500772476196,0.006093872711062431,0.0024244512896984816,0.0031816656701266766,0.2082870602607727
0007,000395,395,0.0003991563862655312,0.0004573451878968626,0.46355313062667847,0.0005022864206694067,0.0005424233386293054,0.4715680181980133,0.015686720609664917,0.005490372888743877,0.00835487898439169,0.34002241492271423,0.006680870894342661,0.00249522365629673,0.003514520823955536,0.20715166628360748
0007,000396,396,0.00039492142968811095,0.0004527941346168518,0.4622952342033386,0.0004851370176766068,0.0005216546123847365,0.4715026617050171,0.015424849465489388,0.005449885036796331,0.008209030143916607,0.34004658460617065,0.006068688351660967,0.0024812419433146715,0.0031884480267763138,0.2068680226802826
0007,000397,397,0.0003875917464029044,0.0004503661475609988,0.45703476667404175,0.00048636345309205353,0.0005226002540439367,0.4702984392642975,0.015215546824038029,0.005347374361008406,0.008168427273631096,0.3400677740573883,0.006538182031363249,0.0024844922591000795,0.003440898610278964,0.20622053742408752
0007,000398,398,0.0003792986390180886,0.0004481274518184364,0.45179054141044617,0.0004929208662360907,0.0005442178808152676,0.46789267659187317,0.015053918585181236,0.005263810977339745,0.008152627386152744,0.34011396765708923,0.006342328619211912,0.0024746537674218416,0.003416898660361767,0.20640626549720764
0007,000399,399,0.0003806671011261642,0.000452838750788942,0.45005494356155396,0.0005042394623160362,0.0005528084002435207,0.4694923460483551,0.01487378403544426,0.00527533981949091,0.008082856424152851,0.34013351798057556,0.00565857719630003,0.002509023994207382,0.0030225508380681276,0.20647338032722473
0007,000400,400,0.00038523119292221963,0.0004584740090649575,0.45079305768013,0.0005110913189128041,0.0005597284180112183,0.4695385992527008,0.01495160162448883,0.005353543907403946,0.008123902603983879,0.3401437997817993,0.005728992633521557,0.002495578955858946,0.0030525820329785347,0.20654112100601196
0007,000401,401,0.0003891950473189354,0.00046394564560614526,0.4512486457824707,0.0005231029936112463,0.0005731630953960121,0.46828755736351013,0.015047750435769558,0.005452643148601055,0.008166076615452766,0.3401392996311188,0.005714516155421734,0.0024112784303724766,0.003042391035705805,0.2071278691291809
0007,000402,402,0.00039168426883406937,0.00046428616042248905,0.4534092843532562,0.000531168538145721,0.0005758159095421433,0.46935003995895386,0.015043709427118301,0.005489376839250326,0.008117740042507648,0.3401097357273102,0.005488428752869368,0.002365226624533534,0.0028976418543606997,0.20761419832706451
0007,000403,403,0.0003983766946475953,0.000463985837996006,0.457581490278244,0.0005330908461473882,0.0005720126209780574,0.47052451968193054,0.015154375694692135,0.005444989539682865,0.00809592753648758,0.3401136100292206,0.005468784831464291,0.0022637657821178436,0.002876993967220187,0.20791098475456238
0007,000404,404,0.0004023283545393497,0.0004639824328478426,0.46081581711769104,0.0005318883922882378,0.0005678575253114104,0.4714227020740509,0.015373333357274532,0.005429928656667471,0.008182454854249954,0.340130478143692,0.005806705914437771,0.0021954448893666267,0.003043512348085642,0.20814700424671173
0007,000405,405,0.0003996013547293842,0.0004627037269528955,0.4596042037010193,0.0005248250090517104,0.0005691119004040956,0.4698215425014496,0.015274638310074806,0.0053913588635623455,0.008155249059200287,0.3401298522949219,0.005576005205512047,0.0021880108397454023,0.0029453553725034,0.20855161547660828
0007,000406,406,0.00039646727964282036,0.0004623352724593133,0.4573921859264374,0.0005242086481302977,0.0005611336673609912,0.4717250466346741,0.015284734778106213,0.005375633016228676,0.008183144964277744,0.3400920331478119,0.005730552598834038,0.002247062511742115,0.0030025618616491556,0.20873138308525085
0007,000407,407,0.0003949503879994154,0.00046579851186834276,0.45344483852386475,0.0005204047192819417,0.0005607981001958251,0.47080081701278687,0.015126516111195087,0.005341419484466314,0.008148625493049622,0.3400660455226898,0.006141379475593567,0.00235262094065547,0.0032236468978226185,0.2085258513689041
0007,000408,408,0.00039312412263825536,0.00046918547013774514,0.4497145116329193,0.0005163188325241208,0.0005625071935355663,0.46981948614120483,0.015097126364707947,0.005311549641191959,0.008181210607290268,0.3400484621524811,0.006575361359864473,0.0024949940852820873,0.0034907956141978502,0.20768797397613525
0007,000409,409,0.00039190685492940247,0.0004686886677518487,0.4469166398048401,0.0005135536193847656,0.0005596988485194743,0.46990105509757996,0.015135211870074272,0.005291519686579704,0.00822442676872015,0.34002554416656494,0.00751289539039135,0.002837891923263669,0.003982906695455313,0.2060793936252594
0007,000410,410,0.0004006118106190115,0.00047451461432501674,0.4477400481700897,0.000499692396260798,0.0005375390755943954,0.47042718529701233,0.015231562778353691,0.00533630745485425,0.008249961771070957,0.3400575816631317,0.006234896834939718,0.00275274901650846,0.003287709318101406,0.2057601511478424
0007,000411,411,0.00041137650259770453,0.00048636377323418856,0.4481588304042816,0.0004999490920454264,0.0005486886366270483,0.4678471088409424,0.015588296577334404,0.005396988242864609,0.008465345948934555,0.34006017446517944,0.006841565482318401,0.002333996118977666,0.0036285603418946266,0.20740632712841034
0007,000412,412,0.0004179356328677386,0.0005016871145926416,0.4451978802680969,0.0005324888043105602,0.0005850532907061279,0.4687633514404297,0.01562999002635479,0.005432577803730965,0.008562851697206497,0.340041846036911,0.006519046612083912,0.0024195436853915453,0.0034919038880616426,0.20707544684410095
0007,000413,413,0.0004176863294560462,0.0005025891587138176,0.4434356093406677,0.0005334339803084731,0.0005943802534602582,0.4675303101539612,0.015313691459596157,0.00543401250615716,0.00840694922953844,0.34002527594566345,0.006130795925855637,0.00252750632353127,0.003303158562630415,0.2070111483335495
0007,000414,414,0.00041616562521085143,0.0004970331210643053,0.4432506859302521,0.0005305311642587185,0.0005738402251154184,0.4702947735786438,0.015292515978217125,0.005383008159697056,0.00834640022367239,0.34000325202941895,0.006184476427733898,0.00251225708052516,0.003257113741710782,0.2070246785879135
0007,000415,415,0.0004052900767419487,0.0004894289304502308,0.44083720445632935,0.000529550074134022,0.000571968499571085,0.4707857072353363,0.015306675806641579,0.005339476279914379,0.0084052924066782,0.3400249779224396,0.007342176046222448,0.0027318450156599283,0.003872632747516036,0.20580536127090454
0007,000416,416,0.0003978120512329042,0.00048210917157121,0.4403124451637268,0.000512162980157882,0.0005524340667761862,0.4699728488922119,0.015364491380751133,0.005350521765649319,0.008451670408248901,0.34001991152763367,0.006921842228621244,0.002639527665451169,0.003642057301476598,0.20599764585494995
0007,000417,417,0.00040328287286683917,0.0004827537923119962,0.44449275732040405,0.0005110105848871171,0.0005504547152668238,0.4707942306995392,0.01548666600137949,0.005376278888434172,0.008454977534711361,0.3400115370750427,0.007001311983913183,0.0023971726186573505,0.003673775587230921,0.20707833766937256
0007,000418,418,0.0004116927448194474,0.0004961490049026906,0.44475939869880676,0.0005195316625759006,0.0005664529162459075,0.47039273381233215,0.015645844861865044,0.005445812363177538,0.00855216570198536,0.3400008976459503,0.006995726376771927,0.0023893178440630436,0.0037004416808485985,0.20726174116134644
0007,000419,419,0.00042105201282538474,0.0005108334589749575,0.4439809024333954,0.0005204632761888206,0.000576129590626806,0.46751877665519714,0.01570328138768673,0.005516572389751673,0.00862210150808096,0.3399788439273834,0.0070925247855484486,0.0022923604119569063,0.003764065681025386,0.20833070576190948
0007,000420,420,0.0004181992553640157,0.0005113590159453452,0.44165748357772827,0.000551777717191726,0.000615825701970607,0.46683117747306824,0.015224607661366463,0.005497538950294256,0.008420011959969997,0.33994218707084656,0.007557390723377466,0.0025026912335306406,0.004057284444570541,0.2071601152420044
0007,000421,421,0.0003993722202721983,0.0005013244226574898,0.43565666675567627,0.0005448589799925685,0.0006074722041375935,0.46699926257133484,0.014786762185394764,0.005476484075188637,0.008274257183074951,0.339973509311676,0.007265755441039801,0.0027842046692967415,0.0038912747986614704,0.20598924160003662
0007,000422,422,0.00039264021324925125,0.0004983523394912481,0.43272924423217773,0.0005360186332836747,0.000590160780120641,0.4685223698616028,0.014703955501317978,0.005449379328638315,0.008278490044176579,0.3399784564971924,0.006763886194676161,0.0029415322933346033,0.0036077045369893312,0.2049599587917328
0007,000423,423,0.00038550299359485507,0.0004895607125945389,0.43356430530548096,0.0005224120104685426,0.0005645218770951033,0.4697120487689972,0.014556290581822395,0.00543700298294425,0.00818052887916565,0.34000158309936523,0.00640491908416152,0.002895304700359702,0.0033618907909840345,0.20455563068389893
0007,000424,424,0.000382389931473881,0.00048459647223353386,0.43530768156051636,0.000522182323038578,0.0005675790598616004,0.46983885765075684,0.014508243650197983,0.005446612369269133,0.008127562701702118,0.3399955630302429,0.006101692095398903,0.002947215223684907,0.003218547673895955,0.204007089138031
0007,000425,425,0.00037985260132700205,0.00047989835729822516,0.4359424114227295,0.0005266500520519912,0.0005701439222320914,0.47155869007110596,0.01447470486164093,0.0054503148421645164,0.008082889951765537,0.340017169713974,0.006355760153383017,0.0030967455822974443,0.003342246636748314,0.20320485532283783
0007,000426,426,0.00038220034912228584,0.00048026314470916986,0.43729713559150696,0.0005264822975732386,0.0005742869107052684,0.4694085121154785,0.014595995657145977,0.00543205626308918,0.008109044283628464,0.3400156795978546,0.005453892983496189,0.002892721677199006,0.002879980718716979,0.20307672023773193
0007,000427,427,0.0003823336446657777,0.0004756052221637219,0.43839508295059204,0.0005335817695595324,0.0005753880832344294,0.46989160776138306,0.014603536576032639,0.005408508703112602,0.008086441084742546,0.3400036096572876,0.005899824667721987,0.0024216461461037397,0.0031113422010093927,0.2040526121854782
0007,000428,428,0.00038403645157814026,0.0004750641528517008,0.4388315677642822,0.0005583387101069093,0.0006071389652788639,0.4698033630847931,0.01467948593199253,0.0053849550895392895,0.0080922432243824,0.34004199504852295,0.006117743439972401,0.0023515750654041767,0.0032491819001734257,0.20437315106391907
0007,000429,429,0.00039017200469970703,0.00048097464605234563,0.4388902485370636,0.0005662300973199308,0.000615397933870554,0.4696008265018463,0.015007361769676208,0.005365060176700354,0.008241688832640648,0.3400600254535675,0.006118975579738617,0.0023875341285020113,0.0032456284388899803,0.2042950987815857
0007,000430,430,0.0003943765477743,0.00048757303738966584,0.4376169443130493,0.0005757905310019851,0.0006325126742012799,0.4682181775569916,0.01487343106418848,0.005397849250584841,0.008203878067433834,0.3400530219078064,0.00613789027556777,0.002488459926098585,0.0032908355351537466,0.20386146008968353
0007,000431,431,0.00039664111682213843,0.0004925731918774545,0.43740469217300415,0.0005761311622336507,0.0006260366644710302,0.4693317115306854,0.01505864318460226,0.005436077248305082,0.008321302011609077,0.34003177285194397,0.005538265220820904,0.0024470596108585596,0.0029449542053043842,0.20373329520225525
0007,000432,432,0.0004020397609565407,0.0004972545430064201,0.43918392062187195,0.0005769688286818564,0.0006355700897984207,0.4688153862953186,0.015215129591524601,0.005499077960848808,0.008381349965929985,0.34000906348228455,0.005699551664292812,0.002385019324719906,0.003041129093617201,0.20388832688331604
0007,000433,433,0.000405404920456931,0.0005034207715652883,0.4388512372970581,0.0005754623562097549,0.0006192223518155515,0.47086215019226074,0.015556092374026775,0.0055929687805473804,0.00860618893057108,0.3399868309497833,0.005867051426321268,0.002244220580905676,0.0030700750648975372,0.2046465426683426
0007,000434,434,0.0004079817736055702,0.0005154283717274666,0.43509986996650696,0.0005822590319439769,0.0006245546974241734,0.4710521101951599,0.01519148238003254,0.005672913510352373,0.008478736504912376,0.3399867117404938,0.005518048070371151,0.002167935948818922,0.0029012137092649937,0.20495152473449707
0007,000435,435,0.0004069958522450179,0.000512350001372397,0.43648672103881836,0.0005813187453895807,0.0006266729324124753,0.47030314803123474,0.014945774339139462,0.005646835546940565,0.008308595046401024,0.33997270464897156,0.00560547923669219,0.002133868867531419,0.002949831308797002,0.2052840143442154
0007,000436,436,0.00039870268665254116,0.0005059867398813367,0.4345336854457855,0.0005834822659380734,0.0006324145942926407,0.469633013010025,0.014748658984899521,0.005561258178204298,0.008231740444898605,0.34000152349472046,0.005761140026152134,0.002067830413579941,0.003041515126824379,0.20537444949150085
0007,000437,437,0.0003895859990734607,0.0004977026837877929,0.43342411518096924,0.0005780095234513283,0.0006330531905405223,0.46890631318092346,0.01462711300700903,0.005491304211318493,0.008190297521650791,0.3399873375892639,0.005510692484676838,0.0020284319762140512,0.00293213059194386,0.2058509737253189
0007,000438,438,0.00038621402927674353,0.0004857452295254916,0.4364246428012848,0.0005775828030891716,0.0006288242293521762,0.4702313542366028,0.014693335629999638,0.0054654828272759914,0.008166995830833912,0.3400147557258606,0.005951242987066507,0.002143559977412224,0.003150478471070528,0.2056257277727127
0007,000439,439,0.0003826721804216504,0.0004752588865812868,0.439910888671875,0.0005619715084321797,0.0006051717791706324,0.471466064453125,0.015008206479251385,0.005470292177051306,0.008285840041935444,0.34005385637283325,0.006005727220326662,0.002241370966657996,0.003157991450279951,0.20535703003406525
0007,000440,440,0.00038379980833269656,0.0004731345397885889,0.4437313377857208,0.0005469092284329236,0.0005881319520995021,0.47140204906463623,0.015059900470077991,0.005552542861551046,0.008275900967419147,0.3400721251964569,0.005909000989049673,0.0022945695091038942,0.0031085205264389515,0.20526020228862762
0007,000441,441,0.0003834055387414992,0.00048008322482928634,0.44146591424942017,0.0005356132751330733,0.0005784231470897794,0.4710370600223541,0.014993416145443916,0.005624030716717243,0.008315164595842361,0.34005776047706604,0.0055456021800637245,0.00226872181519866,0.002910710172727704,0.20547530055046082
0007,000442,442,0.0003833436931017786,0.000489087775349617,0.4374247193336487,0.0005329368868842721,0.00057985755847767,0.47005078196525574,0.014708118513226509,0.005681905429810286,0.008228689432144165,0.3400425314903259,0.005219632759690285,0.0022807561326771975,0.0027569630183279514,0.20547354221343994
0007,000443,443,0.00038348897942341864,0.0004948441637679935,0.43395939469337463,0.0005284834769554436,0.0005753980949521065,0.4697684645652771,0.014325025491416454,0.005679142661392689,0.008039796724915504,0.3400576114654541,0.005061391741037369,0.0021469511557370424,0.002669759327545762,0.20633772015571594
0007,000444,444,0.0003815087547991425,0.0004947171546518803,0.4304351210594177,0.0005412674508988857,0.0005900802207179368,0.4688892364501953,0.014028843492269516,0.005561625584959984,0.007892285473644733,0.3400680720806122,0.005293234717100859,0.002063681371510029,0.0027907085604965687,0.207637757062912
0007,000445,445,0.00037648703437298536,0.0004895126330666244,0.4276319146156311,0.0005582508165389299,0.0006069869268685579,0.4693557322025299,0.013852697797119617,0.005428496282547712,0.007834983058273792,0.3400973081588745,0.005302101373672485,0.0020314257126301527,0.002803882583975792,0.20742706954479218
0007,000446,446,0.0003692235623020679,0.0004812253173440695,0.4245651960372925,0.0005499491817317903,0.0005979858106002212,0.4703347384929657,0.013890287838876247,0.005316266790032387,0.007908394560217857,0.3401198089122772,0.0052186609245836735,0.0020430078729987144,0.00275453832000494,0.20734068751335144
0007,000447,447,0.0003636580368038267,0.0004748780920635909,0.42379826307296753,0.000544968992471695,0.0005857290234416723,0.47069135308265686,0.013861999846994877,0.005254571791738272,0.007915856316685677,0.3401254415512085,0.005585686769336462,0.0021442831493914127,0.0029471106827259064,0.20665019750595093
0007,000448,448,0.000361733662430197,0.00046911879326216877,0.42639920115470886,0.0005292331334203482,0.0005685588694177568,0.47063466906547546,0.013940906152129173,0.005257660988718271,0.00790619757026434,0.34011387825012207,0.00533446716144681,0.002069178270176053,0.002811617450788617,0.20738638937473297
0007,000449,449,0.0003649505670182407,0.0004657545068766922,0.43121472001075745,0.0005338771734386683,0.0005700321635231376,0.47088754177093506,0.013950055465102196,0.005309820640832186,0.007841271348297596,0.340069442987442,0.004903614521026611,0.0019974056631326675,0.002579708583652973,0.2077239602804184
0007,000450,450,0.00036543115857057273,0.00046166410902515054,0.43430909514427185,0.0005255081923678517,0.000561307359021157,0.47144055366516113,0.013975623995065689,0.00534433638677001,0.007790171075612307,0.34003904461860657,0.005007579922676086,0.001972651109099388,0.0026311276014894247,0.2084020972251892
0007,000451,451,0.00036973669193685055,0.00045817915815860033,0.44009867310523987,0.0005217496654950082,0.0005593475070782006,0.4711307883262634,0.01417575590312481,0.005400035995990038,0.007826651446521282,0.34002602100372314,0.005299771670252085,0.0019703516736626625,0.002780389040708542,0.20953349769115448
0007,000452,452,0.00037633866304531693,0.0004555339692160487,0.4476209580898285,0.0005288867396302521,0.0005640008021146059,0.4727295935153961,0.01454530842602253,0.005416865926235914,0.007896743714809418,0.34001031517982483,0.006352569907903671,0.0020517059601843357,0.0033346712589263916,0.20871929824352264
0007,000453,453,0.00038205113378353417,0.00045441961265169084,0.4530932903289795,0.0005028112209402025,0.0005403335671871901,0.47177284955978394,0.014763868413865566,0.005454775411635637,0.007949750870466232,0.34001508355140686,0.005924012511968613,0.002066838089376688,0.0031125645618885756,0.20965451002120972
0007,000454,454,0.00038802955532446504,0.00045870165922679007,0.4552150070667267,0.0005151244113221765,0.0005594867980107665,0.4711962640285492,0.015009565278887749,0.005468032322824001,0.008046243339776993,0.34002870321273804,0.0058896043337881565,0.002187140518799424,0.0031116276513785124,0.20917999744415283
0007,000455,455,0.00039623380871489644,0.00046642927918583155,0.4568786323070526,0.0005001610843464732,0.0005375512409955263,0.47093021869659424,0.01534128375351429,0.0054868413135409355,0.00820984598249197,0.34000256657600403,0.005804979708045721,0.002134408103302121,0.0030585264321416616,0.209245502948761
0007,000456,456,0.0004007775569334626,0.00047206185990944505,0.4577430486679077,0.0004980330122634768,0.0005368534475564957,0.47000813484191895,0.015578887425363064,0.005477533210068941,0.008349936455488205,0.3400033116340637,0.006099352613091469,0.0021288644056767225,0.003224383108317852,0.20986178517341614
0007,000457,457,0.0004052262520417571,0.00047836292651481926,0.45865440368652344,0.0005058427341282368,0.0005510737537406385,0.469440221786499,0.01566467247903347,0.005516221281141043,0.008411207236349583,0.340046226978302,0.006055037025362253,0.0022020910400897264,0.003217675955966115,0.20977365970611572
0007,000458,458,0.000406331178965047,0.0004794976266566664,0.4594889283180237,0.0004933633026666939,0.0005221476312726736,0.47152000665664673,0.015537646599113941,0.005528097972273827,0.008326142095029354,0.3400358557701111,0.00587011594325304,0.002221111673861742,0.003070906037464738,0.20996342599391937
0007,000459,459,0.0004005524970125407,0.00047377869486808777,0.459026962518692,0.00048354186583310366,0.0005169869982637465,0.47162798047065735,0.015293128788471222,0.005483565386384726,0.008183855563402176,0.3400648236274719,0.006045695394277573,0.002236658474430442,0.0031780756544321775,0.20955948531627655
0007,000460,460,0.00039592941175214946,0.00047025823732838035,0.45858752727508545,0.00047024613013491035,0.0005018904339522123,0.47133639454841614,0.015153411775827408,0.00545947439968586,0.008115077391266823,0.3401099741458893,0.006026033312082291,0.002309551229700446,0.0031640962697565556,0.20918390154838562
0007,000461,461,0.00039766172994859517,0.0004715403192676604,0.46044981479644775,0.00046710731112398207,0.000505778705701232,0.4695073962211609,0.015286091715097427,0.005518494639545679,0.008151679299771786,0.34014493227005005,0.005787552334368229,0.0022593915928155184,0.003069359576329589,0.2091527283191681
0007,000462,462,0.00040121335769072175,0.00047210766933858395,0.4643455445766449,0.00046664258115924895,0.0005017714574933052,0.4702899158000946,0.015484835021197796,0.005583800375461578,0.008207838051021099,0.3401646614074707,0.005485235247761011,0.0021247623953968287,0.0028935489244759083,0.20978529751300812
0007,000463,463,0.0003990450350102037,0.0004754713154397905,0.46164125204086304,0.00047648869804106653,0.0005181496380828321,0.46921026706695557,0.015300629660487175,0.005586159881204367,0.008150473237037659,0.34019580483436584,0.005529583897441626,0.0021175986621528864,0.002937836805358529,0.20999325811862946
0007,000464,464,0.0003988686657976359,0.0004757503920700401,0.46272656321525574,0.0004794857813976705,0.0005189466173760593,0.469387024641037,0.015307817608118057,0.005611388012766838,0.00813656859099865,0.34017106890678406,0.005913926754146814,0.002055490855127573,0.00312218489125371,0.21104678511619568
0007,000465,465,0.0003990097902715206,0.00047421350609511137,0.46315500140190125,0.00048268266255035996,0.0005193413817323744,0.47064319252967834,0.015270533040165901,0.00561097078025341,0.008100849576294422,0.34016844630241394,0.005887801758944988,0.0021081215236335993,0.003098374232649803,0.21172329783439636
0007,000466,466,0.00039822128019295633,0.0004761111340485513,0.4609226584434509,0.0004897137987427413,0.0005379988579079509,0.46927833557128906,0.01519092544913292,0.005622853059321642,0.008091708645224571,0.34017807245254517,0.006510489154607058,0.0022172173485159874,0.003472930286079645,0.21109896898269653
0007,000467,467,0.0004002638452220708,0.00047975085908547044,0.45937681198120117,0.0004812129191122949,0.0005274813738651574,0.4689401388168335,0.015145298093557358,0.005658427253365517,0.008080213330686092,0.34019172191619873,0.006414368748664856,0.002384378807619214,0.003400773275643587,0.21042823791503906
0007,000468,468,0.0004020581254735589,0.00048094577505253255,0.4606326222419739,0.00047202431596815586,0.0005169455544091761,0.46836742758750916,0.015172101557254791,0.0056552644819021225,0.008074047043919563,0.3401440680027008,0.0058255260810256,0.002303245011717081,0.003079907037317753,0.21127977967262268
0007,000469,469,0.00040031582466326654,0.0004803747870028019,0.459105521440506,0.0004950034199282527,0.0005516106029972434,0.46598321199417114,0.015197292901575565,0.005635865032672882,0.008115291595458984,0.3401259779930115,0.006197270471602678,0.0022995728068053722,0.0033221098128706217,0.21172598004341125
0007,000470,470,0.0003962604678235948,0.0004786196514032781,0.45617935061454773,0.000503001909237355,0.0005480190739035606,0.4683220684528351,0.015173208899796009,0.005611142609268427,0.008144425228238106,0.34011197090148926,0.0062292092479765415,0.0024198114406317472,0.003295527771115303,0.21142920851707458
0007,000471,471,0.00040005764458328485,0.0004797796136699617,0.4563848078250885,0.0005015946226194501,0.0005473513738252223,0.46848082542419434,0.015293712727725506,0.005613457411527634,0.008202999830245972,0.34008511900901794,0.006311376113444567,0.002540338784456253,0.0033531389199197292,0.21088093519210815
0007,000472,472,0.000395734328776598,0.0004758710856549442,0.4537823498249054,0.0004992284812033176,0.0005421974346973002,0.46965277194976807,0.01546162273734808,0.0056215934455394745,0.008327636867761612,0.3400607407093048,0.006757245399057865,0.0027075817342847586,0.0035753948614001274,0.2102477103471756
0007,000473,473,0.0003926714416593313,0.000475522771012038,0.45009180903434753,0.0004944999236613512,0.0005357437767088413,0.4691634774208069,0.015210759826004505,0.0055675264447927475,0.008250429295003414,0.3400212228298187,0.006801803130656481,0.0027777976356446743,0.0035789941903203726,0.21000748872756958
0007,000474,474,0.00038427015533670783,0.00047186497249640524,0.44462570548057556,0.000497277535032481,0.0005413062172010541,0.46999168395996094,0.015057085081934929,0.00547401187941432,0.008227788843214512,0.33998286724090576,0.008190389722585678,0.0031774425879120827,0.004320469219237566,0.20833033323287964
0007,000475,475,0.00038038851926103234,0.0004713239031843841,0.44067510962486267,0.00048037749365903437,0.0005146815674379468,0.471418559551239,0.015013854950666428,0.005443396512418985,0.00827003363519907,0.33998119831085205,0.00702809588983655,0.003292693989351392,0.0036921598948538303,0.2075672149658203
0007,000476,476,0.0003823571023531258,0.000479520414955914,0.4360809922218323,0.0004792733525391668,0.0005205852794460952,0.4703587591648102,0.014804322272539139,0.005455370526760817,0.008211136795580387,0.3399750590324402,0.006481098476797342,0.0031039011664688587,0.0034172118175774813,0.20757310092449188
0007,000477,477,0.0003814093943219632,0.00048233865527436137,0.4335823953151703,0.000490460020955652,0.0005411531310528517,0.4688119888305664,0.014614596962928772,0.005453514400869608,0.008133751340210438,0.33994540572166443,0.006487518083304167,0.0029185081366449594,0.0034583446104079485,0.20768918097019196
0007,000478,478,0.0003852924855891615,0.0004834786814171821,0.4355497658252716,0.0005028696032240987,0.0005553875816985965,0.4691856801509857,0.014576737768948078,0.005458972882479429,0.008084401488304138,0.3399144411087036,0.006686405744403601,0.002977627795189619,0.003573265392333269,0.20721009373664856
0007,000479,479,0.00038515159394592047,0.0004822835617233068,0.4366825222969055,0.0004946483531966805,0.0005362050142139196,0.4700140655040741,0.014730372466146946,0.0054506720043718815,0.008159789256751537,0.33992674946784973,0.006240021903067827,0.00258914427831769,0.003281989833340049,0.20795613527297974
0007,000480,480,0.00038663801387883723,0.0004818973829969764,0.4384867250919342,0.000497447676025331,0.0005361743387766182,0.4703064262866974,0.014731119386851788,0.00543300760909915,0.00815590936690569,0.3399181365966797,0.006626224145293236,0.002579635474830866,0.0034700343385338783,0.20758548378944397
0007,000481,481,0.00038641097489744425,0.0004826858639717102,0.43811506032943726,0.0004874585138168186,0.0005245047505013645,0.4702776372432709,0.014536906033754349,0.005384418182075024,0.008056100457906723,0.33991438150405884,0.006328357383608818,0.002450618427246809,0.0033317869529128075,0.20791244506835938
0007,000482,482,0.0003882893070112914,0.00048640655586495996,0.4374563992023468,0.0004950893926434219,0.0005338974297046661,0.46949657797813416,0.01448861975222826,0.005340034607797861,0.008073589764535427,0.33991166949272156,0.005770785268396139,0.0023936117067933083,0.003045467659831047,0.20824135839939117
0007,000483,483,0.0003902765456587076,0.0004865197988692671,0.43876180052757263,0.0004994842456653714,0.0005395803600549698,0.46918126940727234,0.014637528918683529,0.005306590814143419,0.008139838464558125,0.3399331569671631,0.005972760263830423,0.0022847887594252825,0.0031551874708384275,0.2088504582643509
0007,000484,484,0.00038233844679780304,0.000480244547361508,0.437618225812912,0.0005052583292126656,0.0005461859982460737,0.4694218933582306,0.014629315584897995,0.005289590917527676,0.008162349462509155,0.33993977308273315,0.006383190397173166,0.002286759205162525,0.0033692028373479843,0.20960105955600739
0007,000485,485,0.00038228274206630886,0.000479567504953593,0.4383646845817566,0.0005110751371830702,0.0005487304297275841,0.47065138816833496,0.014707631431519985,0.005308527499437332,0.008197879418730736,0.33991381525993347,0.0069709294475615025,0.0024534231051802635,0.003665363881736994,0.20858533680438995
0007,000486,486,0.0003836393589153886,0.0004803183546755463,0.43947914242744446,0.0004910901188850403,0.0005271330592222512,0.47140422463417053,0.014774120412766933,0.005326499231159687,0.008206697180867195,0.3398991525173187,0.007096654269844294,0.0026656093541532755,0.0037348472978919744,0.20780718326568604
0007,000487,487,0.0003856847179122269,0.0004826959047932178,0.43994519114494324,0.0004756492271553725,0.0005113593651913106,0.4711962044239044,0.014807195402681828,0.005362636875361204,0.008224780671298504,0.3399016559123993,0.0068646883592009544,0.0028204889968037605,0.0036162380129098892,0.20724821090698242
0007,000488,488,0.0003896171401720494,0.00048443276318721473,0.44142022728919983,0.0004660476406570524,0.0004946223925799131,0.4730672836303711,0.014859644696116447,0.0054262601770460606,0.00824167113751173,0.3399030864238739,0.006674622651189566,0.002953430637717247,0.00349627947434783,0.2064986526966095
0007,000489,489,0.0003981495392508805,0.0004905118839815259,0.44416385889053345,0.0004639879334717989,0.0004928181879222393,0.47197988629341125,0.014881866984069347,0.00547597324475646,0.008195606991648674,0.339916467666626,0.006019304506480694,0.0027754029724746943,0.003157610073685646,0.20659904181957245
0007,000490,490,0.00040361296851187944,0.0004962446400895715,0.44545385241508484,0.00047203944995999336,0.0005029856110922992,0.4713882803916931,0.015093754045665264,0.005509575363248587,0.008296106941998005,0.3399182856082916,0.0062007964588701725,0.0026683066971600056,0.003260988974943757,0.20661121606826782
0007,000491,491,0.00040575963794253767,0.0004975559422746301,0.44598862528800964,0.0004750087682623416,0.0005069068865850568,0.4708090126514435,0.015263237059116364,0.005544443614780903,0.008375061675906181,0.3399270474910736,0.0065185753628611565,0.0024185003712773323,0.0034166532568633556,0.20765428245067596
0007,000492,492,0.0004065347311552614,0.0004979435470886528,0.4459753930568695,0.0004885090165771544,0.0005209495429880917,0.47173210978507996,0.015277634374797344,0.005537566728889942,0.008371121250092983,0.33993908762931824,0.007171884179115295,0.002533646998926997,0.003747955895960331,0.20688185095787048
0007,000493,493,0.00040730941691435874,0.000504865893162787,0.44305387139320374,0.00048044734285213053,0.0005197933060117066,0.4691964089870453,0.015258627943694592,0.005515324417501688,0.008418461307883263,0.33992084860801697,0.006150090601295233,0.0023680904414504766,0.003246371867135167,0.20752856135368347
0007,000494,494,0.00040110148256644607,0.0005006975261494517,0.4407997131347656,0.0004861990746576339,0.0005180379375815392,0.4709712564945221,0.015172247774899006,0.005502433981746435,0.008407728746533394,0.33993294835090637,0.0063743190839886665,0.002318787155672908,0.0033386005088686943,0.20797224342823029
0007,000495,495,0.0003973819548264146,0.0005032418994233012,0.4370548725128174,0.0004966389387845993,0.0005452728364616632,0.46806958317756653,0.015137209556996822,0.005470671691000462,0.008433762937784195,0.3399333953857422,0.006357104983180761,0.0022668042220175266,0.0033854651264846325,0.20831888914108276
0007,000496,496,0.00039263986400328577,0.0005040511605329812,0.43326330184936523,0.000511562975589186,0.0005663684569299221,0.4677985906600952,0.014878367073833942,0.005474019329994917,0.008340503089129925,0.33992287516593933,0.006611096207052469,0.002259849803522229,0.003527580527588725,0.20814792811870575
0007,000497,497,0.00038720513111911714,0.000502775248605758,0.42964816093444824,0.0005295093287713826,0.0005968425539322197,0.4673611521720886,0.014622895047068596,0.005460456479340792,0.008242097683250904,0.3399357497692108,0.008031132631003857,0.0026762913912534714,0.004349010996520519,0.20673087239265442
0007,000498,498,0.0003935083805117756,0.0005038921954110265,0.43221160769462585,0.0005162215675227344,0.0005639884620904922,0.4707474112510681,0.014708157628774643,0.005487390793859959,0.008229098282754421,0.33992594480514526,0.006918595638126135,0.002873316640034318,0.0036641580518335104,0.2058761566877365
0007,000499,499,0.0004002747591584921,0.000500050256960094,0.43912336230278015,0.0005118352710269392,0.000562884088139981,0.4702930450439453,0.014873268082737923,0.005545442923903465,0.008215614594519138,0.33993759751319885,0.00638799462467432,0.002944810315966606,0.003397494787350297,0.20549622178077698
0007,000500,500,0.00040730409091338515,0.0005024788551963866,0.4439392685890198,0.0005119023844599724,0.0005638296715915203,0.4698888957500458,0.015105602331459522,0.005572361405938864,0.008288600482046604,0.3399237394332886,0.0063223084434866905,0.0026283583138138056,0.003365038661286235,0.20628388226032257
0007,000501,501,0.00040762301068753004,0.0004999074153602123,0.4471048414707184,0.0005330077256076038,0.0005894819041714072,0.46994537115097046,0.015173268504440784,0.0056199729442596436,0.008293673396110535,0.33993181586265564,0.006474173627793789,0.00267604342661798,0.0034491773694753647,0.2059377133846283
0007,000502,502,0.0004084428946953267,0.0004934371099807322,0.45150119066238403,0.0005241724429652095,0.0005724451038986444,0.4694402813911438,0.015442544594407082,0.005576218944042921,0.008331299759447575,0.33994391560554504,0.006293598096817732,0.0024671696592122316,0.0033210625406354666,0.2066078633069992
0007,000503,503,0.0004124162078369409,0.0004921310464851558,0.45574870705604553,0.0005346975522115827,0.000587353715673089,0.4697103202342987,0.015571574680507183,0.005567636806517839,0.008333501406013966,0.339974045753479,0.0067064897157251835,0.002381605561822653,0.0035542298574000597,0.20696735382080078
0007,000504,504,0.0004092158342245966,0.00048630943638272583,0.4576384425163269,0.0005359892384149134,0.0005848950240761042,0.47030800580978394,0.015344617888331413,0.0056272875517606735,0.008222646079957485,0.34001848101615906,0.0064447419717907906,0.002477174624800682,0.0033956614788621664,0.20665554702281952
0007,000505,505,0.0004000118060503155,0.0004766052879858762,0.4567321240901947,0.0005231764516793191,0.0005667859804816544,0.470244824886322,0.015386398881673813,0.005616630427539349,0.008221368305385113,0.34003376960754395,0.005754131358116865,0.0023653313983231783,0.0030284831300377846,0.20687972009181976
0007,000506,506,0.00039457017555832863,0.00047114500193856657,0.45532768964767456,0.0005227320361882448,0.0005676011787727475,0.4704630672931671,0.01527521200478077,0.005625996273010969,0.008199812844395638,0.34006550908088684,0.006419721990823746,0.002479932503774762,0.003381903050467372,0.20610500872135162
0007,000507,507,0.0003901860036421567,0.00046533558634109795,0.4544088840484619,0.0005178457940928638,0.0005602110177278519,0.4710315763950348,0.015462405979633331,0.005628176964819431,0.00828524585813284,0.3400743901729584,0.006354573182761669,0.00258427276276052,0.00334108411334455,0.20528224110603333
0007,000508,508,0.00039472265052609146,0.0004635136283468455,0.45598405599594116,0.0005092819919809699,0.000551052566152066,0.4710654616355896,0.015618305653333664,0.005623341538012028,0.008354087360203266,0.34006839990615845,0.006370259448885918,0.002645479515194893,0.003350937971845269,0.20466308295726776
0007,000509,509,0.0003995602601207793,0.0004608093004208058,0.4598321318626404,0.00049865577602759,0.0005243144696578383,0.47283467650413513,0.01605856418609619,0.005598164163529873,0.008508412167429924,0.34007027745246887,0.006310479715466499,0.0025052805431187153,0.0032848259434103966,0.20480544865131378
0007,000510,510,0.00040441416786052287,0.00045712722931057215,0.46586015820503235,0.0004978612414561212,0.0005236444994807243,0.47315073013305664,0.01597009040415287,0.005548174027353525,0.008374148979783058,0.3400655686855316,0.006713060662150383,0.0024467625189572573,0.003486885689198971,0.20513929426670074
0007,000511,511,0.00039972105878405273,0.00045073439832776785,0.4672624170780182,0.0005011324537917972,0.0005448880838230252,0.4705466628074646,0.015541271306574345,0.0055151646956801414,0.008146621286869049,0.340101420879364,0.006267249584197998,0.002375976415351033,0.0033147106878459454,0.20535819232463837
0007,000512,512,0.0003884835459757596,0.0004406783264130354,0.4662087857723236,0.0005091672646813095,0.000552857294678688,0.4706808924674988,0.01567224971950054,0.005390091799199581,0.008208364248275757,0.34014102816581726,0.0059603010304272175,0.002379920333623886,0.003148183459416032,0.20522108674049377
0007,000513,513,0.000379950157366693,0.00043115191510878503,0.4651981592178345,0.0005075526423752308,0.0005507705500349402,0.4700700640678406,0.015562445856630802,0.005335438065230846,0.008159994147717953,0.34014132618904114,0.005955681670457125,0.0021303382236510515,0.003141641616821289,0.20642754435539246
0007,000514,514,0.00037718750536441803,0.0004253672668710351,0.4663713276386261,0.0005273218848742545,0.0005752656725235283,0.46964797377586365,0.015391434542834759,0.00535483518615365,0.008056149818003178,0.34007638692855835,0.005559698678553104,0.0021414891816675663,0.0029440894722938538,0.2066096067428589
0007,000515,515,0.0003745459544006735,0.00042108798515982926,0.4669870138168335,0.0005189157091081142,0.000553575053345412,0.4718397855758667,0.015245604328811169,0.005388037767261267,0.008001111447811127,0.3400600850582123,0.006169049069285393,0.002156887436285615,0.003223372856155038,0.20684267580509186
0007,000516,516,0.0003733000485226512,0.0004240690905135125,0.465410053730011,0.0005090295453555882,0.0005416490021161735,0.47182419896125793,0.015179581940174103,0.00537205021828413,0.008012811653316021,0.3400494158267975,0.006363462656736374,0.0022602654062211514,0.0033172748517245054,0.20631077885627747
0007,000517,517,0.00037171842996031046,0.0004240999114699662,0.4636402130126953,0.0005018372321501374,0.0005441881367005408,0.4698309302330017,0.01519131287932396,0.005375717766582966,0.008039494045078754,0.3400302231311798,0.005836774595081806,0.002308777067810297,0.0030856223311275244,0.20593182742595673
0007,000518,518,0.0003700839588418603,0.00042485896847210824,0.46140357851982117,0.0004963463870808482,0.0005331826978363097,0.47024601697921753,0.015124325640499592,0.005353247746825218,0.00804505217820406,0.3400263786315918,0.005841769743710756,0.0022463786881417036,0.0030808981973677874,0.2063591331243515
0007,000519,519,0.0003614606393966824,0.00042058972758241,0.45704343914985657,0.000493698928039521,0.0005252903793007135,0.4714984893798828,0.01489257626235485,0.005329780280590057,0.007991601713001728,0.34006956219673157,0.005509102251380682,0.0021086004562675953,0.0028886524960398674,0.20688141882419586
0007,000520,520,0.0003624259552452713,0.0004193985660094768,0.45766106247901917,0.0004965299740433693,0.000526200165040791,0.4722038805484772,0.014895172789692879,0.005328317638486624,0.007941152900457382,0.3400896191596985,0.005326766986399889,0.0021192701533436775,0.0027944566681981087,0.20683471858501434
0007,000521,521,0.0003697078500408679,0.0004200949042569846,0.46213260293006897,0.0004860389162786305,0.0005212294054217637,0.47111982107162476,0.01509731262922287,0.005334003828465939,0.007963502779603004,0.3401005268096924,0.005422646179795265,0.0020414588507264853,0.0028577917255461216,0.20737102627754211
0007,000522,522,0.00037472721305675805,0.0004179102252237499,0.46659746766090393,0.0004952918970957398,0.0005344405653886497,0.4713408946990967,0.015481505542993546,0.005336731672286987,0.008073301054537296,0.34007152915000916,0.005889675114303827,0.0021007065661251545,0.0031075964216142893,0.2076040655374527
0007,000523,523,0.0003839511191472411,0.00042169904918409884,0.470851331949234,0.0004967993590980768,0.0005370060098357499,0.4706653654575348,0.01571466028690338,0.005373426713049412,0.00814463384449482,0.34007251262664795,0.005656169727444649,0.0021171916741877794,0.0029937070794403553,0.20752675831317902
0007,000524,524,0.00038904824759811163,0.00042655906872823834,0.47263509035110474,0.00048362259985879064,0.0005120341083966196,0.4720902740955353,0.01578141190111637,0.005438828840851784,0.008181593380868435,0.34006524085998535,0.005858469754457474,0.0020618736743927,0.003056952962651849,0.208487868309021
0007,000525,525,0.00039148289943113923,0.0004293234960641712,0.47262659668922424,0.0004920361679978669,0.0005258162855170667,0.4712089002132416,0.015653546899557114,0.005456823855638504,0.008108695037662983,0.34006986021995544,0.005583840422332287,0.0020916892681270838,0.0029352884739637375,0.20873667299747467
0007,000526,526,0.00039376012864522636,0.00043155087041668594,0.47271499037742615,0.0004857606254518032,0.0005196403944864869,0.4715508222579956,0.015527051873505116,0.005463014356791973,0.00804508663713932,0.3400798738002777,0.005633844528347254,0.0020783348008990288,0.0029568104073405266,0.20951731503009796
0007,000527,527,0.00038927418063394725,0.0004301952722016722,0.4703547954559326,0.0004876574967056513,0.0005205568158999085,0.47119462490081787,0.015610060654580593,0.005481651518493891,0.008126459084451199,0.34010064601898193,0.005788282956928015,0.002082172082737088,0.0030359001830220222,0.2102711796760559
0007,000528,528,0.00038602171116508543,0.0004293403762858361,0.4691341817378998,0.0004904816159978509,0.0005295936134643853,0.4710402488708496,0.015514238737523556,0.0055089988745749,0.008097877725958824,0.34010639786720276,0.00641612010076642,0.002186333294957876,0.0033809856977313757,0.21063682436943054
0007,000529,529,0.00038228731136769056,0.00042847858276218176,0.4680311977863312,0.000489141617435962,0.0005283623468130827,0.47113025188446045,0.015372777357697487,0.005495996214449406,0.008050241507589817,0.34008854627609253,0.00638345442712307,0.002222764538601041,0.0033668512478470802,0.2105332314968109
0007,000530,530,0.0003803067666012794,0.00042539043352007866,0.4693976640701294,0.00047573071788065135,0.0005099085392430425,0.4715408384799957,0.015249601565301418,0.005529699847102165,0.007978091947734356,0.3400809168815613,0.006021648179739714,0.002222078386694193,0.003164474153891206,0.21093595027923584
0007,000531,531,0.00038294075056910515,0.0004252202925272286,0.47222456336021423,0.0004714188980869949,0.0005067607271485031,0.4716016352176666,0.015087918378412724,0.005534202326089144,0.007843234576284885,0.34009456634521484,0.00564520014449954,0.002175891539081931,0.0029695900157094,0.21106426417827606
0007,000532,532,0.00038559024687856436,0.00042874450446106493,0.47317445278167725,0.0004682479193434119,0.0005162084707990289,0.4694516658782959,0.015039355494081974,0.005551944486796856,0.00780859962105751,0.34010839462280273,0.005781479645520449,0.0021937848068773746,0.003078869543969631,0.21123658120632172
0007,000533,533,0.00038704436155967414,0.0004282835579942912,0.4745795428752899,0.000466805649921298,0.0005058092647232115,0.4709872305393219,0.015141800045967102,0.005579738412052393,0.007816675119102001,0.34011122584342957,0.005510653834789991,0.0021855426020920277,0.0029089951422065496,0.21146491169929504
0007,000534,534,0.00038927485002204776,0.0004312608507461846,0.4750029146671295,0.00046465356717817485,0.000501466216519475,0.47082486748695374,0.015113191679120064,0.0056068976409733295,0.007803542073816061,0.34010976552963257,0.005546888802200556,0.0021504543256014585,0.002914641285315156,0.2120068222284317
0007,000535,535,0.0003864322789013386,0.0004312179808039218,0.4725821912288666,0.0004716248658951372,0.0005143490270711482,0.4703499674797058,0.014871936291456223,0.005583042278885841,0.007713553495705128,0.3401413559913635,0.005938932299613953,0.002309089060872793,0.003138457890599966,0.21157002449035645
0007,000536,536,0.0003840432327706367,0.00042804560507647693,0.4715951383113861,0.0004617082013282925,0.000492675753775984,0.4718902111053467,0.014904501847922802,0.005608949810266495,0.007736449595540762,0.34014779329299927,0.005365041084587574,0.00231567258015275,0.002812472404912114,0.21160922944545746
0007,000537,537,0.0003863291931338608,0.00042734778253361583,0.4724189341068268,0.0004573954502120614,0.00048638295265845954,0.4718845784664154,0.015081098303198814,0.00559975765645504,0.007793784141540527,0.34013035893440247,0.005494523327797651,0.0023269851226359606,0.0028736358508467674,0.2114742398262024
0007,000538,538,0.0003896295966114849,0.000429487437941134,0.47286227345466614,0.0004509130085352808,0.00048235731082968414,0.47107481956481934,0.015059014782309532,0.00558405090123415,0.007776801940053701,0.340141624212265,0.005617895163595676,0.002303810091689229,0.0029572525527328253,0.2112831026315689
0007,000539,539,0.0003896466223523021,0.000429612526204437,0.473066508769989,0.00045351532753556967,0.00048444847925566137,0.4709685742855072,0.014980671927332878,0.005617257673293352,0.007749476470053196,0.3401332497596741,0.005453835241496563,0.0022458843886852264,0.002866580383852124,0.21162188053131104
0007,000540,540,0.0003892798558808863,0.00042889415635727346,0.4737326502799988,0.0004522233211901039,0.00047920658835209906,0.47200894355773926,0.014945592731237411,0.0055956789292395115,0.007736497558653355,0.34014713764190674,0.005395626183599234,0.00228658108972013,0.0028292497154325247,0.2113296240568161
0007,000541,541,0.0003857044212054461,0.0004281972360331565,0.4721482992172241,0.00044561485992744565,0.00047738294233568013,0.4709702432155609,0.014897587709128857,0.005558933597058058,0.007731134537607431,0.3401757478713989,0.005236310884356499,0.0021718405187129974,0.00275498372502625,0.21171028912067413
0007,000542,542,0.00038475345354527235,0.0004276684485375881,0.4716034233570099,0.00044730998342856765,0.00047676186659373343,0.47157591581344604,0.014886845834553242,0.005544561427086592,0.007731331512331963,0.34018638730049133,0.005409791134297848,0.0022033716086298227,0.0028403359465301037,0.21167345345020294
0007,000543,543,0.0003868804778903723,0.000428227853262797,0.4726807177066803,0.0004452715802472085,0.00047723992611281574,0.4709179699420929,0.014915121719241142,0.0055263713002204895,0.007737891748547554,0.34019988775253296,0.0055879466235637665,0.0021766352001577616,0.002937897341325879,0.21206733584403992
0007,000544,544,0.0003873943642247468,0.0004292266385164112,0.4736312925815582,0.0004455136077012867,0.0004779278242494911,0.4708673059940338,0.014996146783232689,0.005535868927836418,0.0077718463726341724,0.3401915431022644,0.005781049840152264,0.002258117776364088,0.0030352831818163395,0.21204546093940735
0007,000545,545,0.00038566801231354475,0.0004258708213455975,0.4744771718978882,0.0004443173238541931,0.0004712332156486809,0.47195562720298767,0.014948778785765171,0.005542547442018986,0.007735767401754856,0.34021198749542236,0.005875117611140013,0.0023376683238893747,0.0030773193575441837,0.21183043718338013
0007,000546,546,0.00038524632691405714,0.00042648299131542444,0.47326037287712097,0.0004411836271174252,0.00047415305743925273,0.46975648403167725,0.014890985563397408,0.0055314963683485985,0.007712339982390404,0.3402271270751953,0.005559173412621021,0.0022136156912893057,0.0029286963399499655,0.21249347925186157
0007,000547,547,0.0003815589298028499,0.00042731620487757027,0.4708709418773651,0.00045320537174120545,0.0004880788619630039,0.47022557258605957,0.014778189361095428,0.005523202009499073,0.007708928547799587,0.34019699692726135,0.005947866477072239,0.002238067565485835,0.0031470509711652994,0.2122056633234024
0007,000548,548,0.000379779317881912,0.000426064565544948,0.4701211750507355,0.0004513772437348962,0.0004857270105276257,0.4709297716617584,0.01479494757950306,0.005526966415345669,0.007714859675616026,0.3401881754398346,0.005995051935315132,0.0023758173920214176,0.0031666038557887077,0.21195468306541443
0007,000549,549,0.0003830635396298021,0.0004288452910259366,0.47049480676651,0.0004505693505052477,0.000488521356601268,0.46989205479621887,0.014799305237829685,0.005547370295971632,0.007709273602813482,0.3401990532875061,0.005687349010258913,0.0024986432399600744,0.003023265628144145,0.2115977257490158
0007,000550,550,0.0003864613245241344,0.000432065426139161,0.47058582305908203,0.000451345433248207,0.00048733357107266784,0.4705776870250702,0.01482316479086876,0.005571720190346241,0.0077087245881557465,0.3402012288570404,0.005938039626926184,0.0026696815621107817,0.0031367503106594086,0.2110094577074051
0007,000551,551,0.00038850444252602756,0.0004327450296841562,0.4719139039516449,0.00045077342656441033,0.00048735126620158553,0.47064346075057983,0.014888416975736618,0.005606937687844038,0.007727072574198246,0.34020206332206726,0.005630779545754194,0.0027237231843173504,0.002977539785206318,0.21054701507091522
0007,000552,552,0.00039173554978333414,0.0004358714504633099,0.47299426794052124,0.0004403011698741466,0.0004727547930087894,0.4704682528972626,0.015055203810334206,0.005614080931991339,0.00779711315408349,0.3402005434036255,0.0055853743106126785,0.002498367102816701,0.002937641693279147,0.21116846799850464
0007,000553,553,0.0003960121248383075,0.0004358226142358035,0.47547024488449097,0.00044540391536429524,0.0004737093986477703,0.471298485994339,0.015184234827756882,0.005603298544883728,0.007815451361238956,0.3402026891708374,0.005644951015710831,0.002316058147698641,0.0029603312723338604,0.21182022988796234
0007,000554,554,0.0003945128119084984,0.0004392258124426007,0.47390735149383545,0.00045370307634584606,0.0004869164840783924,0.470463365316391,0.015245734713971615,0.005605288315564394,0.007885175757110119,0.3402068614959717,0.005468346178531647,0.0022965373937040567,0.0028830410446971655,0.21169200539588928
0007,000555,555,0.00039366542478092015,0.0004390986287035048,0.4733768403530121,0.0004533533938229084,0.0004861975903622806,0.47057726979255676,0.01511848159134388,0.005615976173430681,0.007850215770304203,0.3401961326599121,0.005860184319317341,0.0024203869979828596,0.0030833976343274117,0.21122309565544128
0007,000556,556,0.00039211439434438944,0.0004368351073935628,0.4733406603336334,0.00045017950469627976,0.00048340187640860677,0.4706474542617798,0.015057789161801338,0.005617973394691944,0.007807877846062183,0.3402387797832489,0.006463108584284782,0.002694773953408003,0.003402914386242628,0.21005842089653015
0007,000557,557,0.0003906186029780656,0.00043932904372923076,0.4710453450679779,0.0004491253930609673,0.0004884863155893981,0.4699271321296692,0.015176080167293549,0.005544144194573164,0.007894464768469334,0.3402109742164612,0.006627561058849096,0.002868973882868886,0.0035215646494179964,0.209097221493721
0007,000558,558,0.0003926195204257965,0.0004418145108502358,0.4706515669822693,0.0004498461785260588,0.0004876940802205354,0.4698222279548645,0.015172409825026989,0.005514491815119982,0.007897570729255676,0.34024035930633545,0.005845074541866779,0.0028335475362837315,0.003099539317190647,0.20888853073120117
0007,000559,559,0.00039541471051052213,0.0004438262549228966,0.47193577885627747,0.0004558883956633508,0.0004911240539513528,0.47048166394233704,0.015276403166353703,0.0055092573165893555,0.007923595607280731,0.3402266502380371,0.005376030690968037,0.002755713416263461,0.0028424260672181845,0.2089090198278427
0007,000560,560,0.0003946135693695396,0.000443282158812508,0.47142642736434937,0.00046057943836785853,0.0004956109914928675,0.4705754220485687,0.015461585484445095,0.0054717762395739555,0.008041437715291977,0.34020498394966125,0.005156534258276224,0.002612318145111203,0.002724677324295044,0.2090301513671875
0007,000561,561,0.00038919132202863693,0.00044055687612853944,0.469941109418869,0.0004680321435444057,0.0005046662990935147,0.4703344702720642,0.015360711142420769,0.005443110130727291,0.008003491908311844,0.3401843011379242,0.005527856294065714,0.0025667313020676374,0.0029186394531279802,0.20891471207141876
0007,000562,562,0.0003829676134046167,0.0004368718364275992,0.46777400374412537,0.00046995384036563337,0.000506478943862021,0.47014498710632324,0.0151857053861022,0.005419304594397545,0.007948231883347034,0.34019985795021057,0.005155184771865606,0.002413605572655797,0.002723130164667964,0.2093416303396225
0007,000563,563,0.000375680421711877,0.0004320772422943264,0.46657514572143555,0.0004732930683530867,0.0005075385561212897,0.47177791595458984,0.015209252014756203,0.005420008208602667,0.00797378458082676,0.34017395973205566,0.005850897636264563,0.00250959862023592,0.003080426948145032,0.20885811746120453
0007,000564,564,0.00037028396036475897,0.0004272985097486526,0.46573442220687866,0.00047054808237589896,0.0005101170390844345,0.4700254201889038,0.0149706294760108,0.005404692143201828,0.007867490872740746,0.3401677906513214,0.0052072047255933285,0.0024906075559556484,0.0027578065637499094,0.20885585248470306
0007,000565,565,0.0003664195246528834,0.00042375261546112597,0.4648776352405548,0.00047393603017553687,0.0005085094016976655,0.47075125575065613,0.014811208471655846,0.005410545971244574,0.007783589884638786,0.3401815593242645,0.00483289547264576,0.002411391818895936,0.0025415499694645405,0.20906612277030945
0007,000566,566,0.0003640306240413338,0.00042132401722483337,0.46520689129829407,0.0004756992566399276,0.00050496676703915,0.47200319170951843,0.014742253348231316,0.005382540635764599,0.007750695571303368,0.34018218517303467,0.004978902637958527,0.0024445373564958572,0.0026060391683131456,0.20878168940544128
0007,000567,567,0.0003612999862525612,0.0004185645957477391,0.46470871567726135,0.0004739920259453356,0.0005051543703302741,0.4710877239704132,0.014779917895793915,0.005361396819353104,0.007778243627399206,0.3401861786842346,0.004649677313864231,0.002321333857253194,0.0024375643115490675,0.20901434123516083
0007,000568,568,0.00035909065627492964,0.00041545231943018734,0.4649878144264221,0.0004776947316713631,0.000507900957018137,0.47086775302886963,0.01471919659525156,0.005359330214560032,0.00773348193615675,0.3401867747306824,0.004778981674462557,0.0021756512578576803,0.002501403447240591,0.20977316796779633
0007,000569,569,0.0003574273141566664,0.00041379814501851797,0.46496787667274475,0.00048536696704104543,0.0005142211448401213,0.47198963165283203,0.014757298864424229,0.005351364612579346,0.007761702872812748,0.3401692509651184,0.00477187242358923,0.002195461420342326,0.0024942734744399786,0.20944611728191376
0007,000570,570,0.00035622806171886623,0.0004127789579797536,0.4647728204727173,0.000481998868053779,0.0005131170037202537,0.47131821513175964,0.014752089977264404,0.005333044566214085,0.007754177320748568,0.34017032384872437,0.0046451520174741745,0.0021563495974987745,0.002434502122923732,0.20959003269672394
0007,000571,571,0.0003552592534106225,0.00041064483230002224,0.4648488759994507,0.0004830385441891849,0.0005128005286678672,0.471437007188797,0.014715018682181835,0.005325445905327797,0.007746457122266293,0.3401752710342407,0.004915579687803984,0.0021541796158999205,0.002573698526248336,0.2096114456653595
0007,000572,572,0.0003531745751388371,0.00040949363028630614,0.46436312794685364,0.0004842174530494958,0.0005113002262078226,0.4720681607723236,0.014559607021510601,0.0053456444293260574,0.007675361353904009,0.340192586183548,0.004978213459253311,0.002187049714848399,0.002603708766400814,0.20938853919506073
0007,000573,573,0.00035041564842686057,0.00040867761708796024,0.4622858464717865,0.00047954043839126825,0.0005087425233796239,0.47129738330841064,0.01427854411303997,0.005365688819438219,0.007558533456176519,0.34019631147384644,0.005041052121669054,0.0022659399546682835,0.0026453041937202215,0.20900645852088928
0007,000574,574,0.00035030656727030873,0.00040892508695833385,0.4612233638763428,0.00047598412493243814,0.0005049154860898852,0.47123095393180847,0.014034939929842949,0.0054262736812233925,0.0074562327936291695,0.3402245044708252,0.004687911830842495,0.0022635285276919603,0.0024630140978842974,0.20911447703838348
0007,000575,575,0.0003465415502432734,0.000407113489927724,0.4593573808670044,0.00048244750360026956,0.0005131423240527511,0.47113654017448425,0.013830083422362804,0.005479949060827494,0.007384052500128746,0.34025925397872925,0.004923068452626467,0.0023210160434246063,0.002590293064713478,0.2088283896446228
0007,000576,576,0.00034337365650571883,0.0004057631304021925,0.4577447474002838,0.0004787662473972887,0.0005075175431557,0.47152087092399597,0.013671445660293102,0.005515142809599638,0.0073243253864347935,0.3402811288833618,0.004526397679001093,0.002312358468770981,0.002375449053943157,0.20883215963840485
0007,000577,577,0.000341072678565979,0.0004044600354973227,0.4561418294906616,0.00047701119910925627,0.0005026402068324387,0.4717917740345001,0.013687561266124249,0.005510915070772171,0.0073455339297652245,0.3402778208255768,0.0045595187693834305,0.0022723327856510878,0.0023888833820819855,0.2089776247739792
0007,000578,578,0.00033961678855121136,0.0004023821384180337,0.4559664726257324,0.0004770394298247993,0.0005030697793699801,0.4722878038883209,0.013845626264810562,0.005473543889820576,0.0074216886423528194,0.3402765691280365,0.005025455728173256,0.0023116001393646,0.002628122456371784,0.20875997841358185
0007,000579,579,0.00033836375223472714,0.0004006538074463606,0.4554024934768677,0.00047490932047367096,0.0005013518966734409,0.4718473255634308,0.014181726612150669,0.005416409112513065,0.007580653298646212,0.3403059244155884,0.00511866295710206,0.0022846453357487917,0.002678732620552182,0.2086925208568573
0007,000580,580,0.00033614892163313925,0.00039843362173996866,0.4555959403514862,0.000473074265755713,0.00049708312144503,0.47245535254478455,0.014168466441333294,0.005398728419095278,0.007579967379570007,0.3403148353099823,0.005312227178364992,0.0024314639158546925,0.0027762074023485184,0.20841558277606964
0007,000581,581,0.00033435627119615674,0.00039649911923334,0.4560735821723938,0.00047058213385753334,0.0004939307691529393,0.47222307324409485,0.014043260365724564,0.005383294075727463,0.007506679277867079,0.34033283591270447,0.004823493305593729,0.0024413038045167923,0.0025241465773433447,0.20848438143730164
0007,000582,582,0.0003328267193865031,0.00039496514364145696,0.45541179180145264,0.00047585685388185084,0.0005028209998272359,0.4716677665710449,0.01412302814424038,0.005343575030565262,0.007537964265793562,0.34033575654029846,0.004846091382205486,0.0023296514991670847,0.002537289634346962,0.2089722901582718
0007,000583,583,0.0003322513366583735,0.0003933899861294776,0.4559617340564728,0.00047998304944485426,0.0005030681495554745,0.47266459465026855,0.014314541593194008,0.005303306970745325,0.007629457861185074,0.340332955121994,0.004924321547150612,0.002293981146067381,0.0025729553308337927,0.2091352790594101
0007,000584,584,0.0003320002870168537,0.0003925152122974396,0.45672619342803955,0.000475858774734661,0.000502585549838841,0.47158291935920715,0.01444830372929573,0.005285445600748062,0.007680979557335377,0.3403090238571167,0.004897438921034336,0.0022200695239007473,0.0025658432859927416,0.20959529280662537
0007,000585,585,0.00033080074354074895,0.00039047710015438497,0.4567336440086365,0.0004754858382511884,0.0005021169781684875,0.4715671241283417,0.014567331410944462,0.005278533790260553,0.007747404742985964,0.34034016728401184,0.005051562562584877,0.0021729967556893826,0.002643096260726452,0.21027284860610962
0007,000586,586,0.00033179132151417434,0.00038866381510160863,0.4577638506889343,0.0004740322765428573,0.0004956088960170746,0.4728369116783142,0.014691630378365517,0.005259018857032061,0.007785776164382696,0.34033823013305664,0.005461893044412136,0.002214205451309681,0.0028475134167820215,0.21049128472805023
0007,000587,587,0.0003341668634675443,0.0003876913688145578,0.45982664823532104,0.0004648567992262542,0.0004871958517469466,0.47247016429901123,0.014854350127279758,0.005268045701086521,0.007838170975446701,0.34036701917648315,0.0055031925439834595,0.002249175915494561,0.0028703848365694284,0.21103563904762268
0007,000588,588,0.0003370347258169204,0.0003859899879898876,0.4621562063694,0.0004585048882290721,0.0004815771244466305,0.4723533093929291,0.015106172300875187,0.005308600142598152,0.007942873053252697,0.34040412306785583,0.005843353923410177,0.0023393554147332907,0.0030429139733314514,0.21166419982910156
0007,000589,589,0.0003368647594470531,0.0003849225176963955,0.4640476405620575,0.0004578185034915805,0.00048027894808910787,0.47251027822494507,0.01534375362098217,0.005315005779266357,0.008036252111196518,0.34041833877563477,0.006147827487438917,0.0024756009224802256,0.0031998457852751017,0.2118910402059555
0007,000590,590,0.00033784465631470084,0.0003845931205432862,0.4650702476501465,0.00044970252201892436,0.0004701879224739969,0.47365525364875793,0.01550321001559496,0.005340825766324997,0.008111394010484219,0.3404689133167267,0.006900222040712833,0.0027389442548155785,0.0035825897939503193,0.21128001809120178
0007,000591,591,0.0003392440848983824,0.00038502097595483065,0.4659327268600464,0.0004348405636847019,0.0004546261334326118,0.47343796491622925,0.015436986461281776,0.005371757782995701,0.008069297298789024,0.3405023217201233,0.0064021265134215355,0.0028322867583483458,0.0033291762229055166,0.21079686284065247
0007,000592,592,0.00033830085885711014,0.00038458540802821517,0.4659919738769531,0.0004259636625647545,0.0004530957667157054,0.47143110632896423,0.015482917428016663,0.005386528093367815,0.00811063963919878,0.3405299782752991,0.006199296098202467,0.002776262117549777,0.0032489842269569635,0.2109445333480835
0007,000593,593,0.0003386835742276162,0.0003868034982588142,0.4658688008785248,0.00042666762601584196,0.0004509229038376361,0.47183549404144287,0.015511604025959969,0.005396705586463213,0.00812045019119978,0.34054243564605713,0.0061321924440562725,0.002673912327736616,0.0032047017011791468,0.21098758280277252
0007,000594,594,0.0003394353552721441,0.0003883184981532395,0.46527227759361267,0.0004270070348866284,0.00045677341404370964,0.47034505009651184,0.015564357861876488,0.0054188016802072525,0.008168969303369522,0.34056559205055237,0.006500647868961096,0.0024828326422721148,0.0034101284109055996,0.21218007802963257
0007,000595,595,0.00033977924613282084,0.00038883404340595007,0.4658668339252472,0.0004388905654195696,0.00047299257130362093,0.4693620502948761,0.015516947954893112,0.005416042171418667,0.00813743844628334,0.3405655026435852,0.00671051349490881,0.0024002708960324526,0.003531977068632841,0.21339832246303558
0007,000596,596,0.00033835190697573125,0.0003920949238818139,0.4634242653846741,0.0004443047218956053,0.00047732421080581844,0.4700961112976074,0.015438282862305641,0.00539538636803627,0.008140023797750473,0.3405618965625763,0.0064415945671498775,0.00235306890681386,0.00338216801173985,0.2135131061077118
0007,000597,597,0.000338773854309693,0.0003973118436988443,0.4601920545101166,0.0004415175353642553,0.00047787584480829537,0.4689489006996155,0.015227879397571087,0.005401956383138895,0.008075512945652008,0.34058400988578796,0.006354873068630695,0.0023693484254181385,0.0033658354077488184,0.2133300006389618
0007,000598,598,0.0003402247093617916,0.0004025752132292837,0.45732107758522034,0.0004364674969110638,0.00047379202442243695,0.46842604875564575,0.015175027772784233,0.005393752828240395,0.008081681095063686,0.3405766785144806,0.006605326198041439,0.002420270349830389,0.003495068522170186,0.21337836980819702
0007,000599,599,0.000339826918207109,0.00040607599657960236,0.45511671900749207,0.0004360703460406512,0.0004686255706474185,0.4689715802669525,0.015224965289235115,0.005397791974246502,0.008137339726090431,0.34056973457336426,0.006636524572968483,0.002425546059384942,0.00350079289637506,0.2135552167892456
0007,000600,600,0.00034115242306143045,0.00040629965951666236,0.45557621121406555,0.0004365739005152136,0.00047246692702174187,0.46814191341400146,0.015296224504709244,0.005391872022300959,0.008160102181136608,0.3405441641807556,0.007006643805652857,0.0024729836732149124,0.003708169562742114,0.21396468579769135
0007,000601,601,0.0003433529054746032,0.0004080328799318522,0.4558086395263672,0.00043774867663159966,0.0004679541743826121,0.4695395827293396,0.0154414689168334,0.005367608275264502,0.008233767002820969,0.34050092101097107,0.007508942857384682,0.0025673708878457546,0.003942390903830528,0.2141009122133255
0007,000602,602,0.00034631675225682557,0.00040748444735072553,0.4578789174556732,0.0004331687232479453,0.00046329080942086875,0.469921737909317,0.015452330000698566,0.005385484080761671,0.008215128444135189,0.34048572182655334,0.00725583964958787,0.002599569736048579,0.0038139603566378355,0.2139500081539154
0007,000603,603,0.00035129146999679506,0.000410528271459043,0.45976364612579346,0.00042389053851366043,0.00045520690036937594,0.47000429034233093,0.015593472868204117,0.005398393142968416,0.008270567283034325,0.34048163890838623,0.007038783747702837,0.002566468669101596,0.003691763849928975,0.2142544537782669
0007,000604,604,0.0003549754910636693,0.00041398307075724006,0.4610425531864166,0.0004260857531335205,0.000462086230982095,0.4691566824913025,0.015783902257680893,0.0054080551490187645,0.008360501378774643,0.34045344591140747,0.007404339034110308,0.002621900988742709,0.00390639528632164,0.21390268206596375
0007,000605,605,0.0003593918227124959,0.0004195960354991257,0.4600779414176941,0.00042585597839206457,0.0004650457121897489,0.46800777316093445,0.015772011131048203,0.005411435849964619,0.008375213481485844,0.34040191769599915,0.007257767487317324,0.002578229643404484,0.0038436579052358866,0.21389302611351013
0007,000606,606,0.00036199906026013196,0.0004218674439471215,0.46017521619796753,0.00042706308886408806,0.00046900782035663724,0.46869340538978577,0.015751251950860023,0.005388622637838125,0.008350508287549019,0.34039345383644104,0.0075784591026604176,0.0025808103382587433,0.0040110996924340725,0.21405547857284546
0007,000607,607,0.00035280195879749954,0.00041623105062171817,0.4568300247192383,0.00043851486407220364,0.000487780780531466,0.4678579866886139,0.015215098857879639,0.005341487005352974,0.008091234602034092,0.34041279554367065,0.008857769891619682,0.0030275576282292604,0.004712744150310755,0.21253284811973572
0007,000608,608,0.00035320676397532225,0.00041557237273082137,0.45771387219429016,0.00043194624595344067,0.00048322477960027754,0.467341810464859,0.015271625481545925,0.005322055425494909,0.008101256564259529,0.3404143154621124,0.007463591173291206,0.003156318562105298,0.003976605832576752,0.21220239996910095
0007,000609,609,0.00035413718433119357,0.00041641478310339153,0.4580540060997009,0.0004421609337441623,0.0004927036352455616,0.4684249460697174,0.015492516569793224,0.005349739920347929,0.008221123367547989,0.3404329717159271,0.007963963784277439,0.003378368215635419,0.004234837368130684,0.21133118867874146
0007,000610,610,0.0003560770710464567,0.00041967086144723,0.458173930644989,0.00043650399311445653,0.0004789191880263388,0.47018611431121826,0.015562061220407486,0.005403109360486269,0.008264172822237015,0.34042009711265564,0.007540042046457529,0.003406466217711568,0.003969622775912285,0.21079345047473907
0007,000611,611,0.0003586609673220664,0.0004224309523124248,0.4590567946434021,0.000437209993833676,0.00047694623935967684,0.4703017473220825,0.015608337707817554,0.0054301549680531025,0.008275075815618038,0.34040263295173645,0.00784718431532383,0.003441233653575182,0.004115832969546318,0.21019671857357025
0007,000612,612,0.00035992564517073333,0.0004258187545929104,0.4587988555431366,0.0004409198008943349,0.00048237439477816224,0.4708367586135864,0.01574060134589672,0.005465139634907246,0.00836533959954977,0.3403893709182739,0.008092290721833706,0.003576600458472967,0.004256036132574081,0.2094612717628479
0007,000613,613,0.00036325101973488927,0.0004282993613742292,0.4603341817855835,0.0004402996855787933,0.00048273729044012725,0.4714661240577698,0.01576654426753521,0.0054774899035692215,0.00837697647511959,0.34037938714027405,0.008557962253689766,0.0037113530561327934,0.004502900876104832,0.20855647325515747
0007,000614,614,0.00036247773095965385,0.000428760948125273,0.4602615237236023,0.00043698991066776216,0.00047066062688827515,0.47362446784973145,0.015717295929789543,0.005485368426889181,0.008376025594770908,0.34038302302360535,0.009045113809406757,0.004094204865396023,0.004710559267550707,0.20709750056266785
0007,000615,615,0.0003623105585575104,0.0004282667359802872,0.46051374077796936,0.00042859918903559446,0.00046951856347732246,0.4724983870983124,0.015743672847747803,0.005471899174153805,0.008390137925744057,0.3404051959514618,0.008480951189994812,0.004192066844552755,0.0044486806727945805,0.20614738762378693
0007,000616,616,0.0003635633329395205,0.0004294876998756081,0.46080413460731506,0.0004325247136875987,0.0004765876510646194,0.47123202681541443,0.01568841189146042,0.005448630079627037,0.00836226437240839,0.3404221832752228,0.00831286795437336,0.004138924181461334,0.00436459481716156,0.20553836226463318
0007,000617,617,0.00036339531652629375,0.0004370178503450006,0.4542795717716217,0.000445483106886968,0.0005004513077437878,0.46939706802368164,0.015337290242314339,0.005405071657150984,0.008251710794866085,0.3404565453529358,0.008101220242679119,0.003760705003514886,0.004288344644010067,0.206071674823761
0007,000618,618,0.0003652938175946474,0.0004455838934518397,0.45000389218330383,0.0004706157778855413,0.0005284918588586152,0.46822071075439453,0.015301389619708061,0.005414385814219713,0.008288106881082058,0.34044960141181946,0.007825186476111412,0.003433958627283573,0.004136078525334597,0.2070329189300537
0007,000619,619,0.00036813991027884185,0.00045202329056337476,0.44811439514160156,0.0004966634442098439,0.0005595931434072554,0.46876445412635803,0.015172801911830902,0.005423099268227816,0.008228880353271961,0.34041914343833923,0.007942471653223038,0.0034518546890467405,0.00423383479937911,0.20671921968460083
0007,000620,620,0.00036844206624664366,0.0004569489974528551,0.4451148509979248,0.0005053269560448825,0.0005732147255912423,0.4685206413269043,0.015017734840512276,0.0054217372089624405,0.008190535940229893,0.3403855562210083,0.007409622892737389,0.003463582368567586,0.003946833312511444,0.20658963918685913
0007,000621,621,0.00036938133416697383,0.000461441493825987,0.4427804946899414,0.0005113964434713125,0.0005708928219974041,0.4696137309074402,0.014852558262646198,0.005424900911748409,0.008119077421724796,0.34035980701446533,0.006618645507842302,0.0033822047989815474,0.003490503877401352,0.2066909670829773
0007,000622,622,0.0003701688547153026,0.00046622860827483237,0.44111892580986023,0.0005183861358091235,0.0005802154773846269,0.46874719858169556,0.014664467424154282,0.005426856689155102,0.008044927380979061,0.3403163254261017,0.006520606577396393,0.0033571897074580193,0.00346368458122015,0.2064105123281479
0007,000623,623,0.0003715307102538645,0.000469332531793043,0.4400040805339813,0.0005160461878404021,0.0005737547762691975,0.46899423003196716,0.014421293511986732,0.005434955470263958,0.00793857965618372,0.34028515219688416,0.005735084880143404,0.0031845984049141407,0.003041375195607543,0.20673057436943054
0007,000624,624,0.0003720757085829973,0.0004708452906925231,0.4395983815193176,0.0005219890736043453,0.0005723181529901922,0.4703224003314972,0.01432755682617426,0.00545874610543251,0.007896323688328266,0.3402808606624603,0.005662992130964994,0.0029957513324916363,0.002987243002280593,0.20710603892803192
0007,000625,625,0.00037445194902829826,0.0004729613719973713,0.439715176820755,0.0005219998420216143,0.0005750272539444268,0.4699759781360626,0.014090397395193577,0.005444043315947056,0.007766337599605322,0.3402543067932129,0.005179033149033785,0.0028709303587675095,0.002740642987191677,0.20724554359912872
0007,000626,626,0.00037443311884999275,0.0004726479237433523,0.4392542243003845,0.00052153185242787,0.0005678460001945496,0.470584511756897,0.013947775587439537,0.005453417543321848,0.0077062263153493404,0.3402581214904785,0.005177121609449387,0.002729745116084814,0.0027322578243911266,0.20751738548278809
0007,000627,627,0.00037503012572415173,0.00047322839964181185,0.4393405318260193,0.0005258996388874948,0.0005780580104328692,0.4694397449493408,0.013742513954639435,0.005461814813315868,0.007601175457239151,0.34022971987724304,0.005153090693056583,0.0025843686889857054,0.0027423319406807423,0.2074708640575409
0007,000628,628,0.0003766395093407482,0.0004767231293953955,0.43770191073417664,0.0005194272962398827,0.0005641677998937666,0.4709101915359497,0.013689960353076458,0.005476364865899086,0.007611313369125128,0.34022796154022217,0.005288169253617525,0.0025524890515953302,0.0027977272402495146,0.2071622610092163
0007,000629,629,0.00037871356471441686,0.00047743527102284133,0.43860796093940735,0.000513828475959599,0.0005563210579566658,0.4717302620410919,0.01359578501433134,0.005502212792634964,0.007549796253442764,0.34021174907684326,0.005585812497884035,0.0026229172945022583,0.002950055291876197,0.2065514326095581
0007,000630,630,0.0003822029975708574,0.00047844366054050624,0.44083109498023987,0.00050996063509956,0.0005604849429801106,0.46954959630966187,0.013669401407241821,0.005521279759705067,0.007563362829387188,0.34022238850593567,0.005321823991835117,0.002550712088122964,0.002833588980138302,0.20638737082481384
0007,000631,631,0.00038360850885510445,0.00048013566993176937,0.4419153928756714,0.0005105511518195271,0.0005512313218787313,0.471944659948349,0.013695565983653069,0.005533182993531227,0.007545524276793003,0.34021857380867004,0.005789538845419884,0.0026344191282987595,0.0030463661532849073,0.20597119629383087
0007,000632,632,0.0003852070076391101,0.0004835544968955219,0.4407070577144623,0.0005099581903778017,0.0005653551197610795,0.4694827198982239,0.013803569599986076,0.005531874019652605,0.007619657088071108,0.34020760655403137,0.005568911321461201,0.0025676165241748095,0.0029712053947150707,0.20616000890731812
0007,000633,633,0.0003884527541231364,0.0004890977870672941,0.4399222731590271,0.0005239841411821544,0.0005760104395449162,0.46941444277763367,0.013718009926378727,0.00555587699636817,0.007584798149764538,0.34019631147384644,0.005351891275495291,0.0024586429353803396,0.0028487415984272957,0.20679789781570435
0007,000634,634,0.00039200513856485486,0.0004911166033707559,0.440925657749176,0.0005388045683503151,0.0005962697905488312,0.4694659113883972,0.013817026279866695,0.005593934562057257,0.007592967711389065,0.3401862382888794,0.005374130327254534,0.002457849681377411,0.0028697766829282045,0.2068597674369812
0007,000635,635,0.00039649041718803346,0.0004948735586367548,0.44189512729644775,0.0005354257300496101,0.0005879277596250176,0.470246285200119,0.013764496892690659,0.0055977110750973225,0.007545796222984791,0.34019455313682556,0.005480397492647171,0.0023596954997628927,0.0029004872776567936,0.20777247846126556
0007,000636,636,0.00039966381154954433,0.0004979990189895034,0.44216403365135193,0.0005394742474891245,0.0005892908084206283,0.46945899724960327,0.01387008000165224,0.005631413776427507,0.00759149482473731,0.3401763141155243,0.005461287684738636,0.0022927464451640844,0.0028814170509576797,0.2087658792734146
0007,000637,637,0.0004016935999970883,0.0005002822144888341,0.4422890245914459,0.0005528013571165502,0.0006085148779675364,0.4694296717643738,0.013846797868609428,0.005631641019135714,0.007588132284581661,0.34015417098999023,0.005784161854535341,0.0023062052205204964,0.003066360019147396,0.2089880108833313
0007,000638,638,0.0003997475723735988,0.0005010534077882767,0.4404420554637909,0.0005486980662681162,0.0006115340511314571,0.469303160905838,0.013671779073774815,0.005610049702227116,0.007522164843976498,0.3401571810245514,0.006282740272581577,0.0023388562258332968,0.0033793775364756584,0.20845633745193481
0007,000639,639,0.00040108925895765424,0.000502687762491405,0.43985939025878906,0.0005436494830064476,0.0006138146854937077,0.4679849147796631,0.013741627335548401,0.0056014284491539,0.007551312446594238,0.3401566445827484,0.006134403869509697,0.00245404290035367,0.0033141702879220247,0.20815779268741608
0007,000640,640,0.0004024164518341422,0.000501852307934314,0.4396994411945343,0.0005384611431509256,0.0006018226267769933,0.46882858872413635,0.01382963266223669,0.005600356496870518,0.007568472530692816,0.34015074372291565,0.005538838915526867,0.002559687476605177,0.0029555100481957197,0.2077784389257431
0007,000641,641,0.0004061058280058205,0.0005029013846069574,0.44058263301849365,0.0005387349519878626,0.0006010790821164846,0.4691973924636841,0.01395000983029604,0.005600688047707081,0.007587409112602472,0.3401415944099426,0.0056274039670825005,0.002668451052159071,0.002997186267748475,0.2072334736585617
0007,000642,642,0.00041091913590207696,0.000500448455568403,0.44317391514778137,0.0005221476312726736,0.0005654722917824984,0.47135165333747864,0.014262743294239044,0.0055770957842469215,0.007687327917665243,0.340139240026474,0.00529542425647378,0.002566985320299864,0.002779538044705987,0.20724904537200928
0007,000643,643,0.00041518465150147676,0.00050172652117908,0.4451005756855011,0.0005204768385738134,0.000561632914468646,0.4708153009414673,0.014462296850979328,0.005598199088126421,0.00777270644903183,0.3401675820350647,0.005309101659804583,0.0023700555320829153,0.002776901936158538,0.20784549415111542
0007,000644,644,0.0004193540953565389,0.0005095881642773747,0.4439137279987335,0.0005244860658422112,0.0005661868490278721,0.47099006175994873,0.014356288127601147,0.005605847574770451,0.007761981338262558,0.3401997685432434,0.005481076892465353,0.0023839266505092382,0.0028812165837734938,0.20771072804927826
0007,000645,645,0.0004149219603277743,0.0005054792854934931,0.44282981753349304,0.0005189075018279254,0.0005548472399823368,0.472028911113739,0.014290782622992992,0.005571406334638596,0.007748304400593042,0.34018582105636597,0.005867928732186556,0.002528239507228136,0.0030660817865282297,0.20706751942634583
0007,000646,646,0.0004059950588271022,0.0004994069458916783,0.44053685665130615,0.000509616918861866,0.0005459569511003792,0.47174009680747986,0.014049338176846504,0.0055716438218951225,0.007679828908294439,0.34022220969200134,0.005903979763388634,0.0026137239765375853,0.0030974973924458027,0.20669551193714142
0007,000647,647,0.0003979328612331301,0.0004934792523272336,0.4392777681350708,0.0005099977133795619,0.0005521289422176778,0.47084885835647583,0.013893150724470615,0.005554222501814365,0.007637018337845802,0.3401990532875061,0.005390414036810398,0.002485024742782116,0.002839780179783702,0.20672400295734406
0007,000648,648,0.00039236806333065033,0.00048555535613559186,0.4407578110694885,0.0004995072376914322,0.0005301266210153699,0.47273004055023193,0.013813757337629795,0.005548151209950447,0.007567654829472303,0.34019312262535095,0.005292216781526804,0.002324508037418127,0.0027489711064845324,0.20705236494541168
0007,000649,649,0.00039242664934135973,0.0004825454961974174,0.44218307733535767,0.0005007623112760484,0.0005352571606636047,0.47223570942878723,0.013770881108939648,0.005575032904744148,0.007518248166888952,0.34018242359161377,0.004788044840097427,0.002306253183633089,0.002502150135114789,0.20715485513210297
0007,000650,650,0.000390484812669456,0.0004780174349434674,0.44251522421836853,0.000501249625813216,0.000537120271474123,0.4721604287624359,0.01367856003344059,0.0055930051021277905,0.0074552795849740505,0.34019899368286133,0.004894730634987354,0.00226669292896986,0.0025691783521324396,0.2073058933019638
0007,000651,651,0.0003907844075001776,0.0004760135489050299,0.4440414607524872,0.0005001455429010093,0.0005402007955126464,0.47104600071907043,0.013783186674118042,0.00560093903914094,0.007494911551475525,0.34019750356674194,0.0047050281427800655,0.0022238665260374546,0.002482182579115033,0.20758992433547974
0007,000652,652,0.000393218535464257,0.00047626433661207557,0.44500917196273804,0.0005039325333200395,0.0005435064667835832,0.4714682996273041,0.013833997771143913,0.005606428254395723,0.007494770456105471,0.3401959240436554,0.004870689939707518,0.0022075732704252005,0.002562868408858776,0.2075459063053131
0007,000653,653,0.00039437413215637207,0.0004739662981592119,0.4469221830368042,0.0005020442185923457,0.0005411135498434305,0.47152620553970337,0.013968724757432938,0.00558302691206336,0.007524847984313965,0.3401809632778168,0.004872357938438654,0.0021722298115491867,0.0025579091161489487,0.20789635181427002
0007,000654,654,0.00039844869752414525,0.00047386542428284883,0.44866207242012024,0.0005052117048762739,0.000550158612895757,0.4705670475959778,0.014062412083148956,0.005605348851531744,0.007555949501693249,0.34017354249954224,0.005006524734199047,0.002145329024642706,0.002650135662406683,0.2082177698612213
0007,000655,655,0.0004025436064694077,0.00047553578042425215,0.44983503222465515,0.0005068821483291686,0.0005502512794919312,0.4707205295562744,0.014232328161597252,0.005618720315396786,0.007612585090100765,0.3401651978492737,0.005138632841408253,0.002137140603736043,0.0027054022066295147,0.20867690443992615
0007,000656,656,0.0004064393579028547,0.00047537294449284673,0.45146045088768005,0.0005112426588311791,0.0005609267391264439,0.4697263836860657,0.014282723888754845,0.005642511881887913,0.007606270257383585,0.34016212821006775,0.005274979397654533,0.0022027839440852404,0.002793471794575453,0.20895351469516754
0007,000657,657,0.0004134961636736989,0.0004785079800058156,0.4538491368293762,0.0005128459306433797,0.0005561136058531702,0.47113707661628723,0.014419260434806347,0.005660859402269125,0.007626728620380163,0.3401835560798645,0.00528990663588047,0.0022391406819224358,0.00278367823921144,0.20869450271129608
0007,000658,658,0.00042069892515428364,0.00048288857215084136,0.4554387927055359,0.0005004490376450121,0.0005371195147745311,0.47166550159454346,0.014776164665818214,0.005637223366647959,0.0077751106582582,0.3401966094970703,0.005181577522307634,0.002215928165242076,0.0027007826138287783,0.20901425182819366
0007,000659,659,0.00042672670679166913,0.0004872585122939199,0.45709559321403503,0.0005011189496144652,0.0005383286043070257,0.47167515754699707,0.0149324806407094,0.005645494442433119,0.007849919609725475,0.3402216136455536,0.005487839691340923,0.002229496603831649,0.0028707715682685375,0.2091297060251236
0007,000660,660,0.0004209374892525375,0.0004891518619842827,0.45446059107780457,0.0004995231283828616,0.0005399289657361805,0.4708290994167328,0.014783162623643875,0.005680145230144262,0.007844492793083191,0.34024256467819214,0.005925409961491823,0.002252698875963688,0.003123721107840538,0.20903995633125305
0007,000661,661,0.00041601588600315154,0.0004835928848478943,0.45472437143325806,0.0005019542295485735,0.0005498977843672037,0.4699960947036743,0.014589567668735981,0.005697652231901884,0.0077283442951738834,0.3402133584022522,0.006122488062828779,0.0023925008717924356,0.0032523199915885925,0.20851080119609833
0007,000662,662,0.00041580299148336053,0.00048212052206508815,0.45569413900375366,0.0004847079108003527,0.0005175782134756446,0.47217756509780884,0.014675089158117771,0.005718416068702936,0.00776677206158638,0.3401888310909271,0.005507221911102533,0.002342263702303171,0.002875338075682521,0.2087152600288391
0007,000663,663,0.00041776394937187433,0.0004801368049811572,0.4581025540828705,0.00047915353206917644,0.0005151392542757094,0.471365749835968,0.014580350369215012,0.00574963353574276,0.007702534087002277,0.3402119576931,0.005429121665656567,0.0023262922186404467,0.002843662165105343,0.2087608277797699
0007,000664,664,0.00041630538180470467,0.00047876135795377195,0.4576817452907562,0.00047189617180265486,0.0004987054853700101,0.47267037630081177,0.014391744509339333,0.005761762615293264,0.007597622461616993,0.340199738740921,0.005186373367905617,0.0023193249944597483,0.0027029633056372404,0.208867147564888
0007,000665,665,0.00041355888242833316,0.0004785283817909658,0.4561597406864166,0.00047337080468423665,0.0005064746947027743,0.4724791944026947,0.014301499351859093,0.005779525730758905,0.0075820693746209145,0.3402029275894165,0.0059902723878622055,0.0025462538469582796,0.0031389319337904453,0.20785263180732727
0007,000666,666,0.0004126288113184273,0.000479324342450127,0.4552299380302429,0.00046121925697661936,0.0004937496851198375,0.47137323021888733,0.014376137405633926,0.0057558114640414715,0.007622402161359787,0.3401986062526703,0.005114358384162188,0.0023680790327489376,0.0026749169919639826,0.20851044356822968
0007,000667,667,0.0004124542174395174,0.00048072205390781164,0.4548312723636627,0.00047542748507112265,0.0005097477114759386,0.4716244339942932,0.014395222999155521,0.005742623936384916,0.0076436931267380714,0.34017613530158997,0.005127891898155212,0.0023570931516587734,0.00269067264162004,0.20835353434085846
0007,000668,668,0.0004113435570616275,0.0004817178414668888,0.45407727360725403,0.00047200964763760567,0.0005002858815714717,0.47246766090393066,0.014310302212834358,0.00571869220584631,0.007610012777149677,0.34019234776496887,0.005330605432391167,0.002277604304254055,0.0027715456672012806,0.20916862785816193
0007,000669,669,0.0004101347003597766,0.0004826767835766077,0.45330989360809326,0.0004811352409888059,0.0005138004780746996,0.47198888659477234,0.014346566051244736,0.005716649349778891,0.007655786816030741,0.3401828110218048,0.005087821278721094,0.0022891336120665073,0.002659484976902604,0.20933318138122559
0007,000670,670,0.0004115464980714023,0.00048427245928905904,0.45431751012802124,0.0004803829360753298,0.0005128556513227522,0.47207099199295044,0.014297042042016983,0.005723242647945881,0.007638661190867424,0.34014561772346497,0.004990329034626484,0.002291710814461112,0.0026101802941411734,0.20950019359588623
0007,000671,671,0.00041276015690527856,0.00048797886120155454,0.45383113622665405,0.00047609704779461026,0.0005085205775685608,0.47184595465660095,0.014253274537622929,0.005691885482519865,0.00762943597510457,0.3401329219341278,0.005159136839210987,0.0022245829459279776,0.0026817729230970144,0.21033459901809692
0007,000672,672,0.00041418461478315294,0.0004902469227090478,0.4538795053958893,0.0004787165089510381,0.0005028775776736438,0.47382187843322754,0.014267681166529655,0.005664578638970852,0.007640310563147068,0.3401442766189575,0.0053705559112131596,0.0022600593511015177,0.0027789378073066473,0.21045267581939697
0007,000673,673,0.00041536072967574,0.0004910131683573127,0.4535050392150879,0.0004682448925450444,0.0004971775924786925,0.47235843539237976,0.014209562912583351,0.0056482041254639626,0.007612061221152544,0.34013304114341736,0.005297574680298567,0.002252154750749469,0.002758180256932974,0.21082130074501038
0007,000674,674,0.0004171541950199753,0.000495814485475421,0.45263564586639404,0.0004655859956983477,0.0004929981078021228,0.4726675748825073,0.014106404036283493,0.005634660366922617,0.007581647485494614,0.3401202857494354,0.005530352704226971,0.0023373537696897984,0.002877547638490796,0.21059153974056244
0007,000675,675,0.0004178494564257562,0.0004986876156181097,0.45174238085746765,0.00046211289009079337,0.0004936531186103821,0.4719019830226898,0.01400809083133936,0.0056101237423717976,0.007543347775936127,0.3401186168193817,0.005140491295605898,0.0023506865836679935,0.0026850549038499594,0.21061478555202484
0007,000676,676,0.000416421185946092,0.0005003792466595769,0.44988131523132324,0.000462006515590474,0.0004899933119304478,0.472511351108551,0.013923154212534428,0.005607558414340019,0.00754294591024518,0.340118944644928,0.00540419016033411,0.0024237583857029676,0.0028224894776940346,0.2101278156042099
0007,000677,677,0.00041482740198262036,0.000502624548971653,0.447526216506958,0.0004544308176264167,0.00048187049105763435,0.47246041893959045,0.01391931064426899,0.005604049656540155,0.00757244136184454,0.34012889862060547,0.004750862251967192,0.0023557771928608418,0.002480999566614628,0.2104121595621109
0007,000678,678,0.00041346868965774775,0.0005049441242590547,0.4456401765346527,0.00045858381781727076,0.0004921650979667902,0.4711074233055115,0.013923309743404388,0.005564046557992697,0.0076110209338366985,0.34009090065956116,0.005010601598769426,0.0022235200740396976,0.0026246081106364727,0.2112957239151001
0007,000679,679,0.00041281350422650576,0.0005052124615758657,0.4447080194950104,0.00046855187974870205,0.0005019153468310833,0.47142863273620605,0.013824163936078548,0.00553601561114192,0.007570282090455294,0.3401046693325043,0.004993632435798645,0.0022081993520259857,0.0026189503259956837,0.2115039974451065
0007,000680,680,0.0004115600895602256,0.0005060372641310096,0.44359657168388367,0.00047154631465673447,0.0005059497198089957,0.4710395038127899,0.013702131807804108,0.005522499326616526,0.007546089123934507,0.34010979533195496,0.005119424778968096,0.002239930210635066,0.002691483125090599,0.2114747017621994
0007,000681,681,0.00040982075734063983,0.000508453173097223,0.44104883074760437,0.00047142329276539385,0.0005100192502140999,0.4701973795890808,0.013558750040829182,0.005513748619705439,0.007499240338802338,0.34011128544807434,0.004885795526206493,0.0022391860838979483,0.0025746787432581186,0.21134009957313538
0007,000682,682,0.0004080582584720105,0.0005096034146845341,0.4389875829219818,0.00046958329039625823,0.0005060435505583882,0.47016817331314087,0.013528937473893166,0.005491762422025204,0.007508956361562014,0.3401170074939728,0.004883693065494299,0.002217137487605214,0.0025727031752467155,0.2114475965499878
0007,000683,683,0.00040936036384664476,0.0005138109554536641,0.437775194644928,0.0004724840400740504,0.0005062398267909884,0.47115737199783325,0.013549583032727242,0.005484255496412516,0.007530625443905592,0.34011754393577576,0.004985395353287458,0.002228004625067115,0.0026220197323709726,0.21140837669372559
0007,000684,684,0.00040803334559313953,0.0005145834875293076,0.4370976984500885,0.0004684292362071574,0.0005026737926527858,0.47113940119743347,0.013459700159728527,0.005456357263028622,0.007494110148400068,0.34009817242622375,0.00510820746421814,0.002244475996121764,0.0026812367141246796,0.21158474683761597
0007,000685,685,0.00040725679718889296,0.000513474689796567,0.4372090995311737,0.00046871922677382827,0.0005030158208683133,0.4710233211517334,0.013479078188538551,0.005411241669207811,0.007501199841499329,0.3401137888431549,0.005106665194034576,0.002230291021987796,0.0026767824310809374,0.21196280419826508
0007,000686,686,0.0004079932114109397,0.0005140841822139919,0.4373210072517395,0.0004716255934908986,0.0005045043653808534,0.4711572527885437,0.013546118512749672,0.005395639222115278,0.007536197081208229,0.3401080071926117,0.005140925757586956,0.0022320705465972424,0.0026920451782643795,0.2121482491493225
0007,000687,687,0.0004096223565284163,0.0005161723238416016,0.43772175908088684,0.00046834847307763994,0.0004994781920686364,0.47119084000587463,0.013670651242136955,0.005379437934607267,0.0075968364253640175,0.34010377526283264,0.005282950587570667,0.002244934206828475,0.002768097212538123,0.21248117089271545
0007,000688,688,0.000409583532018587,0.0005150640499778092,0.43779486417770386,0.00047310214722529054,0.0005064781871624291,0.47127917408943176,0.013718576170504093,0.005346997641026974,0.007626006379723549,0.3400903642177582,0.005655497778207064,0.002307677175849676,0.0029635911341756582,0.21239735186100006
0007,000689,689,0.0004064149979967624,0.000514040410052985,0.4365859627723694,0.00046727200970053673,0.0004983179387636483,0.47153106331825256,0.013624203391373158,0.005299268756061792,0.007598696276545525,0.3401132822036743,0.005514804739505053,0.0023204046301543713,0.0028882967308163643,0.21244259178638458
0007,000690,690,0.00040310248732566833,0.0005147652118466794,0.4344741106033325,0.00046838453272357583,0.000506771553773433,0.4702605903148651,0.01360075268894434,0.005279162432998419,0.007624228484928608,0.3401140868663788,0.0058490862138569355,0.002338338177651167,0.0030858940444886684,0.2120981365442276
0007,000691,691,0.00040018153958953917,0.0005158016574569046,0.432510644197464,0.00046634391765110195,0.0005005406565032899,0.4706849455833435,0.013591618277132511,0.005260890815407038,0.007645025383681059,0.3401009738445282,0.005581191275268793,0.002367527922615409,0.002935080323368311,0.21198119223117828
0007,000692,692,0.0004009254334960133,0.0005170833901502192,0.4327929615974426,0.0004668128094635904,0.0005022803088650107,0.4702206552028656,0.013482247479259968,0.005248061381280422,0.0075769308023154736,0.3400881290435791,0.005574188195168972,0.0023698750883340836,0.0029343680944293737,0.21228505671024323
0007,000693,693,0.0004013038706034422,0.0005171226221136749,0.43380823731422424,0.0004671204078476876,0.0004937268677167594,0.4720807671546936,0.013724375516176224,0.005215799435973167,0.007695607841014862,0.340059369802475,0.0059701306745409966,0.0023552661295980215,0.0031187168788164854,0.21271878480911255
0007,000694,694,0.00040201653609983623,0.0005177109851501882,0.43412455916404724,0.00046153226867318153,0.0004885855014435947,0.47157061100006104,0.014054320752620697,0.005148978903889656,0.007848378270864487,0.3400260806083679,0.006268959958106279,0.002274572616443038,0.0032684130128473043,0.21332846581935883
0007,000695,695,0.0004043305816594511,0.000518136890605092,0.4349077641963959,0.0004583793634083122,0.0004873271973337978,0.4708782434463501,0.013879256322979927,0.005151828750967979,0.007752584293484688,0.3399951457977295,0.006302669644355774,0.0023217073176056147,0.0032927736174315214,0.21404260396957397
0007,000696,696,0.00040762368007563055,0.0005236014840193093,0.43436455726623535,0.00046061380999162793,0.0004896206082776189,0.4714813530445099,0.014032227918505669,0.0051049222238361835,0.007822412997484207,0.3399898111820221,0.007434068713337183,0.0025026449002325535,0.0038800137117505074,0.21339622139930725
0007,000697,697,0.0004123955441173166,0.0005301006021909416,0.4345300495624542,0.00044840644113719463,0.00047945170081220567,0.47062361240386963,0.014174534939229488,0.005078505724668503,0.00788755901157856,0.3399741053581238,0.0079081691801548,0.0028379205614328384,0.0041410354897379875,0.21262376010417938
0007,000698,698,0.0004178312956355512,0.000537785526830703,0.4341442883014679,0.0004440143529791385,0.00047881866339594126,0.4701565206050873,0.014014216139912605,0.0050896452739834785,0.00782002229243517,0.33996835350990295,0.007488187402486801,0.0030623336788266897,0.003935771994292736,0.21215294301509857
0007,000699,699,0.00042345619294792414,0.0005438057705760002,0.43398961424827576,0.00044697229168377817,0.00048071297351270914,0.4707408845424652,0.013432377949357033,0.0051640355959534645,0.007540202233940363,0.34001004695892334,0.0070225950330495834,0.0033436620142310858,0.0036897454410791397,0.2111242562532425
0007,000700,700,0.0004241755523253232,0.0005463517154566944,0.43237966299057007,0.0004414758295752108,0.00047341143363155425,0.4709177613258362,0.012958213686943054,0.005193702876567841,0.007308395113795996,0.3400748372077942,0.005302949342876673,0.003210840979591012,0.0027928329072892666,0.21109792590141296
0007,000701,701,0.00042242606286890805,0.0005441654357127845,0.43159201741218567,0.0004512291925493628,0.0004878703039139509,0.470097154378891,0.012750389985740185,0.0051825521513819695,0.007198942359536886,0.3401341736316681,0.005118267610669136,0.003043539822101593,0.0027087421622127295,0.21102018654346466
0007,000702,702,0.00041598727693781257,0.000537901243660599,0.4297316074371338,0.00045572183444164693,0.0004884080844931304,0.4707426130771637,0.013105091638863087,0.005053048953413963,0.007378231734037399,0.3401496112346649,0.005188454408198595,0.0026762455236166716,0.00271817110478878,0.21133430302143097
0007,000703,703,0.0004102130187675357,0.0005287270178087056,0.42913100123405457,0.00046424835454672575,0.0005007616127841175,0.4706944227218628,0.013478913344442844,0.00497451052069664,0.0075760954059660435,0.34017646312713623,0.006283643655478954,0.002534633269533515,0.003297605086117983,0.2110694944858551
0007,000704,704,0.00040528661338612437,0.0005230569513514638,0.42854759097099304,0.0004644980072043836,0.0004980925587005913,0.470909982919693,0.013424428179860115,0.004951124079525471,0.0075584896840155125,0.34019097685813904,0.00618327222764492,0.0023724937345832586,0.0032332702539861202,0.2116783857345581
0007,000705,705,0.00040106047526933253,0.0005179296131245792,0.42869335412979126,0.00047018512850627303,0.0005014884518459439,0.47160184383392334,0.01326635479927063,0.005017648916691542,0.007490559481084347,0.3402038812637329,0.005735334940254688,0.0024825441651046276,0.0029983618296682835,0.21159625053405762
0007,000706,706,0.0003990355471614748,0.0005161830922588706,0.4287409782409668,0.0004702037258539349,0.0005021514953114092,0.4713650345802307,0.013136940076947212,0.005069180391728878,0.00743770832195878,0.340189665555954,0.005479058716446161,0.002438249299302697,0.0028683755081146955,0.21216726303100586
0007,000707,707,0.00039912897045724094,0.0005165316979400814,0.42876136302948,0.00047131653991527855,0.0005010899039916694,0.4718908965587616,0.012945082038640976,0.005095354281365871,0.007346440106630325,0.3401713967323303,0.00512938154861331,0.002463332377374172,0.002686120104044676,0.2120337337255478
0007,000708,708,0.00039915338857099414,0.0005174868274480104,0.4286355972290039,0.00046637942432425916,0.0004984276602044702,0.47118645906448364,0.012999963946640491,0.005065936595201492,0.007372809108346701,0.34012889862060547,0.004978933837264776,0.002288117539137602,0.0026131640188395977,0.2124195694923401
0007,000709,709,0.0003987491363659501,0.0005187054630368948,0.42762821912765503,0.00046785842278040946,0.0004994170158170164,0.4707452654838562,0.013028212822973728,0.005064244847744703,0.007412030827254057,0.3400980830192566,0.005193633493036032,0.0022237971425056458,0.0027258675545454025,0.21268238127231598
0007,000710,710,0.0003980914771091193,0.0005191203090362251,0.42683953046798706,0.00047128842561505735,0.0005061551346443594,0.47045060992240906,0.012911006808280945,0.005048634950071573,0.007354658097028732,0.34009361267089844,0.005265619605779648,0.0022185181733220816,0.0027737021446228027,0.2127893716096878
0007,000711,711,0.00039564259350299835,0.0005170812364667654,0.42561134696006775,0.0004662407736759633,0.0004987651482224464,0.47063520550727844,0.012942533008754253,0.005044316407293081,0.007394852582365274,0.3401108682155609,0.005417220760136843,0.0022488811518996954,0.0028399634175002575,0.21314939856529236
0007,000712,712,0.0003920566523447633,0.0005133153172209859,0.4243922233581543,0.0004742481105495244,0.0005106366006657481,0.47033587098121643,0.012957455590367317,0.005021706223487854,0.007419093046337366,0.34010693430900574,0.005949861370027065,0.002319241873919964,0.0031378106214106083,0.2125106006860733
0007,000713,713,0.00038596129161305726,0.0005078255198895931,0.4223794639110565,0.0004698651609942317,0.0005143912276253104,0.46829482913017273,0.01304597221314907,0.0050003076903522015,0.007488858886063099,0.34011685848236084,0.005686244927346706,0.0023840144276618958,0.0030187659431248903,0.21233777701854706
0007,000714,714,0.0003787019813898951,0.0004989590379409492,0.4217792749404907,0.00047279379214160144,0.0005094277439638972,0.4701326787471771,0.0131337596103549,0.004941117949783802,0.007529715076088905,0.3401172459125519,0.006242628209292889,0.0026088582817465067,0.0032825972884893417,0.21160757541656494
0007,000715,715,0.0003709047450684011,0.0004894969752058387,0.4207444489002228,0.0004680118290707469,0.0005059976829215884,0.46988222002983093,0.013364503160119057,0.004889956209808588,0.007663731928914785,0.3401266932487488,0.0065842983312904835,0.002821467351168394,0.0034649462904781103,0.21113146841526031
0007,000716,716,0.00036324886605143547,0.00047968162107281387,0.4197770357131958,0.00047065000399015844,0.00051345449173823,0.46853816509246826,0.013186543248593807,0.004890589974820614,0.007577661424875259,0.34013277292251587,0.006389208137989044,0.0027677512262016535,0.003371351631358266,0.21194034814834595
0007,000717,717,0.00035676240804605186,0.000471623643534258,0.41974109411239624,0.00048582287854515016,0.0005267122178338468,0.46932587027549744,0.013146458193659782,0.004889972973614931,0.007553654257208109,0.3401234447956085,0.006384517066180706,0.0029457551427185535,0.0033603180199861526,0.21159933507442474
0007,000718,718,0.0003498317382764071,0.0004646711458917707,0.4192032516002655,0.00048489170148968697,0.0005304125952534378,0.46813052892684937,0.013059946708381176,0.004899979569017887,0.007524795364588499,0.34012076258659363,0.0060536726377904415,0.0030005788430571556,0.003196229925379157,0.21190963685512543
0007,000719,719,0.0003452284727245569,0.00045904750004410744,0.4193277359008789,0.0004908021655865014,0.0005286249215714633,0.46979424357414246,0.012542027980089188,0.0049812099896371365,0.007265936117619276,0.3401254713535309,0.00487783458083868,0.0028615680057555437,0.0025620998349040747,0.21212297677993774
0007,000720,720,0.0003444397880230099,0.00045974738895893097,0.41923093795776367,0.0004896213649772108,0.0005261166952550411,0.4699908196926117,0.012689115479588509,0.004926032852381468,0.0073386020958423615,0.3401043117046356,0.0047164722345769405,0.0025984414387494326,0.0024819429963827133,0.21203888952732086
0007,000721,721,0.00034692653571255505,0.00046323612332344055,0.4193938672542572,0.0004822688933927566,0.0005130551289767027,0.471373051404953,0.01275355089455843,0.0048681036569178104,0.007363654673099518,0.34007465839385986,0.005228963680565357,0.0023556905798614025,0.0027343316469341516,0.21180632710456848
0007,000722,722,0.00035070814192295074,0.000468436541268602,0.4196936786174774,0.00047817741869948804,0.0005120733403600752,0.4702194929122925,0.012771664187312126,0.004830686375498772,0.007370759733021259,0.3400707244873047,0.0056167650036513805,0.0022035741712898016,0.0029557503294199705,0.21173515915870667
0007,000723,723,0.000355222582584247,0.0004741654556710273,0.42011550068855286,0.00047682851436547935,0.0005059585673734546,0.47115886211395264,0.012867171317338943,0.004842848051339388,0.007410480175167322,0.3400574326515198,0.005443089175969362,0.0020873285830020905,0.002845087321475148,0.21203288435935974
0007,000724,724,0.0003603060031309724,0.00048032577615231276,0.42065706849098206,0.0004745677870232612,0.0005049747996963561,0.47086164355278015,0.012906902469694614,0.00483248196542263,0.0074247014708817005,0.3400610387325287,0.0057105510495603085,0.0022007205989211798,0.002989128464832902,0.21196594834327698
0007,000725,725,0.00036468595499172807,0.00048651895485818386,0.4206477701663971,0.0004741837037727237,0.0005051728221587837,0.470613569021225,0.0131475068628788,0.004814402665942907,0.00755284633487463,0.34006267786026,0.0060547469183802605,0.0023719877935945988,0.003169974545016885,0.21181021630764008
0007,000726,726,0.00036829954478889704,0.0004906945396214724,0.4210781455039978,0.0004682498693000525,0.0004914309829473495,0.47205686569213867,0.013182006776332855,0.004823064897209406,0.0075660767033696175,0.3400779962539673,0.0068609523586928844,0.002541537396609783,0.0035680406726896763,0.212083637714386
0007,000727,727,0.00037153318407945335,0.0004937415360473096,0.42169904708862305,0.00047004359657876194,0.0004977068747393787,0.4716525971889496,0.013093636371195316,0.004846165422350168,0.007518473546952009,0.34009289741516113,0.007059714291244745,0.0028702334966510534,0.003689371282234788,0.21098078787326813
0007,000728,728,0.00037249253364279866,0.0004932250594720244,0.4218822419643402,0.0004597246297635138,0.0004899174673482776,0.47070440649986267,0.013252023607492447,0.0048419698141515255,0.00759056257084012,0.34008827805519104,0.006059417966753244,0.0028577970806509256,0.0031783313024789095,0.21086561679840088
0007,000729,729,0.0003714204649440944,0.000492720864713192,0.42097601294517517,0.0004629289614968002,0.0004949368885718286,0.47058120369911194,0.013463941402733326,0.0048441095277667046,0.007715579122304916,0.340104341506958,0.00655988696962595,0.002804994350299239,0.0034486919175833464,0.21104960143566132
0007,000730,730,0.0003731963806785643,0.0004951237351633608,0.421579509973526,0.0004694679519161582,0.0005024957354180515,0.47071629762649536,0.013565090484917164,0.004890476353466511,0.007768755313009024,0.3400995135307312,0.006947301793843508,0.0029485009144991636,0.0036433294881135225,0.21102121472358704
0007,000731,731,0.0003776107623707503,0.0005005865241400898,0.42224836349487305,0.00047237734543159604,0.0005058132228441536,0.4711184501647949,0.0137607641518116,0.004958549048751593,0.007864311337471008,0.3400942385196686,0.0074285599403083324,0.0031237825751304626,0.0038801943883299828,0.2108629196882248
0007,000732,732,0.0003826522151939571,0.0005035020876675844,0.4240282475948334,0.00046769605251029134,0.0005023019039072096,0.4703012704849243,0.013939596712589264,0.004993261303752661,0.00794192310422659,0.34008482098579407,0.007329536601901054,0.0030669316183775663,0.0038508193101733923,0.21157695353031158
0007,000733,733,0.0003832709917332977,0.0005010766326449811,0.4253707826137543,0.0004751378728542477,0.0005074358195997775,0.4718957245349884,0.013999568298459053,0.005016819108277559,0.007955496199429035,0.3400970697402954,0.007633229251950979,0.003074878128245473,0.003988194279372692,0.21214362978935242
0007,000734,734,0.00038317934377118945,0.0004992146859876812,0.4266773462295532,0.0004726540355477482,0.0005110386409796774,0.470121294260025,0.01413729414343834,0.0050353012047708035,0.008007914759218693,0.34009262919425964,0.007915286347270012,0.003080451162531972,0.004158136434853077,0.2132788449525833
0007,000735,735,0.00038095639320090413,0.0004953759489580989,0.4273318648338318,0.0004764994664583355,0.000512662751134485,0.4712170660495758,0.014172583818435669,0.005058135371655226,0.00801922008395195,0.34011560678482056,0.008129374124109745,0.003163011511787772,0.004259941168129444,0.213950514793396
0007,000736,736,0.0003809562767855823,0.0004912893637083471,0.4288148880004883,0.0004762394819408655,0.0005190983647480607,0.47021499276161194,0.014203814789652824,0.005057875066995621,0.008005540817975998,0.34010636806488037,0.00814041867852211,0.0031307474710047245,0.004285726230591536,0.2142140120267868
0007,000737,737,0.0003762493724934757,0.0004852513666264713,0.42871689796447754,0.00047024598461575806,0.0005112179205752909,0.4700523614883423,0.014217128977179527,0.005048113409429789,0.00801407266408205,0.34011951088905334,0.008386107161641121,0.0031282161362469196,0.004407552070915699,0.21464809775352478
0007,000738,738,0.00037365741445682943,0.00048041692934930325,0.4293745160102844,0.00047079086652956903,0.0005169771611690521,0.4695262610912323,0.014112020842730999,0.005027398932725191,0.007940991781651974,0.34012946486473083,0.008326282724738121,0.0031064790673553944,0.004397482145577669,0.214496448636055
0007,000739,739,0.00036888811155222356,0.00047615767107345164,0.4281693696975708,0.0004699808487202972,0.0005272817797958851,0.4669092893600464,0.01406733226031065,0.005020343232899904,0.007935318164527416,0.34012776613235474,0.008317310363054276,0.003080902388319373,0.004436122719198465,0.2143474519252777
0007,000740,740,0.00036671143607236445,0.0004754397086799145,0.42722856998443604,0.00047549273585900664,0.0005249663372524083,0.46817296743392944,0.01410288643091917,0.005026310216635466,0.007967304438352585,0.34013378620147705,0.008336407132446766,0.0031432805117219687,0.004414301831275225,0.2137080729007721
0007,000741,741,0.00036446016747504473,0.0004719359567388892,0.4277394115924835,0.00046709051821380854,0.0005143634625710547,0.46817678213119507,0.01404307596385479,0.005007483530789614,0.007923023775219917,0.34012943506240845,0.007635962683707476,0.003086290555074811,0.004029251169413328,0.2136503905057907
0007,000742,742,0.0003587255487218499,0.0004664506996050477,0.42673665285110474,0.0004666832974180579,0.0005057267262600362,0.4695122241973877,0.01395457610487938,0.00499112019315362,0.00788940954953432,0.34014397859573364,0.007544499356299639,0.003049044869840145,0.003965794574469328,0.21325470507144928
0007,000743,743,0.00035344334901310503,0.0004584432754199952,0.427353173494339,0.00045530678471550345,0.0004891902790404856,0.47005438804626465,0.013968405313789845,0.004983449820429087,0.007884640246629715,0.3401310443878174,0.007234975229948759,0.002932471688836813,0.003784721251577139,0.21330353617668152
0007,000744,744,0.0003518569574225694,0.0004532533057499677,0.42873314023017883,0.0004531493177637458,0.00048520477139391005,0.4704039990901947,0.014057058840990067,0.00498622190207243,0.00791412778198719,0.3401365280151367,0.0075480458326637745,0.0029696174897253513,0.003948398400098085,0.21269720792770386
0007,000745,745,0.00034486950607970357,0.00044487518607638776,0.42882272601127625,0.00044295110274106264,0.00046381531865336,0.4727579355239868,0.014030062593519688,0.004974932409822941,0.007911303080618382,0.3401522934436798,0.007930764928460121,0.0030387742444872856,0.00411726301535964,0.21219655871391296
0007,000746,746,0.00033976492704823613,0.0004344837798271328,0.4315564036369324,0.00042602955363690853,0.0004438149626366794,0.4722464978694916,0.0140765979886055,0.00497222226113081,0.007902354001998901,0.34015509486198425,0.007627772632986307,0.0029257729183882475,0.00396513007581234,0.21240371465682983
0007,000747,747,0.00033413057099096477,0.00042502579162828624,0.4340289533138275,0.0004207079182378948,0.00043964022188447416,0.47206851840019226,0.01422869972884655,0.0049667092971503735,0.007967657409608364,0.3401413559913635,0.00811677798628807,0.003002454526722431,0.004217419307678938,0.212442085146904
0007,000748,748,0.0003326195874251425,0.0004193621571175754,0.43688642978668213,0.00041426080861128867,0.000434521003626287,0.47188979387283325,0.014272197149693966,0.004977959208190441,0.007945955730974674,0.34015870094299316,0.007834834977984428,0.0029813842847943306,0.004077376797795296,0.21295048296451569
0007,000749,749,0.0003312407643534243,0.0004138295480515808,0.4392752945423126,0.00041847885586321354,0.00044881607755087316,0.4699164628982544,0.014333274215459824,0.004996251780539751,0.007953132502734661,0.3401716649532318,0.007854215800762177,0.0029498464427888393,0.0041357832960784435,0.2128884643316269
0007,000750,750,0.000330976938130334,0.0004080600629094988,0.4429810345172882,0.00041971460450440645,0.0004542236274573952,0.46989840269088745,0.014405853115022182,0.0050108530558645725,0.007940823212265968,0.3401862382888794,0.008260033093392849,0.0030118783470243216,0.004354488104581833,0.2123952955007553
0007,000751,751,0.0003327907179482281,0.00040640620863996446,0.4458937346935272,0.00042056615347974,0.00045075349044054747,0.47114720940589905,0.014679565094411373,0.0050374483689665794,0.008053433150053024,0.3402036726474762,0.007764922920614481,0.0030987246427685022,0.004069233778864145,0.2119288146495819
0007,000752,752,0.00033390335738658905,0.0004061812360305339,0.4466674327850342,0.0004193717904854566,0.00045334891183301806,0.46991103887557983,0.014709539711475372,0.0050558908842504025,0.008040265180170536,0.3402369022369385,0.008159728720784187,0.003181642387062311,0.004283595830202103,0.2113167643547058
0007,000753,753,0.00033403426641598344,0.0004068153793923557,0.4468131363391876,0.00041864492231979966,0.0004549095465335995,0.4694139361381531,0.014825434423983097,0.00507910642772913,0.008113359101116657,0.3402543365955353,0.007925587706267834,0.0031459422316402197,0.004181138705462217,0.21119214594364166
0007,000754,754,0.0003347234451211989,0.0004097732016816735,0.4449861943721771,0.00042235865839757025,0.00045713974395766854,0.47056904435157776,0.014746041968464851,0.005072242114692926,0.0080901850014925,0.340244323015213,0.008351976983249187,0.003318401053547859,0.004384102299809456,0.21028174459934235
0007,000755,755,0.00033623023773543537,0.00041200057603418827,0.4447781443595886,0.00041456238250248134,0.00044315896229818463,0.4706971049308777,0.014858507551252842,0.005064538214355707,0.008151784539222717,0.34024298191070557,0.0081166448071599,0.003248425666242838,0.004244677722454071,0.21026945114135742
0007,000756,756,0.00034064476494677365,0.0004153960617259145,0.44563400745391846,0.00041958800284191966,0.0004556896456051618,0.4696992337703705,0.015047943219542503,0.005092787090688944,0.008245300501585007,0.34021541476249695,0.008088608272373676,0.003271793480962515,0.004260495770722628,0.20994392037391663
0007,000757,757,0.0003440738655626774,0.0004194173088762909,0.44596993923187256,0.0004225944576319307,0.00045754562597721815,0.4702703356742859,0.015114233829081059,0.005097336135804653,0.008280872367322445,0.3401995897293091,0.007934443652629852,0.0032361415214836597,0.004170134197920561,0.20981281995773315
0007,000758,758,0.00034576974576339126,0.0004210220358800143,0.4461993873119354,0.00043292625923641026,0.00046899516019038856,0.4696113169193268,0.015203112736344337,0.005117396358400583,0.008334138430655003,0.3401978015899658,0.008388334885239601,0.0033394298516213894,0.004413444083184004,0.2091515064239502
0007,000759,759,0.0003474876284599304,0.00042195786954835057,0.4464187026023865,0.00043056567665189505,0.0004625838773790747,0.4709170460700989,0.015056116506457329,0.005105255171656609,0.00824021641165018,0.34019654989242554,0.008021474815905094,0.003346143290400505,0.004211856983602047,0.20880146324634552
0007,000760,760,0.00034802823211066425,0.0004197066882625222,0.4474043548107147,0.00043523116619326174,0.0004679942794609815,0.4712180197238922,0.014927229844033718,0.005090989638119936,0.008134757168591022,0.3402059078216553,0.00750668253749609,0.0032755935098975897,0.003938620910048485,0.20875369012355804
0007,000761,761,0.00034758818219415843,0.00041707284981384873,0.44778168201446533,0.000438015500549227,0.00047204867587424815,0.4711344838142395,0.014978531748056412,0.0050741140730679035,0.008152130991220474,0.34018996357917786,0.007812594063580036,0.003381059505045414,0.004093964118510485,0.2081802934408188
0007,000762,762,0.00034894669079221785,0.00041938741924241185,0.44741755723953247,0.0004436187446117401,0.0004775909474119544,0.4717428386211395,0.014931438490748405,0.005070622079074383,0.008126340806484222,0.34018632769584656,0.008101309649646282,0.0035972935147583485,0.004245473071932793,0.20714005827903748
0007,000763,763,0.0003539426834322512,0.00042589782970026135,0.4460698664188385,0.0004405269864946604,0.00047597187221981585,0.4707137644290924,0.01504321489483118,0.005087112542241812,0.008198666386306286,0.34015360474586487,0.007340863812714815,0.0034741903655231,0.0038674231618642807,0.2069561630487442
0007,000764,764,0.00035203853622078896,0.00042864028364419937,0.4441102147102356,0.0004536336346063763,0.0004928784328512847,0.47084805369377136,0.014863220974802971,0.005096257198601961,0.008143368177115917,0.3401486277580261,0.007639596238732338,0.0035560308024287224,0.004030237905681133,0.2060336172580719
0007,000765,765,0.00035237264819443226,0.0004304524336475879,0.44296908378601074,0.0004562663089018315,0.0005001580575481057,0.4691610336303711,0.014685511589050293,0.005097339861094952,0.00806173775345087,0.3401486873626709,0.007027953397482634,0.003455944126471877,0.0037250143941491842,0.20578068494796753
0007,000766,766,0.000350143585819751,0.00042762732482515275,0.44280239939689636,0.00047111610183492303,0.0005174846155568957,0.4692749083042145,0.014577685855329037,0.005118933040648699,0.007999475114047527,0.34016522765159607,0.006546568125486374,0.0033655997831374407,0.0034762409050017595,0.20534580945968628
0007,000767,767,0.0003483442997094244,0.00042381873936392367,0.4433736503124237,0.00047179340617731214,0.0005125133320689201,0.4712132513523102,0.014470728114247322,0.0051126559264957905,0.007932119071483612,0.3401639759540558,0.006363654043525457,0.003116354113444686,0.003351837396621704,0.2055443674325943
0007,000768,768,0.0003442295710556209,0.0004172342596575618,0.4445718228816986,0.0004856059968005866,0.0005313535802997649,0.4698728024959564,0.014378375373780727,0.0051132310181856155,0.007866030558943748,0.3401908874511719,0.006330218631774187,0.0030252495780587196,0.0033521908335387707,0.20515304803848267
0007,000769,769,0.00034009048249572515,0.0004127353022340685,0.4453393220901489,0.0004909873241558671,0.0005315336748026311,0.4711325466632843,0.014363085851073265,0.005141493398696184,0.007860802114009857,0.3401958644390106,0.006271308287978172,0.0030567601788789034,0.0032990355975925922,0.20455843210220337
0007,000770,770,0.00034137588227167726,0.0004119515069760382,0.4469720423221588,0.0004930063732899725,0.0005341696087270975,0.4703716039657593,0.01433948241174221,0.005149192176759243,0.00783083587884903,0.3401792645454407,0.005943853873759508,0.003024381585419178,0.003136483021080494,0.20403441786766052
0007,000771,771,0.0003407007607165724,0.00041221684659831226,0.44717937707901,0.0004930605064146221,0.0005248463712632656,0.4723280072212219,0.014212233014404774,0.005159968975931406,0.007768961600959301,0.3401792645454407,0.006559099070727825,0.003232210176065564,0.003430730663239956,0.2028317153453827
0007,000772,772,0.0003428669006098062,0.0004154378839302808,0.447253555059433,0.0004890960408374667,0.000523020513355732,0.4718697965145111,0.014099732972681522,0.005163669586181641,0.007723142858594656,0.3401673138141632,0.005409555975347757,0.0030007048044353724,0.002843193942680955,0.2028086632490158
0007,000773,773,0.00033574047847650945,0.0004141576064284891,0.4441964030265808,0.0004985806881450117,0.0005350214778445661,0.47107601165771484,0.013817072845995426,0.005135602317750454,0.007636771071702242,0.3401460349559784,0.005139135755598545,0.002804516814649105,0.002703732578083873,0.20282487571239471
0007,000774,774,0.0003283973492216319,0.00041202647844329476,0.442079097032547,0.0005128585617057979,0.0005521693965420127,0.47081342339515686,0.01362177636474371,0.005135225597769022,0.007588418200612068,0.3401550352573395,0.004831835627555847,0.0026246963534504175,0.0025460191536694765,0.20281001925468445
0007,000775,775,0.0003287945582997054,0.0004087442357558757,0.44374027848243713,0.0005158085259608924,0.0005494609358720481,0.4720626771450043,0.013513568788766861,0.005136898718774319,0.007486531510949135,0.3401854932308197,0.004627728369086981,0.0024140411987900734,0.002424730220809579,0.2030615359544754
0007,000776,776,0.0003268799919169396,0.0004069754504598677,0.44350311160087585,0.0005209382507018745,0.0005591294029727578,0.4713515639305115,0.013479300774633884,0.005117820110172033,0.00748228095471859,0.34017595648765564,0.004614940844476223,0.0022472143173217773,0.002423173515126109,0.20337393879890442
0007,000777,777,0.0003288411535322666,0.0004090724396519363,0.4435909688472748,0.0005325338570401073,0.0005667459336109459,0.4721352756023407,0.013503353111445904,0.005088185891509056,0.007484767585992813,0.34018847346305847,0.005422206129878759,0.0023743738420307636,0.002845949959009886,0.20273561775684357
0007,000778,778,0.00033110135700553656,0.00040952119161374867,0.44424211978912354,0.0005273584392853081,0.0005716555169783533,0.4701539874076843,0.013584915548563004,0.005085600074380636,0.007504541426897049,0.3402000367641449,0.004774283152073622,0.002121548866853118,0.0025247037410736084,0.20339836180210114
0007,000779,779,0.0003315668145660311,0.0004104404360987246,0.44437357783317566,0.0005366728291846812,0.00057509372709319,0.4714539349079132,0.013673200272023678,0.005077277775853872,0.007566601037979126,0.3401828110218048,0.004759877920150757,0.0020185804460197687,0.0025087588001042604,0.203820139169693
0007,000780,780,0.0003330088220536709,0.00040847965283319354,0.4466384947299957,0.0005429576267488301,0.0005904114805161953,0.4703461229801178,0.013860227540135384,0.005015968345105648,0.007619020529091358,0.3401722311973572,0.005183848086744547,0.002018294297158718,0.002753780223429203,0.20396466553211212
0007,000781,781,0.00033668233663775027,0.00041171585326083004,0.44731539487838745,0.0005454529891721904,0.0005904402933083475,0.4704894721508026,0.014152559451758862,0.00500481016933918,0.007760750595480204,0.34016841650009155,0.005410458892583847,0.0019923297222703695,0.002862984547391534,0.20480169355869293
0007,000782,782,0.00033947231713682413,0.00041370923281647265,0.44893330335617065,0.0005586432525888085,0.0006166874663904309,0.4694640636444092,0.01434075366705656,0.005014593247324228,0.007850131951272488,0.340175986289978,0.005557574797421694,0.0020790209528058767,0.0029806329403072596,0.20465320348739624
0007,000783,783,0.00034412616514600813,0.00041684744064696133,0.4501974582672119,0.0005583353340625763,0.0006123711355030537,0.47057706117630005,0.014173275791108608,0.0050422721542418,0.007732831407338381,0.34019163250923157,0.005469543393701315,0.002138810232281685,0.0029151367489248514,0.20436625182628632
0007,000784,784,0.00035065854899585247,0.0004193250206299126,0.45340681076049805,0.0005576003459282219,0.0006234734901227057,0.4698655903339386,0.014457575976848602,0.005099425092339516,0.007837370038032532,0.34018245339393616,0.006184390280395746,0.0024499366991221905,0.0033369960729032755,0.20345066487789154
0007,000785,785,0.00035607683821581304,0.00042268887045793235,0.4559563994407654,0.000548509182408452,0.0006263051764108241,0.46791353821754456,0.014670322649180889,0.005148440133780241,0.0079203424975276,0.3401620388031006,0.00563337467610836,0.002425406128168106,0.00307835778221488,0.20390194654464722
0007,000786,786,0.00036269062547944486,0.00042660097824409604,0.458866685628891,0.0005579412099905312,0.0006322927074506879,0.46916496753692627,0.014756460674107075,0.0051926677115261555,0.007914133369922638,0.34019121527671814,0.005698655266314745,0.0024110020603984594,0.0031045381911098957,0.20425736904144287
0007,000787,787,0.0003664717951323837,0.00043110738624818623,0.45931410789489746,0.000570633914321661,0.0006513079279102385,0.46844354271888733,0.014741351827979088,0.005201020743697882,0.007897531613707542,0.3401903212070465,0.0056740823201835155,0.002513884799554944,0.0030842660926282406,0.20394273102283478
0007,000788,788,0.00036661166814155877,0.00043144580558873713,0.4599706530570984,0.0005759733030572534,0.0006559575558640063,0.46879830956459045,0.01467616856098175,0.005193675868213177,0.007847696542739868,0.3401956260204315,0.005978526547551155,0.0026692678220570087,0.003231929149478674,0.20314881205558777
0007,000789,789,0.00036695937160402536,0.0004296698607504368,0.46118471026420593,0.0005685135256499052,0.0006363997235894203,0.4689631760120392,0.014574573375284672,0.00519071938470006,0.007766263093799353,0.34020698070526123,0.005186439026147127,0.002691202564164996,0.0027844030410051346,0.2027001529932022
0007,000790,790,0.00036604070919565856,0.0004267843905836344,0.46247056126594543,0.0005703957285732031,0.0006363584543578327,0.469484806060791,0.014701006934046745,0.0052102175541222095,0.007811043877154589,0.3402188718318939,0.005232525989413261,0.002701473655179143,0.002795690903440118,0.2022441029548645
0007,000791,791,0.00036498051485978067,0.0004284652241040021,0.46182695031166077,0.0005660529132001102,0.0006133650313131511,0.4709789752960205,0.014733966439962387,0.005241784267127514,0.007828560657799244,0.340192049741745,0.005041390657424927,0.002584862057119608,0.0026631616055965424,0.20203280448913574
0007,000792,792,0.0003661744704004377,0.0004247103934176266,0.46441012620925903,0.0005562444566749036,0.0005987051408737898,0.4716523289680481,0.014857633039355278,0.005297746974974871,0.007844610139727592,0.34020254015922546,0.004855395760387182,0.002337745623663068,0.0025567205157130957,0.20221160352230072
0007,000793,793,0.0003713943006005138,0.00042073754593729973,0.47063785791397095,0.000555319944396615,0.0006036949343979359,0.4709019958972931,0.015118718147277832,0.005372474901378155,0.007869311608374119,0.34018978476524353,0.0046072471886873245,0.0021399587858468294,0.002435159869492054,0.20273877680301666
0007,000794,794,0.00037911455729044974,0.00042456554365344346,0.4740159511566162,0.000556949176825583,0.0005996061372570693,0.47203171253204346,0.015346849337220192,0.005451560020446777,0.007956563495099545,0.3401743471622467,0.0045498148538172245,0.0020960019901394844,0.002389259170740843,0.20289559662342072
0007,000795,795,0.0003840132267214358,0.0004276966501493007,0.4761585295200348,0.0005558875855058432,0.0006027547060512006,0.471892774105072,0.015585390850901604,0.005498294252902269,0.008061246946454048,0.3401679992675781,0.005066292826086283,0.0021722018718719482,0.0026704510673880577,0.20263825356960297
0007,000796,796,0.0003922887262888253,0.0004403791099321097,0.47484707832336426,0.0005532724899239838,0.0006044753245078027,0.47171643376350403,0.015775954350829124,0.005566254258155823,0.008199036121368408,0.3401685953140259,0.005817288998514414,0.0023796979803591967,0.003078876994550228,0.20186278223991394
0007,000797,797,0.0004004017391707748,0.00045369533472694457,0.47355368733406067,0.000543768925126642,0.0005867505678907037,0.47171032428741455,0.016022363677620888,0.005662602372467518,0.008373040705919266,0.34017807245254517,0.005350560415536165,0.002112794667482376,0.0028055815491825342,0.20290683209896088
0007,000798,798,0.0004066605179104954,0.00046803109580650926,0.47068050503730774,0.000554699799977243,0.0005969963385723531,0.47112101316452026,0.01608487404882908,0.005745267495512962,0.00846114195883274,0.34018415212631226,0.0059826672077178955,0.001976555911824107,0.0031325314193964005,0.2044636458158493
0007,000799,799,0.00040990367415361106,0.00047848530812188983,0.4661220908164978,0.0005680958274751902,0.00061221414944157,0.4707564115524292,0.015783866867423058,0.005762199871242046,0.008361870422959328,0.3401811420917511,0.005887066479772329,0.0020730490796267986,0.0030724473763257265,0.20556993782520294
0008,000002,2,0.000359707250026986,0.0004685469320975244,0.43530765175819397,0.000532745209056884,0.0005672115948982537,0.4711148738861084,0.014389201067388058,0.002978564938530326,0.007889275439083576,0.33939194679260254,0.006383190397173166,0.0013213203055784106,0.0033501931466162205,0.2106432020664215
0008,000003,3,0.0003872123488690704,0.000492453167680651,0.4401613771915436,0.0005260140169411898,0.000559697684366256,0.4717448353767395,0.014510923065245152,0.0039345757104456425,0.007903500460088253,0.33936136960983276,0.00639382004737854,0.0018509813817217946,0.0033359797671437263,0.21092265844345093
0008,000004,4,0.00039465902955271304,0.0005096779204905033,0.43618178367614746,0.0005206268979236484,0.0005500343977473676,0.47152069211006165,0.013878971338272095,0.0043104710057377815,0.007691388484090567,0.3393566906452179,0.0063813296146690845,0.0021226094104349613,0.0033261876087635756,0.2110564112663269
0008,000005,5,0.0003946174110751599,0.0005223416956141591,0.42956680059432983,0.0005234063137322664,0.0005528743495233357,0.47100168466567993,0.013385307043790817,0.00446975976228714,0.007552861701697111,0.33940327167510986,0.007230945862829685,0.002337606158107519,0.0037780613638460636,0.20973609387874603
0008,000006,6,0.00039634123095311224,0.0005288250977173448,0.4261842966079712,0.0005025534192100167,0.0005285172373987734,0.47194188833236694,0.01319162081927061,0.00460570864379406,0.007491004187613726,0.3394449055194855,0.006470035761594772,0.002523836912587285,0.0033756045158952475,0.2092263102531433
0008,000007,7,0.0003985305083915591,0.0005336983595043421,0.4242640435695648,0.0004987863940186799,0.0005298834294080734,0.4705398380756378,0.01291848998516798,0.004747316706925631,0.007383447140455246,0.33948028087615967,0.005457205697894096,0.002570398850366473,0.0028623989783227444,0.2092023491859436
0008,000008,8,0.0003988905227743089,0.000537930813152343,0.4219435751438141,0.000504972122143954,0.0005350614665076137,0.47114667296409607,0.01289766188710928,0.004873769823461771,0.007408967707306147,0.3395151197910309,0.005486208014190197,0.002549805212765932,0.0028767355252057314,0.20905929803848267
0008,000009,9,0.0004017911560367793,0.0005436560604721308,0.42027103900909424,0.0005085780285298824,0.0005445145070552826,0.46963876485824585,0.01279099564999342,0.004937419667840004,0.007370809558779001,0.33952420949935913,0.0054514785297214985,0.0026236088015139103,0.0028764004819095135,0.2085447460412979
0008,000010,10,0.00040338473627343774,0.0005474805366247892,0.4185861647129059,0.0005124843446537852,0.0005477190134115517,0.46976959705352783,0.01282567624002695,0.004993961658328772,0.007418544497340918,0.3395475149154663,0.005070194602012634,0.0025676186196506023,0.0026710256934165955,0.20836922526359558
0008,000011,11,0.0004052498552482575,0.0005544715677388012,0.41665682196617126,0.0005182221066206694,0.0005521106068044901,0.47025880217552185,0.012814758345484734,0.0050353375263512135,0.0074331979267299175,0.33955907821655273,0.00508832884952426,0.0025536376051604748,0.0026788488030433655,0.20821449160575867
0008,000012,12,0.0004072845622431487,0.0005563873564824462,0.4165250062942505,0.0005200353916734457,0.000551524106413126,0.47090649604797363,0.012872882187366486,0.005102820228785276,0.007461760193109512,0.33956342935562134,0.0051103271543979645,0.002466917969286442,0.00268055428750813,0.2084774672985077
0008,000013,13,0.0004067188419867307,0.0005573036032728851,0.41580885648727417,0.0005280444747768342,0.0005659323069266975,0.4700660705566406,0.012787635438144207,0.00516519695520401,0.007436131127178669,0.3395722508430481,0.005160078406333923,0.0023933378979563713,0.002716204384341836,0.20854167640209198
0008,000014,14,0.00040833515231497586,0.0005622573662549257,0.41469985246658325,0.000532108242623508,0.0005698265740647912,0.47003835439682007,0.012790974229574203,0.0052138944156467915,0.007456253748387098,0.3395780026912689,0.004999132361263037,0.0023720625322312117,0.002632524585351348,0.20862255990505219
0008,000015,15,0.000409605709137395,0.0005636546993628144,0.4142450988292694,0.0005326827522367239,0.0005695600411854684,0.47059664130210876,0.012876076623797417,0.005257427226752043,0.007507008966058493,0.33958348631858826,0.005271925590932369,0.002360163489356637,0.0027699354104697704,0.20872023701667786
0008,000016,16,0.00041336676804348826,0.0005675190477631986,0.414409339427948,0.0005379659705795348,0.0005823042592965066,0.4689749777317047,0.012810740619897842,0.0052954345010221004,0.007467079907655716,0.3395886719226837,0.0051895566284656525,0.0023242863826453686,0.0027435999363660812,0.2091912031173706
0008,000017,17,0.0004120556404814124,0.0005693233688361943,0.41269516944885254,0.0005445307469926775,0.000589691917411983,0.46858134865760803,0.012725403532385826,0.005311008542776108,0.0074393232353031635,0.33960670232772827,0.005148629657924175,0.0023045928683131933,0.0027226023375988007,0.2093462347984314
0008,000018,18,0.0004120928351767361,0.0005709080724045634,0.41149774193763733,0.0005487235612235963,0.00059209467144683,0.4690530002117157,0.01266183890402317,0.0053489115089178085,0.007430969271808863,0.33961713314056396,0.0049247439019382,0.0022801037412136793,0.0026005012914538383,0.20968103408813477
0008,000019,19,0.00041143083944916725,0.000573490047827363,0.4098191559314728,0.0005531987408176064,0.0005979398847557604,0.4687452018260956,0.012648962438106537,0.005355512723326683,0.007453834637999535,0.3396119475364685,0.005122161470353603,0.0023081426043063402,0.002706978004425764,0.20960617065429688
0008,000020,20,0.0004132145259063691,0.0005782408989034593,0.40885820984840393,0.0005533998482860625,0.0006033424870111048,0.46720826625823975,0.012628407217562199,0.005344612989574671,0.007451267447322607,0.3396051824092865,0.005608169361948967,0.0024693754967302084,0.002978244796395302,0.20913109183311462
0008,000021,21,0.00041235817479901016,0.0005783138913102448,0.4081840217113495,0.0005493319476954639,0.0005911017069593072,0.46895846724510193,0.012678777799010277,0.005337686277925968,0.007478306069970131,0.33961984515190125,0.00515624089166522,0.002464351011440158,0.002724453341215849,0.2089560478925705
0008,000022,22,0.000413760106312111,0.0005788280977867544,0.4084327816963196,0.0005449245218187571,0.0005863172118552029,0.4692378044128418,0.012711919844150543,0.005327941849827766,0.007491928059607744,0.3396134674549103,0.0050231339409947395,0.0024199362378567457,0.0026510918978601694,0.20896302163600922
0008,000023,23,0.0004152062756475061,0.0005802667001262307,0.40852245688438416,0.0005450674216262996,0.0005863887490704656,0.4685201048851013,0.012769113294780254,0.005328882019966841,0.00751105323433876,0.339614599943161,0.005139240063726902,0.0022622724063694477,0.002707027830183506,0.20965233445167542
0008,000024,24,0.0004143676196690649,0.0005808197311125696,0.4078790545463562,0.00055456452537328,0.0005937328096479177,0.4697916805744171,0.012705046683549881,0.005327773746103048,0.007492949720472097,0.3395932614803314,0.005626659840345383,0.002320384606719017,0.002953561721369624,0.20901431143283844
0008,000025,25,0.00041587359737604856,0.0005843281396664679,0.40712249279022217,0.0005477199447341263,0.0005940036498941481,0.4680567681789398,0.01268235594034195,0.005368529818952084,0.007492913864552975,0.33957773447036743,0.005242120940238237,0.0023155254311859608,0.0027862016577273607,0.2088548094034195
0008,000026,26,0.00041957051143981516,0.0005882824189029634,0.40792080760002136,0.000545126327779144,0.0005829915753565729,0.4698661267757416,0.0125514455139637,0.005402812734246254,0.007410269230604172,0.33955907821655273,0.0051213945262134075,0.002345423446968198,0.0026950195897370577,0.20871862769126892
0008,000027,27,0.0004203486896585673,0.000590605428442359,0.40735694766044617,0.0005492104100994766,0.0005990362260490656,0.46747830510139465,0.01248463336378336,0.005449960939586163,0.007382040377706289,0.3395695984363556,0.004809521604329348,0.002313172211870551,0.002560095628723502,0.20884042978286743
0008,000028,28,0.00042361789382994175,0.0005937733221799135,0.40757817029953003,0.000548355805221945,0.0005846549174748361,0.47046658396720886,0.012439701706171036,0.005464399233460426,0.007354177068918943,0.33957597613334656,0.004845848772674799,0.002382508013397455,0.0025426046922802925,0.20846796035766602
0008,000029,29,0.00042470713378861547,0.0005933925276622176,0.408778578042984,0.0005436681094579399,0.0005794067983515561,0.47036731243133545,0.012450228445231915,0.005475648213177919,0.00733610475435853,0.3395778238773346,0.004836828913539648,0.0023315600119531155,0.002546055940911174,0.20828504860401154
0008,000030,30,0.0004271338984835893,0.0005963981966488063,0.40929359197616577,0.0005459408275783062,0.0005907375016249716,0.4682319462299347,0.01253240741789341,0.005488179158419371,0.00737473601475358,0.33958083391189575,0.0046728006564080715,0.0021607503294944763,0.0024741459637880325,0.20872217416763306
0008,000031,31,0.00042907893657684326,0.0005974296946078539,0.41021960973739624,0.0005570420762524009,0.0005953349755145609,0.4696519374847412,0.0125957066193223,0.005501376930624247,0.007404761388897896,0.3395693004131317,0.004877015482634306,0.0021351852919906378,0.0025667669251561165,0.20874819159507751
0008,000032,32,0.0004286770417820662,0.0006005836767144501,0.4090938866138458,0.000553764111828059,0.0005933590582571924,0.4696182608604431,0.012594402767717838,0.005520915146917105,0.007414957042783499,0.33956682682037354,0.004922142717987299,0.002136392053216696,0.0025943401269614697,0.20884007215499878
0008,000033,33,0.00043025967897847295,0.0006029583746567369,0.4093256890773773,0.0005513467476703227,0.0005878436495549977,0.47005495429039,0.012767480686306953,0.005534627009183168,0.007505633868277073,0.3395600914955139,0.005247726105153561,0.002107925247400999,0.002750289160758257,0.20915982127189636
0008,000034,34,0.00043197788181714714,0.0006047787610441446,0.409930557012558,0.0005525263259187341,0.0005880941171199083,0.4705684185028076,0.012802722863852978,0.005542287603020668,0.007533160038292408,0.339538037776947,0.005293489899486303,0.0022005937062203884,0.0027767312712967396,0.2092595249414444
0008,000035,35,0.00043404195457696915,0.0006086566718295217,0.410086989402771,0.0005462723784148693,0.0005816034972667694,0.4705149233341217,0.012838169001042843,0.005540576763451099,0.007557208649814129,0.33951860666275024,0.005613322835415602,0.002241730922833085,0.002940812148153782,0.20927287638187408
0008,000036,36,0.0004335101693868637,0.0006064067711122334,0.4115551710128784,0.00054550776258111,0.0005888522719033062,0.4689437448978424,0.01272545289248228,0.005579945165663958,0.00750331673771143,0.33951056003570557,0.005334221757948399,0.002184400800615549,0.002825417323037982,0.20957116782665253
0008,000037,37,0.000436521164374426,0.0006134443101473153,0.4113224446773529,0.0005570575012825429,0.0006140713230706751,0.4663521945476532,0.013154459185898304,0.005510326940566301,0.007699683308601379,0.3394978940486908,0.005865640472620726,0.0020808586850762367,0.003136657178401947,0.21027620136737823
0008,000038,38,0.0004420533368829638,0.0006217343616299331,0.41090306639671326,0.0005690021207556129,0.0006161675555631518,0.46849021315574646,0.012982768937945366,0.0055480822920799255,0.007644591853022575,0.339461088180542,0.005848235450685024,0.0021892839577049017,0.0030882246792316437,0.2098209261894226
0008,000039,39,0.000442533812019974,0.0006227546255104244,0.41143783926963806,0.0005626582424156368,0.0006154415896162391,0.46690571308135986,0.012745465151965618,0.005587357096374035,0.007527001202106476,0.339473158121109,0.005022434052079916,0.0021997729782015085,0.002670224756002426,0.2099016308784485
0008,000040,40,0.00044441025238484144,0.0006252868915908039,0.41196656227111816,0.000569071329664439,0.0006186068058013916,0.4679068326950073,0.012775748036801815,0.0056154425255954266,0.007528140675276518,0.33948832750320435,0.00522804819047451,0.0022801298182457685,0.0027756148483604193,0.20973584055900574
0008,000041,41,0.0004482316435314715,0.0006300096865743399,0.4130435287952423,0.0005629609804600477,0.0006053490214981139,0.4696747064590454,0.013159400783479214,0.005600897595286369,0.007685968652367592,0.3394906520843506,0.006134293042123318,0.002445290796458721,0.0032252667006105185,0.2091062217950821
0008,000042,42,0.00045281159691512585,0.0006315351347438991,0.4155091643333435,0.0005470049218274653,0.0005886379512958229,0.4687173068523407,0.01320564653724432,0.00563208619132638,0.007680467329919338,0.33947131037712097,0.005300112999975681,0.0023802772630006075,0.002791905775666237,0.20945997536182404
0008,000043,43,0.0004572083707898855,0.0006348256138153374,0.41649186611175537,0.0005540165002457798,0.0005955771775916219,0.46940088272094727,0.013013498857617378,0.005685451906174421,0.007560376543551683,0.33948540687561035,0.005285757593810558,0.0024468593765050173,0.0027870438061654568,0.20922113955020905
0008,000044,44,0.0004607005976140499,0.0006364077562466264,0.4179447591304779,0.0005491068004630506,0.0005898126983083785,0.4686315655708313,0.013171182945370674,0.005718932021409273,0.007611450273543596,0.33950215578079224,0.005250156857073307,0.002322287065908313,0.0027657137252390385,0.20974676311016083
0008,000045,45,0.0004650862538255751,0.0006417614640668035,0.4182841181755066,0.0005524869775399566,0.000590838142670691,0.4688129425048828,0.013210754841566086,0.00571522768586874,0.007631862536072731,0.33949214220046997,0.005388898774981499,0.0022511796560138464,0.0028422700706869364,0.21021723747253418
0008,000046,46,0.0004682148282881826,0.0006451265071518719,0.41882672905921936,0.0005582448211498559,0.000602155749220401,0.46812641620635986,0.013243574649095535,0.005752324592322111,0.007650984916836023,0.3394884765148163,0.005468591116368771,0.002256999257951975,0.002890431322157383,0.2108175903558731
0008,000047,47,0.00047253305092453957,0.0006476519629359245,0.42063838243484497,0.0005669021629728377,0.0006129021639935672,0.46782219409942627,0.013284030370414257,0.005828463472425938,0.007636875379830599,0.3394985496997833,0.005787546280771494,0.002280031330883503,0.0030794041231274605,0.2105250060558319
0008,000048,48,0.0004748827195726335,0.0006446102634072304,0.423123300075531,0.0005571958026848733,0.0005989878554828465,0.4692589342594147,0.013274184428155422,0.005884034559130669,0.007572570350021124,0.3395203948020935,0.005706295371055603,0.002425628248602152,0.00301571749150753,0.21002531051635742
0008,000049,49,0.000478968839161098,0.00064736237982288,0.4246295094490051,0.0005384511896409094,0.0005744759109802544,0.469791442155838,0.013316677883267403,0.005894206464290619,0.0075598605908453465,0.3395257592201233,0.005294410511851311,0.0023426234256476164,0.0027804176788777113,0.21050213277339935
0008,000050,50,0.0004822219198103994,0.0006501058232970536,0.42586562037467957,0.0005462839617393911,0.0005843956605531275,0.46914345026016235,0.013504882343113422,0.005853304173797369,0.00762193463742733,0.3395112454891205,0.005783249624073505,0.0024011791683733463,0.003044820623472333,0.2100236713886261
0008,000051,51,0.0004874908772762865,0.0006524143391288817,0.4273405373096466,0.0005288795218802989,0.0005553631926886737,0.47144001722335815,0.013484949246048927,0.005885745398700237,0.00759414816275239,0.3394993543624878,0.005978705827146769,0.002497857203707099,0.0030905676539987326,0.20988093316555023
0008,000052,52,0.0004870774573646486,0.0006476424168795347,0.42878973484039307,0.0005197727004997432,0.000548649113625288,0.47148603200912476,0.013640271499752998,0.005902361124753952,0.007630961015820503,0.339526504278183,0.00607800018042326,0.002617167541757226,0.003174218814820051,0.20946785807609558
0008,000053,53,0.0004854352446272969,0.0006427408661693335,0.42922312021255493,0.0005153372185304761,0.0005524966982193291,0.4692889451980591,0.013682880438864231,0.005888991989195347,0.0076491208747029305,0.33956316113471985,0.005733525846153498,0.0024614944122731686,0.0030217745807021856,0.20999373495578766
0008,000054,54,0.0004812429833691567,0.0006378287798725069,0.4285837411880493,0.0005303238867782056,0.0005777015467174351,0.4678419828414917,0.013707773759961128,0.00586283765733242,0.007665171753615141,0.3395872116088867,0.006787081249058247,0.0022604146506637335,0.0036177299916744232,0.2110370695590973
0008,000055,55,0.0004794824926648289,0.0006338077364489436,0.42847469449043274,0.0005433407495729625,0.0005788482376374304,0.4709683060646057,0.013573875650763512,0.0058549679815769196,0.007591860834509134,0.3396156132221222,0.0073969620279967785,0.002588040428236127,0.003879887517541647,0.20941664278507233
0008,000056,56,0.0004780374001711607,0.000625483924522996,0.43094128370285034,0.000514754734467715,0.0005540135316550732,0.46937447786331177,0.01360380556434393,0.005861023440957069,0.007559728808701038,0.33965373039245605,0.006275641266256571,0.0026314673013985157,0.0033138045109808445,0.20913252234458923
0008,000057,57,0.0004787301295436919,0.0006190967978909612,0.4339693486690521,0.000508821860421449,0.0005398487555794418,0.4714437425136566,0.014460255391895771,0.005815197713673115,0.00789864081889391,0.33971789479255676,0.006733325310051441,0.0025302639696747065,0.003515311749652028,0.20900708436965942
0008,000058,58,0.00047805189387872815,0.0006088190129958093,0.43760523200035095,0.0005066317389719188,0.0005447352887131274,0.47024163603782654,0.014634909108281136,0.005799178499728441,0.00793355144560337,0.3397471606731415,0.006993105169385672,0.002674694173038006,0.0036723846569657326,0.20822837948799133
0008,000059,59,0.00047271166113205254,0.0005941311828792095,0.4407948851585388,0.0005008497973904014,0.0005329214036464691,0.4715833365917206,0.01469066645950079,0.005853669252246618,0.007945280522108078,0.3398180305957794,0.007405407726764679,0.0030319083016365767,0.0038620475679636,0.2069590836763382
0008,000060,60,0.0004623646382242441,0.0005834006587974727,0.44054359197616577,0.0004909752169623971,0.0005225866916589439,0.47196435928344727,0.014718832448124886,0.00587062444537878,0.00804466288536787,0.3398597538471222,0.006465872284024954,0.003237328492105007,0.003390608122572303,0.20589524507522583
0008,000061,61,0.0004617240047082305,0.0005935988156124949,0.43684571981430054,0.00048457246157340705,0.0005147950141690671,0.47158345580101013,0.014197786338627338,0.005930489860475063,0.00787371676415205,0.3398267328739166,0.00597224198281765,0.0032440044451504946,0.0031338681001216173,0.2050480991601944
0008,000062,62,0.0004661600978579372,0.0006144194048829377,0.43097278475761414,0.00048481905832886696,0.0005121749709360301,0.4716297388076782,0.014139804989099503,0.005888129584491253,0.0079897940158844,0.33968254923820496,0.005867834202945232,0.002651486312970519,0.0030695884488523006,0.2060684859752655
0008,000063,63,0.0004771697276737541,0.0006469025393016636,0.4221659302711487,0.0005104632000438869,0.0005432512261904776,0.4694269001483917,0.014137393794953823,0.005771313328295946,0.008148759603500366,0.3395914137363434,0.006384188309311867,0.002152407541871071,0.0033544276375323534,0.20731306076049805
0008,000064,64,0.00047608636668883264,0.0006489615188911557,0.42116957902908325,0.0005381573573686182,0.0005776744219474494,0.4684670865535736,0.013310455717146397,0.005860555451363325,0.00771276094019413,0.33956050872802734,0.005518798716366291,0.002105299849063158,0.0029205267783254385,0.20819610357284546
0008,000065,65,0.0004727779305540025,0.0006485310150310397,0.4193717837333679,0.0005567196058109403,0.0006004899041727185,0.4680050313472748,0.012753302231431007,0.005895332433283329,0.007418240420520306,0.3395678699016571,0.005196140147745609,0.0020885479170829058,0.0027494493406265974,0.20896853506565094
0008,000066,66,0.000469507765956223,0.0006466269260272384,0.41881704330444336,0.0005643697804771364,0.000606156827416271,0.4687484800815582,0.012508740648627281,0.005882713943719864,0.007282130885869265,0.339575856924057,0.004711230285465717,0.0020454006735235453,0.0024931796360760927,0.2089037448167801
0008,000067,67,0.0004660576523747295,0.0006458308780565858,0.41681236028671265,0.0005585525650531054,0.0005973750958219171,0.46927717328071594,0.01238350011408329,0.005837698467075825,0.007221675012260675,0.3395622968673706,0.004974441137164831,0.0020640604197978973,0.0026197137776762247,0.20859366655349731
0008,000068,68,0.0004631739866454154,0.0006404748419299722,0.41671106219291687,0.0005564576131291687,0.0005987822078168392,0.46825000643730164,0.012552563101053238,0.005792031530290842,0.0072959051467478275,0.33954599499702454,0.0053178416565060616,0.002178777940571308,0.0028203423134982586,0.208157479763031
0008,000069,69,0.0004605140129569918,0.0006367770256474614,0.4165359437465668,0.0005460468237288296,0.0005791751900687814,0.4707449674606323,0.012681088410317898,0.005727189127355814,0.007357741706073284,0.3395533263683319,0.004911060910671949,0.0021701243240386248,0.0025756796821951866,0.20813050866127014
0008,000070,70,0.00046072929399088025,0.000636610493529588,0.4168102741241455,0.0005482244305312634,0.0005884190322831273,0.46899622678756714,0.012370086275041103,0.005717161577194929,0.007213161792606115,0.3395347595214844,0.00487543037161231,0.0022065951488912106,0.002570567186921835,0.208079993724823
0008,000071,71,0.00045811478048563004,0.00063484744168818,0.4160201847553253,0.0005463834386318922,0.0005841118982061744,0.46959787607192993,0.01242833025753498,0.00570314098149538,0.007250925060361624,0.3395460546016693,0.005301400553435087,0.002315893769264221,0.002782324096187949,0.20767207443714142
0008,000072,72,0.00046086666407063603,0.0006383144645951688,0.41605496406555176,0.0005481307161971927,0.0005907721933908761,0.4690266251564026,0.012401719577610493,0.005658685229718685,0.007226751651614904,0.3395341634750366,0.00526205962523818,0.0023522130213677883,0.0027854223735630512,0.20737901329994202
0008,000073,73,0.00046204254613257945,0.0006400507409125566,0.4165610074996948,0.000549230317119509,0.0005835675401613116,0.4703100323677063,0.012436196208000183,0.005654525011777878,0.007253207731992006,0.3395220935344696,0.005614990834146738,0.0024183860514312983,0.002952525857836008,0.20673637092113495
0008,000074,74,0.00046238244976848364,0.0006381049170158803,0.41727131605148315,0.0005365655524656177,0.0005678641027770936,0.4712682366371155,0.012494135648012161,0.005642415024340153,0.007268965244293213,0.3395109176635742,0.005519745405763388,0.0023864007089287043,0.0028902129270136356,0.20667578279972076
0008,000075,75,0.00046198980999179184,0.0006375213852152228,0.4173588454723358,0.0005422219401225448,0.0005870125605724752,0.467941552400589,0.012574657797813416,0.005652771331369877,0.0073248823173344135,0.33950063586235046,0.005461467429995537,0.00217488594353199,0.0029063040856271982,0.2071313112974167
0008,000076,76,0.00046189691056497395,0.0006382628926075995,0.4171994626522064,0.0005524470470845699,0.0005878963856957853,0.4705214500427246,0.012500891461968422,0.005652506370097399,0.007287297397851944,0.33952194452285767,0.005139948800206184,0.0021560261957347393,0.0027032275684177876,0.20711307227611542
0008,000077,77,0.0004616385558620095,0.0006373862852342427,0.4168049395084381,0.0005548433400690556,0.0005947123281657696,0.46944460272789,0.0125091802328825,0.005638778675347567,0.007282921113073826,0.33953458070755005,0.0048358687199652195,0.0020419240463525057,0.0025525568053126335,0.20745757222175598
0008,000078,78,0.0004608559829648584,0.0006332995253615081,0.4173758625984192,0.0005578483687713742,0.0005926191224716604,0.4707263112068176,0.01259633433073759,0.005645166151225567,0.007316483650356531,0.3395425081253052,0.004999883007258177,0.002080237725749612,0.002627309877425432,0.20756417512893677
0008,000079,79,0.000459038041299209,0.0006311218021437526,0.41734057664871216,0.0005546547472476959,0.0005913644563406706,0.4703609049320221,0.012639517895877361,0.005660128779709339,0.00733964703977108,0.33956363797187805,0.005105438642203808,0.0021100183948874474,0.002688461448997259,0.20755881071090698
0008,000080,80,0.0004576100909616798,0.0006266258424147964,0.41838690638542175,0.0005543524748645723,0.0005919727263972163,0.4710608720779419,0.012758356519043446,0.005688217468559742,0.007386408746242523,0.3395816683769226,0.005310329142957926,0.0022635292261838913,0.0027921267319470644,0.20714347064495087
0008,000081,81,0.00045494918595068157,0.0006215623579919338,0.4190894067287445,0.0005433667101897299,0.0005832240567542613,0.47008195519447327,0.012836124747991562,0.0057170698419213295,0.00741761876270175,0.3395977020263672,0.0051598818972706795,0.0023091912735253572,0.002723792800679803,0.20703907310962677
0008,000082,82,0.0004516827466432005,0.0006137664895504713,0.4202629625797272,0.0005469639436341822,0.0005926670855842531,0.4691413938999176,0.013119511306285858,0.005734000355005264,0.00753780547529459,0.3396397829055786,0.005892026703804731,0.0024715925101190805,0.003119611879810691,0.20651963353157043
0008,000083,83,0.0004467547114472836,0.0006030918448232114,0.42106905579566956,0.000551421835552901,0.0005972134531475604,0.46903854608535767,0.013372077606618404,0.005736498162150383,0.00763152027502656,0.3396977186203003,0.005840640980750322,0.0024399126414209604,0.0030850539915263653,0.2062993347644806
0008,000084,84,0.00043956507579423487,0.0005938717513345182,0.4217182397842407,0.0005542367580346763,0.000595073914155364,0.4704725444316864,0.013298951089382172,0.0057164872996509075,0.007598659489303827,0.33971792459487915,0.0066878898069262505,0.0028206948190927505,0.0035208025947213173,0.20475304126739502
0008,000085,85,0.00044034127495251596,0.000598243554122746,0.4208017885684967,0.000540784327313304,0.0005781215149909258,0.46993088722229004,0.01310949120670557,0.005724421702325344,0.0075403060764074326,0.3396461606025696,0.0049078320153057575,0.002656529424712062,0.0025868082884699106,0.20463864505290985
0008,000086,86,0.00044654589146375656,0.0006050515221431851,0.4212616980075836,0.0005466672591865063,0.0005833368632011116,0.4714069068431854,0.013383072800934315,0.005723548121750355,0.007680362556129694,0.33960145711898804,0.0055145444348454475,0.002679264871403575,0.002894981298595667,0.2040688842535019
0008,000087,87,0.0004567814467009157,0.0006190605345182121,0.4213489592075348,0.0005441337707452476,0.0005771826254203916,0.4715363681316376,0.013653760775923729,0.005684928502887487,0.007856657728552818,0.3395553529262543,0.005503158550709486,0.0024250794667750597,0.002877789083868265,0.2043142467737198
0008,000088,88,0.00046016526175662875,0.0006268188008107245,0.41940250992774963,0.00055098527809605,0.0005855411873199046,0.47053492069244385,0.013317928649485111,0.005725363735109568,0.007699360139667988,0.33955609798431396,0.006003358401358128,0.00210597924888134,0.003117114305496216,0.20540791749954224
0008,000089,89,0.0004604267596732825,0.0006203774828463793,0.42192885279655457,0.0005696662701666355,0.0006039306754246354,0.4713182747364044,0.0132107213139534,0.005753205623477697,0.007571092806756496,0.3395913541316986,0.005369881633669138,0.002061889972537756,0.0028089957777410746,0.2056533843278885
0008,000090,90,0.00045453730854205787,0.0006100905011408031,0.42338696122169495,0.0005644032498821616,0.0006031875964254141,0.47024795413017273,0.013200526125729084,0.005740616004914045,0.007527709007263184,0.3396548926830292,0.005188808310776949,0.002020827028900385,0.0027280731592327356,0.20599915087223053
0008,000091,91,0.0004477818147279322,0.0005925330333411694,0.4263691306114197,0.0005657972069457173,0.0006068696966394782,0.4708496630191803,0.013425745069980621,0.0056857336312532425,0.007587960921227932,0.33973386883735657,0.005895317532122135,0.0021154587157070637,0.0031002687755972147,0.2057000994682312
0008,000092,92,0.0004418681492097676,0.0005780516657978296,0.4288565218448639,0.0005618875729851425,0.0006039858562871814,0.47067341208457947,0.013757648877799511,0.00560629041865468,0.00770034734159708,0.33981189131736755,0.005850896239280701,0.0022903040517121553,0.0030910770874470472,0.2050580233335495
0008,000093,93,0.0004362280305940658,0.0005720429471693933,0.42906102538108826,0.0005591507069766521,0.0006023722817189991,0.4708111584186554,0.013696565292775631,0.005628820508718491,0.007709312252700329,0.3398101031780243,0.006883689202368259,0.0026562584098428488,0.003627754980698228,0.20358340442180634
0008,000094,94,0.0004385952197480947,0.0005754536832682788,0.4288042187690735,0.0005385081749409437,0.0005717247258871794,0.47236010432243347,0.014020941220223904,0.0056715430691838264,0.00790192000567913,0.3397579789161682,0.005532257724553347,0.0024443818256258965,0.0028913819696754217,0.20387309789657593
0008,000095,95,0.00044872279977425933,0.0005910480977036059,0.42755866050720215,0.0005451167235150933,0.0005808708956465125,0.4711668789386749,0.014168507419526577,0.005740332417190075,0.008045610040426254,0.3396582007408142,0.005613262765109539,0.002299264771863818,0.0029411260038614273,0.20419831573963165
0008,000096,96,0.0004580304666887969,0.0006144504877738655,0.4226645827293396,0.0005571340443566442,0.0005949295591562986,0.47016337513923645,0.01410896796733141,0.0057875849306583405,0.008126872591674328,0.33961284160614014,0.006089731119573116,0.0020949956960976124,0.0031979531049728394,0.20495755970478058
0008,000097,97,0.00046341598499566317,0.0006226692348718643,0.4219638705253601,0.0005696406587958336,0.0005978700355626643,0.4724085330963135,0.01354308146983385,0.005847590509802103,0.007806769106537104,0.3396046459674835,0.006298448424786329,0.0021472808439284563,0.003271465189754963,0.20502255856990814
0008,000098,98,0.00046152889262884855,0.000621835992205888,0.421141117811203,0.0005683554336428642,0.0006077794823795557,0.4697871208190918,0.013228442519903183,0.005871665198355913,0.007616895250976086,0.33961400389671326,0.005342221353203058,0.00205390527844429,0.002807896351441741,0.20557668805122375
0008,000099,99,0.0004580211534630507,0.0006126644439063966,0.42261531949043274,0.0005780931096524,0.0006167622050270438,0.47144487500190735,0.013448064215481281,0.005842790473252535,0.007682349067181349,0.3396349251270294,0.005779531318694353,0.002156834350898862,0.003036602633073926,0.2050728052854538
0008,000100,100,0.00045398110523819923,0.0005996941472403705,0.4253981113433838,0.0005667005316354334,0.0006097194273024797,0.47080379724502563,0.01365517545491457,0.00577975157648325,0.0077394056133925915,0.33966732025146484,0.005807164590805769,0.0022234420757740736,0.0030575261916965246,0.2047552764415741
0008,000101,101,0.00045034149661660194,0.000584004505071789,0.4288714528083801,0.000565050751902163,0.0006060830783098936,0.47225090861320496,0.013924356549978256,0.00569932023063302,0.007819208316504955,0.33974123001098633,0.006417485419660807,0.0023677125573158264,0.0033711863216012716,0.20420315861701965
0008,000102,102,0.00044737139251083136,0.0005788013222627342,0.4302845299243927,0.0005688427481800318,0.0006263527902774513,0.4680803120136261,0.014276151545345783,0.00568212429061532,0.008036856539547443,0.33975642919540405,0.006502391770482063,0.0024778437800705433,0.0034734245855361223,0.20388169586658478
0008,000103,103,0.00044736918061971664,0.000578949402552098,0.4300808906555176,0.0005755619495175779,0.0006167747778818011,0.4710765480995178,0.014023873023688793,0.005731427576392889,0.007920335046947002,0.3397344648838043,0.005924310069531202,0.002505931071937084,0.0031151629518717527,0.2035832703113556
0008,000104,104,0.0004442166246008128,0.0005883186240680516,0.42558997869491577,0.0005679109017364681,0.0006017651176080108,0.47083932161331177,0.014124389737844467,0.005754625424742699,0.008096881210803986,0.3396638333797455,0.006301894783973694,0.0021468577906489372,0.003291036933660507,0.20469187200069427
0008,000105,105,0.00044475222239270806,0.0005918546812608838,0.42448508739471436,0.0005804550601169467,0.0006090524839237332,0.47241532802581787,0.013707456178963184,0.005836525000631809,0.007895874790847301,0.33963823318481445,0.005841510836035013,0.0020992085337638855,0.003032576758414507,0.20523352921009064
0008,000106,106,0.0004405963118188083,0.0005859389784745872,0.42480790615081787,0.000576524471398443,0.0006148572429083288,0.47047120332717896,0.01354833785444498,0.005839567165821791,0.007790347561240196,0.3396260440349579,0.005626288708299398,0.002058237325400114,0.0029475721530616283,0.2059600055217743
0008,000107,107,0.0004356539575383067,0.0005719091859646142,0.42758747935295105,0.0005765502573922276,0.000611181661952287,0.47176891565322876,0.01366194523870945,0.005802215542644262,0.007796806283295155,0.3396341800689697,0.005430406890809536,0.0020122239366173744,0.002841169247403741,0.20681016147136688
0008,000108,108,0.0004313585814088583,0.0005632332758978009,0.42922937870025635,0.0005806839908473194,0.0006220641080290079,0.4702437222003937,0.013548282906413078,0.0057981074787676334,0.007681790739297867,0.33967840671539307,0.00553138880059123,0.0019984517712146044,0.0029054090846329927,0.20766088366508484
0008,000109,109,0.00043527112575247884,0.0005626199999824166,0.43162742257118225,0.0005783290835097432,0.000619038415607065,0.47095876932144165,0.013526859693229198,0.005796652752906084,0.007598716299980879,0.3397243320941925,0.0060375104658305645,0.0020468393340706825,0.0031696876976639032,0.20844323933124542
0008,000110,110,0.00043303522397764027,0.0005638814764097333,0.43042296171188354,0.0005778222111985087,0.0006184366066008806,0.4710001051425934,0.013599998317658901,0.005812451243400574,0.007671861443668604,0.3397395610809326,0.006613034289330244,0.002046857727691531,0.003467151429504156,0.20743708312511444
0008,000111,111,0.00043550413101911545,0.0005685951327905059,0.43014004826545715,0.0005557801341637969,0.0005978703848086298,0.4708552956581116,0.013533049263060093,0.005815571639686823,0.007653662469238043,0.33973413705825806,0.00613025389611721,0.002184912096709013,0.0032233530655503273,0.20664934813976288
0008,000112,112,0.00043736715451814234,0.0005749035044573247,0.4283044934272766,0.000547691888641566,0.000589997973293066,0.4690651297569275,0.013672197237610817,0.005816534627228975,0.007767254952341318,0.3397218883037567,0.00573088089004159,0.00214842869900167,0.003027150174602866,0.20716631412506104
0008,000113,113,0.00044613194768317044,0.0005833673640154302,0.4280170798301697,0.0005508188623934984,0.0005898391245864332,0.4704394042491913,0.013760020956397057,0.0057975188829004765,0.007798325270414352,0.3396857976913452,0.005735874176025391,0.0020704208873212337,0.0030086152255535126,0.20813705027103424
0008,000114,114,0.00044708477798849344,0.0005960891139693558,0.4228820502758026,0.0005615376867353916,0.0005992126534692943,0.47008016705513,0.013697355054318905,0.005800511222332716,0.007875927723944187,0.3396807909011841,0.005202429369091988,0.002028337912634015,0.0027370210736989975,0.20844236016273499
0008,000115,115,0.00044977827928960323,0.0005979664856567979,0.42380669713020325,0.000558667175937444,0.0005956719978712499,0.47040101885795593,0.013248330913484097,0.005862781312316656,0.007593714166432619,0.33967334032058716,0.005366631783545017,0.0020264459308236837,0.002817999105900526,0.20852147042751312
0008,000116,116,0.0004520682559814304,0.0006000126013532281,0.42432522773742676,0.0005495519726537168,0.0005889016319997609,0.46967941522598267,0.013312157243490219,0.005884157959371805,0.007612200453877449,0.3396550118923187,0.0056059048511087894,0.001982165267691016,0.002951581496745348,0.2094544619321823
0008,000117,117,0.0004466536338441074,0.0005968117038719356,0.42327791452407837,0.0005560333956964314,0.0005933417705819011,0.47039225697517395,0.012901093810796738,0.0058583482168614864,0.007409161888062954,0.33967840671539307,0.00542835146188736,0.001908628037199378,0.0028548415284603834,0.20927630364894867
0008,000118,118,0.00044037701445631683,0.0005899124662391841,0.42235180735588074,0.000546279305126518,0.000585730595048517,0.4696879982948303,0.012834961526095867,0.005837664939463139,0.007395392749458551,0.3396926820278168,0.005202422849833965,0.0018979343585669994,0.002747570164501667,0.20935963094234467
0008,000119,119,0.00043852487578988075,0.0005859248340129852,0.42269158363342285,0.000540267676115036,0.0005804234533570707,0.47009363770484924,0.012796645052731037,0.005800229497253895,0.007344517856836319,0.3397120237350464,0.005152617581188679,0.0019508914556354284,0.0027162954211235046,0.20944622159004211
0008,000120,120,0.0004360799794085324,0.0005822183447889984,0.4222863018512726,0.0005322883953340352,0.0005624669138342142,0.47150108218193054,0.012791380286216736,0.005811041221022606,0.007352743297815323,0.3397194445133209,0.005407405085861683,0.002000058302655816,0.002829678123816848,0.20916801691055298
0008,000121,121,0.00043587517575360835,0.0005828539724461734,0.42181286215782166,0.000520980276633054,0.0005552464281208813,0.47055909037590027,0.012844369746744633,0.005789412651211023,0.0073866755701601505,0.33972203731536865,0.005098247434943914,0.002055591670796275,0.002681475132703781,0.20893551409244537
0008,000122,122,0.0004359463637229055,0.0005827928544022143,0.4214170277118683,0.0005135947722010314,0.0005455517093650997,0.4708225429058075,0.012842059135437012,0.005760303698480129,0.00738157145678997,0.339709997177124,0.005156915169209242,0.0020650208462029696,0.0027067437767982483,0.20892201364040375
0008,000123,123,0.00043464964255690575,0.0005813948810100555,0.42050501704216003,0.0005127055337652564,0.0005456252838484943,0.4709029793739319,0.013036929070949554,0.00570830749347806,0.0074803330935537815,0.3397330045700073,0.005093047395348549,0.002083150902763009,0.0026797049213200808,0.20901302993297577
0008,000124,124,0.0004353013646323234,0.0005792156443931162,0.42103347182273865,0.0005121236899867654,0.000545186921954155,0.4713626205921173,0.013250080868601799,0.005663040094077587,0.007585774175822735,0.33975183963775635,0.005512604024261236,0.0020716541912406683,0.0028913510031998158,0.2090081423521042
0008,000125,125,0.00043624889804050326,0.0005745525704696774,0.42278021574020386,0.0005109715275466442,0.0005421389359980822,0.4721156656742096,0.01351584866642952,0.005634311120957136,0.00773243373259902,0.3397402763366699,0.006260820664465427,0.002324051223695278,0.0032727383077144623,0.20820990204811096
0008,000126,126,0.0004371146787889302,0.000573251920286566,0.4244532287120819,0.0004974839393980801,0.0005271625122986734,0.47121185064315796,0.013654905371367931,0.005616565700620413,0.007819881662726402,0.33971962332725525,0.005870428867638111,0.0023544160649180412,0.003073156578466296,0.20804889500141144
0008,000127,127,0.0004363064363133162,0.0005819957004860044,0.4219995439052582,0.0004992843605577946,0.0005288103129714727,0.47133174538612366,0.013386113569140434,0.005651484709233046,0.007722105365246534,0.3397146463394165,0.005865105893462896,0.002284612972289324,0.0030706902034580708,0.20820772647857666
0008,000128,128,0.0004395309370011091,0.0005852672620676458,0.42298272252082825,0.0005045172874815762,0.0005340257193893194,0.4713999032974243,0.013169054873287678,0.005683079361915588,0.007586800493299961,0.33969536423683167,0.0057270945981144905,0.002219368936493993,0.003002579789608717,0.20820209383964539
0008,000129,129,0.0004407383385114372,0.0005875183269381523,0.42351412773132324,0.0005079774418845773,0.0005403998075053096,0.47111353278160095,0.01317698322236538,0.005713382735848427,0.00756573723629117,0.339681476354599,0.005561226047575474,0.002232909668236971,0.002925517503172159,0.20834019780158997
0008,000130,130,0.00044397354940883815,0.0005881243851035833,0.42514896392822266,0.0005149903590790927,0.0005554725066758692,0.4692627191543579,0.013184082694351673,0.005760259460657835,0.007550887763500214,0.33965978026390076,0.005554714240133762,0.0022457349114120007,0.0029462126549333334,0.20809262990951538
0008,000131,131,0.00044669039198197424,0.0005905345897190273,0.42596372961997986,0.0005167194758541882,0.000550661061424762,0.47101640701293945,0.013146847486495972,0.005781413987278938,0.007505227345973253,0.3396558165550232,0.005266921129077673,0.0022573014721274376,0.002768079051747918,0.20798034965991974
0008,000132,132,0.0004464988596737385,0.0005915564252063632,0.42528867721557617,0.0005125653697177768,0.0005417241482064128,0.4720514416694641,0.013136089779436588,0.005754821468144655,0.007487978786230087,0.33968135714530945,0.005369800608605146,0.002149940701201558,0.002809271216392517,0.20850522816181183
0008,000133,133,0.0004463396908249706,0.0005904628778807819,0.42500483989715576,0.0005164857138879597,0.0005447043804451823,0.4728665351867676,0.01322623435407877,0.005734538659453392,0.007540515623986721,0.33968526124954224,0.006484335288405418,0.0023604463785886765,0.003387708682566881,0.20753882825374603
0008,000134,134,0.00044483706005848944,0.0005883693811483681,0.42492595314979553,0.0005058121168985963,0.0005422504618763924,0.47009557485580444,0.013170771300792694,0.005729315802454948,0.007502904161810875,0.3396852910518646,0.005280151963233948,0.0023603199515491724,0.0027855411171913147,0.20748332142829895
0008,000135,135,0.0004475958412513137,0.0005869101732969284,0.4265996813774109,0.0005098700639791787,0.0005410241428762674,0.4717296063899994,0.013256548903882504,0.0057090288028120995,0.007498893886804581,0.3397270143032074,0.005122390575706959,0.002259961562231183,0.002685149433091283,0.20784316956996918
0008,000136,136,0.0004466280806809664,0.0005849868757650256,0.42613673210144043,0.0005133103695698082,0.0005455581704154611,0.47206294536590576,0.01333048939704895,0.005700442474335432,0.007544700521975756,0.3397336006164551,0.00546705536544323,0.002318582497537136,0.002866386668756604,0.2077571302652359
0008,000137,137,0.00044599748798646033,0.0005820051301270723,0.4266582429409027,0.0005131369107402861,0.0005443263798952103,0.4712614417076111,0.013391559012234211,0.005667939316481352,0.007577850017696619,0.33974313735961914,0.005342915654182434,0.0022809042129665613,0.0027982336468994617,0.20790189504623413
0008,000138,138,0.0004436727031134069,0.000576298451051116,0.4272768497467041,0.0005132515216246247,0.0005443983827717602,0.4716337323188782,0.013609405606985092,0.005624277982860804,0.00769237894564867,0.33976277709007263,0.005678944289684296,0.002174773719161749,0.0029760138131678104,0.20810943841934204
0008,000139,139,0.00044075495679862797,0.0005701696500182152,0.42758649587631226,0.0005100466660223901,0.0005372855812311172,0.4724903106689453,0.013807583600282669,0.0056180572137236595,0.007822849787771702,0.33978036046028137,0.005524145904928446,0.0021722265519201756,0.00287845847196877,0.20845988392829895
0008,000140,140,0.0004400310281198472,0.0005732251447625458,0.4263308346271515,0.000515940017066896,0.0005512374336831272,0.4705105721950531,0.013652483932673931,0.0056101977825164795,0.007768130395561457,0.3397902846336365,0.00528850220143795,0.0021053843665868044,0.0027812316548079252,0.20869028568267822
0008,000141,141,0.0004430752887856215,0.0005786627298220992,0.4258514940738678,0.0005173134268261492,0.0005490008625201881,0.47143110632896423,0.013611205853521824,0.0056207976303994656,0.00769929401576519,0.3397977352142334,0.005608361214399338,0.0021449094638228416,0.002941150451079011,0.20883306860923767
0008,000142,142,0.0004444743972271681,0.0005784740205854177,0.426144003868103,0.0005166067276149988,0.0005538631230592728,0.4710780680179596,0.01384882815182209,0.0055971331894397736,0.007790204603224993,0.3397800326347351,0.006123538129031658,0.0022949385456740856,0.0032362870406359434,0.20856459438800812
0008,000143,143,0.00044540283852256835,0.0005771881551481783,0.42739230394363403,0.0005179550498723984,0.0005613272078335285,0.46947258710861206,0.013647520914673805,0.0056357854045927525,0.007687491364777088,0.33978110551834106,0.005590671207755804,0.0023563243448734283,0.0029634106904268265,0.20849217474460602
0008,000144,144,0.00044754549162462354,0.0005799488862976432,0.42725154757499695,0.0005221342435106635,0.0005604267935268581,0.47066113352775574,0.013339921832084656,0.00569008057937026,0.007562366779893637,0.33977729082107544,0.005513244308531284,0.002358660800382495,0.0029037122149020433,0.2085108458995819
0008,000145,145,0.0004451571439858526,0.0005803530802950263,0.4265686869621277,0.0005232201656326652,0.0005659031448885798,0.4691823422908783,0.013285926543176174,0.005673338659107685,0.0075379349291324615,0.33978092670440674,0.005620602052658796,0.002244702074676752,0.002960024168714881,0.2091863602399826
0008,000146,146,0.00044411426642909646,0.0005832629976794124,0.42523568868637085,0.0005350937717594206,0.0005842907121405005,0.4682774543762207,0.013333560898900032,0.005635686684399843,0.007586971390992403,0.3397633135318756,0.005610079504549503,0.002270032651722431,0.0029787453822791576,0.20908041298389435
0008,000147,147,0.00044391638948582113,0.0005827761488035321,0.42482632398605347,0.0005323176737874746,0.0005785003886558115,0.469290554523468,0.013295285403728485,0.0056345802731812,0.0075715468265116215,0.3397594392299652,0.005289198365062475,0.0023026196286082268,0.002796134678646922,0.20926079154014587
0008,000148,148,0.0004424530197866261,0.000580296094994992,0.4251261055469513,0.0005309846601448953,0.0005745559465140104,0.4693734645843506,0.013500424101948738,0.005619017407298088,0.00766877131536603,0.3397514224052429,0.005170131102204323,0.002274161670356989,0.00272885849699378,0.20953139662742615
0008,000149,149,0.00044126794091425836,0.0005745766102336347,0.42616912722587585,0.000534430262632668,0.0005765968235209584,0.46966609358787537,0.013653567060828209,0.005620915442705154,0.007737652398645878,0.3397730886936188,0.005851623136550188,0.002243853872641921,0.0030893117655068636,0.20916619896888733
0008,000150,150,0.0004397051234263927,0.000578342645894736,0.4248155951499939,0.0005256678559817374,0.0005649504601024091,0.46950483322143555,0.013463705778121948,0.005619971547275782,0.007666631601750851,0.339771568775177,0.005353861954063177,0.002187814563512802,0.0028177585918456316,0.20935888588428497
0008,000151,151,0.0004398758173920214,0.0005846528802067041,0.42236045002937317,0.0005238291923888028,0.0005625422345474362,0.47038620710372925,0.013180025853216648,0.005627574399113655,0.007554277777671814,0.3397400677204132,0.005439445376396179,0.002083133440464735,0.002854927908629179,0.21008244156837463
0008,000152,152,0.00044183596037328243,0.0005878545925952494,0.4216853082180023,0.0005293527501635253,0.0005651662359014153,0.4707103967666626,0.013140352442860603,0.005638718139380217,0.007508724462240934,0.3397171199321747,0.0055532618425786495,0.0021229912526905537,0.0029231703374534845,0.21012629568576813
0008,000153,153,0.0004449142434168607,0.0005905157304368913,0.42173337936401367,0.0005252689006738365,0.0005653398111462593,0.4695812463760376,0.013261344283819199,0.005650585982948542,0.0075811161659657955,0.3397032618522644,0.005752947181463242,0.0022551894653588533,0.003033424261957407,0.20973923802375793
0008,000154,154,0.0004454997251741588,0.0005912006599828601,0.4219604432582855,0.0005202353931963444,0.0005639015580527484,0.46831879019737244,0.013467875309288502,0.005603459198027849,0.0076400223188102245,0.33968937397003174,0.005732438061386347,0.0022425029892474413,0.003026791149750352,0.2104625552892685
0008,000155,155,0.0004483588272705674,0.0005938073736615479,0.4215163588523865,0.0005306147504597902,0.0005722828791476786,0.4698176085948944,0.013696359470486641,0.005549194291234016,0.007762562017887831,0.3396691083908081,0.00591471791267395,0.002336794976145029,0.0031150360591709614,0.21049897372722626
0008,000156,156,0.0004511856532189995,0.0005966492462903261,0.4222244322299957,0.0005239720339886844,0.0005641437601298094,0.47010284662246704,0.013429204933345318,0.005577069241553545,0.007644974626600742,0.33965450525283813,0.005837658885866404,0.0024617675226181746,0.0030700289644300938,0.21020522713661194
0008,000157,157,0.00045489176409319043,0.0006009836215525866,0.42267683148384094,0.0005220815655775368,0.0005659912712872028,0.4690028727054596,0.013618985190987587,0.005577750038355589,0.007723760325461626,0.33965015411376953,0.006315452512353659,0.0025490669067949057,0.0033425416331738234,0.2097092568874359
0008,000158,158,0.0004531888698693365,0.0006013570236973464,0.4212277829647064,0.0005148629425093532,0.0005552698276005685,0.46973779797554016,0.013574926182627678,0.005539730191230774,0.00771727180108428,0.33965134620666504,0.006019792053848505,0.0025061878841370344,0.0031721892300993204,0.2096157968044281
0008,000159,159,0.0004561797541100532,0.0006047133938409388,0.421370267868042,0.0005122455768287182,0.0005527710891328752,0.4692615270614624,0.01354377344250679,0.005524398293346167,0.007703329436480999,0.33967119455337524,0.006028239615261555,0.002474151784554124,0.0031768684275448322,0.209787055850029
0008,000160,160,0.00045362371020019054,0.0006027586641721427,0.4203270375728607,0.0005115835811011493,0.0005497097736224532,0.46955639123916626,0.013323279097676277,0.005544949322938919,0.00759326433762908,0.33969175815582275,0.006054353434592485,0.0023324822541326284,0.0031851858366280794,0.21096687018871307
0008,000161,161,0.0004489754792302847,0.00059428287204355,0.4209171533584595,0.0005209602531976998,0.0005605695769190788,0.46944329142570496,0.014229894615709782,0.005496727302670479,0.008020265027880669,0.339709609746933,0.00696964655071497,0.002276100916787982,0.0036470128688961267,0.21169596910476685
0008,000162,162,0.00044788134982809424,0.000590704323258251,0.421451210975647,0.0005237132427282631,0.0005641377647407353,0.46994319558143616,0.014344905503094196,0.005490893963724375,0.00808652676641941,0.33971109986305237,0.007053837180137634,0.0024376017972826958,0.0036908257752656937,0.21242596209049225
0008,000163,163,0.00044556244392879307,0.0005840472294948995,0.4221392571926117,0.0005189641378819942,0.0005558156408369541,0.46997568011283875,0.013802943751215935,0.0055847447365522385,0.007839903235435486,0.3397162854671478,0.006415414623916149,0.0024919298011809587,0.0033552921377122402,0.21329879760742188
0008,000164,164,0.00044363559572957456,0.0005808349815197289,0.4224969744682312,0.0005182918393984437,0.0005544516607187688,0.470424085855484,0.013412565924227238,0.005601061042398214,0.007640977390110493,0.33972325921058655,0.005851413123309612,0.0024281491059809923,0.0030636426527053118,0.21322645246982574
0008,000165,165,0.0004413914866745472,0.0005809206049889326,0.42145878076553345,0.0005131104844622314,0.0005575977847911417,0.4682356119155884,0.013687788508832455,0.0055449833162128925,0.00778336962684989,0.3397230803966522,0.006053751800209284,0.0022804865147918463,0.003208527807146311,0.2130066454410553
0008,000166,166,0.0004407934902701527,0.0005821091472171247,0.42102760076522827,0.0004985793493688107,0.0005307120154611766,0.4705086648464203,0.01341648492962122,0.005559999030083418,0.0076746949926018715,0.33972933888435364,0.005773021839559078,0.002298264531418681,0.0030174744315445423,0.21326522529125214
0008,000167,167,0.0004401399346534163,0.0005805252003483474,0.4211946129798889,0.0004887193790636957,0.0005182461463846266,0.4714870750904083,0.013534015975892544,0.005550753325223923,0.007718463893979788,0.3397233784198761,0.005753896664828062,0.0022474799770861864,0.0030035346280783415,0.21346022188663483
0008,000168,168,0.00043721141992136836,0.0005775574827566743,0.42163029313087463,0.00048535221139900386,0.0005215805722400546,0.46910029649734497,0.013472017832100391,0.005558887962251902,0.007716990076005459,0.33972984552383423,0.005493811797350645,0.002149429405108094,0.002897698665037751,0.21343262493610382
0008,000169,169,0.0004391252587083727,0.0005792341544292867,0.42257532477378845,0.00048110782518051565,0.000513905833940953,0.4696856737136841,0.013525222428143024,0.005551935639232397,0.007722426671534777,0.3397236466407776,0.005828571505844593,0.00207242532633245,0.003064672462642193,0.21384406089782715
0008,000170,170,0.00043920413008891046,0.0005824104882776737,0.42221498489379883,0.0004842130292672664,0.0005186211783438921,0.4696422219276428,0.01389994751662016,0.005499457940459251,0.007902124896645546,0.33970633149147034,0.0064190649427473545,0.002142091514542699,0.0033731393050402403,0.21347777545452118
0008,000171,171,0.000445041834609583,0.000590376032050699,0.4226927161216736,0.0004800069145858288,0.0005157510749995708,0.46932366490364075,0.014299320057034492,0.005468968767672777,0.008112200535833836,0.33967188000679016,0.006711042020469904,0.0022681448608636856,0.003538284683600068,0.21297261118888855
0008,000172,172,0.00044875021558254957,0.0005942554562352598,0.4225223958492279,0.0004771217063535005,0.0005152723169885576,0.4687669277191162,0.013825868256390095,0.005547704175114632,0.007882780395448208,0.33966004848480225,0.00646574329584837,0.0024994276463985443,0.0034281015396118164,0.21215227246284485
0008,000173,173,0.0004488881095312536,0.000591750314924866,0.4237334132194519,0.00047579756937921047,0.00051437399815768,0.4691459834575653,0.013704692013561726,0.0055816625244915485,0.007806946523487568,0.33965086936950684,0.005957349203526974,0.002563179237768054,0.003151209792122245,0.21163253486156464
0008,000174,174,0.0004475114110391587,0.0005911472253501415,0.4240906238555908,0.0004733811947517097,0.0005078832618892193,0.4694732427597046,0.013703742064535618,0.00559395644813776,0.007804477587342262,0.33965978026390076,0.005556248128414154,0.00240112841129303,0.00292175798676908,0.21187034249305725
0008,000175,175,0.00044363076449371874,0.0005901701515540481,0.4222569763660431,0.0004806967917829752,0.0005174521938897669,0.4694400131702423,0.013576819561421871,0.005604104604572058,0.007789264898747206,0.33964917063713074,0.005502998363226652,0.002321540378034115,0.002904791384935379,0.21204309165477753
0008,000176,176,0.00043931574327871203,0.0005894011701457202,0.4195192754268646,0.0004857037274632603,0.0005239787278696895,0.468923419713974,0.013397205621004105,0.00561080826446414,0.007718340028077364,0.3396309018135071,0.005605738610029221,0.0022312295623123646,0.002964477753266692,0.2123662233352661
0008,000177,177,0.0004390989779494703,0.0005887183360755444,0.4202205240726471,0.0004897639737464488,0.0005290276021696627,0.46869686245918274,0.013408438302576542,0.0056188758462667465,0.007731213700026274,0.33961400389671326,0.005666305311024189,0.002229448640719056,0.0029911608435213566,0.2123163938522339
0008,000178,178,0.00043852938688360155,0.0005891439504921436,0.4205615222454071,0.0004903080407530069,0.0005289359833113849,0.4695731997489929,0.013421834446489811,0.00564557034522295,0.007742103189229965,0.3396148383617401,0.005940274801105261,0.0023093747440725565,0.003138801082968712,0.21195009350776672
0008,000179,179,0.0004385497886687517,0.0005896356306038797,0.42068392038345337,0.00048658158630132675,0.0005227538640610874,0.4691130220890045,0.013226202689111233,0.005653726402670145,0.007634136360138655,0.3396102488040924,0.005331090651452541,0.002250141929835081,0.0028096993919461966,0.2120620310306549
0008,000180,180,0.0004365975328255445,0.0005896983784623444,0.42012134194374084,0.0004882542707491666,0.0005268448730930686,0.46885958313941956,0.013155125081539154,0.005649412516504526,0.007599061820656061,0.33960622549057007,0.005636331159621477,0.0023241546005010605,0.0029799300245940685,0.21164093911647797
0008,000181,181,0.0004355645796749741,0.0005915658548474312,0.4178832173347473,0.0004889416159130633,0.0005339709459803998,0.46720030903816223,0.01296849362552166,0.005649434868246317,0.007522776257246733,0.3396005630493164,0.0056048184633255005,0.0023095672950148582,0.0029849570710211992,0.2117287665605545
0008,000182,182,0.00043296196963638067,0.0005882089608348906,0.4176453948020935,0.0004930146969854832,0.0005273682763800025,0.469629168510437,0.01304748933762312,0.005654796026647091,0.00757084833458066,0.3395954966545105,0.005327167920768261,0.0023536132648587227,0.0028059440664947033,0.21128782629966736
0008,000183,183,0.00043457961874082685,0.0005885149003006518,0.41838979721069336,0.0004832914855796844,0.0005117260734550655,0.47079703211784363,0.012988959439098835,0.005647783633321524,0.007525456137955189,0.3395836651325226,0.00539676658809185,0.0022174890618771315,0.0028191134333610535,0.21178582310676575
0008,000184,184,0.0004349056107457727,0.0005899594980292022,0.41847819089889526,0.0004884174559265375,0.0005213560652919114,0.4699896275997162,0.013041486963629723,0.005645038094371557,0.0075446912087500095,0.3395950198173523,0.005496705416589975,0.002279941225424409,0.002893609693273902,0.21143685281276703
0008,000185,185,0.0004371940449345857,0.000590715033467859,0.41872262954711914,0.00048683007480576634,0.0005238137673586607,0.469640851020813,0.013072501868009567,0.005628430284559727,0.007564051542431116,0.3395824134349823,0.00548568507656455,0.0022577899508178234,0.0028921107295900583,0.21128803491592407
0008,000186,186,0.00043819929123856127,0.0005897670052945614,0.4197010099887848,0.00048005778808146715,0.0005068225436843932,0.47197338938713074,0.013178900815546513,0.005629307124763727,0.0076002697460353374,0.3395903408527374,0.005640700459480286,0.002160862786695361,0.0029380968771874905,0.2116854041814804
0008,000187,187,0.0004401328042149544,0.0005919222021475434,0.4205836355686188,0.00048174941912293434,0.0005153424572199583,0.46974942088127136,0.013308106921613216,0.005608892999589443,0.007646262180060148,0.33958888053894043,0.005637710448354483,0.0021490808576345444,0.0029658188577741385,0.21182571351528168
0008,000188,188,0.0004439075419213623,0.0005925369332544506,0.4217701256275177,0.0004870565899182111,0.0005239739548414946,0.46919721364974976,0.01348346658051014,0.005627830047160387,0.007725110277533531,0.3396098017692566,0.005960471462458372,0.0022858043666929007,0.0031468584202229977,0.2114834189414978
0008,000189,189,0.00044272554805502295,0.0005911916377954185,0.4215984642505646,0.00048452860210090876,0.0005201276508159935,0.4697209894657135,0.013485870324075222,0.005623409524559975,0.00772891566157341,0.3396095633506775,0.00558991264551878,0.0022624994162470102,0.0029411539435386658,0.21129053831100464
0008,000190,190,0.0004431249399203807,0.0005926445592194796,0.4205563962459564,0.0004884792142547667,0.0005266420776024461,0.4694474935531616,0.013458079658448696,0.005607023369520903,0.007729207165539265,0.33959436416625977,0.005801515653729439,0.0023227068595588207,0.0030577031429857016,0.21081849932670593
0008,000191,191,0.000438891991507262,0.0005900198593735695,0.4190623164176941,0.0004874281003139913,0.0005253764684312046,0.46966996788978577,0.01317337155342102,0.005598994437605143,0.0076142423786222935,0.3396066427230835,0.005418677814304829,0.002373655326664448,0.002870772732421756,0.2106425017118454
0008,000192,192,0.0004393851850181818,0.0005901244003325701,0.41995689272880554,0.00048195262206718326,0.0005108448094688356,0.4712401032447815,0.013296686112880707,0.0056170388124883175,0.0076710935682058334,0.3396098017692566,0.0052186110988259315,0.0021125194616615772,0.0027296720072627068,0.2113032042980194
0008,000193,193,0.000438953866250813,0.0005901994300074875,0.41855350136756897,0.0004913110751658678,0.0005286119994707406,0.46971389651298523,0.013083632104098797,0.005608866456896067,0.007564971223473549,0.3395894169807434,0.004922591149806976,0.002106292638927698,0.002592578064650297,0.2112240046262741
0008,000194,194,0.00043809949420392513,0.0005905469879508018,0.4176512062549591,0.0004867921525146812,0.0005207846406847239,0.47065386176109314,0.012921920046210289,0.00560983968898654,0.00748006347566843,0.33962470293045044,0.0049442993476986885,0.0021169986575841904,0.0026023411191999912,0.21141256392002106
0008,000195,195,0.00043565372470766306,0.0005885397549718618,0.41704061627388,0.0004886715323664248,0.0005253545823507011,0.4700002074241638,0.012884330935776234,0.005602753721177578,0.007470041047781706,0.3396262526512146,0.005105718970298767,0.002240536967292428,0.002698519267141819,0.21090257167816162
0008,000196,196,0.0004361674655228853,0.0005886228173039854,0.4172391891479492,0.0004815903084818274,0.0005152306985110044,0.4703739583492279,0.013065981678664684,0.005605849903076887,0.007567241322249174,0.33962395787239075,0.004812153056263924,0.002237261738628149,0.0025335168465971947,0.2108744978904724
0008,000197,197,0.00043605139944702387,0.0005886137369088829,0.41728711128234863,0.00047871776041574776,0.0005088604521006346,0.4704323410987854,0.01306918915361166,0.005603221710771322,0.007558232638984919,0.3396250605583191,0.004977465141564608,0.0021545158233493567,0.0026083055417984724,0.21128392219543457
0008,000198,198,0.0004365617351140827,0.0005908221355639398,0.41673925518989563,0.0004823154304176569,0.0005144351744093001,0.4702111780643463,0.013155020773410797,0.005587540566921234,0.0076213316060602665,0.3396115303039551,0.004915757570415735,0.0020626047626137733,0.002581648761406541,0.2114410549402237
0008,000199,199,0.0004390403628349304,0.0005931069026701152,0.41734474897384644,0.00048695376608520746,0.0005224100896157324,0.469659686088562,0.013173537328839302,0.005565111059695482,0.0076229628175497055,0.33960816264152527,0.005103987641632557,0.002019505714997649,0.0026889536529779434,0.21154218912124634
0008,000200,200,0.00044012354919686913,0.000592706142924726,0.41779130697250366,0.00048376250197179615,0.0005170894437469542,0.47075268626213074,0.01316798571497202,0.005558119621127844,0.0076068066991865635,0.33962956070899963,0.0052303047850728035,0.0020830261055380106,0.0027587085496634245,0.21133321523666382
0008,000201,201,0.0004405220097396523,0.0005940287373960018,0.4179365634918213,0.00047698040725663304,0.0005094278603792191,0.47069358825683594,0.01323664840310812,0.005565199535340071,0.0076379855163395405,0.33963441848754883,0.0049885171465575695,0.0020638543646782637,0.002615720732137561,0.21178613603115082
0008,000202,202,0.0004434850998222828,0.000594886252656579,0.4190889000892639,0.000484218675410375,0.000521594425663352,0.46940645575523376,0.013221492059528828,0.005589048378169537,0.007612150628119707,0.33962956070899963,0.0052439309656620026,0.002142560202628374,0.0027673370204865932,0.21154212951660156
0008,000203,203,0.0004450744891073555,0.0005948254256509244,0.42004144191741943,0.0004813589621335268,0.0005161084700375795,0.47028449177742004,0.01327106636017561,0.00561932846903801,0.007621884811669588,0.33964526653289795,0.005118040833622217,0.002162817632779479,0.002692621201276779,0.2115173041820526
0008,000204,204,0.0004496594483498484,0.000599623890593648,0.42126551270484924,0.0004785739292856306,0.0005114407977089286,0.47048741579055786,0.013526945374906063,0.005575993098318577,0.00772775849327445,0.33964109420776367,0.005334259010851383,0.0021401536650955677,0.002798752160742879,0.21165524423122406
0008,000205,205,0.0004497423942666501,0.0005998491542413831,0.4215551018714905,0.0004790840030182153,0.0005103677394799888,0.47081658244132996,0.013627064414322376,0.005548557732254267,0.007785842288285494,0.3396196961402893,0.0056882197968661785,0.0021971326787024736,0.0029808981344103813,0.21157360076904297
0008,000206,206,0.00045255935401655734,0.0006047222996130586,0.42093226313591003,0.0004806600627489388,0.0005172427627258003,0.46996068954467773,0.013428984209895134,0.0056045036762952805,0.007701892405748367,0.3396328389644623,0.0059852623380720615,0.002357211196795106,0.0031553294975310564,0.21086475253105164
0008,000207,207,0.0004541231319308281,0.0006040590233169496,0.4219014346599579,0.0004734738904517144,0.0005092074279673398,0.46920233964920044,0.013743399642407894,0.005593250971287489,0.007819793187081814,0.33961594104766846,0.005462832748889923,0.002154449000954628,0.002878547180444002,0.21127185225486755
0008,000208,208,0.00044927294948138297,0.0005981058930046856,0.4218597412109375,0.00047939049545675516,0.0005112879443913698,0.47040489315986633,0.013916512951254845,0.005537412595003843,0.00792249757796526,0.33962976932525635,0.005884408950805664,0.002030454110354185,0.00307925371453166,0.21182392537593842
0008,000209,209,0.00044570351019501686,0.0005935641238465905,0.4218330383300781,0.00048352760495617986,0.0005177134298719466,0.46988430619239807,0.013584444299340248,0.00558185949921608,0.00777230691164732,0.3396410048007965,0.005611998029053211,0.002092415699735284,0.0029474329203367233,0.21178320050239563
0008,000210,210,0.0004421667254064232,0.0005899803945794702,0.42162954807281494,0.0004810052050743252,0.0005151701625436544,0.47023800015449524,0.013113770633935928,0.005636811256408691,0.007538483012467623,0.33965957164764404,0.005328615196049213,0.002211845712736249,0.0028060516342520714,0.21126416325569153
0008,000211,211,0.0004408408422023058,0.0005896580987609923,0.42143386602401733,0.00047637204988859594,0.0005120501737110317,0.4697823226451874,0.013089483603835106,0.0056476532481610775,0.007522079162299633,0.3396534025669098,0.004933205898851156,0.002209119265899062,0.0026000693906098604,0.21115832030773163
0008,000212,212,0.0004424534272402525,0.0005901604890823364,0.42195433378219604,0.000473905325634405,0.0005073901847936213,0.47048184275627136,0.013076042756438255,0.005674682091921568,0.0074949790723621845,0.3396553695201874,0.004848849028348923,0.0021493330132216215,0.0025469546671956778,0.21136891841888428
0008,000213,213,0.00044316015555523336,0.0005913671338930726,0.4220638573169708,0.0004853489517699927,0.0005205967463552952,0.4700300395488739,0.01311349868774414,0.0056599960662424564,0.007506943307816982,0.339631050825119,0.0060710422694683075,0.002369120018556714,0.0031988166738301516,0.21030668914318085
0008,000214,214,0.0004438730829861015,0.000593425880651921,0.421207994222641,0.0004690228379331529,0.0004977562930434942,0.47092583775520325,0.013056124560534954,0.005654826760292053,0.007490362506359816,0.33964574337005615,0.004777398891746998,0.0021731907036155462,0.002498710062354803,0.21076148748397827
0008,000215,215,0.0004431192355696112,0.0005938177928328514,0.42030036449432373,0.000481107592349872,0.0005179239669814706,0.4694135785102844,0.013047357089817524,0.0056524500250816345,0.007508086506277323,0.33963921666145325,0.005248507484793663,0.002250558463856578,0.002766662510111928,0.2104792594909668
0008,000216,216,0.0004412054840940982,0.0005902844131924212,0.4199957251548767,0.00048100968706421554,0.0005146035691723228,0.4704214930534363,0.01303806435316801,0.005658159032464027,0.007496277801692486,0.33964139223098755,0.005406247451901436,0.0024361899122595787,0.0028402323368936777,0.20971991121768951
0008,000217,217,0.0004407169471960515,0.0005926073645241559,0.4191729724407196,0.0004789851373061538,0.00051737274043262,0.46904677152633667,0.013138771057128906,0.0056397272273898125,0.007567496504634619,0.3396242558956146,0.004899655934423208,0.0022863622289150953,0.002590967109426856,0.20998914539813995
0008,000218,218,0.00044039339991286397,0.0005940508563071489,0.4186939001083374,0.0004915480967611074,0.0005284189828671515,0.4697877764701843,0.013028927147388458,0.0056169163435697556,0.0075284261256456375,0.33962738513946533,0.005002155434340239,0.0023115866351872683,0.002634819131344557,0.20983567833900452
0008,000219,219,0.0004396659496705979,0.0005948260659351945,0.4181174635887146,0.0004962031962350011,0.0005343107623048127,0.4686525762081146,0.013010875321924686,0.005584753584116697,0.00751465605571866,0.3396237790584564,0.004957802593708038,0.002287572016939521,0.002616742393001914,0.20966486632823944
0008,000220,220,0.0004408175591379404,0.0005954785156063735,0.4183615744113922,0.0005034098285250366,0.0005421937094070017,0.4692996144294739,0.013102333061397076,0.0055701169185340405,0.007565158419311047,0.33961546421051025,0.005258925724774599,0.002430150518193841,0.002780068898573518,0.2090684026479721
0008,000221,221,0.00044346682261675596,0.0005970483180135489,0.4189278781414032,0.0005021765828132629,0.000535145285539329,0.47107428312301636,0.012995408847928047,0.005594128742814064,0.007497785147279501,0.339603066444397,0.005511414259672165,0.0026333543937653303,0.002895760117098689,0.20815353095531464
0008,000222,222,0.00044686999171972275,0.0005979153793305159,0.42041537165641785,0.000490127073135227,0.000519002613145858,0.4709159731864929,0.013097967021167278,0.005635546986013651,0.007533180993050337,0.3396126925945282,0.004891084972769022,0.0022880774922668934,0.0025557405315339565,0.20902757346630096
0008,000223,223,0.0004473389417398721,0.000599634659010917,0.4191029965877533,0.0005057310336269438,0.0005433526239357889,0.4698241651058197,0.013054738752543926,0.0056320251896977425,0.007530260365456343,0.3396076560020447,0.004936589393764734,0.002312486059963703,0.002604409120976925,0.20878656208515167
0008,000224,224,0.0004473412118386477,0.000599223596509546,0.41871145367622375,0.0005038827657699585,0.0005363544332794845,0.4712645411491394,0.013020195066928864,0.005628819577395916,0.007498275954276323,0.3396291136741638,0.004700405523180962,0.0022439085878431797,0.0024620844051241875,0.20908410847187042
0008,000225,225,0.00044709956273436546,0.0005978922126814723,0.41905930638313293,0.0005097053945064545,0.0005438885418698192,0.47065332531929016,0.01300378330051899,0.005651886109262705,0.007494004443287849,0.33962395787239075,0.004715639166533947,0.002266958123072982,0.0024752041790634394,0.208901509642601
0008,000226,226,0.0004460815107449889,0.0005998701672069728,0.41766732931137085,0.0005070744664408267,0.0005437211948446929,0.46954602003097534,0.0131405433639884,0.00563792884349823,0.007585649378597736,0.3396066427230835,0.004653268959373236,0.002114773727953434,0.0024474135134369135,0.20929189026355743
0008,000227,227,0.00044616515515372157,0.0005992410006001592,0.4182661175727844,0.0005125106545165181,0.0005397281493060291,0.472403347492218,0.013189420104026794,0.005614761728793383,0.007596220355480909,0.3395845293998718,0.0056408983655273914,0.0023063754197210073,0.002938099205493927,0.20846159756183624
0008,000228,228,0.00044788356171920896,0.0005994808743707836,0.41917458176612854,0.0004996222560293972,0.0005296171293593943,0.47120147943496704,0.01301497407257557,0.005633687600493431,0.007497776765376329,0.3395991027355194,0.004833242390304804,0.0023070755414664745,0.0025275577791035175,0.20836572349071503
0008,000229,229,0.000447991507826373,0.0005985683528706431,0.42009589076042175,0.0004992387839592993,0.0005317785544320941,0.4710118770599365,0.013072658330202103,0.005670235026627779,0.007503363769501448,0.3396115005016327,0.004680877085775137,0.002198097063228488,0.00245093135163188,0.20855526626110077
0008,000230,230,0.0004491453291848302,0.0005973911029286683,0.42163971066474915,0.0005025148275308311,0.0005333919543772936,0.4713502526283264,0.013114684261381626,0.005673110019415617,0.007523427251726389,0.33961427211761475,0.00465426268056035,0.0021324006374925375,0.0024342909455299377,0.20887726545333862
0008,000231,231,0.00045068966574035585,0.0005964827141724527,0.4230514168739319,0.0005064738215878606,0.00054246123181656,0.4707969129085541,0.013282488100230694,0.005678202956914902,0.007586085703223944,0.339616984128952,0.004692576825618744,0.0020982231944799423,0.0024637712631374598,0.20885145664215088
0008,000232,232,0.0004495807515922934,0.0005947815952822566,0.4229240119457245,0.0005074520013295114,0.0005438579246401787,0.47032612562179565,0.013462856411933899,0.00563255837187171,0.007666938938200474,0.33963027596473694,0.004770427942276001,0.0020039931405335665,0.0025024169590324163,0.20929238200187683
0008,000233,233,0.00044827841338701546,0.0005929747712798417,0.42299583554267883,0.0005116063402965665,0.0005444103153422475,0.47157829999923706,0.013215387240052223,0.005635072011500597,0.007557244505733252,0.3396596908569336,0.004738318268209696,0.0019808465149253607,0.0024761618115007877,0.20973554253578186
0008,000234,234,0.00044869250268675387,0.0005921229021623731,0.4241205155849457,0.0005110025522299111,0.0005434954073280096,0.47100627422332764,0.01325675193220377,0.005644632037729025,0.007564275059849024,0.33965668082237244,0.00485322717577219,0.001963190268725157,0.00254398537799716,0.21010081470012665
0008,000235,235,0.00045000595855526626,0.0005932308849878609,0.4246438145637512,0.0005067776655778289,0.0005364685785025358,0.47193703055381775,0.013321761973202229,0.0056378100998699665,0.007588154170662165,0.3396432101726532,0.004984114319086075,0.0019987730775028467,0.002604605397209525,0.2101358324289322
0008,000236,236,0.0004517835914157331,0.0005933395004831254,0.42575642466545105,0.0004994443734176457,0.000530111778061837,0.4721848964691162,0.01342133991420269,0.0056227026507258415,0.0076329587027430534,0.33964377641677856,0.005063154269009829,0.0020257742144167423,0.002649093046784401,0.20999203622341156
0008,000237,237,0.00045285228407010436,0.0005919488030485809,0.42676544189453125,0.0004962284001521766,0.0005330422427505255,0.4707518219947815,0.013566497713327408,0.005628056824207306,0.007695008534938097,0.3396778702735901,0.005089097656309605,0.002085443353280425,0.0026775815058499575,0.20981723070144653
0008,000238,238,0.00045442397822625935,0.0005930628394708037,0.4270307421684265,0.0004975511110387743,0.0005362390074878931,0.4696659445762634,0.013601522892713547,0.005646122619509697,0.007711085490882397,0.3397080600261688,0.005396303720772266,0.002176328096538782,0.0028471294790506363,0.20956233143806458
0008,000239,239,0.000456748268334195,0.0005940125556662679,0.4281933903694153,0.0004912535077892244,0.000521389942150563,0.47181621193885803,0.013611381873488426,0.005681423936039209,0.007695996202528477,0.3397414982318878,0.004926999099552631,0.0021445828024297953,0.002578877145424485,0.20988810062408447
0008,000240,240,0.00045832101022824645,0.0005938338581472635,0.4291614592075348,0.0004906427930109203,0.0005198277649469674,0.4713055491447449,0.013584987260401249,0.005706203635782003,0.007661117240786552,0.33975332975387573,0.005298270378261805,0.002171131083741784,0.002759439405053854,0.21025127172470093
0008,000241,241,0.0004588873125612736,0.000590520619880408,0.43087321519851685,0.0004909394774585962,0.000523936003446579,0.47069692611694336,0.013746560551226139,0.005746541544795036,0.007737709209322929,0.3397636115550995,0.004919878207147121,0.00215461035259068,0.0025862008333206177,0.21023640036582947
0008,000242,242,0.0004618823586497456,0.0005903917481191456,0.4326280951499939,0.0004891520948149264,0.0005241272156126797,0.47019481658935547,0.01405168417841196,0.005732253659516573,0.007856592535972595,0.3397580087184906,0.005132906138896942,0.0020794537849724293,0.002701951889321208,0.21050436794757843
0008,000243,243,0.0004603822308126837,0.0005885370774194598,0.43391552567481995,0.0004921212093904614,0.0005247517838142812,0.4713444411754608,0.014048499055206776,0.005733144003897905,0.007852067239582539,0.3397558331489563,0.005526149645447731,0.0021955789998173714,0.0029012507293373346,0.2100912183523178
0008,000244,244,0.00045865177526138723,0.0005884715355932713,0.43341416120529175,0.0004831198893953115,0.0005138479173183441,0.4715927243232727,0.013974211178719997,0.005759011954069138,0.00784303154796362,0.33974161744117737,0.005292136687785387,0.0021598353050649166,0.002772205276414752,0.209975004196167
0008,000245,245,0.0004622148990165442,0.0005947850877419114,0.4336581826210022,0.0004784006450790912,0.0005076630041003227,0.47178372740745544,0.014249172993004322,0.005746147129684687,0.007979999296367168,0.339674711227417,0.005416437517851591,0.0020962755661457777,0.00283549795858562,0.21029219031333923
0008,000246,246,0.00046498270239681005,0.0005988582852296531,0.43397074937820435,0.0004845507792197168,0.0005169338546693325,0.47136184573173523,0.014400147832930088,0.00573458569124341,0.00804432388395071,0.33963683247566223,0.0056333099491894245,0.002120228484272957,0.002953912131488323,0.21038015186786652
0008,000247,247,0.00046865179319866,0.0006047528586350381,0.43396422266960144,0.0004866819945164025,0.0005197667051106691,0.4711834788322449,0.014153070747852325,0.005764191970229149,0.007928883656859398,0.33962494134902954,0.00566456001251936,0.0022084678057581186,0.0029758259188383818,0.21031935513019562
0008,000248,248,0.00047429121332243085,0.000607420050073415,0.43642759323120117,0.0004845194343943149,0.0005196037818677723,0.4704701900482178,0.014148399233818054,0.005830769892781973,0.007891976274549961,0.33959898352622986,0.005445027258247137,0.0021829218603670597,0.002862007822841406,0.2106863409280777
0008,000249,249,0.00047065483522601426,0.0006043208413757384,0.43507689237594604,0.0004903104854747653,0.0005280213663354516,0.470709890127182,0.01391402818262577,0.0058405776508152485,0.00778203085064888,0.33961063623428345,0.005404173396527767,0.002195364097133279,0.0028496694285422564,0.21078257262706757
0008,000250,250,0.00047154061030596495,0.0006036669365130365,0.4365499019622803,0.0004924861714243889,0.000530863821040839,0.4703441262245178,0.0139646390452981,0.005823047365993261,0.007764519192278385,0.33958446979522705,0.0056068310514092445,0.002229129895567894,0.002948689041659236,0.2108752727508545
0008,000251,251,0.00047039848868735135,0.000598499143961817,0.4378460943698883,0.0004888616967946291,0.0005277483724057674,0.47022745013237,0.01437123492360115,0.0057729678228497505,0.007928879000246525,0.339599609375,0.005557881202548742,0.0021634972654283047,0.002922770567238331,0.21133378148078918
0008,000252,252,0.0004724196041934192,0.0005988674238324165,0.43872570991516113,0.0004964307299815118,0.0005405630799941719,0.4689166247844696,0.014282542280852795,0.005778529681265354,0.007891902700066566,0.33957886695861816,0.005664309021085501,0.002229845616966486,0.002992631634697318,0.2115025818347931
0008,000253,253,0.0004715324321296066,0.000599024526309222,0.43845468759536743,0.0004975228803232312,0.000537827261723578,0.4699119031429291,0.014083919115364552,0.005778043530881405,0.007800548803061247,0.3395802080631256,0.00553731806576252,0.002315957099199295,0.0029248043429106474,0.21119315922260284
0008,000254,254,0.00047452124999836087,0.0006044189212843776,0.4376855492591858,0.0004918589838780463,0.0005287027452141047,0.4706259071826935,0.01438513956964016,0.005746703129261732,0.00795620959252119,0.33958327770233154,0.0057335104793310165,0.0023223236203193665,0.00302394712343812,0.2111901342868805
0008,000255,255,0.00047724362229928374,0.0006083373446017504,0.43691322207450867,0.000492683204356581,0.0005334902671165764,0.4695521593093872,0.014191916212439537,0.005765643436461687,0.00787891075015068,0.339589923620224,0.005953303538262844,0.0024532959796488285,0.003155520185828209,0.21079455316066742
0008,000256,256,0.00047640595585107803,0.0006101981271058321,0.43510007858276367,0.0004921777872368693,0.0005344910314306617,0.46954450011253357,0.014074604026973248,0.0057679577730596066,0.007842281833291054,0.33963605761528015,0.006040127016603947,0.0025413811672478914,0.0032087790314108133,0.2104574590921402
0008,000257,257,0.000472318526590243,0.0006125652580522001,0.43261003494262695,0.0005003006081096828,0.0005545177846215665,0.4666019380092621,0.014080229215323925,0.005778982304036617,0.007904937490820885,0.33965441584587097,0.005938940681517124,0.0025037259329110384,0.003210838884115219,0.21056373417377472
0008,000258,258,0.0004704864404629916,0.0006092917174100876,0.43283265829086304,0.0005125821917317808,0.0005685259820893407,0.4668325185775757,0.013889630325138569,0.005800674203783274,0.007778521161526442,0.3396742641925812,0.005594098474830389,0.002465764759108424,0.0030056617688387632,0.21098117530345917
0008,000259,259,0.00046824588207527995,0.0006059549050405622,0.4329170286655426,0.0005236490978859365,0.0005815078620798886,0.4671441912651062,0.014017350040376186,0.005785095039755106,0.007833150215446949,0.3396914601325989,0.00547885661944747,0.0024548228830099106,0.0029259275179356337,0.21135252714157104
0008,000260,260,0.0004669630143325776,0.0006063689943403006,0.4322095215320587,0.0005321749486029148,0.0005901337135583162,0.4669436514377594,0.014036135748028755,0.005779363214969635,0.007856065407395363,0.3397001028060913,0.0056894817389547825,0.0024826908484101295,0.0030376275535672903,0.21129511296749115
0008,000261,261,0.0004662100109271705,0.0006066375062800944,0.43266117572784424,0.0005246876389719546,0.0005768333794549108,0.46723484992980957,0.014135411009192467,0.005756308324635029,0.007909810170531273,0.3396892845630646,0.005446130875498056,0.0023950599133968353,0.0028898383025079966,0.21205347776412964
0008,000262,262,0.000469271995825693,0.0006087435758672655,0.43300917744636536,0.0005321456701494753,0.0005844329716637731,0.4673668146133423,0.01424187421798706,0.005731280893087387,0.007961651310324669,0.33969298005104065,0.005846396088600159,0.0024201322812587023,0.003115609521046281,0.21180368959903717
0008,000263,263,0.0004694613453466445,0.000614011543802917,0.4316655099391937,0.000523831753525883,0.0005758926272392273,0.46718400716781616,0.014258493669331074,0.005726074334233999,0.008006896823644638,0.3396604359149933,0.00589904747903347,0.0025001855101436377,0.003143899142742157,0.21144691109657288
0008,000264,264,0.0004732566303573549,0.0006179846823215485,0.4319089949131012,0.0005142074660398066,0.0005552222719416022,0.4689764976501465,0.01431912649422884,0.00573714217171073,0.008029100485146046,0.3396429419517517,0.00572917889803648,0.0024652485735714436,0.0030247934628278017,0.211503803730011
0008,000265,265,0.00047311888192780316,0.0006220554932951927,0.43057283759117126,0.0005099663394503295,0.0005462049157358706,0.4697924256324768,0.01421301905065775,0.005735582672059536,0.008001930080354214,0.3396177589893341,0.006150688044726849,0.002547531621530652,0.00322553189471364,0.21125511825084686
0008,000266,266,0.00047422602074220777,0.0006236162153072655,0.430544912815094,0.0004939446807838976,0.0005162432789802551,0.4735315144062042,0.014197654090821743,0.005729154217988253,0.007977770641446114,0.3396297097206116,0.006389967631548643,0.0026336340233683586,0.0033047713804990053,0.2108629196882248
0008,000267,267,0.0004757872084155679,0.0006260024383664131,0.4297720193862915,0.00047819348401390016,0.0005006678402423859,0.4721549153327942,0.014200912788510323,0.005733652971684933,0.007997835986316204,0.3396289050579071,0.0063379607163369656,0.0026203563902527094,0.003273662645369768,0.21100802719593048
0008,000268,268,0.00047235016245394945,0.0006275326013565063,0.42725610733032227,0.00047872020513750613,0.0005082919378764927,0.4706055819988251,0.013883493840694427,0.0057298848405480385,0.007877892814576626,0.33962294459342957,0.006846293341368437,0.002830642508342862,0.0035784754436463118,0.20998665690422058
0008,000269,269,0.000471582286991179,0.0006241219816729426,0.4274037480354309,0.00047129238373599946,0.00050223438302055,0.47045186161994934,0.013799797743558884,0.005709837190806866,0.007809645961970091,0.33962196111679077,0.00556901516392827,0.002653786912560463,0.0029361883644014597,0.2098199874162674
0008,000270,270,0.0004665246815420687,0.0006232061423361301,0.42457520961761475,0.000480197137221694,0.0005248183733783662,0.46811622381210327,0.013600438833236694,0.005689021199941635,0.007770978845655918,0.3396153748035431,0.006126392632722855,0.002476463792845607,0.003289052052423358,0.20987629890441895
0008,000271,271,0.0004644651198759675,0.0006221706280484796,0.4244166314601898,0.000487807032186538,0.0005259325844235718,0.4694560468196869,0.01396193727850914,0.005650979932397604,0.007945672608911991,0.3395918309688568,0.005820737686008215,0.0024530382361263037,0.003082555253058672,0.20994879305362701
0008,000272,272,0.0004658490070141852,0.00062020547920838,0.42619869112968445,0.0004938927595503628,0.0005260356119833887,0.47074222564697266,0.0142655735835433,0.005629341118037701,0.008071147836744785,0.3395969569683075,0.006368828471750021,0.002633115043863654,0.003338730661198497,0.20929045975208282
0008,000273,273,0.0004686469037551433,0.0006148164975456893,0.43013232946395874,0.0004843825299758464,0.0005062088021077216,0.4729325771331787,0.01428708154708147,0.005727407522499561,0.00805811770260334,0.33960384130477905,0.006392476614564657,0.0027803718112409115,0.003319411538541317,0.20851731300354004
0008,000274,274,0.0004695509560406208,0.0006129011744633317,0.4318603277206421,0.00047404144424945116,0.0004921226063743234,0.4736275374889374,0.01418482419103384,0.005781078245490789,0.007968969643115997,0.3396274745464325,0.006087303627282381,0.002754491986706853,0.003139047184959054,0.20836150646209717
0008,000275,275,0.00046943005872890353,0.0006064592744223773,0.43378129601478577,0.000472198793431744,0.0004928950220346451,0.4736410081386566,0.014401978813111782,0.005755965132266283,0.008039750158786774,0.3396616280078888,0.006429191213101149,0.0028319626580923796,0.0033350761514157057,0.2076995074748993
0008,000276,276,0.00046549661783501506,0.0006030818331055343,0.4331367313861847,0.00046845004544593394,0.000495057029183954,0.47163140773773193,0.014418516308069229,0.0057159061543643475,0.008063927292823792,0.3396816849708557,0.0056495023891329765,0.0026486690621823072,0.0029526948928833008,0.2078738957643509
0008,000277,277,0.0004595091741066426,0.0006013159872964025,0.4313147962093353,0.00048191045061685145,0.0005144067690707743,0.47085344791412354,0.014243501238524914,0.005698188673704863,0.008009890094399452,0.33969417214393616,0.005814783740788698,0.0024565875064581633,0.0030507284682244062,0.20824778079986572
0008,000278,278,0.0004591489559970796,0.0006005970644764602,0.43151015043258667,0.0004909976269118488,0.0005235968856140971,0.4706321656703949,0.014019175432622433,0.005722397472709417,0.00790499895811081,0.3396741449832916,0.0053498707711696625,0.0023249441292136908,0.002803530776873231,0.20890915393829346
0008,000279,279,0.00045633933041244745,0.0005973754450678825,0.43170806765556335,0.0005033771740272641,0.0005410269368439913,0.4701172411441803,0.013617036864161491,0.005739257670938969,0.007710216101258993,0.339666485786438,0.005354356020689011,0.002168209059163928,0.0028242748230695724,0.2096649557352066
0008,000280,280,0.00045243537169881165,0.0005994413513690233,0.42804640531539917,0.0005167400813661516,0.0005612320965155959,0.4690150022506714,0.013909241184592247,0.005609393585473299,0.007867530919611454,0.33963173627853394,0.005882348399609327,0.002055687364190817,0.0031168709974735975,0.20966200530529022
0008,000281,281,0.0004522546660155058,0.0006026583723723888,0.4269255995750427,0.0005209969822317362,0.0005646035424433649,0.4697303771972656,0.014232750050723553,0.005567277316004038,0.008064891211688519,0.3395802974700928,0.006562301889061928,0.002208308083936572,0.0034772297367453575,0.20899981260299683
0008,000282,282,0.0004536649794317782,0.0006062572938390076,0.42643535137176514,0.0005189361399970949,0.0005672136903740466,0.46940410137176514,0.013782159425318241,0.005640731193125248,0.00785244069993496,0.33958005905151367,0.00612674281001091,0.0024921514559537172,0.0032778384629637003,0.20830972492694855
0008,000283,283,0.0004518560308497399,0.0006025504553690553,0.4262580871582031,0.0005133862141519785,0.000558135739993304,0.46940237283706665,0.01333964616060257,0.005702655762434006,0.007621875964105129,0.3396185338497162,0.0051400186493992805,0.0025322847068309784,0.0027307234704494476,0.20815595984458923
0008,000284,284,0.0004500896902754903,0.0006002146983519197,0.4262591004371643,0.000514207873493433,0.0005554513772949576,0.47000306844711304,0.01341279037296772,0.005722427275031805,0.007649071514606476,0.3396407663822174,0.0048330435529351234,0.0024258047342300415,0.002550698583945632,0.20820412039756775
0008,000285,285,0.00044954076292924583,0.0006006949115544558,0.4259186387062073,0.0005169492214918137,0.0005557728582061827,0.47037550806999207,0.013431076891720295,0.005710567347705364,0.007655586116015911,0.33964139223098755,0.004841381683945656,0.0023307912051677704,0.002546115545555949,0.2083953320980072
0008,000286,286,0.0004513092862907797,0.0006020399741828442,0.4257868528366089,0.0005146274343132973,0.0005470786709338427,0.4715213179588318,0.013503732159733772,0.005715197417885065,0.007696729619055986,0.33963772654533386,0.004887158051133156,0.0022240737453103065,0.002552491845563054,0.2087833285331726
0008,000287,287,0.0004549965087790042,0.0006081632454879582,0.42589783668518066,0.0005157687119208276,0.0005495380028150976,0.47112900018692017,0.013487386517226696,0.005724191665649414,0.007683589588850737,0.33962395787239075,0.00494620855897665,0.0021039247512817383,0.0025850755628198385,0.20935945212841034
0008,000288,288,0.0004561300447676331,0.0006091954419389367,0.42569026350975037,0.0005178560968488455,0.0005525867454707623,0.47101280093193054,0.013453878462314606,0.005730059463530779,0.007665328681468964,0.33960631489753723,0.00541569571942091,0.002166040940210223,0.0028341396246105433,0.2091469019651413
0008,000289,289,0.00045580192818306386,0.00061163300415501,0.42521244287490845,0.0005105689051561058,0.0005434754421003163,0.4708824157714844,0.01348851528018713,0.00568526703864336,0.007678079418838024,0.3396075963973999,0.005194634664803743,0.0021818126551806927,0.0027205648366361856,0.20917627215385437
0008,000290,290,0.00045595658593811095,0.0006096589495427907,0.4257611632347107,0.000507415272295475,0.0005398704088293016,0.47089946269989014,0.013519633561372757,0.005673913285136223,0.007694361265748739,0.3396053910255432,0.005236610770225525,0.0021898469422012568,0.002743936376646161,0.2091572880744934
0008,000291,291,0.00045605527702718973,0.0006077051511965692,0.4264821708202362,0.000507294200360775,0.0005385202821344137,0.47149649262428284,0.013286883942782879,0.005709705874323845,0.0075633772648870945,0.3396134078502655,0.005179028958082199,0.0023143526632338762,0.0027140036690980196,0.2085496336221695
0008,000292,292,0.0004580763925332576,0.0006076386198401451,0.4274807870388031,0.0004971546004526317,0.0005314277368597686,0.470504492521286,0.013550905510783195,0.005693628918379545,0.007662464864552021,0.3396287262439728,0.005017793737351894,0.0020752742420881987,0.002635380020365119,0.20926478505134583
0008,000293,293,0.000458747788798064,0.0006084316992200911,0.427598237991333,0.0005093205836601555,0.0005432295147329569,0.47054076194763184,0.013354717753827572,0.005696095526218414,0.007553617469966412,0.33963367342948914,0.005528926383703947,0.002191349398344755,0.002908369991928339,0.2088438719511032
0008,000294,294,0.0004583261033985764,0.0006061109015718102,0.4276595711708069,0.00050866708625108,0.0005422063986770809,0.47109293937683105,0.013481076806783676,0.0057059177197515965,0.007610148750245571,0.3396402597427368,0.005509788636118174,0.0023733926936984062,0.002895830199122429,0.20813700556755066
0008,000295,295,0.000453976565040648,0.0006027236231602728,0.42716240882873535,0.0005011446191929281,0.0005385669064708054,0.4697488248348236,0.013398229144513607,0.005701738875359297,0.007587457541376352,0.33965054154396057,0.005209101364016533,0.0023391498252749443,0.0027532000094652176,0.20813551545143127
0008,000296,296,0.00045305074308998883,0.0006021227454766631,0.42689913511276245,0.0005062643904238939,0.0005398342036642134,0.4708385467529297,0.013186453841626644,0.005695813335478306,0.0074853538535535336,0.3396628499031067,0.005052627995610237,0.0023413042072206736,0.002648330060765147,0.2079637199640274
0008,000297,297,0.0004534025792963803,0.0006045379559509456,0.4257281422615051,0.0005088194739073515,0.0005386809934861958,0.47158244252204895,0.013518018648028374,0.005624951794743538,0.007637650705873966,0.33965370059013367,0.005454367958009243,0.002454944420605898,0.0028546308167278767,0.20725877583026886
0008,000298,298,0.00045578001299872994,0.0006108982488512993,0.4241158664226532,0.0005023419507779181,0.0005299962940625846,0.4719926416873932,0.013669203035533428,0.005591174587607384,0.007757449056953192,0.33960479497909546,0.005269375164061785,0.0024842885322868824,0.0027547581121325493,0.20696040987968445
0008,000299,299,0.00045920515549369156,0.0006147759268060327,0.4242132902145386,0.0005081509589217603,0.000543031026609242,0.47097092866897583,0.013349534012377262,0.005610521417111158,0.0076049151830375195,0.339565634727478,0.0057310848496854305,0.0026775612495839596,0.003018028801307082,0.20600251853466034
0008,000300,300,0.0004583202244248241,0.0006133101414889097,0.4246370196342468,0.0005043915007263422,0.0005347687983885407,0.47176381945610046,0.013487129472196102,0.005623768549412489,0.007664573844522238,0.3395748436450958,0.005148341413587332,0.002630189759656787,0.0026946126017719507,0.20581403374671936
0008,000301,301,0.0004581721732392907,0.0006118255550973117,0.4247588813304901,0.0005072408239357173,0.0005396055639721453,0.47101229429244995,0.01336620468646288,0.005634828936308622,0.007602082099765539,0.3395920991897583,0.004686687607318163,0.002370821312069893,0.0024585158098489046,0.20623965561389923
0008,000302,302,0.00045758270425722003,0.0006092172698117793,0.42573103308677673,0.0005170834483578801,0.0005496629164554179,0.47119519114494324,0.01314341090619564,0.005661715287715197,0.007467089220881462,0.3396109938621521,0.0043879966251552105,0.0022227074950933456,0.0022973986342549324,0.20654119551181793
0008,000303,303,0.00045260926708579063,0.0006064109620638192,0.4247073531150818,0.0005246162181720138,0.0005572314839810133,0.47122111916542053,0.01307710912078619,0.00568317249417305,0.007460387423634529,0.3396186828613281,0.004579040687531233,0.002223710063844919,0.0024043461307883263,0.20626406371593475
0008,000304,304,0.00045068986946716905,0.0006040108855813742,0.4244052469730377,0.0005220943130552769,0.0005550932255573571,0.4712638854980469,0.013325385749340057,0.005669672042131424,0.007575295865535736,0.339640736579895,0.004743000492453575,0.002090855035930872,0.0024836575612425804,0.20657379925251007
0008,000305,305,0.0004499571514315903,0.0005998000269755721,0.42560476064682007,0.0005256221629679203,0.0005590171786025167,0.47153744101524353,0.01380009576678276,0.005623301025480032,0.007809492293745279,0.3396253287792206,0.005172038450837135,0.0019992005545645952,0.002700795652344823,0.20725321769714355
0008,000306,306,0.0004512932791840285,0.0005943477735854685,0.42829689383506775,0.0005345151876099408,0.0005692458944395185,0.4718891382217407,0.013687590137124062,0.005652479827404022,0.007724390365183353,0.3396565914154053,0.005046151578426361,0.002049015136435628,0.0026405109092593193,0.20763280987739563
0008,000307,307,0.00045233473065309227,0.0005932139465585351,0.4294852912425995,0.0005347953410819173,0.0005709658144041896,0.47142744064331055,0.013647027313709259,0.00567877572029829,0.007691056467592716,0.3396764099597931,0.0050830659456551075,0.002016412792727351,0.002667536959052086,0.20780552923679352
0008,000308,308,0.0004523376701399684,0.0005938360700383782,0.4296661913394928,0.0005326955579221249,0.0005672165425494313,0.47137609124183655,0.013662264682352543,0.00568320881575346,0.007689706049859524,0.33967599272727966,0.005556839052587748,0.002072955947369337,0.0029128538444638252,0.20716282725334167
0008,000309,309,0.0004553933395072818,0.0005959752015769482,0.4316224753856659,0.0005254060379229486,0.000562789267860353,0.47066181898117065,0.013742580078542233,0.0056868623942136765,0.007714092265814543,0.33964914083480835,0.0050898403860628605,0.0020095626823604107,0.0026775298174470663,0.20715788006782532
0008,000310,310,0.00045461702393367887,0.0005987713811919093,0.43093711137771606,0.000523675698786974,0.0005593708483502269,0.4704611301422119,0.013504954986274242,0.005723218433558941,0.007601725868880749,0.3396355211734772,0.0048462278209626675,0.001942512346431613,0.0025482522323727608,0.20749999582767487
0008,000311,311,0.0004561974492389709,0.00060335110174492,0.42994239926338196,0.0005291803972795606,0.0005663617048412561,0.47044506669044495,0.013503593392670155,0.005742869805544615,0.007627833168953657,0.339600533246994,0.004865179304033518,0.0019249804317951202,0.002560888882726431,0.2077353149652481
0008,000312,312,0.00045828931615687907,0.0006033410900272429,0.43138211965560913,0.0005323024815879762,0.0005709072574973106,0.4703432619571686,0.013456787914037704,0.005758449900895357,0.007570620626211166,0.3396036624908447,0.004899508785456419,0.001959244254976511,0.0025837579742074013,0.2076895534992218
0008,000313,313,0.0004582872206810862,0.0006038474966771901,0.43161115050315857,0.0005289686378091574,0.000565019145142287,0.4706328213214874,0.01376389991492033,0.005723254289478064,0.007707034237682819,0.33961114287376404,0.004978676792234182,0.0019136950140818954,0.0026122448034584522,0.20814897119998932
0008,000314,314,0.0004596756480168551,0.0006046195048838854,0.43186551332473755,0.0005291124689392745,0.0005603192839771509,0.4721340835094452,0.013748991303145885,0.005713449325412512,0.0077071585692465305,0.33963441848754883,0.005117592867463827,0.002009397139772773,0.002673427341505885,0.2079845517873764
0008,000315,315,0.00045999197755008936,0.0006051308591850102,0.4311690330505371,0.000520523521117866,0.0005541517166420817,0.47121086716651917,0.01370237860828638,0.005753486417233944,0.007697666995227337,0.3396354913711548,0.0047726985067129135,0.002009056741371751,0.002502261893823743,0.2080894559621811
0008,000316,316,0.00045813637552782893,0.0006054356344975531,0.42944326996803284,0.0005180494626984,0.0005558160482905805,0.4701734185218811,0.0136491060256958,0.005713546648621559,0.007675912696868181,0.3396638035774231,0.004986450541764498,0.0019379716832190752,0.0026210248470306396,0.20876486599445343
0008,000317,317,0.00045769245480187237,0.0006038424908183515,0.4296388030052185,0.0005265868385322392,0.0005630719242617488,0.4707362651824951,0.013661036267876625,0.005713945720344782,0.0077109551057219505,0.33963820338249207,0.005091952160000801,0.0019704941660165787,0.0026687642093747854,0.20882084965705872
0008,000318,318,0.0004607207083608955,0.0006071426905691624,0.4294931888580322,0.0005243036430329084,0.0005615954287350178,0.4704028069972992,0.013467141427099705,0.005728556774556637,0.007603290490806103,0.33962202072143555,0.005068568512797356,0.002010751748457551,0.002671764697879553,0.20860730111598969
0008,000319,319,0.00046125915832817554,0.0006116940639913082,0.4279331564903259,0.0005222103209234774,0.0005666286451742053,0.468303382396698,0.013436242006719112,0.005719050765037537,0.007613572757691145,0.3396124541759491,0.00522402860224247,0.0019108291016891599,0.0027648669201880693,0.2095910608768463
0008,000320,320,0.0004617484228219837,0.0006129476241767406,0.42785847187042236,0.0005370674771256745,0.0005783729138784111,0.46943986415863037,0.013378003612160683,0.0057135699316859245,0.007578625343739986,0.3396131694316864,0.0054687331430613995,0.002025058027356863,0.002895043697208166,0.2091127187013626
0008,000321,321,0.0004626508161891252,0.0006121470942161977,0.42878225445747375,0.0005285495426505804,0.0005690246471203864,0.46946823596954346,0.013813278637826443,0.005660947412252426,0.007760835345834494,0.3395993411540985,0.005679340101778507,0.002131466520950198,0.002993406495079398,0.20882703363895416
0008,000322,322,0.0004642375570256263,0.000609653361607343,0.4308968782424927,0.000521068403031677,0.0005604058969765902,0.4697922468185425,0.013700135983526707,0.005718615837395191,0.007689157500863075,0.33960533142089844,0.0051414561457931995,0.002119980985298753,0.0027068150229752064,0.20924946665763855
0008,000323,323,0.00046537627349607646,0.0006047599017620087,0.43349477648735046,0.0005236573051661253,0.0005585369653999805,0.47106802463531494,0.014069021679461002,0.005720287561416626,0.007805328816175461,0.3396572172641754,0.005730964709073305,0.0021870676428079605,0.0030038540717214346,0.20892967283725739
0008,000324,324,0.00046716700308024883,0.000601844338234514,0.434906005859375,0.0005146920448169112,0.000545583781786263,0.47231295704841614,0.014230253174901009,0.005740937776863575,0.007872059009969234,0.3396640419960022,0.005907817278057337,0.0023014761973172426,0.0030859140679240227,0.20851005613803864
0008,000325,325,0.0004688852932304144,0.0006035405094735324,0.4342375695705414,0.0005088021862320602,0.000548903364688158,0.4695175588130951,0.014279835857450962,0.0057739815674722195,0.007936777547001839,0.33965468406677246,0.005391178652644157,0.0022228341549634933,0.002843014197424054,0.20899805426597595
0008,000326,326,0.0004687982436735183,0.0006060408777557313,0.4342355728149414,0.0005164602771401405,0.0005522861611098051,0.47096866369247437,0.014393175952136517,0.005758051294833422,0.008003695867955685,0.3396351635456085,0.005750838667154312,0.0023494691122323275,0.0030177896842360497,0.2084767371416092
0008,000327,327,0.0004732827947009355,0.000612535688560456,0.4349537491798401,0.0005089814658276737,0.0005489227478392422,0.4696110188961029,0.014265661127865314,0.005768415052443743,0.007906223647296429,0.3396375775337219,0.005796372424811125,0.0022738324478268623,0.0030514474492520094,0.20897558331489563
0008,000328,328,0.0004751318774651736,0.0006196307949721813,0.4327421486377716,0.0005206599598750472,0.0005612274981103837,0.4695869982242584,0.014031191356480122,0.005800639744848013,0.007812238298356533,0.3396393954753876,0.005727870389819145,0.0023054834455251694,0.003029772313311696,0.20853401720523834
0008,000329,329,0.0004753225948661566,0.0006214253953658044,0.4315674304962158,0.0005210405215620995,0.0005605796468444169,0.4700765609741211,0.01376250945031643,0.00581653555855155,0.007685432676225901,0.3396329879760742,0.006152414251118898,0.0025759960990399122,0.0032457655761390924,0.20748959481716156
0008,000330,330,0.0004721089208032936,0.0006199409835971892,0.4298149049282074,0.0005100338021293283,0.0005463656270876527,0.47051602602005005,0.013636812567710876,0.005818703677505255,0.007636355701833963,0.3396261930465698,0.005159080494195223,0.0024965156335383654,0.0027136860881000757,0.2075502872467041
0008,000331,331,0.0004705079772975296,0.0006213333690539002,0.4287549555301666,0.0005196293350309134,0.0005591692170128226,0.46945029497146606,0.013592405244708061,0.005800842773169279,0.007635584566742182,0.33961519598960876,0.005276844371110201,0.00247935694642365,0.0027869604527950287,0.20722292363643646
0008,000332,332,0.00046674482291564345,0.0006179242045618594,0.42822274565696716,0.0005195306148380041,0.0005554420058615506,0.47118833661079407,0.01365217287093401,0.005767940077930689,0.007669751066714525,0.3396126627922058,0.0052458904683589935,0.002460520016029477,0.002755088033154607,0.20686523616313934
0008,000333,333,0.0004666587628889829,0.0006176347378641367,0.42889487743377686,0.0005168409552425146,0.0005549872294068336,0.4703609049320221,0.013971343636512756,0.005763855762779713,0.007847665809094906,0.3395974934101105,0.005596923641860485,0.002286350354552269,0.002939909929409623,0.2076065093278885
0008,000334,334,0.00046568544348701835,0.0006157531752251089,0.42876821756362915,0.0005288255633786321,0.0005643594195134938,0.47090286016464233,0.013773794285953045,0.005750201176851988,0.007738292217254639,0.3396145701408386,0.005703465547412634,0.0023993791546672583,0.0029919245280325413,0.2071831226348877
0008,000335,335,0.000465285440441221,0.0006125253858044744,0.4290158748626709,0.0005214089178480208,0.0005560059798881412,0.47095632553100586,0.013925858773291111,0.005785880144685507,0.007835207507014275,0.3396167755126953,0.005209174007177353,0.0022855361457914114,0.0027258670888841152,0.20766226947307587
0008,000336,336,0.0004676420649047941,0.000615473894868046,0.42876192927360535,0.0005281465710140765,0.0005655694403685629,0.470586895942688,0.013764827512204647,0.005791444331407547,0.007753899320960045,0.33961132168769836,0.00561795849353075,0.0022191153839230537,0.0029364025685936213,0.20841938257217407
0008,000337,337,0.0004670099006034434,0.0006238265777938068,0.4249419867992401,0.0005347069818526506,0.0005705546354874969,0.4706953465938568,0.013781813904643059,0.005781309213489294,0.007838082499802113,0.3395729959011078,0.005654576234519482,0.0022347578778862953,0.002961821621283889,0.2083212435245514
0008,000338,338,0.00046970878611318767,0.0006358610698953271,0.4216390550136566,0.00053345353808254,0.0005712721031159163,0.46993541717529297,0.013718823902308941,0.005744112189859152,0.007864766754209995,0.3395363390445709,0.005959516856819391,0.0022687637247145176,0.003144727787002921,0.2076873779296875
0008,000339,339,0.00047053530579432845,0.000639872276224196,0.420715868473053,0.0005275516305118799,0.0005666803917847574,0.4694732129573822,0.013599316589534283,0.005771853029727936,0.007817178964614868,0.3395220935344696,0.005288146436214447,0.0023062105756253004,0.0027910962235182524,0.20751036703586578
0008,000340,340,0.00047161607653833926,0.0006404752493835986,0.42125052213668823,0.0005291519919410348,0.0005653162952512503,0.4699452519416809,0.01328268088400364,0.005826826207339764,0.007648088037967682,0.33952796459198,0.005313549656420946,0.0023003804963082075,0.002787227975204587,0.20787657797336578
0008,000341,341,0.0004723313613794744,0.0006386093446053565,0.42283424735069275,0.0005302673671394587,0.0005642431206069887,0.4710652828216553,0.013195853680372238,0.005856233183294535,0.007575265131890774,0.3395284116268158,0.005436499137431383,0.0023470548912882805,0.0028487667441368103,0.2073856145143509
0008,000342,342,0.00047401737538166344,0.0006423988961614668,0.4230153560638428,0.0005251981201581657,0.0005615000845864415,0.4703182876110077,0.013398167677223682,0.005866189021617174,0.0076852887868881226,0.3395140767097473,0.005215802695602179,0.0023192085791379213,0.0027478078845888376,0.2072468250989914
0008,000343,343,0.0004792085965164006,0.0006483975448645651,0.42379820346832275,0.000525232928339392,0.0005600384902209044,0.4705631136894226,0.013738772831857204,0.005828542169183493,0.007835275493562222,0.33948078751564026,0.005508885253220797,0.0023061842657625675,0.002895794343203306,0.20718516409397125
0008,000344,344,0.0004821500333491713,0.0006522202165797353,0.42460015416145325,0.0005259632598608732,0.0005630936939269304,0.4700467586517334,0.01338829006999731,0.005885167047381401,0.007667724043130875,0.3394809067249298,0.0049715484492480755,0.002262651454657316,0.0026174276135861874,0.2074272483587265
0008,000345,345,0.0004836611624341458,0.0006520173046737909,0.4253317415714264,0.0005334088345989585,0.0005743284709751606,0.4694373309612274,0.013794573955237865,0.005853532813489437,0.007846306078135967,0.3394600749015808,0.0055405921302735806,0.0021724801044911146,0.0029224997851997614,0.2079831063747406
0008,000346,346,0.00048515727394260466,0.0006563462666235864,0.4246649742126465,0.0005389522993937135,0.0005759022897109389,0.4706915020942688,0.013575130142271519,0.005840642843395472,0.007741476874798536,0.33946356177330017,0.005508942063897848,0.002167545957490802,0.002887466223910451,0.2084866315126419
0008,000347,347,0.0004885097732767463,0.0006615630118176341,0.4244656562805176,0.0005436634528450668,0.0005854135379195213,0.4689064025878906,0.013260209932923317,0.005878276191651821,0.0075920051895082,0.33945292234420776,0.0052856034599244595,0.0020818545017391443,0.002798108384013176,0.20884226262569427
0008,000348,348,0.0004937087651342154,0.0006704738480038941,0.4237002730369568,0.0005472751217894256,0.0005876573850400746,0.4694368839263916,0.013476954773068428,0.005856350064277649,0.007696543820202351,0.33942392468452454,0.005358011927455664,0.00211215834133327,0.002825821517035365,0.2085898071527481
0008,000349,349,0.0004962713574059308,0.0006787883467040956,0.42207878828048706,0.0005422901012934744,0.0005802776431664824,0.46998390555381775,0.01314673200249672,0.005853855982422829,0.007547822315245867,0.33942463994026184,0.005536468233913183,0.002240060828626156,0.002917282981798053,0.20835527777671814
0008,000350,350,0.0004970681038685143,0.0006793790962547064,0.4218290150165558,0.000541643996257335,0.0005904330755583942,0.4674636423587799,0.01296375785022974,0.005874739959836006,0.007452894002199173,0.33942967653274536,0.005062453914433718,0.0021867919713258743,0.0026942091062664986,0.20866191387176514
0008,000351,351,0.0004934030584990978,0.0006773319328203797,0.4205000102519989,0.0005531442002393305,0.0005989089258946478,0.4680562913417816,0.013193096034228802,0.005833316128700972,0.007584335748106241,0.33943289518356323,0.0057871476747095585,0.0023097791709005833,0.0030739889480173588,0.20805342495441437
0008,000352,352,0.0004918810445815325,0.0006758510135114193,0.4202095568180084,0.0005482667475007474,0.0006014680257067084,0.46554115414619446,0.013019955717027187,0.0057976427488029,0.0074884830974042416,0.3394327461719513,0.005303810816258192,0.0022317180410027504,0.0028349158819764853,0.2087642401456833
0008,000353,353,0.0004895605961792171,0.0006720583769492805,0.42049917578697205,0.0005651904502883554,0.0006155422888696194,0.4673764705657959,0.012844293378293514,0.005787470377981663,0.0074079507030546665,0.3394377529621124,0.005200942512601614,0.002267224946990609,0.0027639069594442844,0.2088213860988617
0008,000354,354,0.0004888072144240141,0.0006721215322613716,0.42022383213043213,0.0005661597242578864,0.000612598261795938,0.46795642375946045,0.012635278515517712,0.00579984113574028,0.0073014721274375916,0.33945655822753906,0.004837389569729567,0.002276816638186574,0.002564463997259736,0.20865187048912048
0008,000355,355,0.000489524332806468,0.000671762099955231,0.42141401767730713,0.0005641526659019291,0.0006096852011978626,0.4682990312576294,0.01249293889850378,0.005786490626633167,0.007212411146610975,0.33945539593696594,0.004614030942320824,0.002226904034614563,0.0024466149043291807,0.20856019854545593
0008,000356,356,0.0004911741707473993,0.0006730525637976825,0.4217056334018707,0.0005577634437941015,0.0005946182645857334,0.4700338542461395,0.012627487070858479,0.005743085872381926,0.0072548724710941315,0.3394656479358673,0.004869292490184307,0.002248120494186878,0.0025631932076066732,0.20811830461025238
0008,000357,357,0.0004910852876491845,0.0006723040132783353,0.42150381207466125,0.0005519845872186124,0.0005948730977252126,0.4684605896472931,0.012575504370033741,0.0057561686262488365,0.0072457497008144855,0.3394821882247925,0.004637241829186678,0.0022328125778585672,0.00245198723860085,0.20806315541267395
0008,000358,358,0.000489636673592031,0.0006696248892694712,0.4212668538093567,0.00056127505376935,0.0006115974974818528,0.4678296744823456,0.012543427757918835,0.005737099330872297,0.007232672534883022,0.33948224782943726,0.005343424156308174,0.0024200461339205503,0.0028435722924768925,0.2072865217924118
0008,000359,359,0.0004869015247095376,0.0006632594158872962,0.4218864142894745,0.0005465158028528094,0.0005802276427857578,0.47082605957984924,0.01285483781248331,0.005659203510731459,0.007357130292803049,0.3394879698753357,0.005451824516057968,0.0024677133187651634,0.0028421664610505104,0.20705239474773407
0008,000360,360,0.0004825172945857048,0.0006567871896550059,0.4216306209564209,0.000545268296264112,0.0005856178468093276,0.4698716700077057,0.012965650297701359,0.005646359641104937,0.007431006990373135,0.33950430154800415,0.005362554918974638,0.0025116654578596354,0.002835733350366354,0.20652270317077637
0008,000361,361,0.0004847683885600418,0.000658653094433248,0.4221414625644684,0.0005360801587812603,0.000572443357668817,0.47005322575569153,0.012715393677353859,0.005641678348183632,0.00729337427765131,0.3395143449306488,0.004682245664298534,0.002221537521108985,0.0024603609926998615,0.20713219046592712
0008,000362,362,0.00048540462739765644,0.0006566119263879955,0.4227995276451111,0.0005533247604034841,0.0005894310306757689,0.47124382853507996,0.012846166267991066,0.005672487895935774,0.007356620859354734,0.33953219652175903,0.0056356447748839855,0.0024536901619285345,0.0029535021167248487,0.20621375739574432
0008,000363,363,0.00048233859706670046,0.0006526249344460666,0.42315182089805603,0.0005456791259348392,0.0005898483796045184,0.46926066279411316,0.013017983175814152,0.005645270925015211,0.007430806290358305,0.3395541310310364,0.0053445021621882915,0.0024919745046645403,0.0028279658872634172,0.20585906505584717
0008,000364,364,0.00048165133921429515,0.0006504950579255819,0.4231617748737335,0.0005505291046574712,0.0005964679876342416,0.4681647717952728,0.012852184474468231,0.005653667263686657,0.007355996407568455,0.339573472738266,0.004478138405829668,0.002264640759676695,0.0023762539494782686,0.20628108084201813
0008,000365,365,0.00048062627320177853,0.0006481502787210047,0.4234062433242798,0.0005633876426145434,0.0006076016579754651,0.46886637806892395,0.012703782878816128,0.0056678433902561665,0.0072608026675879955,0.33957329392433167,0.0044215889647603035,0.0021349911112338305,0.00233919033780694,0.20661942660808563
0008,000366,366,0.0004812889383174479,0.0006474551628343761,0.4240865111351013,0.0005733856232836843,0.0006191041320562363,0.46883314847946167,0.01290638092905283,0.005663505755364895,0.007347435690462589,0.33956649899482727,0.004829695913940668,0.002037395490333438,0.0025564709212630987,0.206975057721138
0008,000367,367,0.00048462918493896723,0.00065069948323071,0.42451515793800354,0.0005753487930633128,0.000614727905485779,0.4701094329357147,0.013024866580963135,0.0056649851612746716,0.007405072916299105,0.3395753800868988,0.0047245146706700325,0.0019578351639211178,0.002484109252691269,0.20741938054561615
0008,000368,368,0.00048776494804769754,0.0006528375670313835,0.425645112991333,0.0005763413500972092,0.0006166516104713082,0.47005632519721985,0.013070146553218365,0.005692251026630402,0.007412053178995848,0.3395829498767853,0.004947603214532137,0.0019407259533181787,0.002600844716653228,0.2078409194946289
0008,000369,369,0.000493547588121146,0.0006573792197741568,0.4264726936817169,0.0005793773452751338,0.0006198928458616138,0.47009772062301636,0.01309707947075367,0.005711129866540432,0.007395016495138407,0.33961889147758484,0.0050964574329555035,0.0020127492025494576,0.0026698133442550898,0.2078993022441864
0008,000370,370,0.000493384141009301,0.0006553124403581023,0.42675578594207764,0.000573467172216624,0.0006093162228353322,0.4711974859237671,0.013205734081566334,0.005730411969125271,0.007453199941664934,0.33963742852211,0.004995736293494701,0.002080417238175869,0.002618217607960105,0.2076311856508255
0008,000371,371,0.0004944766988046467,0.0006548317614942789,0.4277910888195038,0.0005639821756631136,0.000600367842707783,0.47129490971565247,0.013308057561516762,0.005733914207667112,0.007497476413846016,0.3396494686603546,0.005429732613265514,0.0022103714291006327,0.0028489523101598024,0.2070235013961792
0008,000372,372,0.000497371016535908,0.0006538772722706199,0.42935311794281006,0.0005456635844893754,0.0005721745546907187,0.4729462265968323,0.01355641707777977,0.005753939505666494,0.0075948163866996765,0.33965861797332764,0.005459110718220472,0.0021668849512934685,0.002825190080329776,0.20761926472187042
0008,000373,373,0.0004998228396289051,0.0006547013181261718,0.42993268370628357,0.0005514744552783668,0.000592591124586761,0.4701292812824249,0.01379134226590395,0.005721323657780886,0.00769722880795598,0.33967098593711853,0.005330230109393597,0.002156599657610059,0.002807523589581251,0.20802009105682373
0008,000374,374,0.0005021168617531657,0.0006560396286658943,0.4310697615146637,0.0005545979947783053,0.000592137745115906,0.47029003500938416,0.014157966710627079,0.005698636174201965,0.007865038700401783,0.33965128660202026,0.005682293325662613,0.0021115876734256744,0.0029854599852114916,0.20836405456066132
0008,000375,375,0.0005012581241317093,0.0006530499667860568,0.4321449100971222,0.0005570705397985876,0.0005955738015472889,0.4704030454158783,0.014860929921269417,0.00566226989030838,0.00821104645729065,0.3396506905555725,0.006113743409514427,0.002158135874196887,0.00320672569796443,0.20857970416545868
0008,000376,376,0.000499580695759505,0.0006545176147483289,0.43134042620658875,0.0005569618078880012,0.0005938559188507497,0.47091183066368103,0.01448795199394226,0.005739792715758085,0.008067215792834759,0.33963584899902344,0.006248305086046457,0.0023212437517941,0.0032750717364251614,0.2084561437368393
0008,000377,377,0.0005007113795727491,0.0006558652385137975,0.43187955021858215,0.000559161533601582,0.0006015460821799934,0.4695955514907837,0.014010473154485226,0.005844553001224995,0.007828714326024055,0.33963465690612793,0.0058143832720816135,0.002487547229975462,0.003068904159590602,0.20798350870609283
0008,000378,378,0.0005025572027079761,0.0006563872448168695,0.4325186610221863,0.0005462397821247578,0.0005823340616188943,0.4708516001701355,0.014090784825384617,0.005845387000590563,0.007837568409740925,0.3396059572696686,0.00574079155921936,0.0024079724680632353,0.003008608939126134,0.20824484527111053
0008,000379,379,0.0005087242461740971,0.000657781376503408,0.43501415848731995,0.0005509371985681355,0.0005885752034373581,0.47054198384284973,0.01424027793109417,0.0058547211810946465,0.007862943224608898,0.3395979106426239,0.006006965879350901,0.0023603991139680147,0.0031566766556352377,0.20799076557159424
0008,000380,380,0.0005148336058482528,0.0006588662508875132,0.43755218386650085,0.0005440157256089151,0.0005818133358843625,0.4706062972545624,0.014450139366090298,0.005899711977690458,0.007944772951304913,0.33959969878196716,0.00584212364628911,0.002330959774553776,0.0030713023152202368,0.20798391103744507
0008,000381,381,0.0005088199977762997,0.0006527600344270468,0.43764087557792664,0.0005404861876741052,0.0005755641614086926,0.47092413902282715,0.014465433545410633,0.0058939047157764435,0.007984139956533909,0.339620441198349,0.005847535096108913,0.0022852220572531223,0.003060186980292201,0.2082640379667282
0008,000382,382,0.0005100329290144145,0.0006497912690974772,0.43922722339630127,0.000543304777238518,0.0005752965225838125,0.4717123806476593,0.014634184539318085,0.005911792628467083,0.008057934232056141,0.33963778614997864,0.0062063043005764484,0.002385966246947646,0.00323799648322165,0.20797036588191986
0008,000383,383,0.0005100159905850887,0.0006436194526031613,0.44137927889823914,0.0005390471778810024,0.0005762518849223852,0.4701367914676666,0.015101044438779354,0.00593011686578393,0.0083089554682374,0.3396211564540863,0.006203848402947187,0.0023630931973457336,0.00325908325612545,0.20823511481285095
0008,000384,384,0.00051589758368209,0.0006554975407198071,0.44134414196014404,0.000547541247215122,0.0005859614466316998,0.47000178694725037,0.01469211932271719,0.005978085566312075,0.008082292973995209,0.3396388590335846,0.006219550501555204,0.0023459785152226686,0.003266517771407962,0.2088107019662857
0008,000385,385,0.000523092458024621,0.0006639830535277724,0.4420831799507141,0.000550679920706898,0.0005850905436091125,0.4713570475578308,0.014734715223312378,0.00602129427716136,0.00806332379579544,0.33962082862854004,0.006228683982044458,0.002336663892492652,0.003271631896495819,0.2094084918498993
0008,000386,386,0.0005227611982263625,0.0006693800678476691,0.440599262714386,0.0005505612934939563,0.0005878377123735845,0.47001802921295166,0.014800789766013622,0.00607268325984478,0.008109021931886673,0.33958864212036133,0.006078081671148539,0.0023088932503014803,0.0031988259870558977,0.21000240743160248
0008,000387,387,0.0005281654885038733,0.000675875402521342,0.44017282128334045,0.0005508356261998415,0.0005900750402361155,0.46959489583969116,0.014840003103017807,0.006107640452682972,0.008090085349977016,0.3395683765411377,0.006227205041795969,0.0022509898990392685,0.0032727501820772886,0.21065057814121246
0008,000388,388,0.0005284526268951595,0.0006830900092609227,0.43731364607810974,0.0005551469512283802,0.000611484982073307,0.4665139317512512,0.014828751794993877,0.006078428588807583,0.008112819865345955,0.33955562114715576,0.006519991438835859,0.002253306331112981,0.0034933064598590136,0.21118460595607758
0008,000389,389,0.0005264625651761889,0.0006890740478411317,0.43484991788864136,0.0005613311659544706,0.0006149503169581294,0.46665048599243164,0.014883351512253284,0.006037994287908077,0.008185693994164467,0.33950620889663696,0.006573606748133898,0.002363294130191207,0.003496673656627536,0.21148362755775452
0010,000002,2,0.00032154779182747006,0.00042158819269388914,0.42961931228637695,0.0004931511939503253,0.0005228842492215335,0.47159022092819214,0.013855647295713425,0.002868118928745389,0.007730571553111076,0.33981195092201233,0.006110040005296469,0.0012647784315049648,0.003194251796230674,0.2129857987165451
0010,000003,3,0.000339584395987913,0.0004424146900419146,0.43014222383499146,0.00048763721133582294,0.0005128320190124214,0.47242242097854614,0.014078183099627495,0.003778283018618822,0.007875253446400166,0.33979034423828125,0.005916627123951912,0.001680645509622991,0.003089644480496645,0.2136342078447342
0010,000004,4,0.0003508981317281723,0.0004558789078146219,0.4294252097606659,0.0004852728743571788,0.0005204436019994318,0.4702940285205841,0.01385523285716772,0.0041944244876503944,0.007768173236399889,0.33982932567596436,0.005787063390016556,0.0018495020922273397,0.0030538863502442837,0.21347421407699585
0010,000005,5,0.0003577044699341059,0.00046393414959311485,0.4291376769542694,0.0004794216656591743,0.0005151994992047548,0.46984776854515076,0.013751412741839886,0.004450814798474312,0.007728496566414833,0.3398682177066803,0.006023790687322617,0.0020585348829627037,0.003175080521032214,0.2130914181470871
0010,000006,6,0.00036390378954820335,0.0004700333229266107,0.4291122257709503,0.0004717149422504008,0.000504932424519211,0.47018447518348694,0.013750176876783371,0.004658497404307127,0.0077279359102249146,0.3399151861667633,0.005818033590912819,0.0021174128632992506,0.0030662461649626493,0.21294359862804413
0010,000007,7,0.0003683556569740176,0.00047600388643331826,0.4291767179965973,0.00046936789294704795,0.0004999017110094428,0.47018176317214966,0.013897603377699852,0.004803251940757036,0.007827917113900185,0.3399195969104767,0.005809139925986528,0.002166034420952201,0.0030573306139558554,0.21311256289482117
0010,000008,8,0.0003735030477400869,0.00048075197264552116,0.42983248829841614,0.0004735733091365546,0.0005106510361656547,0.4685293734073639,0.01387152262032032,0.004925317596644163,0.007792576216161251,0.3399454951286316,0.0056614950299263,0.0021758319344371557,0.0029938204679638147,0.2133122831583023
0010,000009,9,0.000377550080884248,0.00048478436656296253,0.4290822744369507,0.00047507905401289463,0.0005135593819431961,0.4686434268951416,0.013729928992688656,0.005019536241889,0.0077114407904446125,0.33996742963790894,0.005947372876107693,0.002146707847714424,0.003132796147838235,0.21415533125400543
0010,000010,10,0.0003771958581637591,0.00048401253297924995,0.4292296767234802,0.0004843039787374437,0.0005180427106097341,0.4691861569881439,0.013808749616146088,0.005091236438602209,0.007750093005597591,0.33999308943748474,0.005570983048528433,0.0021232659928500652,0.002937189070507884,0.21445313096046448
0010,000011,11,0.00038205928285606205,0.0004858110623899847,0.4311492145061493,0.00048616956337355077,0.0005169966607354581,0.470511257648468,0.013968974351882935,0.005161925218999386,0.00781602319329977,0.34000706672668457,0.005895073525607586,0.002133456990122795,0.003090504789724946,0.21440257132053375
0010,000012,12,0.0003840707358904183,0.00048529371269978583,0.4329968988895416,0.0004754082183353603,0.0005027009174227715,0.47137054800987244,0.014049089513719082,0.00521853007376194,0.007844174280762672,0.34001874923706055,0.006372184492647648,0.0022484418004751205,0.0033349443692713976,0.21362870931625366
0010,000013,13,0.00038121294346638024,0.0004851063131354749,0.4319775104522705,0.0004557336797006428,0.0004783682234119624,0.4720205068588257,0.013982717879116535,0.005243218503892422,0.007834704592823982,0.34000787138938904,0.005890401545912027,0.0023035684134811163,0.0030742809176445007,0.21335937082767487
0010,000014,14,0.0003784230793826282,0.0004818381858058274,0.431718647480011,0.00045244224020279944,0.0004842430353164673,0.4703006148338318,0.014071481302380562,0.0052906302735209465,0.007894191890954971,0.3400029242038727,0.005832189228385687,0.0023396783508360386,0.0030762760434299707,0.21291853487491608
0010,000015,15,0.00037979218177497387,0.00048172540846280754,0.4325791299343109,0.00044599032844416797,0.00047123251715674996,0.47225335240364075,0.014180156402289867,0.00530601991340518,0.007947097532451153,0.3400094509124756,0.006154559552669525,0.0024333810433745384,0.0032180114649236202,0.21251484751701355
0010,000016,16,0.0003801501588895917,0.0004783759650308639,0.4342968463897705,0.0004381161998026073,0.0004590559401549399,0.47250640392303467,0.01421350333839655,0.005316122900694609,0.007940149866044521,0.3400069773197174,0.0057751573622226715,0.0024300888180732727,0.0030120485462248325,0.21246831119060516
0010,000017,17,0.0003803985600825399,0.00047605062718503177,0.4351756274700165,0.0004396881558932364,0.00046337282401509583,0.472116619348526,0.01426114421337843,0.005344626028090715,0.007949624210596085,0.34003522992134094,0.006277206353843212,0.002596222097054124,0.003283670637756586,0.2116880863904953
0010,000018,18,0.00038205631426535547,0.0004747163038700819,0.43630391359329224,0.00043242197716608644,0.00045575678814202547,0.47167059779167175,0.014451914466917515,0.005358398426324129,0.008022559806704521,0.3400389552116394,0.005687652621418238,0.0024961268063634634,0.002974975388497114,0.2116483598947525
0010,000019,19,0.0003802768187597394,0.0004704622260760516,0.43650972843170166,0.0004349352093413472,0.0004547306161839515,0.47355949878692627,0.014518463052809238,0.0053527881391346455,0.008061078377068043,0.34005722403526306,0.006457492243498564,0.0026456827763468027,0.0033594367559999228,0.21098412573337555
0010,000020,20,0.0003815597156062722,0.00046779625699855387,0.4392177164554596,0.0004332090320531279,0.00045267026871442795,0.47287261486053467,0.014541535638272762,0.0053792353719472885,0.008025162853300571,0.3400665819644928,0.0062204026617109776,0.0027263453230261803,0.003232099348679185,0.21054941415786743
0010,000021,21,0.0003800720442086458,0.0004658465913962573,0.43963760137557983,0.00043919729068875313,0.00046149425907060504,0.4726123809814453,0.01456691324710846,0.005396320950239897,0.008043237030506134,0.34005647897720337,0.006288611330091953,0.0028301794081926346,0.0032799788750708103,0.20999957621097565
0010,000022,22,0.0003789358597714454,0.0004632909840438515,0.43984895944595337,0.00044471549335867167,0.0004796006251126528,0.470345675945282,0.014499681070446968,0.005361160729080439,0.008000165224075317,0.34006935358047485,0.006132976152002811,0.0027571874670684338,0.0032417711336165667,0.2097495049238205
0010,000023,23,0.0003792115894611925,0.00046118893078528345,0.4415607452392578,0.00045448922901414335,0.00048327347030863166,0.4726402759552002,0.014643996953964233,0.005367915611714125,0.008044172078371048,0.3400711715221405,0.0065326695330441,0.002916645258665085,0.003420125925913453,0.20898032188415527
0010,000024,24,0.0003818403638433665,0.00045996723929420114,0.44499850273132324,0.0004513764870353043,0.0004774205444846302,0.47235792875289917,0.014692315831780434,0.005410550627857447,0.008029372431337833,0.34005501866340637,0.006088039372116327,0.002839775290340185,0.00318555417470634,0.20886169373989105
0010,000025,25,0.00038895878242328763,0.0004608048766385764,0.44959115982055664,0.0004553800681605935,0.0004777287831529975,0.4734666645526886,0.014953065663576126,0.005499858409166336,0.008097218349575996,0.34004083275794983,0.006226017139852047,0.0028350893408060074,0.0032398002222180367,0.208717480301857
0010,000026,26,0.0003939679590985179,0.00046545115765184164,0.45109766721725464,0.00045769070857204497,0.00048505605082027614,0.4721139371395111,0.015001434832811356,0.005551371723413467,0.008107808418571949,0.34004536271095276,0.005604268051683903,0.002646244363859296,0.0029381331987679005,0.2091328352689743
0010,000027,27,0.00039468344766646624,0.00047165463911369443,0.44851967692375183,0.0004715388349723071,0.0005113788065500557,0.47017794847488403,0.014886673539876938,0.005587467923760414,0.008096755482256413,0.34005090594291687,0.0059928591363132,0.002451315987855196,0.0031743221916258335,0.2099529355764389
0010,000028,28,0.00039804953848943114,0.00047555865603499115,0.44702431559562683,0.0004963662358932197,0.000547627976629883,0.46909579634666443,0.014760706573724747,0.0056289490312337875,0.008022399619221687,0.34004372358322144,0.006070805247873068,0.002394280629232526,0.00325088482350111,0.2104351669549942
0010,000029,29,0.0004018933395855129,0.00047831234405748546,0.44807446002960205,0.0005073812790215015,0.0005522178835235536,0.47086116671562195,0.014760582707822323,0.005630979780107737,0.007995113730430603,0.3400503396987915,0.006036420818418264,0.0024038529954850674,0.0031964515801519156,0.21031783521175385
0010,000030,30,0.00040774280205368996,0.0004819716850761324,0.4513266682624817,0.0005033027264289558,0.0005405137781053782,0.4716426730155945,0.014921966940164566,0.00565441744402051,0.008043552748858929,0.34003087878227234,0.005651803221553564,0.0024071624502539635,0.0029645413160324097,0.21034230291843414
0010,000031,31,0.0004152533074375242,0.0004877103492617607,0.45386260747909546,0.0004997194046154618,0.0005396561464294791,0.47055739164352417,0.015133624896407127,0.005643736571073532,0.0081354770809412,0.34001126885414124,0.0059143430553376675,0.0024404816795140505,0.0031171070877462626,0.21006818115711212
0010,000032,32,0.00042152852984145284,0.0004937899066135287,0.4552481770515442,0.0004938718630000949,0.0005375527543947101,0.4697164297103882,0.015398393385112286,0.005625058896839619,0.008267419412732124,0.3399945795536041,0.0055593024007976055,0.0023533401545137167,0.002933348761871457,0.2105715572834015
0010,000033,33,0.00042275412124581635,0.0004964139661751688,0.4544960856437683,0.000499841058626771,0.0005405954434536397,0.470322847366333,0.015343740582466125,0.005626524332910776,0.00825317669659853,0.339991956949234,0.00565019017085433,0.00234166719019413,0.0029760138131678104,0.2107936292886734
0010,000034,34,0.00042291719000786543,0.0004946129629388452,0.4549468755722046,0.0004952345625497401,0.0005263686762191355,0.47187328338623047,0.015202556736767292,0.005662095732986927,0.008166169747710228,0.34001612663269043,0.005647557321935892,0.0022345988545566797,0.002948001492768526,0.211521714925766
0010,000035,35,0.00042535108514130116,0.0004953165771439672,0.455395370721817,0.00048792362213134766,0.0005202150787226856,0.4718744158744812,0.01528030913323164,0.005663000047206879,0.008191365748643875,0.3400259017944336,0.006024655420333147,0.0022303671576082706,0.003156120190396905,0.21118807792663574
0010,000036,36,0.0004267381737008691,0.0004978791694156826,0.4553062319755554,0.0004823285562451929,0.0005170347867533565,0.47111353278160095,0.015302607789635658,0.005670918617397547,0.008199156261980534,0.3400270938873291,0.006098093464970589,0.002284129150211811,0.0032126838341355324,0.21089427173137665
0010,000037,37,0.0004284055030439049,0.000499781861435622,0.4549514055252075,0.0004738702264148742,0.0005099765839986503,0.47061923146247864,0.015288258902728558,0.005679371766746044,0.008193711750209332,0.3400212824344635,0.005561022087931633,0.0022287333849817514,0.0029221000149846077,0.21143044531345367
0010,000038,38,0.00043265571002848446,0.0005040848045609891,0.4549899101257324,0.0004818574816454202,0.0005157884443178773,0.4711240231990814,0.015375579707324505,0.005695154890418053,0.008258622139692307,0.340028315782547,0.00560107734054327,0.002239832654595375,0.0029408964328467846,0.2115025371313095
0010,000039,39,0.00043270972673781216,0.0005039507523179054,0.4556201100349426,0.00047564218402840197,0.0005076209781691432,0.4715679883956909,0.0154970558360219,0.005734987556934357,0.008329113945364952,0.3400472402572632,0.005563295911997557,0.0022056405432522297,0.002917055506259203,0.21168534457683563
0010,000040,40,0.0004339602601248771,0.0005036311340518296,0.4559713304042816,0.0004714865062851459,0.000503884453792125,0.47106990218162537,0.015429549850523472,0.005755139049142599,0.008283632807433605,0.34006571769714355,0.00555357476696372,0.0022088962141424417,0.0029157798271626234,0.21160417795181274
0010,000041,41,0.0004329228831920773,0.0005026226863265038,0.45592668652534485,0.00046579071204178035,0.0004975791089236736,0.4709964096546173,0.015396833419799805,0.005773661192506552,0.008278334513306618,0.34005454182624817,0.005551087204366922,0.0021308050490915775,0.002911533461883664,0.21216613054275513
0010,000042,42,0.00042795974877662957,0.0004979511140845716,0.45429760217666626,0.00046569184632971883,0.0004961951053701341,0.4719993472099304,0.015416334383189678,0.005739202722907066,0.008298228494822979,0.34004291892051697,0.006310714408755302,0.0022416175343096256,0.003303318750113249,0.21145997941493988
0010,000043,43,0.0004257150285411626,0.0004934216849505901,0.45462125539779663,0.0004503035161178559,0.00047940181684680283,0.4721740484237671,0.015398860909044743,0.005722093395888805,0.008264425210654736,0.34009090065956116,0.006038282997906208,0.002205030294135213,0.003153788624331355,0.21159040927886963
0010,000044,44,0.0004269458004273474,0.0004880474880337715,0.45747819542884827,0.0004525688127614558,0.00048150395741686225,0.47182321548461914,0.015323936939239502,0.005693050101399422,0.008155697025358677,0.34008172154426575,0.0058660367503762245,0.0021726731210947037,0.003074869280681014,0.2114226520061493
0010,000045,45,0.0004254243103787303,0.00048671223339624703,0.45850926637649536,0.00044410148984752595,0.0004665065498556942,0.4732634425163269,0.015728740021586418,0.005657002795487642,0.00837011355906725,0.3400765061378479,0.006357091013342142,0.0022797982674092054,0.0033125458285212517,0.21116480231285095
0010,000046,46,0.0004283682501409203,0.0004912949516437948,0.4590127766132355,0.00043851404916495085,0.0004630822513718158,0.47226667404174805,0.015814587473869324,0.005682582966983318,0.00843822956085205,0.3400703966617584,0.006497501861304045,0.0024367941077798605,0.0033978403080254793,0.2103445678949356
0010,000047,47,0.00043472115066833794,0.0004955011536367238,0.4617439806461334,0.00044034363236278296,0.00046956559526734054,0.4710173010826111,0.015698948875069618,0.00574066024273634,0.00833447091281414,0.3400513827800751,0.00648488337174058,0.002512508537620306,0.0034088604152202606,0.2097284197807312
0010,000048,48,0.0004406201187521219,0.0004999215598218143,0.4634997248649597,0.000440539006376639,0.00046266542631201446,0.4721159040927887,0.015651177614927292,0.005808595567941666,0.00828423909842968,0.33999964594841003,0.006067189853638411,0.002343847882002592,0.0031607949640601873,0.2100932002067566
0010,000049,49,0.0004395818687044084,0.000503638235386461,0.4610941410064697,0.0004431944980751723,0.00046857594861648977,0.471552312374115,0.015520155429840088,0.005804075393825769,0.008269871585071087,0.3399878144264221,0.005854512099176645,0.0021915624383836985,0.003062756499275565,0.2106938362121582
0010,000050,50,0.0004357653087936342,0.0005103133735246956,0.45556479692459106,0.000454989931313321,0.0004874668666161597,0.4712301790714264,0.015460418537259102,0.005745766684412956,0.00831895787268877,0.34000685811042786,0.006706452462822199,0.002393884351477027,0.0035276624839752913,0.20966725051403046
0010,000051,51,0.00043713347986340523,0.0005148343043401837,0.4546319842338562,0.0004560583911370486,0.0004917447222396731,0.4701448976993561,0.015327366068959236,0.005742417648434639,0.008262353017926216,0.3399755656719208,0.006221225950866938,0.0024619107134640217,0.0032944558188319206,0.20917290449142456
0010,000052,52,0.0004390980757307261,0.0005147013580426574,0.454833984375,0.0004579652741085738,0.000492975814267993,0.4706708788871765,0.01534338854253292,0.005750526208430529,0.008255606517195702,0.3399478793144226,0.005720813758671284,0.002445151098072529,0.003014310961589217,0.20903995633125305
0010,000053,53,0.0004392084083519876,0.0005180446896702051,0.4541104733943939,0.0004623433342203498,0.0004950023139826953,0.4709552526473999,0.015315964818000793,0.00575035996735096,0.008264894597232342,0.33993762731552124,0.005919828079640865,0.0024185047950595617,0.003110003424808383,0.20890270173549652
0010,000054,54,0.000442128861322999,0.0005233575939200819,0.45474323630332947,0.00047143595293164253,0.0005013216868974268,0.47090888023376465,0.015202353708446026,0.005791680887341499,0.008212174288928509,0.33990874886512756,0.005523771047592163,0.002241990529000759,0.0029022095259279013,0.2093392014503479
0010,000055,55,0.0004390185058582574,0.0005286120576784015,0.450505793094635,0.0004786235513165593,0.0005128890625201166,0.47045770287513733,0.015182881616055965,0.005790474358946085,0.00828242301940918,0.3398972451686859,0.005841986741870642,0.0021802042610943317,0.003071895334869623,0.2097032517194748
0010,000056,56,0.000436752219684422,0.000531396537553519,0.44565677642822266,0.0004875744052696973,0.0005280795739963651,0.46904802322387695,0.015055674128234386,0.0057629989460110664,0.008252158761024475,0.33990877866744995,0.006384722888469696,0.0021151655819267035,0.0033681762870401144,0.21090596914291382
0010,000057,57,0.00043414882384240627,0.0005313034052960575,0.4425463378429413,0.0005038970848545432,0.0005512685747817159,0.4678110182285309,0.01467837393283844,0.005748360883444548,0.008096260949969292,0.3399128317832947,0.00587271386757493,0.002095686038956046,0.003118703840300441,0.2116132527589798
0010,000058,58,0.0004333800752647221,0.0005337601178325713,0.44053834676742554,0.0005215223063714802,0.0005717414314858615,0.4686467945575714,0.014709796756505966,0.0056779952719807625,0.008107669651508331,0.3398909568786621,0.005876608658581972,0.0021603272762149572,0.0031272422056645155,0.21139580011367798
0010,000059,59,0.0004387292719911784,0.0005385046824812889,0.4408212900161743,0.0005160931614227593,0.0005557851982302964,0.470246821641922,0.014954979531466961,0.005623936653137207,0.00820903666317463,0.33986762166023254,0.006279926281422377,0.0021790836472064257,0.0033024088479578495,0.21164196729660034
0010,000060,60,0.0004438571631908417,0.0005458484520204365,0.4403002858161926,0.0005056016379967332,0.0005401315866038203,0.47058579325675964,0.015012265183031559,0.005637098103761673,0.008260484784841537,0.33987244963645935,0.006388137117028236,0.0021967703942209482,0.0033470497000962496,0.2124466598033905
0010,000061,61,0.00044405151857063174,0.0005474260542541742,0.4389401376247406,0.0005030159372836351,0.0005387592827901244,0.4702894985675812,0.01468749064952135,0.005698007997125387,0.00811692513525486,0.33989202976226807,0.006024645175784826,0.0022481183987110853,0.0031630173325538635,0.21245409548282623
0010,000062,62,0.00043608725536614656,0.0005380891379900277,0.4371989965438843,0.000493314815685153,0.0005360494833439589,0.468556672334671,0.015429157763719559,0.005490256007760763,0.008497489616274834,0.3399272859096527,0.006873111706227064,0.002118238713592291,0.0036422451958060265,0.2127133160829544
0010,000063,63,0.0004232845385558903,0.0005281824269331992,0.4341850280761719,0.0004890239797532558,0.0005310540436767042,0.4685763716697693,0.015051623806357384,0.005437455605715513,0.00835990346968174,0.3399856686592102,0.006740456912666559,0.002167644677683711,0.0035629819612950087,0.21303583681583405
0010,000064,64,0.0004177090304438025,0.0005238332087174058,0.43287742137908936,0.0004807684454135597,0.0005167892668396235,0.4702669382095337,0.014698977582156658,0.005497526843100786,0.008222699165344238,0.3399905264377594,0.006267867051064968,0.00215619383379817,0.0032973745837807655,0.21339063346385956
0010,000065,65,0.0004222248389851302,0.0005269877146929502,0.43524834513664246,0.00048116082325577736,0.0005144080496393144,0.4702780842781067,0.014776761643588543,0.0055068195797502995,0.008199188858270645,0.3399535119533539,0.006354796700179577,0.0021280087530612946,0.003339966293424368,0.21314768493175507
0010,000066,66,0.0004275549144949764,0.0005283200880512595,0.43776431679725647,0.0004705446190200746,0.0005014595226384699,0.4708879888057709,0.014595002867281437,0.005542026367038488,0.008060025051236153,0.3399299383163452,0.00592123344540596,0.0021164463832974434,0.0031057700980454683,0.21355316042900085
0010,000067,67,0.00042966497130692005,0.0005259176250547171,0.4384991526603699,0.00047264850581996143,0.0005125885363668203,0.4692343473434448,0.01447819359600544,0.005571838468313217,0.007970131933689117,0.33994415402412415,0.005910724867135286,0.002129004104062915,0.003121329005807638,0.21371525526046753
0010,000068,68,0.00042575332918204367,0.000517510692588985,0.4395020008087158,0.0004713059461209923,0.0005090162740088999,0.46994760632514954,0.014581967145204544,0.005563900340348482,0.008006389252841473,0.3399904668331146,0.006030168849974871,0.0021327657159417868,0.003174738259986043,0.21395257115364075
0010,000069,69,0.0004231711500324309,0.0005107340984977782,0.4404202103614807,0.0004645209410227835,0.0005005749990232289,0.47008779644966125,0.014790940098464489,0.005531459581106901,0.008114464581012726,0.3400421440601349,0.0061028641648590565,0.0021209537517279387,0.003211983712390065,0.2142086923122406
0010,000070,70,0.0004178136878181249,0.0005035210633650422,0.4405934512615204,0.0004670720954891294,0.0005068888422101736,0.4687827527523041,0.014839766547083855,0.005501607432961464,0.008148186840116978,0.34005555510520935,0.006454161833971739,0.002164924517273903,0.0034137240145355463,0.21400120854377747
0010,000071,71,0.0004139142401982099,0.0004974381881766021,0.4409336447715759,0.00046282229595817626,0.0005014546914026141,0.46969351172447205,0.014765176922082901,0.005497554782778025,0.008114952594041824,0.3400738537311554,0.007152175530791283,0.002378843491896987,0.003779997816309333,0.21311968564987183
0010,000072,72,0.00040603880188427866,0.0005002468824386597,0.43744519352912903,0.00045704905642196536,0.0004962931270711124,0.46922603249549866,0.01457627397030592,0.005518684629350901,0.008102931082248688,0.3400399088859558,0.006695055402815342,0.0025722933933138847,0.003547868924215436,0.21214355528354645
0010,000073,73,0.0004120398371014744,0.0005057735834270716,0.4386599659919739,0.0004512345767579973,0.0004856994200963527,0.47066909074783325,0.014627048745751381,0.005545902531594038,0.00808543898165226,0.3399813175201416,0.005983690731227398,0.002498796209692955,0.0031571313738822937,0.21222741901874542
0010,000074,74,0.0004176234360784292,0.0005069139297120273,0.44112980365753174,0.0004490542341955006,0.00047665220336057246,0.47240710258483887,0.014775683172047138,0.005558619741350412,0.008119173347949982,0.33998677134513855,0.0060001215897500515,0.002343488158658147,0.003129794728010893,0.21256506443023682
0010,000075,75,0.0004213655774947256,0.0005109228077344596,0.44113120436668396,0.0004493175074458122,0.0004769704246427864,0.4716334044933319,0.014688671566545963,0.005579703953117132,0.008088992908596992,0.3400106430053711,0.005942730698734522,0.002245320938527584,0.0031091792043298483,0.2127472311258316
0010,000076,76,0.0004238311084918678,0.0005138266133144498,0.44018837809562683,0.00044799907482229173,0.00047890827408991754,0.47088274359703064,0.014698619022965431,0.005574329290539026,0.008106842637062073,0.3400239944458008,0.005762774497270584,0.0021423802245408297,0.0030258395709097385,0.21301552653312683
0010,000077,77,0.000418477866332978,0.0005077999667264521,0.43969592452049255,0.0004509322752710432,0.00047651809290982783,0.47144615650177,0.014512882567942142,0.00557005126029253,0.008008869364857674,0.3400644361972809,0.0060601322911679745,0.002123747020959854,0.00316798547282815,0.21305154263973236
0010,000078,78,0.00041559533565305173,0.0005027741426602006,0.438839316368103,0.00044506150879897177,0.0004730660002678633,0.47143080830574036,0.014726150780916214,0.005486940965056419,0.008112603798508644,0.34007760882377625,0.006425031460821629,0.00221802806481719,0.003366675227880478,0.21261678636074066
0010,000079,79,0.000416596099967137,0.0005014599882997572,0.4417077898979187,0.000439690105849877,0.0004632325435522944,0.4729907810688019,0.015137906186282635,0.005412116181105375,0.008267746306955814,0.34004318714141846,0.007249805144965649,0.002487603574991226,0.003780500963330269,0.2117081582546234
0010,000080,80,0.0004195839283056557,0.000504401745274663,0.4428260624408722,0.00042663648491725326,0.00045086228055879474,0.4719555079936981,0.014869293197989464,0.005489831790328026,0.00813277531415224,0.34001854062080383,0.006554113235324621,0.0025364074390381575,0.0034166593104600906,0.21181853115558624
0010,000081,81,0.0004237143730279058,0.0005069857579655945,0.4448515474796295,0.00042722909711301327,0.0004483848751988262,0.47277769446372986,0.014979780651628971,0.005518096964806318,0.008162839338183403,0.3400152027606964,0.006430870853364468,0.0025485057849437,0.0033450082410126925,0.21185919642448425
0010,000082,82,0.0004235575324855745,0.0005123157752677798,0.44356516003608704,0.0004296132829040289,0.000456051726359874,0.47171851992607117,0.014961260370910168,0.005543490406125784,0.008197803050279617,0.3400353491306305,0.00637451745569706,0.002519923960790038,0.003334212815389037,0.21176385879516602
0010,000083,83,0.00042228616075590253,0.0005145224276930094,0.4411998391151428,0.00043484976049512625,0.0004638574318960309,0.4708867371082306,0.01492439303547144,0.0055301375687122345,0.008210355415940285,0.3400220572948456,0.006351508665829897,0.002235640538856387,0.003336389781907201,0.21272850036621094
0010,000084,84,0.00041819154284894466,0.0005096723325550556,0.4394969642162323,0.00044710986549034715,0.0004781597526744008,0.4707191288471222,0.015079345554113388,0.005485945846885443,0.008282404392957687,0.3400178849697113,0.006798116490244865,0.002089222427457571,0.003576700808480382,0.2134251892566681
0010,000085,85,0.0004124366387259215,0.0005019344389438629,0.4398355484008789,0.0004514193569775671,0.0004833947168663144,0.47124120593070984,0.01502558309584856,0.005442512221634388,0.008263095282018185,0.340054988861084,0.0070510851219296455,0.00210677832365036,0.0036979238502681255,0.21336163580417633
0010,000086,86,0.0004097362398169935,0.000492108752951026,0.4437977969646454,0.0004514592874329537,0.000482660107081756,0.4708908796310425,0.014956965111196041,0.005475849844515324,0.008177683688700199,0.3400498032569885,0.007076917681843042,0.0022205894347280264,0.0037141242064535618,0.21278002858161926
0010,000087,87,0.0004095547483302653,0.0004951262380927801,0.4433780908584595,0.00043814448872581124,0.0004621563130058348,0.472197026014328,0.014840222895145416,0.005542272236198187,0.008129472844302654,0.3400723934173584,0.006660156883299351,0.002237978158518672,0.003469540039077401,0.2129793018102646
0010,000088,88,0.0004171745968051255,0.0005047211889177561,0.44460442662239075,0.000437427923316136,0.0004663204890675843,0.47193801403045654,0.015210435725748539,0.00563198933377862,0.008341211825609207,0.3400200605392456,0.007349261548370123,0.002417340176180005,0.0038351190742105246,0.21241585910320282
0010,000089,89,0.00042250886326655746,0.0005034730420447886,0.4490889012813568,0.00043379617272876203,0.0004592023906297982,0.4718802571296692,0.0148962726816535,0.005660180933773518,0.008104545995593071,0.3400047719478607,0.007283220067620277,0.002638826612383127,0.0037976789753884077,0.21137207746505737
0010,000090,90,0.0004172453482169658,0.0005017285002395511,0.4462498724460602,0.00042686850065365434,0.00045589503133669496,0.4712301790714264,0.014718225225806236,0.005673167295753956,0.008053846657276154,0.3400399088859558,0.006484930869191885,0.002735933056101203,0.003404289484024048,0.21065257489681244
0010,000091,91,0.00040938257006928325,0.0004998667864128947,0.4417644441127777,0.0004250692145433277,0.0004495977482292801,0.4721195697784424,0.014610097743570805,0.0056397570297122,0.008057767525315285,0.34006309509277344,0.005912397056818008,0.002751043066382408,0.0030968927312642336,0.21007005870342255
0010,000092,92,0.0004065592074766755,0.0004969555302523077,0.4420209527015686,0.0004262035363353789,0.0004565767594613135,0.470277339220047,0.01466719713062048,0.005618549417704344,0.008098339661955833,0.3400479257106781,0.005485008470714092,0.0024998898152261972,0.0028891763649880886,0.2104477733373642
0010,000093,93,0.00040345810703001916,0.000493415747769177,0.4421570897102356,0.00044186829472891986,0.0004720540891867131,0.4711678624153137,0.01460499968379736,0.005601365584880114,0.00807391107082367,0.34002941846847534,0.005886231083422899,0.0024367310106754303,0.0031074238941073418,0.2105499804019928
0010,000094,94,0.00040320961852557957,0.0004953484749421477,0.4415147304534912,0.0004389238602016121,0.000457383954199031,0.47372379899024963,0.014455181546509266,0.005586170591413975,0.008001242764294147,0.3400302529335022,0.005733143538236618,0.002428475534543395,0.0029808934777975082,0.21039420366287231
0010,000095,95,0.0004022079810965806,0.000499867310281843,0.4393346905708313,0.00043972255662083626,0.0004638883692678064,0.4724341928958893,0.014441867358982563,0.00559198996052146,0.008038063533604145,0.34003308415412903,0.006312575191259384,0.002550548641011119,0.0033063306473195553,0.20974093675613403
0010,000096,96,0.00039982347516343,0.0004964407999068499,0.43915677070617676,0.00043939243187196553,0.0004659492988139391,0.47181805968284607,0.014387567527592182,0.005595876835286617,0.00800970010459423,0.3400168716907501,0.005722153000533581,0.002598857507109642,0.003006062703207135,0.20937709510326385
0010,000097,97,0.0003944245108868927,0.0004922774969600141,0.4371452331542969,0.00043983093928545713,0.00046597624896094203,0.4715716540813446,0.014203284867107868,0.005576800089329481,0.007920860312879086,0.34006044268608093,0.005826518405228853,0.0026497787330299616,0.0030575620476156473,0.20908597111701965
0010,000098,98,0.0003907639184035361,0.0004864760849159211,0.4373638927936554,0.000439837749581784,0.0004671298374887556,0.4717966914176941,0.014220839366316795,0.005570557434111834,0.007914312183856964,0.34007126092910767,0.005320818163454533,0.0025862902402877808,0.00279561011120677,0.209043487906456
0010,000099,99,0.0003884060133714229,0.0004773111722897738,0.44021135568618774,0.0004523475654423237,0.0004847417294513434,0.47056451439857483,0.014121295884251595,0.005533287767320871,0.0077929021790623665,0.3400701582431793,0.005424909759312868,0.0023989826440811157,0.0028577237389981747,0.20893482863903046
0010,000100,100,0.00038332893745973706,0.0004736862611025572,0.439716637134552,0.0004594827478285879,0.0004860214830841869,0.4722101092338562,0.014015468768775463,0.00554185314103961,0.007755876053124666,0.34008926153182983,0.0052609629929065704,0.002382433507591486,0.0027513119857758284,0.20882602035999298
0010,000101,101,0.00038077280623838305,0.00046916157589294016,0.44056808948516846,0.00045811390737071633,0.00048362481174990535,0.47268855571746826,0.014181331731379032,0.005500368773937225,0.007813858799636364,0.34007853269577026,0.005463049281388521,0.002264616545289755,0.002846159739419818,0.2091708481311798
0010,000102,102,0.00038233157829381526,0.0004724629397969693,0.4394628405570984,0.00046402993029914796,0.0004911466967314482,0.4718836843967438,0.014452989213168621,0.005469840951263905,0.007991215214133263,0.3400532603263855,0.005600587464869022,0.0022489961702376604,0.00293629989027977,0.20902593433856964
0010,000103,103,0.0003820827987510711,0.0004712252120953053,0.43892401456832886,0.00046423656749539077,0.000493421102873981,0.4717857837677002,0.01448063924908638,0.005462557077407837,0.00801760796457529,0.34005066752433777,0.005705940071493387,0.0021461036521941423,0.0029866627883166075,0.2095191925764084
0010,000104,104,0.00038015982136130333,0.00046555689186789095,0.43939128518104553,0.0004676121461670846,0.0004961183294653893,0.4719819128513336,0.01443918701261282,0.005410695914179087,0.007975018583238125,0.3400668501853943,0.005654813256114721,0.0021538976579904556,0.0029636751860380173,0.20926974713802338
0010,000105,105,0.0003753863857127726,0.00046711950562894344,0.43640607595443726,0.0004701416182797402,0.0004990989109501243,0.471389502286911,0.014361904002726078,0.005425282754004002,0.008013403974473476,0.34009698033332825,0.005927000194787979,0.0021640723571181297,0.003107655793428421,0.2089759260416031
0010,000106,106,0.0003703341353684664,0.0004644138680305332,0.4365718960762024,0.00047138112131506205,0.0004962979583069682,0.4723077714443207,0.01421364489942789,0.0054352134466171265,0.007958942092955112,0.34007972478866577,0.0054116519168019295,0.0021153350826352835,0.002825607778504491,0.20905274152755737
0010,000107,107,0.0003657228662632406,0.00045940166455693543,0.43773987889289856,0.00047394807916134596,0.0005028367741033435,0.4718250632286072,0.014097881503403187,0.0053831469267606735,0.00788013357669115,0.34004122018814087,0.005865618586540222,0.002247648546472192,0.003084514755755663,0.2086082398891449
0010,000108,108,0.000366519030649215,0.000455245201010257,0.43929386138916016,0.00047075521433725953,0.0004940194776281714,0.47345367074012756,0.014152087271213531,0.005366454366594553,0.00787037331610918,0.34005796909332275,0.0056879036128520966,0.0023609620984643698,0.002955513773486018,0.20828862488269806
0010,000109,109,0.00036928951158188283,0.0004590819589793682,0.4393128454685211,0.00046780097181908786,0.0004979359218850732,0.47164425253868103,0.014251300133764744,0.005380467511713505,0.007932744920253754,0.3400653302669525,0.005701910238713026,0.002226992044597864,0.00298728933557868,0.20878849923610687
0010,000110,110,0.0003650457947514951,0.00045691983541473746,0.43718382716178894,0.0004812048573512584,0.0005159277934581041,0.47069185972213745,0.014210451394319534,0.005376215558499098,0.007951682433485985,0.34008002281188965,0.006091875955462456,0.0021998498123139143,0.003213847056031227,0.20895427465438843
0010,000111,111,0.0003638841153588146,0.0004532004822976887,0.4367796778678894,0.00048214694834314287,0.0005121689173392951,0.4718807339668274,0.014018709771335125,0.005338992457836866,0.00783394556492567,0.34007805585861206,0.005638670641928911,0.002289434429258108,0.0029574765358120203,0.20870694518089294
0010,000112,112,0.0003577556926757097,0.00044603145215660334,0.43717893958091736,0.00047294521937146783,0.0004995320923626423,0.47223541140556335,0.014027491211891174,0.005316724069416523,0.007829227484762669,0.3401108384132385,0.005489586852490902,0.002079776953905821,0.0028652946930378675,0.20928587019443512
0010,000113,113,0.00035939650842919946,0.0004427061358001083,0.4407263398170471,0.00047887288383208215,0.000507975637447089,0.4720020294189453,0.01426633633673191,0.005264392122626305,0.007905189879238605,0.34009531140327454,0.006329464726150036,0.0023099235258996487,0.0033240066841244698,0.2083660215139389
0010,000114,114,0.00036421205732040107,0.00044372896081767976,0.4457646310329437,0.0004708971828222275,0.0004974193288944662,0.47281181812286377,0.014414220117032528,0.005281715653836727,0.007930704392492771,0.3400898873806,0.0056819552555680275,0.00241503631696105,0.002973445225507021,0.20785805583000183
0010,000115,115,0.00036604670458473265,0.00044344214256852865,0.4478076994419098,0.0004705719475168735,0.000499421264976263,0.47148314118385315,0.014711577445268631,0.005285703577101231,0.00804675929248333,0.3400762677192688,0.006234705448150635,0.002458330010995269,0.003275227267295122,0.20758765935897827
0010,000116,116,0.0003689403529278934,0.0004425463848747313,0.4501632750034332,0.00047599061508663,0.0005030198371969163,0.4727710485458374,0.014830444939434528,0.005256492178887129,0.008072387427091599,0.34006136655807495,0.006246604025363922,0.0025765704922378063,0.003266802756115794,0.20707903802394867
0010,000117,117,0.0003735650097951293,0.00044405178050510585,0.4523066580295563,0.0004689063935074955,0.0004926444962620735,0.47359126806259155,0.014818403869867325,0.005271923262625933,0.008042723871767521,0.3400324583053589,0.0057219816371798515,0.002455046633258462,0.0029828196857124567,0.20708376169204712
0010,000118,118,0.00037058728048577905,0.00044158686068840325,0.452393501996994,0.0004730696964543313,0.000501885311678052,0.47307687997817993,0.014791062101721764,0.005254798568785191,0.00802901852875948,0.34002676606178284,0.005866956431418657,0.002397456206381321,0.0030705758836120367,0.2070702463388443
0010,000119,119,0.0003745704307220876,0.0004420453333295882,0.4543302357196808,0.000474524509627372,0.0005004669656045735,0.4730101227760315,0.01509456243366003,0.005170091520994902,0.008148389868438244,0.34005144238471985,0.005932530388236046,0.0022676826920360327,0.0031001048628240824,0.2070469856262207
0010,000120,120,0.00037756917299702764,0.00044293570681475103,0.45605987310409546,0.0004727280465885997,0.0005002260440960526,0.4724765717983246,0.0149415647611022,0.005213731434196234,0.0080516142770648,0.3400768041610718,0.0060480027459561825,0.002107056090608239,0.003166334005072713,0.20740315318107605
0010,000121,121,0.0003800267295446247,0.00044248992344364524,0.4577493965625763,0.0004881326749455184,0.0005240435129962862,0.47182950377464294,0.01528012752532959,0.005199081730097532,0.008155963383615017,0.3400357663631439,0.006739565636962652,0.0022186036221683025,0.003557413350790739,0.20719167590141296
0010,000122,122,0.0003828420885838568,0.0004439768963493407,0.4586750864982605,0.0004929497954435647,0.0005215682904236019,0.47247591614723206,0.015168940648436546,0.005248508881777525,0.008098481222987175,0.34004873037338257,0.006853573955595493,0.002314926590770483,0.0035748668015003204,0.20651862025260925
0010,000123,123,0.000384531362215057,0.0004452179418876767,0.45784246921539307,0.0004871408164035529,0.0005176548729650676,0.4716736376285553,0.015101836062967777,0.005258864723145962,0.008064928464591503,0.34005868434906006,0.006370126269757748,0.002178807044401765,0.0033364216797053814,0.20737457275390625
0010,000124,124,0.00038689191569574177,0.0004465517995413393,0.45858508348464966,0.0005013254121877253,0.0005353974993340671,0.4718385934829712,0.015232608653604984,0.005291792564094067,0.008121149614453316,0.34004029631614685,0.006663316860795021,0.0021851519122719765,0.0034864668268710375,0.20862223207950592
0010,000125,125,0.0003934042470064014,0.00045032103662379086,0.45994192361831665,0.0005167768686078489,0.0005501924897544086,0.4720437526702881,0.015355941839516163,0.005339916795492172,0.008175925351679325,0.3400546908378601,0.006524589844048023,0.002287081675603986,0.003413042053580284,0.20886185765266418
0010,000126,126,0.00038397329626604915,0.00044774331036023796,0.4568893015384674,0.0005134303355589509,0.0005478884559124708,0.47184377908706665,0.015033687464892864,0.0052621508948504925,0.008071786724030972,0.34007126092910767,0.006811224389821291,0.00223987502977252,0.0035673838574439287,0.2082667052745819
0010,000127,127,0.0003834747476503253,0.0004476150206755847,0.4566936492919922,0.0004974915646016598,0.000536555249709636,0.47078362107276917,0.014983700588345528,0.005255561321973801,0.008060816675424576,0.3400578796863556,0.006292886566370726,0.002180876675993204,0.0033256919123232365,0.20814810693264008
0010,000128,128,0.0003876635164488107,0.0004480707284528762,0.4592437446117401,0.0004928159760311246,0.000522070040460676,0.47238773107528687,0.015033572912216187,0.005332916043698788,0.008051424287259579,0.3400535583496094,0.005564920138567686,0.0021282415837049484,0.002902517095208168,0.20823706686496735
0010,000129,129,0.0003895650734193623,0.0004512089944910258,0.45949414372444153,0.0004910484421998262,0.0005234236014075577,0.4718363285064697,0.015020866878330708,0.005409485660493374,0.008054153993725777,0.3400549292564392,0.005181021522730589,0.0020812235306948423,0.0027161987964063883,0.20833419263362885
0010,000130,130,0.0003885813639499247,0.0004576390201691538,0.45571812987327576,0.0004943120875395834,0.0005305457743816078,0.4710254967212677,0.014882947318255901,0.005387024953961372,0.008036486804485321,0.3400467336177826,0.005855657160282135,0.0020792074501514435,0.0030768655706197023,0.20835813879966736
0010,000131,131,0.000390969478758052,0.00045891059562563896,0.45600175857543945,0.0005020559765398502,0.0005434796330519021,0.47061482071876526,0.014752691611647606,0.005386607255786657,0.007935659028589725,0.34003424644470215,0.005577040836215019,0.0021225675009191036,0.0029440484941005707,0.20839014649391174
0010,000132,132,0.0003940427559427917,0.0004610956530086696,0.45610788464546204,0.000504621712025255,0.0005437246290966868,0.4711403548717499,0.01475530955940485,0.005393624771386385,0.00794345885515213,0.3400386571884155,0.005566059611737728,0.002226622076705098,0.0029383720830082893,0.2081119418144226
0010,000133,133,0.000403065700083971,0.0004654590447898954,0.4598024785518646,0.0005013140034861863,0.0005390627193264663,0.47053277492523193,0.014944275841116905,0.005431548226624727,0.00798127893358469,0.34004220366477966,0.005644918419420719,0.00215648440644145,0.002983642276376486,0.20824825763702393
0010,000134,134,0.0004092697345186025,0.00047155003994703293,0.4612106680870056,0.0005077982787042856,0.0005528848269023001,0.46996575593948364,0.015320501290261745,0.005410152953118086,0.00814866367727518,0.34002685546875,0.0063047935254871845,0.0023202563170343637,0.0033441258128732443,0.20786920189857483
0010,000135,135,0.0004169772728346288,0.0004787789366673678,0.46333277225494385,0.0005061374395154417,0.0005416183266788721,0.47181013226509094,0.01584702730178833,0.005394086241722107,0.00840852688997984,0.34002041816711426,0.0060091782361269,0.0023181219585239887,0.0031540889758616686,0.20785880088806152
0010,000136,136,0.0004046919639222324,0.00047673689550720155,0.45708709955215454,0.0005063536227680743,0.0005417312495410442,0.4713229835033417,0.01519026979804039,0.005355491768568754,0.008177721872925758,0.34002548456192017,0.006941468920558691,0.002390974899753928,0.003639881033450365,0.20732291042804718
0010,000137,137,0.00039693087455816567,0.0004740038712043315,0.4525996148586273,0.0004940331564284861,0.0005268710083328187,0.4711820185184479,0.014819622971117496,0.005343913100659847,0.008044910617172718,0.3400365710258484,0.006055861245840788,0.0023890093434602022,0.003187481313943863,0.20717574656009674
0010,000138,138,0.0003957629087381065,0.0004714130482170731,0.45290717482566833,0.0004990423331037164,0.0005371097358874977,0.47044774889945984,0.014708972536027431,0.005361749790608883,0.007962003350257874,0.3400470018386841,0.005661653820425272,0.002200494520366192,0.002985769184306264,0.2077714055776596
0010,000139,139,0.0003957651788368821,0.0004704126331489533,0.4534430205821991,0.0005119439447298646,0.0005500699044205248,0.47087332606315613,0.014924924820661545,0.005359257105737925,0.008061853237450123,0.34005242586135864,0.005958291236311197,0.002234919462352991,0.0031369158532470465,0.20761248469352722
0010,000140,140,0.0004014417063444853,0.00047394458670169115,0.45572349429130554,0.0005169345531612635,0.0005587747436948121,0.4704856872558594,0.015269326977431774,0.00540353637188673,0.00820923876017332,0.34003376960754395,0.0059692468494176865,0.002341983374208212,0.00316321337595582,0.20721222460269928
0010,000141,141,0.00040810753125697374,0.000477045337902382,0.4570006728172302,0.0005155600374564528,0.0005568505730479956,0.47107014060020447,0.015288233757019043,0.005459945183247328,0.008209970779716969,0.3400323987007141,0.00614159693941474,0.0024267053231596947,0.0032536110375076532,0.20686160027980804
0010,000142,142,0.0004087950801476836,0.0004816134460270405,0.45589396357536316,0.0005148981581442058,0.0005555751267820597,0.47123563289642334,0.015352442860603333,0.005511507857590914,0.008293334394693375,0.3399990200996399,0.006242604926228523,0.00255074305459857,0.003289989661425352,0.20635685324668884
0010,000143,143,0.00040196909685619175,0.0004816751752514392,0.45127546787261963,0.0005116691463626921,0.000551764213014394,0.47006773948669434,0.015021031722426414,0.005488893482834101,0.008187475614249706,0.33998405933380127,0.005534635856747627,0.002454923465847969,0.0029230653308331966,0.20650917291641235
0010,000144,144,0.00039687735261395574,0.0004784472694154829,0.4489750564098358,0.0005137299885973334,0.0005516599048860371,0.4707748591899872,0.014713705517351627,0.0054669626988470554,0.008032928220927715,0.3399808704853058,0.005199788138270378,0.0023303113412111998,0.002737145172432065,0.20685774087905884
0010,000145,145,0.00039860032848082483,0.00047492506564594805,0.45125046372413635,0.0005231618997640908,0.0005604530451819301,0.4709988832473755,0.01483897864818573,0.00547085190191865,0.00804668478667736,0.33999887108802795,0.00521126901730895,0.0022277687676250935,0.002744104480370879,0.20694231986999512
0010,000146,146,0.00039778693462722003,0.00046956929145380855,0.45302554965019226,0.0005242120823822916,0.0005554796080105007,0.47200143337249756,0.014780680648982525,0.00547906756401062,0.007990441285073757,0.3400096595287323,0.005132963415235281,0.002193870721384883,0.002688076114282012,0.20693212747573853
0010,000147,147,0.00039839072269387543,0.0004680961137637496,0.45512065291404724,0.0005170057411305606,0.0005482393899001181,0.4721240699291229,0.015030177310109138,0.005527521949261427,0.008096846751868725,0.3400143086910248,0.005022496450692415,0.0020226158667355776,0.0026255513075739145,0.20755591988563538
0010,000148,148,0.00039688771357759833,0.0004659606493078172,0.4554487466812134,0.0005217267898842692,0.0005509939510375261,0.4728194773197174,0.014969230629503727,0.005540900398045778,0.008066522888839245,0.3400324583053589,0.0054272557608783245,0.002073870971798897,0.0028347941115498543,0.20737098157405853
0010,000149,149,0.0003960935864597559,0.0004635436343960464,0.45649030804634094,0.0005116371321491897,0.0005394236068241298,0.47249576449394226,0.015075295232236385,0.0055168610997498035,0.008110696449875832,0.3400586247444153,0.005539771635085344,0.0020952862687408924,0.002897483529523015,0.20722079277038574
0010,000150,150,0.0003894166729878634,0.0004577603249344975,0.45441460609436035,0.0005070461775176227,0.0005410853191278875,0.4706957936286926,0.015182875096797943,0.005405060481280088,0.0081610307097435,0.34006351232528687,0.006154454313218594,0.0020008536521345377,0.00323035242035985,0.20816050469875336
0010,000151,151,0.00038852932630106807,0.00044903840171173215,0.45780113339424133,0.0005176912527531385,0.0005519952974282205,0.4716807007789612,0.014842045493423939,0.005390580743551254,0.007922028191387653,0.3400706946849823,0.005807901732623577,0.002033043187111616,0.0030517661944031715,0.20824699103832245
0010,000152,152,0.0003884178586304188,0.00044307936332188547,0.4612589478492737,0.0005153034580871463,0.0005522052524611354,0.4718559980392456,0.015452058985829353,0.005300863180309534,0.008148620836436749,0.34006571769714355,0.005795449949800968,0.0019486267119646072,0.0030453691724687815,0.20882849395275116
0010,000153,153,0.0003949144156649709,0.0004423345671966672,0.46520376205444336,0.0005199016886763275,0.0005591659573838115,0.47177717089653015,0.015516421757638454,0.005325869657099247,0.008138434961438179,0.3400627076625824,0.006390929222106934,0.0021098479628562927,0.0033662228379398584,0.2083873152732849
0010,000154,154,0.0004059965431224555,0.00044445780804380774,0.47247233986854553,0.0005069937906228006,0.0005419410881586373,0.47229287028312683,0.015918070450425148,0.005398144945502281,0.008260899223387241,0.3400362432003021,0.005673639476299286,0.002075936645269394,0.002974485279992223,0.20875898003578186
0010,000155,155,0.0004119959776289761,0.00045313421287573874,0.4736277759075165,0.0005067972233518958,0.0005453595076687634,0.4721478223800659,0.015947548672556877,0.0054783448576927185,0.008306540548801422,0.340018093585968,0.00588962621986866,0.002115098061040044,0.0030915739480406046,0.2086973786354065
0010,000156,156,0.0004172474436927587,0.00046194466995075345,0.4716392755508423,0.0005041607655584812,0.0005453478079289198,0.47089093923568726,0.01586451381444931,0.005507390946149826,0.008304975926876068,0.340014785528183,0.005488600116223097,0.002111360663548112,0.002899473300203681,0.208807110786438
0010,000157,157,0.0004186704754829407,0.0004723006277345121,0.46635448932647705,0.0005033885245211422,0.0005407091812230647,0.4713049530982971,0.015831923112273216,0.005552253685891628,0.00836581364274025,0.3400530219078064,0.006108565255999565,0.002076065167784691,0.0032118866220116615,0.20887599885463715
0010,000158,158,0.00041824564686976373,0.00047755803097970784,0.462918221950531,0.0005064407014288008,0.00053784140618518,0.47287285327911377,0.015530615113675594,0.0055807288736104965,0.008257824927568436,0.3400632441043854,0.00655238376930356,0.002247579861432314,0.0034191065933555365,0.20847442746162415
0010,000159,159,0.00042010631295852363,0.00048120596329681575,0.46159565448760986,0.0004939768114127219,0.0005275429575704038,0.47145894169807434,0.015374556183815002,0.005588976200670004,0.008172416128218174,0.3400872051715851,0.005986712407320738,0.002164537087082863,0.0031400476582348347,0.20915694534778595
0010,000160,160,0.00041873689042404294,0.000484218675410375,0.4593619704246521,0.0004964031395502388,0.0005261836340650916,0.4726247489452362,0.015311302617192268,0.005594071466475725,0.008196430280804634,0.340076208114624,0.005918939132243395,0.0021659366320818663,0.003098769811913371,0.2094024419784546
0010,000161,161,0.00041961699025705457,0.00048343310481868684,0.46036288142204285,0.0005002893740311265,0.0005360273062251508,0.4706334173679352,0.015353028662502766,0.005618764087557793,0.008206422440707684,0.3400493264198303,0.0062030768021941185,0.0022010821849107742,0.0032674961257725954,0.20904497802257538
0010,000162,162,0.00041415481246076524,0.00048203609185293317,0.45695623755455017,0.0004915653262287378,0.0005233193514868617,0.4718416929244995,0.015073582530021667,0.00562774995341897,0.008116688579320908,0.3400510847568512,0.005809793248772621,0.0023041064850986004,0.00304921786300838,0.2091495543718338
0010,000163,163,0.0004103018727619201,0.00048398642684333026,0.45323678851127625,0.0004968287539668381,0.0005386520060710609,0.4695172905921936,0.015065256506204605,0.005659999325871468,0.008161801844835281,0.34005850553512573,0.006228190381079912,0.002295403042808175,0.0032960991375148296,0.20966456830501556
0010,000164,164,0.00040745982551015913,0.00048612747923471034,0.44956496357917786,0.0005006356514059007,0.0005396053893491626,0.4698701500892639,0.014823678880929947,0.005679609254002571,0.008077648468315601,0.34007278084754944,0.0065618641674518585,0.002299632877111435,0.0034578884951770306,0.21032467484474182
0010,000165,165,0.0004092783201485872,0.0004875042359344661,0.45160529017448425,0.0005114314844831824,0.0005469428724609315,0.4710809290409088,0.014942974783480167,0.005684942472726107,0.008106093853712082,0.3400353193283081,0.006178667768836021,0.0022422766778618097,0.0032632641959935427,0.2103167325258255
0010,000166,166,0.00041228215559385717,0.0004923355882056057,0.45163193345069885,0.0005056296358816326,0.0005480539402924478,0.4703870415687561,0.01493528950959444,0.005695430561900139,0.008106717839837074,0.340012788772583,0.005916567984968424,0.002323431195691228,0.0031328804325312376,0.21030469238758087
0010,000167,167,0.0004110593581572175,0.0004928566631861031,0.4505930542945862,0.000503955059684813,0.0005462668486870825,0.4703808128833771,0.014852780848741531,0.005666575860232115,0.008080007508397102,0.34001874923706055,0.006328520830720663,0.002482654293999076,0.0033351797610521317,0.20973904430866241
0010,000168,168,0.0004080102080479264,0.0004935415927320719,0.4475177526473999,0.0005028154118917882,0.0005485691362991929,0.4703155755996704,0.015072249807417393,0.005640481133013964,0.008232109248638153,0.34002649784088135,0.006921640131622553,0.0026422315277159214,0.003691695397719741,0.20910601317882538
0010,000169,169,0.0004098725621588528,0.0004991310997866094,0.4453185200691223,0.0005001582903787494,0.0005527607863768935,0.46854910254478455,0.015251399949193,0.005650204606354237,0.008391840383410454,0.34004637598991394,0.006565799470990896,0.002691433532163501,0.0035335023421794176,0.20918716490268707
0010,000170,170,0.00040585247916169465,0.0004912171280011535,0.4465017318725586,0.0005061618285253644,0.0005563028971664608,0.47009238600730896,0.01508293580263853,0.005663915537297726,0.008267377503216267,0.34008675813674927,0.00638235080987215,0.002688119187951088,0.0033922854345291853,0.2091907113790512
0010,000171,171,0.00040190480649471283,0.00048536062240600586,0.44863563776016235,0.0005005436833016574,0.0005313932779245079,0.4720359444618225,0.014956933446228504,0.005672400817275047,0.008168892934918404,0.3400770425796509,0.0065429541282355785,0.0023922347463667393,0.003388485638424754,0.2100754976272583
0010,000172,172,0.0003960478352382779,0.0004787450598087162,0.44804152846336365,0.0004921922809444368,0.0005096931708976626,0.47364914417266846,0.014768335036933422,0.005650657694786787,0.008061778731644154,0.34008634090423584,0.006388917565345764,0.0022091150749474764,0.003296829527243972,0.210720032453537
0010,000173,173,0.0003934596315957606,0.00047512692981399596,0.447782427072525,0.0004895020392723382,0.0005215004202909768,0.471052885055542,0.014539322815835476,0.005651561543345451,0.007915749214589596,0.340081125497818,0.005955317988991737,0.0021679734345525503,0.0031316662207245827,0.21133358776569366
0010,000174,174,0.00038859446067363024,0.0004726278712041676,0.44407662749290466,0.0004885670496150851,0.0005168325151316822,0.472322940826416,0.014356648549437523,0.005640263203531504,0.007836955599486828,0.34011247754096985,0.0057112001813948154,0.0022334225941449404,0.002983199432492256,0.21156544983386993
0010,000175,175,0.0003852192603517324,0.0004700169956777245,0.4411928653717041,0.00048539898125454783,0.0005226894863881171,0.47013765573501587,0.014407357200980186,0.005590927321463823,0.007888410240411758,0.3401125371456146,0.005602524150162935,0.002174626337364316,0.002954236464574933,0.21233953535556793
0010,000176,176,0.0003840703866444528,0.00046673210454173386,0.4412422478199005,0.0004899700870737433,0.0005271908012218773,0.47055962681770325,0.014496080577373505,0.005524134263396263,0.007929503917694092,0.3401152789592743,0.00584023492410779,0.002223442541435361,0.003078405512496829,0.2122039943933487
0010,000177,177,0.00038248507189564407,0.00046277837827801704,0.4417094588279724,0.0004799428570549935,0.0005171685479581356,0.47054323554039,0.014597767032682896,0.005500693805515766,0.007982168346643448,0.3401169776916504,0.006003081798553467,0.0021784198470413685,0.0031614950858056545,0.21249642968177795
0010,000178,178,0.0003824883606284857,0.0004602895933203399,0.4415019452571869,0.00047631532652303576,0.000511859601829201,0.47076186537742615,0.01458865124732256,0.005486500449478626,0.007969972677528858,0.34012722969055176,0.005915318615734577,0.0022135968320071697,0.0031147536356002092,0.2125851809978485
0010,000179,179,0.00038107080035842955,0.0004644447471946478,0.43887344002723694,0.0004713973612524569,0.0005049651372246444,0.47076624631881714,0.014444592408835888,0.005485652480274439,0.00797033030539751,0.34008127450942993,0.005372576415538788,0.002171579282730818,0.002824318828061223,0.2129102349281311
0010,000180,180,0.0003814614028669894,0.0004672477953135967,0.4383094310760498,0.0004714632814284414,0.0005030903266742826,0.4710353910923004,0.01432367879897356,0.005484053399413824,0.007928542792797089,0.3400554955005646,0.005656857043504715,0.00210587028414011,0.0029674493707716465,0.21360257267951965
0010,000181,181,0.0003824143495876342,0.00047030224232003093,0.43764159083366394,0.000474634493002668,0.0005132955848239362,0.46905019879341125,0.01424067560583353,0.005505449138581753,0.007888108491897583,0.3400163948535919,0.00545634888112545,0.0020886233542114496,0.0028879032470285892,0.2138715535402298
0010,000182,182,0.00038266071351245046,0.000471859413664788,0.4372701942920685,0.00047353553236462176,0.0005090818158350885,0.4698992073535919,0.014293842017650604,0.005496718920767307,0.007925202138721943,0.33999523520469666,0.005713396705687046,0.0021097399294376373,0.0030161815229803324,0.21367917954921722
0010,000183,183,0.0003822492144536227,0.00047376027214340866,0.43660762906074524,0.0004693962400779128,0.0005128681659698486,0.46818915009498596,0.014459691010415554,0.005458564963191748,0.008012421429157257,0.34000879526138306,0.005805931985378265,0.002149763982743025,0.0030838921666145325,0.21377438306808472
0010,000184,184,0.0003835098759736866,0.00047819854808039963,0.4357454478740692,0.0004685187595896423,0.0005037258961237967,0.4701797366142273,0.014638969674706459,0.005456243176013231,0.008140924386680126,0.3400246798992157,0.005887169390916824,0.002232486614957452,0.0031011549290269613,0.21373823285102844
0010,000185,185,0.00038716354174539447,0.00048304430674761534,0.43626639246940613,0.00045888606109656394,0.000488581252284348,0.4714851677417755,0.014657747931778431,0.0054956162348389626,0.008165230974555016,0.3400063216686249,0.006581926252692938,0.002399754012003541,0.0034493242856115103,0.21314075589179993
0010,000186,186,0.00038930217851884663,0.0004865469818469137,0.43535909056663513,0.00045685842633247375,0.0004993884940631688,0.4686012268066406,0.014536120928823948,0.005500296596437693,0.008109577000141144,0.3400098979473114,0.006673059426248074,0.0025958502665162086,0.0035528691951185465,0.2123575061559677
0010,000187,187,0.0003931027022190392,0.0004938705242238939,0.43443429470062256,0.0004541640810202807,0.0004877678002230823,0.4700501561164856,0.014427653513848782,0.005560162011533976,0.008079925552010536,0.33995920419692993,0.005843203514814377,0.002519882982596755,0.0030845333822071552,0.21231737732887268
0010,000188,188,0.00039277758332900703,0.0004984496044926345,0.43250155448913574,0.00045661741751246154,0.0004910686984658241,0.4698011577129364,0.014076515100896358,0.005589873995631933,0.007930460385978222,0.33994176983833313,0.005744102876633406,0.0025096952449530363,0.0030277022160589695,0.2122713178396225
0010,000189,189,0.0003935455752070993,0.0005002555553801358,0.4323066473007202,0.00046153890434652567,0.000498603330925107,0.46962231397628784,0.014010805636644363,0.005600071977823973,0.0078975735232234,0.3399430513381958,0.005575031042098999,0.0024885034654289484,0.0029459078796207905,0.21213814616203308
0010,000190,190,0.000395616254536435,0.0005032350891269743,0.43176791071891785,0.0004610830801539123,0.0004951281007379293,0.47006192803382874,0.014019405469298363,0.005600922740995884,0.007916516624391079,0.33994317054748535,0.005946420133113861,0.002583733992651105,0.0031261600088328123,0.21173688769340515
0010,000191,191,0.0003938361769542098,0.0005021743709221482,0.4313600957393646,0.00046212520101107657,0.0004920261562801898,0.47067520022392273,0.0140601871535182,0.005563225597143173,0.007941123098134995,0.33994364738464355,0.00579747324809432,0.0025255840737372637,0.0030457701068371534,0.21157199144363403
0010,000192,192,0.0003918098227586597,0.0005032438784837723,0.4297386407852173,0.0004537013592198491,0.0004799029848072678,0.4710778594017029,0.014062300324440002,0.005482937209308147,0.007962515577673912,0.3399377763271332,0.005456715356558561,0.0023976601660251617,0.00285550020635128,0.21182386577129364
0010,000193,193,0.0003889189683832228,0.0005049792816862464,0.42667001485824585,0.0004532786551862955,0.00047579221427440643,0.47263088822364807,0.01388207171112299,0.005457557737827301,0.007914802990853786,0.33991262316703796,0.006465034559369087,0.002573786536231637,0.003367492463439703,0.21115893125534058
0010,000194,194,0.00038246350595727563,0.0005033148336224258,0.4231092035770416,0.00044862114009447396,0.00048331121797673404,0.4692324101924896,0.01361120119690895,0.005458444356918335,0.007828492671251297,0.3399192690849304,0.005441613495349884,0.0024799788370728493,0.002883003558963537,0.21139883995056152
0010,000195,195,0.0003809688496403396,0.0005021496908739209,0.42238229513168335,0.0004590476455632597,0.00048643082845956087,0.47102320194244385,0.013532496988773346,0.005460469983518124,0.00778596568852663,0.339925616979599,0.005487015936523676,0.002459154697135091,0.002883482025936246,0.21111607551574707
0010,000196,196,0.00038046870031394064,0.0005043154815211892,0.42136698961257935,0.00045581653830595315,0.0004790350212715566,0.47193634510040283,0.013459593057632446,0.00547497533261776,0.007772492710500956,0.3399199843406677,0.005481720436364412,0.002458997070789337,0.0028648385778069496,0.2109002321958542
0010,000197,197,0.00037557780160568655,0.0005027299630455673,0.41812390089035034,0.0004553233156912029,0.0004925532848574221,0.4694173038005829,0.01336669735610485,0.005498854909092188,0.007750095333904028,0.3399263322353363,0.00550868222489953,0.0022617874201387167,0.0029259908478707075,0.2113414704799652
0010,000198,198,0.0003772406780626625,0.0005049962201155722,0.4178844392299652,0.0004686252505052835,0.0005010989843867719,0.47033822536468506,0.01330638863146305,0.005502532701939344,0.007730094715952873,0.3399237394332886,0.005693609360605478,0.0024170337710529566,0.0030048638582229614,0.2105935662984848
0010,000199,199,0.00037410686491057277,0.0005066649755463004,0.414879709482193,0.00046943913912400603,0.0005112782237119973,0.4684295058250427,0.013174003921449184,0.0054747238755226135,0.00769550446420908,0.33992448449134827,0.006257443688809872,0.002602281514555216,0.00334475701674819,0.20979824662208557
0010,000200,200,0.0003719372907653451,0.0005069823819212615,0.4125295579433441,0.0004771338135469705,0.0005212053074501455,0.46787142753601074,0.013048785738646984,0.005440921057015657,0.007643082644790411,0.3399350643157959,0.005819391459226608,0.002588671864941716,0.0031135063618421555,0.20967024564743042
0010,000201,201,0.00037396320840343833,0.0005038852104917169,0.41608771681785583,0.00048370962031185627,0.0005142410518601537,0.4703977704048157,0.012910707853734493,0.0054594529792666435,0.007520238868892193,0.33989906311035156,0.005323986988514662,0.00227035628631711,0.0027867129538208246,0.21044573187828064
0010,000202,202,0.0003737665538210422,0.0005071680643595755,0.4143517315387726,0.0004924177774228156,0.0005306192324496806,0.4691697657108307,0.012802776880562305,0.0054779560305178165,0.007492872886359692,0.33989521861076355,0.004943215753883123,0.002179620787501335,0.0026204476598650217,0.21057245135307312
0010,000203,203,0.0003720769309438765,0.0005072435596957803,0.41275063157081604,0.0004974384210072458,0.0005400198278948665,0.4682409167289734,0.012805797159671783,0.005461899098008871,0.0075131673365831375,0.3398798704147339,0.004576126113533974,0.0021390842739492655,0.002431038301438093,0.21070638298988342
0010,000204,204,0.0003732188488356769,0.0005069808103144169,0.41287297010421753,0.0005024944548495114,0.0005399453220888972,0.4697853624820709,0.012772987596690655,0.005453475750982761,0.007476963568478823,0.3398887813091278,0.004815223161131144,0.002196321729570627,0.002542962785810232,0.21047478914260864
0010,000205,205,0.00037526077358052135,0.0005102134891785681,0.4122796952724457,0.000501224014442414,0.000539212953299284,0.4691936671733856,0.012834228575229645,0.005439470987766981,0.007507611531764269,0.33987873792648315,0.004802441690117121,0.0021844254806637764,0.0025401138700544834,0.2103917896747589
0010,000206,206,0.00037509240792132914,0.000509304110892117,0.41238725185394287,0.0005046839942224324,0.0005416659405454993,0.47013527154922485,0.012939981184899807,0.005431862082332373,0.007582222577184439,0.3398706912994385,0.005443848669528961,0.0023469722364097834,0.0028762577567249537,0.20968346297740936
0010,000207,207,0.0003749797760974616,0.000509604113176465,0.41227567195892334,0.0005002512480132282,0.0005423062248155475,0.468985915184021,0.01295022014528513,0.005395823158323765,0.007586157415062189,0.3398660123348236,0.005387049168348312,0.002497542416676879,0.0028617375064641237,0.20909631252288818
0010,000208,208,0.00037479153252206743,0.0005085981101728976,0.412724107503891,0.0004994571791030467,0.0005403973045758903,0.46948790550231934,0.013085653074085712,0.005419778637588024,0.00765888812020421,0.339862585067749,0.004857132211327553,0.0024473813828080893,0.002577211009338498,0.2089741826057434
0010,000209,209,0.00037647184217348695,0.000507004268001765,0.4146289527416229,0.0005044189165346324,0.0005395115585997701,0.4701266586780548,0.013115335255861282,0.005421885289251804,0.007642797660082579,0.339865118265152,0.004834936931729317,0.0021547775249928236,0.002537783235311508,0.2097035050392151
0010,000210,210,0.0003785595472436398,0.0005092374631203711,0.414826363325119,0.0005111278733238578,0.0005420615198090672,0.47155049443244934,0.01305091567337513,0.005440438631922007,0.0075984220020473,0.3398529291152954,0.004777019843459129,0.0021091452799737453,0.0025053166318684816,0.20980240404605865
0010,000211,211,0.00037943225470371544,0.0005106989992782474,0.41478487849235535,0.0005105062737129629,0.0005464868736453354,0.47062361240386963,0.013114431872963905,0.005455504171550274,0.007630747742950916,0.33984991908073425,0.004762605763971806,0.0020907956641167402,0.002509442390874028,0.2098565250635147
0010,000212,212,0.000378802273189649,0.0005098217516206205,0.41409793496131897,0.0005043888813816011,0.0005377869820222259,0.4711592197418213,0.013102645985782146,0.005441603250801563,0.007622743025422096,0.33984535932540894,0.00468512624502182,0.0020815597381442785,0.0024619027972221375,0.21010161936283112
0010,000213,213,0.00038219199632294476,0.0005112867220304906,0.41521987318992615,0.0005069688777439296,0.0005437373765744269,0.47055548429489136,0.013079462572932243,0.005460831802338362,0.007586877327412367,0.33986541628837585,0.004990931134670973,0.0020447182469069958,0.002634313888847828,0.21050678193569183
0010,000214,214,0.0003858493291772902,0.0005123980226926506,0.41624706983566284,0.0005064798169769347,0.0005489244940690696,0.468723326921463,0.013359630480408669,0.005450351629406214,0.007727862801402807,0.33988112211227417,0.005445438902825117,0.001973183127120137,0.0028801842126995325,0.21153689920902252
0010,000215,215,0.0003848755732178688,0.0005124043673276901,0.41536572575569153,0.0005219602026045322,0.0005717239691875875,0.4678100049495697,0.013447030447423458,0.00544378999620676,0.007782178930938244,0.3398926556110382,0.006067296955734491,0.0021221754141151905,0.003246520645916462,0.21119177341461182
0010,000216,216,0.0003812852955888957,0.0005171983502805233,0.4107764661312103,0.0005264495848678052,0.0005866257124580443,0.46623700857162476,0.013656423427164555,0.005410289391875267,0.007994408719241619,0.33989113569259644,0.007012433838099241,0.002524587092921138,0.003778318176046014,0.2101091891527176
0010,000217,217,0.00037740403786301613,0.000518283573910594,0.4061848819255829,0.0005396001506596804,0.0006136704469099641,0.4657515287399292,0.013296284712851048,0.0053862761706113815,0.007864574901759624,0.3399103879928589,0.008324474096298218,0.0032157842069864273,0.004541059955954552,0.20824004709720612
0010,000218,218,0.000380505109205842,0.0005203571054153144,0.407857209444046,0.000524159986525774,0.0005838625365868211,0.467329204082489,0.013152706436812878,0.005444211419671774,0.007742942776530981,0.33990445733070374,0.005823112558573484,0.0030865713488310575,0.003133597318083048,0.20832180976867676
0010,000219,219,0.00038081788807176054,0.0005189295043237507,0.4082866609096527,0.0005363708478398621,0.0005924057913944125,0.46856987476348877,0.01302731316536665,0.005476102698594332,0.007647924590855837,0.3398965299129486,0.005703598260879517,0.003048249986022711,0.003045513993129134,0.2080315351486206
0010,000220,220,0.0003819879493676126,0.0005180569714866579,0.4092511534690857,0.0005355036118999124,0.0005863112164661288,0.4689916968345642,0.013049918226897717,0.005483409855514765,0.007637200877070427,0.339891642332077,0.0054456377401947975,0.003025810234248638,0.0028940513730049133,0.20747233927249908
0010,000221,221,0.00037983679794706404,0.0005151224904693663,0.4093938171863556,0.000529947632458061,0.0005779205239377916,0.4692178964614868,0.013092510402202606,0.005464685615152121,0.007658801041543484,0.3398688733577728,0.005303056910634041,0.0026746371295303106,0.0027960625011473894,0.20794641971588135
0010,000222,222,0.0003816954849753529,0.0005182379391044378,0.4093025326728821,0.0005406009149737656,0.0005905809230171144,0.4680083990097046,0.012996659614145756,0.005441348999738693,0.007599974516779184,0.3398585319519043,0.005285310093313456,0.002387081738561392,0.0027968864887952805,0.2085590958595276
0010,000223,223,0.0003796597011387348,0.0005158267449587584,0.40849417448043823,0.0005482721608132124,0.0005955506348982453,0.4690171778202057,0.012965664267539978,0.005423333030194044,0.007583659142255783,0.3398762345314026,0.0051941098645329475,0.0022896321024745703,0.002744103781878948,0.20881979167461395
0010,000224,224,0.00037687673466280103,0.0005127456970512867,0.4078429043292999,0.0005491847405210137,0.000596057390794158,0.4685177206993103,0.012876669876277447,0.005375621374696493,0.007540408056229353,0.3398793041706085,0.005132375750690699,0.002173966495320201,0.002722380682826042,0.20910051465034485
0010,000225,225,0.0003739761305041611,0.000514704966917634,0.4059024453163147,0.0005575264221988618,0.0006129650864750147,0.46675431728363037,0.012943963520228863,0.005360672250390053,0.007620661985129118,0.3398483991622925,0.0054240236058831215,0.002181951655074954,0.002892798511311412,0.20925059914588928
0010,000226,226,0.0003731176257133484,0.0005158392596058547,0.4051000773906708,0.0005630083614960313,0.000617804063949734,0.46679335832595825,0.012920797802507877,0.005347211845219135,0.007622173056006432,0.33985307812690735,0.005034255795180798,0.0021256895270198584,0.0026865266263484955,0.2093813121318817
0010,000227,227,0.0003760783583857119,0.0005180027801543474,0.40615347027778625,0.0005597760900855064,0.000610693939961493,0.4673529267311096,0.013051832094788551,0.005329521372914314,0.007670111022889614,0.3398143947124481,0.0052300142124295235,0.002071990165859461,0.0027828970924019814,0.21000632643699646
0010,000228,228,0.0003790916525758803,0.0005188935319893062,0.40798208117485046,0.000566311355214566,0.0006113164126873016,0.46934276819229126,0.013305142521858215,0.005327949300408363,0.00777348130941391,0.339794397354126,0.005572442896664143,0.002137684728950262,0.0029401169158518314,0.2094862163066864
0010,000229,229,0.00038016270264051855,0.000519394117873162,0.40920254588127136,0.0005391099257394671,0.0005696638254448771,0.4712398648262024,0.01335651334375143,0.00533277215436101,0.007806748151779175,0.3397767245769501,0.0056891534477472305,0.0020448483992367983,0.0029667282942682505,0.20982880890369415
0010,000230,230,0.0003779604739975184,0.00052231753943488,0.40565595030784607,0.0005384292453527451,0.0005817339988425374,0.46855005621910095,0.013036293908953667,0.005333084147423506,0.007682426366955042,0.3397934138774872,0.00529031315818429,0.002092100214213133,0.0028014574199914932,0.20998674631118774
0010,000231,231,0.00037847532075829804,0.0005241792532615364,0.4049636423587799,0.0005461021210066974,0.0005925764562562108,0.46752092242240906,0.012991308234632015,0.005330988671630621,0.007676838431507349,0.33977997303009033,0.005544363986700773,0.002045621629804373,0.002947332803159952,0.20993353426456451
0010,000232,232,0.0003757078084163368,0.0005220065941102803,0.40349170565605164,0.0005510131595656276,0.0005979337729513645,0.4676221013069153,0.012854393571615219,0.00532909482717514,0.007612299639731646,0.33980798721313477,0.005385803058743477,0.0021706302650272846,0.002858028281480074,0.20961788296699524
0010,000233,233,0.0003707832656800747,0.0005188469076529145,0.4011600613594055,0.0005458122468553483,0.0005835143383592367,0.469603568315506,0.012848648242652416,0.0052971853874623775,0.007632890250533819,0.3398047387599945,0.005729532800614834,0.002294717123731971,0.0030245075467973948,0.20897066593170166
0010,000234,234,0.00036677869502454996,0.000516741129104048,0.4000280499458313,0.0005415205378085375,0.0005904828431084752,0.46731439232826233,0.012906859628856182,0.005292353220283985,0.007710203528404236,0.33979424834251404,0.005595102906227112,0.0024726013652980328,0.002981102094054222,0.20831452310085297
0010,000235,235,0.00036601148894988,0.0005166804767213762,0.3995106816291809,0.0005344050587154925,0.0005723188514821231,0.4692328870296478,0.012758104130625725,0.005287672393023968,0.00763359759002924,0.33977010846138,0.0053426362574100494,0.0024646467063575983,0.0028260492254048586,0.2080356627702713
0010,000236,236,0.00036419639945961535,0.0005156843108125031,0.39914771914482117,0.0005350093706510961,0.0005737596657127142,0.4692225754261017,0.012631121091544628,0.005273841321468353,0.007558827288448811,0.3397752046585083,0.004860703833401203,0.0024405918084084988,0.002569190226495266,0.207885280251503
0010,000237,237,0.00036580945015884936,0.000515975640155375,0.40036582946777344,0.0005406630225479603,0.0005790779832750559,0.4700934588909149,0.012742753140628338,0.005284793209284544,0.007605410180985928,0.3397759199142456,0.005239082034677267,0.0024154786951839924,0.002764942357316613,0.20773541927337646
0010,000238,238,0.00036498726694844663,0.0005156743573024869,0.3998357057571411,0.0005396570777520537,0.0005789134884253144,0.46937134861946106,0.012887166813015938,0.0053138830699026585,0.0077066305093467236,0.33974841237068176,0.004798629321157932,0.002305293921381235,0.0025346248876303434,0.2077392339706421
0010,000239,239,0.00036699147312901914,0.0005169372889213264,0.40106743574142456,0.000545497692655772,0.0005842306418344378,0.46988797187805176,0.012961575761437416,0.005320264957845211,0.007723003160208464,0.3397446274757385,0.005068858619779348,0.002319145482033491,0.0026773654390126467,0.20761902630329132
0010,000240,240,0.0003701975801959634,0.0005176523700356483,0.40350183844566345,0.0005412509781308472,0.0005806763074360788,0.4694035053253174,0.013044539839029312,0.00533698033541441,0.007735412567853928,0.33973243832588196,0.005376953165978193,0.002058005193248391,0.0028286089655011892,0.20883575081825256
0010,000241,241,0.0003746808797586709,0.0005141867441125214,0.40918999910354614,0.0005502778803929687,0.0005821853410452604,0.47185030579566956,0.013403079472482204,0.005402496550232172,0.007858168333768845,0.33973538875579834,0.005623909644782543,0.0021134442649781704,0.0029196315445005894,0.20926782488822937
0010,000242,242,0.0003864478785544634,0.0005155641702003777,0.41771525144577026,0.0005365149118006229,0.0005637084250338376,0.4727948307991028,0.014150071889162064,0.005551046226173639,0.008166573941707611,0.33972445130348206,0.006040593143552542,0.0022475242149084806,0.0030862963758409023,0.20997384190559387
0010,000243,243,0.0003886944323312491,0.0005184563924558461,0.4165966510772705,0.0005393177270889282,0.0005791271687485278,0.46947550773620605,0.01349121518433094,0.005679101217538118,0.00781974196434021,0.3397718071937561,0.005034829024225473,0.0022898244205862284,0.002665906911715865,0.2100277990102768
0010,000244,244,0.0003882921882905066,0.000520076253451407,0.41557228565216064,0.0005379674839787185,0.0005734721198678017,0.4704562723636627,0.013201475143432617,0.005684328731149435,0.00768039608374238,0.3398105502128601,0.004920502658933401,0.002339170780032873,0.002597101265564561,0.20970270037651062
0010,000245,245,0.000386124913347885,0.0005203434266149998,0.41374731063842773,0.0005298270843923092,0.0005716632585972548,0.4688740372657776,0.012981163337826729,0.005652360152453184,0.007587072905153036,0.3398340344429016,0.004370538983494043,0.0021745406556874514,0.002320581581443548,0.20999354124069214
0010,000246,246,0.00038360923645086586,0.0005198815488256514,0.4125431776046753,0.0005351939471438527,0.0005728035466745496,0.47013619542121887,0.01285264827311039,0.0056232609786093235,0.0075391014106571674,0.3398447632789612,0.0047523388639092445,0.0021509448997676373,0.0025133881717920303,0.20957398414611816
0010,000247,247,0.0003828343760687858,0.00052016566041857,0.4119817912578583,0.0005242986371740699,0.0005583164165727794,0.4708271324634552,0.012869378551840782,0.005585928913205862,0.0075493790209293365,0.33983904123306274,0.004632555413991213,0.0021461178548634052,0.002441840711981058,0.20929139852523804
0010,000248,248,0.00038423860678449273,0.0005215119454078376,0.4117453694343567,0.000519788358360529,0.0005578772979788482,0.46965673565864563,0.012893071398139,0.005576868075877428,0.007559989579021931,0.33985191583633423,0.004371751565486193,0.0020518358796834946,0.0023116967640817165,0.20974783599376678
0010,000249,249,0.00038368673995137215,0.0005230233073234558,0.41039931774139404,0.0005295778391882777,0.0005727687967009842,0.46831947565078735,0.012837834656238556,0.00555579736828804,0.007550366688519716,0.33984050154685974,0.004787291865795851,0.00198656995780766,0.0025410843081772327,0.20981106162071228
0010,000250,250,0.0003826032916549593,0.000524826580658555,0.40901216864585876,0.0005374684697017074,0.0005786805995739996,0.46918654441833496,0.01282048225402832,0.005538244266062975,0.007559039629995823,0.3398391008377075,0.004990210756659508,0.002017372753471136,0.0026521410327404737,0.2096678465604782
0010,000251,251,0.00038240980939008296,0.0005265335785225034,0.40834805369377136,0.0005380088114179671,0.0005847726133652031,0.4679687023162842,0.01291380263864994,0.005539427977055311,0.0076307207345962524,0.33984509110450745,0.004598012659698725,0.0020030371379107237,0.0024454251397401094,0.2098981738090515
0010,000252,252,0.00038289636722765863,0.0005275659495964646,0.4084610939025879,0.0005436769570223987,0.0005874693160876632,0.46889007091522217,0.01294395700097084,0.005552188493311405,0.007645155768841505,0.33982646465301514,0.0049575213342905045,0.002053717616945505,0.0026331832632422447,0.2096537947654724
0010,000253,253,0.00038494699401780963,0.000529452518094331,0.409319132566452,0.0005381223163567483,0.0005791185540147126,0.4696134626865387,0.012914945371448994,0.0055444929748773575,0.007598716299980879,0.33982565999031067,0.004548743367195129,0.0020114541985094547,0.0024028306361287832,0.20993304252624512
0010,000254,254,0.0003857423143927008,0.0005319801857694983,0.4086436331272125,0.0005395786720328033,0.0005832639872096479,0.46851134300231934,0.013059222139418125,0.005516586359590292,0.007685803342610598,0.3398236632347107,0.004749462474137545,0.002019561594352126,0.002520238282158971,0.20989474654197693
0010,000255,255,0.00038637244142591953,0.0005350246792659163,0.4075726568698883,0.0005382339004427195,0.0005800803191959858,0.46821388602256775,0.01301230862736702,0.0054929666221141815,0.007675067521631718,0.3398166298866272,0.004620661027729511,0.0019251564517617226,0.002446721540763974,0.21054542064666748
0010,000256,256,0.00038664916064590216,0.0005373793537728488,0.4063688814640045,0.000547736301086843,0.0005938916001468897,0.46851280331611633,0.012967130169272423,0.005499458871781826,0.00766643974930048,0.3398270606994629,0.0048319571651518345,0.0019302564905956388,0.002570221433416009,0.21051277220249176
0010,000257,257,0.0003874542599078268,0.0005388162098824978,0.4058043360710144,0.0005442809779196978,0.000586870068218559,0.46861717104911804,0.01300986111164093,0.005537413991987705,0.007702554110437632,0.3398181200027466,0.004914379678666592,0.002018389757722616,0.002605205401778221,0.21031169593334198
0010,000258,258,0.00038832638529129326,0.0005397594650276005,0.4059688150882721,0.0005408134311437607,0.0005832123570144176,0.46885210275650024,0.012969630770385265,0.005551527254283428,0.007677573245018721,0.33982232213020325,0.004876678343862295,0.002094086492434144,0.0025879761669784784,0.21006277203559875
0010,000259,259,0.00038729116204194725,0.0005389697616919875,0.4055022895336151,0.0005316886818036437,0.000569423078559339,0.4704294204711914,0.012951993383467197,0.005560547579079866,0.0076759010553359985,0.3398376703262329,0.004939798731356859,0.0021822794806212187,0.002600649371743202,0.20986157655715942
0010,000260,260,0.00038966917782090604,0.0005398384528234601,0.4068637788295746,0.0005281048943288624,0.000567240291275084,0.4689348638057709,0.013005503453314304,0.0055618598125875,0.007672740146517754,0.3398272395133972,0.004633702337741852,0.0020864647813141346,0.0024529178626835346,0.2102411836385727
0010,000261,261,0.00039061118150129914,0.0005393775645643473,0.40704867243766785,0.0005324792582541704,0.0005750524578616023,0.4687155485153198,0.013019910082221031,0.005561238620430231,0.007660370785742998,0.3398456871509552,0.004605198744684458,0.00208136229775846,0.0024395158980041742,0.2104663997888565
0010,000262,262,0.0003901474119629711,0.0005391707527451217,0.4066721498966217,0.000538314285222441,0.0005789726274088025,0.46929383277893066,0.013010894879698753,0.005568521097302437,0.007669251412153244,0.3398544490337372,0.005149226635694504,0.002186137018725276,0.002721751108765602,0.210091695189476
0010,000263,263,0.0003918249858543277,0.0005386081757023931,0.40813198685646057,0.0005317503237165511,0.0005744206719100475,0.46853265166282654,0.013027018867433071,0.005606831982731819,0.007675075903534889,0.33986231684684753,0.004783051088452339,0.002192803891375661,0.002531027654185891,0.21006916463375092
0010,000264,264,0.00039456147351302207,0.0005396586493588984,0.40996357798576355,0.0005336781614460051,0.0005695503787137568,0.47086721658706665,0.01312614418566227,0.005626391153782606,0.007682576309889555,0.3398546576499939,0.005133545026183128,0.0023133112117648125,0.0026975448708981276,0.20950791239738464
0010,000265,265,0.0003980497131124139,0.0005407603457570076,0.4112924337387085,0.0005259353201836348,0.0005678553716279566,0.46825549006462097,0.01317401509732008,0.005670116748660803,0.007696135435253382,0.33982861042022705,0.004952167626470327,0.0020931700710207224,0.002623358042910695,0.2103031575679779
0010,000266,266,0.00040099554462358356,0.0005418405053205788,0.4123555123806,0.0005398220964707434,0.0005798107013106346,0.4699913561344147,0.013100131414830685,0.005681575275957584,0.007637916132807732,0.3398353159427643,0.005465223919600248,0.0022568460553884506,0.0028820130974054337,0.20944325625896454
0010,000267,267,0.00040316127706319094,0.0005410971352830529,0.4141480326652527,0.0005281513440422714,0.0005686063668690622,0.46927332878112793,0.013202635571360588,0.005691534839570522,0.007665059994906187,0.3398415446281433,0.004786306992173195,0.0021334083285182714,0.0025317524559795856,0.20970454812049866
0010,000268,268,0.0004055083845742047,0.0005416411440819502,0.41511356830596924,0.0005323911318555474,0.000572251039557159,0.47009727358818054,0.013222606852650642,0.005698900204151869,0.007667547557502985,0.3398449718952179,0.004870767705142498,0.0020746842492371798,0.0025666258297860622,0.2102603167295456
0010,000269,269,0.0004066264955326915,0.0005424859118647873,0.41622334718704224,0.0005325234960764647,0.0005722551723010838,0.46977266669273376,0.013227797113358974,0.005687974393367767,0.007660241331905127,0.3398575484752655,0.004776676185429096,0.0019463333301246166,0.0025178012438118458,0.2110239714384079
0010,000270,270,0.00040284349233843386,0.0005403136601671576,0.41492393612861633,0.0005334752495400608,0.0005667545483447611,0.47081857919692993,0.013233440928161144,0.005666213575750589,0.007693741470575333,0.3398649990558624,0.004856868647038937,0.001924946904182434,0.002546130446717143,0.21138276159763336
0010,000271,271,0.0004009448748547584,0.0005395226762630045,0.4142237901687622,0.000531576806679368,0.0005713686114177108,0.4695979058742523,0.01314745657145977,0.005655231885612011,0.007653432432562113,0.3398813009262085,0.005109238903969526,0.001989663578569889,0.0026978147216141224,0.21096128225326538
0010,000272,272,0.0003987932577729225,0.0005380287766456604,0.41288676857948303,0.0005237619625404477,0.0005576902767643332,0.47086235880851746,0.0131208635866642,0.005629169289022684,0.007647870574146509,0.33986568450927734,0.0057560596615076065,0.002219976857304573,0.0030267464462667704,0.20993280410766602
0010,000273,273,0.0003983507049269974,0.0005384929827414453,0.41194939613342285,0.0005122362053953111,0.0005518185789696872,0.4687759280204773,0.013083059340715408,0.005626164376735687,0.007647501304745674,0.3398839831352234,0.005376193672418594,0.0023082559928297997,0.0028481159824877977,0.20939208567142487
0010,000274,274,0.00039650770486332476,0.0005382011877372861,0.41056662797927856,0.000515326508320868,0.0005548496264964342,0.46909648180007935,0.012957505881786346,0.005621384363621473,0.007602617144584656,0.3398834466934204,0.0054451338946819305,0.002460236195474863,0.0028843460604548454,0.2087092101573944
0010,000275,275,0.0003946908691432327,0.00053531548473984,0.41021424531936646,0.0005166279734112322,0.0005578618729487062,0.4682110548019409,0.013081077486276627,0.005630836356431246,0.007665223907679319,0.339861124753952,0.0050822775810956955,0.002289218595251441,0.0026981451082974672,0.20906005799770355
0010,000276,276,0.00039400855894200504,0.0005351637955754995,0.410163015127182,0.000530963996425271,0.000574784295167774,0.4687490165233612,0.013111555948853493,0.005608071107417345,0.0076703596860170364,0.3398352861404419,0.005061394069343805,0.002260262845084071,0.0026843745727092028,0.20912310481071472
0010,000277,277,0.0003976857988163829,0.0005359417991712689,0.411660760641098,0.000527213211171329,0.0005662192706950009,0.46911758184432983,0.013317232951521873,0.005593082867562771,0.007751714438199997,0.3398040533065796,0.00507713109254837,0.0019841771572828293,0.002674339571967721,0.2102500945329666
0010,000278,278,0.00040041751344688237,0.0005371837178245187,0.4130672216415405,0.000542620022315532,0.0005839181249029934,0.46932247281074524,0.013202851638197899,0.005612882785499096,0.007697455585002899,0.33980420231819153,0.004968541208654642,0.0019748250488191843,0.002623956883326173,0.21056346595287323
0010,000279,279,0.00040316180093213916,0.0005401561502367258,0.41333305835723877,0.0005450406461022794,0.0005915548535995185,0.4685513973236084,0.013253017328679562,0.005649300757795572,0.007724075112491846,0.339813768863678,0.0049980320036411285,0.0020158716943114996,0.002644843189045787,0.21078996360301971
0010,000280,280,0.0004069336282555014,0.0005447245202958584,0.41404488682746887,0.0005420727538876235,0.0005798703641630709,0.4698442816734314,0.013182154856622219,0.005654420703649521,0.0076728262938559055,0.33981838822364807,0.005453122314065695,0.002098226919770241,0.00286611495539546,0.21055886149406433
0010,000281,281,0.00040685475687496364,0.0005458408268168569,0.413422554731369,0.0005313276778906584,0.0005701910704374313,0.4693523943424225,0.013089918531477451,0.005678313784301281,0.007631015032529831,0.3398401439189911,0.0047872960567474365,0.0020794239826500416,0.0025268462486565113,0.2107526659965515
0010,000282,282,0.00040710484609007835,0.0005448091542348266,0.41380575299263,0.0005321523640304804,0.0005693169077858329,0.4696395695209503,0.013115372508764267,0.005691756494343281,0.0076350257731974125,0.33982494473457336,0.005069616250693798,0.00211782637052238,0.00267578917555511,0.2105109840631485
0010,000283,283,0.0004054601304233074,0.0005430132150650024,0.4141595661640167,0.0005225018248893321,0.0005592770758084953,0.4697965681552887,0.013182934373617172,0.005683744326233864,0.007664957549422979,0.3398304581642151,0.005461390130221844,0.002242353279143572,0.0028855479322373867,0.2099093496799469
0010,000284,284,0.00040571755380369723,0.0005426594871096313,0.41521820425987244,0.0005150455399416387,0.0005495625082403421,0.4705960154533386,0.013275356031954288,0.005693675950169563,0.007710549049079418,0.33981937170028687,0.005858391989022493,0.002380279591307044,0.0030893522780388594,0.20920567214488983
0010,000285,285,0.0004111558082513511,0.0005468021263368428,0.4169009327888489,0.000509164179675281,0.0005409609293565154,0.47061169147491455,0.013454402796924114,0.005683009047061205,0.007767252158373594,0.339792400598526,0.005794405471533537,0.0024891614448279142,0.0030479123815894127,0.20861054956912994
0010,000286,286,0.00042261226917617023,0.0005536958342418075,0.4206235110759735,0.0005038863746449351,0.0005346738616935909,0.47109726071357727,0.01401807926595211,0.0057210116647183895,0.00800730288028717,0.33980873227119446,0.00575308408588171,0.002523928415030241,0.0029866064433008432,0.2085290104150772
0010,000287,287,0.00042170792585238814,0.000557535036932677,0.4186946451663971,0.000507796707097441,0.000543606118299067,0.47001126408576965,0.013693551532924175,0.005727734416723251,0.007898029871284962,0.33980613946914673,0.005259803030639887,0.002367307897657156,0.0027756523340940475,0.20890329778194427
0010,000288,288,0.00041470432188361883,0.0005519363912753761,0.4175099730491638,0.000515972962602973,0.0005564324092119932,0.46909141540527344,0.013365674763917923,0.0057219346053898335,0.007741701789200306,0.3398119807243347,0.005288582760840654,0.0021598637104034424,0.002813268220052123,0.20941248536109924
0010,000289,289,0.0004151957400608808,0.0005488119786605239,0.4188039004802704,0.0005227227229624987,0.0005571150686591864,0.470807820558548,0.013256041333079338,0.005723473150283098,0.007651037536561489,0.33978623151779175,0.00488406652584672,0.002169366693124175,0.002571370918303728,0.2097402960062027
0010,000290,290,0.00041473263991065323,0.0005463695852085948,0.4200419485569,0.0005197284044697881,0.0005583407473750412,0.46992021799087524,0.013264905661344528,0.00575117114931345,0.007643944583833218,0.3397919237613678,0.004911943804472685,0.002109031891450286,0.00259685842320323,0.20987573266029358
0010,000291,291,0.00041668303310871124,0.0005445973947644234,0.422089546918869,0.0005187263013795018,0.0005527973407879472,0.4713565409183502,0.013396873138844967,0.005757480394095182,0.007669281680136919,0.33979639410972595,0.005239223595708609,0.002198165515437722,0.0027523296885192394,0.20975199341773987
0010,000292,292,0.00041965514537878335,0.000544413342140615,0.4239322245121002,0.0005100370035506785,0.0005424557602964342,0.471137672662735,0.013462715782225132,0.00578221445903182,0.007681719493120909,0.3398062288761139,0.0053621865808963776,0.0022746860049664974,0.0028131650760769844,0.2096705287694931
0010,000293,293,0.0004244264855515212,0.0005455051432363689,0.42674392461776733,0.0005057612434029579,0.0005415945779532194,0.47051113843917847,0.013590031303465366,0.005812680348753929,0.007704172283411026,0.3398016095161438,0.005508323200047016,0.0023301145993173122,0.0028887016233056784,0.20964673161506653
0013,000002,2,0.0003362271236255765,0.00041049113497138023,0.44243666529655457,0.0005438727675937116,0.0005753684090450406,0.47124916315078735,0.014573445543646812,0.003016703063622117,0.007911143824458122,0.33978167176246643,0.005602790508419275,0.0011597775155678391,0.0029371785931289196,0.20899969339370728
0013,000003,3,0.00035241624573245645,0.0004262996662873775,0.4427007734775543,0.0005437336512841284,0.000575051992200315,0.4715050756931305,0.014456914737820625,0.0038944403640925884,0.0078639667481184,0.33976268768310547,0.005600804928690195,0.0016386817442253232,0.0029276118148118258,0.20936310291290283
0013,000004,4,0.000363880128134042,0.0004360630118753761,0.4435066878795624,0.0005440223612822592,0.0005879836971871555,0.4691419303417206,0.014296597801148891,0.004299217835068703,0.007783999666571617,0.339785635471344,0.005342673975974321,0.0017825282411649823,0.0028330162167549133,0.20957902073860168
0013,000005,5,0.00037097951280884445,0.0004416024312376976,0.444143146276474,0.0005322931101545691,0.0005613393732346594,0.4721553325653076,0.014296132139861584,0.004557982552796602,0.0078067295253276825,0.3397844433784485,0.0053719147108495235,0.0019220757531002164,0.0027911700308322906,0.20966805517673492
0013,000006,6,0.00037824150058440864,0.0004481277719605714,0.44374701380729675,0.0005177718703635037,0.0005481216940097511,0.47207897901535034,0.014255336485803127,0.004761601332575083,0.007776913698762655,0.33981218934059143,0.00523581774905324,0.0020432514138519764,0.002738376846536994,0.20960737764835358
0013,000007,7,0.000380368554033339,0.00045337548363022506,0.44237735867500305,0.0005076329107396305,0.0005382458330132067,0.4714258909225464,0.014182565733790398,0.004878062754869461,0.007766908500343561,0.33982259035110474,0.005075377412140369,0.00200232258066535,0.0026614032685756683,0.2099055051803589
0013,000008,8,0.0003842288570012897,0.00045731462887488306,0.44152066111564636,0.0005124263116158545,0.0005514121148735285,0.47035422921180725,0.014139051549136639,0.0049777887761592865,0.00775094423443079,0.33986181020736694,0.005676920060068369,0.0021246655378490686,0.0030045851599425077,0.20939810574054718
0013,000009,9,0.00038854769081808627,0.00046348871546797454,0.4401787519454956,0.0005051912739872932,0.000545926159247756,0.469431072473526,0.014309694059193134,0.005046964157372713,0.007847541011869907,0.3398652970790863,0.005059974268078804,0.0021293701138347387,0.0026860989164561033,0.2095041275024414
0013,000010,10,0.0003912390093319118,0.0004673848452512175,0.43884778022766113,0.0005117545952089131,0.0005484746652655303,0.4702845513820648,0.014193020761013031,0.005108471028506756,0.007806917652487755,0.33988338708877563,0.005249964073300362,0.002224079566076398,0.002775611123070121,0.20883703231811523
0013,000011,11,0.0003936935681849718,0.00047200388507917523,0.4369925856590271,0.0005005440325476229,0.0005342030199244618,0.4700285494327545,0.01420406624674797,0.0051604690961539745,0.007833229377865791,0.33989155292510986,0.004815233871340752,0.0020696930587291718,0.0025455595459789038,0.20937727391719818
0013,000012,12,0.0003949454694520682,0.0004778394941240549,0.43480002880096436,0.0005079671391285956,0.0005394445033743978,0.47056397795677185,0.014148454181849957,0.0052560134790837765,0.007849635556340218,0.3398880362510681,0.0048394096083939075,0.0019296002574265003,0.0025497234892100096,0.20988158881664276
0013,000013,13,0.0003933832631446421,0.0004783502663485706,0.433600515127182,0.0005126034957356751,0.0005398181965574622,0.471923291683197,0.014036789536476135,0.005311456508934498,0.007803591899573803,0.3398902714252472,0.005116642452776432,0.0019953397568315268,0.0026785365771502256,0.20964567363262177
0013,000014,14,0.00039393885526806116,0.0004811018006876111,0.4316807687282562,0.000506971962749958,0.0005453043268062174,0.4696923494338989,0.014191465452313423,0.005347609054297209,0.00789721217006445,0.3398573398590088,0.005442519206553698,0.002113600028678775,0.002883771201595664,0.2090628296136856
0013,000015,15,0.0003911234380211681,0.00048514772788621485,0.4284023344516754,0.0005025937571190298,0.0005345100071281195,0.47085657715797424,0.014289945363998413,0.005331989377737045,0.007996683940291405,0.33984121680259705,0.0049064685590565205,0.0020005465485155582,0.0025848872028291225,0.2094067931175232
0013,000016,16,0.0003949250385630876,0.0004893025034107268,0.42744171619415283,0.0005056342924945056,0.0005358246271498501,0.47114279866218567,0.014300284907221794,0.005376097280532122,0.008010366931557655,0.3398424983024597,0.005597511772066355,0.0021653608419001102,0.0029503738041967154,0.20884189009666443
0013,000017,17,0.00039459994877688587,0.0004920187056995928,0.4247131049633026,0.0005069603212177753,0.0005495467339642346,0.46829909086227417,0.014059454202651978,0.005425136536359787,0.00790996290743351,0.33985060453414917,0.005414541345089674,0.0021619030740112066,0.0028834256809204817,0.20888389647006989
0013,000018,18,0.0003938154550269246,0.0004920772043988109,0.42350444197654724,0.0005177099956199527,0.0005625925259664655,0.46778130531311035,0.013943027704954147,0.005494637414813042,0.007883642800152302,0.33987095952033997,0.005256732925772667,0.002106002764776349,0.0028029398526996374,0.20936092734336853
0013,000019,19,0.00038989930180832744,0.0004904544330202043,0.4214547276496887,0.0005345047684386373,0.0005787587724626064,0.46897417306900024,0.014010412618517876,0.005446992348879576,0.007918148301541805,0.339895099401474,0.00603322172537446,0.0023474041372537613,0.0032077631913125515,0.20846712589263916
0013,000020,20,0.0003866789920721203,0.00048810511361807585,0.4195561707019806,0.0005268639069981873,0.0005699596949853003,0.468980997800827,0.014113371260464191,0.005364125594496727,0.007960967719554901,0.33990922570228577,0.005541175603866577,0.0023850128054618835,0.0029372870922088623,0.20808173716068268
0013,000021,21,0.00038086241693235934,0.00048350871657021344,0.41785505414009094,0.0005339429480955005,0.0005798873025923967,0.4690389037132263,0.013865315355360508,0.0053422036580741405,0.007883550599217415,0.3398984670639038,0.006207004655152559,0.002686424646526575,0.0032989897299557924,0.20703822374343872
0013,000022,22,0.00037654320476576686,0.0004839512112084776,0.4161577820777893,0.0005229561356827617,0.0005561790312640369,0.4709726870059967,0.013542468659579754,0.00537130469456315,0.0077742720022797585,0.33990222215652466,0.0050184717401862144,0.0024833600036799908,0.0026406673714518547,0.2071259319782257
0013,000023,23,0.00037401312147267163,0.00048112907097674906,0.4154224693775177,0.0005256801377981901,0.0005642977193929255,0.46981003880500793,0.014004113152623177,0.005247900262475014,0.007968309335410595,0.3398445248603821,0.005404653958976269,0.0023009220603853464,0.0028609740547835827,0.20733755826950073
0013,000024,24,0.00037488600355573,0.0004853174032177776,0.41403836011886597,0.0005414236220531166,0.0005922074778936803,0.468431293964386,0.014063609763979912,0.0052154515869915485,0.008032421581447124,0.3398287892341614,0.00565717276185751,0.002411225810647011,0.003030058229342103,0.20682384073734283
0013,000025,25,0.00037687926669605076,0.0004842998750973493,0.41551321744918823,0.0005412081955000758,0.0005861567915417254,0.4696945250034332,0.013749963603913784,0.005307810381054878,0.007883400656282902,0.339810311794281,0.005736979655921459,0.002528637647628784,0.0030423339921981096,0.2063860446214676
0013,000026,26,0.0003783727588597685,0.0004834090650547296,0.4171358644962311,0.0005403350805863738,0.000590911484323442,0.4680565893650055,0.013604455627501011,0.005373187828809023,0.00776465330272913,0.3398330807685852,0.005030094645917416,0.0022927923128008842,0.002677547512575984,0.20707383751869202
0013,000027,27,0.00037723121931776404,0.00048204089398495853,0.41655173897743225,0.0005625221529044211,0.0006116232252679765,0.4689902067184448,0.013873283751308918,0.005327790509909391,0.007879265584051609,0.33984896540641785,0.005279711447656155,0.0022621077951043844,0.002803759416565299,0.20717675983905792
0013,000028,28,0.0003803130239248276,0.0004839765897486359,0.4180454611778259,0.0005591273074969649,0.0005923793651163578,0.4717422425746918,0.013914059847593307,0.005367755424231291,0.007933097891509533,0.33983635902404785,0.005521432962268591,0.0021618620958179235,0.0028867514338344336,0.20763345062732697
0013,000029,29,0.00038091669557616115,0.00048438840894959867,0.4176308512687683,0.0005589525098912418,0.0005949818296357989,0.47084498405456543,0.013912715017795563,0.005391654558479786,0.00791319739073515,0.3398447334766388,0.005334082059562206,0.002054026583209634,0.0028077573515474796,0.2082306295633316
0013,000030,30,0.0003812735667452216,0.00048643662012182176,0.41645899415016174,0.0005694106803275645,0.0006166070234030485,0.4687004089355469,0.013855034485459328,0.005383361130952835,0.007893824018537998,0.33982887864112854,0.00550755113363266,0.002105680527165532,0.0029252381063997746,0.20767858624458313
0013,000031,31,0.00038248597411438823,0.0004884576192125678,0.4164372682571411,0.0005592865636572242,0.0005970445927232504,0.47071605920791626,0.013832935132086277,0.005430340301245451,0.007902081124484539,0.339842826128006,0.006163144018501043,0.0023615951649844646,0.0032457218039780855,0.20645111799240112
0013,000032,32,0.00038157060043886304,0.0004886410897597671,0.4151906669139862,0.0005445675342343748,0.0005830770824104548,0.47034382820129395,0.013745560310781002,0.005429769866168499,0.007857521995902061,0.33986762166023254,0.005571788642555475,0.0024601342156529427,0.002950676716864109,0.20585963129997253
0013,000033,33,0.00037772185169160366,0.000489027879666537,0.4135185778141022,0.0005407297285273671,0.0005734038422815502,0.4713975489139557,0.013986547477543354,0.00538024865090847,0.008011121302843094,0.3398652672767639,0.005624689627438784,0.0024402434937655926,0.0029593368526548147,0.20574809610843658
0013,000034,34,0.00037440116284415126,0.0004887194372713566,0.41180312633514404,0.0005463454872369766,0.0005841436213813722,0.4706234633922577,0.013812661170959473,0.005370161961764097,0.007990792393684387,0.3398726284503937,0.005710488650947809,0.0024861751589924097,0.0030135733541101217,0.20535433292388916
0013,000035,35,0.0003688635188154876,0.0004831761179957539,0.41161438822746277,0.0005499508697539568,0.0005939165712334216,0.4688674211502075,0.013545308262109756,0.005349587183445692,0.007841583341360092,0.3398583233356476,0.00541185587644577,0.002386638429015875,0.0028769492637366056,0.20564424991607666
0013,000036,36,0.00037146767135709524,0.0004814513376913965,0.41355738043785095,0.0005721123889088631,0.0006238745991140604,0.4688139259815216,0.013664576224982738,0.005383565556257963,0.007869512774050236,0.3398667573928833,0.006132944021373987,0.0025792622473090887,0.0032774347346276045,0.20491184294223785
0013,000037,37,0.00037243153201416135,0.0004814145795535296,0.41477036476135254,0.0005714872386306524,0.0006212982116267085,0.46851006150245667,0.013711772859096527,0.005356131587177515,0.007869393564760685,0.3398706912994385,0.0053119235672056675,0.0024618825409561396,0.002830515382811427,0.20503933727741241
0013,000038,38,0.0003731674514710903,0.00048160378355532885,0.4153560996055603,0.0005873173358850181,0.0006425829487852752,0.4676201343536377,0.013958957977592945,0.005364143755286932,0.008009780198335648,0.33985230326652527,0.005304259248077869,0.002361838473007083,0.0028290513437241316,0.20520824193954468
0013,000039,39,0.00037777182296849787,0.0004873511497862637,0.4147818386554718,0.0005980265559628606,0.0006491303793154657,0.46892213821411133,0.013579162769019604,0.005358782131224871,0.007794319652020931,0.33985117077827454,0.005073035601526499,0.0023185191676020622,0.002691197209060192,0.20531146228313446
0013,000040,40,0.0003746329457499087,0.00048722117207944393,0.4131643772125244,0.0005954027292318642,0.0006363466382026672,0.47112128138542175,0.013406872749328613,0.005385685246437788,0.0077349161729216576,0.3398619294166565,0.005053356289863586,0.0022458250168710947,0.0026585001032799482,0.20536969602108002
0013,000041,41,0.0003744022687897086,0.00048740883357822895,0.4131745994091034,0.0005963724106550217,0.0006434184033423662,0.46993082761764526,0.013376768678426743,0.005399591755121946,0.007729044649749994,0.33985698223114014,0.005098050460219383,0.002338831778615713,0.0026986985467374325,0.2048887461423874
0013,000042,42,0.0003734411729965359,0.00048512493958696723,0.4136815667152405,0.0005934842047281563,0.000647622044198215,0.46820560097694397,0.013294655829668045,0.005397226195782423,0.007661399897187948,0.33987849950790405,0.005098892375826836,0.002342043211683631,0.002714138710871339,0.20456446707248688
0013,000043,43,0.0003732572658918798,0.0004869970725849271,0.4129418432712555,0.0005939275142736733,0.0006425252067856491,0.4693438410758972,0.013325151987373829,0.005373133346438408,0.007684077601879835,0.3398902714252472,0.004929534625262022,0.0022089360281825066,0.002614562399685383,0.20483486354351044
0013,000044,44,0.000375407631509006,0.00048782507656142116,0.41374149918556213,0.000598978775087744,0.0006472044624388218,0.4697812497615814,0.013520427979528904,0.00536637008190155,0.00778192188590765,0.3398817479610443,0.0050243497826159,0.002213830826804042,0.002660210244357586,0.20476876199245453
0013,000045,45,0.00037534834700636566,0.0004869632830377668,0.41452836990356445,0.0005924463621340692,0.0006349980249069631,0.4703022837638855,0.013521326705813408,0.0053690895438194275,0.007780320942401886,0.3398774564266205,0.0049497392028570175,0.002119582612067461,0.002609414514154196,0.2050032913684845
0013,000046,46,0.0003758681414183229,0.0004874818550888449,0.41498443484306335,0.0005932137719355524,0.0006389939226210117,0.46985504031181335,0.01355045847594738,0.005383771378546953,0.007777048274874687,0.33988213539123535,0.005043614190071821,0.002073270734399557,0.0026620831340551376,0.20526982843875885
0013,000047,47,0.0003782537824008614,0.0004890650743618608,0.41611114144325256,0.0005939220427535474,0.0006278284126892686,0.4721878170967102,0.013613746501505375,0.005408870987594128,0.007804078049957752,0.33987709879875183,0.005756888072937727,0.0022424154449254274,0.0030068561900407076,0.2046726495027542
0013,000048,48,0.000380108249373734,0.0004886940005235374,0.4172815978527069,0.0005863179685547948,0.0006276944768615067,0.4708235263824463,0.013733412139117718,0.005417817272245884,0.007841083221137524,0.3398858308792114,0.005453380756080151,0.002313057193532586,0.002872380195185542,0.20466357469558716
0013,000049,49,0.0003832931397482753,0.0004891945281997323,0.41899070143699646,0.000588162918575108,0.0006370217888616025,0.46965911984443665,0.01375209167599678,0.005421195644885302,0.007833382114768028,0.3399016857147217,0.0050149522721767426,0.002283470006659627,0.002660102443769574,0.20457324385643005
0013,000050,50,0.000386103056371212,0.0004896362661384046,0.4208492934703827,0.000593075412325561,0.0006329590105451643,0.4720574915409088,0.01382011640816927,0.005433694925159216,0.007845276035368443,0.33987370133399963,0.006784066092222929,0.002688102424144745,0.003558132331818342,0.20294365286827087
0013,000051,51,0.00038643923471681774,0.0004898812039755285,0.4209963381290436,0.0005731262499466538,0.0006154980510473251,0.47055909037590027,0.013871640898287296,0.005450789351016283,0.007870572619140148,0.33984509110450745,0.005097838118672371,0.002619712147861719,0.0026951986365020275,0.20266708731651306
0013,000052,52,0.00039100064896047115,0.0004905327223241329,0.4235486090183258,0.0005720033659599721,0.0006171533605083823,0.46983227133750916,0.014016970060765743,0.0054681324400007725,0.007903623394668102,0.3398497700691223,0.005842558573931456,0.002150691580027342,0.0030748879071325064,0.20416896045207977
0013,000053,53,0.00039327109698206186,0.0004917167825624347,0.4241490364074707,0.0006017189007252455,0.0006458985735662282,0.4704414904117584,0.01402951404452324,0.005474867299199104,0.007890462875366211,0.33986374735832214,0.004838144406676292,0.002062347484752536,0.002554959151893854,0.2043667584657669
0013,000054,54,0.00039322872180491686,0.0004895086749456823,0.4252665638923645,0.0005989600322209299,0.0006450508954003453,0.47092682123184204,0.013984164223074913,0.005490558687597513,0.007844917476177216,0.3398723602294922,0.005141954403370619,0.002044429536908865,0.0027066722977906466,0.20484255254268646
0013,000055,55,0.0003893330576829612,0.00048813168541528285,0.42400112748146057,0.0006056078127585351,0.0006521479226648808,0.47057634592056274,0.013930156826972961,0.005471781827509403,0.007843817584216595,0.3398662209510803,0.005815425887703896,0.00222383881919086,0.0030579634476453066,0.20400403439998627
0013,000056,56,0.0003868328349199146,0.00048428206355310977,0.42480677366256714,0.0005877361400052905,0.0006273877806961536,0.4722808599472046,0.013817506842315197,0.005485987290740013,0.007777512073516846,0.3398997485637665,0.005448766052722931,0.0023689325898885727,0.0028540005441755056,0.2034711092710495
0013,000057,57,0.0003842695150524378,0.00047820090549066663,0.4264799654483795,0.0005785335088148713,0.0006244055111892521,0.47022345662117004,0.013907196000218391,0.0054937670938670635,0.007795266341418028,0.3399157226085663,0.004972081631422043,0.00220638420432806,0.002619375241920352,0.20391719043254852
0013,000058,58,0.00038550104363821447,0.0004776161222252995,0.42806899547576904,0.0005892536137253046,0.0006306769209913909,0.4716487526893616,0.01398575771600008,0.005508080590516329,0.0078040300868451595,0.3399389684200287,0.00525844469666481,0.0021681045182049274,0.0027551567181944847,0.204056978225708
0013,000059,59,0.0003853044181596488,0.0004749396466650069,0.43017157912254333,0.0005872648907825351,0.0006293467595241964,0.4712543487548828,0.013939756900072098,0.005499978084117174,0.007740692235529423,0.3399602174758911,0.0053977216593921185,0.002165027428418398,0.0028324350714683533,0.20399682223796844
0013,000060,60,0.0003864596365019679,0.00047480256762355566,0.43022844195365906,0.0005773251759819686,0.0006141046178527176,0.47143763303756714,0.014008654281497002,0.0054830810986459255,0.00777624873444438,0.339945912361145,0.00538734532892704,0.001966128358617425,0.002820233115926385,0.2050543874502182
0013,000061,61,0.0003894117835443467,0.00048168282955884933,0.4270502030849457,0.0005963979056105018,0.000638842408079654,0.47048434615135193,0.014029154554009438,0.005475351121276617,0.00784908514469862,0.3399316072463989,0.00557488389313221,0.001973655540496111,0.0029351296834647655,0.2048289030790329
0013,000062,62,0.00038941114326007664,0.0004834128776565194,0.42675521969795227,0.0005901773110963404,0.0006338230450637639,0.47038406133651733,0.014045264571905136,0.005472792778164148,0.007882296107709408,0.33990830183029175,0.005321028642356396,0.0019582633394747972,0.002809294033795595,0.2049711048603058
0013,000063,63,0.0003896009875461459,0.00048387088463641703,0.4272959530353546,0.0005911495536565781,0.00063252670224756,0.47114431858062744,0.014069875702261925,0.0054747979156672955,0.007894938811659813,0.33988887071609497,0.005563883110880852,0.002030621049925685,0.0029304721392691135,0.2048625648021698
0013,000064,64,0.00039021827979013324,0.00048417504876852036,0.42718741297721863,0.0005849242443218827,0.000630248396191746,0.4702363610267639,0.014026740565896034,0.00546300271525979,0.007855749689042568,0.33988893032073975,0.005320537369698286,0.0020994532387703657,0.002809489145874977,0.20467466115951538
0013,000065,65,0.00038914571632631123,0.0004855987208429724,0.42661988735198975,0.0005753244622610509,0.0006177441100589931,0.4706794321537018,0.014131463132798672,0.005426830146461725,0.007934474386274815,0.33987870812416077,0.005276612937450409,0.0020803918596357107,0.002778663532808423,0.2049749344587326
0013,000066,66,0.0003898954309988767,0.0004889316624030471,0.4253382682800293,0.000581915199290961,0.0006278024520725012,0.470438152551651,0.01428263820707798,0.005404043942689896,0.008029311895370483,0.3398591876029968,0.00548326363787055,0.0021640677005052567,0.002897497732192278,0.20467226207256317
0013,000067,67,0.0003883728350047022,0.0004876168677583337,0.4244883060455322,0.0005812732269987464,0.0006381655111908913,0.46830642223358154,0.014004013501107693,0.00539766252040863,0.007880532182753086,0.33989471197128296,0.005617573857307434,0.002190336585044861,0.0029903831891715527,0.20479393005371094
0013,000068,68,0.00038894073804840446,0.0004900309140793979,0.4232786297798157,0.0005852430476807058,0.0006410101195797324,0.468443900346756,0.013991461135447025,0.005407063290476799,0.007906418293714523,0.33986806869506836,0.006249922793358564,0.0021007764153182507,0.0033385707065463066,0.2061634212732315
0013,000069,69,0.00038969938759692013,0.0004979668883606791,0.4203585088253021,0.0006102774059399962,0.0006675614276900887,0.46810007095336914,0.014025580137968063,0.005397075787186623,0.007992119528353214,0.33981528878211975,0.005962366703897715,0.0021315941121429205,0.0031922159250825644,0.2066735029220581
0013,000070,70,0.0003980665060225874,0.000505350180901587,0.42163923382759094,0.000609525537583977,0.000667199376039207,0.4682777523994446,0.014091327786445618,0.005431972444057465,0.007989829406142235,0.33978593349456787,0.005554549396038055,0.0022398328874260187,0.0029609466437250376,0.20733673870563507
0013,000071,71,0.0004018715117126703,0.0005065147415734828,0.42363059520721436,0.0006114352727308869,0.0006671662558801472,0.46869325637817383,0.014036525040864944,0.005483131390064955,0.007953149266541004,0.3397916555404663,0.0056655509397387505,0.0023109745234251022,0.0030148897785693407,0.20803815126419067
0013,000072,72,0.0004033174773212522,0.0005055507062934339,0.42440521717071533,0.0006103685009293258,0.0006606623064726591,0.46988385915756226,0.014151989482343197,0.0055349948816001415,0.007983251474797726,0.3397989571094513,0.0056726932525634766,0.002225808333605528,0.0030052433721721172,0.20755915343761444
0013,000073,73,0.00040517933666706085,0.0005034990608692169,0.4254320561885834,0.0005805598921142519,0.0006238616770133376,0.4701809585094452,0.014088639058172703,0.005532959476113319,0.007926125079393387,0.3398057520389557,0.005332324653863907,0.002168368548154831,0.002814075443893671,0.2084939330816269
0013,000074,74,0.0004062097577843815,0.0005034623318351805,0.42650967836380005,0.0005880505195818841,0.0006367145688273013,0.46966344118118286,0.014294696971774101,0.005518678110092878,0.008016460575163364,0.33980610966682434,0.005563811864703894,0.002086408669129014,0.002942276420071721,0.20816926658153534
0013,000075,75,0.00040573818841949105,0.0005042511620558798,0.4259470999240875,0.0005701910122297704,0.000616242818068713,0.4697856307029724,0.014080706052482128,0.005546486470848322,0.007925000973045826,0.3398153781890869,0.005251745693385601,0.0020803555380553007,0.0027786511927843094,0.20851553976535797
0013,000076,76,0.0004054051241837442,0.0005035901558585465,0.42588502168655396,0.0005681850598193705,0.0006153422291390598,0.4699534773826599,0.0141792306676507,0.005541251972317696,0.007970601320266724,0.3398258686065674,0.005753616336733103,0.002111113164573908,0.0030455556698143482,0.20791511237621307
0013,000077,77,0.00040616924525238574,0.0005009434535168111,0.4277116656303406,0.0005538184195756912,0.0005946046439930797,0.4710281789302826,0.014257797971367836,0.005560901947319508,0.007981285452842712,0.3398180305957794,0.005585549399256706,0.002212001010775566,0.002950275084003806,0.20744913816452026
0013,000078,78,0.0004061655781697482,0.0004999346565455198,0.4284614622592926,0.0005427171126939356,0.0005840965895913541,0.47014254331588745,0.014241168275475502,0.005563308484852314,0.00797975528985262,0.33980676531791687,0.005563755985349417,0.0021185565274208784,0.002947742585092783,0.2075985074043274
0013,000079,79,0.00041027917177416384,0.0004979472723789513,0.4314649999141693,0.0005338164628483355,0.0005667719524353743,0.4722294509410858,0.014467348344624043,0.005570325534790754,0.008010691963136196,0.3398436903953552,0.00556338531896472,0.002148562343791127,0.002917280187830329,0.2078404575586319
0013,000080,80,0.0004149385786149651,0.0005012665060348809,0.4333432912826538,0.0005232824478298426,0.0005504178116098046,0.4727790355682373,0.014533261768519878,0.005628437735140324,0.008042672649025917,0.33986788988113403,0.005583204794675112,0.0021246804390102625,0.0029175446834415197,0.2084801197052002
0013,000081,81,0.00041812052950263023,0.0005044196732342243,0.4340583086013794,0.0005286802188493311,0.0005659861490130424,0.47074076533317566,0.014650524593889713,0.005646206438541412,0.00807916559278965,0.3398628830909729,0.005265482235699892,0.002068745670840144,0.0027739848010241985,0.20867697894573212
0013,000082,82,0.0004209218604955822,0.0005033069755882025,0.4360540509223938,0.0005346682155504823,0.0005818684003315866,0.46872130036354065,0.01486319862306118,0.005643719807267189,0.008157830685377121,0.3398634195327759,0.005926961544901133,0.002124202437698841,0.003154391422867775,0.20856322348117828
0013,000083,83,0.0004199480463284999,0.0005006653955206275,0.43753308057785034,0.0005342348595149815,0.0005731605342589319,0.470757395029068,0.014867630787193775,0.005642232950776815,0.008148295804858208,0.3398699164390564,0.005698767490684986,0.00218396307900548,0.0030076794791966677,0.20857268571853638
0013,000084,84,0.00042517416295595467,0.000503503018990159,0.4393732249736786,0.0005291907000355422,0.0005678967572748661,0.4702182412147522,0.014851806685328484,0.005684041418135166,0.008119987323880196,0.33988484740257263,0.006119688972830772,0.002234857063740492,0.003216118086129427,0.2087116837501526
0013,000085,85,0.0004248029727023095,0.0005044789868406951,0.4402744472026825,0.0005265399813652039,0.0005672897095791996,0.47064951062202454,0.01502758264541626,0.0056935204192996025,0.008212867192924023,0.3398585319519043,0.00612627575173974,0.0022739069536328316,0.0032337913289666176,0.20864231884479523
0013,000086,86,0.000429565436206758,0.00050600670510903,0.4423440098762512,0.0005256356089375913,0.0005699687171727419,0.4687439501285553,0.015240354463458061,0.005738953128457069,0.008309961296617985,0.3398919701576233,0.005953788757324219,0.002226154785603285,0.0031510773114860058,0.20896470546722412
0013,000087,87,0.00042764891986735165,0.0005078300600871444,0.4403098523616791,0.0005343633238226175,0.0005781993386335671,0.4693601727485657,0.014895274303853512,0.005710356403142214,0.008154290728271008,0.33988121151924133,0.006076208781450987,0.0022364461328834295,0.003224252490326762,0.20860357582569122
0013,000088,88,0.00042927858885377645,0.0005082108546048403,0.44069433212280273,0.0005307233659550548,0.0005777235492132604,0.46915143728256226,0.014810260385274887,0.005695517640560865,0.008101051673293114,0.33983734250068665,0.006251764949411154,0.0024114709813147783,0.0033304733224213123,0.2077368050813675
0013,000089,89,0.0004315793339628726,0.0005069122416898608,0.44233396649360657,0.0005208694492466748,0.0005595646216534078,0.4708690047264099,0.014743744395673275,0.005699736997485161,0.008031022734940052,0.33985063433647156,0.006474328693002462,0.0026783098001033068,0.003421691246330738,0.20668645203113556
0013,000090,90,0.0004282451991457492,0.000509194505866617,0.4402584433555603,0.0005079424008727074,0.0005457139923237264,0.47016289830207825,0.014736538752913475,0.005670197773724794,0.008063049986958504,0.3398386240005493,0.005551740527153015,0.0025345932226628065,0.0029342707712203264,0.2068072259426117
0013,000091,91,0.00042888487223535776,0.0005102891009300947,0.4400689899921417,0.0005163588211871684,0.0005513100186362863,0.4710769057273865,0.014581143856048584,0.005668241996318102,0.007996353320777416,0.33983269333839417,0.005569044966250658,0.0025811628438532352,0.0029367695096880198,0.20634864270687103
0013,000092,92,0.00042517122346907854,0.0005109007470309734,0.4382944703102112,0.0005164982285350561,0.0005504823056980968,0.4720827341079712,0.014566177502274513,0.005653334781527519,0.008036402054131031,0.3397989869117737,0.007322891149669886,0.0030403153505176306,0.003853196743875742,0.20476852357387543
0013,000093,93,0.00042351437150500715,0.0005103652947582304,0.43773868680000305,0.000502854585647583,0.0005383030511438847,0.47175291180610657,0.014522570185363293,0.005647548008710146,0.008012423291802406,0.3397858142852783,0.006504818331450224,0.0032357850577682257,0.003426229814067483,0.20366552472114563
0013,000094,94,0.00042095358367078006,0.0005083077703602612,0.43690526485443115,0.000501589966006577,0.0005463901907205582,0.46899402141571045,0.014395003207027912,0.005635419394820929,0.00795490201562643,0.3398111164569855,0.005771130323410034,0.002629171824082732,0.003073429688811302,0.20478734374046326
0013,000095,95,0.00041694744140841067,0.0005053911590948701,0.4358557462692261,0.0005394032341428101,0.0005911412299610674,0.4701923429965973,0.0142554622143507,0.005618592258542776,0.007900796830654144,0.3398115038871765,0.006684698164463043,0.002963951090350747,0.0035620371345430613,0.20358940958976746
0013,000096,96,0.00041624894947744906,0.0005042178090661764,0.4352298080921173,0.0005321271019056439,0.0005813795723952353,0.46946439146995544,0.014296547509729862,0.005621074698865414,0.007913111709058285,0.3398033380508423,0.005274884402751923,0.0026271194219589233,0.002805095398798585,0.20423570275306702
0013,000097,97,0.0004162069526501,0.0005054635694250464,0.43413859605789185,0.0005572053487412632,0.0006122062914073467,0.4687231481075287,0.014235169626772404,0.005611160304397345,0.007887591607868671,0.33981090784072876,0.0052954284474253654,0.0024602841585874557,0.0028203187976032495,0.20477916300296783
0013,000098,98,0.00041549623711034656,0.0005041011027060449,0.4342794716358185,0.0005689082317985594,0.0006118736346252263,0.47039392590522766,0.014180888421833515,0.005612595472484827,0.00785298366099596,0.3398081660270691,0.00525697972625494,0.0024148370139300823,0.0027788758743554354,0.2046637088060379
0013,000099,99,0.00041577432421036065,0.0005031891632825136,0.4343966245651245,0.000566489587072283,0.0006052469834685326,0.4718039631843567,0.014212844893336296,0.005595062859356403,0.007846389897167683,0.33981189131736755,0.005109319929033518,0.002339712344110012,0.0026849585119634867,0.20487818121910095
0013,000100,100,0.00041716109262779355,0.000499559217132628,0.43624988198280334,0.0005702164489775896,0.0006117856246419251,0.4712267816066742,0.014214497990906239,0.005606438498944044,0.007807111833244562,0.33983489871025085,0.004987296182662249,0.002252885838970542,0.002627558307722211,0.2051612138748169
0013,000101,101,0.0004171592299826443,0.0004950530710630119,0.4378337860107422,0.0005717038293369114,0.0006106595974415541,0.4718632400035858,0.014293335378170013,0.00560479611158371,0.007817604579031467,0.3398536443710327,0.004874375648796558,0.00226022582501173,0.002563236281275749,0.2051686942577362
0013,000102,102,0.00041638335096649826,0.0004945265245623887,0.43763890862464905,0.0005669181700795889,0.0006098483572714031,0.47089195251464844,0.01438796054571867,0.005587546154856682,0.007874725386500359,0.33985140919685364,0.004887423012405634,0.0022741840220987797,0.002580838045105338,0.20516236126422882
0013,000103,103,0.00041918089846149087,0.0004931810544803739,0.43989959359169006,0.00056239846162498,0.0006024616886861622,0.4709673821926117,0.014460231177508831,0.005594755057245493,0.007877089083194733,0.33983486890792847,0.004980658646672964,0.0022947064135223627,0.002622662577778101,0.20509664714336395
0013,000104,104,0.0004193598870187998,0.0004916664911434054,0.44140860438346863,0.000559034408070147,0.0005956139648333192,0.47183364629745483,0.014600561000406742,0.00558681832626462,0.007940481416881084,0.3398452401161194,0.004789245780557394,0.0022088431287556887,0.0025108642876148224,0.2056785225868225
0013,000105,105,0.0004219324910081923,0.0004893536097370088,0.4441315829753876,0.0005589202628470957,0.0005922065465711057,0.47226467728614807,0.014743708074092865,0.0055592176504433155,0.007972195744514465,0.3398488759994507,0.005128894932568073,0.0021467874757945538,0.0026850609574466944,0.20620015263557434
0013,000106,106,0.0004252237267792225,0.0004890102427452803,0.4466468095779419,0.0005552995135076344,0.0005896079819649458,0.4720969498157501,0.014866465702652931,0.005561097525060177,0.008010446093976498,0.3398541510105133,0.005236729513853788,0.0021288518328219652,0.0027466928586363792,0.20634084939956665
0013,000107,107,0.0004234782245475799,0.00048611065722070634,0.4471272826194763,0.000550063035916537,0.0005812015733681619,0.4727799892425537,0.014834974892437458,0.005559496581554413,0.00798830296844244,0.3398450016975403,0.00550496531650424,0.0022467162925750017,0.0028807385824620724,0.20612111687660217
0013,000108,108,0.0004202314594294876,0.0004831026017200202,0.44722098112106323,0.0005398503271862864,0.000566379283554852,0.47348320484161377,0.014716286212205887,0.005563606973737478,0.007935427129268646,0.3398376703262329,0.00560859777033329,0.0023787603713572025,0.0029256728012114763,0.2057117372751236
0013,000109,109,0.0004181040858384222,0.0004815198772121221,0.4476401209831238,0.0005300708580762148,0.0005613499670289457,0.47250181436538696,0.014881813898682594,0.005578557960689068,0.008007717318832874,0.3398430049419403,0.005328911356627941,0.0024100039154291153,0.002795879263430834,0.20552608370780945
0013,000110,110,0.0004205387376714498,0.0004811382095795125,0.44898638129234314,0.0005271538393571973,0.0005623075412586331,0.4714069962501526,0.01498475857079029,0.005577190313488245,0.008046886883676052,0.3398393988609314,0.005354600492864847,0.002282368717715144,0.002815061481669545,0.20583650469779968
0013,000111,111,0.0004206975281704217,0.0004795522545464337,0.45009979605674744,0.000532032223418355,0.0005617952556349337,0.47263607382774353,0.014992632903158665,0.00560221541672945,0.008058561943471432,0.339833527803421,0.005580776371061802,0.0023699309676885605,0.0029214464593678713,0.20569542050361633
0013,000112,112,0.00042106243199668825,0.00047843324136920273,0.45208826661109924,0.0005243380437605083,0.0005573739763349295,0.4719924330711365,0.015057493932545185,0.005596756469458342,0.00807976070791483,0.33981072902679443,0.005610375199466944,0.0023750250693410635,0.0029436484910547733,0.20563746988773346
0013,000113,113,0.0004217044624965638,0.00047893828013911843,0.4533749520778656,0.000528644653968513,0.0005578529089689255,0.47272518277168274,0.015143386088311672,0.005609550047665834,0.008099331520497799,0.3398222029209137,0.006332177668809891,0.0025560271460562944,0.0033147057984024286,0.20485664904117584
0013,000114,114,0.00042270158883184195,0.000480244547361508,0.4544753432273865,0.0005195233970880508,0.0005468124290928245,0.4731217622756958,0.015245047397911549,0.005620855838060379,0.008153175935149193,0.33982446789741516,0.0060854568146169186,0.0026093830820173025,0.0031830312218517065,0.2046886384487152
0013,000115,115,0.0004207912425044924,0.0004783158074133098,0.454917311668396,0.000516411557327956,0.0005505000590346754,0.47146809101104736,0.015363851562142372,0.005642442964017391,0.0082078967243433,0.3398442268371582,0.006052885204553604,0.0024486230686306953,0.0031860009767115116,0.2055182307958603
0013,000116,116,0.00042311340803280473,0.0004780303279403597,0.45638513565063477,0.0005314199952408671,0.0005662432522512972,0.47233307361602783,0.015634668990969658,0.0056594605557620525,0.008319135755300522,0.3398064076900482,0.007197052240371704,0.002647905610501766,0.0037867564242333174,0.2044370323419571
0013,000117,117,0.0004187561571598053,0.0004792161053046584,0.4540313184261322,0.0005194569821469486,0.0005541929858736694,0.47126561403274536,0.0154698072001338,0.005681198555976152,0.008304540999233723,0.3398369550704956,0.006148708052933216,0.0025524264201521873,0.0032374816946685314,0.20506830513477325
0013,000118,118,0.0004172704939264804,0.00047940274816937745,0.4534813165664673,0.0005270874826237559,0.0005644824705086648,0.47073423862457275,0.015373884700238705,0.005721400957554579,0.008262560702860355,0.33985045552253723,0.006298564840108156,0.0024306115228682756,0.0033193202689290047,0.20612798631191254
0013,000119,119,0.0004161412944085896,0.0004787892976310104,0.4532477557659149,0.0005500491242855787,0.0005868976004421711,0.47176942229270935,0.015200130641460419,0.00572417164221406,0.008173509500920773,0.33985501527786255,0.006587464828044176,0.0025269307661801577,0.0034680303651839495,0.2055533081293106
0013,000120,120,0.00041674915701150894,0.0004803093324881047,0.4525738060474396,0.0005393065512180328,0.0005772428121417761,0.47120586037635803,0.015256457962095737,0.00569692300632596,0.00821007415652275,0.33987388014793396,0.006116130389273167,0.0024139441084116697,0.0032227046322077513,0.20630842447280884
0013,000121,121,0.0004159169038757682,0.0004820272442884743,0.451248437166214,0.0005507962196134031,0.0005899893585592508,0.4704303443431854,0.01518214400857687,0.005658925976604223,0.008209362626075745,0.339859277009964,0.006376354955136776,0.002260372042655945,0.0033642067573964596,0.20715853571891785
0013,000122,122,0.00041044875979423523,0.00048228242667391896,0.44731032848358154,0.0005581650766544044,0.0005992245860397816,0.4701106548309326,0.014994543045759201,0.0056060259230434895,0.008171762339770794,0.3398537039756775,0.00636336812749505,0.0022517431061714888,0.0033588530495762825,0.20813967287540436
0013,000123,123,0.00040431576780974865,0.0004814516578335315,0.4442959725856781,0.0005594736430794001,0.0005958565743640065,0.4713330864906311,0.014632223173975945,0.005576453637331724,0.008017713204026222,0.3398786187171936,0.006340645253658295,0.0023419070057570934,0.0033313464373350143,0.2087319791316986
0013,000124,124,0.0004005249065812677,0.0004767655918840319,0.4447638690471649,0.0005519581609405577,0.0005894532077945769,0.4714093804359436,0.014599028043448925,0.005549252964556217,0.007980781607329845,0.33987733721733093,0.0060582333244383335,0.0023288719821721315,0.0031975379679352045,0.20857281982898712
0013,000125,125,0.0004012550343759358,0.0004752858367282897,0.44655731320381165,0.0005306090461090207,0.000561909400857985,0.47176632285118103,0.014670293778181076,0.00556647265329957,0.007987494580447674,0.33990803360939026,0.006059297826141119,0.0022871436085551977,0.0031729384791105986,0.2092425525188446
0013,000126,126,0.00040236322092823684,0.00047366676153615117,0.44875073432922363,0.0005272915004752576,0.0005670937825925648,0.4701153635978699,0.015120248310267925,0.005551616661250591,0.008198296651244164,0.3399028182029724,0.0062527465634047985,0.0022191149182617664,0.0032962022814899683,0.2100219428539276
0013,000127,127,0.00040031710523180664,0.0004727316845674068,0.4486587643623352,0.0005260792095214128,0.0005559027777053416,0.4723247289657593,0.015193082392215729,0.005532748065888882,0.008240978233516216,0.3398740291595459,0.006681249011307955,0.002231795573607087,0.00349324569106102,0.2099228799343109
0013,000128,128,0.00039915760862641037,0.00047334242844954133,0.4466674327850342,0.0005111880018375814,0.0005416024941951036,0.47208768129348755,0.014866921119391918,0.005557290744036436,0.008118942379951477,0.33986127376556396,0.007029736880213022,0.0023504351265728474,0.003688930533826351,0.20907925069332123
0013,000129,129,0.0003982331254519522,0.0004758530994877219,0.4439476430416107,0.0004977989592589438,0.0005371225415728986,0.46895262598991394,0.014722349122166634,0.005535026080906391,0.008085999637842178,0.33985158801078796,0.006471534259617329,0.002411724766716361,0.003435627557337284,0.20900873839855194
0013,000130,130,0.0003985410730820149,0.0004774973203893751,0.44250988960266113,0.0004954526084475219,0.0005298113101162016,0.47016459703445435,0.014679976738989353,0.005527774803340435,0.008074920624494553,0.3398717939853668,0.006550412625074387,0.002480499679222703,0.003448402974754572,0.20883215963840485
0013,000131,131,0.0003961956244893372,0.0004750480584334582,0.44237542152404785,0.0004914257442578673,0.0005253878189250827,0.47045865654945374,0.014705652371048927,0.005537017714232206,0.008106266148388386,0.3398377597332001,0.006129205692559481,0.0024815022479742765,0.003220048500224948,0.2090308517217636
0013,000132,132,0.00039181942702271044,0.0004764117766171694,0.43893998861312866,0.0004964560503140092,0.0005351852159947157,0.4695998728275299,0.014630666002631187,0.00552574684843421,0.008107650093734264,0.3398319482803345,0.0060365526005625725,0.00245482730679214,0.003204899840056896,0.20921653509140015
0013,000133,133,0.0003915298730134964,0.00047367115621455014,0.43941730260849,0.0004961001104675233,0.0005299670156091452,0.47095367312431335,0.014540540985763073,0.005520564969629049,0.008046922273933887,0.3398413062095642,0.006156770512461662,0.002400466473773122,0.0032371198758482933,0.2091079205274582
0013,000134,134,0.0003911654930561781,0.000473357125883922,0.4387619197368622,0.0004953591269440949,0.0005407211137935519,0.46820712089538574,0.01457509770989418,0.005511680617928505,0.008073855191469193,0.3398456871509552,0.006073569413274527,0.0023061863612383604,0.0032390516716986895,0.2096022367477417
0013,000135,135,0.00038994933129288256,0.0004757082788273692,0.43468818068504333,0.0005107019678689539,0.0005674620042555034,0.46620458364486694,0.014333127997815609,0.005488990806043148,0.007981853559613228,0.3398694097995758,0.006600977852940559,0.0023628512863069773,0.003552654990926385,0.20964090526103973
0013,000136,136,0.0003873100795317441,0.0004803325282409787,0.4293317496776581,0.0005338685004971921,0.000607765861786902,0.4634556472301483,0.014211771078407764,0.005464679095894098,0.007985404692590237,0.33987683057785034,0.007749129086732864,0.0026633702218532562,0.004256908316165209,0.20908813178539276
0013,000137,137,0.00038551550824195147,0.0004808404191862792,0.42797988653182983,0.0005481500993482769,0.0006385577144101262,0.463065505027771,0.014221172779798508,0.005465084221214056,0.007994758896529675,0.3398512601852417,0.007631277199834585,0.002963503822684288,0.00422675721347332,0.2087056040763855
0013,000138,138,0.00038669584318995476,0.0004816966247744858,0.4285735785961151,0.0005582253215834498,0.0006510670646093786,0.46339085698127747,0.014368419535458088,0.005460641346871853,0.008056971244513988,0.33983826637268066,0.007222662214189768,0.003005031030625105,0.003978300374001265,0.20948448777198792
0013,000139,139,0.00038801293703727424,0.0004820780595764518,0.4301871359348297,0.0005707938689738512,0.0006512507097795606,0.4668399393558502,0.01432759128510952,0.005520217586308718,0.008034266531467438,0.3398323357105255,0.006706669926643372,0.0028987876139581203,0.0036120901349931955,0.21024248003959656
0013,000140,140,0.00039197615114971995,0.0004848692915402353,0.4318544566631317,0.0005714064463973045,0.0006484686164185405,0.46742042899131775,0.014332556165754795,0.005571586545556784,0.008023448288440704,0.33982861042022705,0.006505488883703947,0.002820595633238554,0.003512177849188447,0.21041154861450195
0013,000141,141,0.0003962567716371268,0.0004887053510174155,0.432127982378006,0.0005692280828952789,0.0006538266898132861,0.46588006615638733,0.01468153577297926,0.005545643158257008,0.008188520558178425,0.33978191018104553,0.006958951707929373,0.0029231631197035313,0.0037785805761814117,0.20948711037635803
0013,000142,142,0.00039924238808453083,0.0004949067370034754,0.42979896068573,0.0005565498722717166,0.000629597285296768,0.46662014722824097,0.014536906965076923,0.0055408659391105175,0.008162184618413448,0.33976951241493225,0.007569098845124245,0.0031789655331522226,0.004103385377675295,0.20792312920093536
0013,000143,143,0.0004013970901723951,0.0004973872564733028,0.43019914627075195,0.0005372643936425447,0.0005972859216853976,0.4691373407840729,0.014357281848788261,0.00558516476303339,0.008090241812169552,0.3397643566131592,0.00714927539229393,0.0033028041943907738,0.003840638557448983,0.20690494775772095
0013,000144,144,0.00040322422864846885,0.0004991524037905037,0.43094101548194885,0.0005188931827433407,0.0005719894543290138,0.46848002076148987,0.014413817785680294,0.005612478591501713,0.008091747760772705,0.33976686000823975,0.00593032268807292,0.0030299050267785788,0.0031699028331786394,0.20708376169204712
0013,000145,145,0.0003999957989435643,0.0005021224496886134,0.42839446663856506,0.0005271067493595183,0.0005875396309420466,0.46673741936683655,0.01429055817425251,0.005619439762085676,0.008111175149679184,0.33975282311439514,0.005633220542222261,0.002790686208754778,0.003019941970705986,0.2073086053133011
0013,000146,146,0.00039913252112455666,0.00050289899809286,0.4270577132701874,0.0005359250935725868,0.000593325006775558,0.466593474149704,0.014228042215108871,0.005636633839458227,0.008090997114777565,0.3397420048713684,0.005651118233799934,0.0024591744877398014,0.003027471248060465,0.20835117995738983
0013,000147,147,0.00039949658093973994,0.0005001110839657485,0.42888951301574707,0.0005543989245779812,0.0006080743623897433,0.46907687187194824,0.014392920769751072,0.005611511878669262,0.008122197352349758,0.33975815773010254,0.005964529700577259,0.0024282431695610285,0.003168849041685462,0.20832587778568268
0013,000148,148,0.0004008433606941253,0.0004971635644324124,0.43077245354652405,0.0005458710948005319,0.000595010060351342,0.46885091066360474,0.01428199838846922,0.005609632935374975,0.00804256834089756,0.3397783637046814,0.005750224459916353,0.0023481056559830904,0.0030552062671631575,0.2084254026412964
0013,000149,149,0.00040200515650212765,0.0005005509592592716,0.4301995038986206,0.0005376130575314164,0.0005753995501436293,0.4697275757789612,0.014255573973059654,0.005651507060974836,0.008056309074163437,0.3397798240184784,0.0056700375862419605,0.0021744915284216404,0.002987815300002694,0.20923151075839996
0013,000150,150,0.0003984913928434253,0.0004981504171155393,0.42837995290756226,0.0005426086718216538,0.0005831775488331914,0.47050121426582336,0.014188829809427261,0.005639039911329746,0.008020170032978058,0.33978405594825745,0.0062304832972586155,0.002262453781440854,0.003286481834948063,0.20885157585144043
0013,000151,151,0.0003929442900698632,0.000495550746563822,0.426225483417511,0.0005311421118676662,0.0005835536285303533,0.4674934148788452,0.014134840108454227,0.005619364324957132,0.008046649396419525,0.339768648147583,0.005771916825324297,0.002226871205493808,0.003080461174249649,0.20920008420944214
0013,000152,152,0.00038928259164094925,0.000493234081659466,0.4253537356853485,0.0005364918033592403,0.0005755776073783636,0.4700964093208313,0.014115211553871632,0.0055915419943630695,0.008027068339288235,0.33977264165878296,0.006529092323035002,0.0023384932428598404,0.0034349821507930756,0.20855095982551575
0013,000153,153,0.00038625122397206724,0.0004900018684566021,0.42460715770721436,0.0005238638841547072,0.0005655674613080919,0.4683811664581299,0.014273082837462425,0.0055276998318731785,0.008102796040475368,0.3397936522960663,0.006011221092194319,0.002244555624201894,0.003190841991454363,0.20893226563930511
0013,000154,154,0.00038644764572381973,0.0004856733721680939,0.4270716607570648,0.0005199892329983413,0.0005575072136707604,0.46978050470352173,0.013998514041304588,0.005572149530053139,0.00794056337326765,0.339799702167511,0.005949939135462046,0.0021235833410173655,0.00313439778983593,0.20950175821781158
0013,000155,155,0.00038733865949325264,0.0004847187956329435,0.4287877380847931,0.0005194850964471698,0.0005552603397518396,0.47033411264419556,0.013948684558272362,0.00562524888664484,0.007894263602793217,0.33982568979263306,0.005607412662357092,0.002087009372189641,0.002959244418889284,0.20994418859481812
0013,000156,156,0.00039017220842652023,0.0004893089062534273,0.4291665554046631,0.0005219978629611433,0.0005598361021839082,0.470181941986084,0.014131776988506317,0.005663794931024313,0.007990874350070953,0.3398193120956421,0.005747203715145588,0.0021053655073046684,0.003027555765584111,0.21007782220840454
0013,000157,157,0.0003920801973436028,0.0004927982809022069,0.4293597340583801,0.0005215844139456749,0.0005626306519843638,0.4698761999607086,0.014266714453697205,0.005708774551749229,0.008079102262854576,0.3397873044013977,0.005879370961338282,0.0021910439245402813,0.0031109845731407404,0.20966552197933197
0013,000158,158,0.0003950267273467034,0.0004970917943865061,0.42889460921287537,0.0005170961376279593,0.0005575816030614078,0.4701246917247772,0.014334186911582947,0.005731100682169199,0.008133958093822002,0.3397796154022217,0.006120840087532997,0.002312824595719576,0.003235534066334367,0.20923590660095215
0013,000159,159,0.00039618785376660526,0.0004993757465854287,0.42866891622543335,0.000512298196554184,0.0005479889223352075,0.47059521079063416,0.014343435876071453,0.00573875242844224,0.00813246238976717,0.3397839069366455,0.006129064597189426,0.0024539350997656584,0.0032311687245965004,0.20862136781215668
0013,000160,160,0.0003981581539846957,0.000500590424053371,0.42917346954345703,0.0005158667918294668,0.0005661896429955959,0.467014342546463,0.014358899556100368,0.0057802991941571236,0.008152376860380173,0.33978918194770813,0.005873674061149359,0.002498636022210121,0.0031440353486686945,0.20829087495803833
0013,000161,161,0.00039487105095759034,0.0005003791302442551,0.42819786071777344,0.0005218159640207887,0.0005671512917615473,0.4682764708995819,0.014326868578791618,0.005824407562613487,0.008145586587488651,0.33978918194770813,0.005707516334950924,0.002316512167453766,0.003029218642041087,0.20901580154895782
0013,000162,162,0.0003955517604481429,0.0004969349247403443,0.4293646216392517,0.0005345697863958776,0.000575632497202605,0.46966883540153503,0.014505152590572834,0.005794694647192955,0.008192281238734722,0.3397931158542633,0.005604240112006664,0.002254219725728035,0.0029573352076113224,0.20920011401176453
0013,000163,163,0.0003962907358072698,0.0004932720330543816,0.43125179409980774,0.0005406871205195785,0.0005898599047213793,0.4678984582424164,0.014530094340443611,0.005750673357397318,0.008152990601956844,0.33980467915534973,0.005837092641741037,0.002197463996708393,0.0030982468742877245,0.20965616405010223
0013,000164,164,0.00039304138044826686,0.00048793762107379735,0.4319390058517456,0.0005454999627545476,0.0005897069931961596,0.4690534174442291,0.0143087487667799,0.005719168111681938,0.008027367293834686,0.33981671929359436,0.005628291517496109,0.0022357827983796597,0.002977953990921378,0.20976132154464722
0013,000165,165,0.00039126354386098683,0.000485420721815899,0.43174511194229126,0.0005449363961815834,0.0005889632157050073,0.468485027551651,0.014219189062714577,0.005672144703567028,0.007959466427564621,0.3397983908653259,0.005424811039119959,0.0021828378085047007,0.0028730921912938356,0.20994599163532257
0013,000166,166,0.000388354470487684,0.0004832476261071861,0.43145307898521423,0.0005330565618351102,0.0005715679144486785,0.4697338342666626,0.014420744962990284,0.005595816764980555,0.008068536408245564,0.3397822976112366,0.005543055012822151,0.002134339651092887,0.0029169453773647547,0.21031120419502258
0013,000167,167,0.000388841814128682,0.00048261519987136126,0.432311475276947,0.0005321013159118593,0.0005706530064344406,0.47012341022491455,0.014084800146520138,0.005580888129770756,0.00791801419109106,0.3397858440876007,0.005669622682034969,0.0021993136033415794,0.002995520830154419,0.20987503230571747
0013,000168,168,0.0003890765074174851,0.00048268813407048583,0.43232491612434387,0.0005200920859351754,0.0005562353762798011,0.47042331099510193,0.014116466045379639,0.005576110444962978,0.007947824895381927,0.33978429436683655,0.005536335986107588,0.0021518368739634752,0.0029167633038014174,0.21000613272190094
0013,000169,169,0.0003895184490829706,0.00048344445531256497,0.4328577220439911,0.0005036871298216283,0.0005282298661768436,0.47283437848091125,0.014063259586691856,0.005537319928407669,0.007898918353021145,0.33977648615837097,0.005657776724547148,0.0021044048480689526,0.002942092949524522,0.210842102766037
0013,000170,170,0.0003893104731105268,0.0004849716497119516,0.4324744641780853,0.0005049589672125876,0.0005369634600356221,0.47145792841911316,0.01396825909614563,0.005527278874069452,0.007855129428207874,0.33978819847106934,0.005625727586448193,0.0021652139257639647,0.0029580688569694757,0.21040862798690796
0013,000171,171,0.0003874437534250319,0.00048615862033329904,0.4310280680656433,0.0004981646779924631,0.0005419904482550919,0.46777477860450745,0.013869468122720718,0.005518313497304916,0.007832291536033154,0.3397718071937561,0.005395924206823111,0.002091296250000596,0.0028815376572310925,0.2106340229511261
0013,000172,172,0.0003872451779898256,0.0004862152854911983,0.43128347396850586,0.0005061256233602762,0.000546743453014642,0.4687053859233856,0.0137706333771348,0.005518464371562004,0.007771698758006096,0.3397781252861023,0.005423331167548895,0.002101753605529666,0.002883121371269226,0.21045474708080292
0013,000173,173,0.0003887373604811728,0.0004877127939835191,0.43155622482299805,0.0005058867391198874,0.0005419273511506617,0.46964943408966064,0.013958248309791088,0.005469157360494137,0.007862953469157219,0.3397274613380432,0.005326016340404749,0.002139823278412223,0.0028117361944168806,0.2102147936820984
0013,000174,174,0.0003885245241690427,0.0004871953569818288,0.43117958307266235,0.0004998134099878371,0.0005330208805389702,0.47064003348350525,0.014168386347591877,0.005401373375207186,0.007946101017296314,0.33969706296920776,0.00547783961519599,0.002230467740446329,0.0028854592237621546,0.20987342298030853
0013,000175,175,0.00038800894981250167,0.0004881121567450464,0.43015652894973755,0.000494550506118685,0.0005265796207822859,0.4703671336174011,0.013849036768078804,0.005423723720014095,0.007818907499313354,0.33970943093299866,0.005034300498664379,0.0021119508892297745,0.0026522104162722826,0.21026688814163208
0013,000176,176,0.0003874842659570277,0.0004883594228886068,0.43000227212905884,0.0004974778275936842,0.0005332978325895965,0.4699130058288574,0.013948115520179272,0.0053514777682721615,0.007876528427004814,0.33969131112098694,0.005480024963617325,0.0022123060189187527,0.0028980509378015995,0.20981794595718384
0013,000177,177,0.000387931359000504,0.0004890182754024863,0.4300154149532318,0.0004930468858219683,0.0005332757718861103,0.4685080945491791,0.014008235186338425,0.00532781844958663,0.007910942658782005,0.339699923992157,0.005306558217853308,0.002181791001930833,0.00281842821277678,0.2102615088224411
0013,000178,178,0.00038761692121624947,0.0004887479590252042,0.4299430549144745,0.0004982781829312444,0.0005254214047454298,0.4713786542415619,0.014066440053284168,0.005340465810149908,0.007943456992506981,0.3396625220775604,0.00537029979750514,0.002248605480417609,0.0028080230113118887,0.2102293074131012
0013,000179,179,0.00038829154800623655,0.0004877524042967707,0.43041688203811646,0.0004939680802635849,0.0005281716003082693,0.4701574742794037,0.014082662761211395,0.00533321825787425,0.007902947254478931,0.33967211842536926,0.005212855525314808,0.002277086954563856,0.0027511143125593662,0.2104826271533966
0013,000180,180,0.0003873297537211329,0.00048677041195333004,0.4299387037754059,0.0004903306253254414,0.0005192628595978022,0.4713338613510132,0.01421081181615591,0.005301057361066341,0.007971072569489479,0.33966538310050964,0.005239058751612902,0.0022251196205615997,0.0027517115231603384,0.21134263277053833
0013,000181,181,0.0003850856446661055,0.0004842678317800164,0.4296434819698334,0.0004985252162441611,0.000535084749571979,0.46979275345802307,0.014133729971945286,0.005272552836686373,0.00794562604278326,0.3396728038787842,0.005699608940631151,0.0023287327494472265,0.0030102108139544725,0.21083597838878632
0013,000182,182,0.00038564574788324535,0.00048398796934634447,0.43007561564445496,0.0004931321600452065,0.0005299438489601016,0.46926039457321167,0.014211270958185196,0.0052446359768509865,0.00796928908675909,0.3396780788898468,0.005373155698180199,0.002287298906594515,0.0028448544908314943,0.21109674870967865
0013,000183,183,0.00038604531437158585,0.0004837163432966918,0.4301702678203583,0.0004947817069478333,0.0005300364573486149,0.4703206717967987,0.014216461218893528,0.0052527617663145065,0.007968498393893242,0.33966121077537537,0.005473367404192686,0.002315665828064084,0.0028898625168949366,0.2111743539571762
0013,000184,184,0.0003837101976387203,0.00048231423716060817,0.4293113648891449,0.0004882982466369867,0.0005202575121074915,0.47029566764831543,0.014039997942745686,0.0052789319306612015,0.00789269246160984,0.339665025472641,0.005285314284265041,0.002245577983558178,0.0027874205261468887,0.21153759956359863
0013,000185,185,0.00038304179906845093,0.00048241985496133566,0.42863360047340393,0.0004921157378703356,0.0005283821956254542,0.4695766866207123,0.013685241341590881,0.005333628971129656,0.007734974380582571,0.33967846632003784,0.005495491437613964,0.002281829481944442,0.0029204096645116806,0.21150779724121094
0013,000186,186,0.00038154455251060426,0.0004827165394090116,0.42775678634643555,0.0004971832386218011,0.00054478197125718,0.467582106590271,0.013466146774590015,0.005379726178944111,0.007657051086425781,0.3396894335746765,0.005422028247267008,0.002310642506927252,0.002902308711782098,0.21131443977355957
0013,000187,187,0.0003793368232436478,0.0004813842533621937,0.42683887481689453,0.0004924655659124255,0.000526690564583987,0.46984145045280457,0.013475977815687656,0.005381896160542965,0.00766884908080101,0.3397030532360077,0.005091451574116945,0.0022096119355410337,0.002686149440705776,0.21162952482700348
0013,000188,188,0.00037747895112261176,0.00048271456034854054,0.4248369336128235,0.0004976763157173991,0.000533174374140799,0.46920859813690186,0.013576963916420937,0.005367133300751448,0.007727567572146654,0.3397288918495178,0.005126720294356346,0.002200642367824912,0.002713423455134034,0.21163874864578247
0013,000189,189,0.00037633959436789155,0.00048281269846484065,0.4237048029899597,0.0004968990106135607,0.0005333765293471515,0.46993789076805115,0.01355806551873684,0.005383588373661041,0.007729736622422934,0.3397529125213623,0.005477274768054485,0.002263304078951478,0.002901910338550806,0.21108238399028778
0013,000190,190,0.000373464310541749,0.00048155931290239096,0.42222943902015686,0.0004926268011331558,0.000532951729837805,0.46929028630256653,0.013637464493513107,0.00536362687125802,0.007796367164701223,0.3397757411003113,0.005395239684730768,0.0022505151573568583,0.0028706274461001158,0.2108815312385559
0013,000191,191,0.000370882626157254,0.0004811857652384788,0.42010948061943054,0.0004894393496215343,0.0005258445162326097,0.46981942653656006,0.013902452774345875,0.005296599119901657,0.00794567447155714,0.33976858854293823,0.0055249840952456,0.0022530725691467524,0.0029246085323393345,0.21065601706504822
0013,000192,192,0.0003725214337464422,0.0004822069895453751,0.4201830327510834,0.00048745464300736785,0.0005187055794522166,0.4714701473712921,0.014164474792778492,0.005239504389464855,0.008061954751610756,0.33976659178733826,0.005706431344151497,0.0023276428692042828,0.003001200035214424,0.2103259414434433
0013,000193,193,0.00037429554504342377,0.00048281674389727414,0.4207277297973633,0.0004800684400834143,0.0005132130463607609,0.4704453945159912,0.014323925599455833,0.005232950672507286,0.008144219405949116,0.3397543430328369,0.005603031255304813,0.00229036808013916,0.002955295844003558,0.21034599840641022
0013,000194,194,0.0003771583433263004,0.0004844625946134329,0.42170998454093933,0.00048546306788921356,0.0005224538035690784,0.46935468912124634,0.014380617067217827,0.005237578880041838,0.008156257681548595,0.33974340558052063,0.005589088890701532,0.0022993397433310747,0.0029597748070955276,0.21039144694805145
0013,000195,195,0.0003803045838139951,0.0004852483398281038,0.4231794774532318,0.0004856687446590513,0.0005138098495081067,0.47207826375961304,0.014353334903717041,0.005258119199424982,0.008118519559502602,0.3397462069988251,0.005841651000082493,0.002417946234345436,0.0030664822552353144,0.2100336253643036
0013,000196,196,0.0003825073654297739,0.0004871927958447486,0.42383676767349243,0.00047939643263816833,0.0005103426519781351,0.47101277112960815,0.014537276700139046,0.005261062644422054,0.008212176151573658,0.33972516655921936,0.00591491861268878,0.0025126736145466566,0.0031150931026786566,0.20953242480754852
0013,000197,197,0.000385578372515738,0.0004876329330727458,0.42594656348228455,0.000472625921247527,0.0005047176964581013,0.47000592947006226,0.01455551479011774,0.005310079548507929,0.008201336488127708,0.3397212326526642,0.0061297970823943615,0.002435913775116205,0.0032224010210484266,0.21009239554405212
0013,000198,198,0.00038860266795381904,0.00048651889665052295,0.42784008383750916,0.00047900661593303084,0.0005111016798764467,0.47065332531929016,0.014646005816757679,0.00530818710103631,0.008208593353629112,0.3397238254547119,0.005824583116918802,0.002314117504283786,0.0030694494489580393,0.21078743040561676
0013,000199,199,0.0003870833315886557,0.0004855487495660782,0.42725756764411926,0.0004869124968536198,0.0005248811794444919,0.4700371026992798,0.014574624598026276,0.0052934931591153145,0.00816173292696476,0.3397451639175415,0.005953634157776833,0.0023937474470585585,0.0031515834853053093,0.21086055040359497
0013,000200,200,0.0003848467022180557,0.0004846442025154829,0.42640089988708496,0.0004876385792158544,0.0005216241697780788,0.4700339138507843,0.014531302265822887,0.005295894108712673,0.00816498976200819,0.3397621214389801,0.005686028860509396,0.002402323530986905,0.00299888220615685,0.21068961918354034
0013,000201,201,0.00038558634696528316,0.0004835225408896804,0.42716801166534424,0.00048565055476501584,0.0005263059283606708,0.46871936321258545,0.014620927162468433,0.005291443783789873,0.00818752869963646,0.3397776186466217,0.0058586085215210915,0.0023897348437458277,0.003116433508694172,0.21077190339565277
0013,000202,202,0.0003861932782456279,0.0004821022448595613,0.42847317457199097,0.0004895720048807561,0.0005259808385744691,0.4699082374572754,0.014656823128461838,0.005289417691528797,0.008191952481865883,0.33976346254348755,0.0062052286230027676,0.0024948364589363337,0.003292189911007881,0.2105448842048645
0013,000203,203,0.000387222709832713,0.00048047906602732837,0.4302023947238922,0.00048333004815503955,0.000521216366905719,0.4689735174179077,0.01481650024652481,0.005321878474205732,0.00825416948646307,0.33975833654403687,0.005893458612263203,0.002444759476929903,0.0031124574597924948,0.21084943413734436
0013,000204,204,0.0003899644361808896,0.0004815179272554815,0.4317359924316406,0.00048550008796155453,0.0005115405074320734,0.4728006422519684,0.01483350619673729,0.005363314878195524,0.00824122317135334,0.339745432138443,0.006679806392639875,0.0026118913665413857,0.0034935756120830774,0.20981290936470032
0013,000205,205,0.0003900996525771916,0.00048038113163784146,0.4326688349246979,0.0004678476834669709,0.0005046632140874863,0.46966448426246643,0.014755617827177048,0.005395869724452496,0.008195946924388409,0.33976322412490845,0.006120027042925358,0.0024950250517576933,0.003248127643018961,0.21033313870429993
0013,000206,206,0.0003929819504264742,0.0004806930082850158,0.4338094890117645,0.0004830156685784459,0.0005194613477215171,0.47060394287109375,0.014844650402665138,0.005392976570874453,0.008207711391150951,0.3397773206233978,0.0067221419885754585,0.0027026173193007708,0.0035626250319182873,0.2095021903514862
0013,000207,207,0.0003943003830499947,0.0004808932135347277,0.4349140226840973,0.0004733296809718013,0.0005112519720569253,0.47033461928367615,0.014858027920126915,0.005419654306024313,0.008219794370234013,0.33977028727531433,0.006573276128619909,0.00285459216684103,0.0034842726308852434,0.2090073972940445
0013,000208,208,0.00039630767423659563,0.000480817659990862,0.43609854578971863,0.00047357717994600534,0.0005084553849883378,0.470628559589386,0.014772143214941025,0.005439223721623421,0.00815505813807249,0.33977439999580383,0.005909602623432875,0.002829021541401744,0.0031207953579723835,0.208875373005867
0013,000209,209,0.0003976169100496918,0.0004830535326618701,0.4373070299625397,0.00047076400369405746,0.000502870709169656,0.4709137976169586,0.014815142378211021,0.005462972447276115,0.008196109905838966,0.3397573232650757,0.006068347487598658,0.0027765834238380194,0.0031904494389891624,0.20901234447956085
0013,000210,210,0.00039898871909826994,0.0004856552113778889,0.4382339119911194,0.00047380290925502777,0.0005005000857636333,0.4722227156162262,0.014672824181616306,0.005486347246915102,0.008131690323352814,0.3397328853607178,0.006211098283529282,0.002868551528081298,0.003251293208450079,0.20835815370082855
0013,000211,211,0.0004008379764854908,0.00048687346861697733,0.43911391496658325,0.0004690332571044564,0.0005030275206081569,0.4701067805290222,0.014715068973600864,0.005488456226885319,0.00814010575413704,0.33971843123435974,0.006267799064517021,0.0028600178193300962,0.003316203597933054,0.2078355997800827
0013,000212,212,0.0003987314994446933,0.0004842782800551504,0.43863701820373535,0.00046690800809301436,0.0004985039122402668,0.47132694721221924,0.014468400739133358,0.005502790212631226,0.00802797731012106,0.339729905128479,0.006160261109471321,0.0027923111338168383,0.0032414488960057497,0.20782937109470367
0013,000213,213,0.00039832902257330716,0.0004846369556616992,0.4383072853088379,0.00047042814549058676,0.000498758687172085,0.4717038571834564,0.014411462470889091,0.005514860153198242,0.007989668287336826,0.3397465646266937,0.006097381468862295,0.002780457027256489,0.003202733350917697,0.20756685733795166
0013,000214,214,0.00039740229840390384,0.00048314649029634893,0.4387231767177582,0.000468658865429461,0.0004995601484552026,0.4707544147968292,0.014640363864600658,0.005468485876917839,0.008054954931139946,0.3397642970085144,0.005975719075649977,0.002588464180007577,0.0031490849796682596,0.20809106528759003
0013,000215,215,0.0004003697249572724,0.00048449731548316777,0.44066286087036133,0.00047235257807187736,0.0004981339443475008,0.47256162762641907,0.01476658508181572,0.005480162333697081,0.008106837049126625,0.339746356010437,0.0062057748436927795,0.0025345487520098686,0.0032531535252928734,0.20820920169353485
0013,000216,216,0.00040234290645457804,0.00048759730998426676,0.4406692087650299,0.000478863250464201,0.0005123153678141534,0.4701049327850342,0.015013574622571468,0.005479368381202221,0.008224484510719776,0.33973464369773865,0.0060851676389575005,0.002409235341474414,0.0032127315644174814,0.20859885215759277
0013,000217,217,0.0004063576052431017,0.0004895202582702041,0.4422728717327118,0.000483352632727474,0.0005144875030964613,0.47082430124282837,0.014860131777822971,0.005512350704520941,0.008127451874315739,0.33976495265960693,0.006679452955722809,0.002499428577721119,0.0035163122229278088,0.2084100991487503
0013,000218,218,0.00040846390766091645,0.0004899232881143689,0.4438187777996063,0.0004852356796618551,0.0005197195569053292,0.47044244408607483,0.014909620396792889,0.0055360617116093636,0.008127846755087376,0.3397904634475708,0.00639320258051157,0.00245113717392087,0.0033834201749414206,0.20826634764671326
0013,000219,219,0.00041401898488402367,0.0004933068994432688,0.44502395391464233,0.0004917175974696875,0.0005256388103589416,0.4714721441268921,0.015021947212517262,0.005569533444941044,0.008165120147168636,0.33979788422584534,0.006569928955286741,0.0025075473822653294,0.0034758583642542362,0.20784245431423187
0013,000220,220,0.00041849695844575763,0.0004942797822877765,0.4461676776409149,0.0004922664375044405,0.0005285221268422902,0.4711221158504486,0.015065385028719902,0.0055961208418011665,0.008166126906871796,0.3398251533508301,0.00681693060323596,0.0026613720692694187,0.0036182913463562727,0.20682896673679352
0013,000221,221,0.00042529182974249125,0.0004955492331646383,0.4496455490589142,0.0004892275319434702,0.0005263547645881772,0.47164803743362427,0.015062186866998672,0.005636211950331926,0.008108026348054409,0.339809387922287,0.007257440127432346,0.002914954209700227,0.003870110958814621,0.20569005608558655
0013,000222,222,0.0004312368109822273,0.000500184134580195,0.45184850692749023,0.00048325464013032615,0.0005152389057911932,0.47171759605407715,0.015126604586839676,0.005678306333720684,0.008110410533845425,0.3398059010505676,0.0061562866903841496,0.0028315656818449497,0.0032541719265282154,0.2053993046283722
0013,000223,223,0.0004330947995185852,0.0005028718151152134,0.4529849886894226,0.0004859573091380298,0.0005188569193705916,0.471684068441391,0.015050029382109642,0.005709814839065075,0.008097081445157528,0.339812308549881,0.006294018588960171,0.0028910276014357805,0.003319870913401246,0.2048129290342331
0013,000224,224,0.0004308472271077335,0.0005042874836362898,0.45096853375434875,0.00048758008051663637,0.000522203219588846,0.470699667930603,0.01492656022310257,0.0057039642706513405,0.008052716962993145,0.3398585617542267,0.005972682032734156,0.0027376466896384954,0.0031509832479059696,0.20482973754405975
0013,000225,225,0.00043142031063325703,0.0005059541435912251,0.4496013820171356,0.0004964914405718446,0.0005322954966686666,0.4696463644504547,0.014984938316047192,0.005718075204640627,0.008097746409475803,0.3398842513561249,0.006159577053040266,0.0023002573288977146,0.0032422179356217384,0.2059992104768753
0013,000226,226,0.00043201312655583024,0.0005082665593363345,0.44791263341903687,0.0005201037274673581,0.0005544294835999608,0.47090592980384827,0.014850826933979988,0.005712341051548719,0.008021014742553234,0.33987823128700256,0.006111287511885166,0.0022835067939013243,0.0032141113188117743,0.20613519847393036
0013,000227,227,0.00043367117177695036,0.0005093462532386184,0.44753265380859375,0.0005297164316289127,0.0005626309430226684,0.47187918424606323,0.014709483832120895,0.005740669555962086,0.007956992834806442,0.3399008810520172,0.005992221180349588,0.0023144937586039305,0.003156770719215274,0.20583046972751617
0013,000228,228,0.0004330865340307355,0.0005085009033791721,0.44758859276771545,0.0005221188766881824,0.0005536811659112573,0.4719541668891907,0.014757932163774967,0.005722362082451582,0.007969321683049202,0.3398791253566742,0.005758421961218119,0.002300051273778081,0.0030246248934417963,0.2057454138994217
0013,000229,229,0.0004355783457867801,0.0005102928262203932,0.44841116666793823,0.0005145007744431496,0.0005454760394059122,0.472042441368103,0.01477278582751751,0.005762974265962839,0.007974816486239433,0.33988139033317566,0.006149936001747847,0.0021894455421715975,0.0032261814922094345,0.20657870173454285
0013,000230,230,0.00043923224438913167,0.000511984690092504,0.44915908575057983,0.0005294293514452875,0.0005634195986203849,0.47151637077331543,0.014750842936336994,0.005770206451416016,0.007954386062920094,0.33986160159111023,0.00627141771838069,0.0022651907056570053,0.003298434428870678,0.20681531727313995
0013,000231,231,0.00044011164573021233,0.0005141322617419064,0.4489985704421997,0.0005305305821821094,0.0005737327737733722,0.4703291058540344,0.014635859057307243,0.005763332359492779,0.007872875779867172,0.3398662209510803,0.006453362759202719,0.002289103576913476,0.0034141605719923973,0.2072683572769165
0013,000232,232,0.00044089823495596647,0.0005181786837056279,0.4472163915634155,0.0005456481012515724,0.0005988258053548634,0.4682670533657074,0.014711719006299973,0.005766950082033873,0.007951418869197369,0.3398447632789612,0.006712767761200666,0.002280640648677945,0.0035930287558585405,0.20785027742385864
0013,000233,233,0.00043974866275675595,0.0005197501159273088,0.44595977663993835,0.0005507662426680326,0.0005952366627752781,0.469407856464386,0.014747558161616325,0.005755752790719271,0.007981542497873306,0.3398471772670746,0.006664992775768042,0.002286237897351384,0.003527975408360362,0.2084381878376007
0013,000234,234,0.00044288989738561213,0.0005209065857343376,0.4470372498035431,0.0005570872453972697,0.0006055405829101801,0.46869316697120667,0.014639485627412796,0.0057374886237084866,0.007910805754363537,0.3398430645465851,0.0067993151023983955,0.0023124234285205603,0.0036111611407250166,0.20828385651111603
0013,000235,235,0.0004411596164572984,0.0005221765604801476,0.44542068243026733,0.0005534007214009762,0.0006014765240252018,0.4688798785209656,0.014621804468333721,0.005767847411334515,0.007945382036268711,0.33984917402267456,0.007099981885403395,0.0023620212450623512,0.0038167827297002077,0.20765669643878937
0013,000236,236,0.0004379485617391765,0.0005236569559201598,0.443146675825119,0.000539279542863369,0.0005836441414430737,0.469946950674057,0.014511685818433762,0.005733744706958532,0.007933068089187145,0.339824378490448,0.0067495075054466724,0.0025376800913363695,0.0035937316715717316,0.20696388185024261
0013,000237,237,0.00043262875988148153,0.0005249346140772104,0.43896228075027466,0.0005358122289180756,0.0005797642515972257,0.469407320022583,0.01458249893039465,0.00567402970045805,0.008005636744201183,0.3398294746875763,0.006511255633085966,0.0026256702840328217,0.0034578712657094,0.20631252229213715
0013,000238,238,0.0004269057244528085,0.0005223154439590871,0.4356519281864166,0.0005290372646413743,0.0005760091007687151,0.4693284034729004,0.014541870914399624,0.005602809134870768,0.007995168678462505,0.33980274200439453,0.006612338125705719,0.0027778830844908953,0.003523161169141531,0.20564301311969757
0013,000239,239,0.00042448152089491487,0.0005205251509323716,0.4337773025035858,0.0005264500505290926,0.0005717917811125517,0.4695836007595062,0.014528860338032246,0.005551666021347046,0.007998128421604633,0.33979952335357666,0.006294213701039553,0.002695174189284444,0.0033455865923315287,0.20595748722553253
0013,000240,240,0.00042245458462275565,0.0005178295541554689,0.4328669309616089,0.0005350029096007347,0.0005753859295509756,0.4704466164112091,0.014637837186455727,0.0055880616419017315,0.008085999637842178,0.3397892415523529,0.0060639530420303345,0.0026223936583846807,0.003207549685612321,0.20594073832035065
0013,000241,241,0.00042345980182290077,0.0005163351888768375,0.4347916841506958,0.0005326495738700032,0.0005786762339994311,0.46936288475990295,0.014543253928422928,0.0055993651039898396,0.008004640229046345,0.3397844433784485,0.006283715832978487,0.002656482858583331,0.003341064788401127,0.20557789504528046
0013,000242,242,0.00042100687278434634,0.0005153794772922993,0.43344104290008545,0.0005279412725940347,0.0005657385336235166,0.47069820761680603,0.014474465511739254,0.005615777336061001,0.008000540547072887,0.3397906422615051,0.005781842861324549,0.0024697063490748405,0.003049712860956788,0.20599053800106049
0013,000243,243,0.00041678579873405397,0.0005122976726852357,0.4319485127925873,0.0005427725263871253,0.0005940758273936808,0.46905606985092163,0.014379777014255524,0.005579459015280008,0.007972980849444866,0.339787095785141,0.006721417419612408,0.0026898570358753204,0.0035773531999439,0.20515947043895721
0013,000244,244,0.0004154221969656646,0.0005119226407259703,0.4312538206577301,0.0005380237125791609,0.0005910192267037928,0.4687345027923584,0.014439992606639862,0.005557189229875803,0.008009983226656914,0.3397894501686096,0.006052032113075256,0.0026116645894944668,0.0032325247302651405,0.20539571344852448
0013,000245,245,0.00041829459951259196,0.0005109073244966567,0.4332481324672699,0.0005417495267465711,0.0005878224619664252,0.46927812695503235,0.014550525695085526,0.005554096307605505,0.008029100485146046,0.3398149609565735,0.00600708182901144,0.0024709675926715136,0.0031835923437029123,0.20582568645477295
0013,000246,246,0.00042286686948500574,0.0005073203938081861,0.43805354833602905,0.0005418136133812368,0.0005868423613719642,0.46969857811927795,0.014745743945240974,0.0055603282526135445,0.008044318296015263,0.33980926871299744,0.0061274622566998005,0.002379914280027151,0.003235815092921257,0.20645944774150848
0013,000247,247,0.0004235160013195127,0.0005066377343609929,0.4388073682785034,0.0005542930448427796,0.0006044652545824647,0.4691871404647827,0.014787918888032436,0.0055770473554730415,0.00805782899260521,0.3398469388484955,0.006333683151751757,0.0023449191357940435,0.0033592251129448414,0.2069273591041565
0013,000248,248,0.0004231627972330898,0.0005053724744357169,0.4387175738811493,0.0005617174319922924,0.0006080626044422388,0.4708128273487091,0.014825783669948578,0.005577299743890762,0.00809025764465332,0.3398416340351105,0.00678255595266819,0.002468129387125373,0.003576526651158929,0.20656055212020874
0013,000249,249,0.0004217895329929888,0.000504497264046222,0.43865516781806946,0.0005476136575452983,0.0005909911124035716,0.4692763686180115,0.014810050837695599,0.005574146751314402,0.008096031844615936,0.3398541808128357,0.006311957724392414,0.0023874687030911446,0.00334329716861248,0.206836998462677
0013,000250,250,0.00041669487836770713,0.00050195655785501,0.4370851218700409,0.0005523842410184443,0.0006045784102752805,0.46838560700416565,0.014735288918018341,0.005570956971496344,0.008086289279162884,0.3398487865924835,0.00647478923201561,0.002578756771981716,0.0034403225872665644,0.2061382532119751
0013,000251,251,0.0004134350165259093,0.0005006566061638296,0.4351206421852112,0.0005589037318713963,0.0006197059410624206,0.46703237295150757,0.014634157530963421,0.005556629505008459,0.008078732527792454,0.33987292647361755,0.006489019375294447,0.002558463718742132,0.0034869264345616102,0.2060682475566864
0013,000252,252,0.00040768427425064147,0.0004984199185855687,0.4322550892829895,0.0005684058414772153,0.0006262591923587024,0.4682040810585022,0.014460413716733456,0.005540082696825266,0.008060084655880928,0.3398723900318146,0.006624048575758934,0.002780886832624674,0.003538320539519191,0.2049410045146942
0013,000253,253,0.00040270236786454916,0.0004972194437868893,0.4298816919326782,0.0005598848802037537,0.0006123750936239958,0.4687850773334503,0.014404249377548695,0.005536308977752924,0.008088907226920128,0.339873731136322,0.006432055030018091,0.0029431856237351894,0.003429109463468194,0.20399513840675354
0013,000254,254,0.0003990332770626992,0.0004963480168953538,0.4273685812950134,0.0005575821851380169,0.0006098404992371798,0.4686632454395294,0.014267480000853539,0.005549376364797354,0.008063471876084805,0.3398626744747162,0.00598738482221961,0.0028227518778294325,0.00319513026624918,0.20380519330501556
0013,000255,255,0.0003999786276835948,0.0004968128050677478,0.42764660716056824,0.0005613758112303913,0.0006060379091650248,0.469602108001709,0.014207258820533752,0.005586531013250351,0.008012831211090088,0.3398701250553131,0.005411898251622915,0.002585943089798093,0.002867036731913686,0.20417837798595428
0013,000256,256,0.00039913124055601656,0.00049430230865255,0.4288734495639801,0.0005688592791557312,0.0006225339602679014,0.4678471088409424,0.014179324731230736,0.005582265555858612,0.007993694394826889,0.3398623466491699,0.005333265755325556,0.0022452243138104677,0.002836019964888692,0.20516003668308258
0013,000257,257,0.00040020272717811167,0.0004938593483529985,0.42952972650527954,0.0005768019473180175,0.0006114317802712321,0.4712071716785431,0.014237971976399422,0.005584167316555977,0.008007053285837173,0.3398681581020355,0.005385285243391991,0.0020798598416149616,0.0028184179682284594,0.20566843450069427
0013,000258,258,0.00039831866160966456,0.0004917976912111044,0.42910298705101013,0.0005725800874643028,0.0006173078436404467,0.46944659948349,0.014230829663574696,0.005574802402406931,0.008006192743778229,0.3398607671260834,0.005866887513548136,0.0019817384891211987,0.0030921800062060356,0.2068086862564087
0013,000259,259,0.00039894224028103054,0.0004924798849970102,0.42948129773139954,0.0005793455638922751,0.0006219136994332075,0.47004130482673645,0.014377271756529808,0.005552530288696289,0.008059520274400711,0.33986902236938477,0.005423882510513067,0.0019217237131670117,0.002861480228602886,0.20735566318035126
0013,000260,260,0.0004017195024061948,0.0004919394268654287,0.4310719668865204,0.0005776507896371186,0.0006248423014767468,0.4694945514202118,0.014538666233420372,0.005520438309758902,0.008094496093690395,0.33988165855407715,0.005806431174278259,0.0019127755658701062,0.003076020162552595,0.20723164081573486
0013,000261,261,0.00039930117782205343,0.0004912108415737748,0.42930668592453003,0.0005738477921113372,0.0006199434865266085,0.47017356753349304,0.014558116905391216,0.005515214521437883,0.008128604851663113,0.33986741304397583,0.006721393670886755,0.0021254601888358593,0.0035613062791526318,0.20635055005550385
0013,000262,262,0.0003999064501840621,0.0004899036721326411,0.4295521378517151,0.0005560515564866364,0.0006012616213411093,0.4705151915550232,0.014562170952558517,0.005476827267557383,0.008097663521766663,0.33985692262649536,0.0069236308336257935,0.002405136590823531,0.0036657224409282207,0.2052411586046219
0013,000263,263,0.0004014035512227565,0.0004941386287100613,0.42855796217918396,0.0005424497649073601,0.0005833155591972172,0.4713619649410248,0.014654846861958504,0.0054593938402831554,0.008168569765985012,0.33984777331352234,0.006796338129788637,0.002691995119675994,0.003590218024328351,0.20406588912010193
0013,000264,264,0.0004042847140226513,0.0004943538806401193,0.4302828907966614,0.0005296273739077151,0.0005718031898140907,0.4708455502986908,0.014713609591126442,0.00546292494982481,0.008169165812432766,0.339853972196579,0.005823574494570494,0.0026985404547303915,0.003084392286837101,0.20362970232963562
0013,000265,265,0.00040602745139040053,0.0004963753744959831,0.43169301748275757,0.0005259081372059882,0.0005583091406151652,0.4721224308013916,0.01458713784813881,0.005499834194779396,0.00812581554055214,0.33985698223114014,0.005643740762025118,0.0023751589469611645,0.0029511963948607445,0.20447863638401031
0013,000266,266,0.00041082981624640524,0.0004975938936695457,0.4349816143512726,0.0005385687691159546,0.0005780243081972003,0.4705245792865753,0.014732352457940578,0.005531471688300371,0.00817381963133812,0.33984342217445374,0.005705572199076414,0.0021144987549632788,0.0030026985332369804,0.20543980598449707
0013,000267,267,0.00040497336885891855,0.0004902564687654376,0.43502941727638245,0.0005479208193719387,0.000586109992582351,0.47087833285331726,0.014529011212289333,0.005523049272596836,0.008059855550527573,0.33983054757118225,0.0057723186910152435,0.002061082748696208,0.003041722346097231,0.20557503402233124
0013,000268,268,0.00040061480831354856,0.0004876481252722442,0.43324318528175354,0.000541017041541636,0.0005731239798478782,0.4720398485660553,0.014504644088447094,0.005519083235412836,0.008071094751358032,0.33985504508018494,0.005754534620791674,0.001980879809707403,0.0030185061041265726,0.20613057911396027
0013,000269,269,0.0004048268892802298,0.0004907231777906418,0.43511897325515747,0.0005391796003095806,0.0005728943506255746,0.4717910587787628,0.014590094797313213,0.005546682048588991,0.008108466863632202,0.3398526906967163,0.006019405089318752,0.00196885340847075,0.0031580650247633457,0.20690257847309113
0013,000270,270,0.000407470331992954,0.0004937332705594599,0.43644019961357117,0.0005410059238784015,0.0005788804264739156,0.4714232385158539,0.014703393913805485,0.0055563561618328094,0.008180840872228146,0.33984437584877014,0.006021122448146343,0.0019492130959406495,0.003179902909323573,0.20729587972164154
0013,000271,271,0.00040890538366511464,0.0004945260589011014,0.4378194510936737,0.0005421704845502973,0.000581099942792207,0.4706970751285553,0.014874118380248547,0.00556267611682415,0.008248502388596535,0.33982518315315247,0.005982456728816032,0.001961235888302326,0.00315461796708405,0.2072940468788147
0013,000272,272,0.00040532666025683284,0.0004901282954961061,0.4378240704536438,0.0005217159632593393,0.0005474341451190412,0.4723496735095978,0.014721941202878952,0.005516684148460627,0.008131396025419235,0.3398018777370453,0.006569793913513422,0.002004795242100954,0.0034160511568188667,0.20874078571796417
0013,000273,273,0.00040731055196374655,0.0004924272070638835,0.43713057041168213,0.0005280472105368972,0.000560048792976886,0.4716889560222626,0.014840396121144295,0.0055035254918038845,0.008191188797354698,0.33983922004699707,0.006407466251403093,0.0020429922733455896,0.003354534739628434,0.20898693799972534
0013,000274,274,0.00041422032518312335,0.0004956683842465281,0.44086262583732605,0.0005112331709824502,0.0005388118443079293,0.47254085540771484,0.01497332938015461,0.005525794345885515,0.008201188407838345,0.33984771370887756,0.006061046849936247,0.002067531691864133,0.0031638420186936855,0.2089068740606308
0013,000275,275,0.0004189102619420737,0.0004979651421308517,0.44255679845809937,0.0005002319812774658,0.0005308069521561265,0.47218647599220276,0.015065447427332401,0.0055769444443285465,0.008243604563176632,0.3398609459400177,0.006047397386282682,0.0021314516197890043,0.0031783119775354862,0.2083750069141388
0013,000276,276,0.00041817661258392036,0.000500151130836457,0.4404524564743042,0.0004881478671450168,0.0005238112062215805,0.47015708684921265,0.014736073091626167,0.005603032186627388,0.008116445504128933,0.33986756205558777,0.005796235054731369,0.0021502445451915264,0.0030681707430630922,0.2083134800195694
0013,000277,277,0.00041383790085092187,0.0004993823822587729,0.4384075105190277,0.0004951044102199376,0.0005377130000852048,0.4691273272037506,0.014493991620838642,0.005567535292357206,0.008017956279218197,0.3398895263671875,0.006070729810744524,0.002155998256057501,0.003237002296373248,0.2080976516008377
0013,000278,278,0.0004071247240062803,0.0004951402661390603,0.4362572431564331,0.0004952279268763959,0.0005301650962792337,0.4707350730895996,0.014628217555582523,0.00549077894538641,0.008111348375678062,0.33988818526268005,0.006411160808056593,0.0021608746610581875,0.003382295137271285,0.20837919414043427
0013,000279,279,0.0004051960713695735,0.0004921515355817974,0.43573811650276184,0.0004985023406334221,0.0005371397128328681,0.4711126685142517,0.014443113468587399,0.005495691671967506,0.008029673248529434,0.33990350365638733,0.006662863306701183,0.0022947494871914387,0.0035316080320626497,0.207615926861763
0013,000280,280,0.0004038776969537139,0.0004912170697934926,0.43565449118614197,0.0004892973229289055,0.0005210863891988993,0.4721907675266266,0.01447270531207323,0.005466232541948557,0.008043005131185055,0.3399055600166321,0.006101635284721851,0.0024524922482669353,0.0032123695127665997,0.20697517693042755
0013,000281,281,0.0004042630607727915,0.0004925830289721489,0.43648096919059753,0.0004850723489653319,0.000519987428560853,0.4704281985759735,0.014699485152959824,0.00546787865459919,0.008163939230144024,0.33987897634506226,0.00583850359544158,0.002368570538237691,0.0030946577899158,0.20701932907104492
0013,000282,282,0.00040434859693050385,0.0004970680456608534,0.4343391954898834,0.0004975901101715863,0.0005358381313271821,0.4707673192024231,0.014556271955370903,0.0054614609107375145,0.008139890618622303,0.3398580551147461,0.006678987760096788,0.002627575071528554,0.0035365240182727575,0.20580299198627472
0013,000283,283,0.0004021355416625738,0.0004955962067469954,0.43238839507102966,0.0004924158565700054,0.000527158728800714,0.471588671207428,0.014247499406337738,0.00545154046267271,0.007988535799086094,0.33985525369644165,0.005910961888730526,0.0027093137614428997,0.0031198966316878796,0.20515838265419006
0013,000284,284,0.00040196898044086993,0.0004955630283802748,0.432925820350647,0.0004924419918097556,0.0005280798068270087,0.4704412817955017,0.01426769606769085,0.005460707936435938,0.007992837578058243,0.33985406160354614,0.005534489173442125,0.0025046293158084154,0.002929435111582279,0.20540425181388855
0013,000285,285,0.0004036329919472337,0.0004947290290147066,0.43423083424568176,0.0005044167046435177,0.0005462298286147416,0.46849188208580017,0.014203409664332867,0.005451980046927929,0.007935239933431149,0.33983784914016724,0.006059766281396151,0.0020809730049222708,0.0032081000972539186,0.20696768164634705
0013,000286,286,0.0004039450141135603,0.0004955371841788292,0.4343162477016449,0.0005291310371831059,0.000565174559596926,0.4711611568927765,0.01430230587720871,0.005474679172039032,0.007983895018696785,0.3398338854312897,0.006244645453989506,0.002248317701742053,0.0032845039386302233,0.20613273978233337
0013,000287,287,0.0004015350714325905,0.000493756786454469,0.4344511926174164,0.0005162049783393741,0.0005623676697723567,0.46871525049209595,0.014221550896763802,0.005486965645104647,0.007947860285639763,0.33982861042022705,0.005369078833609819,0.0021569798700511456,0.0028642741963267326,0.20656298100948334
0013,000288,288,0.00040488550439476967,0.0004961884114891291,0.43516403436660767,0.0005272529670037329,0.0005697518936358392,0.46973916888237,0.014190826565027237,0.005490424577146769,0.007921798154711723,0.33982759714126587,0.005586328916251659,0.0021593926940113306,0.0029704980552196503,0.2066846787929535
0013,000289,289,0.0004048566916026175,0.0004952689632773399,0.436520516872406,0.0005282250931486487,0.0005613685352727771,0.4718421995639801,0.01425836980342865,0.005480960942804813,0.007938683032989502,0.3398250639438629,0.005662708077579737,0.002211363287642598,0.002979103708639741,0.2063407599925995
0013,000290,290,0.0004020026244688779,0.0004948158748447895,0.4349755346775055,0.0005161591689102352,0.0005522393039427698,0.4709189236164093,0.014286323450505733,0.005462898872792721,0.007983929477632046,0.33983761072158813,0.0054325745441019535,0.002160424366593361,0.0028645573183894157,0.2063099890947342
0013,000291,291,0.00039741076761856675,0.000493045779876411,0.43253228068351746,0.0005155573016963899,0.0005551806534640491,0.4701358675956726,0.014193994924426079,0.005432740319520235,0.00797076616436243,0.339841365814209,0.005782202817499638,0.002166065387427807,0.0030627609230577946,0.2063656747341156
0013,000292,292,0.00039572143577970564,0.0004889630363322794,0.43318527936935425,0.000512214086484164,0.0005398010252974927,0.4730153977870941,0.014213635586202145,0.0054301489144563675,0.007972552441060543,0.33985283970832825,0.006018160376697779,0.0022999632637947798,0.003149856347590685,0.20573176443576813
0013,000293,293,0.00039518895209766924,0.0004884954541921616,0.43401286005973816,0.0005052654887549579,0.0005438299849629402,0.4707987308502197,0.014277107082307339,0.005426465068012476,0.00799996592104435,0.33986055850982666,0.005656825844198465,0.0023580146953463554,0.002993338741362095,0.20542752742767334
0013,000294,294,0.0003908573999069631,0.0004841314803343266,0.43374207615852356,0.0005041062831878662,0.0005350270657800138,0.47223931550979614,0.014240763150155544,0.005404261872172356,0.007984423078596592,0.3398653566837311,0.005571870598942041,0.0022079891059547663,0.0029276988934725523,0.20576056838035583
0013,000295,295,0.00038923230022192,0.0004829184035770595,0.4328431487083435,0.000511711579747498,0.0005507730529643595,0.47084474563598633,0.014244107529520988,0.005378222092986107,0.007999110966920853,0.3398353159427643,0.005481846164911985,0.0021891396027058363,0.002902287058532238,0.20580345392227173
0013,000296,296,0.00039057369576767087,0.00048693554708734155,0.4315735697746277,0.0005180065054446459,0.000554947997443378,0.47161465883255005,0.014044905081391335,0.005362167023122311,0.007896890863776207,0.3398318290710449,0.005966854281723499,0.002120270626619458,0.003143450478091836,0.2061978578567505
0013,000297,297,0.00038940642843954265,0.0004853067803196609,0.4318575859069824,0.0005204644403420389,0.0005584770115092397,0.4704621136188507,0.014071299694478512,0.005368770100176334,0.00791098177433014,0.3398166596889496,0.005603730212897062,0.0020726826041936874,0.002959569450467825,0.2064145803451538
0013,000298,298,0.00039235540316440165,0.0004858841421082616,0.43344053626060486,0.0005242504412308335,0.0005558920092880726,0.47198161482810974,0.014048834331333637,0.005423228722065687,0.007880864664912224,0.3398243486881256,0.0055138044990599155,0.0020787864923477173,0.0028874711133539677,0.20663800835609436
0013,000299,299,0.0003939664165955037,0.00048655946739017963,0.4337749779224396,0.0005202993634156883,0.0005518889520317316,0.4725290536880493,0.0141497403383255,0.005443787667900324,0.007922140881419182,0.3398160934448242,0.005904872436076403,0.002197074005380273,0.0031003281474113464,0.20600229501724243
0013,000300,300,0.00039427305455319583,0.0004901076317764819,0.4319939911365509,0.000512166297994554,0.0005530676571652293,0.4701094925403595,0.014067980460822582,0.005435008089989424,0.0079065365716815,0.33980876207351685,0.006210552994161844,0.002206699922680855,0.003293076530098915,0.2058710902929306
0013,000301,301,0.0003950879618059844,0.0004906523390673101,0.4317713975906372,0.0005176446866244078,0.0005550669739022851,0.47087448835372925,0.013863695785403252,0.005462781060487032,0.007803811226040125,0.33983755111694336,0.005398499313741922,0.002105319406837225,0.0028573977760970592,0.20624879002571106
0013,000302,302,0.00039165676571428776,0.0004873873549513519,0.431172251701355,0.0005244730273261666,0.0005688925739377737,0.4690515995025635,0.013809236697852612,0.005451771430671215,0.007771980948746204,0.3398253321647644,0.005933867767453194,0.0020007675047963858,0.0031495545990765095,0.20734314620494843
0013,000303,303,0.00038960055098868906,0.0004852096608374268,0.4311085045337677,0.0005382557865232229,0.0005749873234890401,0.4710440933704376,0.01375794317573309,0.005454095546156168,0.007741269655525684,0.3398206830024719,0.00567138334736228,0.00201666122302413,0.0029891321901232004,0.20750747621059418
0013,000304,304,0.0003897957503795624,0.0004846852971240878,0.43188464641571045,0.0005346745601855218,0.0005783307715319097,0.4694948196411133,0.013839269056916237,0.005463702138513327,0.007764158770442009,0.3398462235927582,0.005656787194311619,0.0019719069823622704,0.0030023171566426754,0.2078951895236969
0013,000305,305,0.0003920600574929267,0.00048242625780403614,0.4355721175670624,0.0005344533128663898,0.0005730863194912672,0.4709133803844452,0.013957264833152294,0.005473589524626732,0.007769371382892132,0.33988407254219055,0.005924314260482788,0.0019817743450403214,0.003140866756439209,0.20832638442516327
0013,000306,306,0.0003952091792598367,0.0004802093899343163,0.4385834038257599,0.0005232995608821511,0.0005628470680676401,0.47133469581604004,0.014170205220580101,0.005510187242180109,0.007837183773517609,0.3399154543876648,0.005899811163544655,0.0020191832445561886,0.0031168339774012566,0.20841126143932343
0013,000307,307,0.0003939846938010305,0.0004764674522448331,0.4399901032447815,0.0005130225326865911,0.0005605657934211195,0.46885377168655396,0.014207903295755386,0.005515166092664003,0.007836118340492249,0.33993616700172424,0.005705138668417931,0.0020662725437432528,0.0030330102890729904,0.2093106508255005
0013,000308,308,0.0003931989776901901,0.00047685616300441325,0.4388320744037628,0.0005143533344380558,0.0005499141989275813,0.471135675907135,0.014250206761062145,0.0055082328617572784,0.007885422557592392,0.3399311602115631,0.005907317623496056,0.001995725790038705,0.0031037870794534683,0.21011905372142792
0013,000309,309,0.0003964901261497289,0.00047989183804020286,0.43928223848342896,0.0005082525312900543,0.0005398994544520974,0.47140273451805115,0.014323685318231583,0.005515717435628176,0.007909146137535572,0.3399326205253601,0.006128739099949598,0.0019253188511356711,0.0032091198954731226,0.21087953448295593
0013,000310,310,0.00039796633063815534,0.0004796411085408181,0.4393630921840668,0.0005087656900286674,0.0005468203453347087,0.46987003087997437,0.01436692476272583,0.005518021993339062,0.007922952063381672,0.3399401605129242,0.005992226302623749,0.0019574984908103943,0.0031599218491464853,0.21077963709831238
0013,000311,311,0.000401315774070099,0.00047763949260115623,0.4421781897544861,0.0005062504787929356,0.0005567664629779756,0.4686698317527771,0.01451109442859888,0.005537189077585936,0.007945267483592033,0.33993351459503174,0.00701411347836256,0.0021778899244964123,0.0037585569079965353,0.20972305536270142
0013,000312,312,0.000399367738282308,0.00047808076487854123,0.44043317437171936,0.0004921086365357041,0.0005369391874410212,0.4690878689289093,0.01455199345946312,0.005543848499655724,0.007992678321897984,0.3399643898010254,0.005951757077127695,0.0021990658715367317,0.0031579372007399797,0.2102898359298706
0013,000313,313,0.0003943554766010493,0.00047546313726343215,0.4383009374141693,0.000499588786624372,0.0005424822447821498,0.46892204880714417,0.014671857468783855,0.005539418663829565,0.008076135069131851,0.33997470140457153,0.006408712826669216,0.0023167775943875313,0.003403020789846778,0.20968030393123627
0013,000314,314,0.000391132605727762,0.00047640161938034,0.43572500348091125,0.0004907266702502966,0.0005326968966983259,0.4688452184200287,0.014557651244103909,0.0055199842900037766,0.00806862860918045,0.3399679660797119,0.006082508713006973,0.002330385148525238,0.003226662054657936,0.20985032618045807
0013,000315,315,0.0003892428067047149,0.0004763145698234439,0.4345012605190277,0.0005001981044188142,0.000546622381079942,0.4684395492076874,0.01460626907646656,0.005512423813343048,0.008088610135018826,0.339938223361969,0.006321885623037815,0.002394607523456216,0.0033670621924102306,0.20943565666675568
0013,000316,316,0.00039216154254972935,0.0004748414212372154,0.43682023882865906,0.0004952563322149217,0.0005314450245350599,0.4709419012069702,0.014455675147473812,0.005499041639268398,0.00798412598669529,0.3399392366409302,0.006324718240648508,0.0025848092045634985,0.003334820969030261,0.2083166539669037
0013,000317,317,0.00039760908111929893,0.00047425960656255484,0.44221916794776917,0.0004726561310235411,0.000499690358992666,0.47265559434890747,0.01456062588840723,0.005536418873816729,0.007968826219439507,0.33993980288505554,0.005923871882259846,0.0025921377819031477,0.003100008238106966,0.20787596702575684
0013,000318,318,0.00040269611054100096,0.0004724709433503449,0.44723087549209595,0.000467431586002931,0.0005031880573369563,0.4702625572681427,0.014819847419857979,0.005573319736868143,0.008042636327445507,0.3399548828601837,0.0057792882435023785,0.0024866873864084482,0.0030542954336851835,0.20793703198432922
0013,000319,319,0.0004062023654114455,0.00047357732546515763,0.4493464529514313,0.00047206730232574046,0.0005064973956905305,0.4707059860229492,0.015044521540403366,0.005584594793617725,0.00813116505742073,0.33993592858314514,0.006034878082573414,0.0024919172283262014,0.003183863591402769,0.207736536860466
0013,000320,320,0.00040823023300617933,0.0004750706139020622,0.4505996108055115,0.0004698154516518116,0.0004962642560712993,0.4719269573688507,0.015141064301133156,0.005621031392365694,0.008187521249055862,0.339909166097641,0.006152004934847355,0.002476131310686469,0.0032204792369157076,0.20770865678787231
0013,000321,321,0.0004126106505282223,0.0004785913915839046,0.4522687792778015,0.0004667436587624252,0.000503339571878314,0.4694622755050659,0.015330360271036625,0.005663149990141392,0.008291962556540966,0.33989381790161133,0.005673516076058149,0.0023500907700508833,0.0030066953040659428,0.20817290246486664
0013,000322,322,0.0004116374475415796,0.0004796313587576151,0.4517395496368408,0.00048333086306229234,0.0005244166823104024,0.4693589508533478,0.015349912457168102,0.005648855585604906,0.008312230929732323,0.3398924767971039,0.006115008145570755,0.002484351396560669,0.0032470698934048414,0.20785099267959595
0013,000323,323,0.000411306566093117,0.0004808872181456536,0.45034974813461304,0.00048428215086460114,0.0005303597426973283,0.46834757924079895,0.015112579800188541,0.00561759527772665,0.008202970027923584,0.3398889899253845,0.005704951472580433,0.0024186756927520037,0.0030438872054219246,0.20807522535324097
0013,000324,324,0.00040527808596380055,0.00047850963892415166,0.44862285256385803,0.0004917160258628428,0.0005304555525071919,0.4697849750518799,0.015012653544545174,0.005599258467555046,0.008183786645531654,0.3399055004119873,0.005373917054384947,0.0022939154878258705,0.002847044263035059,0.20841552317142487
0013,000325,325,0.0004048975824844092,0.00048135683755390346,0.44678500294685364,0.0004993153270334005,0.0005365213146433234,0.4709949493408203,0.014844835735857487,0.005566463340073824,0.008131221868097782,0.33991050720214844,0.006385433487594128,0.002470328938215971,0.0033732226584106684,0.20743875205516815
0013,000326,326,0.0004002308996859938,0.00047925798571668565,0.4446219801902771,0.0004888257826678455,0.0005294800503179431,0.4698754847049713,0.014640821143984795,0.005535628646612167,0.00804387591779232,0.33991366624832153,0.005856683477759361,0.00254219607450068,0.0031080495100468397,0.20705905556678772
0013,000327,327,0.000399867509258911,0.00047791964607313275,0.44476547837257385,0.0004981470410712063,0.0005443326663225889,0.46943482756614685,0.014639734290540218,0.0055384826846420765,0.008034149184823036,0.33993250131607056,0.0061785150319337845,0.002671650145202875,0.0032884341198951006,0.2064637541770935
0013,000328,328,0.00040250029996968806,0.000477486610179767,0.44683653116226196,0.0004998290678486228,0.000538709806278348,0.4709343910217285,0.014824163168668747,0.0055624875240027905,0.008113984018564224,0.33994296193122864,0.0057922545820474625,0.0027038787957280874,0.0030541312880814075,0.2058591991662979
0013,000329,329,0.00040572299621999264,0.0004792178515344858,0.44779282808303833,0.0004912926233373582,0.0005305802915245295,0.4706707000732422,0.014847437851130962,0.005605350714176893,0.008096074685454369,0.3399524390697479,0.005696868523955345,0.002551050391048193,0.00301616289652884,0.20590466260910034
0013,000330,330,0.0004077558987773955,0.000478211761219427,0.44948282837867737,0.0005104921292513609,0.0005615950794890523,0.46940311789512634,0.01502248365432024,0.00562916649505496,0.00815438013523817,0.3399471640586853,0.006494731176644564,0.002791084349155426,0.0034604414831846952,0.20480971038341522
0013,000331,331,0.0004093825409654528,0.00047866388922557235,0.4508975148200989,0.0005088872276246548,0.0005513954092748463,0.47027796506881714,0.015136104077100754,0.005615284200757742,0.008207559585571289,0.3399616777896881,0.006111437454819679,0.0028817318379878998,0.0032336702570319176,0.20404136180877686
0013,000332,332,0.00040985524537973106,0.0004825084179174155,0.4491034150123596,0.0005115862004458904,0.0005599315627478063,0.46954479813575745,0.01524649653583765,0.005612445995211601,0.008300665766000748,0.3399841785430908,0.0057606166228652,0.0027614235877990723,0.003068716963753104,0.20401129126548767
0013,000333,333,0.00041003842488862574,0.0004823705239687115,0.44925370812416077,0.0005231369868852198,0.000567304203286767,0.4706033170223236,0.015336762182414532,0.005620125215500593,0.008357460610568523,0.33997341990470886,0.005657876841723919,0.0026634258683770895,0.002995573915541172,0.2038891315460205
0013,000334,334,0.00041240869904868305,0.00048535061068832874,0.4505586326122284,0.0005252944538369775,0.0005635585985146463,0.47132202982902527,0.015436510555446148,0.0056537785567343235,0.008393651805818081,0.3399800658226013,0.005924229975789785,0.002544686198234558,0.003135444363579154,0.20403413474559784
0013,000335,335,0.00041193238575942814,0.0004820546309929341,0.45148342847824097,0.0005313578294590116,0.0005723143112845719,0.47076180577278137,0.01520972978323698,0.005656962748616934,0.008257728070020676,0.3399660885334015,0.005853400565683842,0.0024599472526460886,0.003105543088167906,0.20418381690979004
0013,000336,336,0.0004088481073267758,0.0004827922093681991,0.45118752121925354,0.0005343350348994136,0.0005732992431148887,0.47072798013687134,0.015340146608650684,0.0056353057734668255,0.00833176076412201,0.3399357795715332,0.00599865335971117,0.0021454058587551117,0.003165776841342449,0.20551639795303345
0013,000337,337,0.0004100999503862113,0.00048558207345195115,0.4514382779598236,0.0005555004463531077,0.0006045327172614634,0.4698537588119507,0.015315534546971321,0.0056217387318611145,0.008312288671731949,0.33992648124694824,0.005773209035396576,0.002126916777342558,0.003071042476221919,0.20567339658737183
0013,000338,338,0.0004135981434956193,0.0004846540978178382,0.4539640545845032,0.0005523150321096182,0.0005973627557978034,0.46972110867500305,0.015283605083823204,0.005599666386842728,0.008238622918725014,0.3399280905723572,0.005687154829502106,0.0020414062310010195,0.003008415922522545,0.20655715465545654
0013,000339,339,0.00041486715781502426,0.00048166554188355803,0.4569450914859772,0.0005571038345806301,0.0006050228839740157,0.46934548020362854,0.015329251065850258,0.005585328210145235,0.00820901058614254,0.33992865681648254,0.005937315057963133,0.00204981560818851,0.0031565448734909296,0.20728270709514618
0014,000002,2,0.00032606665627099574,0.0004087143170181662,0.4465484321117401,0.0005160950822755694,0.0005553537048399448,0.47113966941833496,0.01180155761539936,0.0024429222103208303,0.006494492758065462,0.3400114178657532,0.004360581282526255,0.0009026403422467411,0.0022968784905970097,0.2102639228105545
0014,000003,3,0.00033680949127301574,0.00042158609721809626,0.44533005356788635,0.0005096419481560588,0.0005462553817778826,0.47109857201576233,0.011907161213457584,0.0033942421432584524,0.006569073535501957,0.3399759829044342,0.003981239628046751,0.0011704907519742846,0.0021053811069577932,0.21033500134944916
0014,000004,4,0.00034572285949252546,0.00043227235437370837,0.44455450773239136,0.0005074035725556314,0.0005450870376080275,0.47092175483703613,0.012071737088263035,0.004051604308187962,0.006674840115010738,0.33997276425361633,0.00419935816898942,0.0014051691396161914,0.002216415712609887,0.20999117195606232
0014,000005,5,0.0003526102227624506,0.00044104797416366637,0.44368845224380493,0.0005039703682996333,0.0005445309798233211,0.47021567821502686,0.012273434549570084,0.004565356764942408,0.0068042385391891,0.3399707078933716,0.004154140595346689,0.0016008977545425296,0.002203900832682848,0.20976251363754272
0014,000006,6,0.000359387748176232,0.00044889928540214896,0.44324734807014465,0.0005027271108701825,0.0005421694950200617,0.4700172543525696,0.012632234953343868,0.00494250375777483,0.00698804622516036,0.33996111154556274,0.00420004827901721,0.001670537400059402,0.0022238767705857754,0.2096925973892212
0014,000007,7,0.0003659854701254517,0.00045512241194956005,0.4431924819946289,0.0005022961413487792,0.0005442685214802623,0.4696049392223358,0.012935166247189045,0.005187826696783304,0.00714045250788331,0.3399551212787628,0.0040817116387188435,0.0016547092236578465,0.0021595279686152935,0.2100701481103897
0014,000008,8,0.0003716143255587667,0.0004638677346520126,0.4422000050544739,0.0005098055116832256,0.0005471169715747237,0.47062015533447266,0.013018345460295677,0.005353166721761227,0.007201049011200666,0.339974969625473,0.004294062964618206,0.0017363420920446515,0.002265809802338481,0.21013949811458588
0014,000009,9,0.00037643301766365767,0.00046968614333309233,0.44153010845184326,0.0005050701438449323,0.0005443576956167817,0.4699349105358124,0.01295201200991869,0.005529637448489666,0.007193561643362045,0.3400033116340637,0.004175976850092411,0.0018020110437646508,0.002208107616752386,0.21019122004508972
0014,000010,10,0.0003806320601142943,0.0004772603861056268,0.4403232932090759,0.0005040473188273609,0.000540733162779361,0.4704274833202362,0.012867152690887451,0.0056469980627298355,0.00715257553383708,0.34001433849334717,0.0043047755025327206,0.0018688326235860586,0.00226784311234951,0.2100960910320282
0014,000011,11,0.0003835796669591218,0.0004817814624402672,0.4392440617084503,0.0004972269525751472,0.0005297184106893837,0.47137024998664856,0.013029049150645733,0.005737397354096174,0.0072525013238191605,0.34003180265426636,0.00424818554893136,0.0018405007431283593,0.002224363386631012,0.2104429006576538
0014,000012,12,0.0003858100390061736,0.00048403115943074226,0.4387255609035492,0.0004963225219398737,0.0005304249352775514,0.4705541133880615,0.013172470964491367,0.005761502776294947,0.007325328886508942,0.3400118947029114,0.004137048963457346,0.001786518027074635,0.0021748063154518604,0.21096526086330414
0014,000013,13,0.0003878704155795276,0.0004898553597740829,0.4375585615634918,0.00050091661978513,0.0005432417965494096,0.4694054424762726,0.013295507989823818,0.005736436229199171,0.007410337682813406,0.34002652764320374,0.0041898139752447605,0.0017767981626093388,0.0022208653390407562,0.21117861568927765
0014,000014,14,0.00039081586874090135,0.0004925866378471255,0.4378286600112915,0.000503523217048496,0.000541502027772367,0.47024303674697876,0.013509824872016907,0.005704391282051802,0.007510115392506123,0.34002554416656494,0.0049173287115991116,0.0019454016583040357,0.002592099132016301,0.21053168177604675
0014,000015,15,0.0003920412273146212,0.0004969917354173958,0.43609338998794556,0.00048752629663795233,0.0005235387361608446,0.469991534948349,0.013571714051067829,0.005637065507471561,0.0075542819686234,0.3400173485279083,0.004339957144111395,0.0018370532197877765,0.0022883673664182425,0.21116085350513458
0014,000016,16,0.00039391187601722777,0.0005005092243663967,0.4356027841567993,0.0004971446469426155,0.0005390315200202167,0.46932703256607056,0.013796059414744377,0.0055971271358430386,0.007689995225518942,0.33998993039131165,0.004642654210329056,0.0018996333237737417,0.002456537913531065,0.21113359928131104
0014,000017,17,0.0003955985011998564,0.0005014073685742915,0.43527886271476746,0.0004914186429232359,0.0005290970439091325,0.4701189696788788,0.013858124613761902,0.005552841350436211,0.007713407278060913,0.3400058448314667,0.004385531879961491,0.0018537341384217143,0.0023109999019652605,0.21154962480068207
0014,000018,18,0.000396177259972319,0.00050333421677351,0.4352189302444458,0.0004978397046215832,0.0005422001704573631,0.469241201877594,0.013756356202065945,0.005539841949939728,0.0076673938892781734,0.3400024175643921,0.004987010732293129,0.0019995823968201876,0.0026498206425458193,0.21094290912151337
0014,000019,19,0.0003957068547606468,0.0005039885290898383,0.43470650911331177,0.0004932779120281339,0.0005313602741807699,0.46987730264663696,0.013833122327923775,0.005549635272473097,0.007718155160546303,0.34001004695892334,0.004783032927662134,0.002094449708238244,0.0025229163002222776,0.2105989009141922
0014,000020,20,0.0003966103831771761,0.0005068120080977678,0.4341840147972107,0.0004940658691339195,0.0005344967939890921,0.4694533050060272,0.013837791047990322,0.005538318771868944,0.007719510700553656,0.3400174081325531,0.0047826203517615795,0.002085865708068013,0.0025266956072300673,0.21057894825935364
0014,000021,21,0.0003981618210673332,0.0005057022790424526,0.4354684054851532,0.0004936938639730215,0.0005340141360647976,0.46918538212776184,0.01397554948925972,0.005520648788660765,0.00776760745793581,0.34001222252845764,0.0047095236368477345,0.002143239602446556,0.0024839190300554037,0.21051695942878723
0014,000022,22,0.00040010723751038313,0.0005060458788648248,0.4366396963596344,0.0004938173806294799,0.0005306315724737942,0.4700748324394226,0.013981714844703674,0.005530791822820902,0.007768988609313965,0.3400114178657532,0.004905673209577799,0.0022099814377725124,0.0025835048872977495,0.21029262244701385
0014,000023,23,0.00040026710485108197,0.0005059267859905958,0.4373241662979126,0.0004906939575448632,0.0005272979033179581,0.47008466720581055,0.01393881905823946,0.005521155893802643,0.0077421171590685844,0.3400023281574249,0.004453729838132858,0.002145094331353903,0.0023448849096894264,0.21048173308372498
0014,000024,24,0.0004010415868833661,0.0005067414022050798,0.43699055910110474,0.0004949143039993942,0.0005318040493875742,0.4696638584136963,0.013980881310999393,0.005492314230650663,0.007762763183563948,0.3400084674358368,0.00459433114156127,0.0021403497084975243,0.002420892007648945,0.210621178150177
0014,000025,25,0.00040026899660006166,0.0005060077528469265,0.4374752342700958,0.0004941954393871129,0.0005316819879226387,0.47015097737312317,0.01393372006714344,0.005487312097102404,0.007743322756141424,0.34001290798187256,0.0046555963344872,0.0021148889791220427,0.002458165166899562,0.21052339673042297
0014,000026,26,0.0003985454677604139,0.000503801682498306,0.43744227290153503,0.0004980985540896654,0.0005405792617239058,0.469292014837265,0.013694017194211483,0.005540984217077494,0.007625143509358168,0.34002092480659485,0.004755975678563118,0.0021952656097710133,0.0025245551951229572,0.21022874116897583
0014,000027,27,0.00039355046465061605,0.000502238457556814,0.4356592893600464,0.0004989700973965228,0.000545484246686101,0.46850815415382385,0.013536391779780388,0.005531995091587305,0.0075782230123877525,0.3400266468524933,0.004841290879994631,0.0022368167992681265,0.0025870765093714,0.20990264415740967
0014,000028,28,0.00039358390495181084,0.0005002301186323166,0.43672987818717957,0.0004982831887900829,0.0005410952144302428,0.4693557322025299,0.013364854268729687,0.005577677395194769,0.0074868639931082726,0.34004509449005127,0.004544715862721205,0.002292090328410268,0.0024107357021421194,0.2096608728170395
0014,000029,29,0.00039076845860108733,0.0004966124542988837,0.43672069907188416,0.000498070614412427,0.0005367380217649043,0.4699552357196808,0.013430681079626083,0.00557804387062788,0.0075155822560191154,0.3400411009788513,0.004380036145448685,0.0021543281618505716,0.0023125698789954185,0.20982064306735992
0014,000030,30,0.000391436624340713,0.000494480540510267,0.4383275508880615,0.0005006076535210013,0.0005364943062886596,0.4704822897911072,0.013935272581875324,0.005439047701656818,0.007746226154267788,0.34000641107559204,0.004740763455629349,0.002055190969258547,0.0024926625192165375,0.20998945832252502
0014,000031,31,0.00038983210106380284,0.000490918115247041,0.4394303262233734,0.0004982095560990274,0.0005307711544446647,0.47159895300865173,0.013887925073504448,0.0053727333433926105,0.007710441015660763,0.3399743437767029,0.004966967273503542,0.00215563434176147,0.002602632623165846,0.20964767038822174
0014,000032,32,0.00038780999602749944,0.0004879821790382266,0.43959346413612366,0.0004935748293064535,0.0005280759651213884,0.47040489315986633,0.013719028793275356,0.0053307595662772655,0.007622832432389259,0.3399663269519806,0.004515928216278553,0.0020539071410894394,0.0023786677047610283,0.21010679006576538
0014,000033,33,0.0003824068116955459,0.00048237715964205563,0.43914586305618286,0.000504149473272264,0.000542189518455416,0.47028738260269165,0.013689578510820866,0.005293750669807196,0.007609021384268999,0.3399713933467865,0.0045213899575173855,0.002035890705883503,0.002387814689427614,0.2101651132106781
0014,000034,34,0.0003802900027949363,0.00047930641449056566,0.4392220973968506,0.0005023787962272763,0.0005392505554482341,0.47013142704963684,0.013794446364045143,0.005261671729385853,0.007651505991816521,0.33997517824172974,0.004514658357948065,0.0019947958644479513,0.002377214143052697,0.21056121587753296
0014,000035,35,0.0003785100416280329,0.0004764175391755998,0.43943917751312256,0.0005050668842159212,0.0005404343828558922,0.4707183539867401,0.013890862464904785,0.005221172235906124,0.007697545923292637,0.3399825394153595,0.004972496069967747,0.0021130102686583996,0.0026134392246603966,0.21006546914577484
0014,000036,36,0.00037877800059504807,0.00047419045586138964,0.44084879755973816,0.0004936835612170398,0.0005261195474304259,0.4707666039466858,0.014239929616451263,0.005143547896295786,0.00784988608211279,0.3399820923805237,0.004750554915517569,0.0020571118220686913,0.0024937549605965614,0.21037520468235016
0014,000037,37,0.0003765126457437873,0.00047134305350482464,0.4407821297645569,0.0004996366915293038,0.0005353846354410052,0.4698297679424286,0.014203193597495556,0.005154730286449194,0.007839905098080635,0.34000393748283386,0.005021844524890184,0.002035707700997591,0.002643981482833624,0.2110871523618698
0014,000038,38,0.00037513975985348225,0.00047042511869221926,0.4403083622455597,0.0005051303887739778,0.0005441050161607563,0.47000664472579956,0.014131169766187668,0.005163609050214291,0.00780333299189806,0.3400063216686249,0.005086423363536596,0.0020777410827577114,0.0026804832741618156,0.21112000942230225
0014,000039,39,0.0003716555656865239,0.00046632453450001776,0.4396694302558899,0.0005077883834019303,0.0005473626079037786,0.4696532189846039,0.014067385345697403,0.005175684113055468,0.007777833845466375,0.3400095999240875,0.005267295986413956,0.002186003141105175,0.0027792644686996937,0.2109099179506302
0014,000040,40,0.00036902030115015805,0.0004665264277718961,0.4375965893268585,0.0005038626259192824,0.0005423746770247817,0.4693564772605896,0.014104336500167847,0.005165677517652512,0.007832914590835571,0.34002822637557983,0.0051356167532503605,0.002131415531039238,0.002713433699682355,0.21131645143032074
0014,000041,41,0.00036720611387863755,0.0004656951641663909,0.43661579489707947,0.000505170610267669,0.0005422474350780249,0.4697456955909729,0.014205321669578552,0.005114770494401455,0.007892802357673645,0.3400366008281708,0.005248853005468845,0.002176095964387059,0.0027714003808796406,0.21123208105564117
0014,000042,42,0.0003662159142550081,0.00046379875857383013,0.43651387095451355,0.00050264538731426,0.0005423305556178093,0.4696216583251953,0.01445086020976305,0.005062877666205168,0.008022335357964039,0.34003111720085144,0.00582317216321826,0.0022451842669397593,0.0030713160522282124,0.21106629073619843
0014,000043,43,0.00036449768231250346,0.0004599409003276378,0.4367002844810486,0.0005013831541873515,0.0005436986102722585,0.4686787724494934,0.014523892663419247,0.0050665149465203285,0.008057798258960247,0.3400116264820099,0.005874824710190296,0.002241225680336356,0.0031057109590619802,0.2117491215467453
0014,000044,44,0.0003645351389423013,0.0004593480844050646,0.4372861683368683,0.0005040775868110359,0.0005440136301331222,0.46961110830307007,0.014476809650659561,0.005086939316242933,0.008015511557459831,0.3400343060493469,0.006211872212588787,0.00233280542306602,0.003271447727456689,0.21155692636966705
0014,000045,45,0.0003644065582193434,0.0004560221859719604,0.43833407759666443,0.0004913714365102351,0.0005331806023605168,0.46873608231544495,0.014552227221429348,0.005092304665595293,0.008032618090510368,0.3400272727012634,0.0062432680279016495,0.0023539753165096045,0.003286300925537944,0.2121424823999405
0014,000046,46,0.000362878869054839,0.000454961002105847,0.43736836314201355,0.0004953087773174047,0.0005401333910413086,0.4680650532245636,0.014523496851325035,0.005106141325086355,0.008025920018553734,0.34005361795425415,0.006577686872333288,0.002401255536824465,0.0034858041908591986,0.21241331100463867
0014,000047,47,0.0003686356358230114,0.00046354642836377025,0.43594253063201904,0.0004930081195198,0.0005395083571784198,0.468097060918808,0.01459413394331932,0.00512151001021266,0.008074723184108734,0.3400227427482605,0.006599791813641787,0.002459438517689705,0.0034916407894343138,0.21275393664836884
0014,000048,48,0.0003706917923409492,0.0004664658918045461,0.4348876476287842,0.0004995492054149508,0.0005531758652068675,0.4664101004600525,0.01454854104667902,0.005117861554026604,0.00805611815303564,0.3400287330150604,0.006878228392452002,0.002447717823088169,0.003664520801976323,0.21374991536140442
0014,000049,49,0.0003676180785987526,0.0004696680116467178,0.4307960867881775,0.0005093647050671279,0.0005573469679802656,0.46769237518310547,0.014484995044767857,0.00510072149336338,0.008073060773313046,0.3400508761405945,0.006804684177041054,0.0024679929483681917,0.00360314198769629,0.21429438889026642
0014,000050,50,0.00037438562139868736,0.0004695767711382359,0.4349948465824127,0.0004981280071660876,0.0005307422252371907,0.4710669219493866,0.014794752933084965,0.005122221540659666,0.008178376592695713,0.34004315733909607,0.007118622772395611,0.002456709975376725,0.0037185121327638626,0.21448586881160736
0014,000051,51,0.0003731134638655931,0.00047089598956517875,0.43315058946609497,0.000488225428853184,0.0005282228230498731,0.4692661762237549,0.01466657966375351,0.005126911215484142,0.008138787001371384,0.34002822637557983,0.00719333766028285,0.0025144589599221945,0.003800820093601942,0.21381202340126038
0014,000052,52,0.0003675478510558605,0.00046914868289604783,0.43047258257865906,0.0004845905350521207,0.0005324942176230252,0.46680861711502075,0.014482766389846802,0.005091247148811817,0.008085056208074093,0.34001806378364563,0.007316235452890396,0.00264046061784029,0.003913685213774443,0.2130337804555893
0014,000053,53,0.00036330282455310225,0.00046774870133958757,0.4278869330883026,0.00048094562953338027,0.0005285758525133133,0.46686527132987976,0.014361605048179626,0.005082163028419018,0.008043690584599972,0.3400271236896515,0.007117939181625843,0.0027356320060789585,0.0038131640758365393,0.21259379386901855
0014,000054,54,0.0003579462645575404,0.00046505298814736307,0.42546436190605164,0.0004813855339307338,0.0005314458394423127,0.4650452136993408,0.014288458973169327,0.005070343613624573,0.00804559513926506,0.3400316536426544,0.006579972337931395,0.0026919071096926928,0.0035289665684103966,0.2124485969543457
0014,000055,55,0.0003573381982278079,0.0004690159985329956,0.42352283000946045,0.0004798628797288984,0.0005219854647293687,0.4673348665237427,0.014228813350200653,0.005106921773403883,0.008054578676819801,0.3400108218193054,0.006752276327461004,0.0026714398991316557,0.003580808639526367,0.2128211259841919
0014,000056,56,0.0003618141927290708,0.00047164669376797974,0.4249389171600342,0.00047850061673671007,0.0005197824793867767,0.4678308069705963,0.014384747482836246,0.00514422170817852,0.008104197680950165,0.33998918533325195,0.0066084591671824455,0.002568573923781514,0.0034913227427750826,0.2136543095111847
0014,000057,57,0.0003639457281678915,0.0004704782331828028,0.4271466135978699,0.00048217992298305035,0.0005188834038563073,0.4689592719078064,0.014353340491652489,0.005165922921150923,0.008050020784139633,0.3400065004825592,0.006679662503302097,0.002560561755672097,0.003509646514430642,0.21428048610687256
0014,000058,58,0.0003676026244647801,0.0004683124425355345,0.43082669377326965,0.0004765341873280704,0.0005079060210846364,0.47008997201919556,0.014615862630307674,0.00519228633493185,0.008147883228957653,0.33998918533325195,0.0067446245811879635,0.0025529656559228897,0.0035382432397454977,0.21421048045158386
0014,000059,59,0.0003667482815217227,0.0004651221097446978,0.43272602558135986,0.0004546594282146543,0.0004771585518028587,0.471674382686615,0.01474606804549694,0.005170355085283518,0.008203933015465736,0.3399883806705475,0.007339367642998695,0.0024634848814457655,0.003805624321103096,0.21526461839675903
0014,000060,60,0.0003615124733187258,0.0004624581488315016,0.43124130368232727,0.0004580576787702739,0.0004858091415371746,0.4709116518497467,0.014805663377046585,0.005149833858013153,0.008282472379505634,0.34001752734184265,0.0073205698281526566,0.0025448468513786793,0.0038176332600414753,0.21490100026130676
0014,000061,61,0.0003553270944394171,0.00046244231634773314,0.42726632952690125,0.0004491472791414708,0.0004836986481677741,0.46792933344841003,0.014726527035236359,0.005111674312502146,0.008307435549795628,0.34001949429512024,0.007119521964341402,0.0025038018357008696,0.0037653474137187004,0.21483267843723297
0014,000062,62,0.0003595752059482038,0.00047172949416562915,0.4241684675216675,0.00045978958951309323,0.0005040807300247252,0.4669148027896881,0.014737827703356743,0.0051155718974769115,0.008360392414033413,0.34001779556274414,0.008519107475876808,0.002817555097863078,0.004546967335045338,0.21335752308368683
0014,000063,63,0.00035892188316211104,0.00047677004477009177,0.4209699034690857,0.0004532941384240985,0.0004971139132976532,0.4668562710285187,0.014573999680578709,0.005125269293785095,0.008325846865773201,0.34001559019088745,0.008178786374628544,0.003192334435880184,0.004355596378445625,0.21200601756572723
0014,000064,64,0.00035579860559664667,0.00047525871195830405,0.4186651408672333,0.0004490241117309779,0.0004866911913268268,0.46938011050224304,0.014462298713624477,0.005136551801115274,0.008279741741716862,0.3400408923625946,0.008740033023059368,0.003649572841823101,0.004595568403601646,0.21029715240001678
0014,000065,65,0.00035689977812580764,0.00047810381511226296,0.4175817370414734,0.00044064276153221726,0.0004747717175632715,0.4692672789096832,0.014517128467559814,0.0051465765573084354,0.00831598974764347,0.3400491178035736,0.008049084804952145,0.0037729248870164156,0.004230202175676823,0.20924966037273407
0014,000066,66,0.0003553423739504069,0.0004807256336789578,0.41540101170539856,0.0004486595862545073,0.0004767558421008289,0.47137126326560974,0.014571220614016056,0.0051757534965872765,0.008391165174543858,0.3400549292564392,0.009501536376774311,0.004301580600440502,0.004938989877700806,0.20698724687099457
0014,000067,67,0.000354747346136719,0.00048204977065324783,0.4139282703399658,0.0004472530563361943,0.0004809489764738828,0.4699593186378479,0.01436547189950943,0.0052081383764743805,0.008288155309855938,0.3400486707687378,0.00842813216149807,0.004459361545741558,0.004420044366270304,0.2055315226316452
0014,000068,68,0.00035301619209349155,0.000481979368487373,0.4119226038455963,0.0004603334527928382,0.0004946978879161179,0.47012612223625183,0.014151135459542274,0.005232357885688543,0.008180465549230576,0.3400535583496094,0.008456132374703884,0.004622236825525761,0.004440156742930412,0.20394818484783173
0014,000069,69,0.0003510457172524184,0.00048282224452123046,0.4096563160419464,0.0004723503952845931,0.000515690422616899,0.4684537947177887,0.014023179188370705,0.005231269169598818,0.00814440380781889,0.3400232195854187,0.007040609139949083,0.004387779626995325,0.003724840469658375,0.20337645709514618
0014,000070,70,0.0003537143056746572,0.0004872220742981881,0.4093603491783142,0.0004996024072170258,0.0005402175593189895,0.4700636863708496,0.013910346664488316,0.005262201651930809,0.008093331940472126,0.3399558961391449,0.007430638186633587,0.004420124925673008,0.003912060987204313,0.20220454037189484
0014,000071,71,0.00035385842784307897,0.0004912232980132103,0.406808465719223,0.0005140542634762824,0.000557582126930356,0.46978074312210083,0.01362898014485836,0.005292191635817289,0.007997498847544193,0.3398965895175934,0.006776814814656973,0.004407104570418596,0.003576175542548299,0.20105691254138947
0014,000072,72,0.0003528697998262942,0.0004917334881611168,0.4052000641822815,0.0005329166888259351,0.0005868789739906788,0.468643456697464,0.013433082960546017,0.005270085763186216,0.007905649021267891,0.33989715576171875,0.00663377158343792,0.00418991269543767,0.0035386700183153152,0.20040057599544525
0014,000073,73,0.0003525612410157919,0.0004940330400131643,0.4034690260887146,0.0005515662487596273,0.0006016481784172356,0.4691827893257141,0.0133810518309474,0.0052439551800489426,0.007875213399529457,0.33992645144462585,0.005316100548952818,0.0038008680567145348,0.0028148856945335865,0.20034825801849365
0014,000074,74,0.0003541288315318525,0.0004981440724804997,0.40165022015571594,0.0005788502166979015,0.0006282678805291653,0.4702691435813904,0.013145224191248417,0.005238891579210758,0.007748404052108526,0.3399224281311035,0.006281092297285795,0.003917614929378033,0.003312724409624934,0.1991453468799591
0014,000075,75,0.00035541545366868377,0.0005031877080909908,0.4003332853317261,0.0005834366893395782,0.0006296841311268508,0.47050008177757263,0.013145041652023792,0.0052481843158602715,0.007781042717397213,0.339880108833313,0.005002315621823072,0.003663967829197645,0.0026421237271279097,0.19889149069786072
0014,000076,76,0.00035755542921833694,0.0005030935280956328,0.4011373221874237,0.00060229969676584,0.0006576748564839363,0.46930253505706787,0.013057158328592777,0.005246293265372515,0.007712696213275194,0.33987346291542053,0.004859895445406437,0.0033800466917455196,0.002579753752797842,0.19882647693157196
0014,000077,77,0.0003572697751224041,0.0005001996760256588,0.4025459289550781,0.0006245621480047703,0.0006832930375821888,0.4687556326389313,0.013126837089657784,0.005235148593783379,0.0077451737597584724,0.3398745656013489,0.0048174746334552765,0.0031672073528170586,0.0025622595567256212,0.1987348347902298
0014,000078,78,0.00035601400304585695,0.0004984349943697453,0.4031284749507904,0.0006466864724643528,0.0007047802791930735,0.469064861536026,0.0131356967613101,0.005237203557044268,0.007734332233667374,0.33987560868263245,0.005335525143891573,0.0031409047078341246,0.0028295402880758047,0.19819346070289612
0014,000079,79,0.0003583315701689571,0.0004989964654669166,0.4048616290092468,0.0006602620705962181,0.0007193268975242972,0.4694945216178894,0.013299239799380302,0.005253857001662254,0.007814615964889526,0.33984607458114624,0.005290787201374769,0.0031153124291449785,0.0028071042615920305,0.19758839905261993
0014,000080,80,0.00036121997982263565,0.0004999525262974203,0.4067668616771698,0.0006700982339680195,0.0007275072857737541,0.46937793493270874,0.013390574604272842,0.005287777166813612,0.00784201081842184,0.3398344814777374,0.004663842264562845,0.002741023898124695,0.0024687694385647774,0.19796639680862427
0014,000081,81,0.00036168080987408757,0.0005016612121835351,0.4058324098587036,0.0006901896558701992,0.0007522479863837361,0.46910586953163147,0.013271041214466095,0.005271718837320805,0.007803063839673996,0.3398166298866272,0.004805677104741335,0.002631162293255329,0.0025637634098529816,0.19789279997348785
0014,000082,82,0.0003558345197234303,0.0004998115473426878,0.40321484208106995,0.0007122957613319159,0.0007794553530402482,0.46847233176231384,0.013025932013988495,0.005214910954236984,0.007708215620368719,0.3398246467113495,0.004986525513231754,0.0025706212036311626,0.0026669884100556374,0.19775241613388062
0014,000083,83,0.00035423788358457386,0.000499485235195607,0.4024072587490082,0.0007195451762527227,0.0007854079594835639,0.4688657522201538,0.013000084087252617,0.005209812894463539,0.007705377414822578,0.3398151993751526,0.004733752459287643,0.0024812640622258186,0.002529939403757453,0.19776476919651031
0014,000084,84,0.0003558036114554852,0.0004978440119884908,0.40400493144989014,0.0007238845573738217,0.0007900974596850574,0.46854445338249207,0.013002585619688034,0.0052343145944178104,0.007682228460907936,0.3398212194442749,0.004687791224569082,0.0022114973980933428,0.0024847141467034817,0.1986340433359146
0014,000085,85,0.0003619670169427991,0.0004988548462279141,0.40732520818710327,0.0007392486440949142,0.00080096599413082,0.468438059091568,0.013166612014174461,0.005280487705022097,0.007713640108704567,0.3398261070251465,0.004971294663846493,0.0019552449230104685,0.0026294367853552103,0.20003677904605865
0014,000086,86,0.00036594917764887214,0.0004978678189218044,0.41069942712783813,0.0007493158336728811,0.000818797794636339,0.46770694851875305,0.013415446504950523,0.005329877138137817,0.007804575376212597,0.33982932567596436,0.006595233455300331,0.002053214702755213,0.00348162604495883,0.20229984819889069
0014,000087,87,0.00037177777267061174,0.0004989660228602588,0.4140203595161438,0.0007622000994160771,0.0008090520859695971,0.47220712900161743,0.013561294414103031,0.005346283316612244,0.007832515053451061,0.3398284912109375,0.005298878066241741,0.0020711582619696856,0.0027601670008152723,0.2030639797449112
0014,000088,88,0.000369336165022105,0.0004961260710842907,0.4138289988040924,0.0007413655403070152,0.0007978328503668308,0.4702487289905548,0.013558992184698582,0.005335620604455471,0.007849273271858692,0.33982521295547485,0.0053059933707118034,0.0020285719074308872,0.0028059317264705896,0.2036210149526596
0014,000089,89,0.00036285558599047363,0.0004966826527379453,0.4105850160121918,0.0007226102170534432,0.0007821150356903672,0.4692607522010803,0.01340827438980341,0.005277641583234072,0.007835930213332176,0.33985239267349243,0.005089175887405872,0.0019505394157022238,0.0027068783529102802,0.20367883145809174
0014,000090,90,0.0003543987695593387,0.0004957969067618251,0.40603354573249817,0.0007124058320187032,0.000785310345236212,0.46763840317726135,0.013238689862191677,0.005222185980528593,0.007824904285371304,0.3398524224758148,0.006264836527407169,0.0019604552071541548,0.003371185390278697,0.20259322226047516
0014,000091,91,0.00034812610829249024,0.0004933832678943872,0.40302804112434387,0.0006839422276243567,0.0007466616807505488,0.46811535954475403,0.012934371829032898,0.005192463286221027,0.007700943388044834,0.33984339237213135,0.005724020302295685,0.002134060487151146,0.003065272234380245,0.20165598392486572
0014,000092,92,0.00034556700848042965,0.0004935104516334832,0.40110307931900024,0.0006772962515242398,0.0007449161494150758,0.46772921085357666,0.012809069827198982,0.005183638539165258,0.007654784247279167,0.33984148502349854,0.005423952825367451,0.002311793388798833,0.002921202452853322,0.20079000294208527
0014,000093,93,0.0003449839714448899,0.0004930553259328008,0.40102359652519226,0.0006643793312832713,0.0007237918325699866,0.46828940510749817,0.012832575477659702,0.005210810340940952,0.007664158940315247,0.33982357382774353,0.004977848380804062,0.0024514924734830856,0.0026629234198480844,0.20006397366523743
0014,000094,94,0.000346428802004084,0.0004917931510135531,0.40261292457580566,0.0006591108394786716,0.0007155886269174516,0.4695890545845032,0.012767404317855835,0.0052169859409332275,0.007593099493533373,0.3398214280605316,0.004940709564834833,0.0025553330779075623,0.002627598587423563,0.19941924512386322
0014,000095,95,0.0003480779123492539,0.0004914117162115872,0.4038518965244293,0.0006636803736910224,0.0007154495688155293,0.4698704481124878,0.012841806747019291,0.005234200041741133,0.007603644393384457,0.33982905745506287,0.005209729075431824,0.002676632022485137,0.0027584817726165056,0.19851401448249817
0014,000096,96,0.0003490617382340133,0.00048784061800688505,0.40605711936950684,0.000647922046482563,0.000683607708197087,0.47158366441726685,0.012958325445652008,0.005216030869632959,0.007642408832907677,0.3398372232913971,0.004595511592924595,0.0022591627202928066,0.002402705140411854,0.19911766052246094
0014,000097,97,0.00034954489092342556,0.0004881372151430696,0.4054935872554779,0.000669653934892267,0.0007208596216514707,0.4693153500556946,0.01284314226359129,0.005182370077818632,0.00756156537681818,0.3398650288581848,0.004552419763058424,0.0020031360909342766,0.002403732156381011,0.19994498789310455
0014,000098,98,0.00034699018578976393,0.0004849089018534869,0.40489187836647034,0.0006840552669018507,0.0007309277425520122,0.4704815745353699,0.013041723519563675,0.00517339538782835,0.0076901414431631565,0.33988144993782043,0.004563927184790373,0.0019312156364321709,0.002397789154201746,0.20039568841457367
0014,000099,99,0.00034776932443492115,0.00048282925854437053,0.4058911204338074,0.0006946214125491679,0.0007547385757789016,0.4687212109565735,0.013130426406860352,0.0051523298025131226,0.007708487566560507,0.33989909291267395,0.004770881962031126,0.0019026623340323567,0.0025544080417603254,0.20045988261699677
0014,000100,100,0.0003506976936478168,0.0004851014236919582,0.40654516220092773,0.0007031249697320163,0.0007714693201705813,0.4676743745803833,0.013316788710653782,0.005148471333086491,0.007808570750057697,0.3399031162261963,0.004849893040955067,0.0018777962541207671,0.0026279245503246784,0.2005792260169983
0014,000101,101,0.0003542530466802418,0.0004877875908277929,0.4078952372074127,0.0006988562527112663,0.0007553048199042678,0.4688800275325775,0.01335794199258089,0.005135086830705404,0.007810450159013271,0.339883029460907,0.0053758518770337105,0.0017683780752122402,0.002835123799741268,0.2020195871591568
0014,000102,102,0.0003522653132677078,0.000490178819745779,0.40455302596092224,0.0007179953972809017,0.0007761096931062639,0.4690302014350891,0.013296258635818958,0.005111170932650566,0.007846946828067303,0.3398728370666504,0.005407297518104315,0.001845493447035551,0.0028484470676630735,0.20311316847801208
0014,000103,103,0.00034887934452854097,0.0004942663945257664,0.40134337544441223,0.000724943121895194,0.0007801544852554798,0.46957364678382874,0.013154170475900173,0.005086605902761221,0.00783198606222868,0.3398778438568115,0.005485073663294315,0.0017856983467936516,0.0029124899301677942,0.20282751321792603
0014,000104,104,0.0003468081704340875,0.00048949004849419,0.4013189673423767,0.0007063286611810327,0.0007685800665058196,0.4683803617954254,0.013027938082814217,0.005087373778223991,0.007730776444077492,0.33988648653030396,0.0048905787989497185,0.0018454802921041846,0.002607383532449603,0.20287184417247772
0014,000105,105,0.00035254200338386,0.0004931871662847698,0.4036843478679657,0.0006994036957621574,0.000769524835050106,0.4667598307132721,0.01328691653907299,0.005106847267597914,0.007849743589758873,0.33986151218414307,0.00540825305506587,0.0018473566742613912,0.002902468666434288,0.2038535475730896
0016,000002,2,0.00031855280394665897,0.0004005930677521974,0.4406416416168213,0.000522198504768312,0.0005510805640369654,0.47210508584976196,0.012023287825286388,0.002488820580765605,0.006698705721646547,0.33996960520744324,0.004386563319712877,0.0009080186136998236,0.002298613078892231,0.2098328024148941
0016,000003,3,0.0003295990463811904,0.0004155873612035066,0.43879202008247375,0.0005170226213522255,0.0005476180813275278,0.47192496061325073,0.01201323140412569,0.0033678929321467876,0.006730210967361927,0.3399292528629303,0.004270823206752539,0.0012175710871815681,0.00223900331184268,0.20994813740253448
0016,000004,4,0.0003367706958670169,0.0004236910317558795,0.43833908438682556,0.0005134324892424047,0.0005447808071039617,0.47174927592277527,0.01219729334115982,0.003972191829234362,0.00684753293171525,0.3399149477481842,0.004313277546316385,0.0014228561194613576,0.0022610987070947886,0.21006685495376587
0016,000005,5,0.00034529250115156174,0.00043326817103661597,0.43785446882247925,0.0005073418142274022,0.0005422531976364553,0.47063639760017395,0.012287535704672337,0.004456806927919388,0.006901118904352188,0.33992183208465576,0.004551343619823456,0.001546944840811193,0.0023890063166618347,0.2105911672115326
0016,000006,6,0.000349357578670606,0.00043807743350043893,0.4371851682662964,0.000509286648593843,0.0005438121734187007,0.4709731340408325,0.012378683313727379,0.0048515270464122295,0.006961166858673096,0.33994030952453613,0.004644096828997135,0.0016479049809277058,0.0024463944137096405,0.21093249320983887
0016,000007,7,0.00035410793498158455,0.00044183345744386315,0.4374128580093384,0.0005136854597367346,0.0005518921534530818,0.47033679485321045,0.012498096562922001,0.005165830720216036,0.007015069480985403,0.3399606943130493,0.004956355784088373,0.001803969731554389,0.002618900965899229,0.21066510677337646
0016,000008,8,0.0003582167555578053,0.0004443580692168325,0.4377746284008026,0.000505247269757092,0.0005444244598038495,0.4695678949356079,0.012707092799246311,0.005446780938655138,0.00711341155692935,0.33998286724090576,0.005106091499328613,0.0018413449870422482,0.002702455734834075,0.21104566752910614
0016,000009,9,0.00036153613473288715,0.00044879084452986717,0.4367245137691498,0.0005073826177977026,0.000546458933968097,0.47073569893836975,0.012735976837575436,0.005662401672452688,0.007162150926887989,0.3400028347969055,0.005344442091882229,0.001954425359144807,0.002831035293638706,0.21070073544979095
0016,000010,10,0.00036330727743916214,0.00045508367475122213,0.43486684560775757,0.0005046096630394459,0.0005455843638628721,0.47038888931274414,0.012549038045108318,0.005850085988640785,0.007113194093108177,0.3399919867515564,0.005141959525644779,0.002044576918706298,0.002731890184804797,0.21049019694328308
0016,000011,11,0.0003645197721198201,0.00045811253949068487,0.43395179510116577,0.0005020095850341022,0.0005392667953856289,0.47075334191322327,0.012432748451828957,0.005995733663439751,0.007075692061334848,0.33997657895088196,0.005090654827654362,0.002155564958229661,0.002696750685572624,0.20994985103607178
0016,000012,12,0.000365525484085083,0.0004619855899363756,0.43218767642974854,0.0004970277077518404,0.0005354133900254965,0.47014203667640686,0.01226795744150877,0.00614043278619647,0.007015964947640896,0.3399696946144104,0.004892556928098202,0.0022534464951604605,0.002590840682387352,0.20945245027542114
0016,000013,13,0.0003659496724139899,0.00046416884288191795,0.4312024414539337,0.0004959201323799789,0.0005329492269083858,0.46959957480430603,0.01212830375880003,0.006238558795303106,0.006951988209038973,0.3399749994277954,0.004126428626477718,0.0021877321414649487,0.0021870366763323545,0.20957490801811218
0016,000014,14,0.00036491898936219513,0.00046371377538889647,0.4300956428050995,0.0005048337043263018,0.0005483476561494172,0.4683375656604767,0.012114590033888817,0.006319268140941858,0.006953580304980278,0.3399931490421295,0.004148783162236214,0.0021843311842530966,0.002207269659265876,0.20961682498455048
0016,000015,15,0.00036605249624699354,0.0004666464519686997,0.42895394563674927,0.0005046459846198559,0.0005402140668593347,0.4707931876182556,0.012174456380307674,0.006384657230228186,0.007002735044807196,0.3399808406829834,0.004058887250721455,0.00202893721871078,0.002139356220141053,0.21014641225337982
0016,000016,16,0.00036585776251740754,0.00046705492422915995,0.4287833273410797,0.0005104158772155643,0.0005470018950290978,0.47036319971084595,0.012105485424399376,0.006415781565010548,0.006967362016439438,0.33999398350715637,0.004353638738393784,0.0020985391456633806,0.0023007739800959826,0.2097608745098114
0016,000017,17,0.0003669925208669156,0.00046811896027065814,0.42876312136650085,0.0005046820151619613,0.0005415433552116156,0.46997547149658203,0.012136760167777538,0.006468057166785002,0.006976833567023277,0.34000200033187866,0.003975871950387955,0.0020704655908048153,0.0021046071778982878,0.20969825983047485
0016,000018,18,0.0003678603679873049,0.0004697796539403498,0.4279589354991913,0.0005040417308919132,0.0005390529986470938,0.47036781907081604,0.012155469506978989,0.006497587077319622,0.006999535020440817,0.3400048315525055,0.0039839171804487705,0.002002223627641797,0.002102113561704755,0.20992915332317352
0016,000019,19,0.000367908418411389,0.00047065565013326705,0.427830308675766,0.0005094342632219195,0.0005489044706337154,0.46941155195236206,0.01214276161044836,0.006508662831038237,0.0069923847913742065,0.34000375866889954,0.004115238320082426,0.0020229194778949022,0.002180350013077259,0.20988307893276215
0016,000020,20,0.00037021187017671764,0.0004722987941931933,0.4280944764614105,0.0005074641085229814,0.0005414992338046432,0.4707575738430023,0.012118074111640453,0.006528226658701897,0.0069718617014586926,0.34000468254089355,0.003939823247492313,0.0019983239471912384,0.002078320598229766,0.20999930799007416
0016,000021,21,0.00037041897303424776,0.00047259486746042967,0.4282117784023285,0.0005069082253612578,0.0005412001628428698,0.47074633836746216,0.012137188576161861,0.006540664006024599,0.006977595388889313,0.3400099575519562,0.004017992410808802,0.0020124127622693777,0.002120282268151641,0.20983073115348816
0016,000022,22,0.0003716496576089412,0.0004745165933854878,0.4279630482196808,0.0005040357355028391,0.0005392227321863174,0.4704677164554596,0.012153738178312778,0.006549601908773184,0.00698452303186059,0.340008944272995,0.004195297136902809,0.002076587174087763,0.0022171984892338514,0.20951958000659943
0016,000023,23,0.0003705146664287895,0.00047403250937350094,0.4275667369365692,0.0005012325709685683,0.000536062812898308,0.470271497964859,0.012142621912062168,0.006572030950337648,0.006994317285716534,0.3400062620639801,0.0038978317752480507,0.002064161002635956,0.0020609647035598755,0.20949485898017883
0016,000024,24,0.000370339083019644,0.0004743561730720103,0.42723220586776733,0.0005037026712670922,0.0005418845103122294,0.4697633683681488,0.012089284136891365,0.006557364482432604,0.006974819116294384,0.34001490473747253,0.0038715405389666557,0.001998670632019639,0.0020532412454485893,0.20973482728004456
0016,000025,25,0.00037064633215777576,0.00047448850818909705,0.4272439181804657,0.0005120605346746743,0.0005469254683703184,0.47068312764167786,0.012189296074211597,0.006567668169736862,0.007027407176792622,0.3400169014930725,0.004340466111898422,0.002101502614095807,0.0022905285004526377,0.20929236710071564
0016,000026,26,0.00037209803122095764,0.00047564011765643954,0.42776620388031006,0.0005061031552031636,0.0005384933319874108,0.4711654484272003,0.01210432406514883,0.006555429194122553,0.006971057504415512,0.34001654386520386,0.0040678903460502625,0.0020770388655364513,0.0021431725472211838,0.2092781513929367
0016,000027,27,0.00037357487599365413,0.0004783343174494803,0.42733141779899597,0.0005033286870457232,0.0005354489549063146,0.47137966752052307,0.012189319357275963,0.006572575308382511,0.007023178040981293,0.3400234282016754,0.0039126137271523476,0.0020107796881347895,0.002060149097815156,0.20955316722393036
0016,000028,28,0.00037497683661058545,0.00047884302330203354,0.42770346999168396,0.0005051548941992223,0.0005374926258809865,0.47073039412498474,0.012193223461508751,0.0065818470902740955,0.007019619923084974,0.34003791213035583,0.0039551169611513615,0.0019392399117350578,0.0020835273899137974,0.20978865027427673
0016,000029,29,0.0003732508630491793,0.00047728835488669574,0.4275621771812439,0.0005084028816781938,0.0005416814819909632,0.4709279537200928,0.012172484770417213,0.006578358821570873,0.007013524416834116,0.3400176763534546,0.004072633571922779,0.0020057198125869036,0.0021499863360077143,0.2095022201538086
0016,000030,30,0.0003744416171684861,0.00047901467769406736,0.42772653698921204,0.000506639014929533,0.0005428657750599086,0.47025880217552185,0.012182480655610561,0.0065701729618012905,0.007014153990894556,0.34001830220222473,0.003940223250538111,0.0019977896008640528,0.0020861164666712284,0.2094704806804657
0016,000031,31,0.0003745246503967792,0.000478906964417547,0.42768749594688416,0.0005059742252342403,0.0005397886270657182,0.47079071402549744,0.012257643043994904,0.006564635783433914,0.007061024662107229,0.34001559019088745,0.003995740786194801,0.00195597717538476,0.002102978527545929,0.2097175121307373
0016,000032,32,0.0003749080060515553,0.0004796051071025431,0.42768338322639465,0.000503484858199954,0.0005361156072467566,0.4710210859775543,0.01224986556917429,0.0065677049569785595,0.007053470704704523,0.34001678228378296,0.003973278682678938,0.0019321307772770524,0.0020892333704978228,0.20988990366458893
0016,000033,33,0.00037552841240540147,0.00048074504593387246,0.4276263117790222,0.0005035314825363457,0.0005363370873965323,0.4709200859069824,0.012266522273421288,0.0065758866257965565,0.0070658400654792786,0.34002426266670227,0.004004928283393383,0.001935913460329175,0.002111261710524559,0.20995934307575226
0016,000034,34,0.00037668657023459673,0.0004811664402950555,0.42780354619026184,0.000505598378367722,0.0005403227987699211,0.4705427587032318,0.012322141788899899,0.0065946513786911964,0.007095703389495611,0.3400196433067322,0.003985885065048933,0.00192322488874197,0.002105055609717965,0.2100919783115387
0016,000035,35,0.0003764744324143976,0.00048129179049283266,0.42802804708480835,0.0005052905180491507,0.0005399308283813298,0.47045108675956726,0.012279976159334183,0.006585340015590191,0.007065242622047663,0.3400125801563263,0.004031426273286343,0.00194334308616817,0.002131476765498519,0.2099892497062683
0016,000036,36,0.00037763293948955834,0.00048313438310287893,0.42767417430877686,0.0005021725664846599,0.0005363950622268021,0.4706220030784607,0.012268456630408764,0.006568028591573238,0.0070660533383488655,0.34002622961997986,0.003933909814804792,0.001948560937307775,0.0020786605309695005,0.21002501249313354
0016,000037,37,0.0003778971149586141,0.0004827785596717149,0.42808571457862854,0.0005036487127654254,0.000539751723408699,0.47001850605010986,0.012315012514591217,0.006570980418473482,0.007081037387251854,0.34003207087516785,0.00404146546497941,0.001944921212270856,0.002136949449777603,0.2101319134235382
0016,000038,38,0.0003770810435526073,0.00048210396198555827,0.4277058243751526,0.0005058402894064784,0.0005388700519688427,0.47086814045906067,0.012289084494113922,0.006559217814356089,0.007073402404785156,0.34002670645713806,0.004359546583145857,0.0020095231011509895,0.002299039624631405,0.2098146229982376
0016,000039,39,0.00037810037611052394,0.00048321468057110906,0.42787525057792664,0.0005007544532418251,0.0005367053090594709,0.4702645540237427,0.012315690517425537,0.006568283308297396,0.0070895361714065075,0.3400235176086426,0.004340645857155323,0.0020606510806828737,0.002295651938766241,0.20963840186595917
0016,000040,40,0.00037894793786108494,0.00048305452219210565,0.4286622703075409,0.000500645546708256,0.0005331829888746142,0.4713936746120453,0.01234112586826086,0.006578251253813505,0.007089862134307623,0.34001561999320984,0.0046469480730593204,0.0021912308875471354,0.002446145284920931,0.20904991030693054
0016,000041,41,0.0003783149877563119,0.0004835322324652225,0.4282839298248291,0.0004923299420624971,0.0005260768230073154,0.47102606296539307,0.012330873869359493,0.006575255189090967,0.007098106667399406,0.34002137184143066,0.004004280548542738,0.0020537348464131355,0.0021138417068868876,0.20934180915355682
0016,000042,42,0.0003793658979702741,0.000485629920149222,0.4279341995716095,0.000502418726682663,0.0005379228387027979,0.4702422618865967,0.01230656635016203,0.006570668891072273,0.007078113965690136,0.3400209844112396,0.004253490827977657,0.002075459808111191,0.00225197640247643,0.20913520455360413
0016,000043,43,0.0003797646495513618,0.0004853217687923461,0.4279937446117401,0.0005023802514187992,0.0005375980399549007,0.4707892835140228,0.012217776849865913,0.006577007472515106,0.007023259531706572,0.34002938866615295,0.00410076417028904,0.0020642485469579697,0.0021666758693754673,0.20908309519290924
0016,000044,44,0.0003793916548602283,0.00048476961092092097,0.4275943636894226,0.0005077507812529802,0.0005436641513369977,0.4703693687915802,0.012244775891304016,0.00658834632486105,0.007052714936435223,0.3400404751300812,0.0041571627371013165,0.0021149334497749805,0.0022013213019818068,0.20886699855327606
0016,000045,45,0.00038017789484001696,0.00048437880468554795,0.42815104126930237,0.0005096332170069218,0.0005449248710647225,0.4704922139644623,0.012209737673401833,0.006603000685572624,0.007019038312137127,0.34003880620002747,0.00417628837749362,0.002109534339979291,0.0022101011127233505,0.20883987843990326
0016,000046,46,0.00037951505510136485,0.0004842230991926044,0.42785221338272095,0.0005134071107022464,0.0005505889421328902,0.47026360034942627,0.01219791267067194,0.006609233561903238,0.00701728742569685,0.3400307893753052,0.004224400036036968,0.0021507630590349436,0.0022359457798302174,0.2086223065853119
0016,000047,47,0.0003803994331974536,0.00048525482998229563,0.4279135465621948,0.0005149760982021689,0.0005560169811360538,0.4695565402507782,0.012220626696944237,0.006601122207939625,0.007014624774456024,0.3400210440158844,0.0042180223390460014,0.002146028447896242,0.0022404103074222803,0.2084835320711136
0016,000048,48,0.0003796541423071176,0.0004842131456825882,0.42787712812423706,0.0005183087196201086,0.0005517192184925079,0.4706881642341614,0.012176058255136013,0.006602214649319649,0.007008588407188654,0.3400212824344635,0.003976449836045504,0.0020672616083174944,0.0020961707923561335,0.20853972434997559
0016,000049,49,0.00038010242860764265,0.00048663877532817423,0.42741137742996216,0.000520528934430331,0.0005583790480159223,0.4698762893676758,0.012164554558694363,0.006609585136175156,0.007012384012341499,0.3400275707244873,0.00387932057492435,0.0019646764267235994,0.002052297117188573,0.2089475393295288
0016,000050,50,0.0003791523922700435,0.00048502840218134224,0.4274645745754242,0.0005215381970629096,0.0005553908413276076,0.47140583395957947,0.012193852104246616,0.006601841188967228,0.007024472113698721,0.34003201127052307,0.004033114295452833,0.0019320655846968293,0.0021221833303570747,0.20904767513275146
0016,000051,51,0.0003789663896895945,0.0004856311425101012,0.4273110628128052,0.0005261696642264724,0.0005670550744980574,0.46975135803222656,0.012205598875880241,0.006599655374884605,0.007030018139630556,0.34002602100372314,0.004011241719126701,0.0019404224585741758,0.002127324230968952,0.20905886590480804
0016,000052,52,0.00037898021400906146,0.00048676846199668944,0.42703476548194885,0.0005269580869935453,0.0005686068325303495,0.46935567259788513,0.012240326032042503,0.006601889152079821,0.007060694042593241,0.34001967310905457,0.004087219480425119,0.0019422469194978476,0.0021677855402231216,0.20921826362609863
0016,000053,53,0.0003807909379247576,0.0004875970771536231,0.42741474509239197,0.0005251570837572217,0.0005615770351141691,0.47037237882614136,0.01216172520071268,0.006580790970474482,0.007001490797847509,0.3400212824344635,0.0039193094708025455,0.0018916735425591469,0.0020683561451733112,0.20948196947574615
0016,000054,54,0.00038048200076445937,0.0004865613591391593,0.42750754952430725,0.0005242134793661535,0.000558775442186743,0.4707612097263336,0.012197982519865036,0.006591499783098698,0.007016576360911131,0.34003886580467224,0.003896750044077635,0.0018890098435804248,0.002054182579740882,0.20957013964653015
0016,000055,55,0.0003801689308602363,0.00048714049626141787,0.4271893799304962,0.0005202906904742122,0.0005561502184718847,0.4708811640739441,0.01218285970389843,0.006585446186363697,0.007015011738985777,0.34003138542175293,0.004133667331188917,0.0019526997348293662,0.0021817453671246767,0.20941738784313202
0016,000056,56,0.000379779317881912,0.0004865449736826122,0.4268566370010376,0.0005172612145543098,0.0005533800576813519,0.4705880284309387,0.01220210362225771,0.006586010102182627,0.007036189083009958,0.34002819657325745,0.004003437235951424,0.001931453705765307,0.0021160230971872807,0.2095233052968979
0016,000057,57,0.00038090997259132564,0.0004861531197093427,0.4278419017791748,0.0005165160982869565,0.0005535021773539484,0.4702964425086975,0.012242493219673634,0.006591098383069038,0.007034109439700842,0.34001675248146057,0.0040266141295433044,0.001950457226485014,0.002129314234480262,0.20946331322193146
0016,000058,58,0.000381182850105688,0.00048604721087031066,0.42794403433799744,0.0005192839307710528,0.0005575558170676231,0.4700452983379364,0.012250472791492939,0.006583419628441334,0.007037707604467869,0.340027779340744,0.004172608256340027,0.0019747752230614424,0.0022080084308981895,0.20947284996509552
0016,000059,59,0.00038179545663297176,0.0004881586937699467,0.42750677466392517,0.00051798892673105,0.0005510923219844699,0.47092878818511963,0.012263570912182331,0.006575729697942734,0.007053750567138195,0.3400203287601471,0.004302166868001223,0.0020187566988170147,0.0022679544053971767,0.20920617878437042
0016,000060,60,0.0003826505853794515,0.0004890855052508414,0.42775148153305054,0.000513365026563406,0.0005516355158761144,0.47045567631721497,0.012288241647183895,0.006578953005373478,0.007069422863423824,0.34003591537475586,0.004348209127783775,0.0019108898704871535,0.002292448887601495,0.2098577916622162
0016,000061,61,0.0003822117578238249,0.0004882353823632002,0.4278750717639923,0.0005195433041080832,0.0005514049553312361,0.4715900421142578,0.012345440685749054,0.006573769263923168,0.0071028778329491615,0.34002476930618286,0.004262630362063646,0.0019606100395321846,0.0022416573483496904,0.20956742763519287
0016,000062,62,0.0003832787333521992,0.0004883782239630818,0.428478866815567,0.0005110821803100407,0.0005449975142255425,0.47092658281326294,0.01231126207858324,0.006570327095687389,0.007068651728332043,0.3400271236896515,0.004117138218134642,0.001946304808370769,0.0021681529469788074,0.20974203944206238
0016,000063,63,0.0003830465138889849,0.0004894135054200888,0.42786896228790283,0.0005133819067850709,0.0005499148974195123,0.4701598882675171,0.012296520173549652,0.006566942669451237,0.0070716822519898415,0.34003233909606934,0.004126138519495726,0.001959881279617548,0.0021842855494469404,0.209676131606102
0016,000064,64,0.00038320684689097106,0.000488142017275095,0.42868080735206604,0.0005113798542879522,0.0005412015016190708,0.4720117151737213,0.012332022190093994,0.006565772462636232,0.007071911823004484,0.340040922164917,0.004452425986528397,0.002056971425190568,0.0023327188100665808,0.20935338735580444
0016,000065,65,0.0003820284327957779,0.00048677530139684677,0.42853718996047974,0.0005046461592428386,0.000536722072865814,0.471322238445282,0.012362286448478699,0.006571203004568815,0.0070978193543851376,0.34003618359565735,0.004590797238051891,0.0021625712979584932,0.0024227153044193983,0.2088537961244583
0016,000066,66,0.00038286863127723336,0.0004893416189588606,0.4277302324771881,0.0005049362080171704,0.0005432310281321406,0.4699392318725586,0.012362766079604626,0.006556461099535227,0.007110514212399721,0.3400276005268097,0.0043337964452803135,0.0021780238021165133,0.002298269420862198,0.20864272117614746
0016,000067,67,0.00038408892578445375,0.0004880674241576344,0.42889824509620667,0.0005032328772358596,0.000538528838660568,0.47032585740089417,0.01238356065005064,0.006558253895491362,0.007094113156199455,0.34002766013145447,0.003958706744015217,0.002048393478617072,0.0020928082522004843,0.20894266664981842
0016,000068,68,0.0003845749597530812,0.0004897303297184408,0.4283476173877716,0.0005119637935422361,0.0005456904764287174,0.47078004479408264,0.012345929630100727,0.006544014904648066,0.007085789460688829,0.34003886580467224,0.004114240873605013,0.0019965763203799725,0.0021706658881157637,0.20912013947963715
0016,000069,69,0.0003850527573376894,0.0004895127494819462,0.42875581979751587,0.0005136390682309866,0.0005491296760737896,0.4708347022533417,0.012346477247774601,0.006546450313180685,0.007079039700329304,0.3400384485721588,0.004158721771091223,0.0020305346697568893,0.0021985084749758244,0.20902757346630096
0016,000070,70,0.0003864337340928614,0.0004900090279988945,0.42943045496940613,0.0005164817557670176,0.0005536508397199214,0.46991539001464844,0.012352441437542439,0.006554161664098501,0.007066763937473297,0.3400542438030243,0.004286380484700203,0.0020694441627711058,0.0022705800365656614,0.2088402509689331
0016,000071,71,0.00038532703183591366,0.0004888215917162597,0.42917659878730774,0.0005130671779625118,0.0005493726930581033,0.4702429473400116,0.012272190302610397,0.00656553590670228,0.0070314910262823105,0.34003475308418274,0.003820799058303237,0.0019270193297415972,0.002017280086874962,0.20938092470169067
0016,000072,72,0.00038597159436903894,0.0004890541895292699,0.42954254150390625,0.0005188293289393187,0.0005510036717168987,0.471185564994812,0.012245014309883118,0.006565713323652744,0.007012714631855488,0.3400367200374603,0.004075076896697283,0.0018556361319497228,0.002145260339602828,0.2097509503364563
0016,000073,73,0.0003862920275423676,0.0004899981431663036,0.4294852614402771,0.0005186002235859632,0.0005549929337576032,0.4703243672847748,0.012263399548828602,0.006575276143848896,0.007023883517831564,0.34002798795700073,0.0040840525180101395,0.0018082725582644343,0.002158265095204115,0.2102859765291214
0016,000074,74,0.0003857053234241903,0.0004882400971837342,0.43002989888191223,0.0005236777360551059,0.0005633095861412585,0.46976548433303833,0.012261799536645412,0.006591223180294037,0.007017925381660461,0.34002330899238586,0.00418191310018301,0.0018517848802730441,0.002214711392298341,0.21005570888519287
0016,000075,75,0.0003852439403999597,0.0004881196073256433,0.42957913875579834,0.0005158212152309716,0.0005495786317624152,0.4710036516189575,0.012240109033882618,0.00659564696252346,0.007011949550360441,0.34002164006233215,0.004052237141877413,0.0018971326062455773,0.0021357242949306965,0.20987647771835327
0016,000076,76,0.00038578419480472803,0.00048812091699801385,0.42957085371017456,0.0005117617547512054,0.0005435925559140742,0.4710160791873932,0.012263393960893154,0.006607904098927975,0.007017995230853558,0.3400416076183319,0.0039532664231956005,0.0019041543127968907,0.002083644736558199,0.20988298952579498
0016,000077,77,0.00038572074845433235,0.0004892972647212446,0.42931005358695984,0.0005086964229121804,0.0005420881207101047,0.4708443880081177,0.01225726306438446,0.006595680955797434,0.007025175727903843,0.3400174379348755,0.0039419918321073055,0.0019157503265887499,0.0020780388731509447,0.209901824593544
0016,000078,78,0.0003853044181596488,0.0004890990094281733,0.429004043340683,0.0005057572852820158,0.0005395080079324543,0.4705628454685211,0.012164476327598095,0.006578190252184868,0.006964484695345163,0.34002697467803955,0.0038570996839553118,0.0018224655650556087,0.0020333363208919764,0.2104668766260147
0016,000079,79,0.00038591926568187773,0.0004896460450254381,0.42926257848739624,0.0005120778805576265,0.0005483192508108914,0.4705507457256317,0.012230319902300835,0.006578867323696613,0.0070099374279379845,0.3400205671787262,0.004140894860029221,0.0018809862667694688,0.0021844205912202597,0.21034298837184906
0016,000080,80,0.00038477228372357786,0.0004892035503871739,0.4289654493331909,0.00050796550931409,0.0005452089826576412,0.46959179639816284,0.012192223221063614,0.006576604209840298,0.006989184767007828,0.34004300832748413,0.0039789858274161816,0.0018216322641819715,0.002108201617375016,0.21079786121845245
0016,000081,81,0.0003853583475574851,0.0004889717674814165,0.42941856384277344,0.0005122522707097232,0.0005474501522257924,0.470583438873291,0.012223361060023308,0.006573209073394537,0.006998733151704073,0.3400488793849945,0.004033477045595646,0.001816861447878182,0.0021301936358213425,0.21108753979206085
0016,000082,82,0.0003856294206343591,0.0004893796285614371,0.4294682741165161,0.0005098015535622835,0.0005428427248261869,0.4707673490047455,0.0122837508097291,0.006583609152585268,0.0070321266539394855,0.34004834294319153,0.003936719615012407,0.0018134132260456681,0.0020740015897899866,0.21135295927524567
0016,000083,83,0.0003867823106702417,0.0004904645029455423,0.4294849634170532,0.0005054912762716413,0.0005377210327424109,0.47125351428985596,0.012272663414478302,0.006586073897778988,0.007026259787380695,0.340038925409317,0.004195377696305513,0.0018649030243977904,0.0022105833049863577,0.2112245410680771
0016,000084,84,0.00038747178041376173,0.0004907798720523715,0.4296856224536896,0.0005008495063520968,0.000533522863406688,0.4706505537033081,0.012339472770690918,0.006590886041522026,0.00706415856257081,0.34004080295562744,0.004367212299257517,0.0019339899299666286,0.002305254340171814,0.2109236717224121
0016,000085,85,0.00038835802115499973,0.0004925878602080047,0.4296073913574219,0.0004952203598804772,0.0005274806753732264,0.4712493419647217,0.012277490459382534,0.0065938010811805725,0.007027892395853996,0.34004515409469604,0.0046298922970891,0.0020566058810800314,0.0024420185945928097,0.2103646844625473
0016,000086,86,0.00038898218190297484,0.0004921955987811089,0.4301196038722992,0.0004895908641628921,0.0005195290432311594,0.47097986936569214,0.01226902473717928,0.006598053500056267,0.0070166997611522675,0.3400472402572632,0.003855220740661025,0.001996457576751709,0.002032977994531393,0.2104610949754715
0016,000087,87,0.00038835962186567485,0.0004914998426102102,0.4298686683177948,0.0004868915129918605,0.00051910150796175,0.47075605392456055,0.012337439693510532,0.006585708819329739,0.007051569875329733,0.34003713726997375,0.0038332161493599415,0.0018839748809114099,0.0020213271491229534,0.2109878808259964
0016,000088,88,0.0003899727889802307,0.0004927525878883898,0.43048998713493347,0.0004931205185130239,0.0005224579363130033,0.4713500142097473,0.01228276640176773,0.006566585041582584,0.007007839158177376,0.34003928303718567,0.0041146487928926945,0.0019371919333934784,0.002164221601560712,0.21096530556678772
0016,000089,89,0.00039008341263979673,0.0004918367485515773,0.43085768818855286,0.0004895503516308963,0.0005193848628550768,0.47137415409088135,0.012318069115281105,0.006586878094822168,0.007028021849691868,0.3400324881076813,0.004073436837643385,0.0019446412334218621,0.0021458552218973637,0.21093221008777618
0016,000090,90,0.00039030786138027906,0.0004921609652228653,0.43120288848876953,0.0004838851746171713,0.0005144097376614809,0.47116485238075256,0.012369840405881405,0.006592452060431242,0.007057363633066416,0.34003451466560364,0.004131163004785776,0.0019073771545663476,0.0021720253862440586,0.21136491000652313
0016,000091,91,0.00039165481575764716,0.0004928652197122574,0.4314666986465454,0.0004888267139904201,0.0005207349313423038,0.4705566167831421,0.012370631098747253,0.006604203954339027,0.0070407455787062645,0.3400421142578125,0.004102472215890884,0.001901033683679998,0.002167975762858987,0.21125198900699615
0016,000092,92,0.0003907100181095302,0.0004913845332339406,0.4320025146007538,0.00048522965516895056,0.0005126972682774067,0.4716212749481201,0.012413359247148037,0.006621964275836945,0.007069777697324753,0.3400409519672394,0.004196793306618929,0.0019628398586064577,0.0022076854947954416,0.21117402613162994
0016,000093,93,0.0003911193343810737,0.0004913204465992749,0.43215712904930115,0.0004838161403313279,0.0005170920630916953,0.4704657196998596,0.012415395118296146,0.006625425070524216,0.007062794174998999,0.3400444984436035,0.004093953408300877,0.0019712387584149837,0.0021643952932208776,0.21117912232875824
0016,000094,94,0.00039127652416937053,0.000491749495267868,0.43196287751197815,0.0004877772298641503,0.000519688124768436,0.4709452688694,0.012393476441502571,0.006630974821746349,0.007050490006804466,0.34005144238471985,0.004352698568254709,0.002065393142402172,0.0022990682628005743,0.21080419421195984
0016,000095,95,0.00039239859324879944,0.0004927449626848102,0.43217751383781433,0.00048145538312382996,0.000511777529027313,0.4709710478782654,0.012436623685061932,0.006646088790148497,0.007082838099449873,0.3400363326072693,0.004126331768929958,0.0020312496926635504,0.00217473809607327,0.2108706533908844
0016,000096,96,0.0003927892539650202,0.0004930885625071824,0.43251651525497437,0.0004815880674868822,0.0005124117014929652,0.4711851477622986,0.012480818666517735,0.006653583142906427,0.0071001010946929455,0.340057909488678,0.004111786372959614,0.001986656105145812,0.0021668251138180494,0.21101371943950653
0016,000097,97,0.0003937486617360264,0.000492748455144465,0.4328373372554779,0.00048327489639632404,0.0005133196245878935,0.47149819135665894,0.012388472445309162,0.0066338493488729,0.007031384855508804,0.3400619924068451,0.004084356594830751,0.0019525537500157952,0.002152893925085664,0.2110997885465622
0016,000098,98,0.00039385969284921885,0.0004940643557347357,0.432567834854126,0.00048272579442709684,0.0005144518800079823,0.4706563353538513,0.01244418602436781,0.006635221652686596,0.007062598131597042,0.34004679322242737,0.004050189163535833,0.0019328172784298658,0.002139200223609805,0.21118105947971344
0016,000099,99,0.00039359150105156004,0.0004927397822029889,0.43319210410118103,0.00048371596494689584,0.0005131190409883857,0.47117477655410767,0.012491595931351185,0.006640374194830656,0.007090661209076643,0.34005460143089294,0.003980263601988554,0.001873061410151422,0.002094296971336007,0.2115228772163391
0016,000100,100,0.00039356664638035,0.0004934239550493658,0.4330989420413971,0.00048655434511601925,0.0005191536038182676,0.47072914242744446,0.012541147880256176,0.006654251832515001,0.007117801811546087,0.3400334417819977,0.004065121989697218,0.0018580086762085557,0.0021462535951286554,0.21180450916290283
0016,000101,101,0.0003957072040066123,0.0004956223419867456,0.4332313537597656,0.0004888924886472523,0.0005192270618863404,0.47146308422088623,0.012526532635092735,0.006643373519182205,0.0071067591197788715,0.3400370478630066,0.0044935401529073715,0.0019595001358538866,0.002365284599363804,0.21139878034591675
0016,000102,102,0.0003972846607211977,0.0004965710686519742,0.43353232741355896,0.00048173958202823997,0.0005130244535394013,0.47068533301353455,0.012560941278934479,0.006645023822784424,0.007123060990124941,0.340036541223526,0.004295408260077238,0.00203738478012383,0.002268698299303651,0.21125252544879913
0016,000103,103,0.0003966779331676662,0.0004947269335389137,0.4341358542442322,0.00047916590119712055,0.0005143171292729676,0.4700954854488373,0.01251136139035225,0.006636141799390316,0.0070823002606630325,0.340038001537323,0.004206365905702114,0.0020124067086726427,0.0022242816630750895,0.21140849590301514
0016,000104,104,0.0003989017568528652,0.0004963420797139406,0.4344733655452728,0.00048315306776203215,0.0005154663813300431,0.4707193076610565,0.012604515068233013,0.006646069698035717,0.007125264033675194,0.3400469720363617,0.004441610537469387,0.0020681738387793303,0.0023438665084540844,0.21124804019927979
0016,000105,105,0.00039702182402834296,0.0004950609873048961,0.4339779317378998,0.00048092551878653467,0.0005110047641210258,0.47103753685951233,0.012599598616361618,0.00664087850600481,0.007134324871003628,0.34003081917762756,0.004272874444723129,0.0020482405088841915,0.0022545810788869858,0.21125955879688263
0016,000106,106,0.00039932032814249396,0.0004975560586899519,0.43479442596435547,0.0004769913211930543,0.0005100060952827334,0.4701606035232544,0.012562372721731663,0.006629602983593941,0.00710429809987545,0.34004202485084534,0.004215697757899761,0.001932897255755961,0.002229107776656747,0.21173420548439026
0016,000107,107,0.00039834363269619644,0.0004961981321685016,0.43459761142730713,0.00048265690566040576,0.0005132383084855974,0.47124648094177246,0.012589574791491032,0.0066365129314363,0.007115574087947607,0.34006112813949585,0.0043984404765069485,0.001976330066099763,0.0023141817655414343,0.21162857115268707
0016,000108,108,0.00039888048195280135,0.0004967060522176325,0.4343244731426239,0.00047778518637642264,0.0005107202450744808,0.4706348776817322,0.012673335149884224,0.006643068976700306,0.007167708594352007,0.3400419354438782,0.004146776162087917,0.0019233039347454906,0.002189954277127981,0.21201665699481964
0016,000109,109,0.0003984594368375838,0.0004963945830240846,0.4348198175430298,0.0004823312920052558,0.0005142716690897942,0.4711960256099701,0.012638090178370476,0.006651977077126503,0.007145702838897705,0.3400305509567261,0.004683414939790964,0.002050552750006318,0.002472704742103815,0.21150211989879608
0016,000110,110,0.00039950216887518764,0.0004978851648047566,0.43432748317718506,0.00047456310130655766,0.0005115433013997972,0.4694354236125946,0.012572932988405228,0.006632926408201456,0.007113567087799311,0.3400423526763916,0.004140450153499842,0.001962721347808838,0.0021941764280200005,0.21192291378974915
0016,000111,111,0.0004001393972430378,0.0004983975668437779,0.43495216965675354,0.00047684359014965594,0.0005055816727690399,0.471495121717453,0.012647121213376522,0.006629650015383959,0.007150659337639809,0.3400353491306305,0.004379740916192532,0.001928759622387588,0.002294091274961829,0.21216168999671936
0016,000112,112,0.0004003181238658726,0.000498464796692133,0.43474236130714417,0.00047605441068299115,0.0005075527587905526,0.4708500802516937,0.012690847739577293,0.006629736162722111,0.007173687685281038,0.3400461971759796,0.004543749615550041,0.001965446164831519,0.002399301854893565,0.21210478246212006
0016,000113,113,0.00040052190888673067,0.0004984669503755867,0.4346868097782135,0.00047523004468530416,0.000506164797116071,0.47042542695999146,0.012703822925686836,0.0066135721281170845,0.007177730090916157,0.34004154801368713,0.004322922322899103,0.001974190352484584,0.002283675130456686,0.21216702461242676
0016,000114,114,0.0004029445699416101,0.0004985127598047256,0.4359694719314575,0.0004736601549666375,0.0005066231824457645,0.47067567706108093,0.012765304185450077,0.006637120619416237,0.00718877324834466,0.34004732966423035,0.004311679862439632,0.0019794711843132973,0.0022782229352742434,0.21216364204883575
0016,000115,115,0.0004022181674372405,0.0004992865142412484,0.4358370006084442,0.0004750603111460805,0.0005066265002824366,0.47096624970436096,0.012714712880551815,0.0066221244633197784,0.0071717905811965466,0.340048223733902,0.004789457656443119,0.002119627082720399,0.0025302262511104345,0.2115592062473297
0016,000116,116,0.00040348980110138655,0.0005000674282200634,0.43610724806785583,0.0004687817126978189,0.0004977924982085824,0.47126132249832153,0.012778965756297112,0.006629163399338722,0.007200323045253754,0.34003201127052307,0.004204173106700182,0.002067726105451584,0.002213491592556238,0.21176648139953613
0016,000117,117,0.00040321185952052474,0.0004993878537788987,0.43626755475997925,0.0004713035887107253,0.0004987139254808426,0.471919447183609,0.01278059370815754,0.0066156270913779736,0.00719447759911418,0.3400336503982544,0.005076731089502573,0.002248595468699932,0.002667477587237954,0.21101202070713043
0016,000118,118,0.00040341445128433406,0.0005008670850656927,0.4359624981880188,0.0004627948219422251,0.0004943266394548118,0.47077006101608276,0.01279242429882288,0.006604436784982681,0.007205477450042963,0.3400293290615082,0.004381197039037943,0.002082827966660261,0.002310513984411955,0.21155506372451782
0016,000119,119,0.0004043033404741436,0.0005009950255043805,0.436261385679245,0.0004726915212813765,0.0005071546765975654,0.47017666697502136,0.012814737856388092,0.006609372794628143,0.007220867555588484,0.3400282859802246,0.004509031306952238,0.0021034146193414927,0.0023872386664152145,0.21144764125347137
0016,000120,120,0.00040451486711390316,0.0005014768685214221,0.4361489713191986,0.0004771009844262153,0.0005133483209647238,0.4697195589542389,0.012815174646675587,0.0065806214697659016,0.007214770652353764,0.3400408923625946,0.00467528123408556,0.0021484936587512493,0.0024805038701742887,0.2111651748418808
0016,000121,121,0.0004056313482578844,0.000501668022479862,0.43656298518180847,0.00047433149302378297,0.0005087938043288887,0.469990998506546,0.01287365797907114,0.0065760244615375996,0.007248217705637217,0.3400525152683258,0.004645180888473988,0.0021219064947217703,0.0024590103421360254,0.21127945184707642
0016,000122,122,0.00040513125713914633,0.0005003926926292479,0.43711066246032715,0.0004716208204627037,0.0005000598030164838,0.47164884209632874,0.01296604610979557,0.006586923263967037,0.007278427015990019,0.34003782272338867,0.004547088406980038,0.0020351572893559933,0.0023885283153504133,0.21168407797813416
0016,000123,123,0.00040611749864183366,0.0005020053358748555,0.4369123578071594,0.0004734396643470973,0.0005039431271143258,0.4705902636051178,0.012944820336997509,0.00657340232282877,0.007275353651493788,0.34002822637557983,0.004675641190260649,0.002018683822825551,0.002462781500071287,0.2120990753173828
0016,000124,124,0.00040736960363574326,0.0005030184984207153,0.43723174929618835,0.00047967894352041185,0.0005096242530271411,0.47146347165107727,0.013048962689936161,0.006568614859133959,0.007315348833799362,0.34003371000289917,0.005163796246051788,0.0021641524508595467,0.0027158462908118963,0.21145372092723846
0016,000125,125,0.00040747475577518344,0.000501168193295598,0.4378753900527954,0.00046700044185854495,0.0005003337864764035,0.47064173221588135,0.013110547326505184,0.0065652597695589066,0.007344619370996952,0.34002289175987244,0.0046027665957808495,0.0020915770437568426,0.0024338564835488796,0.21160486340522766
0016,000126,126,0.00040951548726297915,0.0005035032518208027,0.4379415512084961,0.0004683156148530543,0.0004967675195075572,0.4718374013900757,0.013083411380648613,0.006558883003890514,0.007334293331950903,0.3400278091430664,0.0046220216900110245,0.002075493335723877,0.0024261674843728542,0.2116321176290512
0016,000127,127,0.0004097297496628016,0.0005032809567637742,0.4382452070713043,0.00047024598461575806,0.0005024602287448943,0.4705095887184143,0.013061627745628357,0.006545473355799913,0.007320975884795189,0.34002938866615295,0.004978450946509838,0.002151648746803403,0.00263047544285655,0.21123559772968292
0016,000128,128,0.0004106108972337097,0.0005051899934187531,0.4382288455963135,0.00046333647333085537,0.0004962332895956933,0.4703351855278015,0.013047142885625362,0.006560458801686764,0.007320648059248924,0.34002241492271423,0.004665115382522345,0.0019648736342787743,0.0024587344378232956,0.21207702159881592
0016,000129,129,0.00040986447129398584,0.0005062274867668748,0.43709060549736023,0.00047935970360413194,0.0005156910046935081,0.46998098492622375,0.012981794774532318,0.006549868732690811,0.007296957541257143,0.34001103043556213,0.00532202934846282,0.002145428443327546,0.002820593537762761,0.2112041562795639
0016,000130,130,0.0004087247943971306,0.0005036674556322396,0.4379115402698517,0.0004678674158640206,0.0004974774201400578,0.47091439366340637,0.012929033488035202,0.006559822708368301,0.007259730249643326,0.34001442790031433,0.004557523876428604,0.002141078934073448,0.0024031987413764,0.21116934716701508
0016,000131,131,0.00040723729762248695,0.0005031401524320245,0.43732553720474243,0.00046968014794401824,0.0004994742339476943,0.47131773829460144,0.0129525912925601,0.006555705796927214,0.007287889719009399,0.3400295674800873,0.004720050375908613,0.002150422427803278,0.0024844345171004534,0.21097782254219055
0016,000132,132,0.00041015667375177145,0.0005055315559729934,0.4380064904689789,0.00046923416084609926,0.0004971086164005101,0.47199487686157227,0.012912547215819359,0.006573181599378586,0.007255899719893932,0.3400290608406067,0.004574933089315891,0.002191268838942051,0.0024040183052420616,0.21071599423885345
0016,000133,133,0.00041058528586290777,0.0005036176298744977,0.43867963552474976,0.00046727879089303315,0.000496987602673471,0.4715496897697449,0.01286062877625227,0.006587477400898933,0.007217623759061098,0.3400305509567261,0.004349284805357456,0.0021489709615707397,0.0022909895051270723,0.21077069640159607
0016,000134,134,0.00040824993629939854,0.0005031327018514276,0.4375556707382202,0.0004659842234104872,0.0004969599540345371,0.47071248292922974,0.01277903001755476,0.006601219065487385,0.007198663894087076,0.3400348126888275,0.0043408311903476715,0.00195191684179008,0.0022856041323393583,0.2117014229297638
0016,000135,135,0.0004049894632771611,0.0005044284043833613,0.4352644383907318,0.0004812207480426878,0.0005157111445441842,0.47013920545578003,0.012786466628313065,0.006617632694542408,0.007242892868816853,0.34003496170043945,0.004496326670050621,0.0020019689109176397,0.0023787578102201223,0.21149592101573944
0016,000136,136,0.00040511356201022863,0.000503438466694206,0.43575364351272583,0.000478270259918645,0.000511082645971328,0.4705389440059662,0.012674824334681034,0.006616956554353237,0.007151107769459486,0.34004291892051697,0.004329984076321125,0.001968197990208864,0.0022867934312671423,0.21161754429340363
0016,000137,137,0.0004046566318720579,0.0005021574907004833,0.4361075162887573,0.00048155730473808944,0.0005146206240169704,0.4707646071910858,0.012748484499752522,0.006608285941183567,0.007189977914094925,0.34004899859428406,0.004646872170269489,0.0020088038872927427,0.0024540263693779707,0.21149392426013947
0016,000138,138,0.0004044518282171339,0.0005022563855163753,0.43555548787117004,0.00047744796029292047,0.0005094769294373691,0.4706835150718689,0.01282553467899561,0.006601596251130104,0.007232674863189459,0.34006062150001526,0.004333116579800844,0.0019704194273799658,0.0022885308135300875,0.21169722080230713
0016,000139,139,0.0004045292444061488,0.0005039139068685472,0.43517225980758667,0.00047911948058754206,0.0005087371100671589,0.47137218713760376,0.012825343757867813,0.006619804538786411,0.007254485040903091,0.34005409479141235,0.0045848628506064415,0.0020068716257810593,0.0024152284022420645,0.21142826974391937
0016,000140,140,0.00040279090171679854,0.0005022991681471467,0.43481120467185974,0.0004771989770233631,0.0005099506233818829,0.47057002782821655,0.012700818479061127,0.006616039667278528,0.0071924165822565556,0.3400513529777527,0.0045206849463284016,0.002084199571982026,0.0023882677778601646,0.21115480363368988
0016,000141,141,0.0004027793765999377,0.0005027184379287064,0.4350631535053253,0.00047597664524801075,0.0005073401262052357,0.4708026051521301,0.012618109583854675,0.006616851780563593,0.007142133545130491,0.3400557339191437,0.004215702414512634,0.00201419903896749,0.00222441996447742,0.21138541400432587
0016,000142,142,0.00040400991565547884,0.0005029994063079357,0.4354647696018219,0.0004801208560820669,0.0005116864922456443,0.47062310576438904,0.012645920738577843,0.006630652118474245,0.00713982293382287,0.3400563597679138,0.004541801288723946,0.0020652092061936855,0.0023998254910111427,0.2111736238002777
0016,000143,143,0.0004029761184938252,0.0005014814669266343,0.4352073073387146,0.00047883077058941126,0.000512391678057611,0.4706766903400421,0.012637464329600334,0.006632119417190552,0.007150022312998772,0.3400522470474243,0.004312687553465366,0.002055777469649911,0.0022783419117331505,0.21116377413272858
0016,000144,144,0.000404261372750625,0.0005026267026551068,0.43551740050315857,0.00047932856250554323,0.0005098103429190814,0.4710284471511841,0.01262219250202179,0.006655176170170307,0.00713316909968853,0.340049147605896,0.004601455759257078,0.0021121010649949312,0.002418337156996131,0.2110251784324646
0016,000145,145,0.0004039292980451137,0.0005025789141654968,0.43514174222946167,0.0004784550401382148,0.0005101540591567755,0.4708763360977173,0.012600857764482498,0.006646416150033474,0.007126112934201956,0.3400489091873169,0.004404790699481964,0.0021216566674411297,0.002322389977052808,0.2109186202287674
0016,000146,146,0.00040138972690328956,0.0004994235350750387,0.43509724736213684,0.0004780305898748338,0.0005104705924168229,0.47051775455474854,0.012549130246043205,0.00663177203387022,0.0070908647030591965,0.3400525748729706,0.004129848908632994,0.0020705123897641897,0.0021825258154422045,0.2109326720237732
0016,000147,147,0.00040288499440066516,0.0005024924757890403,0.43475258350372314,0.00047987475409172475,0.0005129235796630383,0.4707774817943573,0.012626737356185913,0.006637665443122387,0.007141348905861378,0.34005290269851685,0.004327971022576094,0.002037613419815898,0.0022849394008517265,0.21112391352653503
0016,000148,148,0.00040299564716406167,0.0005016408395022154,0.4350733160972595,0.00048342926311306655,0.0005176243139430881,0.47062090039253235,0.012615332379937172,0.006623344961553812,0.0071302372962236404,0.34005478024482727,0.004509120248258114,0.0020984341390430927,0.00238622073084116,0.21090735495090485
0016,000149,149,0.0004016633902210742,0.0005005896091461182,0.4347115159034729,0.0004827405500691384,0.0005167961353436112,0.4700462222099304,0.012625472620129585,0.00662335567176342,0.007139590103179216,0.3400498330593109,0.0043856739066541195,0.0020878794603049755,0.0023191655054688454,0.21100206673145294
0016,000150,150,0.0004015123995486647,0.0005027115112170577,0.43409475684165955,0.0004821066395379603,0.000512639235239476,0.4710899591445923,0.01264187227934599,0.006624383851885796,0.007164534647017717,0.34005430340766907,0.004158465191721916,0.001998631516471505,0.0021892667282372713,0.21126559376716614
0016,000151,151,0.00040109819383360445,0.0005025261780247092,0.434003084897995,0.0004824397910851985,0.0005146667826920748,0.47057098150253296,0.012641026638448238,0.006623255088925362,0.007162120658904314,0.3400554060935974,0.004267165437340736,0.002016144571825862,0.0022521044593304396,0.21119052171707153
0016,000152,152,0.0004045579698868096,0.0005038953968323767,0.43501558899879456,0.0004811689432244748,0.0005112499929964542,0.47131606936454773,0.012726574204862118,0.006623179651796818,0.0071906582452356815,0.3400387167930603,0.004347857553511858,0.0020250275265425444,0.002289392286911607,0.2111693173646927
0016,000153,153,0.00040435895789414644,0.000504141382407397,0.4347967803478241,0.00047555609489791095,0.0005030853790231049,0.4715522229671478,0.012781417928636074,0.006617046892642975,0.007234422955662012,0.3400362432003021,0.004285064991563559,0.0019825149793177843,0.0022499398328363895,0.21145308017730713
0016,000154,154,0.0004036139289382845,0.0005034585483372211,0.43466076254844666,0.00047917882329784334,0.0005104601732455194,0.47131505608558655,0.012716157361865044,0.0066095381043851376,0.007196319755166769,0.340036004781723,0.004518630914390087,0.0020650303922593594,0.002380749210715294,0.21106493473052979
0016,000155,155,0.0004022686625830829,0.0005029759486205876,0.43430888652801514,0.00047345360508188605,0.000506400247104466,0.4708903133869171,0.012786238454282284,0.006601753644645214,0.007246567867696285,0.34002670645713806,0.004439748357981443,0.0021080663427710533,0.0023486388381570578,0.21097949147224426
0016,000156,156,0.0004029122064821422,0.0005039286916144192,0.43440914154052734,0.0004725392209365964,0.0005006970022805035,0.4714195132255554,0.01273931935429573,0.006598799489438534,0.007209396455436945,0.3400496244430542,0.0043183621019124985,0.002051881980150938,0.0022700789850205183,0.2110462337732315
0016,000157,157,0.00040633120806887746,0.0005063494318164885,0.43515047430992126,0.00047589672612957656,0.0005107097094878554,0.4702296853065491,0.012862595729529858,0.006606862880289555,0.007259923964738846,0.3400462865829468,0.0045917825773358345,0.0020573786459863186,0.002426749560981989,0.21117351949214935
0016,000158,158,0.00040681069367565215,0.000505628646351397,0.435550332069397,0.0004776895802933723,0.000509625009726733,0.4710283577442169,0.012946472503244877,0.006617578212171793,0.007308328989893198,0.3400166928768158,0.004422536585479975,0.0020689801312983036,0.002332451054826379,0.21101370453834534
0016,000159,159,0.0004068645357619971,0.0005052327760495245,0.4358034133911133,0.0004738988645840436,0.0005055965739302337,0.47108057141304016,0.012839255854487419,0.006619252264499664,0.0072446851991117,0.34001195430755615,0.004552156664431095,0.002089421497657895,0.002401361707597971,0.21093842387199402
0016,000160,160,0.00040595399332232773,0.0005055812653154135,0.4356953501701355,0.00047247359179891646,0.0005012080655433238,0.47169923782348633,0.012859123758971691,0.006611197721213102,0.0072633796371519566,0.34002169966697693,0.004648428875952959,0.0021349734161049128,0.002444023033604026,0.2107507884502411
0016,000161,161,0.00040558577165938914,0.0005046436563134193,0.4351808726787567,0.00047115833149291575,0.0005001833778806031,0.47132590413093567,0.012879906222224236,0.006598333828151226,0.007275353651493788,0.3400286138057709,0.004648583475500345,0.0021940029691904783,0.002445964841172099,0.2105381339788437
0016,000162,162,0.00040546158561483026,0.0005061596166342497,0.4347500205039978,0.0004704523889813572,0.0005026608123444021,0.47074565291404724,0.012976182624697685,0.006602871231734753,0.0073364898562431335,0.34002548456192017,0.004346058703958988,0.0021585840731859207,0.002293182071298361,0.21065516769886017
0016,000163,163,0.00040809009806253016,0.00050875055603683,0.4349909722805023,0.00047354475827887654,0.0005070422193966806,0.47061389684677124,0.012995364144444466,0.006607643328607082,0.00734706548973918,0.34002622961997986,0.0042908345349133015,0.002060426864773035,0.002264046808704734,0.21096061170101166
0016,000164,164,0.00040703051490709186,0.0005082901916466653,0.4349922835826874,0.0004824073694180697,0.0005215784767642617,0.469880610704422,0.012953310273587704,0.0065844799391925335,0.0073133595287799835,0.3400241434574127,0.00482908682897687,0.002110568340867758,0.002566288225352764,0.21088938415050507
0016,000165,165,0.0004054962773807347,0.0005089908372610807,0.4339417815208435,0.0004802736220881343,0.0005124317831359804,0.4709497392177582,0.012947967275977135,0.006569650024175644,0.00733257457613945,0.3400205075740814,0.004388911183923483,0.0020626371260732412,0.00231543998233974,0.2109631597995758
0016,000166,166,0.00040578251355327666,0.0005092434003017843,0.4336487054824829,0.0004834223655052483,0.0005168183706700802,0.47063499689102173,0.012964334338903427,0.0065773772075772285,0.007355214562267065,0.3400234282016754,0.004994637332856655,0.0022000065073370934,0.0026397057808935642,0.21037741005420685
0016,000167,167,0.0004048717091791332,0.0005080641712993383,0.4336094558238983,0.00047539922525174916,0.0005085109733045101,0.4709394872188568,0.012826516292989254,0.006554431281983852,0.007272074464708567,0.34002408385276794,0.0044204252772033215,0.002168744569644332,0.0023299462627619505,0.21036791801452637
0016,000168,168,0.00040651316521689296,0.0005094789667055011,0.4335406720638275,0.00047977236681617796,0.0005112145445309579,0.47130537033081055,0.01288437657058239,0.006557191722095013,0.007295238319784403,0.34005022048950195,0.004719054792076349,0.002233352977782488,0.0024867986794561148,0.21000143885612488
0016,000169,169,0.00040728950989432633,0.0005074449582025409,0.43488991260528564,0.0004810815444216132,0.0005140127614140511,0.4711003303527832,0.012933395802974701,0.006562150549143553,0.007294007111340761,0.34003323316574097,0.005333187524229288,0.0024184102658182383,0.0028141436632722616,0.20925454795360565
0016,000170,170,0.0004068057460244745,0.0005073185893706977,0.4347612261772156,0.0004801245522685349,0.000514587271027267,0.47042325139045715,0.012929568998515606,0.006561948452144861,0.007294077426195145,0.34001848101615906,0.004869653377681971,0.0024829867761582136,0.0025754852686077356,0.20879828929901123
0016,000171,171,0.0004057269252371043,0.0005097892135381699,0.433194100856781,0.0004821755283046514,0.0005180742009542882,0.47040855884552,0.012954125180840492,0.00656417990103364,0.007348744664341211,0.34001031517982483,0.004503089468926191,0.0023805845994502306,0.002383643062785268,0.20878705382347107
0016,000172,172,0.00040501679177396,0.0005079391994513571,0.4332234561443329,0.000490357750095427,0.0005312748835422099,0.4692780375480652,0.012907159514725208,0.006576653569936752,0.007321445271372795,0.3400098383426666,0.004382265266031027,0.0022161637898534536,0.0023228635545819998,0.2091374546289444
0016,000173,173,0.0004036655882373452,0.0005057090893387794,0.4331628680229187,0.000504782481584698,0.0005434944177977741,0.4699421226978302,0.012820882722735405,0.00656324066221714,0.0072632599622011185,0.34002795815467834,0.0046817585825920105,0.002143384190276265,0.0024723196402192116,0.20959880948066711
0016,000174,174,0.0004049648705404252,0.0005057709640823305,0.43368688225746155,0.0005143705056980252,0.0005513302166946232,0.47071120142936707,0.012935900129377842,0.006554861087352037,0.0073152645491063595,0.3400271236896515,0.004809405189007521,0.0021894723176956177,0.002538009313866496,0.20933859050273895
0016,000175,175,0.0004032677097711712,0.0005036168149672449,0.4338796138763428,0.0005071306368336082,0.00054611184168607,0.4696006178855896,0.012894423678517342,0.006542048417031765,0.007295622490346432,0.3400287628173828,0.004678950645029545,0.0020740411709994078,0.002473835600540042,0.20991702377796173
0016,000176,176,0.0004024869413115084,0.0005032328190281987,0.43342065811157227,0.0005151695804670453,0.0005492588388733566,0.4710577130317688,0.01287902146577835,0.006539543159306049,0.0072813197039067745,0.3400433361530304,0.004707604646682739,0.002104518935084343,0.0024774018675088882,0.20968255400657654
0016,000177,177,0.0004038059851154685,0.0005053469794802368,0.43333137035369873,0.000511543417815119,0.0005521825514733791,0.4692721366882324,0.01290024071931839,0.00652884179726243,0.007292598485946655,0.3400479257106781,0.0048734392039477825,0.002095994306728244,0.0025798981077969074,0.20983411371707916
0016,000178,178,0.0004022613575216383,0.0005029261810705066,0.4333915412425995,0.000513303792104125,0.0005554534727707505,0.46942338347435,0.012864845804870129,0.006539707072079182,0.007276312448084354,0.3400619328022003,0.0047255451790988445,0.002100231358781457,0.0024999810848385096,0.21003109216690063
0016,000179,179,0.0004012232820969075,0.0005024903803132474,0.4330759346485138,0.0005161486915312707,0.000555953592993319,0.4694229066371918,0.012969309464097023,0.006526086945086718,0.0073258657939732075,0.34006941318511963,0.0048266747035086155,0.0021165208891034126,0.002546177711337805,0.21018604934215546
0016,000180,180,0.00040067671216093004,0.0005039005191065371,0.43195614218711853,0.0005178669234737754,0.0005556015530601144,0.47049614787101746,0.012917454354465008,0.006529609672725201,0.007342296652495861,0.3400499224662781,0.004950186237692833,0.002154139569029212,0.0026054903864860535,0.20999270677566528
0016,000181,181,0.00039922475116327405,0.000504364725202322,0.43042489886283875,0.0005131043144501746,0.0005494343349710107,0.4705408215522766,0.012747238390147686,0.00652803760021925,0.00728570856153965,0.34003761410713196,0.0048529282212257385,0.002171451225876808,0.002561383880674839,0.20958690345287323
0016,000182,182,0.00039848184678703547,0.0005078350659459829,0.4288065433502197,0.0005120979039929807,0.0005544891464523971,0.46874088048934937,0.012594074010848999,0.006542913615703583,0.007228785660117865,0.34002068638801575,0.004725258331745863,0.002243742812424898,0.0025120507925748825,0.20917651057243347
0016,000183,183,0.00039822052349336445,0.0005083727883175015,0.42846739292144775,0.0005111375940032303,0.0005484052817337215,0.46963661909103394,0.012473189271986485,0.006566179450601339,0.007168554235249758,0.3400132656097412,0.004284949507564306,0.0021105778869241476,0.0022672745399177074,0.2094591110944748
0016,000184,184,0.0003948775993194431,0.0005048259627074003,0.4279142916202545,0.0005176143022254109,0.0005565420142374933,0.46969863772392273,0.012381159700453281,0.006595886778086424,0.007133981678634882,0.34001269936561584,0.004289142321795225,0.002164052100852132,0.0022761202417314053,0.20927156507968903
0016,000185,185,0.00039286419632844627,0.0005032094777561724,0.4274580478668213,0.0005196759011596441,0.0005613756948150694,0.469402551651001,0.012234723195433617,0.006590018514543772,0.007056303322315216,0.3400039076805115,0.0042532566003501415,0.0021565763745456934,0.0022623883560299873,0.20930659770965576
0016,000186,186,0.0003927332872990519,0.0005044685676693916,0.42696574330329895,0.0005219794111326337,0.0005560919526033103,0.470849871635437,0.012137522920966148,0.006591565907001495,0.00702255591750145,0.3400059938430786,0.003968971781432629,0.0021110358648002148,0.0020933449268341064,0.2093018740415573
0016,000187,187,0.00039052983629517257,0.0005049209576100111,0.4255146086215973,0.0005219660233706236,0.0005581978475674987,0.47025108337402344,0.012058893218636513,0.0066138687543570995,0.006994824856519699,0.3400179147720337,0.004254384897649288,0.0021073054522275925,0.0022471859119832516,0.20911404490470886
0016,000188,188,0.0003880881704390049,0.0005021244869567454,0.42529597878456116,0.0005206560017541051,0.0005596757982857525,0.46957290172576904,0.012038507498800755,0.0066254897974431515,0.006988296285271645,0.3400149345397949,0.0038937837816774845,0.002065175212919712,0.0020631763618439436,0.20923984050750732
0016,000189,189,0.0003891699598170817,0.0005031342152506113,0.4256497323513031,0.0005221673636697233,0.0005622252938337624,0.46958261728286743,0.012007685378193855,0.006628955248743296,0.006965301930904388,0.3400244414806366,0.003996675368398428,0.0020653530955314636,0.0021167192608118057,0.20907621085643768
0016,000190,190,0.00038431130815297365,0.0004989052540622652,0.4245772957801819,0.00051864207489416,0.0005545950261875987,0.4701744019985199,0.011969690211117268,0.00661127083003521,0.006948892492800951,0.34002456068992615,0.003704389790073037,0.001936172368004918,0.001956614665687084,0.20952291786670685
0016,000191,191,0.0003856437688227743,0.0005014586495235562,0.42405590415000916,0.0005250874673947692,0.0005598498973995447,0.47056248784065247,0.012029491364955902,0.006624063476920128,0.007003222592175007,0.3400135338306427,0.003942923154681921,0.0019695917144417763,0.002081023994833231,0.2092694640159607
0016,000192,192,0.0003855468821711838,0.0005011135945096612,0.4239448010921478,0.0005245461943559349,0.0005637221620418131,0.4699406921863556,0.011936956085264683,0.006614609621465206,0.006941203027963638,0.3400267958641052,0.00415119668468833,0.0020555073861032724,0.002201915020123124,0.20891118049621582
0016,000193,193,0.00038391881389543414,0.0005005355924367905,0.4233323931694031,0.0005210988456383348,0.0005593213718384504,0.46980729699134827,0.011951439082622528,0.00661348644644022,0.0069632455706596375,0.34002459049224854,0.00390732241794467,0.0020191885996609926,0.002069296780973673,0.20890387892723083
0016,000194,194,0.0003845908504445106,0.0005006113206036389,0.4238976240158081,0.0005239577149040997,0.0005677983863279223,0.46864229440689087,0.01204956416040659,0.006632309872657061,0.007021287456154823,0.34000325202941895,0.003806699998676777,0.0019155426416546106,0.0020207709167152643,0.20939429104328156
0016,000195,195,0.00038377108285203576,0.0005011218599975109,0.42305585741996765,0.0005323748337104917,0.0005655247368849814,0.4715349078178406,0.011932436376810074,0.006629579700529575,0.006956370081752539,0.34001806378364563,0.004343668930232525,0.002031434327363968,0.0022842527832835913,0.2088317573070526
0016,000196,196,0.000384098500944674,0.0004999173106625676,0.423626184463501,0.000521708803717047,0.0005591223598457873,0.4696657061576843,0.01198054663836956,0.006623571738600731,0.006975357420742512,0.3400093913078308,0.003775030840188265,0.001903343596495688,0.0019968748092651367,0.20932446420192719
0016,000197,197,0.0003831009962595999,0.0004998737713322043,0.422952264547348,0.000527413678355515,0.0005629664519801736,0.4708208441734314,0.011923100799322128,0.006622655782848597,0.006950553506612778,0.34001877903938293,0.0038855946622788906,0.0019476573215797544,0.002049785340204835,0.20909486711025238
0016,000198,198,0.000384181592380628,0.0005018479423597455,0.4230666160583496,0.000524266972206533,0.0005594618851318955,0.4704267084598541,0.011922472156584263,0.006632628384977579,0.006952005438506603,0.34001457691192627,0.0038517089560627937,0.0019673018250614405,0.0020351188722997904,0.20900382101535797
0016,000199,199,0.00038387838867492974,0.0005014874623157084,0.42292019724845886,0.0005196158890612423,0.0005541556747630239,0.47026604413986206,0.011957398615777493,0.006631070747971535,0.006976703181862831,0.34001854062080383,0.003704728791490197,0.0018497076816856861,0.0019511081045493484,0.20955149829387665
0016,000200,200,0.00038399771437980235,0.0005000933888368309,0.4234010875225067,0.000524386006873101,0.0005607684724964201,0.47057226300239563,0.01198982261121273,0.006641021929681301,0.006987644825130701,0.3400212526321411,0.0039438530802726746,0.0018698846688494086,0.0020806787069886923,0.20942234992980957
0016,000201,201,0.00038394247530959547,0.0005002766265533864,0.4235880970954895,0.0005246033542789519,0.0005645928904414177,0.46968874335289,0.011927426792681217,0.006623706314712763,0.006942656822502613,0.3400249183177948,0.003886370686814189,0.0018611539853736758,0.002059836406260729,0.2096228301525116
0016,000202,202,0.00038170014158822596,0.0004996320931240916,0.4229552745819092,0.0005264636129140854,0.0005646392237395048,0.4700336754322052,0.011975383386015892,0.006641915533691645,0.0069902557879686356,0.3400207459926605,0.004224896430969238,0.001938764238730073,0.0022355818655341864,0.2092624008655548
0016,000203,203,0.0003822977305389941,0.000500330061186105,0.42288005352020264,0.0005250442773103714,0.0005627041682600975,0.4701288938522339,0.011926313862204552,0.006634468678385019,0.006953365635126829,0.34002119302749634,0.004271132405847311,0.002029758645221591,0.002258083550259471,0.2088746726512909
0016,000204,204,0.00038357757148332894,0.0005003375117667019,0.42323142290115356,0.0005196907441131771,0.0005566085455939174,0.4698524475097656,0.012007031589746475,0.006638116668909788,0.006992247421294451,0.34002310037612915,0.003684486262500286,0.0019366962369531393,0.0019496995955705643,0.20913179218769073
0016,000205,205,0.00038252893136814237,0.0004997378564439714,0.42318737506866455,0.0005230394890531898,0.0005586105980910361,0.47059759497642517,0.011964242905378342,0.006641147658228874,0.006981660611927509,0.34002575278282166,0.0037930316757410765,0.0019318050472065806,0.0020018068607896566,0.20912303030490875
0016,000206,206,0.0003833187511190772,0.0004990787128917873,0.4236280620098114,0.0005173825775273144,0.0005506100715138018,0.4707355201244354,0.012001064606010914,0.006639830302447081,0.006991681642830372,0.3400123715400696,0.0037731530610471964,0.0018685669638216496,0.0019870074465870857,0.2094181925058365
0016,000207,207,0.00038387280073948205,0.0005011383909732103,0.42336606979370117,0.0005233098636381328,0.0005609077634289861,0.47014719247817993,0.01199566200375557,0.00664162402972579,0.006991398986428976,0.340009868144989,0.00389881432056427,0.0018968861550092697,0.00206026085652411,0.20939478278160095
0016,000208,208,0.00038415868766605854,0.0005015504430048168,0.4233649969100952,0.0005256528384052217,0.0005636705900542438,0.4700258672237396,0.012049385346472263,0.006627110298722982,0.0070136189460754395,0.340014785528183,0.004222793038934469,0.0020065931603312492,0.0022336598485708237,0.20895224809646606
0018,000002,2,0.000299188366625458,0.00038362888153642416,0.4441978633403778,0.0005418852088041604,0.0005684280768036842,0.47392311692237854,0.014250507578253746,0.002949855290353298,0.0077525838278234005,0.3400367200374603,0.005656121764332056,0.0011708172969520092,0.002946211025118828,0.20585502684116364
0018,000003,3,0.0003154703008476645,0.0004000572953373194,0.44595441222190857,0.0005404187249951065,0.0005683006020262837,0.4742221534252167,0.014209730550646782,0.0038017125334590673,0.0077524930238723755,0.3400455117225647,0.006671580485999584,0.0017621545121073723,0.003473362885415554,0.20482425391674042
0018,000004,4,0.0003257528878748417,0.0004141764948144555,0.4441280961036682,0.000519141205586493,0.0005466052680276334,0.47353649139404297,0.014171596616506577,0.00417571933940053,0.007785603869706392,0.3400861322879791,0.006325459573417902,0.002191261388361454,0.003279577475041151,0.20406979322433472
0018,000005,5,0.0003319108800496906,0.00042928964830935,0.438099205493927,0.0005266586085781455,0.0005712743732146919,0.47043153643608093,0.01396371703594923,0.004343521781265736,0.007770133670419455,0.3400972783565521,0.006149597000330687,0.002348419278860092,0.003286462277173996,0.2037549912929535
0018,000006,6,0.0003377078683115542,0.00043964144424535334,0.43494322896003723,0.0005389801226556301,0.0005902692209929228,0.4687456488609314,0.013920271769165993,0.004468113649636507,0.007783391047269106,0.3401238024234772,0.005755394231528044,0.0023217112757265568,0.0030715782195329666,0.20384301245212555
0018,000007,7,0.0003389626508578658,0.0004449428815860301,0.43199536204338074,0.0005580170545727015,0.0006140338373370469,0.4682573676109314,0.013779313303530216,0.004553032573312521,0.007755893282592297,0.3401341736316681,0.0058770752511918545,0.002180549781769514,0.00316690094769001,0.20424982905387878
0018,000008,8,0.0003388021432328969,0.00044402494677342474,0.4309120178222656,0.0005726454546675086,0.0006334904464893043,0.4680089056491852,0.013671958819031715,0.004630339797586203,0.007704413961619139,0.3401532769203186,0.0053053381852805614,0.0021199705079197884,0.0028391177766025066,0.20454542338848114
0018,000009,9,0.00033756389166228473,0.0004430569242686033,0.4298626780509949,0.000572696968447417,0.0006177800823934376,0.46999475359916687,0.01368340291082859,0.004682580474764109,0.007726681884378195,0.340158075094223,0.0055951280519366264,0.002074195770546794,0.0029488010331988335,0.2041802704334259
0018,000010,10,0.00033686598180793226,0.0004464680969249457,0.42741483449935913,0.0005642706528306007,0.0006057459977455437,0.4710865318775177,0.013499169610440731,0.00478763971477747,0.007661039475351572,0.3401840329170227,0.004940164275467396,0.002067247871309519,0.0026021285448223352,0.20415352284908295
0018,000011,11,0.00033819832606241107,0.00044969661394134164,0.4264766573905945,0.0005609497893601656,0.0006134075811132789,0.4687081277370453,0.01350219827145338,0.00486997002735734,0.007665711920708418,0.34017375111579895,0.005214331671595573,0.0020730835385620594,0.002766213146969676,0.20461852848529816
0018,000012,12,0.0003401666763238609,0.0004523625539150089,0.4264686107635498,0.0005609924555756152,0.0005972797516733408,0.47194552421569824,0.013631036505103111,0.004931188188493252,0.007740426808595657,0.34015563130378723,0.005147786345332861,0.0019865159410983324,0.0026923255063593388,0.20465713739395142
0018,000013,13,0.0003440925502218306,0.000454262102721259,0.4285912811756134,0.0005618425784632564,0.0006172418361529708,0.4687569737434387,0.013723758980631828,0.004987104330211878,0.007751508615911007,0.34014418721199036,0.005384260322898626,0.0019718629773706198,0.0028718477115035057,0.2050974816083908
0018,000014,14,0.000347831635735929,0.00045592323294840753,0.4311044216156006,0.0005731402197852731,0.0006201396463438869,0.47000017762184143,0.01388708595186472,0.0050580548122525215,0.007808280643075705,0.3401389718055725,0.005467204377055168,0.0020585861057043076,0.0028906073421239853,0.2046739012002945
0018,000015,15,0.00035119199310429394,0.00045726209646090865,0.4328244924545288,0.0005655408021993935,0.0006082911277189851,0.4714720547199249,0.013926531188189983,0.0051138862036168575,0.007805151399224997,0.34015145897865295,0.006607898976653814,0.002344295848160982,0.003485830733552575,0.20340755581855774
0018,000016,16,0.00034966168459504843,0.0004534773761406541,0.43424418568611145,0.0005518245161511004,0.0006009071948938072,0.4699259400367737,0.013872578740119934,0.005136769264936447,0.007745543494820595,0.3401592969894409,0.005084249656647444,0.0023239306174218655,0.002712440211325884,0.20333699882030487
0018,000017,17,0.0003501150640659034,0.0004535369807854295,0.4342421889305115,0.0005577097181230783,0.0006052331300452352,0.470395028591156,0.013883056119084358,0.005172428674995899,0.007735892198979855,0.34018006920814514,0.005388922523707151,0.0024147771764546633,0.002852989360690117,0.20282495021820068
0018,000018,18,0.0003537732409313321,0.0004555859777610749,0.4366355836391449,0.0005579249700531363,0.000602973741479218,0.47029560804367065,0.013891337439417839,0.00522833876311779,0.007714817766100168,0.34017738699913025,0.004844396375119686,0.0022865680512040854,0.0025601533707231283,0.20307639241218567
0018,000019,19,0.00035700807347893715,0.00046135930460877717,0.4367249608039856,0.0005672220722772181,0.0006131752743385732,0.47075796127319336,0.014030042104423046,0.0052779847756028175,0.007787449285387993,0.34018805623054504,0.0052479845471680164,0.0024185599759221077,0.002772956620901823,0.20261725783348083
0018,000020,20,0.0003610705316532403,0.0004665496526286006,0.43735215067863464,0.000575119280256331,0.000639328092802316,0.4683346748352051,0.014130868017673492,0.0053218938410282135,0.007828800939023495,0.3401854634284973,0.005675632506608963,0.002457511378452182,0.003065117634832859,0.2023942768573761
0018,000021,21,0.00036613247357308865,0.0004749224171973765,0.4373319447040558,0.0005728952819481492,0.0006197639741003513,0.4707159101963043,0.014361975714564323,0.00538582494482398,0.007974561303853989,0.3401508033275604,0.005607150495052338,0.0022562434896826744,0.0029610840138047934,0.20311836898326874
0018,000022,22,0.00036915778764523566,0.0004831079568248242,0.43448352813720703,0.0005749558913521469,0.0006111395196057856,0.47212904691696167,0.01427251286804676,0.005426705349236727,0.00798727385699749,0.34017011523246765,0.005749584175646305,0.0021922190207988024,0.003001017961651087,0.20307199656963348
0018,000023,23,0.00036789936712011695,0.0004855745064560324,0.43026238679885864,0.000561805150937289,0.0006015107501298189,0.4712209105491638,0.013849014416337013,0.005413545295596123,0.007767573930323124,0.3401782512664795,0.005205401219427586,0.002222431590780616,0.0027209436520934105,0.20329585671424866
0018,000024,24,0.00036660642945207655,0.0004848160606343299,0.4286487400531769,0.0005634815897792578,0.0006082328618504107,0.4697997272014618,0.013544111512601376,0.005379410460591316,0.007613240275532007,0.34017494320869446,0.0050881109200417995,0.002127081621438265,0.002683027181774378,0.20372988283634186
0018,000025,25,0.0003654982428997755,0.0004851033154409379,0.42715904116630554,0.0005685430369339883,0.0006114940042607486,0.47065970301628113,0.013492722995579243,0.005334463436156511,0.007620069198310375,0.3401615619659424,0.005079737864434719,0.0021735341288149357,0.0026676205452531576,0.2038721740245819
0018,000026,26,0.0003666968550533056,0.0004822415648959577,0.4290688633918762,0.0005681284819729626,0.0006120728212408721,0.4710058867931366,0.013543125241994858,0.005321843083947897,0.007600054610520601,0.3401604890823364,0.005356622394174337,0.002234840067103505,0.0028170994482934475,0.2038401961326599
0018,000027,27,0.00036093092057853937,0.00047545097186230123,0.4273654818534851,0.0005605179467238486,0.0006052356329746544,0.4705808758735657,0.013663469813764095,0.0052688028663396835,0.00768290925770998,0.3401854634284973,0.005051203537732363,0.0022034568246454,0.002661070553585887,0.20388878881931305
0018,000028,28,0.0003583161160349846,0.0004679663688875735,0.42935189604759216,0.0005603610770776868,0.0006052600801922381,0.47080668807029724,0.013800522312521935,0.005210004281252623,0.00772045087069273,0.3401886820793152,0.0054533458314836025,0.002152136992663145,0.0028702968265861273,0.20424368977546692
0018,000029,29,0.0003592186258174479,0.00046008170465938747,0.4337296783924103,0.0005655683344230056,0.0006104984786361456,0.47059428691864014,0.014004234224557877,0.005199696868658066,0.00776508217677474,0.3401835858821869,0.005301507655531168,0.0020961372647434473,0.002800647635012865,0.20501405000686646
0018,000030,30,0.00036027823807671666,0.0004538397188298404,0.43832188844680786,0.0005664826603606343,0.00060206966008991,0.472775936126709,0.014218322932720184,0.00519035616889596,0.007829437032341957,0.34019631147384644,0.005828810390084982,0.002132189692929387,0.0030566975474357605,0.20478254556655884
0018,000031,31,0.00036050568451173604,0.00045342938392423093,0.439908504486084,0.0005529298214241862,0.0005958738620392978,0.470775842666626,0.01424784678965807,0.005242206621915102,0.007816598750650883,0.34019356966018677,0.005669628735631704,0.0020924792625010014,0.002989828819409013,0.20508165657520294
0018,000032,32,0.00036324834218248725,0.0004529841826297343,0.44293898344039917,0.0005526852328330278,0.000594364246353507,0.47131669521331787,0.014390273950994015,0.005282492842525244,0.00784764252603054,0.34019824862480164,0.005533406510949135,0.0021364421118050814,0.0029059690423309803,0.20486824214458466
0018,000033,33,0.0003682142123579979,0.0004545976116787642,0.44582289457321167,0.0005460361717268825,0.0005872204201295972,0.471935510635376,0.014757166616618633,0.005320699419826269,0.008009753189980984,0.3402043879032135,0.0060217734426259995,0.002360325073823333,0.003144905436784029,0.2041408121585846
0018,000034,34,0.0003716782957781106,0.00045766812399961054,0.4475661814212799,0.0005364922690205276,0.0005813380121253431,0.4711395800113678,0.014895039610564709,0.005383229348808527,0.008087425492703915,0.34023529291152954,0.006033646408468485,0.00236910255625844,0.003169634845107794,0.20442992448806763
0018,000035,35,0.00037138283369131386,0.00046348266187123954,0.4443732500076294,0.0005364721291698515,0.0005742633948102593,0.4712204337120056,0.01499128807336092,0.005358907859772444,0.008212693966925144,0.3402419686317444,0.0066202678717672825,0.0021995778661221266,0.003470104653388262,0.20567883551120758
0018,000036,36,0.0003662697272375226,0.00046606577234342694,0.438688188791275,0.000552917888853699,0.0006055477424524724,0.4693852961063385,0.01466864813119173,0.005297658033668995,0.00813168752938509,0.34022021293640137,0.00695620384067297,0.002109635155647993,0.003707652445882559,0.2054596245288849
0018,000037,37,0.00036521125002764165,0.00046678006765432656,0.43676137924194336,0.0005547439795918763,0.0006192022119648755,0.4687260091304779,0.014399265870451927,0.005302759353071451,0.00800288561731577,0.3402451276779175,0.006380677223205566,0.0022940291091799736,0.003440882544964552,0.20500780642032623
0018,000038,38,0.00036720826756209135,0.000463910517282784,0.43856486678123474,0.0005560726276598871,0.0006194373709149659,0.4684058427810669,0.014395656995475292,0.005292624235153198,0.00795045681297779,0.34023404121398926,0.0059459456242620945,0.0022720142733305693,0.0031867893412709236,0.2052915394306183
0018,000039,39,0.00036815181374549866,0.00046545322402380407,0.4382484257221222,0.0005664973286911845,0.0006329571479000151,0.4683881998062134,0.01468152366578579,0.005267867352813482,0.008132572285830975,0.34022656083106995,0.006081653758883476,0.0023661369923502207,0.003248083172366023,0.20541775226593018
0018,000040,40,0.0003634704917203635,0.00046219845535233617,0.4380352199077606,0.0005677369190379977,0.0006234252941794693,0.4696873724460602,0.014429191127419472,0.005261601880192757,0.008012884296476841,0.3402124047279358,0.005799008533358574,0.00225732265971601,0.0030738411005586386,0.20595240592956543
0018,000041,41,0.0003640679642558098,0.00045979564310982823,0.4408093988895416,0.0005674728308804333,0.0006167302490212023,0.469694584608078,0.014453338459134102,0.0053231543861329556,0.007977752014994621,0.34023627638816833,0.005692710634320974,0.0021678723860532045,0.002999829361215234,0.2065998762845993
0018,000042,42,0.0003641087969299406,0.0004613545024767518,0.4400511682033539,0.0005620763986371458,0.0006111785187385976,0.4696042239665985,0.01431246753782034,0.005320507567375898,0.007908569648861885,0.3402339220046997,0.006053354125469923,0.002144155791029334,0.0031982979271560907,0.20787209272384644
0018,000043,43,0.0003667424898594618,0.0004673668590839952,0.4388729929924011,0.0005703115020878613,0.0006166745442897081,0.47023969888687134,0.014233632944524288,0.005311720538884401,0.007909354753792286,0.34023022651672363,0.005896746180951595,0.0022360964212566614,0.0030978803988546133,0.20806702971458435
0018,000044,44,0.0003681972448248416,0.0004721592413261533,0.4384841322898865,0.0005578728159889579,0.0005998580018058419,0.4705631732940674,0.014391636475920677,0.005318420473486185,0.00799611210823059,0.3402303457260132,0.005888490471988916,0.0022336074616760015,0.0030939672142267227,0.20769014954566956
0018,000045,45,0.00037407028139568865,0.00047879101475700736,0.43890440464019775,0.000548133859410882,0.0005993351805955172,0.468850314617157,0.014472524635493755,0.005344938021153212,0.008029438555240631,0.3402162194252014,0.00573716638609767,0.0022231347393244505,0.003058276604861021,0.20733191072940826
0018,000046,46,0.0003781912673730403,0.00048370042350143194,0.4389461576938629,0.0005491963238455355,0.0006035635597072542,0.468336820602417,0.01463235355913639,0.0053298999555408955,0.008117176592350006,0.340230256319046,0.006123352330178022,0.0023346329107880592,0.003276311792433262,0.206754669547081
0018,000047,47,0.00037708505988121033,0.00048635550774633884,0.4360077977180481,0.0005399968940764666,0.0005807729321531951,0.4700862765312195,0.014870231971144676,0.0053118388168513775,0.00830400176346302,0.3402186334133148,0.005985152907669544,0.002334581222385168,0.0031443575862795115,0.20653502643108368
0018,000048,48,0.0003709677548613399,0.0004819334717467427,0.4335726201534271,0.0005297639290802181,0.0005619087023660541,0.47100189328193665,0.014620538800954819,0.005247125402092934,0.00821022316813469,0.34022635221481323,0.0064755938947200775,0.0022675744257867336,0.003339630551636219,0.20685042440891266
0018,000049,49,0.0003570621774997562,0.00047197629464790225,0.4287058711051941,0.0005330560961738229,0.0005733525613322854,0.4706031382083893,0.013979355804622173,0.00517251156270504,0.007924024015665054,0.3402480483055115,0.006659462582319975,0.0025346751790493727,0.003519791876897216,0.2056482881307602
0018,000050,50,0.0003495810669846833,0.0004656305245589465,0.4274143576622009,0.0005216315621510148,0.0005727816605940461,0.4684847295284271,0.013721002265810966,0.005194459110498428,0.007787416689097881,0.3402777314186096,0.0058336686342954636,0.002574630780145526,0.0031345076858997345,0.2052878737449646
0018,000051,51,0.0003481969179119915,0.0004608467861544341,0.4293373227119446,0.0005282229976728559,0.0005738215986639261,0.47005176544189453,0.013585616834461689,0.005231165327131748,0.007666701916605234,0.3402545154094696,0.00544947711750865,0.0025668933521956205,0.0028894615825265646,0.20500020682811737
0018,000052,52,0.00034580955980345607,0.00045667882659472525,0.42976605892181396,0.0005360512295737863,0.0005864296108484268,0.46929359436035156,0.013502277433872223,0.005255918949842453,0.007614509668201208,0.340225487947464,0.005485224537551403,0.0024412842467427254,0.0029254520777612925,0.20512655377388
0018,000053,53,0.0003430919605307281,0.00045326209510676563,0.42945870757102966,0.0005418952205218375,0.00058726966381073,0.469706654548645,0.013565617613494396,0.005274613853543997,0.007628521881997585,0.34023553133010864,0.005086823832243681,0.002371300710365176,0.002685877261683345,0.2051171511411667
0018,000054,54,0.0003425753675401211,0.00044765224447473884,0.43177172541618347,0.0005480552208609879,0.0005953530198894441,0.4701046347618103,0.013562755659222603,0.005290363449603319,0.007578074932098389,0.34023210406303406,0.005666263401508331,0.0024690900463610888,0.0030034545343369246,0.20466166734695435
0018,000055,55,0.0003448885108809918,0.00044804601930081844,0.43338069319725037,0.0005399637157097459,0.0005771442665718496,0.4711102545261383,0.013749143108725548,0.005285490769892931,0.007639980874955654,0.3402200937271118,0.00513708358630538,0.002366794506087899,0.0026949583552777767,0.2046682983636856
0018,000056,56,0.0003459403815213591,0.0004488953563850373,0.43353840708732605,0.000540398817975074,0.0005778924678452313,0.4713273048400879,0.01384118851274252,0.005257612094283104,0.007687628269195557,0.34021008014678955,0.005537080578505993,0.0021737120114266872,0.002902122214436531,0.20546290278434753
0018,000057,57,0.00034940679324790835,0.0004522802773863077,0.4346838593482971,0.0005462038679979742,0.0005764130619354546,0.47294604778289795,0.014014593325555325,0.005254058632999659,0.007764148525893688,0.340219110250473,0.005756920203566551,0.0022098261397331953,0.0029948593582957983,0.2053900957107544
0018,000058,58,0.00035483090323396027,0.0004552958416752517,0.43838706612586975,0.0005354785826057196,0.0005676533910445869,0.4723883271217346,0.014418408274650574,0.005304110236465931,0.007959599606692791,0.34024739265441895,0.005645379424095154,0.002177392365410924,0.002928243950009346,0.20581328868865967
0018,000059,59,0.0003572041750885546,0.00045870759640820324,0.4389718770980835,0.0005278182798065245,0.0005610702792182565,0.47128310799598694,0.014669232070446014,0.0053587546572089195,0.008102944120764732,0.3402809500694275,0.006082062143832445,0.0020366525277495384,0.0031815627589821815,0.20693060755729675
0018,000060,60,0.00035524184932000935,0.0004597421793732792,0.43603450059890747,0.0005471491604112089,0.0006012790836393833,0.46873781085014343,0.014310563914477825,0.005292948335409164,0.00795778352767229,0.34028494358062744,0.006368924863636494,0.0020862000528723,0.0034154453314840794,0.20622332394123077
0018,000061,61,0.00034809039789251983,0.00046431247028522193,0.42629700899124146,0.0005566754844039679,0.0006248322897590697,0.467363178730011,0.013910462148487568,0.005228657275438309,0.007886827923357487,0.3402808606624603,0.007628283463418484,0.0025029664393514395,0.004131660331040621,0.20457254350185394
0018,000062,62,0.00034629442961886525,0.00046314028440974653,0.4248668849468231,0.0005454911733977497,0.0005998898996040225,0.46855342388153076,0.01363538671284914,0.0051899258978664875,0.007741452194750309,0.3402753472328186,0.006047415547072887,0.00260992837138474,0.0032517046201974154,0.20379962027072906
0018,000063,63,0.00034826513729058206,0.00046215555630624294,0.4265892207622528,0.0005521196871995926,0.0006156989838927984,0.4676757752895355,0.013545203022658825,0.005184903275221586,0.007684722542762756,0.3402400016784668,0.005619365256279707,0.002687042346224189,0.0030369923915714025,0.203450009226799
0018,000064,64,0.00034463146585039794,0.00045823390246368945,0.4255876839160919,0.0005596018163487315,0.0006138539756648242,0.4694264829158783,0.013423840515315533,0.005218587815761566,0.007632933557033539,0.34022513031959534,0.0053426544182002544,0.002832503290846944,0.002844617934897542,0.20266792178153992
0018,000065,65,0.0003431095683481544,0.0004580362874548882,0.42466241121292114,0.0005535574746318161,0.0006036310223862529,0.46962523460388184,0.013403263874351978,0.005239114165306091,0.0076394109055399895,0.3402058184146881,0.004760122857987881,0.002660400466993451,0.0025270425248891115,0.20274390280246735
0018,000066,66,0.0003453161916695535,0.0004576205392368138,0.42666491866111755,0.0005640730960294604,0.0006137598538771272,0.4701978862285614,0.013375308364629745,0.005237888544797897,0.007578070275485516,0.3401952087879181,0.005188204813748598,0.002670822199434042,0.0027504146564751863,0.20249050855636597
0018,000067,67,0.00034663299447856843,0.0004560776869766414,0.42888548970222473,0.0005578504060395062,0.0005944057484157383,0.4712767004966736,0.01348321046680212,0.005232894327491522,0.007605459075421095,0.34018492698669434,0.005358305759727955,0.0023212572559714317,0.0028097997419536114,0.20341981947422028
0018,000068,68,0.0003485158667899668,0.000455708330264315,0.4306502044200897,0.0005712339770980179,0.0006102275801822543,0.47152701020240784,0.013561727479100227,0.005242910701781511,0.007627179846167564,0.34018266201019287,0.005100601352751255,0.002303288783878088,0.002679589204490185,0.20305292308330536
0018,000069,69,0.000351768103428185,0.00045513323857448995,0.4336695671081543,0.000558418920263648,0.0005886631552129984,0.4730245769023895,0.013793178834021091,0.005260324105620384,0.007718389853835106,0.3401748239994049,0.005388178862631321,0.0021961270831525326,0.002796713961288333,0.20350328087806702
0018,000070,70,0.0003568644169718027,0.00045599305303767323,0.4380442500114441,0.0005607821512967348,0.0005921301199123263,0.4726645052433014,0.01381368562579155,0.005294100381433964,0.007663081865757704,0.3401951491832733,0.005554243456572294,0.0022630738094449043,0.0028894622810184956,0.2030363827943802
0018,000071,71,0.0003594924055505544,0.00045340092037804425,0.4422191083431244,0.000554413883946836,0.0005913596251048148,0.47231951355934143,0.014058581553399563,0.005313060246407986,0.007732653524726629,0.3402117192745209,0.005641772411763668,0.0023307236842811108,0.0029678684659302235,0.20235753059387207
0018,000072,72,0.00036255401209928095,0.000455328612588346,0.44415825605392456,0.000550592434592545,0.000584517780225724,0.4729773998260498,0.014119962230324745,0.005330408923327923,0.007740763947367668,0.34023839235305786,0.005509159527719021,0.0022963990923017263,0.0029010658618062735,0.20220713317394257
0018,000073,73,0.0003659270005300641,0.00045469222823157907,0.4482038915157318,0.0005383689422160387,0.0005691113183274865,0.4725629687309265,0.014414183795452118,0.005386692006140947,0.007829847745597363,0.3402848243713379,0.005957293324172497,0.002021595137193799,0.00308177899569273,0.20362168550491333
0018,000074,74,0.00037000980228185654,0.0004602839471772313,0.4484981596469879,0.0005622620228677988,0.00060286681400612,0.4718160927295685,0.014571703970432281,0.005404983181506395,0.007923714816570282,0.34030696749687195,0.005951855797320604,0.0019800385925918818,0.0031271332409232855,0.20463742315769196
0018,000075,75,0.0003645945980679244,0.0004627374582923949,0.44116711616516113,0.0005805159453302622,0.0006459925207309425,0.4680168628692627,0.014303307048976421,0.005337401758879423,0.007881374098360538,0.34027498960494995,0.006605623289942741,0.0020373286679387093,0.0035810405388474464,0.20441749691963196
0018,000076,76,0.00036124183679930866,0.0004622515116352588,0.43813520669937134,0.0005899148527532816,0.0006601256318390369,0.4683833420276642,0.014005567878484726,0.005306058097630739,0.0077376714907586575,0.3402703106403351,0.006758776493370533,0.0023357816971838474,0.003646222874522209,0.20356370508670807
0018,000077,77,0.00036009534960612655,0.0004584937705658376,0.4388298988342285,0.0005835066549479961,0.0006539329770021141,0.4683513343334198,0.013924052007496357,0.005297097843140364,0.007665116339921951,0.34026792645454407,0.005874262191355228,0.0023852582089602947,0.003156531834974885,0.20310653746128082
0018,000078,78,0.00036151838139630854,0.00045742152724415064,0.43992701172828674,0.000575854501221329,0.0006358648533932865,0.4698396623134613,0.013895723037421703,0.005338454619050026,0.007655701600015163,0.340280145406723,0.005203326232731342,0.0022946596145629883,0.0027619143947958946,0.20356173813343048
0018,000079,79,0.0003635682805906981,0.000457506364909932,0.44106438755989075,0.0005819298094138503,0.0006423633894883096,0.4696991443634033,0.013977554626762867,0.005354870576411486,0.007689590100198984,0.3402467668056488,0.0052326698787510395,0.0022422585170716047,0.0027725319378077984,0.2041003555059433
0018,000080,80,0.00036566288326866925,0.0004558127257041633,0.4429260492324829,0.0005869748420082033,0.0006399129633791745,0.4711955487728119,0.014208060689270496,0.005366569384932518,0.007772273384034634,0.34021949768066406,0.00579936383292079,0.0022743481677025557,0.0030446944292634726,0.2037195861339569
0018,000081,81,0.00037295077345333993,0.0004622367268893868,0.44523918628692627,0.0005702354828827083,0.0006144163198769093,0.47134390473365784,0.014464249834418297,0.005359868984669447,0.007872148416936398,0.34022587537765503,0.00594880897551775,0.0021260655485093594,0.0031028357334434986,0.20452845096588135
0018,000082,82,0.00037312813219614327,0.0004660386766772717,0.444829523563385,0.0005771756405010819,0.0006301855319179595,0.46979379653930664,0.014197860844433308,0.005344721954315901,0.007769199553877115,0.34021446108818054,0.005906012840569019,0.002000996144488454,0.0031185103580355644,0.20461858808994293
0018,000083,83,0.0003650314756669104,0.0004633476783055812,0.4416728913784027,0.000565535796340555,0.0006079663871787488,0.4707450866699219,0.013944774866104126,0.005331162828952074,0.007695727050304413,0.34021756052970886,0.005383280571550131,0.0019974038004875183,0.002825103932991624,0.20486274361610413
0018,000084,84,0.00036267543327994645,0.00046010996447876096,0.44096338748931885,0.0005522321444004774,0.0005880980170331895,0.4714985191822052,0.013893865048885345,0.00534831965342164,0.007679616566747427,0.340247243642807,0.004898481536656618,0.0019320527790114284,0.0025626132264733315,0.2054768204689026
0018,000085,85,0.00036311050644144416,0.00046097522135823965,0.43962210416793823,0.0005522830761037767,0.0005946329911239445,0.47070038318634033,0.013652128167450428,0.0053236596286296844,0.007569796405732632,0.3402280807495117,0.005419362336397171,0.0019968049600720406,0.002854689257219434,0.20517303049564362
0018,000086,86,0.0003601618227548897,0.00046118375030346215,0.43819013237953186,0.0005445998976938426,0.0005810060538351536,0.4715590476989746,0.013626031577587128,0.005299422424286604,0.007564221043139696,0.34024807810783386,0.005242775660008192,0.0020118975080549717,0.0027395482175052166,0.2052621841430664
0018,000087,87,0.00035887700505554676,0.0004606086586136371,0.4372425973415375,0.0005464719142764807,0.0005879337550140917,0.4715622067451477,0.01354049239307642,0.005297552794218063,0.00753712048754096,0.34025269746780396,0.006391306407749653,0.0022347187623381615,0.0033714273013174534,0.2038733810186386
0018,000088,88,0.00035823803045786917,0.0004606654401868582,0.4364044666290283,0.0005284433136694133,0.0005677357548847795,0.4708540141582489,0.013528827577829361,0.005284743849188089,0.007537429220974445,0.3402465879917145,0.004753699991852045,0.0021111953537911177,0.002505684969946742,0.20424571633338928
0018,000089,89,0.0003584385849535465,0.0004612501652445644,0.436275839805603,0.0005345965037122369,0.0005736539023928344,0.4710797965526581,0.013551468029618263,0.005282416474074125,0.007545616012066603,0.340237021446228,0.004712196066975594,0.002051325049251318,0.0024817143566906452,0.20448629558086395
0018,000090,90,0.00035907101118937135,0.0004605796420946717,0.4364437460899353,0.000541409885045141,0.0005816214252263308,0.4711740016937256,0.013569038361310959,0.005275085102766752,0.00755381491035223,0.3402232229709625,0.0052041104063391685,0.002144318073987961,0.0027428558096289635,0.20394976437091827
0018,000091,91,0.00035926789860241115,0.00045978688285686076,0.4366615414619446,0.0005350890569388866,0.0005772114382125437,0.47108715772628784,0.013497590087354183,0.005265350453555584,0.007495747413486242,0.3402221202850342,0.004970935173332691,0.002166918944567442,0.002624576911330223,0.20385029911994934
0018,000092,92,0.00035820083576254547,0.00045967986807227135,0.4359990954399109,0.0005325732636265457,0.0005685962387360632,0.47170698642730713,0.01348485890775919,0.005234519951045513,0.007505782879889011,0.3402178883552551,0.004898993298411369,0.0021581135224550962,0.002575216582044959,0.20376037061214447
0018,000093,93,0.0003579015610739589,0.00046207636478357017,0.43495452404022217,0.0005335962632670999,0.0005761685315519571,0.4706893265247345,0.01358223520219326,0.005233943462371826,0.007571400608867407,0.34024763107299805,0.0049110050313174725,0.0020886685233563185,0.0025959184858947992,0.20388466119766235
0018,000094,94,0.00035680344444699585,0.00046120036859065294,0.4341500401496887,0.0005407760618254542,0.000582551525440067,0.4705018401145935,0.01360546238720417,0.005221398081630468,0.0075842286460101604,0.3402189016342163,0.005134796258062124,0.001987652387470007,0.0027055745013058186,0.20426683127880096
0018,000095,95,0.0003596869937609881,0.00046049460070207715,0.4355972707271576,0.0005497201345860958,0.0005964947049506009,0.470090389251709,0.013796431943774223,0.005241787992417812,0.007658733986318111,0.3402295410633087,0.005455357488244772,0.0020912010222673416,0.002884887857362628,0.20449349284172058
0018,000096,96,0.0003655825858004391,0.00046236938214860857,0.43756571412086487,0.0005527111352421343,0.0005946991150267422,0.47083142399787903,0.014004220254719257,0.005232830531895161,0.007726295851171017,0.34022003412246704,0.00570116238668561,0.002057041274383664,0.003003833582624793,0.20475803315639496
0018,000097,97,0.0003666739503387362,0.0004696857649832964,0.4343689978122711,0.0005619748262688518,0.0006146033992990851,0.46881577372550964,0.014002857729792595,0.005230881739407778,0.007798310834914446,0.3401966392993927,0.00607482111081481,0.002031870186328888,0.0032123117707669735,0.2057257890701294
0018,000098,98,0.0003680177906062454,0.0004718324344139546,0.43514126539230347,0.0005794268799945712,0.0006272793980315328,0.47018516063690186,0.01406489685177803,0.005268965847790241,0.007827202789485455,0.34023693203926086,0.006065767724066973,0.0021032250951975584,0.003206149209290743,0.20522315800189972
0018,000099,99,0.0003649511781986803,0.0004727403284050524,0.43364787101745605,0.0005653747939504683,0.000611862342339009,0.47014015913009644,0.013934680260717869,0.00527365505695343,0.007803493645042181,0.3402220606803894,0.005576715804636478,0.0020606957841664553,0.0029406293760985136,0.2051886022090912
0018,000100,100,0.00036147431819699705,0.00047249183990061283,0.43095675110816956,0.0005542874569073319,0.0005895320209674537,0.4717573821544647,0.013523698784410954,0.005261273588985205,0.0076137506403028965,0.34020325541496277,0.006243984680622816,0.0022295466624200344,0.0032699359580874443,0.20431460440158844
0018,000101,101,0.0003573676513042301,0.00046925400965847075,0.42915934324264526,0.0005413938197307289,0.0005817199125885963,0.47060689330101013,0.01344336848706007,0.005259642377495766,0.0075906612910330296,0.3402058184146881,0.00519157201051712,0.0023303788620978594,0.0027390485629439354,0.20383383333683014
0018,000102,102,0.0003569292020983994,0.00047055722097866237,0.4276484251022339,0.000533220125362277,0.0005655502318404615,0.47137337923049927,0.01330361794680357,0.005258567165583372,0.007521790452301502,0.3402252793312073,0.0047305854968726635,0.002213919535279274,0.002479501999914646,0.20392782986164093
0018,000103,103,0.0003581414057407528,0.0004717127012554556,0.4278022050857544,0.0005424662376753986,0.0005823233514092863,0.47083497047424316,0.01329599879682064,0.005254658870398998,0.007502011489123106,0.34023329615592957,0.005214646924287081,0.002286686096340418,0.002753046341240406,0.20346134901046753
0018,000104,104,0.0003581904456950724,0.00047106752754189074,0.42829054594039917,0.0005365947145037353,0.0005742980865761638,0.4706946909427643,0.013413216918706894,0.00527550932019949,0.007566897198557854,0.34024035930633545,0.004620234481990337,0.0022452534176409245,0.0024358483497053385,0.2035239040851593
0018,000105,105,0.00035882179508917034,0.0004723978345282376,0.4279891550540924,0.0005463066627271473,0.0005835042102262378,0.4708811044692993,0.013384150341153145,0.0052876281552016735,0.007542123552411795,0.34022924304008484,0.004420258570462465,0.002091579604893923,0.002323101507499814,0.20401577651500702
0018,000106,106,0.0003596018359530717,0.0004725994949694723,0.4286704659461975,0.0005558694247156382,0.0005929438048042357,0.4715113341808319,0.01353778038173914,0.005281857680529356,0.007612175308167934,0.3402082324028015,0.004862768109887838,0.002143395133316517,0.0025529591366648674,0.20381660759449005
0018,000107,107,0.0003630265418905765,0.00047287289635278285,0.43197280168533325,0.0005451951874420047,0.0005800536600872874,0.4715135991573334,0.013785372488200665,0.0052985562942922115,0.007710159756243229,0.3401971459388733,0.005146554671227932,0.00197712704539299,0.0026882917154580355,0.20495231449604034
0018,000108,108,0.0003656281332951039,0.00047540070954710245,0.4337555468082428,0.0005597011768259108,0.0005925142904743552,0.47230255603790283,0.01384020410478115,0.005305855069309473,0.007706282194703817,0.3401983678340912,0.005469698458909988,0.001991906436160207,0.0028336290270090103,0.20599454641342163
0018,000109,109,0.00036996466224081814,0.00047904180246405303,0.43536946177482605,0.000557496037799865,0.0005956245586276054,0.4706994891166687,0.014050988480448723,0.0053457519970834255,0.007813513278961182,0.34023189544677734,0.006793097592890263,0.0021264003589749336,0.0035461147781461477,0.20802074670791626
0018,000110,110,0.00037099927430972457,0.0004830561811104417,0.4341697692871094,0.000573862693272531,0.0006222060765139759,0.46958836913108826,0.01405422855168581,0.005367484875023365,0.007836714386940002,0.34022459387779236,0.005396021995693445,0.0021001300774514675,0.0028761853463947773,0.20844605565071106
0018,000111,111,0.0003668425779324025,0.00048558160779066384,0.42850515246391296,0.0005694417632184923,0.0006172017892822623,0.4699111878871918,0.013786653988063335,0.005343959666788578,0.007789625786244869,0.3402133285999298,0.00545534398406744,0.0020563232246786356,0.0029108261223882437,0.2084575891494751
0018,000112,112,0.00036497338442131877,0.0004866973322350532,0.4252263903617859,0.0005702367052435875,0.0006371254567056894,0.46730363368988037,0.013488429598510265,0.005291558802127838,0.007663770578801632,0.340207040309906,0.006158268079161644,0.002090893220156431,0.0033479826524853706,0.20770224928855896
0018,000113,113,0.0003597471513785422,0.00047951750457286835,0.42418113350868225,0.000559999025426805,0.000615326629485935,0.4693147540092468,0.013282435946166515,0.005256179720163345,0.007550891023129225,0.34022286534309387,0.006503454875200987,0.002311846474185586,0.003499674377962947,0.20634639263153076
0018,000114,114,0.00035815738374367356,0.00047564718988724053,0.42532026767730713,0.0005426713614724576,0.0005947733880020678,0.46974989771842957,0.013254990801215172,0.005262313410639763,0.007524291053414345,0.34022921323776245,0.006044556386768818,0.0026082596741616726,0.0032161090057343245,0.20517686009407043
0018,000115,115,0.00035866748658008873,0.00047313611139543355,0.42665815353393555,0.0005287369713187218,0.0005743191577494144,0.47010791301727295,0.013197407126426697,0.0052740806713700294,0.007465190254151821,0.340204656124115,0.004748715553432703,0.0026048114523291588,0.0025225284043699503,0.2047712206840515
0018,000116,116,0.0003597383911255747,0.0004709172935690731,0.42843204736709595,0.0005282991332933307,0.0005706062074750662,0.47057342529296875,0.013279316946864128,0.005301712080836296,0.007498505990952253,0.34018921852111816,0.005081391893327236,0.0026156597305089235,0.002680977573618293,0.2043592482805252
0018,000117,117,0.00036086395266465843,0.00047163412091322243,0.42907875776290894,0.0005307121318764985,0.0005775910103693604,0.4698423445224762,0.01327427662909031,0.005303303711116314,0.007489548996090889,0.34014514088630676,0.0047379108145833015,0.0025438982993364334,0.002506644232198596,0.20434196293354034
0018,000118,118,0.0003581001947168261,0.0004676791140809655,0.42939406633377075,0.000536566018126905,0.000573146971873939,0.47160911560058594,0.013185945339500904,0.005312986671924591,0.007437265943735838,0.34015315771102905,0.005014597438275814,0.0026305399369448423,0.002638844773173332,0.20358100533485413
0018,000119,119,0.00035828346153721213,0.000467267440399155,0.4292105436325073,0.0005317060858942568,0.0005689131212420762,0.4713723957538605,0.013254628516733646,0.0053216456435620785,0.0074754562228918076,0.3401508331298828,0.004696211777627468,0.0026211210060864687,0.002474977634847164,0.2031780183315277
0018,000120,120,0.0003566597297322005,0.000465248100226745,0.42886245250701904,0.0005349447601474822,0.0005807860870845616,0.46990394592285156,0.013269548304378986,0.005333926994353533,0.007482459302991629,0.34016165137290955,0.004572101403027773,0.0024116847198456526,0.0024298354983329773,0.2033672034740448
0018,000121,121,0.0003576494927983731,0.0004633222706615925,0.43119239807128906,0.0005463550332933664,0.0005860917153768241,0.4712376594543457,0.013299898244440556,0.005345582962036133,0.007469487376511097,0.3401595652103424,0.0048455046489834785,0.002451858948916197,0.002557697705924511,0.20289255678653717
0018,000122,122,0.000361187441740185,0.00046624953392893076,0.4319919943809509,0.000543791800737381,0.0005804357933811843,0.4714532792568207,0.013321271166205406,0.005345696583390236,0.007459627464413643,0.34015321731567383,0.004409730434417725,0.002343295607715845,0.0023221217561513186,0.20281457901000977
0018,000123,123,0.0003615145105868578,0.0004658088437281549,0.43173351883888245,0.0005465461290441453,0.0005871617468073964,0.47095024585723877,0.013283925130963326,0.005342807155102491,0.0074495431035757065,0.3401675224304199,0.004483186174184084,0.002087115542963147,0.0023680520243942738,0.20344407856464386
0018,000124,124,0.00036133048706687987,0.0004668894107453525,0.43096205592155457,0.0005661869654431939,0.00060988066252321,0.47091323137283325,0.013279583305120468,0.005343055352568626,0.007459740154445171,0.3401746153831482,0.0050429305993020535,0.0022236835211515427,0.0026654864195734262,0.2027212530374527
0018,000125,125,0.000363113300409168,0.00047009691479615867,0.4302557408809662,0.0005626684869639575,0.0006082762847654521,0.47037363052368164,0.013280780985951424,0.005343885626643896,0.00746293505653739,0.3401779532432556,0.0044264099560678005,0.0021942697931081057,0.0023443279787898064,0.20269212126731873
0018,000126,126,0.00036168782389722764,0.00046795306843705475,0.4303351640701294,0.0005672522820532322,0.0006018330459482968,0.4727473556995392,0.01324545405805111,0.005331765860319138,0.007454263512045145,0.34017425775527954,0.004924924578517675,0.002362804254516959,0.0025807959027588367,0.2019597589969635
0018,000127,127,0.0003626350953709334,0.00046683300752192736,0.4315861463546753,0.0005561256548389792,0.0006050943629816175,0.46927154064178467,0.013162480667233467,0.005338914226740599,0.007382305804640055,0.3402114808559418,0.004334616009145975,0.0020964136347174644,0.0023034189362078905,0.20265287160873413
0018,000128,128,0.0003617469919845462,0.0004641758860088885,0.432401180267334,0.0005802330560982227,0.0006270049489103258,0.4703281819820404,0.01328504178673029,0.005357393063604832,0.007443264592438936,0.3402051031589508,0.0042835199274122715,0.0020698767621070147,0.002266452182084322,0.20273074507713318
0018,000129,129,0.0003618649789132178,0.00046411785297095776,0.43231678009033203,0.0005781095242127776,0.0006144896033219993,0.4717884063720703,0.013266346417367458,0.0053500342182815075,0.007430728059262037,0.34021005034446716,0.0041939374059438705,0.002005410147830844,0.0022016773000359535,0.20275643467903137
0018,000130,130,0.00036386059946380556,0.0004667401371989399,0.43287158012390137,0.0005764186498709023,0.0006187353865243495,0.47098737955093384,0.013376387767493725,0.005350163672119379,0.007479880470782518,0.3402184247970581,0.004436689428985119,0.001949736732058227,0.0023436974734067917,0.2030167579650879
0018,000131,131,0.0003635244211181998,0.00046494926209561527,0.4331633150577545,0.0005774883320555091,0.0006160849588923156,0.47151118516921997,0.013301179744303226,0.005330760031938553,0.007435796316713095,0.34020161628723145,0.004249874502420425,0.0018718608189374208,0.0022345271427184343,0.20335008203983307
0018,000132,132,0.00036451147752813995,0.00046461186138913035,0.4340783953666687,0.0005841257516294718,0.0006292930920608342,0.4707501530647278,0.013309848494827747,0.00535050081089139,0.007432872429490089,0.3402206301689148,0.0043384116142988205,0.0018867473118007183,0.0022933671716600657,0.2032804787158966
0018,000133,133,0.00036391918547451496,0.0004634798679035157,0.43446266651153564,0.0005768120754510164,0.0006123613566160202,0.4718044400215149,0.013252506963908672,0.005347272381186485,0.007389720994979143,0.34024304151535034,0.004181201104074717,0.0018688882701098919,0.002193564549088478,0.20357809960842133
0018,000134,134,0.00036497964174486697,0.00046345285954885185,0.4353896975517273,0.0005792250158265233,0.0006206866819411516,0.4712890088558197,0.013336154632270336,0.005374361295253038,0.007425228599458933,0.34024202823638916,0.004414381459355354,0.0019227081211283803,0.002325104782357812,0.20363473892211914
0018,000135,135,0.00036208826350048184,0.0004593320481944829,0.4351969361305237,0.0005764849483966827,0.0006171903805807233,0.47122251987457275,0.013285433873534203,0.0053679258562624454,0.007398488465696573,0.34024134278297424,0.004419565200805664,0.0019014375284314156,0.0023333143908530474,0.20365361869335175
0018,000136,136,0.0003632955194916576,0.0004596634244080633,0.43525564670562744,0.0005715133156627417,0.0006124325445853174,0.47091326117515564,0.013282885774970055,0.005358537193387747,0.007386406417936087,0.340250700712204,0.004549943841993809,0.0018526125932112336,0.0023980482947081327,0.20443585515022278
0018,000137,137,0.0003626290999818593,0.0004596038779709488,0.43502163887023926,0.0005756674217991531,0.0006138398312032223,0.4718768894672394,0.013259192928671837,0.005358059424906969,0.007388456724584103,0.340243399143219,0.004474901594221592,0.0018532521789893508,0.0023467859718948603,0.2047591507434845
0018,000138,138,0.0003638271300587803,0.0004601975961122662,0.43527618050575256,0.0005725492956116796,0.0006157513125799596,0.47104841470718384,0.013338330201804638,0.005379712674766779,0.0074200998060405254,0.34025123715400696,0.0048133316449820995,0.0019122643861919641,0.0025394971016794443,0.20422275364398956
0018,000139,139,0.0003647725679911673,0.00046138986363075674,0.43547752499580383,0.0005616427515633404,0.0006023162277415395,0.47090423107147217,0.01331699825823307,0.005374565254896879,0.0074063693173229694,0.34024778008461,0.004811379127204418,0.001948124379850924,0.002535649109631777,0.20405927300453186
0018,000140,140,0.00036500938585959375,0.00046112635754980147,0.43600478768348694,0.0005541511345654726,0.0005816271295771003,0.4734081029891968,0.013367311097681522,0.005383973941206932,0.007419475819915533,0.34024062752723694,0.005197868216782808,0.002091582864522934,0.0027102227322757244,0.20354042947292328
0018,000141,141,0.00036619583261199296,0.0004632073105312884,0.4359663426876068,0.0005437145591713488,0.000583434768486768,0.4710296094417572,0.013426492922008038,0.005401121452450752,0.007455927319824696,0.34023258090019226,0.004482385236769915,0.001960438210517168,0.002369251102209091,0.20400862395763397
0018,000142,142,0.0003670378355309367,0.0004614401259459555,0.4374699890613556,0.0005515011725947261,0.0005934296059422195,0.47058650851249695,0.013337554410099983,0.005401922389864922,0.007379651069641113,0.3402359187602997,0.004252871964126825,0.001912378123961389,0.0022474348079413176,0.20431829988956451
0018,000143,143,0.00036768289282917976,0.0004619038081727922,0.4379066824913025,0.00055573700228706,0.0005931564955972135,0.4719642102718353,0.013398196548223495,0.005409670062363148,0.007429632358253002,0.3402162194252014,0.004814079497009516,0.0020526449661701918,0.002528603421524167,0.20402541756629944
0018,000144,144,0.0003694201586768031,0.0004630369076039642,0.43802785873413086,0.0005475056241266429,0.0005864597042091191,0.47140535712242126,0.013463197275996208,0.005410146899521351,0.00745121156796813,0.34023094177246094,0.0047243935987353325,0.0020942145492881536,0.0024944073520600796,0.20371031761169434
0018,000145,145,0.0003692213213071227,0.0004629423201549798,0.43794119358062744,0.0005445456481538713,0.0005860260571353137,0.4701080918312073,0.013393365778028965,0.00540979253128171,0.007410614751279354,0.34023264050483704,0.004355712328106165,0.0019212848274037242,0.0023038159124553204,0.20426695048809052
0018,000146,146,0.0003709429001901299,0.0004639478283934295,0.43853965401649475,0.0005444466369226575,0.0005733201978728175,0.4727531969547272,0.013431183062493801,0.005411283578723669,0.007420232519507408,0.34023597836494446,0.004663387313485146,0.0019079078920185566,0.002431517466902733,0.2046569585800171
0018,000147,147,0.00037195641198195517,0.00046439573634415865,0.4385335445404053,0.0005466675502248108,0.0005851796013303101,0.4719316363334656,0.01348484493792057,0.0054415748454630375,0.00744335912168026,0.3402571976184845,0.005246362183243036,0.0020426653791218996,0.0027697887271642685,0.20387384295463562
0018,000148,148,0.00037180265644565225,0.0004648190224543214,0.43756046891212463,0.0005364262615330517,0.0005682638147845864,0.47217461466789246,0.013438344933092594,0.005458399653434753,0.0074353404343128204,0.3402651846408844,0.004714449401944876,0.0021073620300740004,0.002477082656696439,0.20365148782730103
0018,000149,149,0.00037283377605490386,0.00046590963029302657,0.43814295530319214,0.0005308127729222178,0.0005641684401780367,0.4719487130641937,0.013388191349804401,0.005455344915390015,0.0074051981791853905,0.34025293588638306,0.004466506652534008,0.0020339428447186947,0.0023406988475471735,0.20415212213993073
0018,000150,150,0.0003732288896571845,0.000467245263280347,0.4378918707370758,0.0005423579132184386,0.0005848488071933389,0.47041818499565125,0.013415810652077198,0.005471165291965008,0.007426277734339237,0.3402402102947235,0.004630862269550562,0.0019881073385477066,0.0024574999697506428,0.2043343335390091
0018,000151,151,0.0003736827929969877,0.0004675146483350545,0.43807435035705566,0.00054687331430614,0.0005877568037249148,0.4711250960826874,0.01341460831463337,0.005465602036565542,0.007424771320074797,0.3402504622936249,0.004770784638822079,0.001997095998376608,0.002515038475394249,0.20449014008045197
0018,000152,152,0.0003739791864063591,0.00046781034325249493,0.4383856952190399,0.0005474408390000463,0.0005928638274781406,0.47001612186431885,0.013510004617273808,0.005488971713930368,0.007472088560461998,0.3402388095855713,0.004889334551990032,0.0020324455108493567,0.0026037967763841152,0.2045685052871704
0018,000153,153,0.0003750663308892399,0.0004700824501924217,0.4380364418029785,0.0005470755277201533,0.0005920106777921319,0.47050780057907104,0.013491304591298103,0.0055028414353728294,0.007484965026378632,0.34021568298339844,0.005069367587566376,0.0021116305142641068,0.0026998091489076614,0.20395679771900177
0018,000154,154,0.00037335668457672,0.00046914012636989355,0.4374987483024597,0.0005473556811921299,0.0005999242421239614,0.46947479248046875,0.013368102721869946,0.005509552080184221,0.007427335716784,0.3402242064476013,0.004811805207282305,0.0021801888942718506,0.0025890038814395666,0.203668475151062
0018,000155,155,0.0003750821342691779,0.0004702219448518008,0.4374479055404663,0.0005444439593702555,0.0005874853231944144,0.47050219774246216,0.013330982998013496,0.0055109006352722645,0.0074051604606211185,0.3402138650417328,0.004484429489821196,0.002146503422409296,0.002379016252234578,0.20357953011989594
0018,000156,156,0.00037582844379357994,0.0004710553039330989,0.43732208013534546,0.000542348891030997,0.0005807628040201962,0.4713033139705658,0.013259840197861195,0.005521035753190517,0.007374810520559549,0.3402175009250641,0.0042227813974022865,0.0020713957492262125,0.0022277235984802246,0.20378035306930542
0018,000157,157,0.00037693482590839267,0.00047216389793902636,0.43802565336227417,0.0005470216856338084,0.0005838710931129754,0.47144389152526855,0.013309516943991184,0.005526402499526739,0.007383755408227444,0.34023964405059814,0.004248594865202904,0.0019809510558843613,0.0022352593950927258,0.20414088666439056
0018,000158,158,0.0003769361355807632,0.0004701197613030672,0.4387710690498352,0.0005457093357108533,0.0005777375190518796,0.4727221429347992,0.013321486301720142,0.005516778212040663,0.007365860510617495,0.3402523696422577,0.0044866600073874,0.0020416465122252703,0.002354840049520135,0.2038029432296753
0018,000159,159,0.0003771467017941177,0.000469859573058784,0.4388701319694519,0.0005414063925854862,0.000576646183617413,0.47174492478370667,0.013256270438432693,0.005520132835954428,0.007342403754591942,0.34024953842163086,0.00440757954493165,0.0020276671275496483,0.0023170204367488623,0.2038104087114334
0018,000160,160,0.00037798311677761376,0.00047016091411933303,0.4391769766807556,0.0005414988845586777,0.0005822195089422166,0.4708115756511688,0.013332564383745193,0.0055238716304302216,0.007380266208201647,0.3402448892593384,0.004201647359877825,0.0019138944335281849,0.0022232935298234224,0.20427058637142181
0018,000161,161,0.00037749181501567364,0.00047211567289195955,0.43846771121025085,0.0005553947412408888,0.000598197802901268,0.4710031747817993,0.013462799601256847,0.005529270973056555,0.007472633849829435,0.34023618698120117,0.004821167793124914,0.002000348176807165,0.0025540117640048265,0.20391489565372467
0018,000162,162,0.0003785485459957272,0.0004773037217091769,0.4366273283958435,0.0005474613280966878,0.0005878732772544026,0.47066494822502136,0.013414989225566387,0.005491160787642002,0.0074662817642092705,0.340226411819458,0.00446804566308856,0.0019493220606818795,0.002360921585932374,0.20430006086826324
0018,000163,163,0.0003802241990342736,0.00047909925342537463,0.4369000494480133,0.0005508248577825725,0.0005888403975404799,0.4713459610939026,0.013459236361086369,0.005490907467901707,0.00748731242492795,0.34022587537765503,0.004367459565401077,0.0018962350441142917,0.002303923247382045,0.20463186502456665
0018,000164,164,0.0003823990118689835,0.00048395947669632733,0.4362456202507019,0.0005598419811576605,0.0006069888477213681,0.47028738260269165,0.01347593404352665,0.005485527217388153,0.007519769947975874,0.34021130204200745,0.004961595870554447,0.0020013200119137764,0.002634670352563262,0.20454855263233185
0018,000165,165,0.0003839439305011183,0.00048473296919837594,0.4369116425514221,0.000555726932361722,0.0005993085796944797,0.47077664732933044,0.013493317179381847,0.005495094228535891,0.007509362883865833,0.34020933508872986,0.004512318409979343,0.0019244927680119872,0.002390333218500018,0.20508822798728943
0018,000166,166,0.0003884602047037333,0.00048633181722834706,0.43948936462402344,0.0005590274231508374,0.0005999277345836163,0.4714760184288025,0.013636108487844467,0.005503135267645121,0.007539238315075636,0.34021884202957153,0.0050024003721773624,0.00201185280457139,0.0026393665466457605,0.20499484241008759
0018,000167,167,0.0003894381516147405,0.0004865952068939805,0.4406190514564514,0.0005473642377182841,0.0005842362297698855,0.47164836525917053,0.013694202527403831,0.005525317508727312,0.007564954459667206,0.3402097821235657,0.0048176380805671215,0.0019404622726142406,0.0025345052126795053,0.20549018681049347
0018,000168,168,0.00039017474045976996,0.000489553902298212,0.4401381313800812,0.0005443890695460141,0.0005810132715851068,0.47151193022727966,0.013686224818229675,0.005559493787586689,0.007579813711345196,0.34019359946250916,0.004623072221875191,0.0019524587551131845,0.002432813635095954,0.2060418277978897
0018,000169,169,0.00039285628008656204,0.0004907094407826662,0.44135862588882446,0.000544798094779253,0.0005794683820568025,0.47169095277786255,0.013688122853636742,0.005574699491262436,0.007555237039923668,0.3402193784713745,0.004749429412186146,0.0019465041114017367,0.002486144658178091,0.20682696998119354
0018,000170,170,0.0003941994218621403,0.0004911036812700331,0.4422950744628906,0.0005451323231682181,0.0005860318196937442,0.4709625244140625,0.013800867833197117,0.005591295193880796,0.007614057511091232,0.34022054076194763,0.0050155045464634895,0.0019591962918639183,0.002652070950716734,0.20687128603458405
0018,000171,171,0.0003976695006713271,0.0004933371092192829,0.44357454776763916,0.000533181824721396,0.0005670759710483253,0.4720405638217926,0.013814357109367847,0.005584922153502703,0.007589448243379593,0.34021779894828796,0.0049173831939697266,0.001990178832784295,0.002588879317045212,0.20679518580436707
0018,000172,172,0.0003975466825067997,0.0004928018897771835,0.44366809725761414,0.0005186802009120584,0.0005481366533786058,0.47296029329299927,0.01389631163328886,0.005597506184130907,0.007642125245183706,0.34025371074676514,0.005107964389026165,0.0020489266607910395,0.00266053038649261,0.20699961483478546
0018,000173,173,0.00039690500125288963,0.0004924486274830997,0.4433012008666992,0.0005179807776585221,0.0005511331837624311,0.47182559967041016,0.01396072469651699,0.0055978791788220406,0.007683264557272196,0.34026238322257996,0.005035019479691982,0.0020723019260913134,0.0026419563218951225,0.2070007473230362
0018,000174,174,0.0003970013349317014,0.0004938350757583976,0.4430525004863739,0.000521297799423337,0.0005620353040285408,0.47039324045181274,0.014026298187673092,0.005599095020443201,0.0077372705563902855,0.3402518928050995,0.005809626542031765,0.002212113467976451,0.003097394248470664,0.20606283843517303
0018,000175,175,0.0003986527444794774,0.0004952382296323776,0.44314175844192505,0.0005167978815734386,0.0005655181594192982,0.46903955936431885,0.013968810439109802,0.005613834131509066,0.007704088930040598,0.34023499488830566,0.005113337188959122,0.002264385810121894,0.0027357402723282576,0.20571129024028778
0018,000176,176,0.0003920324088539928,0.0004919787752442062,0.43999189138412476,0.0005196105339564383,0.0005669441306963563,0.4695117771625519,0.013873975723981857,0.00560735585168004,0.007695055101066828,0.34021851420402527,0.005012733396142721,0.00222869124263525,0.0026829573325812817,0.20591244101524353
0018,000177,177,0.0003880425647366792,0.0004930843715555966,0.43619903922080994,0.0005250590038485825,0.0005705691874027252,0.46995809674263,0.013607841916382313,0.005576201714575291,0.00759069574996829,0.34019050002098083,0.0051179914735257626,0.0020822181832045317,0.0027096944395452738,0.20692625641822815
0018,000178,178,0.0003863836464006454,0.0004899186897091568,0.43404892086982727,0.0005396403721533716,0.0005838468787260354,0.4697696566581726,0.01353322435170412,0.005526572931557894,0.007541687693446875,0.34015730023384094,0.005612706765532494,0.0021974181290715933,0.0029724619816988707,0.2060556560754776
0018,000179,179,0.0003913053369615227,0.0004901968641206622,0.43618911504745483,0.0005288266111165285,0.0005694582359865308,0.47014373540878296,0.013585426844656467,0.005509897135198116,0.007524562533944845,0.3401434123516083,0.004822973627597094,0.002092619426548481,0.0025395143311470747,0.2064604014158249
0018,000180,180,0.00039151249802671373,0.0004891300923191011,0.43719565868377686,0.0005364592652767897,0.0005772528820671141,0.47059422731399536,0.013548892922699451,0.005519341677427292,0.007505289278924465,0.34012821316719055,0.005194947589188814,0.0021519300062209368,0.002735200570896268,0.20594295859336853
0018,000181,181,0.00038923652027733624,0.00048565707402303815,0.4378660321235657,0.0005241886246949434,0.0005556033574976027,0.4718035161495209,0.013447215780615807,0.005500032100826502,0.0074234153144061565,0.340180367231369,0.005600827280431986,0.0023190348874777555,0.002935072174295783,0.20494715869426727
0018,000182,182,0.0003888227220159024,0.0004880185588262975,0.437650203704834,0.0005106283351778984,0.0005429325974546373,0.47157302498817444,0.013614563271403313,0.005441384855657816,0.00751928286626935,0.34018588066101074,0.004784774966537952,0.002271487843245268,0.002513023093342781,0.20504172146320343
0018,000183,183,0.00038693787064403296,0.0004905179375782609,0.4359007477760315,0.0005131053039804101,0.0005416573258116841,0.47283080220222473,0.013693769462406635,0.005426392890512943,0.007590914610773325,0.3401835560798645,0.004791217390447855,0.0022276758681982756,0.0025070845149457455,0.20505990087985992
0018,000184,184,0.00038998734089545906,0.0004956171032972634,0.43582844734191895,0.0005194427212700248,0.0005564878229051828,0.470942884683609,0.013688690960407257,0.005452146753668785,0.007607642561197281,0.3401741683483124,0.004941669292747974,0.0023150835186243057,0.0026063991244882345,0.204764723777771
0018,000185,185,0.0003914590342901647,0.0005009430460631847,0.4345951974391937,0.0005222726613283157,0.0005614756373688579,0.4709535837173462,0.01361443754285574,0.005491841584444046,0.007610707078129053,0.34016284346580505,0.004689968191087246,0.002254592953249812,0.002476830268278718,0.20487770438194275
0018,000186,186,0.00039375099004246294,0.0005023282719776034,0.43471160531044006,0.0005258773453533649,0.0005610384978353977,0.4717574417591095,0.013566570356488228,0.005518192425370216,0.007581864017993212,0.34016239643096924,0.004600514192134142,0.002220097230747342,0.002417856827378273,0.20498469471931458
0018,000187,187,0.00039383521652780473,0.0005040391115471721,0.4350346624851227,0.0005275880102999508,0.0005603520548902452,0.4718364477157593,0.013532023876905441,0.0055357483215630054,0.007544445805251598,0.34016212821006775,0.004818442743271589,0.0023063423577696085,0.002528395736590028,0.20449911057949066
0018,000188,188,0.00039471115451306105,0.0005059168906882405,0.43500417470932007,0.000522094895131886,0.000556454760953784,0.4718039631843567,0.013605205342173576,0.005545121617615223,0.0075878361240029335,0.340162456035614,0.004675589501857758,0.0023009905125945807,0.002457759575918317,0.20456042885780334
0018,000189,189,0.00039647644734941423,0.0005075024673715234,0.4350176751613617,0.0005214051925577223,0.0005578506388701499,0.4706515371799469,0.013561950996518135,0.005540036130696535,0.007556705269962549,0.34019410610198975,0.004965402651578188,0.0021316891070455313,0.0026030722074210644,0.20557516813278198
0018,000190,190,0.0003974286373704672,0.0005074620712548494,0.4355880320072174,0.0005340988864190876,0.000568709394428879,0.4716563820838928,0.013661004602909088,0.005563400685787201,0.007607157342135906,0.34020575881004333,0.005045793950557709,0.002141011878848076,0.002638712525367737,0.20636990666389465
0018,000191,191,0.00039836953510530293,0.0005093037034384906,0.4340671896934509,0.000534272170625627,0.0005657946458086371,0.4715281128883362,0.013491948135197163,0.005584497936069965,0.007535287644714117,0.34022119641304016,0.004738306161016226,0.0020568573381751776,0.002481410512700677,0.20726744830608368
0018,000192,192,0.0003977036976721138,0.0005095165688544512,0.433086097240448,0.0005368849961087108,0.0005668994854204357,0.47191089391708374,0.013524371199309826,0.005579791497439146,0.007564164232462645,0.3402286171913147,0.004733593203127384,0.0020235413685441017,0.002475483575835824,0.20781823992729187
0018,000193,193,0.000396890623960644,0.0005072897765785456,0.43321776390075684,0.0005373798194341362,0.0005708932876586914,0.471892386674881,0.013443621806800365,0.005563138984143734,0.007500355131924152,0.34026452898979187,0.005318665411323309,0.0019975092727690935,0.0027959290891885757,0.20730744302272797
0018,000194,194,0.00039517213008366525,0.000502649461850524,0.4339974820613861,0.0005173366516828537,0.0005504172295331955,0.471341997385025,0.01340037677437067,0.005541093647480011,0.007447686046361923,0.34027543663978577,0.004884371999651194,0.0019850272219628096,0.00257477187551558,0.20782874524593353
0018,000195,195,0.0003922316536772996,0.0005012545152567327,0.4331322908401489,0.0005204164772294462,0.0005592524539679289,0.47070446610450745,0.01329563558101654,0.0055328914895653725,0.007421082351356745,0.3402805030345917,0.0049853879027068615,0.002028822898864746,0.002638842212036252,0.20800727605819702
0018,000196,196,0.0003914858098141849,0.0004994960036128759,0.43318814039230347,0.0005292092100717127,0.000583271961659193,0.46795791387557983,0.013337931595742702,0.005530843511223793,0.007452851627022028,0.34026333689689636,0.005780993495136499,0.0020685107447206974,0.0030871243216097355,0.20855605602264404
0018,000197,197,0.0003892563399858773,0.0004981236415915191,0.43261826038360596,0.0005300937336869538,0.000568134244531393,0.47057852149009705,0.013275280594825745,0.0055419462732970715,0.007436724379658699,0.34025776386260986,0.005138511303812265,0.0020927104633301497,0.00269854674115777,0.20918956398963928
0018,000198,198,0.0003839916316792369,0.0004936983459629118,0.4316985011100769,0.0005306032835505903,0.0005691235419362783,0.4711320698261261,0.013110796920955181,0.005521672312170267,0.007364719640463591,0.340271919965744,0.005585457663983107,0.0021514880936592817,0.00292874313890934,0.20862646400928497
0018,000199,199,0.0003775046789087355,0.00048579738358967006,0.43140655755996704,0.0005224665510468185,0.000569008057937026,0.4701708257198334,0.013129116967320442,0.005519695580005646,0.007400898728519678,0.3402766287326813,0.006152447313070297,0.0023524079006165266,0.0032666961196810007,0.20745918154716492
0018,000200,200,0.0003744872228708118,0.000484136282466352,0.4314052164554596,0.0005100017879158258,0.0005567781045101583,0.4699419140815735,0.01300941314548254,0.005500489845871925,0.007308829575777054,0.34029296040534973,0.005295987706631422,0.0025749513879418373,0.002825479255989194,0.20671969652175903
0018,000201,201,0.0003737225488293916,0.0004811813705600798,0.4322742223739624,0.0005062759737484157,0.0005517874378710985,0.4700471758842468,0.013002359308302402,0.005494267679750919,0.007297570817172527,0.3402847647666931,0.005200579762458801,0.002721369732171297,0.0027692934963852167,0.2058933973312378
0018,000202,202,0.0003755580692086369,0.00048227584920823574,0.4330136775970459,0.0005037262453697622,0.0005514295771718025,0.4701813757419586,0.013040012679994106,0.005501823034137487,0.007293993607163429,0.3402767777442932,0.0050596389919519424,0.002761768875643611,0.0026974990032613277,0.20532363653182983
0018,000203,203,0.00037721608532592654,0.00048071861965581775,0.434231698513031,0.0005013534682802856,0.0005430112942121923,0.4708040654659271,0.013152391649782658,0.005520319100469351,0.007339086849242449,0.34025993943214417,0.0045035528019070625,0.0025041045155376196,0.002394899260252714,0.20562034845352173
0018,000204,204,0.0003789444162975997,0.0004797192523255944,0.4353373646736145,0.0005106473690830171,0.0005520839476957917,0.4705393314361572,0.013247230090200901,0.005521009676158428,0.0073743294924497604,0.3402597904205322,0.004592974670231342,0.0024901810102164745,0.002431404311209917,0.20537252724170685
0018,000205,205,0.00037951007834635675,0.00047931927838362753,0.4355040490627289,0.0005144289461895823,0.0005567086045630276,0.470217227935791,0.01324740331619978,0.005527180153876543,0.00736576970666647,0.34025493264198303,0.004544610157608986,0.0024333165492862463,0.0024067177437245846,0.2053089290857315
0018,000206,206,0.0003781263076234609,0.00047950673615559936,0.43473950028419495,0.0005230649840086699,0.0005711396806873381,0.46985185146331787,0.013196093961596489,0.005530325695872307,0.0073567652143538,0.340248703956604,0.004538557957857847,0.002341756597161293,0.002408223459497094,0.20535902678966522
0018,000207,207,0.0003797758254222572,0.0004816063155885786,0.4338630437850952,0.0005251129623502493,0.0005645988858304918,0.4713536500930786,0.013227840885519981,0.005542456172406673,0.007384940516203642,0.3402526378631592,0.004767908714711666,0.002258164342492819,0.0025083706714212894,0.2054387927055359
0018,000208,208,0.00037880096351727843,0.0004823872004635632,0.4329407811164856,0.000520660076290369,0.0005567566258832812,0.471087247133255,0.013101126998662949,0.005520753562450409,0.007318237330764532,0.3402315080165863,0.004578604828566313,0.0020855541806668043,0.0024055324029177427,0.2061355710029602
0018,000209,209,0.00037655403139069676,0.0004821030015591532,0.4320773780345917,0.0005255757714621723,0.0005613890825770795,0.4710960388183594,0.013008017092943192,0.00551628740504384,0.007295162416994572,0.3402310311794281,0.004654793534427881,0.001976878847926855,0.0024462540168315172,0.20672984421253204
0018,000210,210,0.0003751182812266052,0.00048246796359308064,0.431770384311676,0.0005331574357114732,0.0005677558947354555,0.4719032943248749,0.013003074564039707,0.00552106648683548,0.007301118690520525,0.34026387333869934,0.0050429957918822765,0.0021131709218025208,0.0026478434447199106,0.20608720183372498
0018,000211,211,0.00037411146331578493,0.0004830505058635026,0.4309101402759552,0.0005213302210904658,0.0005600595031864941,0.4711286127567291,0.012964801862835884,0.005518212448805571,0.0073043424636125565,0.3402593731880188,0.004685035906732082,0.0021845451556146145,0.002470659092068672,0.20571760833263397
0018,000212,212,0.0003735977516043931,0.0004831086262129247,0.43087923526763916,0.000515959516633302,0.0005451547331176698,0.47247573733329773,0.013016496784985065,0.0054896119982004166,0.007319657597690821,0.3402573764324188,0.004750232677906752,0.002186534693464637,0.002482227049767971,0.20564378798007965
0018,000213,213,0.00037536962190642953,0.00048663310008123517,0.43075522780418396,0.0005116889951750636,0.0005443690461106598,0.47221893072128296,0.01321034599095583,0.005467255599796772,0.0074178134091198444,0.3402537405490875,0.004612017888575792,0.0022380142472684383,0.0024213572032749653,0.20539222657680511
0018,000214,214,0.00037826981861144304,0.0004898567567579448,0.43156710267066956,0.0005122150760143995,0.0005527740577235818,0.4702444076538086,0.013061067089438438,0.005447274539619684,0.007336706388741732,0.3402572274208069,0.004588566720485687,0.0021723585668951273,0.0024382194969803095,0.2053958624601364
0018,000215,215,0.00037830014480277896,0.0004895514575764537,0.4315811097621918,0.0005195464473217726,0.0005581711302511394,0.47076740860939026,0.013014806434512138,0.005472314078360796,0.007321457844227552,0.3402768075466156,0.0047231861390173435,0.002201359486207366,0.0025019976310431957,0.20512259006500244
0018,000216,216,0.00037938362220302224,0.0004936183104291558,0.43095704913139343,0.0005226216744631529,0.0005616514827124774,0.470905601978302,0.013025116175413132,0.005505187902599573,0.007334665395319462,0.34027278423309326,0.004449579864740372,0.002190197817981243,0.002355257049202919,0.2051319181919098
0018,000217,217,0.0003786401357501745,0.0004933454329147935,0.4309556782245636,0.0005227705696597695,0.0005592711386270821,0.4717647433280945,0.013039469718933105,0.00552789680659771,0.007341664284467697,0.340279221534729,0.004790505860000849,0.002268516458570957,0.0025237274821847677,0.20475344359874725
0018,000218,218,0.00038014218444004655,0.0004931272706016898,0.4319119453430176,0.0005202104221098125,0.0005597382551059127,0.4708138704299927,0.01305971946567297,0.005534427706152201,0.007330300286412239,0.340301513671875,0.004640757571905851,0.0022767847403883934,0.0024567951913923025,0.20458146929740906
0018,000219,219,0.0003828713670372963,0.0004930627765133977,0.43313470482826233,0.0005213519907556474,0.0005557185504585505,0.4707626402378082,0.013205249793827534,0.005567231215536594,0.007384986616671085,0.34029075503349304,0.004640443250536919,0.002142154611647129,0.0024306990671902895,0.20503291487693787
0018,000220,220,0.00038371788104996085,0.0004918226040899754,0.43425753712654114,0.0005231729010120034,0.000553519930690527,0.47194692492485046,0.013323713093996048,0.005589893553406,0.007425811607390642,0.3402736485004425,0.004378813318908215,0.0021389718167483807,0.0022934353910386562,0.20498713850975037
0018,000221,221,0.0003847370680887252,0.0004928178968839347,0.4344404339790344,0.0005218005389906466,0.0005503434804268181,0.4727368950843811,0.013296866789460182,0.005593057721853256,0.007411695085465908,0.34029456973075867,0.004610041156411171,0.0020975242368876934,0.0024125997442752123,0.2050122320652008
0018,000222,222,0.0003858500858768821,0.0004938453203067183,0.43447345495224,0.0005142445443198085,0.0005520838312804699,0.4702167809009552,0.01328484620898962,0.005589968059211969,0.007401684764772654,0.34030380845069885,0.004703461658209562,0.0018970679957419634,0.0024762051180005074,0.2060815840959549
0018,000223,223,0.00038459879579022527,0.0004919445491395891,0.4341631531715393,0.000532418314833194,0.000573629280552268,0.47069910168647766,0.013272912241518497,0.005567220039665699,0.0074002728797495365,0.34030354022979736,0.0051796347834169865,0.0018721248488873243,0.0027439116965979338,0.20679207146167755
0018,000224,224,0.0003821087593678385,0.0004891310818493366,0.43366459012031555,0.000546913652215153,0.000597327365539968,0.46994948387145996,0.013272281736135483,0.00553805660456419,0.007421125192195177,0.34029412269592285,0.00578766455873847,0.0019960494246333838,0.0030825117137283087,0.2060268074274063
0018,000225,225,0.0003807873581536114,0.0004882117791566998,0.4333432912826538,0.0005342140211723745,0.0005764078814536333,0.4709692597389221,0.013031699694693089,0.005531565751880407,0.007300888653844595,0.34029507637023926,0.0048067038878798485,0.002030995674431324,0.0025422743055969477,0.20590375363826752
0018,000226,226,0.0003770333423744887,0.00048485264414921403,0.43282797932624817,0.0005417342181317508,0.0005940923583693802,0.46967941522598267,0.01307474821805954,0.005508915055543184,0.007320411968976259,0.34029415249824524,0.0053438544273376465,0.002227728720754385,0.0028563232626765966,0.20519140362739563
0018,000227,227,0.0003771863121073693,0.0004864149377681315,0.4322144091129303,0.0005272936541587114,0.0005636308342218399,0.4715993404388428,0.012942136265337467,0.005499879363924265,0.00726859737187624,0.340298056602478,0.0046249921433627605,0.0022293066140264273,0.0024376558139920235,0.2049477994441986
0018,000228,228,0.0003763252461794764,0.00048548378981649876,0.43236541748046875,0.0005268577369861305,0.000570612377487123,0.4704474210739136,0.012960786931216717,0.005506018176674843,0.007283924147486687,0.34026768803596497,0.004533160012215376,0.002292618388310075,0.0024070655927062035,0.20454764366149902
0018,000229,229,0.0003774086362682283,0.000486764736706391,0.4326651096343994,0.0005242583574727178,0.0005688371020369232,0.47071775794029236,0.012922448106110096,0.005497867241501808,0.007265952881425619,0.3402790427207947,0.004495994187891483,0.0023664068430662155,0.0023861045483499765,0.20409436523914337
0018,000230,230,0.00037365680327638984,0.0004840746696572751,0.43131354451179504,0.0005270195542834699,0.0005703780916519463,0.47028589248657227,0.012841440737247467,0.005501500330865383,0.007245990447700024,0.34026989340782166,0.004209369421005249,0.002282921690493822,0.002232394414022565,0.20410412549972534
0018,000231,231,0.00037441489985212684,0.00048791157314553857,0.42986705899238586,0.0005341846263036132,0.0005789988208562136,0.4699639678001404,0.012871269136667252,0.0054811593145132065,0.0072863223031163216,0.340257853269577,0.004166133236140013,0.002271507401019335,0.0022114431485533714,0.2038659006357193
0018,000232,232,0.00037125113885849714,0.00048604074981994927,0.42914003133773804,0.0005382337258197367,0.0005833148607052863,0.47003212571144104,0.012887229211628437,0.005470640957355499,0.007297280710190535,0.3402356505393982,0.004311639349907637,0.0022599617950618267,0.00228850613348186,0.2037672996520996
0018,000233,233,0.0003704374248627573,0.00048606868949718773,0.42795854806900024,0.0005393998580984771,0.0005750161362811923,0.4712849259376526,0.012769215740263462,0.005475045647472143,0.007252891082316637,0.3402605950832367,0.00418003648519516,0.0020821793004870415,0.0021969859953969717,0.20413373410701752
0018,000234,234,0.00037104025250300765,0.0004853088175877929,0.4287623465061188,0.0005493390490300953,0.0005916775553487241,0.4706844985485077,0.01279544923454523,0.005475530866533518,0.007255963049829006,0.3402630388736725,0.004379252437502146,0.0021689028944820166,0.0023168877232819796,0.2037309855222702
0018,000235,235,0.00037088204408064485,0.00048440921818837523,0.42911607027053833,0.0005454399506561458,0.0005891658365726471,0.4708566963672638,0.01296492014080286,0.005502294283360243,0.007330716121941805,0.3402650058269501,0.004658679943531752,0.0022503396030515432,0.0024747673887759447,0.20324788987636566
0018,000236,236,0.0003750049800146371,0.0004869014665018767,0.4310056269168854,0.0005428922595456243,0.000581143656745553,0.4714149236679077,0.01303005963563919,0.0054975892417132854,0.00733071006834507,0.3402833044528961,0.004112853668630123,0.0021498575806617737,0.0021703331731259823,0.20339180529117584
0018,000237,237,0.000375906762201339,0.00048703179345466197,0.4316151738166809,0.0005482396809384227,0.000586985086556524,0.47110381722450256,0.013085939921438694,0.005497487727552652,0.00734451599419117,0.34025922417640686,0.004550705663859844,0.0021253060549497604,0.002397672040387988,0.20330852270126343
0018,000238,238,0.0003781098930630833,0.0004863676440436393,0.43294209241867065,0.0005521478014998138,0.000598206534050405,0.47032538056373596,0.013176859356462955,0.005474358331412077,0.007355993613600731,0.34026816487312317,0.004553298000246286,0.0021604890935122967,0.0024181546177715063,0.20307911932468414
0018,000239,239,0.0003786463930737227,0.0004872982972301543,0.4327820837497711,0.000552272133063525,0.0005856378702446818,0.4727076590061188,0.013284316286444664,0.0054392702877521515,0.007423911709338427,0.34025898575782776,0.005237957462668419,0.002320412779226899,0.0027463987935334444,0.20224495232105255
0018,000240,240,0.00037955911830067635,0.000488717167172581,0.4326705038547516,0.0005462546832859516,0.0005949916667304933,0.4708780348300934,0.013357366435229778,0.005435010883957148,0.007472440134733915,0.3402514159679413,0.004811468534171581,0.002414318034425378,0.0025493965949863195,0.20178262889385223
0018,000241,241,0.00038024436798878014,0.0004897722974419594,0.4325885772705078,0.0005434210179373622,0.0005802272353321314,0.4715729355812073,0.013354729861021042,0.005422711372375488,0.007465921808034182,0.34024539589881897,0.00444702198728919,0.002266401657834649,0.0023364387452602386,0.20195135474205017
0018,000242,242,0.00038106695865280926,0.000491051294375211,0.4324486255645752,0.0005482750129885972,0.0005875315982848406,0.4713113307952881,0.01336628757417202,0.005418431479483843,0.007483393419533968,0.340211421251297,0.004368587397038937,0.0021059310529381037,0.0022930700797587633,0.20236507058143616
0018,000243,243,0.00037971240817569196,0.0004895156598649919,0.4333000183105469,0.0005566981271840632,0.0005939595284871757,0.4716082513332367,0.013428413309156895,0.005412722937762737,0.007505922112613916,0.34021538496017456,0.004348366986960173,0.0020953563507646322,0.002284925663843751,0.20235265791416168
0018,000244,244,0.0003799778351094574,0.00048789873835630715,0.4343245327472687,0.00055444345343858,0.0005956381792202592,0.4714180827140808,0.013407696038484573,0.005427858326584101,0.007486642803996801,0.3402174115180969,0.004355188924819231,0.002025279914960265,0.0023001974914222956,0.20264865458011627
0018,000245,245,0.000381591817131266,0.0004901576903648674,0.43461281061172485,0.0005606520571745932,0.0006003509042784572,0.47164103388786316,0.013407224789261818,0.005411288235336542,0.0074867308139801025,0.34021157026290894,0.004357450176030397,0.0019980615470558405,0.0022984009701758623,0.2027720808982849
0018,000246,246,0.0003802329010795802,0.0004895990714430809,0.43404537439346313,0.0005637642461806536,0.0006072181276977062,0.471093088388443,0.013461608439683914,0.005377556663006544,0.007505591958761215,0.3401971161365509,0.004738631192594767,0.0020951679907739162,0.0025058863684535027,0.20252062380313873
0018,000247,247,0.0003797310055233538,0.0004908461705781519,0.4326265752315521,0.000565798080060631,0.0006139095639809966,0.4706735610961914,0.013465382158756256,0.005357712972909212,0.007528271991759539,0.34019550681114197,0.004664155188947916,0.0021879340056329966,0.002471199259161949,0.2022658735513687
0018,000248,248,0.0003795817610807717,0.0004922951920889318,0.43226584792137146,0.0005647727521136403,0.0006150511908344924,0.4703148305416107,0.013421270996332169,0.005343865603208542,0.007517588324844837,0.34018123149871826,0.004543322138488293,0.0021125024650245905,0.0024099722504615784,0.2026268094778061
0018,000249,249,0.0003793916548602283,0.000491640530526638,0.4322282671928406,0.0005698477616533637,0.0006156443851068616,0.47038644552230835,0.013453677296638489,0.00534850312396884,0.007543317973613739,0.34016546607017517,0.004374599549919367,0.0020445443224161863,0.0023157750256359577,0.2030004858970642
0018,000250,250,0.0003797278623096645,0.0004906375543214381,0.43321192264556885,0.000566850823815912,0.0006000076537020504,0.4725273549556732,0.013406471349298954,0.00534898042678833,0.007509502582252026,0.34018033742904663,0.004662836901843548,0.0020078548695892096,0.002435703994706273,0.20330768823623657
0018,000251,251,0.000380189303541556,0.000491369457449764,0.4333524703979492,0.0005591059452854097,0.0005925773875787854,0.4723203182220459,0.01346021518111229,0.0053402334451675415,0.007540296763181686,0.3401808738708496,0.004709973465651274,0.002010966418311,0.0024635090958327055,0.2036644071340561
0018,000252,252,0.0003816763637587428,0.0004916309262625873,0.43404027819633484,0.0005514806252904236,0.0005834818002767861,0.47272276878356934,0.013446660712361336,0.0053419689647853374,0.007511022966355085,0.34016817808151245,0.004678098484873772,0.002041124738752842,0.00244598975405097,0.20374412834644318
0018,000253,253,0.00038238859269768,0.0004944050451740623,0.4333232343196869,0.0005574441747739911,0.0006057151476852596,0.4700993597507477,0.013486840762197971,0.005344133824110031,0.007567570079118013,0.34018296003341675,0.004749310202896595,0.0019878658931702375,0.0025301293935626745,0.20405028760433197
0018,000254,254,0.00038166475133039057,0.0004946569097228348,0.43291646242141724,0.0005637115682475269,0.0006130099063739181,0.47033533453941345,0.013398220762610435,0.005341849755495787,0.00751528050750494,0.34018900990486145,0.0051775602623820305,0.0019938291516155005,0.0027585718780755997,0.20419010519981384
0018,000255,255,0.00038343374035321176,0.000496653257869184,0.433392733335495,0.0005663929041475058,0.000611661933362484,0.47161930799484253,0.01342728640884161,0.005349874030798674,0.0075224521569907665,0.34019362926483154,0.0052878838032484055,0.0021582082845270634,0.0027845471631735563,0.20374903082847595
0018,000256,256,0.0003849051718134433,0.0005000143428333104,0.43335190415382385,0.0005641910247504711,0.0006177250761538744,0.46949654817581177,0.013446521013975143,0.005362287163734436,0.007540995255112648,0.3401826322078705,0.004861956927925348,0.0021433259826153517,0.002594324527308345,0.20418229699134827
0018,000257,257,0.0003872238448821008,0.0005015307106077671,0.4346005618572235,0.0005714248982258141,0.0006199157214723527,0.47064265608787537,0.013493345119059086,0.005358596798032522,0.007546119391918182,0.3401928246021271,0.004931049887090921,0.00219242786988616,0.00260451203212142,0.20413005352020264
0018,000258,258,0.0003886259510181844,0.0005036256625317037,0.4345027506351471,0.0005700286128558218,0.0006203703815117478,0.4700150489807129,0.013531058095395565,0.005374840926378965,0.007573761511594057,0.34018808603286743,0.005620504263788462,0.002254013204947114,0.0029730976093560457,0.20423702895641327
0018,000259,259,0.0003903333854395896,0.0005062894779257476,0.4333481192588806,0.0005743975634686649,0.0006312712794169784,0.46923139691352844,0.013483728282153606,0.005387450102716684,0.0075607323087751865,0.3401874899864197,0.005887432489544153,0.002401511650532484,0.003146342234686017,0.2033524066209793
0018,000260,260,0.0003911748353857547,0.0005070088664069772,0.43274155259132385,0.000570565985981375,0.0006252171588130295,0.4699309766292572,0.013446781784296036,0.005393190775066614,0.007540588267147541,0.3401762545108795,0.005750920623540878,0.002484075492247939,0.0030725388787686825,0.20278608798980713
0018,000261,261,0.00039046996971592307,0.0005060128751210868,0.4324170649051666,0.0005666131619364023,0.0006207436672411859,0.4695832431316376,0.01329259667545557,0.005387424491345882,0.0074620735831558704,0.3401666283607483,0.004697861615568399,0.002408509375527501,0.0025033364072442055,0.2027769386768341
0018,000262,262,0.0003896347479894757,0.0005018484080210328,0.4335593581199646,0.0005651559331454337,0.0006057364516891539,0.47098541259765625,0.013373356312513351,0.005366131663322449,0.007484996225684881,0.3401676118373871,0.0047649480402469635,0.002202891046181321,0.0024974679108709097,0.20328591763973236
0018,000263,263,0.00038992901681922376,0.0005016813520342112,0.433551162481308,0.0005771819269284606,0.0006321286782622337,0.47003448009490967,0.013402212411165237,0.005340886302292347,0.00750475749373436,0.3401653468608856,0.004991117399185896,0.0022398896981030703,0.002649403177201748,0.20318400859832764
0018,000264,264,0.00039115617983043194,0.0004994460614398122,0.435180127620697,0.0005787147092632949,0.0006307787261903286,0.47004202008247375,0.01351418811827898,0.005315142218023539,0.0075368620455265045,0.3401751220226288,0.004827121738344431,0.0022873433772474527,0.0025557398330420256,0.20285257697105408
0018,000265,265,0.00039152585668489337,0.0004979589721187949,0.4357508420944214,0.0005739446496590972,0.0006246773991733789,0.46995067596435547,0.013555263169109821,0.005306352395564318,0.0075499326921999454,0.3401589095592499,0.0044540404342114925,0.002198685659095645,0.002355684293434024,0.20310406386852264
0018,000266,266,0.00039192428812384605,0.0004960020305588841,0.4370581805706024,0.0005751812714152038,0.0006232945597730577,0.4703940153121948,0.013610136695206165,0.005322300363332033,0.0075794607400894165,0.3401573896408081,0.0044646798633039,0.0020764628425240517,0.0023557490203529596,0.20351476967334747
0018,000267,267,0.00039357441710308194,0.0004977121134288609,0.43730780482292175,0.00057785160606727,0.0006234980537556112,0.47064897418022156,0.013600879348814487,0.005341112148016691,0.007561102043837309,0.3401505947113037,0.004518402274698019,0.0019979598000645638,0.0023798663169145584,0.20411285758018494
0018,000268,268,0.00039504753658548,0.0004970250884070992,0.4382215440273285,0.0005829830188304186,0.0006250673905014992,0.4718325734138489,0.01368729118257761,0.00534079922363162,0.00758475624024868,0.340156227350235,0.004960459191352129,0.0020453291945159435,0.002598683349788189,0.20398671925067902
0018,000269,269,0.00039608811493963003,0.0004957867204211652,0.4386228919029236,0.0005733500001952052,0.0006097889854572713,0.47193726897239685,0.01375514268875122,0.00533352792263031,0.0076162926852703094,0.3401375710964203,0.004927507136017084,0.0020143359433859587,0.0025806317571550608,0.20393933355808258
0018,000270,270,0.0004010518896393478,0.0004975059418939054,0.43992698192596436,0.0005692021804861724,0.0006100427708588541,0.47111010551452637,0.013906669802963734,0.005368468351662159,0.007670483086258173,0.3401738107204437,0.0051852320320904255,0.002000481355935335,0.0027236829046159983,0.20445095002651215
0018,000271,271,0.00040152607834897935,0.000501948525197804,0.43794724345207214,0.0005800537182949483,0.0006298460648395121,0.47011375427246094,0.01373229268938303,0.005401350557804108,0.007605826947838068,0.3401581048965454,0.005094458349049091,0.002023490611463785,0.002691801404580474,0.20510812103748322
0018,000272,272,0.00040222005918622017,0.0005034370115026832,0.4377672076225281,0.0005833063623867929,0.0006231353618204594,0.47130677103996277,0.01360217947512865,0.005405297968536615,0.007560824975371361,0.3401610553264618,0.005142638459801674,0.0020104884169995785,0.0026874328032135963,0.20511987805366516
0018,000273,273,0.00040056955185718834,0.0005023753037676215,0.43781617283821106,0.0005748317344114184,0.0006163794896565378,0.47063663601875305,0.013643973506987095,0.00544871436432004,0.007600716315209866,0.34014883637428284,0.0049478900618851185,0.0019729018677026033,0.0026089122984558344,0.205203115940094
0018,000274,274,0.000401005323510617,0.0005036727525293827,0.43731608986854553,0.0005707189557142556,0.0006156603340059519,0.4712967872619629,0.013476298190653324,0.005489778239279985,0.007511690258979797,0.34013378620147705,0.005882663186639547,0.002224415773525834,0.0031008964870125055,0.20393916964530945
0018,000275,275,0.000403796584578231,0.0005049649043940008,0.43719643354415894,0.0005514671211130917,0.0005887867300771177,0.4714358448982239,0.013484957627952099,0.005506606772542,0.007510855793952942,0.3401448428630829,0.004850268829613924,0.0023748597595840693,0.0025518739130347967,0.20334258675575256
0018,000276,276,0.00040330272167921066,0.0005052290507592261,0.4365602433681488,0.0005441094399429858,0.0005876089562661946,0.4703925549983978,0.013278179802000523,0.005513903684914112,0.007407784461975098,0.3401324450969696,0.004356315825134516,0.002283701440319419,0.002305171685293317,0.20340320467948914
0018,000277,277,0.000398456584662199,0.0005048454040661454,0.43284493684768677,0.0005525604938156903,0.0005878791562281549,0.4717356562614441,0.0131539823487401,0.005505044013261795,0.007412006612867117,0.34014302492141724,0.00458688847720623,0.002291781594976783,0.002411295659840107,0.20320911705493927
0018,000278,278,0.00039785320404917,0.000502601673360914,0.43375933170318604,0.0005525847082026303,0.0005936804809607565,0.4704058766365051,0.013176314532756805,0.005550460424274206,0.007410623133182526,0.3401501178741455,0.004314250312745571,0.0020935265347361565,0.00227201241068542,0.20386020839214325
0018,000279,279,0.00039544104947708547,0.0004998035146854818,0.43256863951683044,0.0005684357602149248,0.0006100727478042245,0.4708738327026367,0.01302377786487341,0.005546881817281246,0.007338284980505705,0.3401626646518707,0.004496489651501179,0.002122631063684821,0.0023690678644925356,0.20364323258399963
0018,000280,280,0.0003936528810299933,0.0004989570588804781,0.4315509498119354,0.0005664142081514001,0.000613164680544287,0.4695063829421997,0.01291744876652956,0.005564181599766016,0.007300725672394037,0.3401688039302826,0.004231086932122707,0.002026893198490143,0.0022378521971404552,0.20400038361549377
0018,000281,281,0.00039134908001869917,0.0004961192607879639,0.4314572215080261,0.0005772772710770369,0.0006230715080164373,0.4705515205860138,0.012990159913897514,0.005588847678154707,0.007328658830374479,0.3401802182197571,0.004642243031412363,0.0021009170450270176,0.0024535299744457006,0.20367948710918427
0018,000282,282,0.00039163470501080155,0.00049608014523983,0.43071451783180237,0.0005712250131182373,0.0006071567186154425,0.47225913405418396,0.012928599491715431,0.005597585812211037,0.0072980294935405254,0.34019356966018677,0.004902704153209925,0.0022062112111598253,0.0025643124245107174,0.20318295061588287
0018,000283,283,0.0003889244981110096,0.0004961383529007435,0.4294934570789337,0.0005664307391270995,0.0006160945631563663,0.46929091215133667,0.013087667524814606,0.005567929241806269,0.007395017426460981,0.34018638730049133,0.004494912456721067,0.0020857900381088257,0.0023835664615035057,0.20342758297920227
0018,000284,284,0.00038890173891559243,0.0004970984300598502,0.4291931688785553,0.0005749029805883765,0.0006146329105831683,0.4711889326572418,0.013305355794727802,0.005502272397279739,0.0075037539936602116,0.3401692509651184,0.00463272025808692,0.002040875144302845,0.0024299663491547108,0.2037476748228073
0018,000285,285,0.0003896016860380769,0.0004987817956134677,0.4289766252040863,0.0005771972355432808,0.0006173995789140463,0.4714020788669586,0.013300937600433826,0.005494995974004269,0.007515920791774988,0.3401705026626587,0.005090801510959864,0.0021519134752452374,0.002668078988790512,0.2036052942276001
0018,000286,286,0.00039203104097396135,0.000501589966006577,0.4292227625846863,0.0005764655070379376,0.0006219726055860519,0.4708171486854553,0.01326819695532322,0.005527811124920845,0.007511408533900976,0.34016621112823486,0.0053382450714707375,0.0022608949802815914,0.0028217281214892864,0.20351377129554749
0018,000287,287,0.0003960516769438982,0.0005046284641139209,0.4297935664653778,0.0005808662390336394,0.0006333532510325313,0.4690066874027252,0.013504208996891975,0.005576660856604576,0.007625330705195665,0.3401336967945099,0.005115766078233719,0.0022892479319125414,0.0027223643846809864,0.20341576635837555
0018,000288,288,0.0004011164419353008,0.000512879341840744,0.4294387698173523,0.0005861683748662472,0.0006397122633643448,0.4690472185611725,0.013706833124160767,0.005629600957036018,0.0077525717206299305,0.3400938808917999,0.005578920245170593,0.002198384143412113,0.002980385208502412,0.20421886444091797
0018,000289,289,0.00040600914508104324,0.0005219760932959616,0.42806681990623474,0.0006065946654416621,0.000663330836687237,0.46927160024642944,0.013696233741939068,0.005664674565196037,0.007785520050674677,0.3401079773902893,0.005581174977123737,0.0021908909548074007,0.002967589534819126,0.2043255716562271
0018,000290,290,0.0004025045782327652,0.0005237038130871952,0.4265795648097992,0.0006049401126801968,0.0006557058659382164,0.47092700004577637,0.013600892387330532,0.005727078299969435,0.007780846673995256,0.3401131331920624,0.005298343487083912,0.00220391689799726,0.00280508934520185,0.2043858915567398
0018,000291,291,0.0003982710186392069,0.0005160110304132104,0.42766037583351135,0.0005913058412261307,0.000625620421487838,0.47218626737594604,0.013344407081604004,0.00569203170016408,0.007609581109136343,0.3401172459125519,0.00540988938882947,0.002226664451882243,0.002819652436301112,0.20401528477668762
0018,000292,292,0.0003846195468213409,0.0004976171185262501,0.4282025992870331,0.0005760547355748713,0.0006175797898322344,0.4706615209579468,0.013301954604685307,0.005568245425820351,0.007597451563924551,0.3401036858558655,0.0058100405149161816,0.0022366780322045088,0.0030429046601057053,0.20331740379333496
0018,000293,293,0.00038046063855290413,0.0004931557341478765,0.42864924669265747,0.0005589211941696703,0.0005941345007158816,0.4717240333557129,0.01297821756452322,0.0055935997515916824,0.007413277868181467,0.34013551473617554,0.004801865667104721,0.0021508929785341024,0.0025163714308291674,0.20372337102890015
0018,000294,294,0.00038092705653980374,0.0004920238279737532,0.4299791157245636,0.0005593778332695365,0.0005983940791338682,0.47093725204467773,0.012891670688986778,0.00562465563416481,0.007334034889936447,0.3401586413383484,0.0048349457792937756,0.0020452351309359074,0.0025336770340800285,0.20461323857307434
0018,000295,295,0.00038014695746824145,0.0004919114289805293,0.4296276569366455,0.0005720246117562056,0.0006116767763160169,0.4718669056892395,0.012859150767326355,0.005619760137051344,0.007316230330616236,0.34015414118766785,0.004904433153569698,0.0021225246600806713,0.0025768207851797342,0.20408345758914948
0018,000296,296,0.00037845049519091845,0.0004927695263177156,0.42944538593292236,0.0005615527625195682,0.0006090355454944074,0.4693238139152527,0.012928120791912079,0.005617078393697739,0.007365687750279903,0.3401535451412201,0.004606352187693119,0.0020913889165967703,0.002444641897454858,0.2044822722673416
0018,000297,297,0.00037883708137087524,0.0004928663256578147,0.4300084114074707,0.000568350893445313,0.0006159180193208158,0.4703596532344818,0.013008693233132362,0.005629665218293667,0.007408125326037407,0.34014785289764404,0.004628677852451801,0.00209161639213562,0.0024498484563082457,0.2047797441482544
0018,000298,298,0.0003800773702096194,0.0004932349547743797,0.4309110939502716,0.0005655084387399256,0.0006047778879292309,0.4710544943809509,0.013070622459053993,0.005649836268275976,0.007426398806273937,0.34015709161758423,0.0046796915121376514,0.0020430954173207283,0.002467445097863674,0.20512588322162628
0018,000299,299,0.00038386171218007803,0.0004955103504471481,0.43259119987487793,0.0005648339865729213,0.0006036509294062853,0.4714502990245819,0.01316168811172247,0.005658305715769529,0.00745953805744648,0.3401526212692261,0.004760816227644682,0.0020183285232633352,0.002503592288121581,0.20564065873622894
0018,000300,300,0.00038815432344563305,0.0004975605406798422,0.43441155552864075,0.0005624080076813698,0.0006064820336177945,0.47055280208587646,0.013337871991097927,0.00568050891160965,0.007516481913626194,0.34014129638671875,0.00472276983782649,0.002020294778048992,0.0024927684571594,0.20554566383361816
0018,000301,301,0.00038948518340475857,0.0004972220631316304,0.4351683259010315,0.0005588464555330575,0.0006055215490050614,0.46983012557029724,0.013432065956294537,0.005678539164364338,0.007549946196377277,0.3401312828063965,0.005203264765441418,0.0020427019335329533,0.0027589902747422457,0.2060728520154953
0018,000302,302,0.00038878960185684264,0.0004971708403900266,0.4347975254058838,0.0005620509618893266,0.0006078744190745056,0.47032442688941956,0.013446865603327751,0.0056739309802651405,0.007564870174974203,0.34014081954956055,0.005257792305201292,0.002069158246740699,0.0027788628358393908,0.20629027485847473
0018,000303,303,0.0003897461574524641,0.0004971313755959272,0.4359866678714752,0.0005573296803049743,0.0005999741842970252,0.4706563353538513,0.013474831357598305,0.005698762368410826,0.0075660631991922855,0.3401554822921753,0.004982826765626669,0.0020520430989563465,0.0026343276258558035,0.20666754245758057
0018,000304,304,0.0003900972369592637,0.0004995799972675741,0.4355567693710327,0.0005586815532296896,0.0006045111222192645,0.4694017171859741,0.013465119525790215,0.0057152267545461655,0.007585913874208927,0.34013476967811584,0.0052094548009335995,0.0019583923276513815,0.0027566002681851387,0.20706473290920258
0018,000305,305,0.00039099351852200925,0.0005021908436901867,0.43527406454086304,0.0005537954857572913,0.0005924950819462538,0.47141656279563904,0.013349649496376514,0.00575512507930398,0.0075441100634634495,0.3401331305503845,0.005399705376476049,0.002069928450509906,0.0028391187079250813,0.20657335221767426
0018,000306,306,0.0003926826757378876,0.0005035620997659862,0.4356609582901001,0.0005408242577686906,0.0005832173628732562,0.47002077102661133,0.01324931439012289,0.005770617630332708,0.007477656006813049,0.3401380181312561,0.004718681797385216,0.0020570126362144947,0.002495582913979888,0.20669978857040405
0018,000307,307,0.00039183400804176927,0.0005046662990935147,0.43464234471321106,0.0005452472832985222,0.0005877328221686184,0.47080492973327637,0.013166659511625767,0.005771799944341183,0.007454085163772106,0.3401411473751068,0.005098660942167044,0.00216753501445055,0.0027087393682450056,0.206315815448761
0018,000308,308,0.00039141930756159127,0.0005039878888055682,0.4347669780254364,0.0005358296330086887,0.0005739589687436819,0.47074493765830994,0.013226806186139584,0.0057640778832137585,0.0074646868743002415,0.3401193916797638,0.004868818912655115,0.0021462924778461456,0.002560814842581749,0.20658628642559052
0018,000309,309,0.00039180475869216025,0.0005013642949052155,0.43541690707206726,0.0005395336193032563,0.0005804877728223801,0.47049087285995483,0.01326848566532135,0.005744062829762697,0.007469800300896168,0.34010931849479675,0.005171768367290497,0.0021784265991300344,0.0027318710926920176,0.2062050998210907
0018,000310,310,0.0003927226352971047,0.0005006027058698237,0.4359784722328186,0.000539543863851577,0.0005889484309591353,0.46890443563461304,0.01331154815852642,0.0057180109433829784,0.007479532156139612,0.3400948941707611,0.00543023319914937,0.002220174763351679,0.0029021098744124174,0.20604896545410156
0018,000311,311,0.0003947288205381483,0.000501824717503041,0.4364551603794098,0.0005366209661588073,0.0005666621727868915,0.4722498953342438,0.013326207175850868,0.005743217654526234,0.00747810211032629,0.34009790420532227,0.005075979046523571,0.0022454368881881237,0.002657494507730007,0.205942302942276
0018,000312,312,0.00039439788088202477,0.0005009182495996356,0.43666353821754456,0.000532737874891609,0.0005690300604328513,0.4710662066936493,0.013287604786455631,0.005753565113991499,0.007455590646713972,0.34009188413619995,0.005002227611839771,0.002194025320932269,0.002634448930621147,0.20577028393745422
0018,000313,313,0.00039331085281446576,0.0005008949665352702,0.43621811270713806,0.0005240835016593337,0.0005561466095969081,0.47184282541275024,0.013073698617517948,0.005761008709669113,0.007333195768296719,0.34012237191200256,0.005269042681902647,0.0021851847413927317,0.002752919215708971,0.20543606579303741
0018,000314,314,0.00039636113797314465,0.0005050966865383089,0.43641722202301025,0.0005174825200811028,0.0005515376105904579,0.4709914028644562,0.013008405454456806,0.005758470389991999,0.007291266229003668,0.3401219844818115,0.004471679218113422,0.002185630379244685,0.002347509376704693,0.20554211735725403
0018,000315,315,0.00039717668551020324,0.000504978175740689,0.4360818862915039,0.0005239236634224653,0.000563083856832236,0.4699269235134125,0.012973856180906296,0.005746340844780207,0.007273195311427116,0.34014320373535156,0.00453232740983367,0.0019917022436857224,0.002391108777374029,0.20622146129608154
0018,000316,316,0.0003978332970291376,0.0005074250511825085,0.43548014760017395,0.0005323815857991576,0.0005659231101162732,0.47168415784835815,0.012950686737895012,0.005738569423556328,0.007265277206897736,0.3401651978492737,0.004402074962854385,0.0019531080033630133,0.002312445780262351,0.20668181777000427
0018,000317,317,0.00039947015466168523,0.000509025005158037,0.43516993522644043,0.0005333753651939332,0.0005657842848449945,0.4715622663497925,0.012974384240806103,0.005723102018237114,0.007264418061822653,0.3401525616645813,0.004642742220312357,0.001988931791856885,0.0024381629191339016,0.2065007984638214
0018,000318,318,0.0004004318034276366,0.0005116452812217176,0.43511703610420227,0.0005281982594169676,0.0005675917491316795,0.470786452293396,0.012882567942142487,0.005712477024644613,0.00722900265827775,0.34016385674476624,0.004701193422079086,0.0020599334966391325,0.002487771213054657,0.2060452252626419
0018,000319,319,0.00040031474782153964,0.0005103428266011178,0.4352356791496277,0.0005223954212851822,0.000555862148758024,0.4719226360321045,0.012894590385258198,0.005695751402527094,0.007221108302474022,0.3401575982570648,0.0043106526136398315,0.002033947966992855,0.0022624244447797537,0.20618483424186707
0018,000320,320,0.00039974990068003535,0.0005091563216410577,0.4356634318828583,0.0005186926573514938,0.00055149249965325,0.4715096652507782,0.012958671897649765,0.005677221808582544,0.007237877696752548,0.3401500880718231,0.004263825248926878,0.0019220144022256136,0.002235401188954711,0.20695170760154724
0018,000321,321,0.0003997010935563594,0.0005097732064314187,0.43527883291244507,0.0005258095916360617,0.0005640513263642788,0.47028765082359314,0.013005523942410946,0.005669834092259407,0.007281490135937929,0.34016311168670654,0.004248643293976784,0.0018727757269516587,0.0022390298545360565,0.20749975740909576
0018,000322,322,0.00040069728856906295,0.0005078542744740844,0.4361804723739624,0.00053107098210603,0.0005639799637719989,0.471771240234375,0.012957599014043808,0.005691968370229006,0.0072562904097139835,0.3401641249656677,0.004335627891123295,0.0019303751178085804,0.002275781938806176,0.20755738019943237
0018,000323,323,0.0004008937976323068,0.0005097123794257641,0.43582597374916077,0.0005280317855067551,0.0005656062276102602,0.47097674012184143,0.012902735732495785,0.00568811409175396,0.007222727406769991,0.3401857614517212,0.004722279962152243,0.0020059465896338224,0.0024917125701904297,0.20719143748283386
0018,000324,324,0.0004033136647194624,0.0005103090079501271,0.43609246611595154,0.0005203750333748758,0.0005571413203142583,0.47080665826797485,0.012957163155078888,0.005709214601665735,0.007238324731588364,0.3401995301246643,0.004955157171934843,0.002068507019430399,0.002612174255773425,0.20696260035037994
0018,000325,325,0.0004092568124178797,0.0005136955878697336,0.43704864382743835,0.0005180839216336608,0.0005521093844436109,0.47176870703697205,0.01314100157469511,0.00578076858073473,0.007335182279348373,0.34021541476249695,0.005055983085185289,0.002261002082377672,0.002660938072949648,0.20633047819137573
0018,000326,326,0.00040880823507905006,0.0005148280179128051,0.43642404675483704,0.0005085730808787048,0.0005395152838900685,0.4719124436378479,0.012921943329274654,0.005823875777423382,0.0072446647100150585,0.34020334482192993,0.004436417017132044,0.002197733847424388,0.002320206258445978,0.20667403936386108
0018,000327,327,0.00040660289232619107,0.0005119688576087356,0.4366510212421417,0.0005183000466786325,0.0005528412293642759,0.47092846035957336,0.0127819012850523,0.0058760372921824455,0.007167950738221407,0.3402424156665802,0.004506496712565422,0.0021545866038650274,0.0023731463588774204,0.2064269483089447
0018,000328,328,0.00039955799002200365,0.0005081541603431106,0.43534862995147705,0.0005156270926818252,0.0005490381736308336,0.4713793396949768,0.01260598748922348,0.0059020547196269035,0.007110936101526022,0.3402162194252014,0.004604407586157322,0.0019938456825912,0.002410030458122492,0.2069052755832672
0018,000329,329,0.00039514151285402477,0.0005043832934461534,0.43383389711380005,0.0005175051628611982,0.0005513756768777966,0.4709317982196808,0.012458737939596176,0.005945886019617319,0.0070524197071790695,0.34021666646003723,0.004252659622579813,0.0019308790797367692,0.0022355266846716404,0.20731881260871887
0018,000330,330,0.000393664842704311,0.0005055139190517366,0.432701051235199,0.0005216888384893537,0.000558127649128437,0.4706971049308777,0.01248942967504263,0.005961710121482611,0.007081684190779924,0.34021762013435364,0.004414041060954332,0.002020276850089431,0.0023309271782636642,0.20695005357265472
0018,000331,331,0.000392494403058663,0.0005044736317358911,0.4323521852493286,0.0005134085658937693,0.0005455852951854467,0.4711848497390747,0.012353946454823017,0.005960558075457811,0.0070071741938591,0.3402218520641327,0.004291002172976732,0.0019250150071457028,0.002257336163893342,0.20759114623069763
0018,000332,332,0.00038773048436269164,0.0005029974854551256,0.428382933139801,0.0005253957933746278,0.0005627613281831145,0.47003796696662903,0.012218284420669079,0.0059237731620669365,0.006980364676564932,0.3402644693851471,0.004219225142151117,0.0019447392551228404,0.002229925012215972,0.20772051811218262
0018,000333,333,0.0003916826972272247,0.0005029254825785756,0.4327920377254486,0.0005193461547605693,0.0005474542849697173,0.4720863401889801,0.012342780828475952,0.005968407262116671,0.006987272296100855,0.34024426341056824,0.004427061881870031,0.0019088855478912592,0.0023178455885499716,0.20768876373767853
0018,000334,334,0.0003897681599482894,0.0005016547511331737,0.4321557283401489,0.00051285041263327,0.0005435136845335364,0.4716181755065918,0.012275190092623234,0.0060193464159965515,0.006968528963625431,0.3402601480484009,0.004176114685833454,0.0019459231989458203,0.0021950469817966223,0.20757617056369781
0018,000335,335,0.00038923026295378804,0.0005022304831072688,0.4312029182910919,0.000514134531840682,0.0005495271761901677,0.47035452723503113,0.01223407220095396,0.006092797964811325,0.006965599488466978,0.3402642607688904,0.004289258737117052,0.0018833312205970287,0.0022599217481911182,0.2083507925271988
0018,000336,336,0.0003881962038576603,0.0005018595838919282,0.4307771325111389,0.0005257510347291827,0.0005631251842714846,0.4705253839492798,0.012192214839160442,0.006168117746710777,0.006943384651094675,0.34027180075645447,0.0042405626736581326,0.0018967341165989637,0.0022448173258453608,0.20849880576133728
0018,000337,337,0.0003895459230989218,0.0005040147807449102,0.43039655685424805,0.0005237831501290202,0.0005635548150166869,0.47004443407058716,0.012312950566411018,0.00617467425763607,0.006999357603490353,0.34025025367736816,0.004608561750501394,0.001995250815525651,0.0024432039353996515,0.20810726284980774
0018,000338,338,0.00038924688124097884,0.0005040401010774076,0.43042999505996704,0.0005167656345292926,0.0005543889128603041,0.47015902400016785,0.012556205503642559,0.006106601562350988,0.00712668476626277,0.34023404121398926,0.00459281587973237,0.0020077982917428017,0.002427120693027973,0.20781682431697845
