condition,future_feature_stage,target_flow_top_stage,prediction_feature_channels,prediction_feature_height,prediction_feature_width,split,drive,sample_index,current_raw_frame_index,future_raw_frame_index,current_frame_name,future_frame_name,horizon_frames,horizon_seconds,temporal_fusion_applied,alignment_applied,feature_mse,feature_cosine,normalized_feature_error,copy_mse,copy_cosine,copy_normalized_feature_error,mse_improvement_vs_same_stage_copy,relative_mse_improvement_vs_same_stage_copy,cosine_improvement_vs_same_stage_copy,normalized_error_improvement_vs_same_stage_copy,raw_previous_to_current_mse,aligned_previous_to_current_mse,alignment_mse_reduction_fraction,alignment_patch_matching_mse,nonzero_motion_fraction,mean_motion_magnitude_cells,prediction_base_current_max_abs,aligned_temporal_difference_rms,predicted_residual_rms
aligned_temporal_difference,4,5,512,28,28,train,2011_09_26/2011_09_26_drive_0005_sync,0,0,1,0000000000.png,0000000001.png,1,0.1035,False,False,1.4533734321594238,0.686790943145752,0.7677587270736694,1.5340720415115356,0.690823495388031,0.7887856960296631,0.08069860935211182,0.0526041849198938,-0.004032552242279053,0.021026968955993652,,,,,,,0.0,0.0,0.24777759743965705
aligned_temporal_difference,4,5,512,28,28,train,2011_09_26/2011_09_26_drive_0005_sync,1,1,2,0000000001.png,0000000002.png,1,0.1035,False,True,1.7075175046920776,0.635797381401062,0.820360541343689,1.800865888595581,0.6400964260101318,0.8424863815307617,0.09334838390350342,0.05183527795970519,-0.004299044609069824,0.022125840187072754,1.5340720415115356,0.8871404528617859,0.42170874062232566,0.7939566373825073,0.7716836333274841,0.7811936736106873,0.0,0.9418813369325172,0.2754773754082888
aligned_temporal_difference,4,5,512,28,28,train,2011_09_26/2011_09_26_drive_0005_sync,2,2,3,0000000002.png,0000000003.png,1,0.1035,False,True,1.5863831043243408,0.642532229423523,0.8349372744560242,1.7199071645736694,0.6435924172401428,0.8693652749061584,0.1335240602493286,0.07763445783565101,-0.001060187816619873,0.03442800045013428,1.800865888595581,1.0008189678192139,0.4442568021543736,0.9258987903594971,0.8647959232330322,1.0037477016448975,0.0,1.0004094001053838,0.2918388831809845
aligned_temporal_difference,4,5,512,28,28,train,2011_09_26/2011_09_26_drive_0005_sync,3,3,4,0000000003.png,0000000004.png,1,0.1035,False,True,1.3391926288604736,0.670475959777832,0.7972579598426819,1.4421732425689697,0.6714245676994324,0.8273438811302185,0.1029806137084961,0.07140654858153854,-0.0009486079216003418,0.03008592128753662,1.7199071645736694,1.032719373703003,0.39954935070056913,0.9339884519577026,0.8099489808082581,0.8928973078727722,0.0,1.0162280126541499,0.2741671635938236
aligned_temporal_difference,4,5,512,28,28,train,2011_09_26/2011_09_26_drive_0005_sync,4,4,5,0000000004.png,0000000005.png,1,0.1035,False,True,1.3028279542922974,0.6644831895828247,0.7960453629493713,1.39414381980896,0.6651486158370972,0.8234705924987793,0.0913158655166626,0.06549960213514819,-0.0006654262542724609,0.02742522954940796,1.4421732425689697,0.7802407145500183,0.4589826717626787,0.6692450046539307,0.7653061151504517,0.79172283411026,0.0,0.8833123538986751,0.25731401224180744
aligned_temporal_difference,4,5,512,28,28,train,2011_09_26/2011_09_26_drive_0005_sync,5,5,6,0000000005.png,0000000006.png,1,0.1035,False,True,1.111992359161377,0.7142202258110046,0.7292233109474182,1.173855185508728,0.7169694900512695,0.7492330074310303,0.061862826347351074,0.05270056060666531,-0.0027492642402648926,0.02000969648361206,1.39414381980896,0.7731157541275024,0.4454548066400762,0.6804624795913696,0.8405612111091614,0.8786013126373291,0.0,0.8792700120710943,0.2555199621356513
aligned_temporal_difference,4,5,512,28,28,train,2011_09_26/2011_09_26_drive_0005_sync,6,6,7,0000000006.png,0000000007.png,1,0.1035,False,True,1.2034231424331665,0.6972241997718811,0.7492806911468506,1.2768465280532837,0.6985304355621338,0.7717999219894409,0.07342338562011719,0.05750368897667017,-0.0013062357902526855,0.022519230842590332,1.173855185508728,0.7262946963310242,0.38127402315281256,0.6533488035202026,0.7806122303009033,0.7996322512626648,0.0,0.8522292510416574,0.2540351100529344
aligned_temporal_difference,4,5,512,28,28,train,2011_09_26/2011_09_26_drive_0005_sync,7,7,8,0000000007.png,0000000008.png,1,0.1035,False,True,1.266171932220459,0.6928551197052002,0.752238392829895,1.3481035232543945,0.6924524307250977,0.7761948108673096,0.08193159103393555,0.060775444630652896,0.00040268898010253906,0.02395641803741455,1.2768465280532837,0.7836831212043762,0.3862354605770815,0.700462818145752,0.7665815949440002,0.7903566956520081,0.0,0.8852587877024302,0.25932472500103865
aligned_temporal_difference,4,5,512,28,28,train,2011_09_26/2011_09_26_drive_0005_sync,8,8,9,0000000008.png,0000000009.png,1,0.1035,False,True,1.23308527469635,0.7194128036499023,0.716717541217804,1.2860767841339111,0.7231590747833252,0.731955885887146,0.052991509437561035,0.04120400126283857,-0.0037462711334228516,0.015238344669342041,1.3481035232543945,0.8460341095924377,0.37242645316283585,0.7337512373924255,0.7742346525192261,0.8106896281242371,0.0,0.919801125022381,0.26094651520739903
aligned_temporal_difference,4,5,512,28,28,train,2011_09_26/2011_09_26_drive_0005_sync,9,9,10,0000000009.png,0000000010.png,1,0.1035,False,True,1.3135699033737183,0.7118582725524902,0.7299574017524719,1.3911842107772827,0.7141472101211548,0.7512132525444031,0.07761430740356445,0.05579010083804773,-0.0022889375686645508,0.021255850791931152,1.2860767841339111,0.8087698817253113,0.371134063142299,0.7168223857879639,0.71683669090271,0.7453667521476746,0.0,0.8993163412978279,0.2757591865510289
aligned_temporal_difference,4,5,512,28,28,train,2011_09_26/2011_09_26_drive_0005_sync,10,10,11,0000000010.png,0000000011.png,1,0.1035,False,True,1.2614423036575317,0.7129117250442505,0.7446002960205078,1.3585790395736694,0.7139805555343628,0.7727373838424683,0.0971367359161377,0.07149877415054173,-0.0010688304901123047,0.02813708782196045,1.3911842107772827,0.899201512336731,0.35364310105681196,0.8262332081794739,0.7270408272743225,0.7555708289146423,0.0,0.948262364715974,0.2745843270871863
aligned_temporal_difference,4,5,512,28,28,train,2011_09_26/2011_09_26_drive_0005_sync,11,11,12,0000000011.png,0000000012.png,1,0.1035,False,True,1.2837209701538086,0.6930161714553833,0.7635402679443359,1.3720512390136719,0.6936367750167847,0.7893721461296082,0.08833026885986328,0.0643782581497185,-0.0006206035614013672,0.025831878185272217,1.3585790395736694,0.8799457550048828,0.3523043346222865,0.7832154035568237,0.7244898080825806,0.7255464792251587,0.0,0.9380542388395688,0.26170492847442306
aligned_temporal_difference,4,5,512,28,28,train,2011_09_26/2011_09_26_drive_0005_sync,12,12,13,0000000012.png,0000000013.png,1,0.1035,False,True,1.3229278326034546,0.6759302020072937,0.7821673154830933,1.4135358333587646,0.6761454939842224,0.8085092902183533,0.09060800075531006,0.0641002503205118,-0.00021529197692871094,0.02634197473526001,1.3720512390136719,0.9759759306907654,0.2886738461805797,0.8884347081184387,0.7117346525192261,0.7265280485153198,0.0,0.987914941020109,0.2639263479237573
aligned_temporal_difference,4,5,512,28,28,train,2011_09_26/2011_09_26_drive_0005_sync,13,13,14,0000000013.png,0000000014.png,1,0.1035,False,True,1.2537237405776978,0.704529881477356,0.7360798120498657,1.3160353899002075,0.7064070701599121,0.7541500926017761,0.062311649322509766,0.047348004317144345,-0.0018771886825561523,0.0180702805519104,1.4135358333587646,0.9276934266090393,0.34370717408365503,0.8282389044761658,0.7614795565605164,0.7662345767021179,0.0,0.9631684310695816,0.25848215005734854
aligned_temporal_difference,4,5,512,28,28,train,2011_09_26/2011_09_26_drive_0005_sync,14,14,15,0000000014.png,0000000015.png,1,0.1035,False,True,1.2769485712051392,0.7043012976646423,0.745698094367981,1.3586399555206299,0.7053110003471375,0.7691808938980103,0.08169138431549072,0.060127323639754614,-0.0010097026824951172,0.023482799530029297,1.3160353899002075,0.8782781362533569,0.3326333448221669,0.7967972755432129,0.7206632494926453,0.7359849214553833,0.0,0.9371649461292056,0.26839554666453863
aligned_temporal_difference,4,5,512,28,28,train,2011_09_26/2011_09_26_drive_0005_sync,15,15,16,0000000015.png,0000000016.png,1,0.1035,False,True,1.3697624206542969,0.6933078765869141,0.7511082291603088,1.442829966545105,0.6948667764663696,0.7708811163902283,0.0730675458908081,0.050641827231915834,-0.0015588998794555664,0.019772887229919434,1.3586399555206299,0.8406611680984497,0.3812480159423039,0.7903812527656555,0.7295918464660645,0.7332901954650879,0.0,0.9168757648113782,0.2641325000098887
aligned_temporal_difference,4,5,512,28,28,train,2011_09_26/2011_09_26_drive_0005_sync,16,16,17,0000000016.png,0000000017.png,1,0.1035,False,True,1.3737472295761108,0.7025952935218811,0.7418727874755859,1.464154839515686,0.7027148008346558,0.7658955454826355,0.0904076099395752,0.061747301241363434,-0.0001195073127746582,0.02402275800704956,1.442829966545105,1.0354909896850586,0.28231945988440377,0.9486887454986572,0.71683669090271,0.7194783687591553,0.0,1.01759077712264,0.2852105911942011
aligned_temporal_difference,4,5,512,28,28,train,2011_09_26/2011_09_26_drive_0005_sync,17,17,18,0000000017.png,0000000018.png,1,0.1035,False,True,1.6352027654647827,0.6539698839187622,0.8022138476371765,1.7269881963729858,0.6571616530418396,0.8244209885597229,0.09178543090820312,0.05314768861823754,-0.0031917691230773926,0.022207140922546387,1.464154839515686,1.094718098640442,0.2523208139635331,0.9958178997039795,0.670918345451355,0.7168834209442139,0.0,1.0462877704725606,0.28016450473008747
aligned_temporal_difference,4,5,512,28,28,train,2011_09_26/2011_09_26_drive_0005_sync,18,18,19,0000000018.png,0000000019.png,1,0.1035,False,True,1.6792118549346924,0.6538248062133789,0.8005894422531128,1.7713786363601685,0.656841516494751,0.8222669363021851,0.09216678142547607,0.052031101388272646,-0.0030167102813720703,0.021677494049072266,1.7269881963729858,1.2049199342727661,0.3022998438534007,1.1187167167663574,0.7818877100944519,0.8875544667243958,0.0,1.0976884504597677,0.28490440796263644
aligned_temporal_difference,4,5,512,28,28,train,2011_09_26/2011_09_26_drive_0005_sync,19,19,20,0000000019.png,0000000020.png,1,0.1035,False,True,1.6447538137435913,0.675126850605011,0.7728707194328308,1.731906771659851,0.6778994798660278,0.7930830121040344,0.08715295791625977,0.05032196844679624,-0.0027726292610168457,0.020212292671203613,1.7713786363601685,1.301231861114502,0.26541291940368256,1.1956827640533447,0.77933669090271,0.8559451103210449,0.0,1.1407155040212709,0.2948159665560392
aligned_temporal_difference,4,5,512,28,28,train,2011_09_26/2011_09_26_drive_0005_sync,20,20,21,0000000020.png,0000000021.png,1,0.1035,False,True,1.5232442617416382,0.703545093536377,0.7462930083274841,1.621654987335205,0.7045383453369141,0.7700232267379761,0.0984107255935669,0.06068536548287681,-0.0009932518005371094,0.023730218410491943,1.731906771659851,1.2516759634017944,0.2772844451654899,1.144808053970337,0.6390305757522583,0.660163938999176,0.0,1.1187832513055398,0.297039337850763
aligned_temporal_difference,4,5,512,28,28,train,2011_09_26/2011_09_26_drive_0005_sync,21,21,22,0000000021.png,0000000022.png,1,0.1035,False,True,1.6752698421478271,0.6753360033035278,0.7791311740875244,1.7772263288497925,0.6765614151954651,0.8024898767471313,0.10195648670196533,0.05736831884994119,-0.0012254118919372559,0.023358702659606934,1.621654987335205,1.1235195398330688,0.30717720562787554,1.0307191610336304,0.6900510191917419,0.6911076903343201,0.0,1.0599620464116009,0.2898021976679183
aligned_temporal_difference,4,5,512,28,28,train,2011_09_26/2011_09_26_drive_0005_sync,22,22,23,0000000022.png,0000000023.png,1,0.1035,False,True,1.718232274055481,0.6696822643280029,0.7864877581596375,1.822519063949585,0.6708799600601196,0.8100038766860962,0.104286789894104,0.05722123403642422,-0.0011976957321166992,0.02351611852645874,1.7772263288497925,1.307908058166504,0.2640734402055746,1.2126635313034058,0.7002550959587097,0.7319550514221191,0.0,1.1436380800613908,0.29386624511665005
aligned_temporal_difference,4,5,512,28,28,train,2011_09_26/2011_09_26_drive_0005_sync,23,23,24,0000000023.png,0000000024.png,1,0.1035,False,True,1.7209484577178955,0.6803190112113953,0.7685095071792603,1.8096733093261719,0.6822422742843628,0.7880710959434509,0.08872485160827637,0.04902810421695001,-0.0019232630729675293,0.019561588764190674,1.822519063949585,1.248462200164795,0.3149798952120425,1.1252061128616333,0.7117346525192261,0.7180746793746948,0.0,1.117346052109549,0.29079539010966926
aligned_temporal_difference,4,5,512,28,28,train,2011_09_26/2011_09_26_drive_0005_sync,24,24,25,0000000024.png,0000000025.png,1,0.1035,False,True,1.9089397192001343,0.6795727014541626,0.7585437297821045,1.9904673099517822,0.6820138692855835,0.774572491645813,0.08152759075164795,0.040959020197936784,-0.0024411678314208984,0.016028761863708496,1.8096733093261719,1.2662582397460938,0.30028351900842126,1.1721608638763428,0.6836734414100647,0.6942400932312012,0.0,1.125281404692219,0.3005170652769248
aligned_temporal_difference,4,5,512,28,28,train,2011_09_26/2011_09_26_drive_0005_sync,25,25,26,0000000025.png,0000000026.png,1,0.1035,False,True,2.4456517696380615,0.6026836633682251,0.863513171672821,2.615009069442749,0.6036476492881775,0.8929111361503601,0.1693572998046875,0.06476356116071791,-0.0009639859199523926,0.029397964477539062,1.9904673099517822,1.4600658416748047,0.26647082603422717,1.333017110824585,0.6390305757522583,0.6480122804641724,0.0,1.2083318425311835,0.32578464753279807
aligned_temporal_difference,4,5,512,28,28,train,2011_09_26/2011_09_26_drive_0005_sync,26,26,27,0000000026.png,0000000027.png,1,0.1035,False,True,2.3668100833892822,0.6242807507514954,0.8330947160720825,2.5064496994018555,0.6254642009735107,0.8573184609413147,0.13963961601257324,0.05571211584493283,-0.0011834502220153809,0.024223744869232178,2.615009069442749,1.7967983484268188,0.3128902039296898,1.7075965404510498,0.793367326259613,0.9143557548522949,0.0,1.3404470703563116,0.3262108648147292
aligned_temporal_difference,4,5,512,28,28,train,2011_09_26/2011_09_26_drive_0005_sync,27,27,28,0000000027.png,0000000028.png,1,0.1035,False,True,2.0856516361236572,0.6752079129219055,0.7796318531036377,2.1981735229492188,0.6787028312683105,0.800386369228363,0.11252188682556152,0.05118881000558797,-0.0034949183464050293,0.020754516124725342,2.5064496994018555,1.786317229270935,0.28731175826220423,1.6982362270355225,0.6887754797935486,0.7268155217170715,0.0,1.336531791343152,0.331617535168129
aligned_temporal_difference,4,5,512,28,28,train,2011_09_26/2011_09_26_drive_0005_sync,28,28,29,0000000028.png,0000000029.png,1,0.1035,False,True,2.103041887283325,0.6707445383071899,0.7876577973365784,2.2468621730804443,0.6706146597862244,0.8141452074050903,0.14382028579711914,0.06400939386501922,0.00012987852096557617,0.026487410068511963,2.1981735229492188,1.5669257640838623,0.2871692122005144,1.512921690940857,0.6568877696990967,0.6706243753433228,0.0,1.2517690538129875,0.3305086792615628
aligned_temporal_difference,4,5,512,28,28,train,2011_09_26/2011_09_26_drive_0005_sync,29,29,30,0000000029.png,0000000030.png,1,0.1035,False,True,2.0841312408447266,0.6642886400222778,0.8002562522888184,2.2303085327148438,0.6644585132598877,0.8278449773788452,0.1461772918701172,0.06554128710263366,-0.00016987323760986328,0.027588725090026855,2.2468621730804443,1.5698379278182983,0.3013198821777069,1.5205435752868652,0.6632652878761292,0.685455322265625,0.0,1.2529317331037229,0.32475865462813247
aligned_temporal_difference,4,5,512,28,28,train,2011_09_26/2011_09_26_drive_0005_sync,30,30,31,0000000030.png,0000000031.png,1,0.1035,False,True,2.227322816848755,0.6396400928497314,0.8191046714782715,2.3832390308380127,0.637512743473053,0.8472890853881836,0.1559162139892578,0.06542197906788785,0.002127349376678467,0.02818441390991211,2.2303085327148438,1.553328514099121,0.3035364877484769,1.4813867807388306,0.6658163070678711,0.6774396300315857,0.0,1.2463260063479062,0.3202324278698533
aligned_temporal_difference,4,5,512,28,28,train,2011_09_26/2011_09_26_drive_0005_sync,31,31,32,0000000031.png,0000000032.png,1,0.1035,False,True,2.2631540298461914,0.6406201124191284,0.8183132410049438,2.4093422889709473,0.6403909921646118,0.8443291187286377,0.14618825912475586,0.06067558760494518,0.00022912025451660156,0.026015877723693848,2.3832390308380127,1.526078462600708,0.35966202178885237,1.4386394023895264,0.7219387888908386,0.7472987771034241,0.0,1.2353454830939836,0.3207863350087528
aligned_temporal_difference,4,5,512,28,28,train,2011_09_26/2011_09_26_drive_0005_sync,32,32,33,0000000032.png,0000000033.png,1,0.1035,False,True,2.3430545330047607,0.6435601711273193,0.8089137077331543,2.4836010932922363,0.6434528231620789,0.8328215479850769,0.14054656028747559,0.056589828643201515,0.00010734796524047852,0.023907840251922607,2.4093422889709473,1.48503577709198,0.3836343703051621,1.4148540496826172,0.7372449040412903,0.7541516423225403,0.0,1.2186204401256282,0.32421106306408354
aligned_temporal_difference,4,5,512,28,28,train,2011_09_26/2011_09_26_drive_0005_sync,33,33,34,0000000033.png,0000000034.png,1,0.1035,False,True,2.2811262607574463,0.6538496017456055,0.809738039970398,2.4425840377807617,0.6540845632553101,0.837904691696167,0.16145777702331543,0.06610121679580358,-0.00023496150970458984,0.028166651725769043,2.4836010932922363,1.5540789365768433,0.3742638700014534,1.484484314918518,0.7181122303009033,0.7323771715164185,0.0,1.2466270238434762,0.3384124607111944
aligned_temporal_difference,4,5,512,28,28,train,2011_09_26/2011_09_26_drive_0005_sync,34,34,35,0000000034.png,0000000035.png,1,0.1035,False,True,2.5876078605651855,0.6202074289321899,0.831694483757019,2.7357747554779053,0.6214873790740967,0.8551745414733887,0.14816689491271973,0.05415902556160434,-0.0012799501419067383,0.02348005771636963,2.4425840377807617,1.6121561527252197,0.33997924829232773,1.5287266969680786,0.6352040767669678,0.6399590969085693,0.0,1.2697071129694515,0.3352506957996325
aligned_temporal_difference,4,5,512,28,28,train,2011_09_26/2011_09_26_drive_0005_sync,35,35,36,0000000035.png,0000000036.png,1,0.1035,False,True,2.714994430541992,0.6128619909286499,0.849454402923584,2.9004080295562744,0.6134599447250366,0.8779810667037964,0.18541359901428223,0.06392672931699481,-0.0005979537963867188,0.028526663780212402,2.7357747554779053,1.9399768114089966,0.29088576918675924,1.8407471179962158,0.7066326141357422,0.7193126678466797,0.0,1.3928305034744883,0.3526409033772921
aligned_temporal_difference,4,5,512,28,28,train,2011_09_26/2011_09_26_drive_0005_sync,36,36,37,0000000036.png,0000000037.png,1,0.1035,False,True,2.5257577896118164,0.6405321955680847,0.8201400637626648,2.6975271701812744,0.6411747932434082,0.8475690484046936,0.171769380569458,0.06367660814252894,-0.0006425976753234863,0.02742898464202881,2.9004080295562744,1.9420121908187866,0.3304348315723392,1.811834692955017,0.714285671710968,0.7301356792449951,0.0,1.3935609749195714,0.3543666060191946
aligned_temporal_difference,4,5,512,28,28,train,2011_09_26/2011_09_26_drive_0005_sync,37,37,38,0000000037.png,0000000038.png,1,0.1035,False,True,2.4634928703308105,0.6470659971237183,0.8150586485862732,2.6168406009674072,0.6493866443634033,0.8400436043739319,0.15334773063659668,0.05860033300458052,-0.0023206472396850586,0.02498495578765869,2.6975271701812744,1.6987189054489136,0.370268101753815,1.566649317741394,0.7206632494926453,0.7328149080276489,0.0,1.303349111116785,0.3422734888458161
aligned_temporal_difference,4,5,512,28,28,train,2011_09_26/2011_09_26_drive_0005_sync,38,38,39,0000000038.png,0000000039.png,1,0.1035,False,True,2.6566154956817627,0.6254788637161255,0.8310300707817078,2.817380905151367,0.6271917819976807,0.8558056950569153,0.1607654094696045,0.057062007191025235,-0.0017129182815551758,0.02477562427520752,2.6168406009674072,1.5693987607955933,0.40026963804543164,1.4985567331314087,0.6760203838348389,0.6797187924385071,0.0,1.252756465078346,0.34076942785396547
aligned_temporal_difference,4,5,512,28,28,train,2011_09_26/2011_09_26_drive_0005_sync,39,39,40,0000000039.png,0000000040.png,1,0.1035,False,True,2.866102933883667,0.6071910858154297,0.8528363704681396,3.062481641769409,0.6067799925804138,0.8815695643424988,0.1963787078857422,0.06412404411093238,0.00041109323501586914,0.02873319387435913,2.817380905151367,1.6558924913406372,0.41225821176222094,1.5789995193481445,0.6734693646430969,0.6761110424995422,0.0,1.286814862884571,0.34541383050544916
aligned_temporal_difference,4,5,512,28,28,train,2011_09_26/2011_09_26_drive_0005_sync,40,40,41,0000000040.png,0000000041.png,1,0.1035,False,True,2.9500513076782227,0.6029073596000671,0.8589708209037781,3.1557459831237793,0.602509617805481,0.8884124159812927,0.20569467544555664,0.06518099889711199,0.00039774179458618164,0.02944159507751465,3.062481641769409,1.6396281719207764,0.4646079997483842,1.5120890140533447,0.651785671710968,0.6554840803146362,0.0,1.280479664782216,0.3501460681679278
aligned_temporal_difference,4,5,512,28,28,train,2011_09_26/2011_09_26_drive_0005_sync,41,41,42,0000000041.png,0000000042.png,1,0.1035,False,True,3.2823753356933594,0.569661021232605,0.889657199382782,3.527198314666748,0.5670632123947144,0.9222390651702881,0.24482297897338867,0.06941004081209981,0.002597808837890625,0.032581865787506104,3.1557459831237793,1.6061967611312866,0.4910246991611916,1.5155754089355469,0.6696428656578064,0.6728128790855408,0.0,1.2673581818614998,0.3550326428382292
aligned_temporal_difference,4,5,512,28,28,train,2011_09_26/2011_09_26_drive_0005_sync,42,42,43,0000000042.png,0000000043.png,1,0.1035,False,True,3.3310863971710205,0.5719626545906067,0.8927791714668274,3.5651779174804688,0.5718229413032532,0.9236165881156921,0.23409152030944824,0.06566054366085664,0.00013971328735351562,0.030837416648864746,3.527198314666748,1.9631686210632324,0.443419834688622,1.8091726303100586,0.6760203838348389,0.6802470684051514,0.0,1.4011311933802746,0.36197929473801504
aligned_temporal_difference,4,5,512,28,28,train,2011_09_26/2011_09_26_drive_0005_sync,43,43,44,0000000043.png,0000000044.png,1,0.1035,False,True,3.2929494380950928,0.563148558139801,0.9155752062797546,3.5569093227386475,0.5615494847297668,0.9515637755393982,0.2639598846435547,0.07421046214366758,0.0015990734100341797,0.035988569259643555,3.5651779174804688,1.8680528402328491,0.4760281580693138,1.7547812461853027,0.6875,0.695953369140625,0.0,1.366767295567482,0.3629183032892743
aligned_temporal_difference,4,5,512,28,28,train,2011_09_26/2011_09_26_drive_0005_sync,44,44,45,0000000044.png,0000000045.png,1,0.1035,False,True,3.1360950469970703,0.5654805898666382,0.9063356518745422,3.380887985229492,0.5635890960693359,0.9410438537597656,0.24479293823242188,0.07240492418023885,0.001891493797302246,0.03470820188522339,3.5569093227386475,1.909395456314087,0.46318691789310357,1.7690999507904053,0.7130101919174194,0.7140668630599976,0.0,1.3818087625695847,0.356933030155431
aligned_temporal_difference,4,5,512,28,28,train,2011_09_26/2011_09_26_drive_0005_sync,45,45,46,0000000045.png,0000000046.png,1,0.1035,False,True,3.4853367805480957,0.5421301126480103,0.9065934419631958,3.7074146270751953,0.5406708717346191,0.9350304007530212,0.2220778465270996,0.059901000795883015,0.0014592409133911133,0.02843695878982544,3.380887985229492,1.861281394958496,0.44946966504358954,1.7115559577941895,0.7487244606018066,0.751894474029541,0.0,1.364287871000287,0.3470876415694356
aligned_temporal_difference,4,5,512,28,28,train,2011_09_26/2011_09_26_drive_0005_sync,46,46,47,0000000046.png,0000000047.png,1,0.1035,False,True,3.4444162845611572,0.5642387270927429,0.9014471769332886,3.703554630279541,0.5632213354110718,0.9347422122955322,0.2591383457183838,0.06997016963101318,0.0010173916816711426,0.03329503536224365,3.7074146270751953,2.1201744079589844,0.4281258987124393,1.965585470199585,0.77933669090271,0.7803933620452881,0.0,1.4560818685633663,0.3767933679931988
aligned_temporal_difference,4,5,512,28,28,train,2011_09_26/2011_09_26_drive_0005_sync,47,47,48,0000000047.png,0000000048.png,1,0.1035,False,True,3.4252426624298096,0.5556541681289673,0.9190816879272461,3.712615966796875,0.5524901747703552,0.9568600654602051,0.28737330436706543,0.07740453279766553,0.0031639933586120605,0.037778377532958984,3.703554630279541,2.061669111251831,0.44332693396878065,1.9098918437957764,0.7359693646430969,0.7364976406097412,0.0,1.4358513541630384,0.3736104851854951
aligned_temporal_difference,4,5,512,28,28,train,2011_09_26/2011_09_26_drive_0005_sync,48,48,49,0000000048.png,0000000049.png,1,0.1035,False,True,3.3953499794006348,0.5540736317634583,0.9131044745445251,3.64369797706604,0.5516709685325623,0.9459090828895569,0.24834799766540527,0.06815822804978441,0.002402663230895996,0.03280460834503174,3.712615966796875,2.1129772663116455,0.43086565235707536,1.942163348197937,0.8061224222183228,0.808235764503479,0.0,1.4536083607050578,0.35509345396083747
aligned_temporal_difference,4,5,512,28,28,train,2011_09_26/2011_09_26_drive_0005_sync,49,49,50,0000000049.png,0000000050.png,1,0.1035,False,True,3.3357930183410645,0.5692076086997986,0.8926959037780762,3.569561719894409,0.5678125619888306,0.9234458208084106,0.23376870155334473,0.06548946898731865,0.0013950467109680176,0.030749917030334473,3.64369797706604,2.101938009262085,0.4231305606304404,1.9474334716796875,0.8494898080825806,0.8558298349380493,0.0,1.4498061971388054,0.35936643756119874
aligned_temporal_difference,4,5,512,28,28,train,2011_09_26/2011_09_26_drive_0005_sync,50,50,51,0000000050.png,0000000051.png,1,0.1035,False,True,3.326716661453247,0.5719891786575317,0.8986142873764038,3.5617787837982178,0.5711808204650879,0.9298199415206909,0.2350621223449707,0.06599571074268251,0.0008083581924438477,0.03120565414428711,3.569561719894409,1.9650295972824097,0.44950395833454393,1.8247191905975342,0.8443877100944519,0.8512560725212097,0.0,1.4017951338488837,0.3538166471655051
aligned_temporal_difference,4,5,512,28,28,train,2011_09_26/2011_09_26_drive_0005_sync,51,51,52,0000000051.png,0000000052.png,1,0.1035,False,True,3.239884853363037,0.5731428861618042,0.8993850946426392,3.479616641998291,0.5717994570732117,0.9320657849311829,0.2397317886352539,0.06889603462109538,0.0013434290885925293,0.0326806902885437,3.5617787837982178,1.9092687368392944,0.46395639574131997,1.7555956840515137,0.8890305757522583,0.9027673006057739,0.0,1.3817629090546955,0.35388120432096964
aligned_temporal_difference,4,5,512,28,28,train,2011_09_26/2011_09_26_drive_0005_sync,52,52,53,0000000052.png,0000000053.png,1,0.1035,False,True,3.1054749488830566,0.5898545980453491,0.8747056722640991,3.312925100326538,0.5891937017440796,0.9034492373466492,0.20745015144348145,0.06261842485452936,0.0006608963012695312,0.02874356508255005,3.479616641998291,1.877531886100769,0.46041990274465094,1.686657190322876,0.8711734414100647,0.8796268105506897,0.0,1.3702305959584937,0.34718614576266166
aligned_temporal_difference,4,5,512,28,28,train,2011_09_26/2011_09_26_drive_0005_sync,53,53,54,0000000053.png,0000000054.png,1,0.1035,False,True,3.0200438499450684,0.6024928092956543,0.8635770678520203,3.2331337928771973,0.6012639999389648,0.893524169921875,0.2130899429321289,0.06590817348839069,0.0012288093566894531,0.029947102069854736,3.312925100326538,1.8355419635772705,0.44594522725661667,1.6951285600662231,0.8380101919174194,0.8464635610580444,0.0,1.3548217460526941,0.3481152536887303
aligned_temporal_difference,4,5,512,28,28,train,2011_09_26/2011_09_26_drive_0005_sync,54,54,55,0000000054.png,0000000055.png,1,0.1035,False,True,3.015225648880005,0.6019920110702515,0.8642909526824951,3.220550060272217,0.6017156839370728,0.8932336568832397,0.20532441139221191,0.06375445422353003,0.00027632713317871094,0.02894270420074463,3.2331337928771973,1.8226114511489868,0.43627094704081915,1.6653401851654053,0.8456632494926453,0.8525315523147583,0.0,1.3500412775722774,0.347415883840617
aligned_temporal_difference,4,5,512,28,28,train,2011_09_26/2011_09_26_drive_0005_sync,55,55,56,0000000055.png,0000000056.png,1,0.1035,False,True,2.933607339859009,0.5981025099754333,0.878406822681427,3.152637004852295,0.5980654358863831,0.9106084108352661,0.21902966499328613,0.06947506631945657,3.707408905029297e-05,0.03220158815383911,3.220550060272217,1.7827048301696777,0.44645951877580975,1.6152393817901611,0.795918345451355,0.8080701231956482,0.0,1.3351796995796774,0.35211157835953827
aligned_temporal_difference,4,5,512,28,28,train,2011_09_26/2011_09_26_drive_0005_sync,56,56,57,0000000056.png,0000000057.png,1,0.1035,False,True,2.4145894050598145,0.6441844701766968,0.8308053612709045,2.5920889377593994,0.6454875469207764,0.8608007431030273,0.17749953269958496,0.06847740836123296,-0.0013030767440795898,0.029995381832122803,3.152637004852295,1.78938627243042,0.4324160156477466,1.6003408432006836,0.8112244606018066,0.8207345008850098,0.0,1.337679435601228,0.33991624343966054
aligned_temporal_difference,4,5,512,28,28,train,2011_09_26/2011_09_26_drive_0005_sync,57,57,58,0000000057.png,0000000058.png,1,0.1035,False,True,2.2764275074005127,0.6514196395874023,0.8100731372833252,2.4123618602752686,0.653760552406311,0.8339087963104248,0.13593435287475586,0.05634907229848375,-0.0023409128189086914,0.02383565902709961,2.5920889377593994,1.5198451280593872,0.4136601156235246,1.3799229860305786,0.7397959232330322,0.7434942722320557,0.0,1.2328199901280752,0.3202370578032754
aligned_temporal_difference,4,5,512,28,28,train,2011_09_26/2011_09_26_drive_0005_sync,58,58,59,0000000058.png,0000000059.png,1,0.1035,False,True,1.925438404083252,0.6944177150726318,0.7654420733451843,2.043611526489258,0.697735071182251,0.7885817289352417,0.11817312240600586,0.057825629222701014,-0.0033173561096191406,0.023139655590057373,2.4123618602752686,1.522014856338501,0.36907688626579943,1.358035922050476,0.7079081535339355,0.7131915092468262,0.0,1.2336996621295238,0.31944211308808
aligned_temporal_difference,4,5,512,28,28,train,2011_09_26/2011_09_26_drive_0005_sync,59,59,60,0000000059.png,0000000060.png,1,0.1035,False,True,1.8453985452651978,0.703048825263977,0.7454545497894287,1.9206444025039673,0.709316611289978,0.7605006098747253,0.07524585723876953,0.03917740167866087,-0.0062677860260009766,0.01504606008529663,2.043611526489258,1.4427467584609985,0.2940210310227068,1.2852206230163574,0.49872449040412903,0.49978116154670715,0.0,1.20114393744505,0.3103277524981706
aligned_temporal_difference,4,5,512,28,28,train,2011_09_26/2011_09_26_drive_0005_sync,60,60,61,0000000060.png,0000000061.png,1,0.1035,False,True,1.5476568937301636,0.7417325377464294,0.7047653794288635,1.6397453546524048,0.74563068151474,0.725429892539978,0.09208846092224121,0.056160220647042014,-0.003898143768310547,0.020664513111114502,1.9206444025039673,1.3901093006134033,0.27622765630061397,1.2659120559692383,0.4744897782802582,0.4787164628505707,0.0,1.1790289651291028,0.3158599234176883
aligned_temporal_difference,4,5,512,28,28,train,2011_09_26/2011_09_26_drive_0005_sync,61,61,62,0000000061.png,0000000062.png,1,0.1035,False,True,1.229825496673584,0.7858436107635498,0.6390478014945984,1.273479700088501,0.7922806143760681,0.6502907872200012,0.04365420341491699,0.03427946547705725,-0.0064370036125183105,0.011242985725402832,1.6397453546524048,1.2550928592681885,0.234580628201112,1.1123173236846924,0.2780612111091614,0.2849295437335968,0.0,1.1203092694734738,0.2985133089775886
aligned_temporal_difference,4,5,512,28,28,train,2011_09_26/2011_09_26_drive_0005_sync,62,62,63,0000000062.png,0000000063.png,1,0.1035,False,True,0.9157085418701172,0.8380074501037598,0.5554520487785339,0.9114845395088196,0.8475865125656128,0.5541694760322571,-0.004224002361297607,-0.004634200777090346,-0.009579062461853027,-0.0012825727462768555,1.273479700088501,1.088403344154358,0.1453312180172806,0.9654940366744995,0.2716836631298065,0.27960866689682007,0.0,1.043265711194592,0.28010647150133866
aligned_temporal_difference,4,5,512,28,28,train,2011_09_26/2011_09_26_drive_0005_sync,63,63,64,0000000063.png,0000000064.png,1,0.1035,False,True,0.8717644214630127,0.8436859846115112,0.5451522469520569,0.8671454191207886,0.8530746698379517,0.5437060594558716,-0.004619002342224121,-0.0053266755960117915,-0.00938868522644043,-0.0014461874961853027,0.9114845395088196,0.8007686138153076,0.1214676946173706,0.743342936038971,0.1964285671710968,0.20329691469669342,0.0,0.8948567560315492,0.27305939281404495
aligned_temporal_difference,4,5,512,28,28,train,2011_09_26/2011_09_26_drive_0005_sync,64,64,65,0000000064.png,0000000065.png,1,0.1035,False,True,0.8570994138717651,0.8487623333930969,0.5334672331809998,0.8491559028625488,0.8572412133216858,0.530989408493042,-0.007943511009216309,-0.009354596702959161,-0.008478879928588867,-0.0024778246879577637,0.8671454191207886,0.7375392913818359,0.1494629676650569,0.6878899931907654,0.15688775479793549,0.17220942676067352,0.0,0.8588010778881429,0.27480059514255434
aligned_temporal_difference,4,5,512,28,28,train,2011_09_26/2011_09_26_drive_0005_sync,65,65,66,0000000065.png,0000000066.png,1,0.1035,False,True,1.0124914646148682,0.8216066956520081,0.5808945894241333,1.0245107412338257,0.829597532749176,0.584332287311554,0.01201927661895752,0.011731723382892616,-0.007990837097167969,0.0034376978874206543,0.8491559028625488,0.7285630702972412,0.14201494938536363,0.6844025254249573,0.1696428507566452,0.1839078813791275,0.0,0.8535590608137443,0.27878161565395115
aligned_temporal_difference,4,5,512,28,28,train,2011_09_26/2011_09_26_drive_0005_sync,66,66,67,0000000066.png,0000000067.png,1,0.1035,False,True,1.1931157112121582,0.7897113561630249,0.6285413503646851,1.210221290588379,0.7989898324012756,0.6330309510231018,0.017105579376220703,0.014134257519056209,-0.009278476238250732,0.004489600658416748,1.0245107412338257,0.8764778971672058,0.14449125627354853,0.7982674241065979,0.2104591727256775,0.21944084763526917,0.0,0.9362039826700193,0.2878102810263651
aligned_temporal_difference,4,5,512,28,28,train,2011_09_26/2011_09_26_drive_0005_sync,67,67,68,0000000067.png,0000000068.png,1,0.1035,False,True,1.3888297080993652,0.7423646450042725,0.7067086696624756,1.4618377685546875,0.7486326694488525,0.7250459790229797,0.07300806045532227,0.04994265576234565,-0.006268024444580078,0.01833730936050415,1.210221290588379,1.0017415285110474,0.17226581923374853,0.9233592748641968,0.24872449040412903,0.2592911422252655,0.0,1.0008703854700904,0.2950195883252399
aligned_temporal_difference,4,5,512,28,28,train,2011_09_26/2011_09_26_drive_0005_sync,68,68,69,0000000068.png,0000000069.png,1,0.1035,False,True,1.2175542116165161,0.7648581862449646,0.6672967672348022,1.2559324502944946,0.7723019123077393,0.6777320504188538,0.038378238677978516,0.03055756594948994,-0.007443726062774658,0.010435283184051514,1.4618377685546875,1.1431159973144531,0.218028141081177,1.0484123229980469,0.4107142686843872,0.42286595702171326,0.0,1.0691660288816014,0.2843777336785687
aligned_temporal_difference,4,5,512,28,28,train,2011_09_26/2011_09_26_drive_0005_sync,69,69,70,0000000069.png,0000000070.png,1,0.1035,False,True,1.3537943363189697,0.7399702072143555,0.6959367990493774,1.4152039289474487,0.7441093325614929,0.7115459442138672,0.061409592628479004,0.04339275165392743,-0.004139125347137451,0.015609145164489746,1.2559324502944946,1.0895469188690186,0.13247968183835168,0.9913396835327148,0.41709181666374207,0.43188515305519104,0.0,1.0438136418293347,0.287104859608546
aligned_temporal_difference,4,5,512,28,28,train,2011_09_26/2011_09_26_drive_0005_sync,70,70,71,0000000070.png,0000000071.png,1,0.1035,False,True,1.491516351699829,0.7040249705314636,0.7554645538330078,1.5869933366775513,0.7069774270057678,0.779269278049469,0.09547698497772217,0.060162183905326246,-0.0029524564743041992,0.02380472421646118,1.4152039289474487,1.0184189081192017,0.2803730350885572,0.975007176399231,0.5522959232330322,0.5528242588043213,0.0,1.0091674331443725,0.2828146670980305
aligned_temporal_difference,4,5,512,28,28,train,2011_09_26/2011_09_26_drive_0005_sync,71,71,72,0000000071.png,0000000072.png,1,0.1035,False,True,1.6977087259292603,0.6532648801803589,0.8068094253540039,1.8173002004623413,0.6519548892974854,0.8347429037094116,0.11959147453308105,0.06580722023948253,0.0013099908828735352,0.027933478355407715,1.5869933366775513,1.0774238109588623,0.32109115642885927,1.00289785861969,0.6135203838348389,0.6346537470817566,0.0,1.037990274982797,0.27804692544103315
aligned_temporal_difference,4,5,512,28,28,train,2011_09_26/2011_09_26_drive_0005_sync,72,72,73,0000000072.png,0000000073.png,1,0.1035,False,True,1.8878889083862305,0.6201443672180176,0.8391107320785522,2.0148823261260986,0.6191262006759644,0.8668739199638367,0.12699341773986816,0.06302770940674798,0.0010181665420532227,0.027763187885284424,1.8173002004623413,1.0105106830596924,0.44394950113216997,0.9116702079772949,0.7155612111091614,0.7319394946098328,0.0,1.0052416043219123,0.2755905805233142
aligned_temporal_difference,4,5,512,28,28,train,2011_09_26/2011_09_26_drive_0005_sync,73,73,74,0000000073.png,0000000074.png,1,0.1035,False,True,1.9764312505722046,0.5947871804237366,0.8806102275848389,2.1356468200683594,0.591839075088501,0.915393054485321,0.15921556949615479,0.0745514511107499,0.0029481053352355957,0.03478282690048218,2.0148823261260986,0.9586150050163269,0.524232759111346,0.8716768622398376,0.7946428656578064,0.8131345510482788,0.0,0.9790888647187889,0.2772406265456066
aligned_temporal_difference,4,5,512,28,28,train,2011_09_26/2011_09_26_drive_0005_sync,74,74,75,0000000074.png,0000000075.png,1,0.1035,False,True,2.0953783988952637,0.5588955283164978,0.9103286862373352,2.26442289352417,0.5540052056312561,0.9463369250297546,0.16904449462890625,0.07465235186958329,0.004890322685241699,0.036008238792419434,2.1356468200683594,1.0223159790039062,0.5213085003581336,0.89529949426651,0.795918345451355,0.8122966289520264,0.0,1.0110964241870832,0.2744526818953536
aligned_temporal_difference,4,5,512,28,28,train,2011_09_26/2011_09_26_drive_0005_sync,75,75,76,0000000075.png,0000000076.png,1,0.1035,False,True,2.236314535140991,0.5345309376716614,0.9272253513336182,2.420804738998413,0.5281288623809814,0.9647143483161926,0.18449020385742188,0.07621027870829147,0.006402075290679932,0.03748899698257446,2.26442289352417,1.0417546033859253,0.53994697440785,0.8816529512405396,0.8341836333274841,0.8426370024681091,0.0,1.020663805268868,0.2771733660572619
aligned_temporal_difference,4,5,512,28,28,train,2011_09_26/2011_09_26_drive_0005_sync,76,76,77,0000000076.png,0000000077.png,1,0.1035,False,True,2.0876598358154297,0.5454214811325073,0.9424334168434143,2.2832117080688477,0.5395878553390503,0.985584557056427,0.19555187225341797,0.08564771788894546,0.005833625793457031,0.043151140213012695,2.420804738998413,1.1325844526290894,0.5321454744434753,0.9712196588516235,0.8188775181770325,0.8220475316047668,0.0,1.064229511256425,0.2848029757102805
aligned_temporal_difference,4,5,512,28,28,train,2011_09_26/2011_09_26_drive_0005_sync,77,77,78,0000000077.png,0000000078.png,1,0.1035,False,True,1.9614355564117432,0.5659427046775818,0.8946372866630554,2.1015548706054688,0.5624017715454102,0.9260412454605103,0.14011931419372559,0.06667411646185402,0.003540933132171631,0.031403958797454834,2.2832117080688477,1.075764536857605,0.52883714941726,0.9768646955490112,0.8265305757522583,0.8286439180374146,0.0,1.0371906945483096,0.26617159423275877
aligned_temporal_difference,4,5,512,28,28,train,2011_09_26/2011_09_26_drive_0005_sync,78,78,79,0000000078.png,0000000079.png,1,0.1035,False,True,2.2380268573760986,0.5348930954933167,0.9165311455726624,2.412456512451172,0.5288054943084717,0.95157790184021,0.17442965507507324,0.07230375104164855,0.006087601184844971,0.03504675626754761,2.1015548706054688,0.9870471358299255,0.5303253083534516,0.9004384279251099,0.8086734414100647,0.8118434548377991,0.0,0.9935024588947556,0.27805430767589334
aligned_temporal_difference,4,5,512,28,28,train,2011_09_26/2011_09_26_drive_0005_sync,79,79,80,0000000079.png,0000000080.png,1,0.1035,False,True,2.2692742347717285,0.5303969383239746,0.9448479413986206,2.48679518699646,0.5224794149398804,0.9890959858894348,0.21752095222473145,0.08747039296286087,0.007917523384094238,0.04424804449081421,2.412456512451172,1.1728322505950928,0.51384315342396,1.0660803318023682,0.8239795565605164,0.8271495699882507,0.0,1.0829737995884723,0.29078582036497036
aligned_temporal_difference,4,5,512,28,28,train,2011_09_26/2011_09_26_drive_0005_sync,80,80,81,0000000080.png,0000000081.png,1,0.1035,False,True,2.316409111022949,0.5141052007675171,0.9523313045501709,2.5148279666900635,0.5065141916275024,0.9922807812690735,0.19841885566711426,0.07889957416382117,0.0075910091400146484,0.03994947671890259,2.48679518699646,1.2862380743026733,0.48277281497549224,1.153558373451233,0.8303571343421936,0.8382822275161743,0.0,1.134124364566194,0.2837834167969048
aligned_temporal_difference,4,5,512,28,28,train,2011_09_26/2011_09_26_drive_0005_sync,81,81,82,0000000081.png,0000000082.png,1,0.1035,False,True,2.400081157684326,0.5021733641624451,0.9597645998001099,2.6187632083892822,0.49247676134109497,1.0025357007980347,0.21868205070495605,0.08350585116073186,0.009696602821350098,0.042771100997924805,2.5148279666900635,1.3328185081481934,0.47001603059854363,1.2181419134140015,0.8622449040412903,0.8728116154670715,0.0,1.1544775910117067,0.29400836863901164
aligned_temporal_difference,4,5,512,28,28,train,2011_09_26/2011_09_26_drive_0005_sync,82,82,83,0000000082.png,0000000083.png,1,0.1035,False,True,2.3638815879821777,0.5112482309341431,0.9570404291152954,2.5800325870513916,0.5025441646575928,0.9998388886451721,0.21615099906921387,0.08377839882876967,0.008704066276550293,0.04279845952987671,2.6187632083892822,1.3807506561279297,0.4727470388675632,1.2776710987091064,0.8494898080825806,0.8669248223304749,0.0,1.1750534694761468,0.29368759973739034
aligned_temporal_difference,4,5,512,28,28,train,2011_09_26/2011_09_26_drive_0005_sync,83,83,84,0000000083.png,0000000084.png,1,0.1035,False,True,2.365217924118042,0.5062002539634705,0.9624835848808289,2.5792055130004883,0.4976359009742737,1.005080223083496,0.2139875888824463,0.08296647467750887,0.008564352989196777,0.042596638202667236,2.5800325870513916,1.3564281463623047,0.4742592968903125,1.2578617334365845,0.8520408272743225,0.8626075387001038,0.0,1.1646579525175211,0.29077425169889065
aligned_temporal_difference,4,5,512,28,28,train,2011_09_26/2011_09_26_drive_0005_sync,84,84,85,0000000084.png,0000000085.png,1,0.1035,False,True,2.418459415435791,0.5100253224372864,0.9442656636238098,2.630845546722412,0.5005977153778076,0.9848554134368896,0.2123861312866211,0.0807292284988825,0.00942760705947876,0.040589749813079834,2.5792055130004883,1.3848073482513428,0.4630876286239232,1.287399411201477,0.8826530575752258,0.8895213603973389,0.0,1.1767783768625861,0.2955903693716736
aligned_temporal_difference,4,5,512,28,28,train,2011_09_26/2011_09_26_drive_0005_sync,85,85,86,0000000085.png,0000000086.png,1,0.1035,False,True,2.4688122272491455,0.5104717016220093,0.956505537033081,2.7053146362304688,0.5000194311141968,1.0012725591659546,0.23650240898132324,0.08742140592964852,0.0104522705078125,0.044767022132873535,2.630845546722412,1.4277465343475342,0.4573050720798625,1.317893147468567,0.8673469424247742,0.8731586337089539,0.0,1.1948834814941305,0.30306964889987476
aligned_temporal_difference,4,5,512,28,28,train,2011_09_26/2011_09_26_drive_0005_sync,86,86,87,0000000086.png,0000000087.png,1,0.1035,False,True,2.365450382232666,0.525036633014679,0.9462583661079407,2.5850088596343994,0.5159639120101929,0.9891993999481201,0.2195584774017334,0.08493529009907756,0.009072721004486084,0.04294103384017944,2.7053146362304688,1.437373399734497,0.4686853127969971,1.3263185024261475,0.8456632494926453,0.8514750003814697,0.0,1.1989050837053352,0.29900525646389514
aligned_temporal_difference,4,5,512,28,28,train,2011_09_26/2011_09_26_drive_0005_sync,87,87,88,0000000087.png,0000000088.png,1,0.1035,False,True,2.4639384746551514,0.5142940282821655,0.9425206184387207,2.6863203048706055,0.5040968656539917,0.9841353893280029,0.2223818302154541,0.08278306567249276,0.010197162628173828,0.04161477088928223,2.5850088596343994,1.4122849702835083,0.45366339267276273,1.2828301191329956,0.8494898080825806,0.8516031503677368,0.0,1.188395965275677,0.2988409401134143
aligned_temporal_difference,4,5,512,28,28,train,2011_09_26/2011_09_26_drive_0005_sync,88,88,89,0000000088.png,0000000089.png,1,0.1035,False,True,2.469092607498169,0.5146262645721436,0.9565489292144775,2.7182209491729736,0.5033085346221924,1.003646731376648,0.2491283416748047,0.09165124775842916,0.011317729949951172,0.04709780216217041,2.6863203048706055,1.5003293752670288,0.4414927465847016,1.3676599264144897,0.8545918464660645,0.8630452156066895,0.0,1.2248793309004071,0.314190440901558
aligned_temporal_difference,4,5,512,28,28,train,2011_09_26/2011_09_26_drive_0005_sync,89,89,90,0000000089.png,0000000090.png,1,0.1035,False,True,2.3303089141845703,0.5374723672866821,0.9273208975791931,2.552825450897217,0.5279903411865234,0.9705856442451477,0.22251653671264648,0.0871648066006396,0.009482026100158691,0.04326474666595459,2.7182209491729736,1.4095841646194458,0.48143135124894254,1.290137529373169,0.8609693646430969,0.8710078001022339,0.0,1.1872590975096573,0.30333103325560395
aligned_temporal_difference,4,5,512,28,28,train,2011_09_26/2011_09_26_drive_0005_sync,90,90,91,0000000090.png,0000000091.png,1,0.1035,False,True,2.362236738204956,0.5385256409645081,0.9231470823287964,2.5819294452667236,0.5290359854698181,0.9651201367378235,0.21969270706176758,0.08508857880083258,0.009489655494689941,0.0419730544090271,2.552825450897217,1.3126744031906128,0.48579547311812493,1.1887683868408203,0.8227040767669678,0.8322139978408813,0.0,1.1457200370031995,0.30007708473094774
aligned_temporal_difference,4,5,512,28,28,train,2011_09_26/2011_09_26_drive_0005_sync,91,91,92,0000000091.png,0000000092.png,1,0.1035,False,True,2.3958709239959717,0.5389664173126221,0.9256693720817566,2.6254189014434814,0.5284874439239502,0.9689993262290955,0.22954797744750977,0.08743289587855942,0.010478973388671875,0.04332995414733887,2.5819294452667236,1.3121262788772583,0.4918039757892337,1.1994768381118774,0.8431122303009033,0.8457538485527039,0.0,1.1454808068567794,0.30283865824524475
aligned_temporal_difference,4,5,512,28,28,train,2011_09_26/2011_09_26_drive_0005_sync,92,92,93,0000000092.png,0000000093.png,1,0.1035,False,True,2.272897243499756,0.5565248727798462,0.9143502712249756,2.4931817054748535,0.5479608178138733,0.9576342701911926,0.22028446197509766,0.08835475629047346,0.0085640549659729,0.04328399896621704,2.6254189014434814,1.3469537496566772,0.48695663426658936,1.231137752532959,0.8150510191917419,0.8150510191917419,0.0,1.160583366095119,0.3056634165601639
aligned_temporal_difference,4,5,512,28,28,train,2011_09_26/2011_09_26_drive_0005_sync,93,93,94,0000000093.png,0000000094.png,1,0.1035,False,True,2.3297293186187744,0.5435857772827148,0.9206826090812683,2.5506086349487305,0.5334696173667908,0.9633389711380005,0.22087931632995605,0.08659867033438312,0.010116159915924072,0.04265636205673218,2.4931817054748535,1.2535916566848755,0.4971920201676134,1.1739650964736938,0.8341836333274841,0.8399953842163086,0.0,1.1196390742935312,0.2978202553226649
aligned_temporal_difference,4,5,512,28,28,train,2011_09_26/2011_09_26_drive_0005_sync,94,94,95,0000000094.png,0000000095.png,1,0.1035,False,True,2.4782555103302,0.5326536893844604,0.9240515828132629,2.701115846633911,0.5221889019012451,0.9647055864334106,0.22286033630371094,0.08250676718713715,0.010464787483215332,0.040654003620147705,2.5506086349487305,1.2802119255065918,0.4980759070737149,1.1936439275741577,0.858418345451355,0.8615883588790894,0.0,1.1314645047488638,0.2980792566709777
aligned_temporal_difference,4,5,512,28,28,train,2011_09_26/2011_09_26_drive_0005_sync,95,95,96,0000000095.png,0000000096.png,1,0.1035,False,True,2.519148111343384,0.5376797914505005,0.9247313737869263,2.767894983291626,0.5267331600189209,0.9693119525909424,0.2487468719482422,0.0898686089789535,0.01094663143157959,0.04458057880401611,2.701115846633911,1.415152668952942,0.4760859032697604,1.310050129890442,0.8405612111091614,0.8437312245368958,0.0,1.18960189515356,0.3146685579048283
aligned_temporal_difference,4,5,512,28,28,train,2011_09_26/2011_09_26_drive_0005_sync,96,96,97,0000000096.png,0000000097.png,1,0.1035,False,True,2.590456962585449,0.5422419309616089,0.9154821038246155,2.8261184692382812,0.5320026874542236,0.9562177658081055,0.23566150665283203,0.08338698791928191,0.010239243507385254,0.04073566198348999,2.767894983291626,1.4448237419128418,0.4780063005878085,1.336809754371643,0.8290815949440002,0.8322516083717346,0.0,1.2020082120821145,0.3079124123937993
aligned_temporal_difference,4,5,512,28,28,train,2011_09_26/2011_09_26_drive_0005_sync,97,97,98,0000000097.png,0000000098.png,1,0.1035,False,True,2.779611587524414,0.5095809102058411,0.961665153503418,3.054172992706299,0.49907541275024414,1.0080418586730957,0.27456140518188477,0.0898971360946376,0.010505497455596924,0.046376705169677734,2.8261184692382812,1.5157305002212524,0.4636705726530337,1.4268275499343872,0.8214285373687744,0.8288252353668213,0.0,1.2311500721769268,0.3201718952197007
aligned_temporal_difference,4,5,512,28,28,train,2011_09_26/2011_09_26_drive_0005_sync,98,98,99,0000000098.png,0000000099.png,1,0.1035,False,True,2.855273723602295,0.49420100450515747,0.96870356798172,3.12803053855896,0.48284101486206055,1.013917326927185,0.27275681495666504,0.08719761894726268,0.011359989643096924,0.04521375894546509,3.054172992706299,1.7526205778121948,0.42615543323916305,1.5829377174377441,0.8826530575752258,0.8979747295379639,0.0,1.3238657703151762,0.3238631561989092
aligned_temporal_difference,4,5,512,28,28,train,2011_09_26/2011_09_26_drive_0005_sync,99,99,100,0000000099.png,0000000100.png,1,0.1035,False,True,2.8440616130828857,0.4841293692588806,0.9899812340736389,3.1453826427459717,0.4710220396518707,1.0411041975021362,0.30132102966308594,0.09579789293935559,0.013107329607009888,0.051122963428497314,3.12803053855896,1.867146372795105,0.40309202554803913,1.6629223823547363,0.8724489808082581,0.8851290345191956,0.0,1.366435645317812,0.329093570781989
aligned_temporal_difference,4,5,512,28,28,train,2011_09_26/2011_09_26_drive_0005_sync,100,100,101,0000000100.png,0000000101.png,1,0.1035,False,True,2.703559637069702,0.4948354959487915,0.974695086479187,2.9863927364349365,0.4804403781890869,1.0244110822677612,0.2828330993652344,0.09470726871070273,0.01439511775970459,0.04971599578857422,3.1453826427459717,1.8581467866897583,0.40924618790813794,1.6393691301345825,0.9132652878761292,0.9301720261573792,0.0,1.3631385794150785,0.32431320744803227
aligned_temporal_difference,4,5,512,28,28,train,2011_09_26/2011_09_26_drive_0005_sync,101,101,102,0000000101.png,0000000102.png,1,0.1035,False,True,2.350924491882324,0.521645188331604,0.9732247591018677,2.6267051696777344,0.5081685185432434,1.028725504875183,0.27578067779541016,0.10499110481792107,0.013476669788360596,0.05550074577331543,2.9863927364349365,1.5308890342712402,0.4873785300928744,1.39155113697052,0.90433669090271,0.9207150936126709,0.0,1.237291006300151,0.31674028354455763
aligned_temporal_difference,4,5,512,28,28,train,2011_09_26/2011_09_26_drive_0005_sync,102,102,103,0000000102.png,0000000103.png,1,0.1035,False,True,2.093022584915161,0.5544171333312988,0.9097127318382263,2.287283420562744,0.5435857772827148,0.950993001461029,0.194260835647583,0.08493081089172093,0.010831356048583984,0.041280269622802734,2.6267051696777344,1.1901893615722656,0.5468888646843117,1.0960047245025635,0.9285714030265808,0.940723180770874,0.0,1.0909580017453768,0.28211744634448405
aligned_temporal_difference,4,5,512,28,28,train,2011_09_26/2011_09_26_drive_0005_sync,103,103,104,0000000103.png,0000000104.png,1,0.1035,False,True,2.1994009017944336,0.525286078453064,0.9488211870193481,2.421417713165283,0.5130821466445923,0.99555903673172,0.2220168113708496,0.09168876983254107,0.01220393180847168,0.046737849712371826,2.287283420562744,1.027445673942566,0.5508008912643708,0.9602221846580505,0.8762754797935486,0.8810304999351501,0.0,1.0136299492135017,0.2828547340808452
aligned_temporal_difference,4,5,512,28,28,train,2011_09_26/2011_09_26_drive_0005_sync,104,104,105,0000000104.png,0000000105.png,1,0.1035,False,True,2.334326982498169,0.5004307627677917,0.9576566815376282,2.562101125717163,0.4864889979362488,1.0032916069030762,0.22777414321899414,0.08890130874722496,0.013941764831542969,0.045634925365448,2.421417713165283,1.0935028791427612,0.5484038655547243,1.013259768486023,0.875,0.8813400268554688,0.0,1.0457068801259564,0.28393199127936175
aligned_temporal_difference,4,5,512,28,28,train,2011_09_26/2011_09_26_drive_0005_sync,105,105,106,0000000105.png,0000000106.png,1,0.1035,False,True,2.3245198726654053,0.5126053094863892,0.9521694183349609,2.5668022632598877,0.4976188540458679,1.0005615949630737,0.24228239059448242,0.09439074994689274,0.01498645544052124,0.04839217662811279,2.562101125717163,1.2915472984313965,0.4959030752270261,1.1443244218826294,0.9056122303009033,0.9188205599784851,0.0,1.1364626251801668,0.2950166209032192
aligned_temporal_difference,4,5,512,28,28,train,2011_09_26/2011_09_26_drive_0005_sync,106,106,107,0000000106.png,0000000107.png,1,0.1035,False,True,2.220487594604492,0.5352320075035095,0.9324500560760498,2.4452431201934814,0.5222076177597046,0.9785035252571106,0.22475552558898926,0.09191541067344065,0.013024389743804932,0.04605346918106079,2.5668022632598877,1.215541958808899,0.5264372420861366,1.0962107181549072,0.8698979616165161,0.8820496201515198,0.0,1.1025161943522186,0.2890300861433784
aligned_temporal_difference,4,5,512,28,28,train,2011_09_26/2011_09_26_drive_0005_sync,107,107,108,0000000107.png,0000000108.png,1,0.1035,False,True,2.1853444576263428,0.5425543189048767,0.9245141744613647,2.396331310272217,0.5311092138290405,0.9681152701377869,0.21098685264587402,0.0880457772017787,0.011445105075836182,0.04360109567642212,2.4452431201934814,1.107947587966919,0.5468967568839324,1.0070431232452393,0.8609693646430969,0.8736494183540344,0.0,1.05259089297168,0.2829030123919043
aligned_temporal_difference,4,5,512,28,28,train,2011_09_26/2011_09_26_drive_0005_sync,108,108,109,0000000108.png,0000000109.png,1,0.1035,False,True,2.143670082092285,0.5505838990211487,0.9170036911964417,2.3534293174743652,0.5390902757644653,0.9608215093612671,0.20975923538208008,0.08912918430335008,0.01149362325668335,0.04381781816482544,2.396331310272217,1.0482643842697144,0.5625544849428044,0.9500905275344849,0.8928571343421936,0.9007821679115295,0.0,1.0238478325755807,0.2792624605757558
aligned_temporal_difference,4,5,512,28,28,train,2011_09_26/2011_09_26_drive_0005_sync,109,109,110,0000000109.png,0000000110.png,1,0.1035,False,True,2.0849874019622803,0.5628180503845215,0.9054243564605713,2.281795024871826,0.5519375205039978,0.9471936225891113,0.1968076229095459,0.0862512279868789,0.010880529880523682,0.04176926612854004,2.3534293174743652,0.9996955990791321,0.5752174957385261,0.8995183706283569,0.9068877100944519,0.924322783946991,0.0,0.9998477879553128,0.2725917816458388
aligned_temporal_difference,4,5,512,28,28,train,2011_09_26/2011_09_26_drive_0005_sync,110,110,111,0000000110.png,0000000111.png,1,0.1035,False,True,1.9539302587509155,0.5865201950073242,0.8837487697601318,2.138157606124878,0.5762108564376831,0.9244728684425354,0.1842273473739624,0.08616172486360797,0.010309338569641113,0.040724098682403564,2.281795024871826,0.9281415343284607,0.5932406179294757,0.8085777759552002,0.9145408272743225,0.9224658608436584,0.0,0.9634010246664992,0.26938811938473184
aligned_temporal_difference,4,5,512,28,28,train,2011_09_26/2011_09_26_drive_0005_sync,111,111,112,0000000111.png,0000000112.png,1,0.1035,False,True,1.8700007200241089,0.5982508063316345,0.8711403608322144,2.047579050064087,0.5876917839050293,0.9115648865699768,0.17757833003997803,0.08672599479586393,0.010559022426605225,0.04042452573776245,2.138157606124878,0.7759729623794556,0.6370833655308498,0.7106475830078125,0.8711734414100647,0.8754001259803772,0.0,0.8808932752493094,0.2617037185224011
aligned_temporal_difference,4,5,512,28,28,train,2011_09_26/2011_09_26_drive_0005_sync,112,112,113,0000000112.png,0000000113.png,1,0.1035,False,True,1.8990581035614014,0.5897706151008606,0.8762706518173218,2.079843044281006,0.5787544846534729,0.9170318245887756,0.1807849407196045,0.08692239600325283,0.011016130447387695,0.04076117277145386,2.047579050064087,0.7320091128349304,0.6425001941624576,0.6786230802536011,0.8724489808082581,0.8766756653785706,0.0,0.8555753110246522,0.2602871556898466
aligned_temporal_difference,4,5,512,28,28,train,2011_09_26/2011_09_26_drive_0005_sync,113,113,114,0000000113.png,0000000114.png,1,0.1035,False,True,1.8396683931350708,0.6224623918533325,0.8287796974182129,1.9948468208312988,0.6132520437240601,0.8630264401435852,0.15517842769622803,0.07778964583935401,0.009210348129272461,0.034246742725372314,2.079843044281006,0.7612773776054382,0.6339736406077656,0.6918922066688538,0.875,0.8829249739646912,0.0,0.8725121074262742,0.2620478454093304
aligned_temporal_difference,4,5,512,28,28,train,2011_09_26/2011_09_26_drive_0005_sync,114,114,115,0000000114.png,0000000115.png,1,0.1035,False,True,1.796434998512268,0.6492683291435242,0.8054719567298889,1.949888825416565,0.6421293616294861,0.8391693234443665,0.15345382690429688,0.07869875702862891,0.007138967514038086,0.03369736671447754,1.9948468208312988,0.7685736417770386,0.6147204718922948,0.6717222929000854,0.8494898080825806,0.8621698021888733,0.0,0.8766833189795723,0.27058892806955653
aligned_temporal_difference,4,5,512,28,28,train,2011_09_26/2011_09_26_drive_0005_sync,115,115,116,0000000115.png,0000000116.png,1,0.1035,False,True,1.8329824209213257,0.6553246974945068,0.7981810569763184,1.9844497442245483,0.6486417055130005,0.8305050730705261,0.15146732330322266,0.07632711472993771,0.006682991981506348,0.032324016094207764,1.949888825416565,0.7176567316055298,0.6319499233746247,0.6334373354911804,0.8252550959587097,0.8400484919548035,0.0,0.8471462279946301,0.27234128833824744
aligned_temporal_difference,4,5,512,28,28,train,2011_09_26/2011_09_26_drive_0005_sync,116,116,117,0000000116.png,0000000117.png,1,0.1035,False,True,1.9017410278320312,0.6451775431632996,0.8172857761383057,2.083416223526001,0.6360428333282471,0.8554335236549377,0.18167519569396973,0.08720062445635575,0.00913470983505249,0.03814774751663208,1.9844497442245483,0.7463628053665161,0.6238943276146467,0.6757800579071045,0.8431122303009033,0.8510372042655945,0.0,0.8639229163336948,0.2791606597586254
aligned_temporal_difference,4,5,512,28,28,train,2011_09_26/2011_09_26_drive_0005_sync,117,117,118,0000000117.png,0000000118.png,1,0.1035,False,True,1.9719287157058716,0.6315617561340332,0.8306188583374023,2.154123306274414,0.622434139251709,0.8681433796882629,0.18219459056854248,0.0845794621124315,0.009127616882324219,0.037524521350860596,2.083416223526001,0.8704500794410706,0.5822005849758098,0.7591807246208191,0.8647959232330322,0.8647959232330322,0.0,0.932979142018229,0.27973861706716624
aligned_temporal_difference,4,5,512,28,28,train,2011_09_26/2011_09_26_drive_0005_sync,118,118,119,0000000118.png,0000000119.png,1,0.1035,False,True,2.008070230484009,0.6393244862556458,0.8123973608016968,2.1881208419799805,0.6294865608215332,0.8480368256568909,0.18005061149597168,0.08228549723654567,0.009837925434112549,0.03563946485519409,2.154123306274414,0.8829874992370605,0.5900942640260461,0.788092315196991,0.8788264989852905,0.8819965124130249,0.0,0.9396741452424135,0.28379406278107705
aligned_temporal_difference,4,5,512,28,28,train,2011_09_26/2011_09_26_drive_0005_sync,119,119,120,0000000119.png,0000000120.png,1,0.1035,False,True,1.9467918872833252,0.6419236660003662,0.8327444791793823,2.1435399055480957,0.6340911388397217,0.8738115429878235,0.1967480182647705,0.09178649660569894,0.007832527160644531,0.04106706380844116,2.1881208419799805,0.8591039180755615,0.6073782116630368,0.7800740599632263,0.858418345451355,0.8621167540550232,0.0,0.926878588637995,0.2896556310602832
aligned_temporal_difference,4,5,512,28,28,train,2011_09_26/2011_09_26_drive_0005_sync,120,120,121,0000000120.png,0000000121.png,1,0.1035,False,True,1.8983250856399536,0.651901125907898,0.8000151515007019,2.0386803150177,0.6471263766288757,0.8290628790855408,0.14035522937774658,0.06884611988639719,0.004774749279022217,0.029047727584838867,2.1435399055480957,0.8749982714653015,0.5917975358422042,0.7611033320426941,0.8545918464660645,0.858818531036377,0.0,0.9354134227523686,0.27588929013315344
aligned_temporal_difference,4,5,512,28,28,train,2011_09_26/2011_09_26_drive_0005_sync,121,121,122,0000000121.png,0000000122.png,1,0.1035,False,True,1.9749407768249512,0.6450968980789185,0.8157487511634827,2.1500298976898193,0.6376679539680481,0.8511412143707275,0.17508912086486816,0.08143566796582656,0.007428944110870361,0.03539246320724487,2.0386803150177,0.9020739197731018,0.557520660238842,0.793295681476593,0.8290815949440002,0.8333082795143127,0.0,0.9497757207747005,0.284339374888831
aligned_temporal_difference,4,5,512,28,28,train,2011_09_26/2011_09_26_drive_0005_sync,122,122,123,0000000122.png,0000000123.png,1,0.1035,False,True,1.999966025352478,0.6364192962646484,0.8285920023918152,2.178126335144043,0.6296513080596924,0.8647109866142273,0.17816030979156494,0.08179521404105465,0.006767988204956055,0.03611898422241211,2.1500298976898193,0.9600672125816345,0.5534633199225671,0.8409672975540161,0.8341836333274841,0.8532036542892456,0.0,0.97983019578988,0.2883782536298716
aligned_temporal_difference,4,5,512,28,28,train,2011_09_26/2011_09_26_drive_0005_sync,123,123,124,0000000123.png,0000000124.png,1,0.1035,False,True,1.9494283199310303,0.6427985429763794,0.8210689425468445,2.1071202754974365,0.6370000839233398,0.853631854057312,0.15769195556640625,0.0748376622825573,0.005798459053039551,0.03256291151046753,2.178126335144043,1.0277878046035767,0.5281321436593313,0.8848865628242493,0.8622449040412903,0.8865482211112976,0.0,1.0137987002376638,0.27616393632283476
aligned_temporal_difference,4,5,512,28,28,train,2011_09_26/2011_09_26_drive_0005_sync,124,124,125,0000000124.png,0000000125.png,1,0.1035,False,True,1.9907572269439697,0.635570228099823,0.8267948627471924,2.1506946086883545,0.6294422149658203,0.8593656420707703,0.15993738174438477,0.07436545435054857,0.0061280131340026855,0.03257077932357788,2.1071202754974365,0.9096966981887817,0.5682749063889929,0.8202672004699707,0.8571428656578064,0.8777478933334351,0.0,0.9537802148235105,0.2709161451475118
aligned_temporal_difference,4,5,512,28,28,train,2011_09_26/2011_09_26_drive_0005_sync,125,125,126,0000000125.png,0000000126.png,1,0.1035,False,True,1.8747234344482422,0.6572041511535645,0.8039408922195435,2.024752616882324,0.6516758799552917,0.8354904055595398,0.15002918243408203,0.07409753724141081,0.005528271198272705,0.03154951333999634,2.1506946086883545,0.9276217222213745,0.5686873819862767,0.8554012179374695,0.8533163070678711,0.8860729336738586,0.0,0.9631312071682521,0.27399681652614355
aligned_temporal_difference,4,5,512,28,28,train,2011_09_26/2011_09_26_drive_0005_sync,126,126,127,0000000126.png,0000000127.png,1,0.1035,False,True,1.7779902219772339,0.674697756767273,0.7832083702087402,1.9091569185256958,0.6707849502563477,0.8115839958190918,0.13116669654846191,0.0687039893241214,0.003912806510925293,0.028375625610351562,2.024752616882324,0.8639625906944275,0.5732996794320776,0.8173670172691345,0.8482142686843872,0.8793859481811523,0.0,0.9294958798695278,0.269810241933656
aligned_temporal_difference,4,5,512,28,28,train,2011_09_26/2011_09_26_drive_0005_sync,127,127,128,0000000127.png,0000000128.png,1,0.1035,False,True,1.615018367767334,0.7185623049736023,0.7194538116455078,1.703274130821228,0.7174862623214722,0.7388502955436707,0.08825576305389404,0.051815360461878096,0.001076042652130127,0.019396483898162842,1.9091569185256958,0.8632139563560486,0.5478559420759157,0.83119136095047,0.8163264989852905,0.8443281650543213,0.0,0.9290930827188676,0.2706835482345665
aligned_temporal_difference,4,5,512,28,28,train,2011_09_26/2011_09_26_drive_0005_sync,128,128,129,0000000128.png,0000000129.png,1,0.1035,False,True,1.396586537361145,0.7626056671142578,0.6690455675125122,1.4860525131225586,0.7618557214736938,0.6901426911354065,0.08946597576141357,0.06020377811105999,0.0007499456405639648,0.021097123622894287,1.703274130821228,0.92116779088974,0.4591781943840115,0.8598533272743225,0.7232142686843872,0.7469893097877502,0.0,0.9597748646894958,0.28614481617612875
aligned_temporal_difference,4,5,512,28,28,train,2011_09_26/2011_09_26_drive_0005_sync,129,129,130,0000000129.png,0000000130.png,1,0.1035,False,True,1.265153169631958,0.7793079018592834,0.6504002809524536,1.3409242630004883,0.7807387113571167,0.6695936322212219,0.07577109336853027,0.05650661671150825,-0.001430809497833252,0.01919335126876831,1.4860525131225586,0.9281095862388611,0.37545303544578207,0.8623195290565491,0.5765305757522583,0.5997772812843323,0.0,0.9633844436354893,0.2818920304382991
aligned_temporal_difference,4,5,512,28,28,train,2011_09_26/2011_09_26_drive_0005_sync,130,130,131,0000000130.png,0000000131.png,1,0.1035,False,True,1.074162483215332,0.813914954662323,0.5908941030502319,1.1030508279800415,0.8182766437530518,0.5987870693206787,0.028888344764709473,0.026189495562603554,-0.00436168909072876,0.007892966270446777,1.3409242630004883,0.9204567670822144,0.31356543208296084,0.8537379503250122,0.3482142686843872,0.3725176453590393,0.0,0.9594043814170407,0.2765133878776147
aligned_temporal_difference,4,5,512,28,28,train,2011_09_26/2011_09_26_drive_0005_sync,131,131,132,0000000131.png,0000000132.png,1,0.1035,False,True,1.0683791637420654,0.8206433653831482,0.580008864402771,1.084081768989563,0.8267145156860352,0.5842556357383728,0.01570260524749756,0.014484705579112765,-0.006071150302886963,0.004246771335601807,1.1030508279800415,0.8372814059257507,0.24094032234306031,0.7885518074035645,0.24744898080825806,0.2601289749145508,0.0,0.9150308223911098,0.2762977054451658
aligned_temporal_difference,4,5,512,28,28,train,2011_09_26/2011_09_26_drive_0005_sync,132,132,133,0000000132.png,0000000133.png,1,0.1035,False,True,1.1607829332351685,0.8066626787185669,0.6042405962944031,1.2025171518325806,0.810779869556427,0.6150069832801819,0.04173421859741211,0.034705715867595806,-0.004117190837860107,0.010766386985778809,1.084081768989563,0.8450854420661926,0.22045968649222003,0.8147872686386108,0.2767857015132904,0.29052236676216125,0.0,0.9192852887249924,0.2850781163858301
aligned_temporal_difference,4,5,512,28,28,train,2011_09_26/2011_09_26_drive_0005_sync,133,133,134,0000000133.png,0000000134.png,1,0.1035,False,True,1.3503124713897705,0.7741304039955139,0.6535142064094543,1.4099838733673096,0.7776439189910889,0.6677978038787842,0.05967140197753906,0.042320627281383305,-0.003513514995574951,0.014283597469329834,1.2025171518325806,0.8361974954605103,0.3046273858246563,0.8122447729110718,0.29209181666374207,0.3042435050010681,0.0,0.9144383497319599,0.2841381291680253
aligned_temporal_difference,4,5,512,28,28,train,2011_09_26/2011_09_26_drive_0005_sync,134,134,135,0000000134.png,0000000135.png,1,0.1035,False,True,1.7450302839279175,0.7112414836883545,0.7333603501319885,1.8300344944000244,0.7144016027450562,0.7510097622871399,0.08500421047210693,0.04644951269072964,-0.00316011905670166,0.017649412155151367,1.4099838733673096,0.9918628334999084,0.29654313624796896,0.9092593789100647,0.22959183156490326,0.23540352284908295,0.0,0.9959231062185014,0.29502705094402243
aligned_temporal_difference,4,5,512,28,28,train,2011_09_26/2011_09_26_drive_0005_sync,135,135,136,0000000135.png,0000000136.png,1,0.1035,False,True,1.8364249467849731,0.6904966831207275,0.7688354849815369,1.9606791734695435,0.6914627552032471,0.7944198846817017,0.12425422668457031,0.06337305376926851,-0.0009660720825195312,0.025584399700164795,1.8300344944000244,1.2724725008010864,0.3046729421249157,1.1623142957687378,0.3698979616165161,0.38680461049079895,0.0,1.1280392283963738,0.30339644852692677
aligned_temporal_difference,4,5,512,28,28,train,2011_09_26/2011_09_26_drive_0005_sync,136,136,137,0000000136.png,0000000137.png,1,0.1035,False,True,1.687248945236206,0.6916691064834595,0.7777901887893677,1.832089900970459,0.6902573108673096,0.8104873895645142,0.14484095573425293,0.07905777749090293,0.0014117956161499023,0.032697200775146484,1.9606791734695435,1.3400986194610596,0.3165130544587405,1.1587398052215576,0.43112245202064514,0.456482470035553,0.0,1.157626286614579,0.3064763789479421
aligned_temporal_difference,4,5,512,28,28,train,2011_09_26/2011_09_26_drive_0005_sync,137,137,138,0000000137.png,0000000138.png,1,0.1035,False,True,1.5412379503250122,0.7065191268920898,0.7443761825561523,1.625996470451355,0.7081102132797241,0.7645702958106995,0.08475852012634277,0.05212712429985468,-0.0015910863876342773,0.02019411325454712,1.832089900970459,1.2115753889083862,0.3386921742941686,1.0430611371994019,0.5969387888908386,0.6170154213905334,0.0,1.1007158529377081,0.2759988304705996
aligned_temporal_difference,4,5,512,28,28,train,2011_09_26/2011_09_26_drive_0005_sync,138,138,139,0000000138.png,0000000139.png,1,0.1035,False,True,1.5808662176132202,0.6981871128082275,0.7551832795143127,1.6670725345611572,0.6998177766799927,0.7755003571510315,0.08620631694793701,0.05171119741987117,-0.0016306638717651367,0.02031707763671875,1.625996470451355,0.9285174012184143,0.4289548482471981,0.8783114552497864,0.6568877696990967,0.665869414806366,0.0,0.9635960778346985,0.265652192350783
aligned_temporal_difference,4,5,512,28,28,train,2011_09_26/2011_09_26_drive_0005_sync,139,139,140,0000000139.png,0000000140.png,1,0.1035,False,True,1.792944312095642,0.65928053855896,0.7997814416885376,1.898880958557129,0.6594029664993286,0.8230699896812439,0.10593664646148682,0.05578898771094273,-0.00012242794036865234,0.0232885479927063,1.6670725345611572,0.9237872958183289,0.445862566465047,0.8727355599403381,0.6696428656578064,0.6854928135871887,0.0,0.9611385414279925,0.2664437578035975
aligned_temporal_difference,4,5,512,28,28,train,2011_09_26/2011_09_26_drive_0005_sync,140,140,141,0000000140.png,0000000141.png,1,0.1035,False,True,1.8061988353729248,0.6626409888267517,0.7945591807365417,1.9108110666275024,0.6626725792884827,0.8172451257705688,0.10461223125457764,0.05474755358163883,-3.159046173095703e-05,0.0226859450340271,1.898880958557129,1.0340343713760376,0.4554506607082141,0.9836927056312561,0.714285671710968,0.7364757061004639,0.0,1.0168748061467732,0.2700374521444482
aligned_temporal_difference,4,5,512,28,28,train,2011_09_26/2011_09_26_drive_0005_sync,141,141,142,0000000141.png,0000000142.png,1,0.1035,False,True,1.8769892454147339,0.6533271074295044,0.8073346614837646,1.9884934425354004,0.6536194086074829,0.830968976020813,0.1115041971206665,0.056074712008350736,-0.0002923011779785156,0.02363431453704834,1.9108110666275024,1.0355936288833618,0.4580345242027831,0.9728221297264099,0.71683669090271,0.7305733561515808,0.0,1.0176412083260788,0.2755926486900706
aligned_temporal_difference,4,5,512,28,28,train,2011_09_26/2011_09_26_drive_0005_sync,142,142,143,0000000142.png,0000000143.png,1,0.1035,False,True,1.8292124271392822,0.656669020652771,0.808911919593811,1.952436089515686,0.6560466885566711,0.8357138633728027,0.12322366237640381,0.06311277641204133,0.0006223320960998535,0.0268019437789917,1.9884934425354004,1.1471108198165894,0.42312567128510015,1.060544729232788,0.7040815949440002,0.7146483063697815,0.0,1.0710325951233182,0.28245548349062555
aligned_temporal_difference,4,5,512,28,28,train,2011_09_26/2011_09_26_drive_0005_sync,143,143,144,0000000143.png,0000000144.png,1,0.1035,False,True,1.7630963325500488,0.6550699472427368,0.8150331377983093,1.8837900161743164,0.6545494794845581,0.8424681425094604,0.12069368362426758,0.0640696057352388,0.0005204677581787109,0.027435004711151123,1.952436089515686,1.1185895204544067,0.42708008397249003,1.0286457538604736,0.6989795565605164,0.7174713015556335,0.0,1.057633925540594,0.27474198483446527
aligned_temporal_difference,4,5,512,28,28,train,2011_09_26/2011_09_26_drive_0005_sync,144,144,145,0000000144.png,0000000145.png,1,0.1035,False,True,1.6242411136627197,0.6739950180053711,0.7863122224807739,1.719624400138855,0.6743935346603394,0.809070885181427,0.09538328647613525,0.05546751166617159,-0.0003985166549682617,0.022758662700653076,1.8837900161743164,1.0656216144561768,0.43432038321325855,0.9810507297515869,0.7270408272743225,0.7413058876991272,0.0,1.0322895012815818,0.2671352396712991
aligned_temporal_difference,4,5,512,28,28,train,2011_09_26/2011_09_26_drive_0005_sync,145,145,146,0000000145.png,0000000146.png,1,0.1035,False,True,1.717555284500122,0.6640123128890991,0.7887057065963745,1.8031744956970215,0.6655470728874207,0.8081248998641968,0.08561921119689941,0.047482487912964354,-0.0015347599983215332,0.019419193267822266,1.719624400138855,1.0592328310012817,0.3840324486464884,0.957027792930603,0.7193877696990967,0.7288978099822998,0.0,1.0291903764616543,0.2654183790255473
aligned_temporal_difference,4,5,512,28,28,train,2011_09_26/2011_09_26_drive_0005_sync,146,146,147,0000000146.png,0000000147.png,1,0.1035,False,True,1.5679330825805664,0.6916788816452026,0.7680455446243286,1.6589701175689697,0.6939908266067505,0.7900280356407166,0.09103703498840332,0.05487563279428302,-0.0023119449615478516,0.02198249101638794,1.8031744956970215,1.1507166624069214,0.36183843263482435,1.0183581113815308,0.75,0.7605667114257812,0.0,1.0727146230041433,0.2798683349101975
aligned_temporal_difference,4,5,512,28,28,train,2011_09_26/2011_09_26_drive_0005_sync,147,147,148,0000000147.png,0000000148.png,1,0.1035,False,True,1.4760100841522217,0.7159045934677124,0.7260622382164001,1.5257364511489868,0.7206963896751404,0.7381913661956787,0.04972636699676514,0.03259171461710683,-0.0047917962074279785,0.012129127979278564,1.6589701175689697,1.0177664756774902,0.38650704741510944,0.9383283257484436,0.7181122303009033,0.7265655994415283,0.0,1.0088441285339824,0.2596597957867111
aligned_temporal_difference,4,5,512,28,28,train,2011_09_26/2011_09_26_drive_0005_sync,148,148,149,0000000148.png,0000000149.png,1,0.1035,False,True,1.4547572135925293,0.7224137783050537,0.7263899445533752,1.517559289932251,0.726931095123291,0.7419034242630005,0.06280207633972168,0.04138360639769493,-0.004517316818237305,0.015513479709625244,1.5257364511489868,1.001505732536316,0.3435919212770255,0.9554086327552795,0.6836734414100647,0.6974101662635803,0.0,1.0007525830775137,0.26997594498837124
aligned_temporal_difference,4,5,512,28,28,train,2011_09_26/2011_09_26_drive_0005_sync,149,149,150,0000000149.png,0000000150.png,1,0.1035,False,True,1.520906686782837,0.7159034013748169,0.7278799414634705,1.5739487409591675,0.7204707860946655,0.7404636144638062,0.053042054176330566,0.033699988313473685,-0.004567384719848633,0.012583673000335693,1.517559289932251,0.9596561193466187,0.3676318772431877,0.905634880065918,0.6607142686843872,0.6839609742164612,0.0,0.9796203955342184,0.26262404315289395
aligned_temporal_difference,4,5,512,28,28,train,2011_09_26/2011_09_26_drive_0005_sync,150,150,151,0000000150.png,0000000151.png,1,0.1035,False,True,1.5608365535736084,0.7083101272583008,0.7454124689102173,1.630954623222351,0.7128893136978149,0.7619717121124268,0.07011806964874268,0.04299204199207408,-0.00457918643951416,0.016559243202209473,1.5739487409591675,1.0894006490707397,0.30785506495792436,1.0243356227874756,0.6198979616165161,0.6473712921142578,0.0,1.0437435743853658,0.27459712048640605
aligned_temporal_difference,4,5,512,28,28,train,2011_09_26/2011_09_26_drive_0005_sync,151,151,152,0000000151.png,0000000152.png,1,0.1035,False,True,1.5468313694000244,0.7051421999931335,0.750137984752655,1.6183079481124878,0.7088736891746521,0.7672736048698425,0.07147657871246338,0.044167476774633674,-0.0037314891815185547,0.0171356201171875,1.630954623222351,1.2054083347320557,0.26091853349636684,1.1363012790679932,0.5178571343421936,0.5527271032333374,0.0,1.0979108956249846,0.27377116417613856
aligned_temporal_difference,4,5,512,28,28,train,2011_09_26/2011_09_26_drive_0005_sync,152,152,153,0000000152.png,0000000153.png,1,0.1035,False,True,1.2327982187271118,0.7640564441680908,0.6686463356018066,1.2630326747894287,0.7706215381622314,0.6767959594726562,0.030234456062316895,0.023937984080544508,-0.006565093994140625,0.00814962387084961,1.6183079481124878,1.2565501928329468,0.2235407393886169,1.186545968055725,0.45790815353393555,0.49647650122642517,0.0,1.1209594965175802,0.27234599378999824
aligned_temporal_difference,4,5,512,28,28,val,2011_09_26/2011_09_26_drive_0011_sync,0,0,1,0000000000.png,0000000001.png,1,0.1035,False,False,1.2510241270065308,0.7096607089042664,0.7424346804618835,1.292933702468872,0.7137655019760132,0.7547681331634521,0.04190957546234131,0.03241432672248738,-0.004104793071746826,0.012333452701568604,,,,,,,0.0,0.0,0.20538057095894335
aligned_temporal_difference,4,5,512,28,28,val,2011_09_26/2011_09_26_drive_0011_sync,1,1,2,0000000001.png,0000000002.png,1,0.1035,False,True,1.156442403793335,0.7490227818489075,0.6807218790054321,1.1649911403656006,0.7563753128051758,0.6832333207130432,0.008548736572265625,0.00733802711116141,-0.0073525309562683105,0.002511441707611084,1.292933702468872,0.9687542915344238,0.2507316580234732,0.8601981997489929,0.45280611515045166,0.530999481678009,0.0,0.9842531643507293,0.23927070427241903
aligned_temporal_difference,4,5,512,28,28,val,2011_09_26/2011_09_26_drive_0011_sync,2,2,3,0000000002.png,0000000003.png,1,0.1035,False,True,1.4381141662597656,0.7048182487487793,0.743091344833374,1.4741994142532349,0.711106538772583,0.7523563504219055,0.03608524799346924,0.02447786075925722,-0.006288290023803711,0.009265005588531494,1.1649911403656006,0.9228780269622803,0.20782399540595625,0.8530716896057129,0.3877550959587097,0.46066516637802124,0.0,0.9606654084343207,0.25091701944177114
aligned_temporal_difference,4,5,512,28,28,val,2011_09_26/2011_09_26_drive_0011_sync,3,3,4,0000000003.png,0000000004.png,1,0.1035,False,True,1.5003825426101685,0.694694995880127,0.7629340291023254,1.5555847883224487,0.6998239755630493,0.7768422365188599,0.05520224571228027,0.03548649107825918,-0.005128979682922363,0.013908207416534424,1.4741994142532349,1.1143027544021606,0.24413024206320294,1.0120699405670166,0.43877550959587097,0.5190821886062622,0.0,1.0556053971073474,0.2678567313009461
aligned_temporal_difference,4,5,512,28,28,val,2011_09_26/2011_09_26_drive_0011_sync,4,4,5,0000000004.png,0000000005.png,1,0.1035,False,True,1.4540839195251465,0.6910965442657471,0.7795814275741577,1.509109616279602,0.6968551278114319,0.7941950559616089,0.055025696754455566,0.03646235910291928,-0.0057585835456848145,0.014613628387451172,1.5555847883224487,1.16376793384552,0.25187753018558773,1.0402960777282715,0.43622449040412903,0.5043795108795166,0.0,1.0787807626415666,0.2606529483172162
aligned_temporal_difference,4,5,512,28,28,val,2011_09_26/2011_09_26_drive_0011_sync,5,5,6,0000000005.png,0000000006.png,1,0.1035,False,True,1.3538148403167725,0.7075611352920532,0.7427229881286621,1.3930078744888306,0.7126471400260925,0.7533972263336182,0.039193034172058105,0.028135543875830664,-0.005086004734039307,0.010674238204956055,1.509109616279602,1.170106053352356,0.2246381305043893,1.0252842903137207,0.4107142686843872,0.4841526448726654,0.0,1.0817144047078027,0.2541136408170242
aligned_temporal_difference,4,5,512,28,28,val,2011_09_26/2011_09_26_drive_0011_sync,6,6,7,0000000006.png,0000000007.png,1,0.1035,False,True,1.328811764717102,0.7097263336181641,0.747986912727356,1.374497413635254,0.7154762148857117,0.7607364654541016,0.045685648918151855,0.0332380755794389,-0.005749881267547607,0.012749552726745605,1.3930078744888306,1.0399792194366455,0.25342904481550776,0.9521233439445496,0.4068877398967743,0.4687028229236603,0.0,1.0197937141582338,0.2553922159420205
aligned_temporal_difference,4,5,512,28,28,val,2011_09_26/2011_09_26_drive_0011_sync,7,7,8,0000000007.png,0000000008.png,1,0.1035,False,True,1.3762060403823853,0.7014254331588745,0.7494465112686157,1.4213751554489136,0.7055163979530334,0.7616461515426636,0.04516911506652832,0.031778461086343204,-0.0040909647941589355,0.012199640274047852,1.374497413635254,1.0207931995391846,0.25733348828980096,0.9180300831794739,0.47193875908851624,0.5469621419906616,0.0,1.0103431098093283,0.2458739585902894
aligned_temporal_difference,4,5,512,28,28,val,2011_09_26/2011_09_26_drive_0011_sync,8,8,9,0000000008.png,0000000009.png,1,0.1035,False,True,1.2781091928482056,0.7248425483703613,0.7238920331001282,1.3168498277664185,0.7306662201881409,0.73478102684021,0.03874063491821289,0.029419174534064386,-0.005823671817779541,0.010888993740081787,1.4213751554489136,1.1570632457733154,0.18595506517919994,1.0267444849014282,0.40051019191741943,0.4760619103908539,0.0,1.0756687435141523,0.25794352467597265
aligned_temporal_difference,4,5,512,28,28,val,2011_09_26/2011_09_26_drive_0011_sync,9,9,10,0000000009.png,0000000010.png,1,0.1035,False,True,1.1440119743347168,0.7446730732917786,0.7068834900856018,1.1788990497589111,0.7510590553283691,0.7175807952880859,0.034887075424194336,0.029592928615328737,-0.006385982036590576,0.01069730520248413,1.3168498277664185,1.0878944396972656,0.17386598170992412,0.9637525677680969,0.36862245202064514,0.4399475157260895,0.0,1.04302178294476,0.25022928333372385
aligned_temporal_difference,4,5,512,28,28,val,2011_09_26/2011_09_26_drive_0011_sync,10,10,11,0000000010.png,0000000011.png,1,0.1035,False,True,1.0779469013214111,0.7547576427459717,0.6824231743812561,1.0951703786849976,0.7621452808380127,0.6878534555435181,0.017223477363586426,0.015726756036140373,-0.007387638092041016,0.005430281162261963,1.1788990497589111,1.006705641746521,0.1460628949082657,0.8893849849700928,0.3711734712123871,0.4372151792049408,0.0,1.0033472189359578,0.24389256654634128
aligned_temporal_difference,4,5,512,28,28,val,2011_09_26/2011_09_26_drive_0011_sync,11,11,12,0000000011.png,0000000012.png,1,0.1035,False,True,1.087194800376892,0.7534719705581665,0.6846859455108643,1.109703779220581,0.7605201601982117,0.6917374134063721,0.022508978843688965,0.0202837723590511,-0.007048189640045166,0.0070514678955078125,1.0951703786849976,0.9122409820556641,0.16703281990605157,0.8244603872299194,0.37244898080825806,0.4321506917476654,0.0,0.9551130729163244,0.24500600413341764
aligned_temporal_difference,4,5,512,28,28,val,2011_09_26/2011_09_26_drive_0011_sync,12,12,13,0000000012.png,0000000013.png,1,0.1035,False,True,1.1829860210418701,0.7218213677406311,0.7374887466430664,1.2341442108154297,0.7257633209228516,0.7532662749290466,0.05115818977355957,0.041452359720391255,-0.003941953182220459,0.015777528285980225,1.109703779220581,0.9028394222259521,0.18641403306738627,0.8380315899848938,0.40433672070503235,0.4582267999649048,0.0,0.9501786264834376,0.24585863265418514
aligned_temporal_difference,4,5,512,28,28,val,2011_09_26/2011_09_26_drive_0011_sync,13,13,14,0000000013.png,0000000014.png,1,0.1035,False,True,1.2195937633514404,0.7091676592826843,0.7416861653327942,1.2553048133850098,0.7142226099967957,0.7524665594100952,0.035711050033569336,0.028448110492998273,-0.005054950714111328,0.010780394077301025,1.2341442108154297,1.001007080078125,0.18890590637156188,0.8800169825553894,0.41709181666374207,0.4794352054595947,0.0,1.0005034133265738,0.24078232217261591
aligned_temporal_difference,4,5,512,28,28,val,2011_09_26/2011_09_26_drive_0011_sync,14,14,15,0000000014.png,0000000015.png,1,0.1035,False,True,1.2574435472488403,0.6941511631011963,0.7700068354606628,1.3045201301574707,0.6994421482086182,0.784288227558136,0.04707658290863037,0.036087279774630755,-0.005290985107421875,0.014281392097473145,1.2553048133850098,1.0017404556274414,0.20199425275349325,0.9022263884544373,0.44387754797935486,0.508334219455719,0.0,1.000869849494649,0.24316633751965452
aligned_temporal_difference,4,5,512,28,28,val,2011_09_26/2011_09_26_drive_0011_sync,15,15,16,0000000015.png,0000000016.png,1,0.1035,False,True,1.1555322408676147,0.6948425769805908,0.7820428013801575,1.2165480852127075,0.6977982521057129,0.802424430847168,0.06101584434509277,0.05015489735814631,-0.0029556751251220703,0.020381629467010498,1.3045201301574707,1.0279415845870972,0.21201554439561413,0.918627142906189,0.4783163070678711,0.5533397197723389,0.0,1.0138745408516268,0.2428391902325162
aligned_temporal_difference,4,5,512,28,28,val,2011_09_26/2011_09_26_drive_0011_sync,16,16,17,0000000016.png,0000000017.png,1,0.1035,False,True,1.0230824947357178,0.7171045541763306,0.7338324189186096,1.0517940521240234,0.7224279046058655,0.7440581917762756,0.028711557388305664,0.027297698946219282,-0.005323350429534912,0.010225772857666016,1.2165480852127075,0.8693302273750305,0.28541235817815425,0.743902862071991,0.5229591727256775,0.5937559008598328,0.0,0.9323788003676566,0.21973471732371636
aligned_temporal_difference,4,5,512,28,28,val,2011_09_26/2011_09_26_drive_0011_sync,17,17,18,0000000017.png,0000000018.png,1,0.1035,False,True,1.0321083068847656,0.7221195697784424,0.7212827205657959,1.0602513551712036,0.7271709442138672,0.7310503125190735,0.02814304828643799,0.02654375129932619,-0.005051374435424805,0.009767591953277588,1.0517940521240234,0.8257015347480774,0.2149589236784219,0.7345180511474609,0.39030611515045166,0.4600461721420288,0.0,0.908681206335906,0.2261943950872289
aligned_temporal_difference,4,5,512,28,28,val,2011_09_26/2011_09_26_drive_0011_sync,18,18,19,0000000018.png,0000000019.png,1,0.1035,False,True,1.0457179546356201,0.7217305302619934,0.7286803126335144,1.0848839282989502,0.7255802154541016,0.7422007322311401,0.03916597366333008,0.036101533667975506,-0.0038496851921081543,0.013520419597625732,1.0602513551712036,0.8025420904159546,0.2430643106451258,0.7116583585739136,0.41836732625961304,0.4881074130535126,0.0,0.8958471356297092,0.23058861508786635
aligned_temporal_difference,4,5,512,28,28,val,2011_09_26/2011_09_26_drive_0011_sync,19,19,20,0000000019.png,0000000020.png,1,0.1035,False,True,1.0328847169876099,0.7281310558319092,0.7154718637466431,1.0722614526748657,0.7311261296272278,0.7289823293685913,0.03937673568725586,0.03672307307982262,-0.0029950737953186035,0.013510465621948242,1.0848839282989502,0.8330010771751404,0.23217493093362618,0.736646831035614,0.38265305757522583,0.4476380944252014,0.0,0.9126889268393369,0.23300989282771328
aligned_temporal_difference,4,5,512,28,28,val,2011_09_26/2011_09_26_drive_0011_sync,20,20,21,0000000020.png,0000000021.png,1,0.1035,False,True,0.8539397120475769,0.7706625461578369,0.6689547896385193,0.8702158331871033,0.778647780418396,0.6752998232841492,0.016276121139526367,0.018703545165245083,-0.007985234260559082,0.006345033645629883,1.0722614526748657,0.9043369293212891,0.15660781513190816,0.7966501712799072,0.38647958636283875,0.44089794158935547,0.0,0.9509663134524214,0.229062209200707
aligned_temporal_difference,4,5,512,28,28,val,2011_09_26/2011_09_26_drive_0011_sync,21,21,22,0000000021.png,0000000022.png,1,0.1035,False,True,0.8547753691673279,0.7757816314697266,0.6461467146873474,0.8517871499061584,0.7851475477218628,0.6450163125991821,-0.0029882192611694336,-0.003508176029068584,-0.00936591625213623,-0.0011304020881652832,0.8702158331871033,0.7100939154624939,0.18400253318555962,0.6370527148246765,0.32780611515045166,0.3848661482334137,0.0,0.8426707040490335,0.21870426142580524
aligned_temporal_difference,4,5,512,28,28,val,2011_09_26/2011_09_26_drive_0011_sync,22,22,23,0000000022.png,0000000023.png,1,0.1035,False,True,0.8277407288551331,0.7955142259597778,0.6181999444961548,0.8234345316886902,0.8048784732818604,0.6165897846221924,-0.004306197166442871,-0.005229556207233344,-0.00936424732208252,-0.0016101598739624023,0.8517871499061584,0.7185760736465454,0.15639009848210192,0.6492297649383545,0.30612245202064514,0.3700508177280426,0.0,0.8476886655173262,0.22723516545331682
aligned_temporal_difference,4,5,512,28,28,val,2011_09_26/2011_09_26_drive_0011_sync,23,23,24,0000000023.png,0000000024.png,1,0.1035,False,True,0.9250406622886658,0.7770190238952637,0.6501235365867615,0.9395468235015869,0.7842462062835693,0.655201256275177,0.014506161212921143,0.015439529835094633,-0.007227182388305664,0.005077719688415527,0.8234345316886902,0.7333481311798096,0.10940323370229865,0.6458300352096558,0.2691326439380646,0.33147600293159485,0.0,0.8563574786149821,0.23175993993783478
aligned_temporal_difference,4,5,512,28,28,val,2011_09_26/2011_09_26_drive_0011_sync,24,24,25,0000000024.png,0000000025.png,1,0.1035,False,True,0.7637088298797607,0.8137404918670654,0.5995471477508545,0.7688189148902893,0.8218438625335693,0.6015495657920837,0.0051100850105285645,0.0066466692111207685,-0.008103370666503906,0.002002418041229248,0.9395468235015869,0.8083175420761108,0.13967295524069687,0.7057218551635742,0.28443875908851624,0.3414987623691559,0.0,0.8990648152809178,0.23285333672103378
aligned_temporal_difference,4,5,512,28,28,val,2011_09_26/2011_09_26_drive_0011_sync,25,25,26,0000000025.png,0000000026.png,1,0.1035,False,True,0.8647065162658691,0.7864077091217041,0.6387503743171692,0.8733816146850586,0.7942080497741699,0.6419464945793152,0.008675098419189453,0.009932769677453874,-0.00780034065246582,0.003196120262145996,0.7688189148902893,0.6618217825889587,0.13917078551143489,0.596705436706543,0.26658162474632263,0.3363216817378998,0.0,0.8135242974791588,0.22089543867563147
aligned_temporal_difference,4,5,512,28,28,val,2011_09_26/2011_09_26_drive_0011_sync,26,26,27,0000000026.png,0000000027.png,1,0.1035,False,True,0.7995738387107849,0.8128750324249268,0.5907968878746033,0.7908426523208618,0.8212969303131104,0.5875623226165771,-0.008731186389923096,-0.011040358488885177,-0.008421897888183594,-0.003234565258026123,0.8733816146850586,0.7430970072746277,0.14917260132320456,0.6672213673591614,0.2908163070678711,0.35051804780960083,0.0,0.8620307461306863,0.2239218014855464
aligned_temporal_difference,4,5,512,28,28,val,2011_09_26/2011_09_26_drive_0011_sync,27,27,28,0000000027.png,0000000028.png,1,0.1035,False,True,0.8644933700561523,0.7978569269180298,0.6243352293968201,0.8741282820701599,0.8062250018119812,0.6278048157691956,0.009634912014007568,0.011022308980999478,-0.008368074893951416,0.0034695863723754883,0.7908426523208618,0.6718739867210388,0.15043278868519455,0.6060381531715393,0.24234692752361298,0.2994069755077362,0.0,0.8196791974431453,0.2326299953698146
aligned_temporal_difference,4,5,512,28,28,val,2011_09_26/2011_09_26_drive_0011_sync,28,28,29,0000000028.png,0000000029.png,1,0.1035,False,True,0.9325245022773743,0.7886723279953003,0.6285640001296997,0.9310453534126282,0.7970159649848938,0.628065288066864,-0.0014791488647460938,-0.0015886968978734086,-0.008343636989593506,-0.0004987120628356934,0.8741282820701599,0.7460674047470093,0.14650124009243773,0.6806893348693848,0.27551019191741943,0.3294002413749695,0.0,0.863751934728374,0.22805669134169915
aligned_temporal_difference,4,5,512,28,28,val,2011_09_26/2011_09_26_drive_0011_sync,29,29,30,0000000029.png,0000000030.png,1,0.1035,False,True,0.9007127285003662,0.8018183708190918,0.6127799153327942,0.9026008248329163,0.8103635907173157,0.6134218573570251,0.0018880963325500488,0.002091839804045782,-0.008545219898223877,0.000641942024230957,0.9310453534126282,0.7857323884963989,0.15607506592842452,0.7175893783569336,0.3086734712123871,0.36414849758148193,0.0,0.8864154717153796,0.23853121606903255
aligned_temporal_difference,4,5,512,28,28,val,2011_09_26/2011_09_26_drive_0011_sync,30,30,31,0000000030.png,0000000031.png,1,0.1035,False,True,0.9855489730834961,0.7837285995483398,0.6425462365150452,0.9997169971466064,0.7911099791526794,0.6471483111381531,0.014168024063110352,0.014172034789394142,-0.0073813796043396,0.00460207462310791,0.9026008248329163,0.7462931871414185,0.17317471177852345,0.6797251105308533,0.25765305757522583,0.31524142622947693,0.0,0.8638826234746353,0.2385439362827479
aligned_temporal_difference,4,5,512,28,28,val,2011_09_26/2011_09_26_drive_0011_sync,31,31,32,0000000031.png,0000000032.png,1,0.1035,False,True,1.0099390745162964,0.7806254625320435,0.6444634199142456,1.0200424194335938,0.7883508205413818,0.6476789712905884,0.010103344917297363,0.009904828196171998,-0.007725358009338379,0.0032155513763427734,0.9997169971466064,0.7838788032531738,0.21589929400968302,0.6922457814216614,0.30994898080825806,0.37229233980178833,0.0,0.8853693033153871,0.2389046690285405
aligned_temporal_difference,4,5,512,28,28,val,2011_09_26/2011_09_26_drive_0011_sync,32,32,33,0000000032.png,0000000033.png,1,0.1035,False,True,1.0970298051834106,0.7663908004760742,0.664546549320221,1.111619472503662,0.773908793926239,0.6689508557319641,0.014589667320251465,0.013124695708497856,-0.007517993450164795,0.004404306411743164,1.0200424194335938,0.8014262914657593,0.21432062412583489,0.7304478883743286,0.31377550959587097,0.3734772205352783,0.0,0.8952241571057828,0.2404925889287977
aligned_temporal_difference,4,5,512,28,28,val,2011_09_26/2011_09_26_drive_0011_sync,33,33,34,0000000033.png,0000000034.png,1,0.1035,False,True,1.073874592781067,0.7748978137969971,0.6536917090415955,1.0868542194366455,0.7825195789337158,0.6576303243637085,0.012979626655578613,0.01194238051751449,-0.00762176513671875,0.003938615322113037,1.111619472503662,0.8210257291793823,0.26141476513521805,0.751770555973053,0.33290815353393555,0.3952515125274658,0.0,0.9061047010028048,0.24297769904138386
aligned_temporal_difference,4,5,512,28,28,val,2011_09_26/2011_09_26_drive_0011_sync,34,34,35,0000000034.png,0000000035.png,1,0.1035,False,True,1.1252896785736084,0.7613815069198608,0.6779930591583252,1.150907278060913,0.7680798172950745,0.6856670379638672,0.025617599487304688,0.022258612814114852,-0.006698310375213623,0.007673978805541992,1.0868542194366455,0.8042446374893188,0.2600252884823993,0.7321907877922058,0.28826528787612915,0.34849533438682556,0.0,0.8967968763824498,0.2449606437358941
aligned_temporal_difference,4,5,512,28,28,val,2011_09_26/2011_09_26_drive_0011_sync,35,35,36,0000000035.png,0000000036.png,1,0.1035,False,True,1.208191156387329,0.7464213371276855,0.691145658493042,1.2275136709213257,0.7534776329994202,0.6966504454612732,0.019322514533996582,0.015741180723057715,-0.007056295871734619,0.005504786968231201,1.150907278060913,0.8394264578819275,0.2706393695796058,0.7705061435699463,0.29719388484954834,0.3521405756473541,0.0,0.9162021926856143,0.2422462361390774
aligned_temporal_difference,4,5,512,28,28,val,2011_09_26/2011_09_26_drive_0011_sync,36,36,37,0000000036.png,0000000037.png,1,0.1035,False,True,1.236168384552002,0.7444868087768555,0.6965212225914001,1.2620398998260498,0.7514415383338928,0.7037721872329712,0.02587151527404785,0.020499760172094234,-0.0069547295570373535,0.007250964641571045,1.2275136709213257,0.9299280643463135,0.24242956606068233,0.8269667029380798,0.30994898080825806,0.3738773465156555,0.0,0.9643277784790364,0.2505929293292615
aligned_temporal_difference,4,5,512,28,28,val,2011_09_26/2011_09_26_drive_0011_sync,37,37,38,0000000037.png,0000000038.png,1,0.1035,False,True,1.2080408334732056,0.7474704384803772,0.6959906220436096,1.242335557937622,0.753642737865448,0.7058006525039673,0.034294724464416504,0.02760504136366227,-0.006172299385070801,0.009810030460357666,1.2620398998260498,0.9209569692611694,0.2702631910543341,0.817815363407135,0.32397958636283875,0.3995313048362732,0.0,0.9596650297167076,0.25470423380167695
aligned_temporal_difference,4,5,512,28,28,val,2011_09_26/2011_09_26_drive_0011_sync,38,38,39,0000000038.png,0000000039.png,1,0.1035,False,True,0.9165523052215576,0.8057925701141357,0.6098030209541321,0.9241384267807007,0.8136452436447144,0.6123214364051819,0.007586121559143066,0.00820885847758743,-0.007852673530578613,0.0025184154510498047,1.242335557937622,0.9012133479118347,0.2745813784740074,0.7875683903694153,0.3303571343421936,0.4148905277252197,0.0,0.9493225731603746,0.24845288307020305
aligned_temporal_difference,4,5,512,28,28,val,2011_09_26/2011_09_26_drive_0011_sync,39,39,40,0000000039.png,0000000040.png,1,0.1035,False,True,0.9822365641593933,0.793522298336029,0.6254990100860596,0.9890857338905334,0.8012344837188721,0.6276760101318359,0.006849169731140137,0.0069247482765717105,-0.007712185382843018,0.002177000045776367,0.9241384267807007,0.7064204216003418,0.23559025235948083,0.6228447556495667,0.2984693944454193,0.3750777542591095,0.0,0.8404882043195739,0.2381554881425201
aligned_temporal_difference,4,5,512,28,28,val,2011_09_26/2011_09_26_drive_0011_sync,40,40,41,0000000040.png,0000000041.png,1,0.1035,False,True,0.8722794055938721,0.8168874979019165,0.5911484956741333,0.8838181495666504,0.8234734535217285,0.5950455665588379,0.01153874397277832,0.013055563498482062,-0.006585955619812012,0.00389707088470459,0.9890857338905334,0.804884135723114,0.18623420787080713,0.704658031463623,0.29209181666374207,0.3591902256011963,0.0,0.8971533512856729,0.247188991947229
aligned_temporal_difference,4,5,512,28,28,val,2011_09_26/2011_09_26_drive_0011_sync,41,41,42,0000000041.png,0000000042.png,1,0.1035,False,True,0.829193115234375,0.8275822401046753,0.5724496841430664,0.8271045684814453,0.8354691863059998,0.5717282891273499,-0.0020885467529296875,-0.0025251302344566125,-0.007886946201324463,-0.0007213950157165527,0.8838181495666504,0.6827623844146729,0.2274854451117102,0.6086819767951965,0.27040815353393555,0.3332798480987549,0.0,0.826294369105026,0.23700079277767103
aligned_temporal_difference,4,5,512,28,28,val,2011_09_26/2011_09_26_drive_0011_sync,42,42,43,0000000042.png,0000000043.png,1,0.1035,False,True,0.8844788670539856,0.8206427097320557,0.5820004940032959,0.8842529058456421,0.8281208872795105,0.5819261074066162,-0.00022596120834350586,-0.000255539118785718,-0.007478177547454834,-7.43865966796875e-05,0.8271045684814453,0.6797789335250854,0.17812213905050492,0.6196394562721252,0.241071417927742,0.29813146591186523,0.0,0.8244870729884645,0.2407056249199606
aligned_temporal_difference,4,5,512,28,28,val,2011_09_26/2011_09_26_drive_0011_sync,43,43,44,0000000043.png,0000000044.png,1,0.1035,False,True,0.7568166255950928,0.8519378900527954,0.5293511152267456,0.7373344898223877,0.8613191246986389,0.5224933624267578,-0.019482135772705078,-0.026422385011988275,-0.009381234645843506,-0.006857752799987793,0.8842529058456421,0.7491130232810974,0.1528294469502542,0.6687732338905334,0.25127550959587097,0.3215438723564148,0.0,0.8655131560416037,0.24879179259599285
aligned_temporal_difference,4,5,512,28,28,val,2011_09_26/2011_09_26_drive_0011_sync,44,44,45,0000000044.png,0000000045.png,1,0.1035,False,True,0.9432592988014221,0.8228665590286255,0.5767094492912292,0.9395994544029236,0.8305511474609375,0.5755895972251892,-0.003659844398498535,-0.003895111242720138,-0.007684588432312012,-0.001119852066040039,0.7373344898223877,0.6010828614234924,0.18478944126391827,0.5500882863998413,0.24617347121238708,0.31010183691978455,0.0,0.7752953381928028,0.2468898325097961
aligned_temporal_difference,4,5,512,28,28,val,2011_09_26/2011_09_26_drive_0011_sync,45,45,46,0000000045.png,0000000046.png,1,0.1035,False,True,0.999427318572998,0.8057546615600586,0.6179892420768738,1.027597188949585,0.8122094869613647,0.6266379952430725,0.028169870376586914,0.027413339272932713,-0.006454825401306152,0.00864875316619873,0.9395994544029236,0.7561599612236023,0.1952315875873826,0.700587809085846,0.2946428656578064,0.35117456316947937,0.0,0.8695745863487515,0.25768334592680975
aligned_temporal_difference,4,5,512,28,28,val,2011_09_26/2011_09_26_drive_0011_sync,46,46,47,0000000046.png,0000000047.png,1,0.1035,False,True,0.9121862053871155,0.8231115937232971,0.5767331719398499,0.904833197593689,0.8313946723937988,0.5744040012359619,-0.007353007793426514,-0.00812636827757987,-0.008283078670501709,-0.0023291707038879395,1.027597188949585,0.791115939617157,0.2301302999613694,0.7265861630439758,0.31505101919174194,0.3821493983268738,0.0,0.8894469852763328,0.24812183599112245
aligned_temporal_difference,4,5,512,28,28,val,2011_09_26/2011_09_26_drive_0011_sync,47,47,48,0000000047.png,0000000048.png,1,0.1035,False,True,0.8719260096549988,0.8320469260215759,0.566715657711029,0.8742011785507202,0.8398211002349854,0.5674545168876648,0.0022751688957214355,0.0026025690099083214,-0.007774174213409424,0.0007388591766357422,0.904833197593689,0.7223464846611023,0.2016799487661277,0.6801499128341675,0.3214285671710968,0.3779602646827698,0.0,0.8499096920621051,0.2532875004490736
aligned_temporal_difference,4,5,512,28,28,val,2011_09_26/2011_09_26_drive_0011_sync,48,48,49,0000000048.png,0000000049.png,1,0.1035,False,True,1.0111457109451294,0.8147366046905518,0.5875204205513,1.008857011795044,0.8218510746955872,0.5868551135063171,-0.0022886991500854492,-0.002268606079282932,-0.0071144700050354,-0.0006653070449829102,0.8742011785507202,0.7115647792816162,0.18604001374000437,0.6580363512039185,0.27040815353393555,0.3227131962776184,0.0,0.8435429919580959,0.25267472543442027
aligned_temporal_difference,4,5,512,28,28,val,2011_09_26/2011_09_26_drive_0011_sync,49,49,50,0000000049.png,0000000050.png,1,0.1035,False,True,1.171256422996521,0.7919310331344604,0.6273467540740967,1.1826798915863037,0.7997524738311768,0.6303986310958862,0.011423468589782715,0.009658969152219758,-0.007821440696716309,0.0030518770217895508,1.008857011795044,0.766029417514801,0.24069574919064443,0.7102273106575012,0.32015305757522583,0.37879806756973267,0.0,0.8752310652135247,0.26089358845439753
aligned_temporal_difference,4,5,512,28,28,val,2011_09_26/2011_09_26_drive_0011_sync,50,50,51,0000000050.png,0000000051.png,1,0.1035,False,True,1.1842862367630005,0.7862863540649414,0.6410161852836609,1.2176607847213745,0.7922455668449402,0.649985671043396,0.03337454795837402,0.027408740083561776,-0.005959212779998779,0.008969485759735107,1.1826798915863037,0.8650157451629639,0.26859689480072546,0.8251127600669861,0.3431122303009033,0.39171895384788513,0.0,0.9300622265004443,0.27129697849926643
aligned_temporal_difference,4,5,512,28,28,val,2011_09_26/2011_09_26_drive_0011_sync,51,51,52,0000000051.png,0000000052.png,1,0.1035,False,True,1.1250886917114258,0.7950319051742554,0.6238486766815186,1.1417075395584106,0.8022352457046509,0.6284392476081848,0.016618847846984863,0.014556133923239832,-0.007203340530395508,0.00459057092666626,1.2176607847213745,0.8627849221229553,0.2914406598711496,0.8002068996429443,0.3354591727256775,0.3856508731842041,0.0,0.9288621652984663,0.26826634967196605
aligned_temporal_difference,4,5,512,28,28,val,2011_09_26/2011_09_26_drive_0011_sync,52,52,53,0000000052.png,0000000053.png,1,0.1035,False,True,1.3007272481918335,0.766868531703949,0.6621997952461243,1.3337937593460083,0.7723422646522522,0.6705640554428101,0.033066511154174805,0.02479132243832669,-0.005473732948303223,0.008364260196685791,1.1417075395584106,0.7913628220558167,0.30686029947573107,0.7272894382476807,0.3252550959587097,0.37386181950569153,0.0,0.8895857586853652,0.26476924151992315
aligned_temporal_difference,4,5,512,28,28,val,2011_09_26/2011_09_26_drive_0011_sync,53,53,54,0000000053.png,0000000054.png,1,0.1035,False,True,1.3239082098007202,0.7646302580833435,0.6685641407966614,1.3689250946044922,0.7690812945365906,0.6798357367515564,0.04501688480377197,0.032884841530922616,-0.00445103645324707,0.01127159595489502,1.3337937593460083,0.9629587531089783,0.2780302454097997,0.8592687845230103,0.3482142686843872,0.399990975856781,0.0,0.9813046178985292,0.27924043578654584
aligned_temporal_difference,4,5,512,28,28,val,2011_09_26/2011_09_26_drive_0011_sync,54,54,55,0000000054.png,0000000055.png,1,0.1035,False,True,0.9953137636184692,0.8189868927001953,0.5916047096252441,0.997512936592102,0.8283551931381226,0.5922579765319824,0.0021991729736328125,0.002204656093129033,-0.009368300437927246,0.0006532669067382812,1.3689250946044922,1.0553544759750366,0.2290633869342953,0.8940590023994446,0.31887754797935486,0.3727676272392273,0.0,1.0273044709213703,0.2733587969184862
aligned_temporal_difference,4,5,512,28,28,val,2011_09_26/2011_09_26_drive_0011_sync,55,55,56,0000000055.png,0000000056.png,1,0.1035,False,True,0.9108076691627502,0.8263200521469116,0.5799563527107239,0.9258280992507935,0.8334848880767822,0.5847189426422119,0.015020430088043213,0.016223778582868865,-0.0071648359298706055,0.004762589931488037,0.997512936592102,0.74974524974823,0.24838543717572656,0.6852659583091736,0.2729591727256775,0.33266085386276245,0.0,0.8658783111663151,0.2626802943591706
aligned_temporal_difference,4,5,512,28,28,val,2011_09_26/2011_09_26_drive_0011_sync,56,56,57,0000000056.png,0000000057.png,1,0.1035,False,True,0.9270500540733337,0.8212158679962158,0.5821300148963928,0.9286181926727295,0.8294212818145752,0.5826221704483032,0.001568138599395752,0.0016886796013357956,-0.008205413818359375,0.0004921555519104004,0.9258280992507935,0.6915326714515686,0.25306579913573957,0.6478007435798645,0.2857142686843872,0.3390759825706482,0.0,0.8315844343490134,0.2537690011788675
aligned_temporal_difference,4,5,512,28,28,val,2011_09_26/2011_09_26_drive_0011_sync,57,57,58,0000000057.png,0000000058.png,1,0.1035,False,True,0.8426772952079773,0.837238073348999,0.5573448538780212,0.837349534034729,0.8463213443756104,0.555580198764801,-0.005327761173248291,-0.0063626489974583575,-0.009083271026611328,-0.0017646551132202148,0.9286181926727295,0.7315384149551392,0.21222907247849562,0.6626520752906799,0.2984693944454193,0.3602844178676605,0.0,0.8553001899655694,0.25637719846979706
aligned_temporal_difference,4,5,512,28,28,val,2011_09_26/2011_09_26_drive_0011_sync,58,58,59,0000000058.png,0000000059.png,1,0.1035,False,True,0.8724215030670166,0.8358420133590698,0.5558509230613708,0.866120457649231,0.8437284827232361,0.5538400411605835,-0.0063010454177856445,-0.007275022038952343,-0.00788646936416626,-0.0020108819007873535,0.837349534034729,0.6699318289756775,0.1999376583543998,0.6263932585716248,0.3163265287876129,0.38765159249305725,0.0,0.8184936340471302,0.2533391488159615
aligned_temporal_difference,4,5,512,28,28,val,2011_09_26/2011_09_26_drive_0011_sync,59,59,60,0000000059.png,0000000060.png,1,0.1035,False,True,0.8384215235710144,0.8453248739242554,0.5420337915420532,0.827577531337738,0.8542437553405762,0.5385171175003052,-0.010843992233276367,-0.013103294643279636,-0.0089188814163208,-0.003516674041748047,0.866120457649231,0.6783155798912048,0.21683459396370128,0.6261866688728333,0.31505101919174194,0.38109272718429565,0.0,0.8235991621481926,0.2570166586586635
aligned_temporal_difference,4,5,512,28,28,val,2011_09_26/2011_09_26_drive_0011_sync,60,60,61,0000000060.png,0000000061.png,1,0.1035,False,True,0.9026100039482117,0.8382048606872559,0.5524874925613403,0.8856928944587708,0.8477104902267456,0.5472855567932129,-0.016917109489440918,-0.01910042362909395,-0.009505629539489746,-0.005201935768127441,0.827577531337738,0.6751131415367126,0.18422973561712613,0.6388687491416931,0.27423468232154846,0.33499303460121155,0.0,0.8216526891191391,0.25428343413616145
aligned_temporal_difference,4,5,512,28,28,val,2011_09_26/2011_09_26_drive_0011_sync,61,61,62,0000000061.png,0000000062.png,1,0.1035,False,True,0.9552183747291565,0.8278161287307739,0.5737919211387634,0.9610366821289062,0.8359917402267456,0.5755367875099182,0.005818307399749756,0.006054199083078633,-0.00817561149597168,0.0017448663711547852,0.8856928944587708,0.6976833343505859,0.21227398490429766,0.6607192754745483,0.2716836631298065,0.3382537066936493,0.0,0.835274406617721,0.2656055751878587
aligned_temporal_difference,4,5,512,28,28,val,2011_09_26/2011_09_26_drive_0011_sync,62,62,63,0000000062.png,0000000063.png,1,0.1035,False,True,0.7557783722877502,0.8687442541122437,0.49762821197509766,0.7225933074951172,0.8789048194885254,0.4865805506706238,-0.03318506479263306,-0.045924954533096474,-0.010160565376281738,-0.011047661304473877,0.9610366821289062,0.7487239837646484,0.22092049378795697,0.6912981867790222,0.2857142686843872,0.3422459363937378,0.0,0.865288381850033,0.26353858121691676
aligned_temporal_difference,4,5,512,28,28,val,2011_09_26/2011_09_26_drive_0011_sync,63,63,64,0000000063.png,0000000064.png,1,0.1035,False,True,0.8572062253952026,0.8584678769111633,0.5160670280456543,0.8327003121376038,0.8675130605697632,0.5086368322372437,-0.024505913257598877,-0.02942945126883689,-0.009045183658599854,-0.0074301958084106445,0.7225933074951172,0.5885295271873474,0.1855314447521031,0.5476256608963013,0.23086734116077423,0.28951236605644226,0.0,0.7671567813604644,0.2640286186873652
aligned_temporal_difference,4,5,512,28,28,val,2011_09_26/2011_09_26_drive_0011_sync,64,64,65,0000000064.png,0000000065.png,1,0.1035,False,True,0.9813863039016724,0.8396027684211731,0.5529301166534424,0.9670222997665405,0.8495758771896362,0.5488687753677368,-0.014364004135131836,-0.014853849945962578,-0.009973108768463135,-0.004061341285705566,0.8327003121376038,0.6687203049659729,0.19692559829920317,0.624138593673706,0.2232142835855484,0.2839726507663727,0.0,0.8177532054146733,0.27105929350853003
aligned_temporal_difference,4,5,512,28,28,val,2011_09_26/2011_09_26_drive_0011_sync,65,65,66,0000000065.png,0000000066.png,1,0.1035,False,True,0.8794916868209839,0.8562479615211487,0.5234134793281555,0.8554153442382812,0.8667625188827515,0.5161994695663452,-0.024076342582702637,-0.028145792269066456,-0.010514557361602783,-0.007214009761810303,0.9670222997665405,0.7998312711715698,0.1728926299169462,0.7289863228797913,0.24234692752361298,0.30469030141830444,0.0,0.8943328637434553,0.2785757665986317
aligned_temporal_difference,4,5,512,28,28,val,2011_09_26/2011_09_26_drive_0011_sync,66,66,67,0000000066.png,0000000067.png,1,0.1035,False,True,0.8559980988502502,0.8658065795898438,0.5026252269744873,0.828239917755127,0.8748008012771606,0.4944085478782654,-0.02775818109512329,-0.033514662237434115,-0.008994221687316895,-0.008216679096221924,0.8554153442382812,0.737983226776123,0.1372808171528973,0.6842341423034668,0.2104591727256775,0.2632925510406494,0.0,0.8590595013013493,0.2785675556835878
aligned_temporal_difference,4,5,512,28,28,val,2011_09_26/2011_09_26_drive_0011_sync,67,67,68,0000000067.png,0000000068.png,1,0.1035,False,True,1.0362286567687988,0.8391063809394836,0.5528184771537781,1.0273857116699219,0.8484464883804321,0.5504546165466309,-0.008842945098876953,-0.008607229980358157,-0.009340107440948486,-0.002363860607147217,0.828239917755127,0.6972282528877258,0.1581808145911356,0.6599759459495544,0.2142857164144516,0.2549673914909363,0.0,0.8350019478346897,0.284423828125
aligned_temporal_difference,4,5,512,28,28,val,2011_09_26/2011_09_26_drive_0011_sync,68,68,69,0000000068.png,0000000069.png,1,0.1035,False,True,0.8520544171333313,0.8692283630371094,0.4983982443809509,0.8193444609642029,0.8798916339874268,0.4887380301952362,-0.03270995616912842,-0.039922105692440285,-0.010663270950317383,-0.009660214185714722,1.0273857116699219,0.8621497750282288,0.16083145284658198,0.8085567355155945,0.2283163219690323,0.2600163519382477,0.0,0.9285202071189559,0.2905187012484882
aligned_temporal_difference,4,5,512,28,28,val,2011_09_26/2011_09_26_drive_0011_sync,69,69,70,0000000069.png,0000000070.png,1,0.1035,False,True,0.8747022151947021,0.8637990951538086,0.5108242630958557,0.8633601665496826,0.8727608919143677,0.5075016021728516,-0.011342048645019531,-0.013137099769551212,-0.008961796760559082,-0.0033226609230041504,0.8193444609642029,0.7233441472053528,0.11716722127574662,0.6677420139312744,0.2142857164144516,0.25813740491867065,0.0,0.8504964122236806,0.2884024094079846
aligned_temporal_difference,4,5,512,28,28,val,2011_09_26/2011_09_26_drive_0011_sync,70,70,71,0000000070.png,0000000071.png,1,0.1035,False,True,0.9472821950912476,0.8509215116500854,0.5331606268882751,0.9292331337928772,0.8609915375709534,0.5280569195747375,-0.01804906129837036,-0.019423609255837658,-0.01007002592086792,-0.005103707313537598,0.8633601665496826,0.7302793860435486,0.15414283130292625,0.6783693432807922,0.2729591727256775,0.32262253761291504,0.0,0.8545638572064399,0.28228567751669587
aligned_temporal_difference,4,5,512,28,28,val,2011_09_26/2011_09_26_drive_0011_sync,71,71,72,0000000071.png,0000000072.png,1,0.1035,False,True,0.9822317361831665,0.8514305353164673,0.5279335975646973,0.9444087147712708,0.8626001477241516,0.5176692008972168,-0.03782302141189575,-0.0400494201507408,-0.011169612407684326,-0.010264396667480469,0.9292331337928772,0.7733139991760254,0.16779334372250831,0.6932377815246582,0.26147958636283875,0.305331289768219,0.0,0.8793827375926966,0.28714357548680086
aligned_temporal_difference,4,5,512,28,28,val,2011_09_26/2011_09_26_drive_0011_sync,72,72,73,0000000072.png,0000000073.png,1,0.1035,False,True,1.1014878749847412,0.8309383392333984,0.5698072910308838,1.1067664623260498,0.8401381373405457,0.5711709856987,0.005278587341308594,0.00476937775130517,-0.009199798107147217,0.0013636946678161621,0.9444087147712708,0.7642181515693665,0.19079722622587744,0.7191526293754578,0.2640306055545807,0.31527894735336304,0.0,0.8741957169703856,0.2969040103591396
aligned_temporal_difference,4,5,512,28,28,val,2011_09_26/2011_09_26_drive_0011_sync,73,73,74,0000000073.png,0000000074.png,1,0.1035,False,True,1.0875335931777954,0.8273730278015137,0.5757517218589783,1.0928802490234375,0.8363475799560547,0.5771653056144714,0.00534665584564209,0.004892261389497787,-0.008974552154541016,0.001413583755493164,1.1067664623260498,0.9084332585334778,0.17920059067903316,0.8297802209854126,0.2908163070678711,0.3484047055244446,0.0,0.9531176519892378,0.2927915164182954
aligned_temporal_difference,4,5,512,28,28,val,2011_09_26/2011_09_26_drive_0011_sync,74,74,75,0000000074.png,0000000075.png,1,0.1035,False,True,1.047722578048706,0.833187460899353,0.5624322295188904,1.0386489629745483,0.8424680829048157,0.5599914193153381,-0.009073615074157715,-0.008735978562162258,-0.009280622005462646,-0.002440810203552246,1.0928802490234375,0.8564987778663635,0.21629219794968096,0.784685492515564,0.31505101919174194,0.3789793848991394,0.0,0.9254721918385034,0.28312437343738606
aligned_temporal_difference,4,5,512,28,28,val,2011_09_26/2011_09_26_drive_0011_sync,75,75,76,0000000075.png,0000000076.png,1,0.1035,False,True,1.0592423677444458,0.8388684391975403,0.5491397976875305,1.035515308380127,0.848636269569397,0.5429546236991882,-0.023727059364318848,-0.022913286913580702,-0.00976783037185669,-0.006185173988342285,1.0386489629745483,0.8345772624015808,0.1964780285232598,0.7342481017112732,0.2806122303009033,0.3524656295776367,0.0,0.913552003118367,0.28743616307613956
aligned_temporal_difference,4,5,512,28,28,val,2011_09_26/2011_09_26_drive_0011_sync,76,76,77,0000000076.png,0000000077.png,1,0.1035,False,True,1.2123956680297852,0.8178952932357788,0.5878466963768005,1.2060755491256714,0.8282204866409302,0.586312472820282,-0.0063201189041137695,-0.005240234667467935,-0.010325193405151367,-0.0015342235565185547,1.035515308380127,0.8501986265182495,0.178960832700553,0.7868110537528992,0.26658162474632263,0.3246982991695404,0.0,0.9220621597908948,0.294543826090213
aligned_temporal_difference,4,5,512,28,28,val,2011_09_26/2011_09_26_drive_0011_sync,77,77,78,0000000077.png,0000000078.png,1,0.1035,False,True,1.0659977197647095,0.839124321937561,0.5536345839500427,1.0502337217330933,0.8496805429458618,0.5495257377624512,-0.01576399803161621,-0.01500999035300685,-0.010556221008300781,-0.004108846187591553,1.2060755491256714,0.9976439476013184,0.17281803090648243,0.9143950343132019,0.2678571343421936,0.3296721577644348,0.0,0.9988212791091899,0.2982934769032304
aligned_temporal_difference,4,5,512,28,28,val,2011_09_26/2011_09_26_drive_0011_sync,78,78,79,0000000078.png,0000000079.png,1,0.1035,False,True,0.9775843620300293,0.8496053218841553,0.537178635597229,0.9605304002761841,0.8601698875427246,0.5324724912643433,-0.017053961753845215,-0.017754733997947008,-0.010564565658569336,-0.004706144332885742,1.0502337217330933,0.8720813393592834,0.16963117702964553,0.7793115973472595,0.2602040767669678,0.32518911361694336,0.0,0.9338529538205056,0.29248924433259255
aligned_temporal_difference,4,5,512,28,28,val,2011_09_26/2011_09_26_drive_0011_sync,79,79,80,0000000079.png,0000000080.png,1,0.1035,False,True,0.9793833494186401,0.8503443002700806,0.5319172739982605,0.9563092589378357,0.8604283332824707,0.5256140232086182,-0.023074090480804443,-0.024128272590848522,-0.010084033012390137,-0.006303250789642334,0.9605304002761841,0.8486377596855164,0.1164904729288057,0.7708048820495605,0.23341836035251617,0.28678005933761597,0.0,0.9212153709559542,0.2915190496297217
aligned_temporal_difference,4,5,512,28,28,val,2011_09_26/2011_09_26_drive_0011_sync,80,80,81,0000000080.png,0000000081.png,1,0.1035,False,True,0.9534091949462891,0.8506075739860535,0.5366284847259521,0.9455544948577881,0.8605921268463135,0.5344133973121643,-0.007854700088500977,-0.008306977684752402,-0.00998455286026001,-0.002215087413787842,0.9563092589378357,0.8580389618873596,0.10275995566499485,0.7813120484352112,0.20280611515045166,0.2482428252696991,0.0,0.9263039252250633,0.2950253463015444
aligned_temporal_difference,4,5,512,28,28,val,2011_09_26/2011_09_26_drive_0011_sync,81,81,82,0000000081.png,0000000082.png,1,0.1035,False,True,0.8478136658668518,0.8610960245132446,0.5179071426391602,0.8384659886360168,0.8706728219985962,0.515044093132019,-0.009347677230834961,-0.01114854670019638,-0.009576797485351562,-0.0028630495071411133,0.9455544948577881,0.8135645389556885,0.13959000419320197,0.7391029000282288,0.14923469722270966,0.1846330314874649,0.0,0.9019781255416832,0.2888736365619145
aligned_temporal_difference,4,5,512,28,28,val,2011_09_26/2011_09_26_drive_0011_sync,82,82,83,0000000082.png,0000000083.png,1,0.1035,False,True,0.8051282167434692,0.8633379936218262,0.5129971504211426,0.7905862331390381,0.8730160593986511,0.5083432793617249,-0.014541983604431152,-0.01839392465347129,-0.009678065776824951,-0.004653871059417725,0.8384659886360168,0.7684919238090515,0.08345486373370536,0.702825129032135,0.14795918762683868,0.18335755169391632,0.0,0.8766367114198741,0.27847568123879063
aligned_temporal_difference,4,5,512,28,28,val,2011_09_26/2011_09_26_drive_0011_sync,83,83,84,0000000083.png,0000000084.png,1,0.1035,False,True,0.7761055827140808,0.8677313327789307,0.5021789073944092,0.750656008720398,0.8776860237121582,0.4938766658306122,-0.02544957399368286,-0.03390311100961591,-0.009954690933227539,-0.008302241563796997,0.7905862331390381,0.6899989247322083,0.127231292666767,0.6507515907287598,0.12755101919174194,0.16189269721508026,0.0,0.8306617390564033,0.26952876214247534
aligned_temporal_difference,4,5,512,28,28,val,2011_09_26/2011_09_26_drive_0011_sync,84,84,85,0000000084.png,0000000085.png,1,0.1035,False,True,0.7747617363929749,0.8719748854637146,0.4922068417072296,0.7425505518913269,0.8818369507789612,0.48186632990837097,-0.03221118450164795,-0.04337911327330357,-0.009862065315246582,-0.010340511798858643,0.750656008720398,0.6705816984176636,0.10667244299986708,0.6416305303573608,0.125,0.15405835211277008,0.0,0.8188905289583361,0.2723637889639854
aligned_temporal_difference,4,5,512,28,28,val,2011_09_26/2011_09_26_drive_0011_sync,85,85,86,0000000085.png,0000000086.png,1,0.1035,False,True,0.8009341359138489,0.8724368810653687,0.49133017659187317,0.7640712261199951,0.8828840851783752,0.47989028692245483,-0.03686290979385376,-0.048245384113004865,-0.010447204113006592,-0.011439889669418335,0.7425505518913269,0.7011089324951172,0.05580982909601923,0.6564863324165344,0.10076530277729034,0.12506864964962006,0.0,0.8373224781976877,0.2776891411323485
aligned_temporal_difference,4,5,512,28,28,val,2011_09_26/2011_09_26_drive_0011_sync,86,86,87,0000000086.png,0000000087.png,1,0.1035,False,True,0.7869049310684204,0.8776496648788452,0.4822230339050293,0.7508010864257812,0.8880128860473633,0.47103074193000793,-0.03610384464263916,-0.04808709696267618,-0.010363221168518066,-0.011192291975021362,0.7640712261199951,0.7348884344100952,0.03819381061905979,0.6876497864723206,0.08801019936800003,0.10808687657117844,0.0,0.8572563411314583,0.28422992956939924
aligned_temporal_difference,4,5,512,28,28,val,2011_09_26/2011_09_26_drive_0011_sync,87,87,88,0000000087.png,0000000088.png,1,0.1035,False,True,0.8521441221237183,0.8663408160209656,0.5061210989952087,0.832653284072876,0.8759515285491943,0.5002994537353516,-0.019490838050842285,-0.023408108060901368,-0.00961071252822876,-0.005821645259857178,0.7508010864257812,0.6984601616859436,0.0697134376683027,0.6699284911155701,0.12755101919174194,0.1597793698310852,0.0,0.8357392905002993,0.2839158658974696
aligned_temporal_difference,4,5,512,28,28,val,2011_09_26/2011_09_26_drive_0011_sync,88,88,89,0000000088.png,0000000089.png,1,0.1035,False,True,0.922421932220459,0.8567648530006409,0.5207783579826355,0.9023618102073669,0.865928053855896,0.5150845050811768,-0.02006012201309204,-0.02223068594678462,-0.009163200855255127,-0.00569385290145874,0.832653284072876,0.752141535282135,0.09669300575735719,0.7326769232749939,0.17602039873600006,0.1997954249382019,0.0,0.8672609384044314,0.2855919422744021
aligned_temporal_difference,4,5,512,28,28,val,2011_09_26/2011_09_26_drive_0011_sync,89,89,90,0000000089.png,0000000090.png,1,0.1035,False,True,0.8828148245811462,0.8642016649246216,0.5085038542747498,0.8551821112632751,0.8745213747024536,0.5004823207855225,-0.027632713317871094,-0.03231208061292588,-0.010319709777832031,-0.008021533489227295,0.9023618102073669,0.841296911239624,0.06767229982140968,0.7942214608192444,0.12627550959587097,0.14529551565647125,0.0,0.9172223891944766,0.28892423570681536
aligned_temporal_difference,4,5,512,28,28,val,2011_09_26/2011_09_26_drive_0011_sync,90,90,91,0000000090.png,0000000091.png,1,0.1035,False,True,0.9479081630706787,0.8499104380607605,0.5380911827087402,0.9494282007217407,0.8582279682159424,0.538522481918335,0.0015200376510620117,0.0016010032669205555,-0.008317530155181885,0.00043129920959472656,0.8551821112632751,0.7740198373794556,0.09490642146843631,0.73841792345047,0.15688775479793549,0.18488942086696625,0.0,0.8797839719950891,0.2889155065684486
aligned_temporal_difference,4,5,512,28,28,val,2011_09_26/2011_09_26_drive_0011_sync,91,91,92,0000000091.png,0000000092.png,1,0.1035,False,True,0.9294693470001221,0.856606125831604,0.5194518566131592,0.9015158414840698,0.8660951256752014,0.5115810632705688,-0.027953505516052246,-0.031007226084940845,-0.009488999843597412,-0.007870793342590332,0.9494282007217407,0.8136827945709229,0.14297595757912637,0.7494321465492249,0.1747448891401291,0.2032748907804489,0.0,0.902043676642613,0.28207430312795717
aligned_temporal_difference,4,5,512,28,28,val,2011_09_26/2011_09_26_drive_0011_sync,92,92,93,0000000092.png,0000000093.png,1,0.1035,False,True,1.0574568510055542,0.8427606821060181,0.544124960899353,1.0424529314041138,0.8515628576278687,0.5402509570121765,-0.01500391960144043,-0.014392898853698039,-0.008802175521850586,-0.0038740038871765137,0.9015158414840698,0.7772924900054932,0.1377938642476664,0.7415609955787659,0.15943877398967743,0.18215712904930115,0.0,0.8816419284525284,0.29053270351050015
aligned_temporal_difference,4,5,512,28,28,val,2011_09_26/2011_09_26_drive_0011_sync,93,93,94,0000000093.png,0000000094.png,1,0.1035,False,True,1.0167970657348633,0.8519523739814758,0.5302079916000366,0.9947987794876099,0.8616307973861694,0.524441123008728,-0.021998286247253418,-0.022113302409341572,-0.009678423404693604,-0.005766868591308594,1.0424529314041138,0.9244235157966614,0.11322277682933342,0.8636114597320557,0.15688775479793549,0.1796061098575592,0.0,0.9614694565074137,0.29659877022692777
aligned_temporal_difference,4,5,512,28,28,val,2011_09_26/2011_09_26_drive_0011_sync,94,94,95,0000000094.png,0000000095.png,1,0.1035,False,True,1.0058648586273193,0.856919527053833,0.5203462839126587,0.9735255241394043,0.8672982454299927,0.5119131803512573,-0.03233933448791504,-0.033218784393457976,-0.010378718376159668,-0.008433103561401367,0.9947987794876099,0.8937360644340515,0.10159111283350451,0.8393636345863342,0.11479591578245163,0.1280042678117752,0.0,0.9453761497065871,0.29835565153656823
aligned_temporal_difference,4,5,512,28,28,val,2011_09_26/2011_09_26_drive_0011_sync,95,95,96,0000000095.png,0000000096.png,1,0.1035,False,True,1.0453623533248901,0.8548281192779541,0.5239639282226562,1.0264652967453003,0.8636162877082825,0.5192065238952637,-0.018897056579589844,-0.01840983483758129,-0.00878816843032837,-0.004757404327392578,0.9735255241394043,0.8842291235923767,0.09172476564080385,0.8170210719108582,0.11096938699483871,0.11783771961927414,0.0,0.9403345806639128,0.3084454723437066
aligned_temporal_difference,4,5,512,28,28,val,2011_09_26/2011_09_26_drive_0011_sync,96,96,97,0000000096.png,0000000097.png,1,0.1035,False,True,1.1099385023117065,0.8494670987129211,0.5336394309997559,1.0871549844741821,0.8589677810668945,0.5281341075897217,-0.022783517837524414,-0.020957009959848536,-0.009500682353973389,-0.00550532341003418,1.0264652967453003,0.9388042092323303,0.0854009266469352,0.8621966242790222,0.10204081237316132,0.10468248277902603,0.0,0.9689190932334497,0.309443149863333
aligned_temporal_difference,4,5,512,28,28,val,2011_09_26/2011_09_26_drive_0011_sync,97,97,98,0000000097.png,0000000098.png,1,0.1035,False,True,1.0731884241104126,0.8481292724609375,0.5452003479003906,1.0838927030563354,0.8562637567520142,0.5479125380516052,0.010704278945922852,0.009875773603548741,-0.00813448429107666,0.0027121901512145996,1.0871549844741821,1.015393614768982,0.06600840793634276,0.9333852529525757,0.0803571417927742,0.08088547736406326,0.0,1.0076674127751586,0.31436351423346043
aligned_temporal_difference,4,5,512,28,28,val,2011_09_26/2011_09_26_drive_0011_sync,98,98,99,0000000098.png,0000000099.png,1,0.1035,False,True,1.0651793479919434,0.8516076803207397,0.5282466411590576,1.0274949073791504,0.8620011806488037,0.5188182592391968,-0.03768444061279297,-0.03667603638923656,-0.010393500328063965,-0.00942838191986084,1.0838927030563354,0.8981925845146179,0.1713270308196417,0.8500922918319702,0.12117346376180649,0.1254001259803772,0.0,0.9477302277096673,0.2975642710470574
aligned_temporal_difference,4,5,512,28,28,val,2011_09_26/2011_09_26_drive_0011_sync,99,99,100,0000000099.png,0000000100.png,1,0.1035,False,True,0.9502395987510681,0.8640795946121216,0.5140218734741211,0.9373429417610168,0.8739529848098755,0.5105218291282654,-0.01289665699005127,-0.013758739107611882,-0.009873390197753906,-0.003500044345855713,1.0274949073791504,0.9023074507713318,0.12183754460363846,0.852002739906311,0.11224489659070969,0.11224489659070969,0.0,0.9498986528947874,0.3091313230914451
aligned_temporal_difference,4,5,512,28,28,val,2011_09_26/2011_09_26_drive_0011_sync,100,100,101,0000000100.png,0000000101.png,1,0.1035,False,True,1.0641189813613892,0.8363921642303467,0.5665938854217529,1.0748554468154907,0.845177173614502,0.5694450736045837,0.010736465454101562,0.009988752893154925,-0.008785009384155273,0.0028511881828308105,0.9373429417610168,0.7864290475845337,0.16100179289018413,0.7469124794006348,0.12372449040412903,0.12425282597541809,0.0,0.8868083488468823,0.29438370112702633
aligned_temporal_difference,4,5,512,28,28,val,2011_09_26/2011_09_26_drive_0011_sync,101,101,102,0000000101.png,0000000102.png,1,0.1035,False,True,0.9682202935218811,0.8419045209884644,0.5532804131507874,0.9713693261146545,0.8502753973007202,0.5541794300079346,0.0031490325927734375,0.0032418489117513527,-0.00837087631225586,0.0008990168571472168,1.0748554468154907,0.9552028179168701,0.11131974002003651,0.8806326389312744,0.1301020383834839,0.13168704509735107,0.0,0.9773447794493354,0.28845518339015824
aligned_temporal_difference,4,5,512,28,28,val,2011_09_26/2011_09_26_drive_0011_sync,102,102,103,0000000102.png,0000000103.png,1,0.1035,False,True,0.7728673219680786,0.8699508309364319,0.4998335540294647,0.7578779458999634,0.8789178133010864,0.49496281147003174,-0.014989376068115234,-0.019778087156653808,-0.008966982364654541,-0.004870742559432983,0.9713693261146545,0.85153728723526,0.12336403431504928,0.7558388113975525,0.12117346376180649,0.12117346376180649,0.0,0.9227877801722669,0.2806440156428424
aligned_temporal_difference,4,5,512,28,28,val,2011_09_26/2011_09_26_drive_0011_sync,103,103,104,0000000103.png,0000000104.png,1,0.1035,False,True,0.7460513710975647,0.8747395277023315,0.4887191951274872,0.7238175272941589,0.8835865259170532,0.48138168454170227,-0.02223384380340576,-0.030717470861091684,-0.00884699821472168,-0.007337510585784912,0.7578779458999634,0.6846558451652527,0.09661463449468906,0.6322784423828125,0.08545918017625809,0.08545918017625809,0.0,0.8274393302020715,0.26958377989673526
aligned_temporal_difference,4,5,512,28,28,val,2011_09_26/2011_09_26_drive_0011_sync,104,104,105,0000000104.png,0000000105.png,1,0.1035,False,True,0.8318943977355957,0.8578589558601379,0.5227797627449036,0.8371318578720093,0.8643384575843811,0.5244228839874268,0.005237460136413574,0.0062564339024526044,-0.006479501724243164,0.0016431212425231934,0.7238175272941589,0.6824488639831543,0.05715344234016102,0.6441540718078613,0.08673468977212906,0.08726302534341812,0.0,0.8261046325878788,0.27330826021155813
aligned_temporal_difference,4,5,512,28,28,val,2011_09_26/2011_09_26_drive_0011_sync,105,105,106,0000000105.png,0000000106.png,1,0.1035,False,True,0.7558042407035828,0.8657435178756714,0.5110238790512085,0.747475802898407,0.8743997812271118,0.508200466632843,-0.008328437805175781,-0.01114208349338064,-0.00865626335144043,-0.0028234124183654785,0.8371318578720093,0.7100594639778137,0.15179495643280597,0.6803485751152039,0.11096938699483871,0.11096938699483871,0.0,0.8426502619579571,0.26340445626883957
aligned_temporal_difference,4,5,512,28,28,val,2011_09_26/2011_09_26_drive_0011_sync,106,106,107,0000000106.png,0000000107.png,1,0.1035,False,True,0.6906812787055969,0.8716812133789062,0.4985138475894928,0.6838409900665283,0.8796463012695312,0.49603915214538574,-0.0068402886390686035,-0.010002747332246254,-0.007965087890625,-0.0024746954441070557,0.747475802898407,0.6430400013923645,0.13971796959992944,0.6122879981994629,0.12372449040412903,0.12530949711799622,0.0,0.8018977499609065,0.2565923050168538
aligned_temporal_difference,4,5,512,28,28,val,2011_09_26/2011_09_26_drive_0011_sync,107,107,108,0000000107.png,0000000108.png,1,0.1035,False,True,0.6406973600387573,0.8763191103935242,0.48948144912719727,0.6336171627044678,0.8839752674102783,0.4867693781852722,-0.007080197334289551,-0.011174251189896985,-0.00765615701675415,-0.002712070941925049,0.6838409900665283,0.560911238193512,0.17976364923819058,0.5317744016647339,0.14668366312980652,0.15355201065540314,0.0,0.7489400765037961,0.2485723786125972
aligned_temporal_difference,4,5,512,28,28,val,2011_09_26/2011_09_26_drive_0011_sync,108,108,109,0000000108.png,0000000109.png,1,0.1035,False,True,0.5891261696815491,0.8778260350227356,0.49217739701271057,0.5889058113098145,0.8856629133224487,0.4920853078365326,-0.00022035837173461914,-0.0003741827088520475,-0.007836878299713135,-9.208917617797852e-05,0.6336171627044678,0.5300363898277283,0.16347532701706777,0.49900123476982117,0.11224489659070969,0.11541488766670227,0.0,0.7280359811353614,0.24289674121153593
aligned_temporal_difference,4,5,512,28,28,val,2011_09_26/2011_09_26_drive_0011_sync,109,109,110,0000000109.png,0000000110.png,1,0.1035,False,True,0.5754088163375854,0.8752005100250244,0.49037331342697144,0.5611662268638611,0.8837227821350098,0.48426637053489685,-0.014242589473724365,-0.025380339713814634,-0.008522272109985352,-0.006106942892074585,0.5889058113098145,0.5108585357666016,0.132529301026295,0.46663591265678406,0.10076530277729034,0.102878637611866,0.0,0.7147436853632227,0.22862613483781347
aligned_temporal_difference,4,5,512,28,28,val,2011_09_26/2011_09_26_drive_0011_sync,110,110,111,0000000110.png,0000000111.png,1,0.1035,False,True,0.4721040427684784,0.8954013586044312,0.44961631298065186,0.4574924409389496,0.90330970287323,0.44260382652282715,-0.014611601829528809,-0.03193845520057164,-0.007908344268798828,-0.007012486457824707,0.5611662268638611,0.49355119466781616,0.12049020229517185,0.47058701515197754,0.125,0.12552833557128906,0.0,0.7025319883591182,0.2291190990295807
aligned_temporal_difference,4,5,512,28,28,val,2011_09_26/2011_09_26_drive_0011_sync,111,111,112,0000000111.png,0000000112.png,1,0.1035,False,True,0.5273680090904236,0.8846410512924194,0.46889784932136536,0.5119727849960327,0.8919305801391602,0.4620029628276825,-0.01539522409439087,-0.030070395430316022,-0.007289528846740723,-0.006894886493682861,0.4574924409389496,0.3994279205799103,0.12691908141666491,0.3917505145072937,0.10331632196903229,0.10331632196903229,0.0,0.6320031017170012,0.22182976268269386
aligned_temporal_difference,4,5,512,28,28,val,2011_09_26/2011_09_26_drive_0011_sync,112,112,113,0000000112.png,0000000113.png,1,0.1035,False,True,0.46313798427581787,0.8985639810562134,0.44198521971702576,0.44638916850090027,0.9064209461212158,0.4339197278022766,-0.016748815774917603,-0.03752065900515645,-0.007856965065002441,-0.008065491914749146,0.5119727849960327,0.44309672713279724,0.13453070140001522,0.4178912937641144,0.09311224520206451,0.09311224520206451,0.0,0.66565511124966,0.22904245666202042
aligned_temporal_difference,4,5,512,28,28,val,2011_09_26/2011_09_26_drive_0011_sync,113,113,114,0000000113.png,0000000114.png,1,0.1035,False,True,0.5633728504180908,0.8824570178985596,0.47156834602355957,0.5408431887626648,0.8902082443237305,0.46204298734664917,-0.022529661655426025,-0.04165655059273122,-0.0077512264251708984,-0.0095253586769104,0.44638916850090027,0.40334352850914,0.09643074480574777,0.391210675239563,0.10076530277729034,0.10076530277729034,0.0,0.6350933226771794,0.2249642843801301
aligned_temporal_difference,4,5,512,28,28,val,2011_09_26/2011_09_26_drive_0011_sync,114,114,115,0000000114.png,0000000115.png,1,0.1035,False,True,0.5625936985015869,0.8851766586303711,0.4685467779636383,0.5442007780075073,0.8932262659072876,0.46082401275634766,-0.01839292049407959,-0.03379804152691942,-0.008049607276916504,-0.007722765207290649,0.5408431887626648,0.4950978457927704,0.08458152736387438,0.47933483123779297,0.08418367058038712,0.08418367058038712,0.0,0.7036318965146268,0.23478401575397775
aligned_temporal_difference,4,5,512,28,28,val,2011_09_26/2011_09_26_drive_0011_sync,115,115,116,0000000115.png,0000000116.png,1,0.1035,False,True,0.6646396517753601,0.8666159510612488,0.5036413073539734,0.6531631946563721,0.8740313053131104,0.4992741644382477,-0.011476457118988037,-0.017570581460925366,-0.007415354251861572,-0.004367142915725708,0.5442007780075073,0.471111923456192,0.13430494314785238,0.45389965176582336,0.09693877398967743,0.09693877398967743,0.0,0.6863759344966809,0.23452077147109204
aligned_temporal_difference,4,5,512,28,28,val,2011_09_26/2011_09_26_drive_0011_sync,116,116,117,0000000116.png,0000000117.png,1,0.1035,False,True,0.6631994247436523,0.8687112331390381,0.5003442168235779,0.6532392501831055,0.876044750213623,0.4965728223323822,-0.009960174560546875,-0.015247360837174128,-0.007333517074584961,-0.0037713944911956787,0.6531631946563721,0.5374598503112793,0.17714308658491404,0.529491662979126,0.1390306055545807,0.13955894112586975,0.0,0.7331165325589645,0.24267271872723717
aligned_temporal_difference,4,5,512,28,28,val,2011_09_26/2011_09_26_drive_0011_sync,117,117,118,0000000117.png,0000000118.png,1,0.1035,False,True,0.7508043646812439,0.8528829216957092,0.5291852355003357,0.7507703900337219,0.8591642379760742,0.5291732549667358,-3.3974647521972656e-05,-4.5253046701064804e-05,-0.00628131628036499,-1.1980533599853516e-05,0.6532392501831055,0.5104997754096985,0.21851025444872849,0.5138173699378967,0.12755101919174194,0.12755101919174194,0.0,0.7144926699481937,0.24204674599124307
aligned_temporal_difference,4,5,512,28,28,val,2011_09_26/2011_09_26_drive_0011_sync,118,118,119,0000000118.png,0000000119.png,1,0.1035,False,True,0.6835998296737671,0.8620963096618652,0.5179356336593628,0.6897448897361755,0.8683820962905884,0.520258367061615,0.006145060062408447,0.008909178094467516,-0.0062857866287231445,0.0023227334022521973,0.7507703900337219,0.5526320934295654,0.2639133072299999,0.552742063999176,0.15051020681858063,0.15051020681858063,0.0,0.7433922877119222,0.24570203820308134
aligned_temporal_difference,4,5,512,28,28,val,2011_09_26/2011_09_26_drive_0011_sync,119,119,120,0000000119.png,0000000120.png,1,0.1035,False,True,0.7144920229911804,0.8578323125839233,0.5185520052909851,0.7081921696662903,0.8641400933265686,0.5162608027458191,-0.006299853324890137,-0.008895683396017656,-0.006307780742645264,-0.0022912025451660156,0.6897448897361755,0.5335747599601746,0.22641723353069768,0.5120961666107178,0.13137754797935486,0.13137754797935486,0.0,0.7304620181502763,0.23668565581736234
aligned_temporal_difference,4,5,512,28,28,val,2011_09_26/2011_09_26_drive_0011_sync,120,120,121,0000000120.png,0000000121.png,1,0.1035,False,True,0.7017601132392883,0.8654310703277588,0.5048802495002747,0.6922985911369324,0.8721746206283569,0.5014651417732239,-0.009461522102355957,-0.013666822702640061,-0.0067435503005981445,-0.0034151077270507812,0.7081921696662903,0.5066789984703064,0.28454588998200814,0.49126574397087097,0.1517857164144516,0.1517857164144516,0.0,0.7118138790936198,0.24302633437220142
aligned_temporal_difference,4,5,512,28,28,val,2011_09_26/2011_09_26_drive_0011_sync,121,121,122,0000000121.png,0000000122.png,1,0.1035,False,True,0.6599118113517761,0.8730779886245728,0.49396857619285583,0.6564279794692993,0.8797557353973389,0.4926629662513733,-0.0034838318824768066,-0.0053072568376707095,-0.006677746772766113,-0.001305609941482544,0.6922985911369324,0.5218191742897034,0.24625128380986294,0.5051671862602234,0.17219386994838715,0.17219386994838715,0.0,0.7223705242392601,0.24821678860055238
aligned_temporal_difference,4,5,512,28,28,val,2011_09_26/2011_09_26_drive_0011_sync,122,122,123,0000000122.png,0000000123.png,1,0.1035,False,True,0.6404473781585693,0.8749717473983765,0.4903600811958313,0.6359304189682007,0.881558895111084,0.4886278510093689,-0.004516959190368652,-0.007102914179978109,-0.0065871477127075195,-0.0017322301864624023,0.6564279794692993,0.4810922145843506,0.2671058674657683,0.46608811616897583,0.15306122601032257,0.15306122601032257,0.0,0.6936081131188927,0.24367955730493826
aligned_temporal_difference,4,5,512,28,28,val,2011_09_26/2011_09_26_drive_0011_sync,123,123,124,0000000123.png,0000000124.png,1,0.1035,False,True,0.6629929542541504,0.8691006302833557,0.5011096596717834,0.65843665599823,0.8758628368377686,0.4993847608566284,-0.00455629825592041,-0.006919873330886758,-0.006762206554412842,-0.0017248988151550293,0.6359304189682007,0.482687383890152,0.2409745319726741,0.4656651020050049,0.13265305757522583,0.13265305757522583,0.0,0.6947570682549059,0.24382736708288888
aligned_temporal_difference,4,5,512,28,28,val,2011_09_26/2011_09_26_drive_0011_sync,124,124,125,0000000124.png,0000000125.png,1,0.1035,False,True,0.4917217493057251,0.9001965522766113,0.4399774670600891,0.4856903851032257,0.9064136147499084,0.43727079033851624,-0.00603136420249939,-0.012418125595007445,-0.006217062473297119,-0.002706676721572876,0.65843665599823,0.5113461017608643,0.22339362928445639,0.4936892092227936,0.16709183156490326,0.16709183156490326,0.0,0.7150846815314004,0.2442933939754999
aligned_temporal_difference,4,5,512,28,28,val,2011_09_26/2011_09_26_drive_0011_sync,125,125,126,0000000125.png,0000000126.png,1,0.1035,False,True,0.43796539306640625,0.9103469252586365,0.4154236614704132,0.4207496643066406,0.9171419143676758,0.4071769714355469,-0.017215728759765625,-0.04091679737436195,-0.006794989109039307,-0.008246690034866333,0.4856903851032257,0.35607630014419556,0.26686565955280905,0.352158784866333,0.13137754797935486,0.13137754797935486,0.0,0.5967212918475387,0.2319162382358231
aligned_temporal_difference,4,5,512,28,28,val,2011_09_26/2011_09_26_drive_0011_sync,126,126,127,0000000126.png,0000000127.png,1,0.1035,False,True,0.40794068574905396,0.9167149066925049,0.40059593319892883,0.3811730742454529,0.9249640703201294,0.3872300982475281,-0.026767611503601074,-0.0702242978641359,-0.008249163627624512,-0.013365834951400757,0.4207496643066406,0.33646416664123535,0.20032219824655248,0.3258654475212097,0.125,0.125,0.0,0.5800553134324651,0.22957104078991608
aligned_temporal_difference,4,5,512,28,28,val,2011_09_26/2011_09_26_drive_0011_sync,127,127,128,0000000127.png,0000000128.png,1,0.1035,False,True,0.3976455628871918,0.9177888631820679,0.39883774518966675,0.37852609157562256,0.9249554872512817,0.38913124799728394,-0.019119471311569214,-0.050510312861087134,-0.007166624069213867,-0.009706497192382812,0.3811730742454529,0.3377443253993988,0.11393446122085879,0.3301864564418793,0.1301020383834839,0.1301020383834839,0.0,0.5811577457105762,0.2283059405265143
aligned_temporal_difference,4,5,512,28,28,val,2011_09_26/2011_09_26_drive_0011_sync,128,128,129,0000000128.png,0000000129.png,1,0.1035,False,True,0.4226495027542114,0.9126450419425964,0.41004714369773865,0.39745521545410156,0.9207262396812439,0.39763781428337097,-0.025194287300109863,-0.06338899659757848,-0.008081197738647461,-0.012409329414367676,0.37852609157562256,0.3152630925178528,0.167129823982374,0.3164829909801483,0.1160714253783226,0.1160714253783226,0.0,0.561482940540363,0.22473835766142392
aligned_temporal_difference,4,5,512,28,28,val,2011_09_26/2011_09_26_drive_0011_sync,129,129,130,0000000129.png,0000000130.png,1,0.1035,False,True,0.4257909655570984,0.9128990173339844,0.4091498553752899,0.40012326836586,0.9208964109420776,0.39662593603134155,-0.025667697191238403,-0.06414947397602651,-0.007997393608093262,-0.012523919343948364,0.39745521545410156,0.32623499631881714,0.179190551201885,0.32575905323028564,0.13265305757522583,0.13265305757522583,0.0,0.5711698489230828,0.22843712493563023
aligned_temporal_difference,4,5,512,28,28,val,2011_09_26/2011_09_26_drive_0011_sync,130,130,131,0000000130.png,0000000131.png,1,0.1035,False,True,0.3887524902820587,0.9207298755645752,0.3910151422023773,0.3630470633506775,0.928620457649231,0.37786656618118286,-0.025705426931381226,-0.07080466839240515,-0.007890582084655762,-0.013148576021194458,0.40012326836586,0.3480634391307831,0.13010947713112014,0.3428609371185303,0.125,0.125,0.0,0.5899690153989301,0.23176104903553135
aligned_temporal_difference,4,5,512,28,28,val,2011_09_26/2011_09_26_drive_0011_sync,131,131,132,0000000131.png,0000000132.png,1,0.1035,False,True,0.4352577030658722,0.9123460650444031,0.41021928191185,0.4070591628551483,0.9206719398498535,0.3967086374759674,-0.028198540210723877,-0.06927381271296504,-0.00832587480545044,-0.013510644435882568,0.3630470633506775,0.27539631724357605,0.24143080871704253,0.2789267599582672,0.11862244457006454,0.11862244457006454,0.0,0.5247821617048126,0.2273365068756601
aligned_temporal_difference,4,5,512,28,28,val,2011_09_26/2011_09_26_drive_0011_sync,132,132,133,0000000132.png,0000000133.png,1,0.1035,False,True,0.48537880182266235,0.904690682888031,0.42689234018325806,0.45647290349006653,0.9131501913070679,0.41398581862449646,-0.028905898332595825,-0.0633244560883883,-0.008459508419036865,-0.012906521558761597,0.4070591628551483,0.3011677861213684,0.26013755836141506,0.30334457755088806,0.1428571343421936,0.1428571343421936,0.0,0.5487875601007811,0.2320618927113184
aligned_temporal_difference,4,5,512,28,28,val,2011_09_26/2011_09_26_drive_0011_sync,133,133,134,0000000133.png,0000000134.png,1,0.1035,False,True,0.5851647257804871,0.8871996998786926,0.46367916464805603,0.5735185742378235,0.8935525417327881,0.4590418338775635,-0.011646151542663574,-0.020306494097668427,-0.006352841854095459,-0.004637330770492554,0.45647290349006653,0.3675084412097931,0.19489538502740378,0.3531542718410492,0.1160714253783226,0.1160714253783226,0.0,0.6062247448016231,0.23874423121178617
aligned_temporal_difference,4,5,512,28,28,val,2011_09_26/2011_09_26_drive_0011_sync,134,134,135,0000000134.png,0000000135.png,1,0.1035,False,True,0.5514267086982727,0.8936355710029602,0.45193856954574585,0.5354218482971191,0.9012483358383179,0.4453316330909729,-0.016004860401153564,-0.029892056986572692,-0.007612764835357666,-0.006606936454772949,0.5735185742378235,0.4614696800708771,0.19537099441958544,0.43327072262763977,0.13520407676696777,0.13520407676696777,0.0,0.6793155968111413,0.24409756852995568
aligned_temporal_difference,4,5,512,28,28,val,2011_09_26/2011_09_26_drive_0011_sync,135,135,136,0000000135.png,0000000136.png,1,0.1035,False,True,0.7761825323104858,0.8555254936218262,0.5216035842895508,0.7613604664802551,0.8632117509841919,0.5165992975234985,-0.014822065830230713,-0.019467869009212737,-0.007686257362365723,-0.005004286766052246,0.5354218482971191,0.42241236567497253,0.21106625174442786,0.40788814425468445,0.14158162474632263,0.14158162474632263,0.0,0.649932585484812,0.24163129218079352
aligned_temporal_difference,4,5,512,28,28,val,2011_09_26/2011_09_26_drive_0011_sync,136,136,137,0000000136.png,0000000137.png,1,0.1035,False,True,0.8682467937469482,0.8389490246772766,0.5549261569976807,0.8771388530731201,0.8453812599182129,0.55776047706604,0.008892059326171875,0.010137573196099904,-0.006432235240936279,0.002834320068359375,0.7613604664802551,0.5987973809242249,0.21351658342276975,0.5893573760986328,0.15816326439380646,0.15816326439380646,0.0,0.7738199925849841,0.2552510958805901
aligned_temporal_difference,4,5,512,28,28,val,2011_09_26/2011_09_26_drive_0011_sync,137,137,138,0000000137.png,0000000138.png,1,0.1035,False,True,0.8160589337348938,0.8510646820068359,0.5312455892562866,0.8146637678146362,0.8574213981628418,0.5307912230491638,-0.0013951659202575684,-0.0017125665524565419,-0.006356716156005859,-0.00045436620712280273,0.8771388530731201,0.7373982667922974,0.15931409923438164,0.6875938177108765,0.17091836035251617,0.17144669592380524,0.0,0.8587189684595871,0.25693975460795726
aligned_temporal_difference,4,5,512,28,28,val,2011_09_26/2011_09_26_drive_0011_sync,138,138,139,0000000138.png,0000000139.png,1,0.1035,False,True,0.7535697817802429,0.8602403402328491,0.5195783972740173,0.7576661109924316,0.8668119311332703,0.5209887027740479,0.004096329212188721,0.005406509744540546,-0.006571590900421143,0.0014103055000305176,0.8146637678146362,0.6156339049339294,0.24430921165748085,0.5879226326942444,0.1747448891401291,0.1747448891401291,0.0,0.7846234159989934,0.25465770441834373
aligned_temporal_difference,4,5,512,28,28,val,2011_09_26/2011_09_26_drive_0011_sync,139,139,140,0000000139.png,0000000140.png,1,0.1035,False,True,0.8457797765731812,0.8403186202049255,0.5528067350387573,0.8476049900054932,0.8475345373153687,0.5534029603004456,0.0018252134323120117,0.002153377403193654,-0.007215917110443115,0.0005962252616882324,0.7576661109924316,0.5598184466362,0.2611277731520554,0.5535715222358704,0.16198979318141937,0.16198979318141937,0.0,0.7482101620776077,0.24786651993056635
aligned_temporal_difference,4,5,512,28,28,val,2011_09_26/2011_09_26_drive_0011_sync,140,140,141,0000000140.png,0000000141.png,1,0.1035,False,True,0.849226713180542,0.8406301140785217,0.5494922399520874,0.8605311512947083,0.8458157777786255,0.5531374216079712,0.01130443811416626,0.01313658209485876,-0.00518566370010376,0.003645181655883789,0.8476049900054932,0.6442957520484924,0.2398631914091057,0.6133387684822083,0.17219386994838715,0.1727222055196762,0.0,0.80268035484151,0.25741529210288516
aligned_temporal_difference,4,5,512,28,28,val,2011_09_26/2011_09_26_drive_0011_sync,141,141,142,0000000141.png,0000000142.png,1,0.1035,False,True,0.7992725372314453,0.8545727729797363,0.5241712927818298,0.792586624622345,0.8615967631340027,0.5219742655754089,-0.006685912609100342,-0.00843556073417978,-0.007023990154266357,-0.0021970272064208984,0.8605311512947083,0.5598299503326416,0.34943674091245625,0.5488916635513306,0.1823979616165161,0.18345463275909424,0.0,0.7482178495148599,0.25372579470882206
aligned_temporal_difference,4,5,512,28,28,val,2011_09_26/2011_09_26_drive_0011_sync,142,142,143,0000000142.png,0000000143.png,1,0.1035,False,True,0.7952672839164734,0.8532455563545227,0.5312429666519165,0.8118901252746582,0.8583418130874634,0.5367662906646729,0.016622841358184814,0.020474249951693148,-0.005096256732940674,0.005523324012756348,0.792586624622345,0.4606839418411255,0.4187588743872203,0.47552022337913513,0.16326530277729034,0.16326530277729034,0.0,0.6787370196483506,0.25855394154954114
aligned_temporal_difference,4,5,512,28,28,val,2011_09_26/2011_09_26_drive_0011_sync,143,143,144,0000000143.png,0000000144.png,1,0.1035,False,True,0.6938146352767944,0.8687586188316345,0.5025190711021423,0.6920969486236572,0.8757132291793823,0.5018966794013977,-0.001717686653137207,-0.0024818584398516638,-0.006954610347747803,-0.0006223917007446289,0.8118901252746582,0.43655145168304443,0.46230230163796937,0.44486096501350403,0.1696428507566452,0.1712278574705124,0.0,0.6607204035619336,0.2497795071411608
aligned_temporal_difference,4,5,512,28,28,val,2011_09_26/2011_09_26_drive_0011_sync,144,144,145,0000000144.png,0000000145.png,1,0.1035,False,True,0.6272778511047363,0.8740919828414917,0.49717965722084045,0.6459819674491882,0.8784671425819397,0.5045376420021057,0.018704116344451904,0.028954548713348002,-0.004375159740447998,0.007357984781265259,0.6920969486236572,0.41431567072868347,0.4013618011860696,0.4134626090526581,0.12882652878761292,0.12882652878761292,0.0,0.6436735746701766,0.24475729308693775
aligned_temporal_difference,4,5,512,28,28,val,2011_09_26/2011_09_26_drive_0011_sync,145,145,146,0000000145.png,0000000146.png,1,0.1035,False,True,0.5412153601646423,0.890791654586792,0.4564087986946106,0.5210772156715393,0.8986023664474487,0.4478370249271393,-0.020138144493103027,-0.03864714074506204,-0.007810711860656738,-0.008571773767471313,0.6459819674491882,0.3589221239089966,0.44437748730620913,0.3594379425048828,0.13265305757522583,0.13370972871780396,0.0,0.5991010965680138,0.23093838445057902
aligned_temporal_difference,4,5,512,28,28,val,2011_09_26/2011_09_26_drive_0011_sync,146,146,147,0000000146.png,0000000147.png,1,0.1035,False,True,0.5549722909927368,0.8845621347427368,0.47343909740448,0.5580921173095703,0.8902695775032043,0.4747679829597473,0.003119826316833496,0.005590163738333089,-0.005707442760467529,0.001328885555267334,0.5210772156715393,0.3096291124820709,0.40579034513524875,0.3105357885360718,0.10841836780309677,0.11053169518709183,0.0,0.5564432697787538,0.23395081121734526
aligned_temporal_difference,4,5,512,28,28,val,2011_09_26/2011_09_26_drive_0011_sync,147,147,148,0000000147.png,0000000148.png,1,0.1035,False,True,0.5484163761138916,0.8846518397331238,0.46999073028564453,0.5374898910522461,0.8916075825691223,0.46528521180152893,-0.010926485061645508,-0.020328726630104026,-0.006955742835998535,-0.004705518484115601,0.5580921173095703,0.3368139863014221,0.39649033581566706,0.33372122049331665,0.09183673560619354,0.09342174232006073,0.0,0.5803567750112185,0.22906601476379718
aligned_temporal_difference,4,5,512,28,28,val,2011_09_26/2011_09_26_drive_0011_sync,148,148,149,0000000148.png,0000000149.png,1,0.1035,False,True,0.582909882068634,0.8762830495834351,0.48733794689178467,0.5798279643058777,0.8825720548629761,0.4860479235649109,-0.0030819177627563477,-0.005315227882197379,-0.006289005279541016,-0.0012900233268737793,0.5374898910522461,0.31405171751976013,0.41570674584234535,0.32218846678733826,0.10331632196903229,0.10331632196903229,0.0,0.5604031740807328,0.22837559574865884
aligned_temporal_difference,4,5,512,28,28,val,2011_09_26/2011_09_26_drive_0011_sync,149,149,150,0000000149.png,0000000150.png,1,0.1035,False,True,0.5465795397758484,0.8869660496711731,0.4636290967464447,0.5337918400764465,0.89332115650177,0.4581735134124756,-0.012787699699401855,-0.02395634166601437,-0.006355106830596924,-0.005455583333969116,0.5798279643058777,0.36629733443260193,0.36826549083209026,0.3767341077327728,0.09566326439380646,0.09566326439380646,0.0,0.6052250279297792,0.22863738573728543
aligned_temporal_difference,4,5,512,28,28,val,2011_09_26/2011_09_26_drive_0011_sync,150,150,151,0000000150.png,0000000151.png,1,0.1035,False,True,0.5889291167259216,0.8808284997940063,0.476414293050766,0.5789583325386047,0.8873535394668579,0.4723641872406006,-0.009970784187316895,-0.017221937446857707,-0.0065250396728515625,-0.004050105810165405,0.5337918400764465,0.3141714036464691,0.4114346079148094,0.32917848229408264,0.09056122601032257,0.09056122601032257,0.0,0.5605099496409222,0.23052540583815273
aligned_temporal_difference,4,5,512,28,28,val,2011_09_26/2011_09_26_drive_0011_sync,151,151,152,0000000151.png,0000000152.png,1,0.1035,False,True,0.7399098873138428,0.8542323112487793,0.5249456763267517,0.7392708659172058,0.860106348991394,0.5247189402580261,-0.0006390213966369629,-0.000864394129537535,-0.005874037742614746,-0.00022673606872558594,0.5789583325386047,0.3639926016330719,0.3712974126530928,0.3673287630081177,0.10204081237316132,0.10204081237316132,0.0,0.6033179937918908,0.23553492102964022
aligned_temporal_difference,4,5,512,28,28,val,2011_09_26/2011_09_26_drive_0011_sync,152,152,153,0000000152.png,0000000153.png,1,0.1035,False,True,0.8982630968093872,0.830356240272522,0.564337968826294,0.9064626097679138,0.83560711145401,0.5669078230857849,0.008199512958526611,0.009045616300297233,-0.005250871181488037,0.002569854259490967,0.7392708659172058,0.4779132008552551,0.35353437706176466,0.47760695219039917,0.10586734116077423,0.10586734116077423,0.0,0.6913126650476289,0.24245309110556304
aligned_temporal_difference,4,5,512,28,28,val,2011_09_26/2011_09_26_drive_0011_sync,153,153,154,0000000153.png,0000000154.png,1,0.1035,False,True,1.0219298601150513,0.81391841173172,0.5910371541976929,1.0431077480316162,0.8185982704162598,0.5971298813819885,0.02117788791656494,0.020302684891880456,-0.004679858684539795,0.006092727184295654,0.9064626097679138,0.5928890109062195,0.34593109024318186,0.5656614899635315,0.0982142835855484,0.0982142835855484,0.0,0.7699928641917531,0.25969111298895003
aligned_temporal_difference,4,5,512,28,28,val,2011_09_26/2011_09_26_drive_0011_sync,154,154,155,0000000154.png,0000000155.png,1,0.1035,False,True,1.0691726207733154,0.8063853979110718,0.6079244613647461,1.099920630455017,0.8109722137451172,0.6166040301322937,0.03074800968170166,0.027954753125215743,-0.00458681583404541,0.008679568767547607,1.0431077480316162,0.691651463508606,0.33693190869900214,0.6718212962150574,0.10841836780309677,0.10841836780309677,0.0,0.8316558564145424,0.264420499155511
aligned_temporal_difference,4,5,512,28,28,val,2011_09_26/2011_09_26_drive_0011_sync,155,155,156,0000000155.png,0000000156.png,1,0.1035,False,True,1.0663666725158691,0.8050211668014526,0.6100845336914062,1.0921705961227417,0.8103312253952026,0.6174218654632568,0.02580392360687256,0.023626275692165428,-0.00531005859375,0.007337331771850586,1.099920630455017,0.69923335313797,0.3642874460417113,0.6727136969566345,0.12117346376180649,0.12117346376180649,0.0,0.8362017418888638,0.2615219059187789
aligned_temporal_difference,4,5,512,28,28,val,2011_09_26/2011_09_26_drive_0011_sync,156,156,157,0000000156.png,0000000157.png,1,0.1035,False,True,1.0997505187988281,0.8002274036407471,0.6142011284828186,1.1365774869918823,0.8033989667892456,0.6244001984596252,0.0368269681930542,0.032401634393201054,-0.003171563148498535,0.01019906997680664,1.0921705961227417,0.7185878753662109,0.342055281549208,0.684554398059845,0.12244898080825806,0.12297730892896652,0.0,0.8476956266055706,0.26665958709309595
aligned_temporal_difference,4,5,512,28,28,val,2011_09_26/2011_09_26_drive_0011_sync,157,157,158,0000000157.png,0000000158.png,1,0.1035,False,True,1.059363842010498,0.8108328580856323,0.5982239246368408,1.0845290422439575,0.8154359459877014,0.6052876114845276,0.025165200233459473,0.02320380483439256,-0.004603087902069092,0.007063686847686768,1.1365774869918823,0.7400859594345093,0.3488468952581012,0.7219846844673157,0.13520407676696777,0.13731741905212402,0.0,0.860282488159854,0.26749684846661537
aligned_temporal_difference,4,5,512,28,28,val,2011_09_26/2011_09_26_drive_0011_sync,158,158,159,0000000158.png,0000000159.png,1,0.1035,False,True,1.0547775030136108,0.8112584352493286,0.6002089977264404,1.0851569175720215,0.8157148361206055,0.608791172504425,0.030379414558410645,0.027995411600363663,-0.0044564008712768555,0.00858217477798462,1.0845290422439575,0.6633598208427429,0.3883429627018466,0.6463311314582825,0.14030611515045166,0.14030611515045166,0.0,0.8144690422862878,0.26600140661032634
aligned_temporal_difference,4,5,512,28,28,val,2011_09_26/2011_09_26_drive_0011_sync,159,159,160,0000000159.png,0000000160.png,1,0.1035,False,True,0.9096583127975464,0.833528459072113,0.5656183958053589,0.9448654055595398,0.8363704681396484,0.5764602422714233,0.03520709276199341,0.03726148989563664,-0.0028420090675354004,0.010841846466064453,1.0851569175720215,0.6018658876419067,0.445365109970871,0.5755001902580261,0.13775509595870972,0.13828343152999878,0.0,0.7758001596042029,0.26570684910996223
aligned_temporal_difference,4,5,512,28,28,val,2011_09_26/2011_09_26_drive_0011_sync,160,160,161,0000000160.png,0000000161.png,1,0.1035,False,True,0.6515710949897766,0.8746976256370544,0.4949187934398651,0.6623005867004395,0.8801449537277222,0.49897709488868713,0.010729491710662842,0.016200335506445538,-0.005447328090667725,0.0040583014488220215,0.9448654055595398,0.4649214446544647,0.5079495535354658,0.4574614465236664,0.13137754797935486,0.13243421912193298,0.0,0.6818514828424623,0.2549974030474648
aligned_temporal_difference,4,5,512,28,28,val,2011_09_26/2011_09_26_drive_0011_sync,161,161,162,0000000161.png,0000000162.png,1,0.1035,False,True,0.571923017501831,0.8903603553771973,0.45729711651802063,0.5540667176246643,0.8973857164382935,0.450101763010025,-0.017856299877166748,-0.0322277070778017,-0.007025361061096191,-0.0071953535079956055,0.6623005867004395,0.3274917006492615,0.5055240668277001,0.32297736406326294,0.11734693497419357,0.11787527054548264,0.0,0.5722689058906324,0.23665467865030718
aligned_temporal_difference,4,5,512,28,28,val,2011_09_26/2011_09_26_drive_0011_sync,162,162,163,0000000162.png,0000000163.png,1,0.1035,False,True,0.5910353064537048,0.888225793838501,0.46236249804496765,0.5761814117431641,0.8952452540397644,0.45651549100875854,-0.014853894710540771,-0.02577989224887035,-0.007019460201263428,-0.0058470070362091064,0.5540667176246643,0.2415393441915512,0.5640609036632755,0.24685829877853394,0.08801019936800003,0.08801019936800003,0.0,0.4914665239785424,0.2364998894710363
aligned_temporal_difference,4,5,512,28,28,val,2011_09_26/2011_09_26_drive_0011_sync,163,163,164,0000000163.png,0000000164.png,1,0.1035,False,True,0.6324192881584167,0.8828059434890747,0.47243332862854004,0.6180442571640015,0.8896667957305908,0.4670332074165344,-0.014375030994415283,-0.023258902299938027,-0.006860852241516113,-0.005400121212005615,0.5761814117431641,0.25456348061561584,0.5581886617177284,0.2602452337741852,0.10586734116077423,0.10586734116077423,0.0,0.5045428431913546,0.24077064082335023
aligned_temporal_difference,4,5,512,28,28,val,2011_09_26/2011_09_26_drive_0011_sync,164,164,165,0000000164.png,0000000165.png,1,0.1035,False,True,0.7575107216835022,0.8610914349555969,0.5146456956863403,0.7503452301025391,0.8682206869125366,0.5122058391571045,-0.007165491580963135,-0.009549593031975332,-0.007129251956939697,-0.00243985652923584,0.6180442571640015,0.3023362457752228,0.510817805892182,0.30214542150497437,0.11096938699483871,0.11096938699483871,0.0,0.5498511123706332,0.2440170891065606
aligned_temporal_difference,4,5,512,28,28,val,2011_09_26/2011_09_26_drive_0011_sync,165,165,166,0000000165.png,0000000166.png,1,0.1035,False,True,0.8218353986740112,0.8564406633377075,0.5194828510284424,0.8061825037002563,0.8639100193977356,0.5145119428634644,-0.015652894973754883,-0.01941606882053437,-0.007469356060028076,-0.004970908164978027,0.7503452301025391,0.4250180721282959,0.43356996875929404,0.40556031465530396,0.11352040618658066,0.11352040618658066,0.0,0.6519341010625966,0.2545165430155808
aligned_temporal_difference,4,5,512,28,28,val,2011_09_26/2011_09_26_drive_0011_sync,166,166,167,0000000166.png,0000000167.png,1,0.1035,False,True,0.8679024577140808,0.8521510362625122,0.5299040675163269,0.8658997416496277,0.8589106202125549,0.5292923450469971,-0.002002716064453125,-0.002312872920642921,-0.006759583950042725,-0.000611722469329834,0.8061825037002563,0.5295175909996033,0.3431790090095019,0.4937618672847748,0.11224489659070969,0.11224489659070969,0.0,0.7276795936396755,0.26738470284439525
aligned_temporal_difference,4,5,512,28,28,val,2011_09_26/2011_09_26_drive_0011_sync,167,167,168,0000000167.png,0000000168.png,1,0.1035,False,True,0.8764709234237671,0.8539285659790039,0.5262280702590942,0.8774882555007935,0.8597960472106934,0.5265333652496338,0.0010173320770263672,0.001159368311369322,-0.005867481231689453,0.0003052949905395508,0.8658997416496277,0.5084655284881592,0.41278937499221297,0.5110727548599243,0.14030611515045166,0.14030611515045166,0.0,0.7130676885739243,0.26525784811387554
aligned_temporal_difference,4,5,512,28,28,val,2011_09_26/2011_09_26_drive_0011_sync,168,168,169,0000000168.png,0000000169.png,1,0.1035,False,True,0.8486595153808594,0.8569217920303345,0.5250177979469299,0.8561285138130188,0.8629690408706665,0.5273230671882629,0.007468998432159424,0.008724155674822761,-0.006047248840332031,0.002305269241333008,0.8774882555007935,0.4467666447162628,0.4908574081583718,0.4496600925922394,0.14668366312980652,0.14668366312980652,0.0,0.6684060477855229,0.26658331281080183
aligned_temporal_difference,4,5,512,28,28,val,2011_09_26/2011_09_26_drive_0011_sync,169,169,170,0000000169.png,0000000170.png,1,0.1035,False,True,0.9903320074081421,0.834825873374939,0.5587359070777893,0.9939560890197754,0.8410884141921997,0.5597573518753052,0.0036240816116333008,0.0036461184268284084,-0.006262540817260742,0.0010214447975158691,0.8561285138130188,0.4371463656425476,0.48939165255039996,0.43975958228111267,0.15688775479793549,0.15688775479793549,0.0,0.6611704512775413,0.2607590602030352
aligned_temporal_difference,4,5,512,28,28,val,2011_09_26/2011_09_26_drive_0011_sync,170,170,171,0000000170.png,0000000171.png,1,0.1035,False,True,0.9133316874504089,0.8490251302719116,0.5364177227020264,0.9165130853652954,0.8555845022201538,0.5373511910438538,0.0031813979148864746,0.0034711974828144023,-0.0065593719482421875,0.0009334683418273926,0.9939560890197754,0.5329722762107849,0.4637868995436265,0.5353459119796753,0.1658163219690323,0.1658163219690323,0.0,0.7300495025755342,0.27189324142383586
aligned_temporal_difference,4,5,512,28,28,val,2011_09_26/2011_09_26_drive_0011_sync,171,171,172,0000000171.png,0000000172.png,1,0.1035,False,True,1.0814554691314697,0.826271653175354,0.5714688897132874,1.0926538705825806,0.8317128419876099,0.5744199752807617,0.01119840145111084,0.010248809575112823,-0.005441188812255859,0.0029510855674743652,0.9165130853652954,0.434906005859375,0.5254775814946121,0.4416672885417938,0.16709183156490326,0.16709183156490326,0.0,0.6594740372898504,0.2686713641473251
aligned_temporal_difference,4,5,512,28,28,val,2011_09_26/2011_09_26_drive_0011_sync,172,172,173,0000000172.png,0000000173.png,1,0.1035,False,True,0.9465569853782654,0.8481892347335815,0.5391907691955566,0.956554651260376,0.8543769121170044,0.5420308113098145,0.009997665882110596,0.010451745615305374,-0.0061876773834228516,0.0028400421142578125,1.0926538705825806,0.5728883743286133,0.475690893747385,0.5697832107543945,0.1875,0.1875,0.0,0.7568938989902173,0.2827072933157277
aligned_temporal_difference,4,5,512,28,28,val,2011_09_26/2011_09_26_drive_0011_sync,173,173,174,0000000173.png,0000000174.png,1,0.1035,False,True,0.9448636174201965,0.8476698398590088,0.5392616987228394,0.9481924772262573,0.854236364364624,0.5402107834815979,0.003328859806060791,0.0035107426878123816,-0.006566524505615234,0.0009490847587585449,0.956554651260376,0.4512772262096405,0.5282264054489428,0.4596434533596039,0.1747448891401291,0.1747448891401291,0.0,0.6717717069136214,0.27023289064968525
aligned_temporal_difference,4,5,512,28,28,val,2011_09_26/2011_09_26_drive_0011_sync,174,174,175,0000000174.png,0000000175.png,1,0.1035,False,True,0.9337242245674133,0.8510556221008301,0.5317589044570923,0.9354490637779236,0.8572385311126709,0.5322498083114624,0.001724839210510254,0.0018438622446681203,-0.00618290901184082,0.0004909038543701172,0.9481924772262573,0.46220794320106506,0.5125378503812226,0.47785788774490356,0.18877550959587097,0.18877550959587097,0.0,0.679858767098774,0.27258334947796126
aligned_temporal_difference,4,5,512,28,28,val,2011_09_26/2011_09_26_drive_0011_sync,175,175,176,0000000175.png,0000000176.png,1,0.1035,False,True,0.9749254584312439,0.8443102836608887,0.5450938940048218,0.9882774949073792,0.8498845100402832,0.5488138794898987,0.013352036476135254,0.01351041235375556,-0.005574226379394531,0.0037199854850769043,0.9354490637779236,0.47556304931640625,0.49162058338506676,0.4921187460422516,0.18112245202064514,0.18112245202064514,0.0,0.6896107955335431,0.2769939204247735
aligned_temporal_difference,4,5,512,28,28,val,2011_09_26/2011_09_26_drive_0011_sync,176,176,177,0000000176.png,0000000177.png,1,0.1035,False,True,0.9570125341415405,0.8439302444458008,0.5480380058288574,0.9769576787948608,0.8490357398986816,0.5537194013595581,0.019945144653320312,0.02041556669877851,-0.005105495452880859,0.005681395530700684,0.9882774949073792,0.4025804102420807,0.5926443612076684,0.43099936842918396,0.18622449040412903,0.18622449040412903,0.0,0.6344922460062697,0.27240592647304407
aligned_temporal_difference,4,5,512,28,28,val,2011_09_26/2011_09_26_drive_0011_sync,177,177,178,0000000177.png,0000000178.png,1,0.1035,False,True,0.9219493865966797,0.8476511240005493,0.539812445640564,0.9293114542961121,0.8536631464958191,0.5419634580612183,0.007362067699432373,0.0079220671018293,-0.006012022495269775,0.002151012420654297,0.9769576787948608,0.4238601624965668,0.5661427596132669,0.4468684196472168,0.20408162474632263,0.20408162474632263,0.0,0.6510454381197727,0.2650442647177438
aligned_temporal_difference,4,5,512,28,28,val,2011_09_26/2011_09_26_drive_0011_sync,178,178,179,0000000178.png,0000000179.png,1,0.1035,False,True,0.845923900604248,0.855089545249939,0.5300438404083252,0.8632941842079163,0.860456109046936,0.5354582071304321,0.017370283603668213,0.020120932031536476,-0.00536656379699707,0.005414366722106934,0.9293114542961121,0.4159484803676605,0.5524121881369555,0.43608731031417847,0.17091836035251617,0.17091836035251617,0.0,0.6449406797277254,0.2682564900502833
aligned_temporal_difference,4,5,512,28,28,val,2011_09_26/2011_09_26_drive_0011_sync,179,179,180,0000000179.png,0000000180.png,1,0.1035,False,True,0.8066905736923218,0.8622156381607056,0.5115465521812439,0.8031578063964844,0.8682591915130615,0.5104252099990845,-0.0035327672958374023,-0.004398596723709646,-0.006043553352355957,-0.0011213421821594238,0.8632941842079163,0.3977051377296448,0.5393167879446049,0.400968462228775,0.17091836035251617,0.17091836035251617,0.0,0.6306386744639475,0.25543269039990185
aligned_temporal_difference,4,5,512,28,28,val,2011_09_26/2011_09_26_drive_0011_sync,180,180,181,0000000180.png,0000000181.png,1,0.1035,False,True,0.7972010374069214,0.8654000759124756,0.5065115094184875,0.7940186262130737,0.8717342019081116,0.505499541759491,-0.0031824111938476562,-0.004007980529405945,-0.006334125995635986,-0.001011967658996582,0.8031578063964844,0.4092560410499573,0.4904413083075666,0.41189298033714294,0.1658163219690323,0.1658163219690323,0.0,0.6397312256330445,0.25965930799464176
aligned_temporal_difference,4,5,512,28,28,val,2011_09_26/2011_09_26_drive_0011_sync,181,181,182,0000000181.png,0000000182.png,1,0.1035,False,True,0.8074927926063538,0.8637027740478516,0.5100788474082947,0.8039159774780273,0.8705645799636841,0.5089479088783264,-0.003576815128326416,-0.004449240005836528,-0.0068618059158325195,-0.0011309385299682617,0.7940186262130737,0.3491545617580414,0.5602690538592652,0.3545784652233124,0.16326530277729034,0.16326530277729034,0.0,0.5908930205697487,0.262335378253129
aligned_temporal_difference,4,5,512,28,28,val,2011_09_26/2011_09_26_drive_0011_sync,182,182,183,0000000182.png,0000000183.png,1,0.1035,False,True,0.8108436465263367,0.8618247509002686,0.5142558217048645,0.8237653970718384,0.8664966821670532,0.5183373093605042,0.012921750545501709,0.015686202153469234,-0.004671931266784668,0.0040814876556396484,0.8039159774780273,0.36414507031440735,0.5470359085824238,0.3666399419307709,0.16326530277729034,0.16326530277729034,0.0,0.6034443390358446,0.2634552524961064
aligned_temporal_difference,4,5,512,28,28,val,2011_09_26/2011_09_26_drive_0011_sync,183,183,184,0000000183.png,0000000184.png,1,0.1035,False,True,0.7975451946258545,0.864627480506897,0.5077463388442993,0.7967708706855774,0.8706549406051636,0.5074998140335083,-0.0007743239402770996,-0.000971827621673514,-0.0060274600982666016,-0.0002465248107910156,0.8237653970718384,0.36271148920059204,0.5596907924393418,0.370685875415802,0.15816326439380646,0.15816326439380646,0.0,0.6022553355517841,0.2604685715764561
aligned_temporal_difference,4,5,512,28,28,val,2011_09_26/2011_09_26_drive_0011_sync,184,184,185,0000000184.png,0000000185.png,1,0.1035,False,True,0.7448164224624634,0.8667103052139282,0.5115000605583191,0.7639526128768921,0.8721497654914856,0.5180292725563049,0.01913619041442871,0.025048923312619695,-0.005439460277557373,0.00652921199798584,0.7967708706855774,0.36410221457481384,0.5430277034832812,0.36396273970603943,0.14540815353393555,0.14540815353393555,0.0,0.6034088287179877,0.2653450612732247
aligned_temporal_difference,4,5,512,28,28,val,2011_09_26/2011_09_26_drive_0011_sync,185,185,186,0000000185.png,0000000186.png,1,0.1035,False,True,0.6996697783470154,0.8715120553970337,0.4954179525375366,0.7022362351417542,0.876746654510498,0.49632567167282104,0.0025664567947387695,0.003654691493127953,-0.0052345991134643555,0.0009077191352844238,0.7639526128768921,0.34997883439064026,0.5418841057789039,0.3469882905483246,0.15688775479793549,0.15688775479793549,0.0,0.5915900898347101,0.25185358313763917
aligned_temporal_difference,4,5,512,28,28,val,2011_09_26/2011_09_26_drive_0011_sync,186,186,187,0000000186.png,0000000187.png,1,0.1035,False,True,0.6300035715103149,0.8827521800994873,0.4750649929046631,0.6270554661750793,0.8889118432998657,0.47395217418670654,-0.0029481053352355957,-0.004701506476322557,-0.006159663200378418,-0.001112818717956543,0.7022362351417542,0.3615763783454895,0.4851072043120912,0.3413544297218323,0.15051020681858063,0.15051020681858063,0.0,0.601312213700578,0.25123594662283705
aligned_temporal_difference,4,5,512,28,28,val,2011_09_26/2011_09_26_drive_0011_sync,187,187,188,0000000187.png,0000000188.png,1,0.1035,False,True,0.5429295897483826,0.8942584991455078,0.4542367160320282,0.5449648499488831,0.8998981714248657,0.4550873339176178,0.0020352602005004883,0.0037346632552381917,-0.00563967227935791,0.0008506178855895996,0.6270554661750793,0.32709160447120667,0.47836894482970693,0.32449811697006226,0.12117346376180649,0.12117346376180649,0.0,0.5719192289748672,0.2461837422359401
aligned_temporal_difference,4,5,512,28,28,val,2011_09_26/2011_09_26_drive_0011_sync,188,188,189,0000000188.png,0000000189.png,1,0.1035,False,True,0.5554013252258301,0.8910263180732727,0.45658940076828003,0.54222571849823,0.8976231217384338,0.4511411488056183,-0.013175606727600098,-0.024299118020612864,-0.006596803665161133,-0.005448251962661743,0.5449648499488831,0.3075072169303894,0.4357301815718332,0.3043106198310852,0.10586734116077423,0.10586734116077423,0.0,0.554533332569278,0.23314813735574969
aligned_temporal_difference,4,5,512,28,28,val,2011_09_26/2011_09_26_drive_0011_sync,189,189,190,0000000189.png,0000000190.png,1,0.1035,False,True,0.5196908116340637,0.8996455669403076,0.43821609020233154,0.5022287368774414,0.9065096974372864,0.4307909309864044,-0.017462074756622314,-0.03476916686446713,-0.00686413049697876,-0.007425159215927124,0.54222571849823,0.2998993992805481,0.4469104119384793,0.29921478033065796,0.10204081237316132,0.10204081237316132,0.0,0.5476307143327044,0.23719357216391537
aligned_temporal_difference,4,5,512,28,28,val,2011_09_26/2011_09_26_drive_0011_sync,190,190,191,0000000190.png,0000000191.png,1,0.1035,False,True,0.5029353499412537,0.9018740653991699,0.4348611533641815,0.49394381046295166,0.9079806804656982,0.4309563636779785,-0.008991539478302002,-0.018203567466256194,-0.00610661506652832,-0.003904789686203003,0.5022287368774414,0.25423774123191833,0.4937809755518633,0.26168859004974365,0.09693877398967743,0.09693877398967743,0.0,0.504219933394068,0.2390443511381836
aligned_temporal_difference,4,5,512,28,28,val,2011_09_26/2011_09_26_drive_0011_sync,191,191,192,0000000191.png,0000000192.png,1,0.1035,False,True,0.5140258073806763,0.897769570350647,0.4440084993839264,0.5079540014266968,0.9036023616790771,0.44137832522392273,-0.006071805953979492,-0.01195345629117112,-0.005832791328430176,-0.002630174160003662,0.49394381046295166,0.22571539878845215,0.5430342601582575,0.2334858626127243,0.09311224520206451,0.09311224520206451,0.0,0.4750951470899825,0.23512206225103757
aligned_temporal_difference,4,5,512,28,28,val,2011_09_26/2011_09_26_drive_0011_sync,192,192,193,0000000192.png,0000000193.png,1,0.1035,False,True,0.5140198469161987,0.899882435798645,0.43724846839904785,0.4951266050338745,0.9066150784492493,0.4291374981403351,-0.01889324188232422,-0.03815840572944292,-0.006732642650604248,-0.008110970258712769,0.5079540014266968,0.2576533854007721,0.49276236691295316,0.2553783059120178,0.09311224520206451,0.09311224520206451,0.0,0.5075956908808152,0.2314919855242374
aligned_temporal_difference,4,5,512,28,28,val,2011_09_26/2011_09_26_drive_0011_sync,193,193,194,0000000193.png,0000000194.png,1,0.1035,False,True,0.49434828758239746,0.9037801623344421,0.4301501512527466,0.48114168643951416,0.9102445840835571,0.42436546087265015,-0.0132066011428833,-0.027448465836774974,-0.00646442174911499,-0.0057846903800964355,0.4951266050338745,0.23140692710876465,0.5326307963335302,0.23598462343215942,0.089285708963871,0.08981404453516006,0.0,0.4810477389082758,0.23740279755888308
aligned_temporal_difference,4,5,512,28,28,val,2011_09_26/2011_09_26_drive_0011_sync,194,194,195,0000000194.png,0000000195.png,1,0.1035,False,True,0.45675233006477356,0.9078970551490784,0.4232264459133148,0.4532371759414673,0.913449764251709,0.4215947389602661,-0.0035151541233062744,-0.007755661516521836,-0.005552709102630615,-0.001631706953048706,0.48114168643951416,0.2572517991065979,0.4653304705100878,0.24845942854881287,0.07780612260103226,0.07780612260103226,0.0,0.507199959687102,0.23758948861228818
aligned_temporal_difference,4,5,512,28,28,val,2011_09_26/2011_09_26_drive_0011_sync,195,195,196,0000000195.png,0000000196.png,1,0.1035,False,True,0.3877764940261841,0.9191776514053345,0.3959527909755707,0.3726594150066376,0.9259224534034729,0.3881581425666809,-0.015117079019546509,-0.04056540210926176,-0.006744801998138428,-0.0077946484088897705,0.4532371759414673,0.23381133377552032,0.48413028280426057,0.23692531883716583,0.07653061300516129,0.07653061300516129,0.0,0.4835404158656444,0.2272602960454187
aligned_temporal_difference,4,5,512,28,28,val,2011_09_26/2011_09_26_drive_0011_sync,196,196,197,0000000196.png,0000000197.png,1,0.1035,False,True,0.3444720506668091,0.9288866519927979,0.37048599123954773,0.32073974609375,0.9356584548950195,0.3574960231781006,-0.023732304573059082,-0.07399240306850619,-0.00677180290222168,-0.012989968061447144,0.3726594150066376,0.25256767868995667,0.32225601039636126,0.2402048259973526,0.06122449040412903,0.06122449040412903,0.0,0.5025611193575928,0.22482221718988213
aligned_temporal_difference,4,5,512,28,28,val,2011_09_26/2011_09_26_drive_0011_sync,197,197,198,0000000197.png,0000000198.png,1,0.1035,False,True,0.31506720185279846,0.9366859197616577,0.35018348693847656,0.28389930725097656,0.9441674947738647,0.33241161704063416,-0.0311678946018219,-0.109785032248312,-0.007481575012207031,-0.017771869897842407,0.32073974609375,0.24043935537338257,0.25035996223834445,0.21811091899871826,0.0446428544819355,0.0446428544819355,0.0,0.490346158721961,0.22639806304830118
aligned_temporal_difference,4,5,512,28,28,val,2011_09_26/2011_09_26_drive_0011_sync,198,198,199,0000000198.png,0000000199.png,1,0.1035,False,True,0.3038824498653412,0.9357057213783264,0.35484758019447327,0.2899688184261322,0.9422656893730164,0.3466288447380066,-0.013913631439208984,-0.04798319872711899,-0.006559967994689941,-0.008218735456466675,0.28389930725097656,0.22667112946510315,0.20157913853337364,0.21588236093521118,0.030612245202064514,0.030612245202064514,0.0,0.47609991542228103,0.231176260197215
aligned_temporal_difference,4,5,512,28,28,val,2011_09_26/2011_09_26_drive_0011_sync,199,199,200,0000000199.png,0000000200.png,1,0.1035,False,True,0.22994105517864227,0.9490236043930054,0.31573957204818726,0.21338318288326263,0.9550353288650513,0.30415910482406616,-0.01655787229537964,-0.07759689433650493,-0.0060117244720458984,-0.011580467224121094,0.2899688184261322,0.2269306182861328,0.21739647898057698,0.19883708655834198,0.02678571455180645,0.02678571455180645,0.0,0.47637235256271204,0.22092112181036194
aligned_temporal_difference,4,5,512,28,28,val,2011_09_26/2011_09_26_drive_0011_sync,200,200,201,0000000200.png,0000000201.png,1,0.1035,False,True,0.0940217599272728,0.9797821640968323,0.20232005417346954,0.055146295577287674,0.9880229234695435,0.1549469232559204,-0.03887546434998512,-0.704951510215243,-0.008240759372711182,-0.04737313091754913,0.21338318288326263,0.19073615968227386,0.10613312115312513,0.1409333497285843,0.0178571417927742,0.01944214291870594,0.0,0.4367335110594032,0.21094858175767517
aligned_temporal_difference,4,5,512,28,28,val,2011_09_26/2011_09_26_drive_0011_sync,201,201,202,0000000201.png,0000000202.png,1,0.1035,False,True,0.07311689853668213,0.9845067262649536,0.17880091071128845,0.03368854522705078,0.9926531910896301,0.12136738002300262,-0.03942835330963135,-1.170378627034678,-0.008146464824676514,-0.05743353068828583,0.055146295577287674,0.055146295577287674,0.0,0.04879489168524742,0.0,0.0,0.0,0.23483248407596355,0.20544979385134468
aligned_temporal_difference,4,5,512,28,28,val,2011_09_26/2011_09_26_drive_0011_sync,202,202,203,0000000202.png,0000000203.png,1,0.1035,False,True,0.07242866605520248,0.9851449131965637,0.17696750164031982,0.031176242977380753,0.9932377934455872,0.11610480397939682,-0.04125242307782173,-1.323200589235577,-0.008092880249023438,-0.060862697660923004,0.03368854522705078,0.03368854522705078,0.0,0.031369246542453766,0.0,0.0,0.0,0.18354439579309084,0.20397660660314962
aligned_temporal_difference,4,5,512,28,28,val,2011_09_26/2011_09_26_drive_0011_sync,203,203,204,0000000203.png,0000000204.png,1,0.1035,False,True,0.06646405905485153,0.9859070777893066,0.17052485048770905,0.028034551069140434,0.9939206838607788,0.11074931919574738,-0.0384295079857111,-1.3707909176406647,-0.008013606071472168,-0.05977553129196167,0.031176242977380753,0.031176242977380753,0.0,0.029153423383831978,0.0,0.0,0.0,0.1765679556923644,0.20563798505428948
aligned_temporal_difference,4,5,512,28,28,val,2011_09_26/2011_09_26_drive_0011_sync,204,204,205,0000000204.png,0000000205.png,1,0.1035,False,True,0.06849644333124161,0.9855160713195801,0.1734069138765335,0.02943035028874874,0.9935524463653564,0.1136658787727356,-0.039066093042492867,-1.3274083610696228,-0.008036375045776367,-0.05974103510379791,0.028034551069140434,0.028034551069140434,0.0,0.025931552052497864,0.0,0.0,0.0,0.1674352145432389,0.20353666185833028
aligned_temporal_difference,4,5,512,28,28,val,2011_09_26/2011_09_26_drive_0011_sync,205,205,206,0000000205.png,0000000206.png,1,0.1035,False,True,0.06839055567979813,0.9855728149414062,0.17334683239459991,0.029515091329813004,0.9935187101364136,0.11387801915407181,-0.03887546434998512,-1.3171385416218335,-0.007945895195007324,-0.05946881324052811,0.02943035028874874,0.02943035028874874,0.0,0.02739017829298973,0.0,0.0,0.0,0.17155276240489029,0.2036464490336471
aligned_temporal_difference,4,5,512,28,28,val,2011_09_26/2011_09_26_drive_0011_sync,206,206,207,0000000206.png,0000000207.png,1,0.1035,False,True,0.0680428296327591,0.9859816431999207,0.17215651273727417,0.027377381920814514,0.9940209984779358,0.10920140892267227,-0.04066544771194458,-1.485366563887082,-0.008039355278015137,-0.0629551038146019,0.029515091329813004,0.029515091329813004,0.0,0.027515191584825516,0.0,0.0,0.0,0.17179956731555818,0.20311541718106507
aligned_temporal_difference,4,5,512,28,28,val,2011_09_26/2011_09_26_drive_0011_sync,207,207,208,0000000207.png,0000000208.png,1,0.1035,False,True,0.06669850647449493,0.9861884117126465,0.17030462622642517,0.026483600959181786,0.9942373037338257,0.10731413215398788,-0.04021490551531315,-1.5184832899912262,-0.0080488920211792,-0.06299049407243729,0.027377381920814514,0.027377381920814514,0.0,0.02542402781546116,0.0,0.0,0.0,0.16546111906068603,0.20441298021073387
aligned_temporal_difference,4,5,512,28,28,val,2011_09_26/2011_09_26_drive_0011_sync,208,208,209,0000000208.png,0000000209.png,1,0.1035,False,True,0.06705120205879211,0.9860713481903076,0.17075127363204956,0.02680153213441372,0.9941728115081787,0.10795443505048752,-0.040249669924378395,-1.5017675005488582,-0.008101463317871094,-0.06279683858156204,0.026483600959181786,0.026483600959181786,0.0,0.02475559338927269,0.0,0.0,0.0,0.162737828912585,0.20470185047542264
aligned_temporal_difference,4,5,512,28,28,val,2011_09_26/2011_09_26_drive_0011_sync,209,209,210,0000000209.png,0000000210.png,1,0.1035,False,True,0.06364073604345322,0.9866442680358887,0.16686657071113586,0.024539422243833542,0.9946529865264893,0.10361768305301666,-0.039101313799619675,-1.593408084798955,-0.008008718490600586,-0.0632488876581192,0.02680153213441372,0.02680153213441372,0.0,0.024822870269417763,0.0,0.0,0.0,0.16371173487082016,0.20455877755586793
aligned_temporal_difference,4,5,512,28,28,val,2011_09_26/2011_09_26_drive_0011_sync,210,210,211,0000000210.png,0000000211.png,1,0.1035,False,True,0.06526029855012894,0.9863718152046204,0.16900570690631866,0.02571176365017891,0.9943742156028748,0.10608226805925369,-0.03954853489995003,-1.5381494415562909,-0.008002400398254395,-0.06292343884706497,0.024539422243833542,0.024539422243833542,0.0,0.022884245961904526,0.0,0.0,0.0,0.15665063754684672,0.20373398018678843
aligned_temporal_difference,4,5,512,28,28,val,2011_09_26/2011_09_26_drive_0011_sync,211,211,212,0000000211.png,0000000212.png,1,0.1035,False,True,0.06742460280656815,0.9861334562301636,0.17117378115653992,0.026920445263385773,0.9941361546516418,0.10816062241792679,-0.04050415754318237,-1.5045872067454868,-0.008002698421478271,-0.06301315873861313,0.02571176365017891,0.02571176365017891,0.0,0.024152839556336403,0.0,0.0,0.0,0.16034888103812545,0.20406313812833735
aligned_temporal_difference,4,5,512,28,28,val,2011_09_26/2011_09_26_drive_0011_sync,212,212,213,0000000212.png,0000000213.png,1,0.1035,False,True,0.06613186746835709,0.9860796928405762,0.1700506955385208,0.026760930195450783,0.9941719770431519,0.10817418247461319,-0.0393709372729063,-1.471209594934004,-0.008092284202575684,-0.06187651306390762,0.026920445263385773,0.026920445263385773,0.0,0.025328587740659714,0.0,0.0,0.0,0.16407451131539527,0.2046872546653151
aligned_temporal_difference,4,5,512,28,28,val,2011_09_26/2011_09_26_drive_0011_sync,213,213,214,0000000213.png,0000000214.png,1,0.1035,False,True,0.06916721165180206,0.985938310623169,0.17284010350704193,0.027202416211366653,0.9941082000732422,0.10839222371578217,-0.04196479544043541,-1.5426863229487764,-0.008169889450073242,-0.06444787979125977,0.026760930195450783,0.026760930195450783,0.0,0.024946365505456924,0.0,0.0,0.0,0.16358768350780808,0.20415497952376427
aligned_temporal_difference,4,5,512,28,28,val,2011_09_26/2011_09_26_drive_0011_sync,214,214,215,0000000214.png,0000000215.png,1,0.1035,False,True,0.06789593398571014,0.9857785701751709,0.1717982143163681,0.028952399268746376,0.9937325716018677,0.11218609660863876,-0.03894353471696377,-1.34508834157322,-0.007954001426696777,-0.05961211770772934,0.027202416211366653,0.027202416211366653,0.0,0.025504127144813538,0.0,0.0,0.0,0.1649315500787119,0.20583640192971037
aligned_temporal_difference,4,5,512,28,28,val,2011_09_26/2011_09_26_drive_0011_sync,215,215,216,0000000215.png,0000000216.png,1,0.1035,False,True,0.0707545131444931,0.9854955077171326,0.1747148633003235,0.029226751998066902,0.9936786890029907,0.11229050904512405,-0.0415277611464262,-1.4208818396643221,-0.008183181285858154,-0.06242435425519943,0.028952399268746376,0.028952399268746376,0.0,0.027124440297484398,0.0,0.0,0.0,0.17015404570196493,0.20490897332552194
aligned_temporal_difference,4,5,512,28,28,val,2011_09_26/2011_09_26_drive_0011_sync,216,216,217,0000000216.png,0000000217.png,1,0.1035,False,True,0.06792216002941132,0.9859490394592285,0.17133945226669312,0.028096066787838936,0.993934154510498,0.11019816249608994,-0.03982609324157238,-1.4174971017228166,-0.007985115051269531,-0.06114128977060318,0.029226751998066902,0.02900146320462227,0.007708307562179143,0.02710288017988205,0.0076530613005161285,0.0076530613005161285,0.0,0.17029815972177229,0.20599941217352505
aligned_temporal_difference,4,5,512,28,28,val,2011_09_26/2011_09_26_drive_0011_sync,217,217,218,0000000217.png,0000000218.png,1,0.1035,False,True,0.06805732846260071,0.9860702157020569,0.17117837071418762,0.027755754068493843,0.9940152168273926,0.10931707173585892,-0.040301574394106865,-1.4520079077892556,-0.007945001125335693,-0.061861298978328705,0.028096066787838936,0.02806905470788479,0.0009614185557758999,0.02619362249970436,0.0025510203558951616,0.0025510203558951616,0.0,0.16753821864841703,0.2053310197376935
aligned_temporal_difference,4,5,512,28,28,val,2011_09_26/2011_09_26_drive_0011_sync,218,218,219,0000000218.png,0000000219.png,1,0.1035,False,True,0.0653722882270813,0.9865639209747314,0.1678684651851654,0.02500908635556698,0.9946131706237793,0.10382960736751556,-0.04036320187151432,-1.6139414810141413,-0.008049249649047852,-0.06403885781764984,0.027755754068493843,0.027755754068493843,0.0,0.025980142876505852,0.0,0.0,0.0,0.1666005824374388,0.20551824118701414
aligned_temporal_difference,4,5,512,28,28,val,2011_09_26/2011_09_26_drive_0011_sync,219,219,220,0000000219.png,0000000220.png,1,0.1035,False,True,0.06576186418533325,0.9864626526832581,0.16846050322055817,0.02557866834104061,0.9944840669631958,0.1050630435347557,-0.04018319584429264,-1.570965122520443,-0.008021414279937744,-0.06339745968580246,0.02500908635556698,0.024889493361115456,0.004781981746602336,0.023066816851496696,0.005102040711790323,0.005102040711790323,0.0,0.1577640433087193,0.20565074721774954
aligned_temporal_difference,4,5,512,28,28,val,2011_09_26/2011_09_26_drive_0011_sync,220,220,221,0000000220.png,0000000221.png,1,0.1035,False,True,0.06821154803037643,0.9861475825309753,0.17102856934070587,0.02678557299077511,0.9942436218261719,0.10717418789863586,-0.041425975039601326,-1.5465778930272778,-0.008096039295196533,-0.06385438144207001,0.02557866834104061,0.02557866834104061,0.0,0.024000728502869606,0.0,0.0,0.0,0.1599333246732544,0.20520549633433907
aligned_temporal_difference,4,5,512,28,28,val,2011_09_26/2011_09_26_drive_0011_sync,221,221,222,0000000221.png,0000000222.png,1,0.1035,False,True,0.0675266683101654,0.985781192779541,0.17120978236198425,0.02902614325284958,0.993756890296936,0.11224979907274246,-0.038500525057315826,-1.3264085663029352,-0.00797569751739502,-0.05895998328924179,0.02678557299077511,0.02678557299077511,0.0,0.025135423988103867,0.0,0.0,0.0,0.16366298601325563,0.20629185772016762
aligned_temporal_difference,4,5,512,28,28,val,2011_09_26/2011_09_26_drive_0011_sync,222,222,223,0000000222.png,0000000223.png,1,0.1035,False,True,0.06879907846450806,0.9859949350357056,0.1720898151397705,0.027246752753853798,0.9941198825836182,0.10829820483922958,-0.04155232571065426,-1.5250377204959615,-0.008124947547912598,-0.06379161030054092,0.02902614325284958,0.02902614325284958,0.0,0.027158642187714577,0.0,0.0,0.0,0.17037060560099437,0.20469225048056267
aligned_temporal_difference,4,5,512,28,28,val,2011_09_26/2011_09_26_drive_0011_sync,223,223,224,0000000223.png,0000000224.png,1,0.1035,False,True,0.06527995318174362,0.9862858057022095,0.16854897141456604,0.026716085150837898,0.9942334890365601,0.10782577842473984,-0.038563868030905724,-1.4434700223919688,-0.007947683334350586,-0.0607231929898262,0.027246752753853798,0.027246752753853798,0.0,0.025333058089017868,0.0,0.0,0.0,0.16506590427418316,0.20657812770701833
aligned_temporal_difference,4,5,512,28,28,val,2011_09_26/2011_09_26_drive_0011_sync,224,224,225,0000000224.png,0000000225.png,1,0.1035,False,True,0.0672072097659111,0.9861313700675964,0.1707381010055542,0.02668100968003273,0.9942052960395813,0.10757804661989212,-0.04052620008587837,-1.5189155347523062,-0.008073925971984863,-0.06316005438566208,0.026716085150837898,0.026716085150837898,0.0,0.0249348022043705,0.0,0.0,0.0,0.16345055873516584,0.20385256093334453
aligned_temporal_difference,4,5,512,28,28,val,2011_09_26/2011_09_26_drive_0011_sync,225,225,226,0000000225.png,0000000226.png,1,0.1035,False,True,0.0688490942120552,0.9860326051712036,0.17201770842075348,0.02739306353032589,0.9940968751907349,0.10850364714860916,-0.04145603068172932,-1.5133769406928441,-0.00806427001953125,-0.06351406127214432,0.02668100968003273,0.02668100968003273,0.0,0.025051483884453773,0.0,0.0,0.0,0.16334322661204145,0.2048348937167874
aligned_temporal_difference,4,5,512,28,28,val,2011_09_26/2011_09_26_drive_0011_sync,226,226,227,0000000226.png,0000000227.png,1,0.1035,False,True,0.06729970872402191,0.9859455823898315,0.17074927687644958,0.028009818866848946,0.9939648509025574,0.11015582084655762,-0.039289889857172966,-1.4027184554083125,-0.00801926851272583,-0.06059345602989197,0.02739306353032589,0.02739306353032589,0.0,0.025503970682621002,0.0,0.0,0.0,0.16550849987334756,0.20619042612666538
aligned_temporal_difference,4,5,512,28,28,val,2011_09_26/2011_09_26_drive_0011_sync,227,227,228,0000000227.png,0000000228.png,1,0.1035,False,True,0.07109754532575607,0.9856729507446289,0.17439764738082886,0.029541056603193283,0.9936612844467163,0.11241553723812103,-0.04155648872256279,-1.4067367081944755,-0.007988333702087402,-0.061982110142707825,0.028009818866848946,0.028009818866848946,0.0,0.026236440986394882,0.0,0.0,0.0,0.16736134221154222,0.20519893357650926
aligned_temporal_difference,4,5,512,28,28,val,2011_09_26/2011_09_26_drive_0011_sync,228,228,229,0000000228.png,0000000229.png,1,0.1035,False,True,0.07003024965524673,0.9854475259780884,0.17363233864307404,0.030992405489087105,0.9933549165725708,0.11550889909267426,-0.03903784416615963,-1.2595938763096477,-0.007907390594482422,-0.05812343955039978,0.029541056603193283,0.029541056603193283,0.0,0.02802317962050438,0.0,0.0,0.0,0.17187511920924822,0.20663903529631952
aligned_temporal_difference,4,5,512,28,28,val,2011_09_26/2011_09_26_drive_0011_sync,229,229,230,0000000229.png,0000000230.png,1,0.1035,False,True,0.07494175434112549,0.9847633838653564,0.17881684005260468,0.0335458442568779,0.992821455001831,0.11963708698749542,-0.04139591008424759,-1.23401008384996,-0.00805807113647461,-0.05917975306510925,0.030992405489087105,0.030992405489087105,0.0,0.029201803728938103,0.0,0.0,0.0,0.17604660033379543,0.20558146514463818
aligned_temporal_difference,4,5,512,28,28,val,2011_09_26/2011_09_26_drive_0011_sync,230,230,231,0000000230.png,0000000231.png,1,0.1035,False,True,0.07302021980285645,0.9845684766769409,0.1777486950159073,0.035777099430561066,0.9923382997512817,0.124419204890728,-0.03724312037229538,-1.0409765175228831,-0.00776982307434082,-0.05332949012517929,0.0335458442568779,0.0335458442568779,0.0,0.031816817820072174,0.0,0.0,0.0,0.18315524632638264,0.20773575233212327
aligned_temporal_difference,4,5,512,28,28,val,2011_09_26/2011_09_26_drive_0011_sync,231,231,232,0000000231.png,0000000232.png,1,0.1035,False,True,0.074931301176548,0.984965980052948,0.17856116592884064,0.032612379640340805,0.9930381178855896,0.11780034750699997,-0.0423189215362072,-1.2976336594542648,-0.008072137832641602,-0.06076081842184067,0.035777099430561066,0.035777099430561066,0.0,0.03385210782289505,0.0,0.0,0.0,0.1891483529681426,0.20493304252372233
