condition,drive,frame_offset,phase,phase_frame_index,raw_frame_index,frame_name,layer,instantaneous_prediction_error_rms,dynamic_error_rms,representation_normalized_l2,corruption
current_stateful,2011_09_26/2011_09_26_drive_0011_sync,0,baseline,0,0,0000000000.png,1,0.27705740556543346,0.05735088359109203,0.0,gaussian_noise
current_stateful,2011_09_26/2011_09_26_drive_0011_sync,0,baseline,0,0,0000000000.png,2,0.5947683926156654,0.12311705861660538,0.0,gaussian_noise
current_stateful,2011_09_26/2011_09_26_drive_0011_sync,0,baseline,0,0,0000000000.png,3,1.8030761904264339,0.3732367754590645,0.0,gaussian_noise
current_stateful,2011_09_26/2011_09_26_drive_0011_sync,0,baseline,0,0,0000000000.png,4,2.8116027160004875,0.5820017685329941,0.0,gaussian_noise
current_stateful,2011_09_26/2011_09_26_drive_0011_sync,0,baseline,0,0,0000000000.png,5,1.2703585250982976,0.26296421750274573,0.0,gaussian_noise
current_stateful,2011_09_26/2011_09_26_drive_0011_sync,1,baseline,1,1,0000000001.png,1,0.7692952544805506,0.1769847297129167,0.0,gaussian_noise
current_stateful,2011_09_26/2011_09_26_drive_0011_sync,1,baseline,1,1,0000000001.png,2,0.5334942837647294,0.20137567297497747,0.0,gaussian_noise
current_stateful,2011_09_26/2011_09_26_drive_0011_sync,1,baseline,1,1,0000000001.png,3,1.4833564859032982,0.6008596702630945,0.0,gaussian_noise
current_stateful,2011_09_26/2011_09_26_drive_0011_sync,1,baseline,1,1,0000000001.png,4,2.4491059039969865,0.9670141514859658,0.0,gaussian_noise
current_stateful,2011_09_26/2011_09_26_drive_0011_sync,1,baseline,1,1,0000000001.png,5,1.1050766642441103,0.43707762099266867,0.0,gaussian_noise
current_stateful,2011_09_26/2011_09_26_drive_0011_sync,2,baseline,2,2,0000000002.png,1,0.8690235349853012,0.2778031623123772,0.0,gaussian_noise
current_stateful,2011_09_26/2011_09_26_drive_0011_sync,2,baseline,2,2,0000000002.png,2,0.5220819862853603,0.25506013892064827,0.0,gaussian_noise
current_stateful,2011_09_26/2011_09_26_drive_0011_sync,2,baseline,2,2,0000000002.png,3,1.2164214668192996,0.722902264014091,0.0,gaussian_noise
current_stateful,2011_09_26/2011_09_26_drive_0011_sync,2,baseline,2,2,0000000002.png,4,2.1352966099667094,1.2050656771159107,0.0,gaussian_noise
current_stateful,2011_09_26/2011_09_26_drive_0011_sync,2,baseline,2,2,0000000002.png,5,0.9889581560546575,0.5503498143033305,0.0,gaussian_noise
current_stateful,2011_09_26/2011_09_26_drive_0011_sync,3,baseline,3,3,0000000003.png,1,0.9616522215256454,0.3683071286590303,0.0,gaussian_noise
current_stateful,2011_09_26/2011_09_26_drive_0011_sync,3,baseline,3,3,0000000003.png,2,0.5339349418692427,0.2957218850989386,0.0,gaussian_noise
current_stateful,2011_09_26/2011_09_26_drive_0011_sync,3,baseline,3,3,0000000003.png,3,1.0041780385323322,0.7714647502581775,0.0,gaussian_noise
current_stateful,2011_09_26/2011_09_26_drive_0011_sync,3,baseline,3,3,0000000003.png,4,1.8478337116543377,1.3304300931798587,0.0,gaussian_noise
current_stateful,2011_09_26/2011_09_26_drive_0011_sync,3,baseline,3,3,0000000003.png,5,0.8876626246370944,0.6175996483446297,0.0,gaussian_noise
current_stateful,2011_09_26/2011_09_26_drive_0011_sync,4,baseline,4,4,0000000004.png,1,0.9610503754746563,0.432647041237058,0.0,gaussian_noise
current_stateful,2011_09_26/2011_09_26_drive_0011_sync,4,baseline,4,4,0000000004.png,2,0.5524273067512573,0.3300516714941652,0.0,gaussian_noise
current_stateful,2011_09_26/2011_09_26_drive_0011_sync,4,baseline,4,4,0000000004.png,3,0.847947727460402,0.7727086505663748,0.0,gaussian_noise
current_stateful,2011_09_26/2011_09_26_drive_0011_sync,4,baseline,4,4,0000000004.png,4,1.5936503023673803,1.3720304749150425,0.0,gaussian_noise
current_stateful,2011_09_26/2011_09_26_drive_0011_sync,4,baseline,4,4,0000000004.png,5,0.7966982818714698,0.6494968233345729,0.0,gaussian_noise
current_stateful,2011_09_26/2011_09_26_drive_0011_sync,5,baseline,5,5,0000000005.png,1,0.9430571961449792,0.48126840503851787,0.0,gaussian_noise
current_stateful,2011_09_26/2011_09_26_drive_0011_sync,5,baseline,5,5,0000000005.png,2,0.5653516622832885,0.3605547037268586,0.0,gaussian_noise
current_stateful,2011_09_26/2011_09_26_drive_0011_sync,5,baseline,5,5,0000000005.png,3,0.7375424609752972,0.7461883063339965,0.0,gaussian_noise
current_stateful,2011_09_26/2011_09_26_drive_0011_sync,5,baseline,5,5,0000000005.png,4,1.378396005760572,1.3545236239942378,0.0,gaussian_noise
current_stateful,2011_09_26/2011_09_26_drive_0011_sync,5,baseline,5,5,0000000005.png,5,0.718390921447499,0.6549800146760233,0.0,gaussian_noise
current_stateful,2011_09_26/2011_09_26_drive_0011_sync,6,baseline,6,6,0000000006.png,1,0.8388578168423073,0.49497185201720606,0.0,gaussian_noise
current_stateful,2011_09_26/2011_09_26_drive_0011_sync,6,baseline,6,6,0000000006.png,2,0.5691817743123949,0.38662713293148876,0.0,gaussian_noise
current_stateful,2011_09_26/2011_09_26_drive_0011_sync,6,baseline,6,6,0000000006.png,3,0.6576485647312178,0.7052667118384478,0.0,gaussian_noise
current_stateful,2011_09_26/2011_09_26_drive_0011_sync,6,baseline,6,6,0000000006.png,4,1.2039908116958296,1.2991026202613067,0.0,gaussian_noise
current_stateful,2011_09_26/2011_09_26_drive_0011_sync,6,baseline,6,6,0000000006.png,5,0.6567811938866205,0.6427066317649963,0.0,gaussian_noise
current_stateful,2011_09_26/2011_09_26_drive_0011_sync,7,baseline,7,7,0000000007.png,1,0.7870520429025453,0.49048753861445726,0.0,gaussian_noise
current_stateful,2011_09_26/2011_09_26_drive_0011_sync,7,baseline,7,7,0000000007.png,2,0.5706866611297183,0.408611874782563,0.0,gaussian_noise
current_stateful,2011_09_26/2011_09_26_drive_0011_sync,7,baseline,7,7,0000000007.png,3,0.6034776561139182,0.6587570230138843,0.0,gaussian_noise
current_stateful,2011_09_26/2011_09_26_drive_0011_sync,7,baseline,7,7,0000000007.png,4,1.0686766892926978,1.2223842620013412,0.0,gaussian_noise
current_stateful,2011_09_26/2011_09_26_drive_0011_sync,7,baseline,7,7,0000000007.png,5,0.6097610423639901,0.620162471968312,0.0,gaussian_noise
current_stateful,2011_09_26/2011_09_26_drive_0011_sync,8,baseline,8,8,0000000008.png,1,0.7637912925817557,0.47465611679515324,0.0,gaussian_noise
current_stateful,2011_09_26/2011_09_26_drive_0011_sync,8,baseline,8,8,0000000008.png,2,0.5672342719114338,0.42667434689535544,0.0,gaussian_noise
current_stateful,2011_09_26/2011_09_26_drive_0011_sync,8,baseline,8,8,0000000008.png,3,0.5700611760178149,0.6129773838931648,0.0,gaussian_noise
current_stateful,2011_09_26/2011_09_26_drive_0011_sync,8,baseline,8,8,0000000008.png,4,0.9678547758527414,1.1366551893623393,0.0,gaussian_noise
current_stateful,2011_09_26/2011_09_26_drive_0011_sync,8,baseline,8,8,0000000008.png,5,0.5727921446376896,0.5926302616936658,0.0,gaussian_noise
current_stateful,2011_09_26/2011_09_26_drive_0011_sync,9,baseline,9,9,0000000009.png,1,0.7488989490343284,0.451273418661347,0.0,gaussian_noise
current_stateful,2011_09_26/2011_09_26_drive_0011_sync,9,baseline,9,9,0000000009.png,2,0.5617564625252884,0.440810303154213,0.0,gaussian_noise
current_stateful,2011_09_26/2011_09_26_drive_0011_sync,9,baseline,9,9,0000000009.png,3,0.548520523523142,0.5714457460979299,0.0,gaussian_noise
current_stateful,2011_09_26/2011_09_26_drive_0011_sync,9,baseline,9,9,0000000009.png,4,0.8950472691275809,1.0506191160172464,0.0,gaussian_noise
current_stateful,2011_09_26/2011_09_26_drive_0011_sync,9,baseline,9,9,0000000009.png,5,0.5435007884508936,0.563746897634605,0.0,gaussian_noise
current_stateful,2011_09_26/2011_09_26_drive_0011_sync,10,baseline,10,10,0000000010.png,1,0.7725571452442455,0.4201502657238179,0.0,gaussian_noise
current_stateful,2011_09_26/2011_09_26_drive_0011_sync,10,baseline,10,10,0000000010.png,2,0.5576793212678278,0.45164877523058883,0.0,gaussian_noise
current_stateful,2011_09_26/2011_09_26_drive_0011_sync,10,baseline,10,10,0000000010.png,3,0.530839541446361,0.5353873746321296,0.0,gaussian_noise
current_stateful,2011_09_26/2011_09_26_drive_0011_sync,10,baseline,10,10,0000000010.png,4,0.844325411332684,0.9703171365693777,0.0,gaussian_noise
current_stateful,2011_09_26/2011_09_26_drive_0011_sync,10,baseline,10,10,0000000010.png,5,0.5202400742103307,0.5360867728341022,0.0,gaussian_noise
current_stateful,2011_09_26/2011_09_26_drive_0011_sync,11,baseline,11,11,0000000011.png,1,0.7542432340638697,0.4049505793671254,0.0,gaussian_noise
current_stateful,2011_09_26/2011_09_26_drive_0011_sync,11,baseline,11,11,0000000011.png,2,0.556641954037222,0.46022590799978347,0.0,gaussian_noise
current_stateful,2011_09_26/2011_09_26_drive_0011_sync,11,baseline,11,11,0000000011.png,3,0.5121321152917806,0.5041779763647571,0.0,gaussian_noise
current_stateful,2011_09_26/2011_09_26_drive_0011_sync,11,baseline,11,11,0000000011.png,4,0.8065007080052802,0.8988026751116482,0.0,gaussian_noise
current_stateful,2011_09_26/2011_09_26_drive_0011_sync,11,baseline,11,11,0000000011.png,5,0.5007834988220913,0.5109943905091728,0.0,gaussian_noise
current_stateful,2011_09_26/2011_09_26_drive_0011_sync,12,baseline,12,12,0000000012.png,1,0.725732909103041,0.3955011327409163,0.0,gaussian_noise
current_stateful,2011_09_26/2011_09_26_drive_0011_sync,12,baseline,12,12,0000000012.png,2,0.5650076081396872,0.4683452956712974,0.0,gaussian_noise
current_stateful,2011_09_26/2011_09_26_drive_0011_sync,12,baseline,12,12,0000000012.png,3,0.5078820040362189,0.47861071692066137,0.0,gaussian_noise
current_stateful,2011_09_26/2011_09_26_drive_0011_sync,12,baseline,12,12,0000000012.png,4,0.7802311512069375,0.8374885858206396,0.0,gaussian_noise
current_stateful,2011_09_26/2011_09_26_drive_0011_sync,12,baseline,12,12,0000000012.png,5,0.48403319998612543,0.4888854825807972,0.0,gaussian_noise
current_stateful,2011_09_26/2011_09_26_drive_0011_sync,13,baseline,13,13,0000000013.png,1,0.711798499346534,0.3875350152581728,0.0,gaussian_noise
current_stateful,2011_09_26/2011_09_26_drive_0011_sync,13,baseline,13,13,0000000013.png,2,0.5670894750347748,0.4756638208665266,0.0,gaussian_noise
current_stateful,2011_09_26/2011_09_26_drive_0011_sync,13,baseline,13,13,0000000013.png,3,0.5137088224157484,0.45992078081985494,0.0,gaussian_noise
current_stateful,2011_09_26/2011_09_26_drive_0011_sync,13,baseline,13,13,0000000013.png,4,0.765414489085778,0.7871685256987063,0.0,gaussian_noise
current_stateful,2011_09_26/2011_09_26_drive_0011_sync,13,baseline,13,13,0000000013.png,5,0.46963126147785694,0.4699934773493427,0.0,gaussian_noise
current_stateful,2011_09_26/2011_09_26_drive_0011_sync,14,baseline,14,14,0000000014.png,1,0.6909887927599997,0.3799074945107714,0.0,gaussian_noise
current_stateful,2011_09_26/2011_09_26_drive_0011_sync,14,baseline,14,14,0000000014.png,2,0.5652734906896508,0.48173370832590834,0.0,gaussian_noise
current_stateful,2011_09_26/2011_09_26_drive_0011_sync,14,baseline,14,14,0000000014.png,3,0.5183544345820444,0.44800435097398983,0.0,gaussian_noise
current_stateful,2011_09_26/2011_09_26_drive_0011_sync,14,baseline,14,14,0000000014.png,4,0.7568957279539593,0.747568727074283,0.0,gaussian_noise
current_stateful,2011_09_26/2011_09_26_drive_0011_sync,14,baseline,14,14,0000000014.png,5,0.45691112438427345,0.45399189176631105,0.0,gaussian_noise
current_stateful,2011_09_26/2011_09_26_drive_0011_sync,15,baseline,15,15,0000000015.png,1,0.678321996345838,0.3681048701690285,0.0,gaussian_noise
current_stateful,2011_09_26/2011_09_26_drive_0011_sync,15,baseline,15,15,0000000015.png,2,0.5653053853857809,0.48687874574864703,0.0,gaussian_noise
current_stateful,2011_09_26/2011_09_26_drive_0011_sync,15,baseline,15,15,0000000015.png,3,0.5225651219192973,0.4414140605267598,0.0,gaussian_noise
current_stateful,2011_09_26/2011_09_26_drive_0011_sync,15,baseline,15,15,0000000015.png,4,0.7532368456116567,0.7178501417683284,0.0,gaussian_noise
current_stateful,2011_09_26/2011_09_26_drive_0011_sync,15,baseline,15,15,0000000015.png,5,0.4451856415010656,0.4401834192715821,0.0,gaussian_noise
current_stateful,2011_09_26/2011_09_26_drive_0011_sync,16,baseline,16,16,0000000016.png,1,0.6721090450293861,0.3621822634916668,0.0,gaussian_noise
current_stateful,2011_09_26/2011_09_26_drive_0011_sync,16,baseline,16,16,0000000016.png,2,0.562114628614657,0.49060916770480234,0.0,gaussian_noise
current_stateful,2011_09_26/2011_09_26_drive_0011_sync,16,baseline,16,16,0000000016.png,3,0.5303847185167185,0.43919611376366974,0.0,gaussian_noise
current_stateful,2011_09_26/2011_09_26_drive_0011_sync,16,baseline,16,16,0000000016.png,4,0.7543299303435902,0.6968475645200615,0.0,gaussian_noise
current_stateful,2011_09_26/2011_09_26_drive_0011_sync,16,baseline,16,16,0000000016.png,5,0.43599879040534517,0.42828391761537876,0.0,gaussian_noise
current_stateful,2011_09_26/2011_09_26_drive_0011_sync,17,baseline,17,17,0000000017.png,1,0.6652290404227774,0.35601320046619056,0.0,gaussian_noise
current_stateful,2011_09_26/2011_09_26_drive_0011_sync,17,baseline,17,17,0000000017.png,2,0.5586438952205188,0.4930930124125887,0.0,gaussian_noise
current_stateful,2011_09_26/2011_09_26_drive_0011_sync,17,baseline,17,17,0000000017.png,3,0.5371415517570259,0.44010808008886443,0.0,gaussian_noise
current_stateful,2011_09_26/2011_09_26_drive_0011_sync,17,baseline,17,17,0000000017.png,4,0.7582028581135949,0.683361916819796,0.0,gaussian_noise
current_stateful,2011_09_26/2011_09_26_drive_0011_sync,17,baseline,17,17,0000000017.png,5,0.43041923764185,0.41848426133755295,0.0,gaussian_noise
current_stateful,2011_09_26/2011_09_26_drive_0011_sync,18,baseline,18,18,0000000018.png,1,0.6540096387828004,0.3473366573021762,0.0,gaussian_noise
current_stateful,2011_09_26/2011_09_26_drive_0011_sync,18,baseline,18,18,0000000018.png,2,0.5571098863305545,0.4946187403290856,0.0,gaussian_noise
current_stateful,2011_09_26/2011_09_26_drive_0011_sync,18,baseline,18,18,0000000018.png,3,0.5439062423894525,0.4431179949796675,0.0,gaussian_noise
current_stateful,2011_09_26/2011_09_26_drive_0011_sync,18,baseline,18,18,0000000018.png,4,0.762785330066847,0.6756833800736436,0.0,gaussian_noise
current_stateful,2011_09_26/2011_09_26_drive_0011_sync,18,baseline,18,18,0000000018.png,5,0.4284727470281917,0.4110845598007166,0.0,gaussian_noise
current_stateful,2011_09_26/2011_09_26_drive_0011_sync,19,baseline,19,19,0000000019.png,1,0.6388787231997094,0.3324263026677646,0.0,gaussian_noise
current_stateful,2011_09_26/2011_09_26_drive_0011_sync,19,baseline,19,19,0000000019.png,2,0.5541550809180156,0.495416810708905,0.0,gaussian_noise
current_stateful,2011_09_26/2011_09_26_drive_0011_sync,19,baseline,19,19,0000000019.png,3,0.5444846627703841,0.44666528679907197,0.0,gaussian_noise
current_stateful,2011_09_26/2011_09_26_drive_0011_sync,19,baseline,19,19,0000000019.png,4,0.7650295397133107,0.6716806203347344,0.0,gaussian_noise
current_stateful,2011_09_26/2011_09_26_drive_0011_sync,19,baseline,19,19,0000000019.png,5,0.42784369655186977,0.4056068216108114,0.0,gaussian_noise
current_stateful,2011_09_26/2011_09_26_drive_0011_sync,20,baseline,20,20,0000000020.png,1,0.5947253927553531,0.31897238961695745,0.0,gaussian_noise
current_stateful,2011_09_26/2011_09_26_drive_0011_sync,20,baseline,20,20,0000000020.png,2,0.5464038435025956,0.4948681078479047,0.0,gaussian_noise
current_stateful,2011_09_26/2011_09_26_drive_0011_sync,20,baseline,20,20,0000000020.png,3,0.5408005719049832,0.4492359447318785,0.0,gaussian_noise
current_stateful,2011_09_26/2011_09_26_drive_0011_sync,20,baseline,20,20,0000000020.png,4,0.7634321559685556,0.6692212051484046,0.0,gaussian_noise
current_stateful,2011_09_26/2011_09_26_drive_0011_sync,20,baseline,20,20,0000000020.png,5,0.42672942479939674,0.4014015845990285,0.0,gaussian_noise
current_stateful,2011_09_26/2011_09_26_drive_0011_sync,21,baseline,21,21,0000000021.png,1,0.584018859420477,0.31117186128373064,0.0,gaussian_noise
current_stateful,2011_09_26/2011_09_26_drive_0011_sync,21,baseline,21,21,0000000021.png,2,0.5407599208030477,0.4932204152449008,0.0,gaussian_noise
current_stateful,2011_09_26/2011_09_26_drive_0011_sync,21,baseline,21,21,0000000021.png,3,0.5428080691540117,0.4512734809886247,0.0,gaussian_noise
current_stateful,2011_09_26/2011_09_26_drive_0011_sync,21,baseline,21,21,0000000021.png,4,0.7630106109254525,0.6675819991335641,0.0,gaussian_noise
current_stateful,2011_09_26/2011_09_26_drive_0011_sync,21,baseline,21,21,0000000021.png,5,0.4269428955934104,0.39846614574120354,0.0,gaussian_noise
current_stateful,2011_09_26/2011_09_26_drive_0011_sync,22,baseline,22,22,0000000022.png,1,0.5872938544670706,0.30291075809338347,0.0,gaussian_noise
current_stateful,2011_09_26/2011_09_26_drive_0011_sync,22,baseline,22,22,0000000022.png,2,0.5307539257469215,0.4905349609665157,0.0,gaussian_noise
current_stateful,2011_09_26/2011_09_26_drive_0011_sync,22,baseline,22,22,0000000022.png,3,0.544559739612024,0.4536603408668186,0.0,gaussian_noise
current_stateful,2011_09_26/2011_09_26_drive_0011_sync,22,baseline,22,22,0000000022.png,4,0.7654401550543546,0.6671634140095726,0.0,gaussian_noise
current_stateful,2011_09_26/2011_09_26_drive_0011_sync,22,baseline,22,22,0000000022.png,5,0.4277880753557556,0.396806814210984,0.0,gaussian_noise
current_stateful,2011_09_26/2011_09_26_drive_0011_sync,23,baseline,23,23,0000000023.png,1,0.5770878806799861,0.2985412835682194,0.0,gaussian_noise
current_stateful,2011_09_26/2011_09_26_drive_0011_sync,23,baseline,23,23,0000000023.png,2,0.525812412305467,0.48715212240957545,0.0,gaussian_noise
current_stateful,2011_09_26/2011_09_26_drive_0011_sync,23,baseline,23,23,0000000023.png,3,0.5513631842882668,0.4569704338868173,0.0,gaussian_noise
current_stateful,2011_09_26/2011_09_26_drive_0011_sync,23,baseline,23,23,0000000023.png,4,0.7731813417213506,0.6684689319242539,0.0,gaussian_noise
current_stateful,2011_09_26/2011_09_26_drive_0011_sync,23,baseline,23,23,0000000023.png,5,0.42856642055473604,0.3960842582370112,0.0,gaussian_noise
current_stateful,2011_09_26/2011_09_26_drive_0011_sync,24,baseline,24,24,0000000024.png,1,0.5808244509694506,0.29343790504013584,0.0,gaussian_noise
current_stateful,2011_09_26/2011_09_26_drive_0011_sync,24,baseline,24,24,0000000024.png,2,0.5175005088014417,0.4828551980165261,0.0,gaussian_noise
current_stateful,2011_09_26/2011_09_26_drive_0011_sync,24,baseline,24,24,0000000024.png,3,0.5583253868477799,0.4610238953829798,0.0,gaussian_noise
current_stateful,2011_09_26/2011_09_26_drive_0011_sync,24,baseline,24,24,0000000024.png,4,0.788316953724364,0.6720940563175544,0.0,gaussian_noise
current_stateful,2011_09_26/2011_09_26_drive_0011_sync,24,baseline,24,24,0000000024.png,5,0.4308838811286611,0.39597717604465305,0.0,gaussian_noise
current_stateful,2011_09_26/2011_09_26_drive_0011_sync,25,baseline,25,25,0000000025.png,1,0.5818872321946459,0.29095447174818584,0.0,gaussian_noise
current_stateful,2011_09_26/2011_09_26_drive_0011_sync,25,baseline,25,25,0000000025.png,2,0.5076240843902662,0.4774911382353988,0.0,gaussian_noise
current_stateful,2011_09_26/2011_09_26_drive_0011_sync,25,baseline,25,25,0000000025.png,3,0.5554595567157977,0.46385068368304544,0.0,gaussian_noise
current_stateful,2011_09_26/2011_09_26_drive_0011_sync,25,baseline,25,25,0000000025.png,4,0.8028750067040048,0.6776917683570765,0.0,gaussian_noise
current_stateful,2011_09_26/2011_09_26_drive_0011_sync,25,baseline,25,25,0000000025.png,5,0.4348328927299434,0.39630599120167864,0.0,gaussian_noise
current_stateful,2011_09_26/2011_09_26_drive_0011_sync,26,baseline,26,26,0000000026.png,1,0.6378645720872194,0.29304706073169406,0.0,gaussian_noise
current_stateful,2011_09_26/2011_09_26_drive_0011_sync,26,baseline,26,26,0000000026.png,2,0.503290344045126,0.4721038282901063,0.0,gaussian_noise
current_stateful,2011_09_26/2011_09_26_drive_0011_sync,26,baseline,26,26,0000000026.png,3,0.5336454607215343,0.46236100713255956,0.0,gaussian_noise
current_stateful,2011_09_26/2011_09_26_drive_0011_sync,26,baseline,26,26,0000000026.png,4,0.8030706076926417,0.6829903851955864,0.0,gaussian_noise
current_stateful,2011_09_26/2011_09_26_drive_0011_sync,26,baseline,26,26,0000000026.png,5,0.43754412418955263,0.3968379231729271,0.0,gaussian_noise
current_stateful,2011_09_26/2011_09_26_drive_0011_sync,27,baseline,27,27,0000000027.png,1,0.6058200997756121,0.30436788815973714,0.0,gaussian_noise
current_stateful,2011_09_26/2011_09_26_drive_0011_sync,27,baseline,27,27,0000000027.png,2,0.5087597455116908,0.46815948773107763,0.0,gaussian_noise
current_stateful,2011_09_26/2011_09_26_drive_0011_sync,27,baseline,27,27,0000000027.png,3,0.527563928625014,0.4587169861138148,0.0,gaussian_noise
current_stateful,2011_09_26/2011_09_26_drive_0011_sync,27,baseline,27,27,0000000027.png,4,0.7991526029069179,0.6866633468290083,0.0,gaussian_noise
current_stateful,2011_09_26/2011_09_26_drive_0011_sync,27,baseline,27,27,0000000027.png,5,0.4388112742276517,0.3973942606427348,0.0,gaussian_noise
current_stateful,2011_09_26/2011_09_26_drive_0011_sync,28,baseline,28,28,0000000028.png,1,0.5735717628618191,0.30594960502414664,0.0,gaussian_noise
current_stateful,2011_09_26/2011_09_26_drive_0011_sync,28,baseline,28,28,0000000028.png,2,0.5040689047925472,0.4651433612116809,0.0,gaussian_noise
current_stateful,2011_09_26/2011_09_26_drive_0011_sync,28,baseline,28,28,0000000028.png,3,0.5268766085083534,0.45594799352276333,0.0,gaussian_noise
current_stateful,2011_09_26/2011_09_26_drive_0011_sync,28,baseline,28,28,0000000028.png,4,0.8012796108870762,0.6899077209699992,0.0,gaussian_noise
current_stateful,2011_09_26/2011_09_26_drive_0011_sync,28,baseline,28,28,0000000028.png,5,0.44073625975303565,0.39814119432268397,0.0,gaussian_noise
current_stateful,2011_09_26/2011_09_26_drive_0011_sync,29,baseline,29,29,0000000029.png,1,0.5858111480743797,0.30132912620759883,0.0,gaussian_noise
current_stateful,2011_09_26/2011_09_26_drive_0011_sync,29,baseline,29,29,0000000029.png,2,0.5001092377923018,0.46236861608200186,0.0,gaussian_noise
current_stateful,2011_09_26/2011_09_26_drive_0011_sync,29,baseline,29,29,0000000029.png,3,0.5184410069983398,0.45321253120157257,0.0,gaussian_noise
current_stateful,2011_09_26/2011_09_26_drive_0011_sync,29,baseline,29,29,0000000029.png,4,0.8006548672712669,0.6927836814910758,0.0,gaussian_noise
current_stateful,2011_09_26/2011_09_26_drive_0011_sync,29,baseline,29,29,0000000029.png,5,0.44262077510621256,0.3991993056963061,0.0,gaussian_noise
current_stateful,2011_09_26/2011_09_26_drive_0011_sync,30,baseline,30,30,0000000030.png,1,0.5776953513589294,0.30270117499313165,0.0,gaussian_noise
current_stateful,2011_09_26/2011_09_26_drive_0011_sync,30,baseline,30,30,0000000030.png,2,0.4963732791473142,0.4591432189082613,0.0,gaussian_noise
current_stateful,2011_09_26/2011_09_26_drive_0011_sync,30,baseline,30,30,0000000030.png,3,0.5159569673016723,0.450252199703627,0.0,gaussian_noise
current_stateful,2011_09_26/2011_09_26_drive_0011_sync,30,baseline,30,30,0000000030.png,4,0.798299209720677,0.694657302811783,0.0,gaussian_noise
current_stateful,2011_09_26/2011_09_26_drive_0011_sync,30,baseline,30,30,0000000030.png,5,0.44511688777678576,0.40067187063827936,0.0,gaussian_noise
current_stateful,2011_09_26/2011_09_26_drive_0011_sync,31,baseline,31,31,0000000031.png,1,0.5584891637351183,0.3075683962904693,0.0,gaussian_noise
current_stateful,2011_09_26/2011_09_26_drive_0011_sync,31,baseline,31,31,0000000031.png,2,0.48919568012744635,0.45513722135447565,0.0,gaussian_noise
current_stateful,2011_09_26/2011_09_26_drive_0011_sync,31,baseline,31,31,0000000031.png,3,0.524400062847151,0.44837855559629175,0.0,gaussian_noise
current_stateful,2011_09_26/2011_09_26_drive_0011_sync,31,baseline,31,31,0000000031.png,4,0.8029629640488054,0.6964822309099808,0.0,gaussian_noise
current_stateful,2011_09_26/2011_09_26_drive_0011_sync,31,baseline,31,31,0000000031.png,5,0.4489972789477033,0.4026915388181866,0.0,gaussian_noise
current_stateful,2011_09_26/2011_09_26_drive_0011_sync,32,baseline,32,32,0000000032.png,1,0.5697684340229994,0.31380146480905274,0.0,gaussian_noise
current_stateful,2011_09_26/2011_09_26_drive_0011_sync,32,baseline,32,32,0000000032.png,2,0.4799835479671214,0.45011735829953387,0.0,gaussian_noise
current_stateful,2011_09_26/2011_09_26_drive_0011_sync,32,baseline,32,32,0000000032.png,3,0.5376622715439353,0.44863009800434084,0.0,gaussian_noise
current_stateful,2011_09_26/2011_09_26_drive_0011_sync,32,baseline,32,32,0000000032.png,4,0.8142324886620482,0.6991682792530158,0.0,gaussian_noise
current_stateful,2011_09_26/2011_09_26_drive_0011_sync,32,baseline,32,32,0000000032.png,5,0.45411930746389184,0.40538959032630884,0.0,gaussian_noise
current_stateful,2011_09_26/2011_09_26_drive_0011_sync,33,baseline,33,33,0000000033.png,1,0.595593685463554,0.32025930655529744,0.0,gaussian_noise
current_stateful,2011_09_26/2011_09_26_drive_0011_sync,33,baseline,33,33,0000000033.png,2,0.4695239467816543,0.4444133102081722,0.0,gaussian_noise
current_stateful,2011_09_26/2011_09_26_drive_0011_sync,33,baseline,33,33,0000000033.png,3,0.5495001084822294,0.45141609920086395,0.0,gaussian_noise
current_stateful,2011_09_26/2011_09_26_drive_0011_sync,33,baseline,33,33,0000000033.png,4,0.8312859502759573,0.7040143273963358,0.0,gaussian_noise
current_stateful,2011_09_26/2011_09_26_drive_0011_sync,33,baseline,33,33,0000000033.png,5,0.45975359859809606,0.4086532671105045,0.0,gaussian_noise
current_stateful,2011_09_26/2011_09_26_drive_0011_sync,34,baseline,34,34,0000000034.png,1,0.6113096584966778,0.3279982821662303,0.0,gaussian_noise
current_stateful,2011_09_26/2011_09_26_drive_0011_sync,34,baseline,34,34,0000000034.png,2,0.4620183068108224,0.43825303156361534,0.0,gaussian_noise
current_stateful,2011_09_26/2011_09_26_drive_0011_sync,34,baseline,34,34,0000000034.png,3,0.5516170934239306,0.45485169520342117,0.0,gaussian_noise
current_stateful,2011_09_26/2011_09_26_drive_0011_sync,34,baseline,34,34,0000000034.png,4,0.8479837125892484,0.7110498867885732,0.0,gaussian_noise
current_stateful,2011_09_26/2011_09_26_drive_0011_sync,34,baseline,34,34,0000000034.png,5,0.4655056591957377,0.41225902640060513,0.0,gaussian_noise
current_stateful,2011_09_26/2011_09_26_drive_0011_sync,35,baseline,35,35,0000000035.png,1,0.6107679585280521,0.33640531697185183,0.0,gaussian_noise
current_stateful,2011_09_26/2011_09_26_drive_0011_sync,35,baseline,35,35,0000000035.png,2,0.45596065867206254,0.432017090460185,0.0,gaussian_noise
current_stateful,2011_09_26/2011_09_26_drive_0011_sync,35,baseline,35,35,0000000035.png,3,0.5517248109922895,0.45791241463252974,0.0,gaussian_noise
current_stateful,2011_09_26/2011_09_26_drive_0011_sync,35,baseline,35,35,0000000035.png,4,0.8617173166628989,0.7197154552036533,0.0,gaussian_noise
current_stateful,2011_09_26/2011_09_26_drive_0011_sync,35,baseline,35,35,0000000035.png,5,0.47205345015774375,0.4162033496007102,0.0,gaussian_noise
current_stateful,2011_09_26/2011_09_26_drive_0011_sync,36,baseline,36,36,0000000036.png,1,0.6226805146589217,0.34078850608757294,0.0,gaussian_noise
current_stateful,2011_09_26/2011_09_26_drive_0011_sync,36,baseline,36,36,0000000036.png,2,0.4486732368699467,0.4258459329784129,0.0,gaussian_noise
current_stateful,2011_09_26/2011_09_26_drive_0011_sync,36,baseline,36,36,0000000036.png,3,0.5434104376810763,0.4591181721442462,0.0,gaussian_noise
current_stateful,2011_09_26/2011_09_26_drive_0011_sync,36,baseline,36,36,0000000036.png,4,0.867696695483874,0.7284447144593924,0.0,gaussian_noise
current_stateful,2011_09_26/2011_09_26_drive_0011_sync,36,baseline,36,36,0000000036.png,5,0.4792927968675211,0.42069168410180313,0.0,gaussian_noise
current_stateful,2011_09_26/2011_09_26_drive_0011_sync,37,baseline,37,37,0000000037.png,1,0.6297804100036904,0.3419397353366796,0.0,gaussian_noise
current_stateful,2011_09_26/2011_09_26_drive_0011_sync,37,baseline,37,37,0000000037.png,2,0.446155626157824,0.42005797851321813,0.0,gaussian_noise
current_stateful,2011_09_26/2011_09_26_drive_0011_sync,37,baseline,37,37,0000000037.png,3,0.5355413458836683,0.4579691044759227,0.0,gaussian_noise
current_stateful,2011_09_26/2011_09_26_drive_0011_sync,37,baseline,37,37,0000000037.png,4,0.8665929614191668,0.7353746709468097,0.0,gaussian_noise
current_stateful,2011_09_26/2011_09_26_drive_0011_sync,37,baseline,37,37,0000000037.png,5,0.48646456410415123,0.42567159995305803,0.0,gaussian_noise
current_stateful,2011_09_26/2011_09_26_drive_0011_sync,38,baseline,38,38,0000000038.png,1,0.6072570901423027,0.3412219054190978,0.0,gaussian_noise
current_stateful,2011_09_26/2011_09_26_drive_0011_sync,38,baseline,38,38,0000000038.png,2,0.4408869723308181,0.4143991404262271,0.0,gaussian_noise
current_stateful,2011_09_26/2011_09_26_drive_0011_sync,38,baseline,38,38,0000000038.png,3,0.527878896704704,0.45492708910940316,0.0,gaussian_noise
current_stateful,2011_09_26/2011_09_26_drive_0011_sync,38,baseline,38,38,0000000038.png,4,0.8620524363157909,0.7398344885103767,0.0,gaussian_noise
current_stateful,2011_09_26/2011_09_26_drive_0011_sync,38,baseline,38,38,0000000038.png,5,0.4926187296497795,0.43078495211987855,0.0,gaussian_noise
current_stateful,2011_09_26/2011_09_26_drive_0011_sync,39,baseline,39,39,0000000039.png,1,0.551555346830514,0.3381117534650597,0.0,gaussian_noise
current_stateful,2011_09_26/2011_09_26_drive_0011_sync,39,baseline,39,39,0000000039.png,2,0.4370569231167865,0.40891130824297717,0.0,gaussian_noise
current_stateful,2011_09_26/2011_09_26_drive_0011_sync,39,baseline,39,39,0000000039.png,3,0.5219731193920747,0.45061269013214017,0.0,gaussian_noise
current_stateful,2011_09_26/2011_09_26_drive_0011_sync,39,baseline,39,39,0000000039.png,4,0.8546295485549145,0.7413634572494737,0.0,gaussian_noise
current_stateful,2011_09_26/2011_09_26_drive_0011_sync,39,baseline,39,39,0000000039.png,5,0.49824980809374864,0.43584478244653624,0.0,gaussian_noise
current_stateful,2011_09_26/2011_09_26_drive_0011_sync,40,disturbance,0,40,0000000040.png,1,0.595905813664682,0.3338427018099847,0.23193303831394294,gaussian_noise
current_stateful,2011_09_26/2011_09_26_drive_0011_sync,40,disturbance,0,40,0000000040.png,2,0.4756020971760856,0.40947754362007244,0.2124505792347721,gaussian_noise
current_stateful,2011_09_26/2011_09_26_drive_0011_sync,40,disturbance,0,40,0000000040.png,3,0.5235683229257335,0.4428536550031688,0.11777625049829821,gaussian_noise
current_stateful,2011_09_26/2011_09_26_drive_0011_sync,40,disturbance,0,40,0000000040.png,4,0.8216806989083519,0.7342681694199814,0.06515108585578579,gaussian_noise
current_stateful,2011_09_26/2011_09_26_drive_0011_sync,40,disturbance,0,40,0000000040.png,5,0.49503546926925845,0.43883478724616765,0.033277564799176804,gaussian_noise
current_stateful,2011_09_26/2011_09_26_drive_0011_sync,41,disturbance,1,41,0000000041.png,1,0.5880200024399523,0.3290143871614478,0.31386009481794686,gaussian_noise
current_stateful,2011_09_26/2011_09_26_drive_0011_sync,41,disturbance,1,41,0000000041.png,2,0.4998836310353233,0.41435065576100544,0.34490313867349104,gaussian_noise
current_stateful,2011_09_26/2011_09_26_drive_0011_sync,41,disturbance,1,41,0000000041.png,3,0.5478087847801946,0.43798235527041574,0.2253994957046393,gaussian_noise
current_stateful,2011_09_26/2011_09_26_drive_0011_sync,41,disturbance,1,41,0000000041.png,4,0.7981010585841245,0.7211513824973069,0.15558707740485114,gaussian_noise
current_stateful,2011_09_26/2011_09_26_drive_0011_sync,41,disturbance,1,41,0000000041.png,5,0.48583011213922356,0.4383332151648491,0.0965865587375265,gaussian_noise
current_stateful,2011_09_26/2011_09_26_drive_0011_sync,42,disturbance,2,42,0000000042.png,1,0.5853551335251308,0.3269473580856335,0.366769718089187,gaussian_noise
current_stateful,2011_09_26/2011_09_26_drive_0011_sync,42,disturbance,2,42,0000000042.png,2,0.5170286949049576,0.4220366451594852,0.4349577419234383,gaussian_noise
current_stateful,2011_09_26/2011_09_26_drive_0011_sync,42,disturbance,2,42,0000000042.png,3,0.5683067468391917,0.43857924723872527,0.3149120235154917,gaussian_noise
current_stateful,2011_09_26/2011_09_26_drive_0011_sync,42,disturbance,2,42,0000000042.png,4,0.7878132084249361,0.7065107259373629,0.2483936144398308,gaussian_noise
current_stateful,2011_09_26/2011_09_26_drive_0011_sync,42,disturbance,2,42,0000000042.png,5,0.4750686738745762,0.43442967392475695,0.1770616369035236,gaussian_noise
current_stateful,2011_09_26/2011_09_26_drive_0011_sync,43,disturbance,3,43,0000000043.png,1,0.5920849145612586,0.3274101742770688,0.40234201998685,gaussian_noise
current_stateful,2011_09_26/2011_09_26_drive_0011_sync,43,disturbance,3,43,0000000043.png,2,0.5310441032432994,0.431392173874204,0.4974404154389462,gaussian_noise
current_stateful,2011_09_26/2011_09_26_drive_0011_sync,43,disturbance,3,43,0000000043.png,3,0.5828362634061428,0.44401127944019175,0.38618264514287204,gaussian_noise
current_stateful,2011_09_26/2011_09_26_drive_0011_sync,43,disturbance,3,43,0000000043.png,4,0.7850420050371442,0.693663854867558,0.3325060870755789,gaussian_noise
current_stateful,2011_09_26/2011_09_26_drive_0011_sync,43,disturbance,3,43,0000000043.png,5,0.4638386525725733,0.4279890654906469,0.2658693460270874,gaussian_noise
current_stateful,2011_09_26/2011_09_26_drive_0011_sync,44,disturbance,4,44,0000000044.png,1,0.589042651331299,0.32855001768052944,0.4292899788439228,gaussian_noise
current_stateful,2011_09_26/2011_09_26_drive_0011_sync,44,disturbance,4,44,0000000044.png,2,0.5420060060807813,0.4415339328357911,0.5413897961687204,gaussian_noise
current_stateful,2011_09_26/2011_09_26_drive_0011_sync,44,disturbance,4,44,0000000044.png,3,0.5897633546421422,0.45187723269445706,0.44044146984677773,gaussian_noise
current_stateful,2011_09_26/2011_09_26_drive_0011_sync,44,disturbance,4,44,0000000044.png,4,0.7844183066638136,0.6841017531988061,0.4011043915400693,gaussian_noise
current_stateful,2011_09_26/2011_09_26_drive_0011_sync,44,disturbance,4,44,0000000044.png,5,0.45476901219150545,0.42055057652560435,0.3503042725155195,gaussian_noise
current_stateful,2011_09_26/2011_09_26_drive_0011_sync,45,disturbance,5,45,0000000045.png,1,0.5928423907008147,0.32730284040344176,0.4500305968192743,gaussian_noise
current_stateful,2011_09_26/2011_09_26_drive_0011_sync,45,disturbance,5,45,0000000045.png,2,0.5499002487132081,0.4516662004367186,0.574333519513596,gaussian_noise
current_stateful,2011_09_26/2011_09_26_drive_0011_sync,45,disturbance,5,45,0000000045.png,3,0.5931320786941127,0.46063813783385377,0.4812223683443559,gaussian_noise
current_stateful,2011_09_26/2011_09_26_drive_0011_sync,45,disturbance,5,45,0000000045.png,4,0.7833554717003692,0.6778913417526999,0.45392507115206804,gaussian_noise
current_stateful,2011_09_26/2011_09_26_drive_0011_sync,45,disturbance,5,45,0000000045.png,5,0.44812389494136456,0.41345710898176785,0.4223697246668891,gaussian_noise
current_stateful,2011_09_26/2011_09_26_drive_0011_sync,46,disturbance,6,46,0000000046.png,1,0.60540346787966,0.32636768069089234,0.46776996984822444,gaussian_noise
current_stateful,2011_09_26/2011_09_26_drive_0011_sync,46,disturbance,6,46,0000000046.png,2,0.5573744077166528,0.4615617296269192,0.60203298500083,gaussian_noise
current_stateful,2011_09_26/2011_09_26_drive_0011_sync,46,disturbance,6,46,0000000046.png,3,0.5897629746261235,0.4683262744877095,0.5137646882802686,gaussian_noise
current_stateful,2011_09_26/2011_09_26_drive_0011_sync,46,disturbance,6,46,0000000046.png,4,0.7771898845685811,0.6737234578529069,0.4956678265386008,gaussian_noise
current_stateful,2011_09_26/2011_09_26_drive_0011_sync,46,disturbance,6,46,0000000046.png,5,0.4400265106869136,0.4068870991616264,0.4810038265037519,gaussian_noise
current_stateful,2011_09_26/2011_09_26_drive_0011_sync,47,disturbance,7,47,0000000047.png,1,0.6021306757926347,0.3302824421581185,0.4764740704192514,gaussian_noise
current_stateful,2011_09_26/2011_09_26_drive_0011_sync,47,disturbance,7,47,0000000047.png,2,0.5655482656387437,0.4711821785737586,0.6231797589911948,gaussian_noise
current_stateful,2011_09_26/2011_09_26_drive_0011_sync,47,disturbance,7,47,0000000047.png,3,0.5877987948917753,0.474514496104248,0.539469472972855,gaussian_noise
current_stateful,2011_09_26/2011_09_26_drive_0011_sync,47,disturbance,7,47,0000000047.png,4,0.7706288055399144,0.6705774732326975,0.5287051592253414,gaussian_noise
current_stateful,2011_09_26/2011_09_26_drive_0011_sync,47,disturbance,7,47,0000000047.png,5,0.43155407221631326,0.4008215040689659,0.5260859603850893,gaussian_noise
current_stateful,2011_09_26/2011_09_26_drive_0011_sync,48,disturbance,8,48,0000000048.png,1,0.5962184569645428,0.3329521240158675,0.48079159146556166,gaussian_noise
current_stateful,2011_09_26/2011_09_26_drive_0011_sync,48,disturbance,8,48,0000000048.png,2,0.5701390987406648,0.4801268392563122,0.6379217683361502,gaussian_noise
current_stateful,2011_09_26/2011_09_26_drive_0011_sync,48,disturbance,8,48,0000000048.png,3,0.5901898707560195,0.48026155604522286,0.5590907982818193,gaussian_noise
current_stateful,2011_09_26/2011_09_26_drive_0011_sync,48,disturbance,8,48,0000000048.png,4,0.7662496204640884,0.6682961808264635,0.5554144534467813,gaussian_noise
current_stateful,2011_09_26/2011_09_26_drive_0011_sync,48,disturbance,8,48,0000000048.png,5,0.423393994698339,0.395109897040939,0.563479403158208,gaussian_noise
current_stateful,2011_09_26/2011_09_26_drive_0011_sync,49,disturbance,9,49,0000000049.png,1,0.6070249645012955,0.3350186604841972,0.48374255642643493,gaussian_noise
current_stateful,2011_09_26/2011_09_26_drive_0011_sync,49,disturbance,9,49,0000000049.png,2,0.5732894085100977,0.4880782720376063,0.6463960687747671,gaussian_noise
current_stateful,2011_09_26/2011_09_26_drive_0011_sync,49,disturbance,9,49,0000000049.png,3,0.5940309684558038,0.48590168928641675,0.572327584868591,gaussian_noise
current_stateful,2011_09_26/2011_09_26_drive_0011_sync,49,disturbance,9,49,0000000049.png,4,0.7658448408824751,0.6672955289657211,0.5752458109113947,gaussian_noise
current_stateful,2011_09_26/2011_09_26_drive_0011_sync,49,disturbance,9,49,0000000049.png,5,0.41822122709584264,0.390046852318507,0.5937014289992721,gaussian_noise
current_stateful,2011_09_26/2011_09_26_drive_0011_sync,50,disturbance,10,50,0000000050.png,1,0.6089279323311269,0.3351988381693157,0.4877133983109951,gaussian_noise
current_stateful,2011_09_26/2011_09_26_drive_0011_sync,50,disturbance,10,50,0000000050.png,2,0.5735622099737939,0.4946691470855934,0.6533925580396163,gaussian_noise
current_stateful,2011_09_26/2011_09_26_drive_0011_sync,50,disturbance,10,50,0000000050.png,3,0.5978109496926756,0.49160476545918913,0.5812504817343546,gaussian_noise
current_stateful,2011_09_26/2011_09_26_drive_0011_sync,50,disturbance,10,50,0000000050.png,4,0.7670355889548883,0.6677954665533063,0.5890402048668438,gaussian_noise
current_stateful,2011_09_26/2011_09_26_drive_0011_sync,50,disturbance,10,50,0000000050.png,5,0.4171504758948003,0.38619169274910303,0.6159937449953617,gaussian_noise
current_stateful,2011_09_26/2011_09_26_drive_0011_sync,51,disturbance,11,51,0000000051.png,1,0.6197384023480307,0.3348038620764994,0.4911307296948141,gaussian_noise
current_stateful,2011_09_26/2011_09_26_drive_0011_sync,51,disturbance,11,51,0000000051.png,2,0.5739806779975599,0.5001043603647559,0.6594115764019035,gaussian_noise
current_stateful,2011_09_26/2011_09_26_drive_0011_sync,51,disturbance,11,51,0000000051.png,3,0.5977260474738978,0.49677097263330994,0.5883580625441219,gaussian_noise
current_stateful,2011_09_26/2011_09_26_drive_0011_sync,51,disturbance,11,51,0000000051.png,4,0.7667612007777624,0.6691826148313134,0.5977126969872423,gaussian_noise
current_stateful,2011_09_26/2011_09_26_drive_0011_sync,51,disturbance,11,51,0000000051.png,5,0.4182407237340714,0.3838315681686777,0.6304374530990701,gaussian_noise
current_stateful,2011_09_26/2011_09_26_drive_0011_sync,52,disturbance,12,52,0000000052.png,1,0.6196001142373438,0.33643509325179255,0.49356973221921574,gaussian_noise
current_stateful,2011_09_26/2011_09_26_drive_0011_sync,52,disturbance,12,52,0000000052.png,2,0.5756751571740645,0.5047045749379091,0.6660917720692903,gaussian_noise
current_stateful,2011_09_26/2011_09_26_drive_0011_sync,52,disturbance,12,52,0000000052.png,3,0.5995889860765509,0.5014978753465583,0.5960110115888935,gaussian_noise
current_stateful,2011_09_26/2011_09_26_drive_0011_sync,52,disturbance,12,52,0000000052.png,4,0.766997809021724,0.6711881646081158,0.6034587364405676,gaussian_noise
current_stateful,2011_09_26/2011_09_26_drive_0011_sync,52,disturbance,12,52,0000000052.png,5,0.41987221675809827,0.3827475841507614,0.6365630138693285,gaussian_noise
current_stateful,2011_09_26/2011_09_26_drive_0011_sync,53,disturbance,13,53,0000000053.png,1,0.6247915967951201,0.33910396440648677,0.49331113512279384,gaussian_noise
current_stateful,2011_09_26/2011_09_26_drive_0011_sync,53,disturbance,13,53,0000000053.png,2,0.5765038571914686,0.5086357928042818,0.6693168618978194,gaussian_noise
current_stateful,2011_09_26/2011_09_26_drive_0011_sync,53,disturbance,13,53,0000000053.png,3,0.6023536231054694,0.5059703406644129,0.603074200137579,gaussian_noise
current_stateful,2011_09_26/2011_09_26_drive_0011_sync,53,disturbance,13,53,0000000053.png,4,0.7675519499361007,0.6732847781136437,0.6080559467736796,gaussian_noise
current_stateful,2011_09_26/2011_09_26_drive_0011_sync,53,disturbance,13,53,0000000053.png,5,0.42121639729482424,0.38240004011956735,0.6362550713355136,gaussian_noise
current_stateful,2011_09_26/2011_09_26_drive_0011_sync,54,disturbance,14,54,0000000054.png,1,0.6305309586448947,0.3420484589344411,0.49550367084271213,gaussian_noise
current_stateful,2011_09_26/2011_09_26_drive_0011_sync,54,disturbance,14,54,0000000054.png,2,0.5753385977655132,0.5116353373976648,0.6716502989006418,gaussian_noise
current_stateful,2011_09_26/2011_09_26_drive_0011_sync,54,disturbance,14,54,0000000054.png,3,0.6011682127494539,0.5097092299164799,0.6087861047194241,gaussian_noise
current_stateful,2011_09_26/2011_09_26_drive_0011_sync,54,disturbance,14,54,0000000054.png,4,0.7694010023977488,0.6756955777157229,0.613097799679183,gaussian_noise
current_stateful,2011_09_26/2011_09_26_drive_0011_sync,54,disturbance,14,54,0000000054.png,5,0.42281266265613954,0.38255465108954895,0.635823080641319,gaussian_noise
current_stateful,2011_09_26/2011_09_26_drive_0011_sync,55,disturbance,15,55,0000000055.png,1,0.6248607559060386,0.342163633752941,0.49897733296037905,gaussian_noise
current_stateful,2011_09_26/2011_09_26_drive_0011_sync,55,disturbance,15,55,0000000055.png,2,0.5739216358712409,0.5137374140120614,0.6748332259535569,gaussian_noise
current_stateful,2011_09_26/2011_09_26_drive_0011_sync,55,disturbance,15,55,0000000055.png,3,0.5988611357231876,0.5123815024061877,0.612971011921455,gaussian_noise
current_stateful,2011_09_26/2011_09_26_drive_0011_sync,55,disturbance,15,55,0000000055.png,4,0.7691084884324444,0.6780005145765923,0.6182243890750188,gaussian_noise
current_stateful,2011_09_26/2011_09_26_drive_0011_sync,55,disturbance,15,55,0000000055.png,5,0.42347817307360847,0.3829405393980208,0.6381123664579479,gaussian_noise
current_stateful,2011_09_26/2011_09_26_drive_0011_sync,56,disturbance,16,56,0000000056.png,1,0.6231480128115349,0.3438483061906477,0.502992060773387,gaussian_noise
current_stateful,2011_09_26/2011_09_26_drive_0011_sync,56,disturbance,16,56,0000000056.png,2,0.572027638884044,0.5150160988358503,0.6794160636608421,gaussian_noise
current_stateful,2011_09_26/2011_09_26_drive_0011_sync,56,disturbance,16,56,0000000056.png,3,0.5997133961169928,0.5147157709110525,0.6168753560671782,gaussian_noise
current_stateful,2011_09_26/2011_09_26_drive_0011_sync,56,disturbance,16,56,0000000056.png,4,0.7681526594029235,0.680150477275367,0.6231759953051795,gaussian_noise
current_stateful,2011_09_26/2011_09_26_drive_0011_sync,56,disturbance,16,56,0000000056.png,5,0.42205420444812985,0.3831465592261954,0.6435298220928959,gaussian_noise
current_stateful,2011_09_26/2011_09_26_drive_0011_sync,57,disturbance,17,57,0000000057.png,1,0.6155677649478734,0.34372376566637897,0.505329283289344,gaussian_noise
current_stateful,2011_09_26/2011_09_26_drive_0011_sync,57,disturbance,17,57,0000000057.png,2,0.5705379826988396,0.5156854730541014,0.6823375310228882,gaussian_noise
current_stateful,2011_09_26/2011_09_26_drive_0011_sync,57,disturbance,17,57,0000000057.png,3,0.600290675813247,0.5167109388334892,0.6197457922745085,gaussian_noise
current_stateful,2011_09_26/2011_09_26_drive_0011_sync,57,disturbance,17,57,0000000057.png,4,0.7655963722186424,0.6818484299301568,0.6279506459019388,gaussian_noise
current_stateful,2011_09_26/2011_09_26_drive_0011_sync,57,disturbance,17,57,0000000057.png,5,0.41890833377525866,0.38300460737761544,0.6472243331310641,gaussian_noise
current_stateful,2011_09_26/2011_09_26_drive_0011_sync,58,disturbance,18,58,0000000058.png,1,0.6218136613647177,0.34257128935447484,0.5084748005311679,gaussian_noise
current_stateful,2011_09_26/2011_09_26_drive_0011_sync,58,disturbance,18,58,0000000058.png,2,0.5704800927702762,0.516271430544767,0.6868678577313271,gaussian_noise
current_stateful,2011_09_26/2011_09_26_drive_0011_sync,58,disturbance,18,58,0000000058.png,3,0.5972160392800534,0.5179638143481156,0.6228736103922295,gaussian_noise
current_stateful,2011_09_26/2011_09_26_drive_0011_sync,58,disturbance,18,58,0000000058.png,4,0.7603654603403753,0.6825771833125157,0.6327153829983007,gaussian_noise
current_stateful,2011_09_26/2011_09_26_drive_0011_sync,58,disturbance,18,58,0000000058.png,5,0.41355372899216775,0.38228936884735704,0.6481605285692599,gaussian_noise
current_stateful,2011_09_26/2011_09_26_drive_0011_sync,59,disturbance,19,59,0000000059.png,1,0.622875335613907,0.34354536693741267,0.507631656678821,gaussian_noise
current_stateful,2011_09_26/2011_09_26_drive_0011_sync,59,disturbance,19,59,0000000059.png,2,0.5734254159143941,0.5170339193827981,0.6902477128456294,gaussian_noise
current_stateful,2011_09_26/2011_09_26_drive_0011_sync,59,disturbance,19,59,0000000059.png,3,0.595767157278003,0.5186216602534075,0.6275996302339781,gaussian_noise
current_stateful,2011_09_26/2011_09_26_drive_0011_sync,59,disturbance,19,59,0000000059.png,4,0.7545878482274515,0.682142692289516,0.6394061700082083,gaussian_noise
current_stateful,2011_09_26/2011_09_26_drive_0011_sync,59,disturbance,19,59,0000000059.png,5,0.406918519056188,0.38082508072049126,0.6495514944666961,gaussian_noise
current_stateful,2011_09_26/2011_09_26_drive_0011_sync,60,disturbance,20,60,0000000060.png,1,0.6293293791160863,0.3446843366662707,0.5069955525009046,gaussian_noise
current_stateful,2011_09_26/2011_09_26_drive_0011_sync,60,disturbance,20,60,0000000060.png,2,0.5742452112904785,0.5178289664668997,0.6935242565209061,gaussian_noise
current_stateful,2011_09_26/2011_09_26_drive_0011_sync,60,disturbance,20,60,0000000060.png,3,0.5946705836819075,0.5188504332105769,0.6315070007749004,gaussian_noise
current_stateful,2011_09_26/2011_09_26_drive_0011_sync,60,disturbance,20,60,0000000060.png,4,0.7496944918775831,0.6809212169953546,0.6446709611923842,gaussian_noise
current_stateful,2011_09_26/2011_09_26_drive_0011_sync,60,disturbance,20,60,0000000060.png,5,0.40115176734856933,0.37870254539652637,0.6524372796035458,gaussian_noise
current_stateful,2011_09_26/2011_09_26_drive_0011_sync,61,disturbance,21,61,0000000061.png,1,0.6378246648220885,0.34541817839671674,0.5085409709686275,gaussian_noise
current_stateful,2011_09_26/2011_09_26_drive_0011_sync,61,disturbance,21,61,0000000061.png,2,0.5744221240047817,0.5185591035826811,0.6988930170413905,gaussian_noise
current_stateful,2011_09_26/2011_09_26_drive_0011_sync,61,disturbance,21,61,0000000061.png,3,0.596359458903156,0.5190975882301909,0.63435183739385,gaussian_noise
current_stateful,2011_09_26/2011_09_26_drive_0011_sync,61,disturbance,21,61,0000000061.png,4,0.7427635076082103,0.6783929073873252,0.647200371859735,gaussian_noise
current_stateful,2011_09_26/2011_09_26_drive_0011_sync,61,disturbance,21,61,0000000061.png,5,0.3974591773639261,0.3762832847939066,0.6580264062020345,gaussian_noise
current_stateful,2011_09_26/2011_09_26_drive_0011_sync,62,disturbance,22,62,0000000062.png,1,0.6565573358785463,0.3461958109852827,0.5116644244390355,gaussian_noise
current_stateful,2011_09_26/2011_09_26_drive_0011_sync,62,disturbance,22,62,0000000062.png,2,0.5742981355080606,0.5191227641395693,0.7069034839708065,gaussian_noise
current_stateful,2011_09_26/2011_09_26_drive_0011_sync,62,disturbance,22,62,0000000062.png,3,0.5946553162033703,0.5189582567911923,0.6374263866419344,gaussian_noise
current_stateful,2011_09_26/2011_09_26_drive_0011_sync,62,disturbance,22,62,0000000062.png,4,0.7335942236602361,0.6743156229249161,0.6472877197582633,gaussian_noise
current_stateful,2011_09_26/2011_09_26_drive_0011_sync,62,disturbance,22,62,0000000062.png,5,0.39503204366594347,0.3737886674841226,0.6661006003990253,gaussian_noise
current_stateful,2011_09_26/2011_09_26_drive_0011_sync,63,disturbance,23,63,0000000063.png,1,0.6427246509682687,0.3469591016139395,0.5102635470502931,gaussian_noise
current_stateful,2011_09_26/2011_09_26_drive_0011_sync,63,disturbance,23,63,0000000063.png,2,0.5758602487015959,0.5197166898150792,0.7113391674468742,gaussian_noise
current_stateful,2011_09_26/2011_09_26_drive_0011_sync,63,disturbance,23,63,0000000063.png,3,0.5967666396219087,0.5187753191740522,0.6399920778536029,gaussian_noise
current_stateful,2011_09_26/2011_09_26_drive_0011_sync,63,disturbance,23,63,0000000063.png,4,0.7260216826231911,0.6691306250421086,0.6467138934501534,gaussian_noise
current_stateful,2011_09_26/2011_09_26_drive_0011_sync,63,disturbance,23,63,0000000063.png,5,0.3934840792040336,0.3713614754064868,0.6745355107885473,gaussian_noise
current_stateful,2011_09_26/2011_09_26_drive_0011_sync,64,disturbance,24,64,0000000064.png,1,0.6216785797985173,0.34352344540518936,0.5063827427907935,gaussian_noise
current_stateful,2011_09_26/2011_09_26_drive_0011_sync,64,disturbance,24,64,0000000064.png,2,0.5770677493774148,0.5203525767589998,0.7081898887345894,gaussian_noise
current_stateful,2011_09_26/2011_09_26_drive_0011_sync,64,disturbance,24,64,0000000064.png,3,0.6036167509520216,0.5193057369720032,0.6395225764888848,gaussian_noise
current_stateful,2011_09_26/2011_09_26_drive_0011_sync,64,disturbance,24,64,0000000064.png,4,0.7226906989669737,0.6633694155259972,0.6428900374506308,gaussian_noise
current_stateful,2011_09_26/2011_09_26_drive_0011_sync,64,disturbance,24,64,0000000064.png,5,0.3939942231755181,0.36934297582878184,0.6764697856474355,gaussian_noise
current_stateful,2011_09_26/2011_09_26_drive_0011_sync,65,disturbance,25,65,0000000065.png,1,0.6052676233771536,0.330533556017847,0.5046151974230839,gaussian_noise
current_stateful,2011_09_26/2011_09_26_drive_0011_sync,65,disturbance,25,65,0000000065.png,2,0.5762369301791361,0.5209514366787641,0.7031351550383996,gaussian_noise
current_stateful,2011_09_26/2011_09_26_drive_0011_sync,65,disturbance,25,65,0000000065.png,3,0.6059804523226919,0.5204099312294763,0.639115166506469,gaussian_noise
current_stateful,2011_09_26/2011_09_26_drive_0011_sync,65,disturbance,25,65,0000000065.png,4,0.7252236634241223,0.6583118487968811,0.6383370825708997,gaussian_noise
current_stateful,2011_09_26/2011_09_26_drive_0011_sync,65,disturbance,25,65,0000000065.png,5,0.39745930342382213,0.36827650253292504,0.6721673208328741,gaussian_noise
current_stateful,2011_09_26/2011_09_26_drive_0011_sync,66,disturbance,26,66,0000000066.png,1,0.5954963360711375,0.3215215570133926,0.5021153084716882,gaussian_noise
current_stateful,2011_09_26/2011_09_26_drive_0011_sync,66,disturbance,26,66,0000000066.png,2,0.577325268056571,0.5215603748046705,0.6975731493195275,gaussian_noise
current_stateful,2011_09_26/2011_09_26_drive_0011_sync,66,disturbance,26,66,0000000066.png,3,0.6049187316323307,0.521483237701189,0.6380606539565,gaussian_noise
current_stateful,2011_09_26/2011_09_26_drive_0011_sync,66,disturbance,26,66,0000000066.png,4,0.7294876816297388,0.6545825897522736,0.6345837728357167,gaussian_noise
current_stateful,2011_09_26/2011_09_26_drive_0011_sync,66,disturbance,26,66,0000000066.png,5,0.401292174220805,0.3681649866787592,0.665349297384044,gaussian_noise
current_stateful,2011_09_26/2011_09_26_drive_0011_sync,67,disturbance,27,67,0000000067.png,1,0.5857458060964448,0.3205150389456221,0.4992726753288559,gaussian_noise
current_stateful,2011_09_26/2011_09_26_drive_0011_sync,67,disturbance,27,67,0000000067.png,2,0.5779980576540495,0.5222325093317306,0.6908864850985145,gaussian_noise
current_stateful,2011_09_26/2011_09_26_drive_0011_sync,67,disturbance,27,67,0000000067.png,3,0.603669981129612,0.5221973247820819,0.6343881929094869,gaussian_noise
current_stateful,2011_09_26/2011_09_26_drive_0011_sync,67,disturbance,27,67,0000000067.png,4,0.7365221507064204,0.6527425903490874,0.6311942085787422,gaussian_noise
current_stateful,2011_09_26/2011_09_26_drive_0011_sync,67,disturbance,27,67,0000000067.png,5,0.40585634068223087,0.3689117348779311,0.6587007196758589,gaussian_noise
current_stateful,2011_09_26/2011_09_26_drive_0011_sync,68,disturbance,28,68,0000000068.png,1,0.6056443436718232,0.3204793350602179,0.5029349721404371,gaussian_noise
current_stateful,2011_09_26/2011_09_26_drive_0011_sync,68,disturbance,28,68,0000000068.png,2,0.5781277271944735,0.5229309987901726,0.6944657279204481,gaussian_noise
current_stateful,2011_09_26/2011_09_26_drive_0011_sync,68,disturbance,28,68,0000000068.png,3,0.597448548805027,0.5220599134348671,0.6337975073280144,gaussian_noise
current_stateful,2011_09_26/2011_09_26_drive_0011_sync,68,disturbance,28,68,0000000068.png,4,0.7405811157827971,0.6528433402329935,0.6291946575765812,gaussian_noise
current_stateful,2011_09_26/2011_09_26_drive_0011_sync,68,disturbance,28,68,0000000068.png,5,0.4098953615495876,0.3704555675883095,0.6559714349518002,gaussian_noise
current_stateful,2011_09_26/2011_09_26_drive_0011_sync,69,disturbance,29,69,0000000069.png,1,0.6079216365569113,0.3252359198402264,0.5029612382953165,gaussian_noise
current_stateful,2011_09_26/2011_09_26_drive_0011_sync,69,disturbance,29,69,0000000069.png,2,0.5811701359574896,0.5238641472140357,0.6984953217551474,gaussian_noise
current_stateful,2011_09_26/2011_09_26_drive_0011_sync,69,disturbance,29,69,0000000069.png,3,0.5943143309546738,0.5211252149298364,0.6358044349284395,gaussian_noise
current_stateful,2011_09_26/2011_09_26_drive_0011_sync,69,disturbance,29,69,0000000069.png,4,0.7407545186964354,0.6538205461115253,0.6310334067819613,gaussian_noise
current_stateful,2011_09_26/2011_09_26_drive_0011_sync,69,disturbance,29,69,0000000069.png,5,0.4107386923876661,0.37211915176649535,0.6575567023854437,gaussian_noise
current_stateful,2011_09_26/2011_09_26_drive_0011_sync,70,disturbance,30,70,0000000070.png,1,0.6002074108443208,0.33207406335920314,0.4972051459486114,gaussian_noise
current_stateful,2011_09_26/2011_09_26_drive_0011_sync,70,disturbance,30,70,0000000070.png,2,0.5841804195769217,0.5251533647916843,0.695453390057984,gaussian_noise
current_stateful,2011_09_26/2011_09_26_drive_0011_sync,70,disturbance,30,70,0000000070.png,3,0.5987628171987838,0.5204531506116976,0.6380108798549015,gaussian_noise
current_stateful,2011_09_26/2011_09_26_drive_0011_sync,70,disturbance,30,70,0000000070.png,4,0.7435622765808954,0.6550221941461026,0.6357710332320642,gaussian_noise
current_stateful,2011_09_26/2011_09_26_drive_0011_sync,70,disturbance,30,70,0000000070.png,5,0.4094188618462251,0.3731648953244659,0.6610420681453348,gaussian_noise
current_stateful,2011_09_26/2011_09_26_drive_0011_sync,71,disturbance,31,71,0000000071.png,1,0.5958156121851945,0.33503280399178353,0.4918074170067535,gaussian_noise
current_stateful,2011_09_26/2011_09_26_drive_0011_sync,71,disturbance,31,71,0000000071.png,2,0.5836392274753606,0.5263575150570976,0.6897240890525397,gaussian_noise
current_stateful,2011_09_26/2011_09_26_drive_0011_sync,71,disturbance,31,71,0000000071.png,3,0.6052746149443163,0.5209454963805239,0.6401130744129646,gaussian_noise
current_stateful,2011_09_26/2011_09_26_drive_0011_sync,71,disturbance,31,71,0000000071.png,4,0.7539135007646367,0.6573097507850416,0.6419552137939215,gaussian_noise
current_stateful,2011_09_26/2011_09_26_drive_0011_sync,71,disturbance,31,71,0000000071.png,5,0.4090792955382189,0.37348831173460884,0.664845849268098,gaussian_noise
current_stateful,2011_09_26/2011_09_26_drive_0011_sync,72,disturbance,32,72,0000000072.png,1,0.5969910973329967,0.3360754062275501,0.4886292422442717,gaussian_noise
current_stateful,2011_09_26/2011_09_26_drive_0011_sync,72,disturbance,32,72,0000000072.png,2,0.5841031996065219,0.5275187796619996,0.6845037125824641,gaussian_noise
current_stateful,2011_09_26/2011_09_26_drive_0011_sync,72,disturbance,32,72,0000000072.png,3,0.6087537067849539,0.5223918059076534,0.6415564898755837,gaussian_noise
current_stateful,2011_09_26/2011_09_26_drive_0011_sync,72,disturbance,32,72,0000000072.png,4,0.7682657433167197,0.6616241821732175,0.6482853018872056,gaussian_noise
current_stateful,2011_09_26/2011_09_26_drive_0011_sync,72,disturbance,32,72,0000000072.png,5,0.41181709933548766,0.3736524925064752,0.6681008439707778,gaussian_noise
current_stateful,2011_09_26/2011_09_26_drive_0011_sync,73,disturbance,33,73,0000000073.png,1,0.6070392437480383,0.3355518212445321,0.48864173497123875,gaussian_noise
current_stateful,2011_09_26/2011_09_26_drive_0011_sync,73,disturbance,33,73,0000000073.png,2,0.5855219834483849,0.5287483936615616,0.6824605137507469,gaussian_noise
current_stateful,2011_09_26/2011_09_26_drive_0011_sync,73,disturbance,33,73,0000000073.png,3,0.6076813957515713,0.5237507267236006,0.6435972017540548,gaussian_noise
current_stateful,2011_09_26/2011_09_26_drive_0011_sync,73,disturbance,33,73,0000000073.png,4,0.780980841841103,0.6679427526866661,0.6551902071353949,gaussian_noise
current_stateful,2011_09_26/2011_09_26_drive_0011_sync,73,disturbance,33,73,0000000073.png,5,0.41553093239032096,0.3739647971691609,0.6732939163277085,gaussian_noise
current_stateful,2011_09_26/2011_09_26_drive_0011_sync,74,disturbance,34,74,0000000074.png,1,0.6119118493335151,0.3372928415522293,0.4900976401269957,gaussian_noise
current_stateful,2011_09_26/2011_09_26_drive_0011_sync,74,disturbance,34,74,0000000074.png,2,0.5876108076025289,0.5299926793229554,0.6836174907879851,gaussian_noise
current_stateful,2011_09_26/2011_09_26_drive_0011_sync,74,disturbance,34,74,0000000074.png,3,0.6075948143001552,0.5247957943062873,0.647160190252451,gaussian_noise
current_stateful,2011_09_26/2011_09_26_drive_0011_sync,74,disturbance,34,74,0000000074.png,4,0.7897995145186332,0.6754614586136634,0.6629972741524429,gaussian_noise
current_stateful,2011_09_26/2011_09_26_drive_0011_sync,74,disturbance,34,74,0000000074.png,5,0.4175369382336579,0.3742648337020228,0.6817248362756545,gaussian_noise
current_stateful,2011_09_26/2011_09_26_drive_0011_sync,75,disturbance,35,75,0000000075.png,1,0.601800743237499,0.3414478581949687,0.4891974288266466,gaussian_noise
current_stateful,2011_09_26/2011_09_26_drive_0011_sync,75,disturbance,35,75,0000000075.png,2,0.5901192266043896,0.5312890162385757,0.6827782531427887,gaussian_noise
current_stateful,2011_09_26/2011_09_26_drive_0011_sync,75,disturbance,35,75,0000000075.png,3,0.6094318969342553,0.5255396086329319,0.6511986247038115,gaussian_noise
current_stateful,2011_09_26/2011_09_26_drive_0011_sync,75,disturbance,35,75,0000000075.png,4,0.7954257717569205,0.6830763251923084,0.6715010279578654,gaussian_noise
current_stateful,2011_09_26/2011_09_26_drive_0011_sync,75,disturbance,35,75,0000000075.png,5,0.4178361975549308,0.3744700034827269,0.6935101686523633,gaussian_noise
current_stateful,2011_09_26/2011_09_26_drive_0011_sync,76,disturbance,36,76,0000000076.png,1,0.6004265107531921,0.3439060708301918,0.49055275576840673,gaussian_noise
current_stateful,2011_09_26/2011_09_26_drive_0011_sync,76,disturbance,36,76,0000000076.png,2,0.5892637319490588,0.5324936872776588,0.6851603593095223,gaussian_noise
current_stateful,2011_09_26/2011_09_26_drive_0011_sync,76,disturbance,36,76,0000000076.png,3,0.6092972313856448,0.5263395330622744,0.6573899980260752,gaussian_noise
current_stateful,2011_09_26/2011_09_26_drive_0011_sync,76,disturbance,36,76,0000000076.png,4,0.802708186384891,0.6910735667552956,0.6813128344591498,gaussian_noise
current_stateful,2011_09_26/2011_09_26_drive_0011_sync,76,disturbance,36,76,0000000076.png,5,0.41799263458904184,0.37491906892459703,0.7072547933576107,gaussian_noise
current_stateful,2011_09_26/2011_09_26_drive_0011_sync,77,disturbance,37,77,0000000077.png,1,0.6251881949759185,0.34473841688891166,0.49679379997058204,gaussian_noise
current_stateful,2011_09_26/2011_09_26_drive_0011_sync,77,disturbance,37,77,0000000077.png,2,0.5898234458223486,0.5336312248257966,0.6965985411518406,gaussian_noise
current_stateful,2011_09_26/2011_09_26_drive_0011_sync,77,disturbance,37,77,0000000077.png,3,0.6006827353104272,0.5261631361357314,0.6660182911959529,gaussian_noise
current_stateful,2011_09_26/2011_09_26_drive_0011_sync,77,disturbance,37,77,0000000077.png,4,0.8023407092000664,0.6984200318780015,0.6912207194954626,gaussian_noise
current_stateful,2011_09_26/2011_09_26_drive_0011_sync,77,disturbance,37,77,0000000077.png,5,0.41719347577223653,0.37572439804102536,0.7204257417540751,gaussian_noise
current_stateful,2011_09_26/2011_09_26_drive_0011_sync,78,disturbance,38,78,0000000078.png,1,0.6220540613370767,0.3502788614898951,0.4977302709541391,gaussian_noise
current_stateful,2011_09_26/2011_09_26_drive_0011_sync,78,disturbance,38,78,0000000078.png,2,0.5932070611399956,0.5348698607743194,0.7052290327308652,gaussian_noise
current_stateful,2011_09_26/2011_09_26_drive_0011_sync,78,disturbance,38,78,0000000078.png,3,0.5974493926954377,0.5250498364806304,0.6722564624095426,gaussian_noise
current_stateful,2011_09_26/2011_09_26_drive_0011_sync,78,disturbance,38,78,0000000078.png,4,0.7965770208480165,0.703641074928578,0.6991140515680563,gaussian_noise
current_stateful,2011_09_26/2011_09_26_drive_0011_sync,78,disturbance,38,78,0000000078.png,5,0.4144727408224668,0.3763688917700195,0.7323405875340183,gaussian_noise
current_stateful,2011_09_26/2011_09_26_drive_0011_sync,79,disturbance,39,79,0000000079.png,1,0.5839218861968368,0.3524531514005113,0.4957704104008244,gaussian_noise
current_stateful,2011_09_26/2011_09_26_drive_0011_sync,79,disturbance,39,79,0000000079.png,2,0.5922206506227068,0.5358378325127862,0.7039519278128312,gaussian_noise
current_stateful,2011_09_26/2011_09_26_drive_0011_sync,79,disturbance,39,79,0000000079.png,3,0.6021045792346627,0.5242729716976201,0.6761703878499135,gaussian_noise
current_stateful,2011_09_26/2011_09_26_drive_0011_sync,79,disturbance,39,79,0000000079.png,4,0.7959867230726214,0.7070498805434215,0.7033606065670173,gaussian_noise
current_stateful,2011_09_26/2011_09_26_drive_0011_sync,79,disturbance,39,79,0000000079.png,5,0.4129193368552304,0.37682708748463434,0.7425634689490134,gaussian_noise
current_stateful,2011_09_26/2011_09_26_drive_0011_sync,80,disturbance,40,80,0000000080.png,1,0.5764951098524108,0.3513674111090233,0.49857328997986206,gaussian_noise
current_stateful,2011_09_26/2011_09_26_drive_0011_sync,80,disturbance,40,80,0000000080.png,2,0.5898453301741805,0.5363475530088916,0.7011037963868584,gaussian_noise
current_stateful,2011_09_26/2011_09_26_drive_0011_sync,80,disturbance,40,80,0000000080.png,3,0.6062129805256411,0.5244048399474441,0.6784106344235922,gaussian_noise
current_stateful,2011_09_26/2011_09_26_drive_0011_sync,80,disturbance,40,80,0000000080.png,4,0.8006807363442725,0.7099056903823489,0.7034179201667765,gaussian_noise
current_stateful,2011_09_26/2011_09_26_drive_0011_sync,80,disturbance,40,80,0000000080.png,5,0.413373373327583,0.3774933538125374,0.7497839388679157,gaussian_noise
current_stateful,2011_09_26/2011_09_26_drive_0011_sync,81,disturbance,41,81,0000000081.png,1,0.5726265407169062,0.35093140233211045,0.5018504992248407,gaussian_noise
current_stateful,2011_09_26/2011_09_26_drive_0011_sync,81,disturbance,41,81,0000000081.png,2,0.5881792291182124,0.5362732280210029,0.6983748222364324,gaussian_noise
current_stateful,2011_09_26/2011_09_26_drive_0011_sync,81,disturbance,41,81,0000000081.png,3,0.6099849037123214,0.5253657483501745,0.6788151240393976,gaussian_noise
current_stateful,2011_09_26/2011_09_26_drive_0011_sync,81,disturbance,41,81,0000000081.png,4,0.8080064550223812,0.7133105323698345,0.7014739936134169,gaussian_noise
current_stateful,2011_09_26/2011_09_26_drive_0011_sync,81,disturbance,41,81,0000000081.png,5,0.41535343445182726,0.3785194351393873,0.7547235441174959,gaussian_noise
current_stateful,2011_09_26/2011_09_26_drive_0011_sync,82,disturbance,42,82,0000000082.png,1,0.5690651863493105,0.3515467276506383,0.5033699707385901,gaussian_noise
current_stateful,2011_09_26/2011_09_26_drive_0011_sync,82,disturbance,42,82,0000000082.png,2,0.5855133121901038,0.5355630042009384,0.6940638954082623,gaussian_noise
current_stateful,2011_09_26/2011_09_26_drive_0011_sync,82,disturbance,42,82,0000000082.png,3,0.6166182380658645,0.5272250284178609,0.6771906788092635,gaussian_noise
current_stateful,2011_09_26/2011_09_26_drive_0011_sync,82,disturbance,42,82,0000000082.png,4,0.8158879546085579,0.7174941294181892,0.7006504564145174,gaussian_noise
current_stateful,2011_09_26/2011_09_26_drive_0011_sync,82,disturbance,42,82,0000000082.png,5,0.4182819480857496,0.37990658696494845,0.7587057839611285,gaussian_noise
current_stateful,2011_09_26/2011_09_26_drive_0011_sync,83,disturbance,43,83,0000000083.png,1,0.5609207533164251,0.3503612423331113,0.5045272121043868,gaussian_noise
current_stateful,2011_09_26/2011_09_26_drive_0011_sync,83,disturbance,43,83,0000000083.png,2,0.5834722170931967,0.5344679884789021,0.6891183123587483,gaussian_noise
current_stateful,2011_09_26/2011_09_26_drive_0011_sync,83,disturbance,43,83,0000000083.png,3,0.6239027554317577,0.5300317501390033,0.675018695682898,gaussian_noise
current_stateful,2011_09_26/2011_09_26_drive_0011_sync,83,disturbance,43,83,0000000083.png,4,0.8257480297384516,0.7226897655905852,0.7004355458533599,gaussian_noise
current_stateful,2011_09_26/2011_09_26_drive_0011_sync,83,disturbance,43,83,0000000083.png,5,0.4218907954238841,0.3817020328607423,0.7586171387500368,gaussian_noise
current_stateful,2011_09_26/2011_09_26_drive_0011_sync,84,disturbance,44,84,0000000084.png,1,0.5583828946917021,0.34865342643354774,0.5042684341748521,gaussian_noise
current_stateful,2011_09_26/2011_09_26_drive_0011_sync,84,disturbance,44,84,0000000084.png,2,0.5825340804453076,0.5332292291477729,0.6843980726257568,gaussian_noise
current_stateful,2011_09_26/2011_09_26_drive_0011_sync,84,disturbance,44,84,0000000084.png,3,0.6305014154222712,0.533515944062851,0.6745022028497947,gaussian_noise
current_stateful,2011_09_26/2011_09_26_drive_0011_sync,84,disturbance,44,84,0000000084.png,4,0.8371959710661571,0.7288671859206984,0.701111599749027,gaussian_noise
current_stateful,2011_09_26/2011_09_26_drive_0011_sync,84,disturbance,44,84,0000000084.png,5,0.42620978113793495,0.3838867497741579,0.7578924955190737,gaussian_noise
current_stateful,2011_09_26/2011_09_26_drive_0011_sync,85,disturbance,45,85,0000000085.png,1,0.556215445764078,0.3458767356131894,0.5031004588351341,gaussian_noise
current_stateful,2011_09_26/2011_09_26_drive_0011_sync,85,disturbance,45,85,0000000085.png,2,0.5820239807717767,0.5320810395303871,0.6810559609690835,gaussian_noise
current_stateful,2011_09_26/2011_09_26_drive_0011_sync,85,disturbance,45,85,0000000085.png,3,0.6359234265150399,0.5374095763757025,0.6737366914275221,gaussian_noise
current_stateful,2011_09_26/2011_09_26_drive_0011_sync,85,disturbance,45,85,0000000085.png,4,0.848383470411753,0.7358353091491404,0.7021249702432569,gaussian_noise
current_stateful,2011_09_26/2011_09_26_drive_0011_sync,85,disturbance,45,85,0000000085.png,5,0.4319987554905488,0.38657565940731636,0.7571458328128675,gaussian_noise
current_stateful,2011_09_26/2011_09_26_drive_0011_sync,86,disturbance,46,86,0000000086.png,1,0.5569920595002643,0.342629952301277,0.5016584733007331,gaussian_noise
current_stateful,2011_09_26/2011_09_26_drive_0011_sync,86,disturbance,46,86,0000000086.png,2,0.5818620088280633,0.531114480636554,0.6776098230283879,gaussian_noise
current_stateful,2011_09_26/2011_09_26_drive_0011_sync,86,disturbance,46,86,0000000086.png,3,0.6401234671923056,0.5413153559064701,0.6722201705446489,gaussian_noise
current_stateful,2011_09_26/2011_09_26_drive_0011_sync,86,disturbance,46,86,0000000086.png,4,0.8572604664904263,0.7431012288446958,0.7021983944317528,gaussian_noise
current_stateful,2011_09_26/2011_09_26_drive_0011_sync,86,disturbance,46,86,0000000086.png,5,0.43865578950055445,0.38983899730145555,0.7552229954949305,gaussian_noise
current_stateful,2011_09_26/2011_09_26_drive_0011_sync,87,disturbance,47,87,0000000087.png,1,0.557568996721935,0.34022159869207447,0.5011504091442013,gaussian_noise
current_stateful,2011_09_26/2011_09_26_drive_0011_sync,87,disturbance,47,87,0000000087.png,2,0.5825974997188547,0.5304411719600378,0.6742654376881398,gaussian_noise
current_stateful,2011_09_26/2011_09_26_drive_0011_sync,87,disturbance,47,87,0000000087.png,3,0.6421694077031666,0.5449034329322218,0.6705909901059387,gaussian_noise
current_stateful,2011_09_26/2011_09_26_drive_0011_sync,87,disturbance,47,87,0000000087.png,4,0.8646685083683271,0.7504639590788548,0.7011268783811344,gaussian_noise
current_stateful,2011_09_26/2011_09_26_drive_0011_sync,87,disturbance,47,87,0000000087.png,5,0.4460667513997748,0.3938717255016111,0.750782746142567,gaussian_noise
current_stateful,2011_09_26/2011_09_26_drive_0011_sync,88,disturbance,48,88,0000000088.png,1,0.5604760468020871,0.3375295415152382,0.501141476213246,gaussian_noise
current_stateful,2011_09_26/2011_09_26_drive_0011_sync,88,disturbance,48,88,0000000088.png,2,0.583054543044772,0.5299967704544416,0.6727685712032736,gaussian_noise
current_stateful,2011_09_26/2011_09_26_drive_0011_sync,88,disturbance,48,88,0000000088.png,3,0.6446924357632973,0.5480489845606914,0.6686597134752085,gaussian_noise
current_stateful,2011_09_26/2011_09_26_drive_0011_sync,88,disturbance,48,88,0000000088.png,4,0.8697223520526159,0.7572749248305966,0.6995964836683958,gaussian_noise
current_stateful,2011_09_26/2011_09_26_drive_0011_sync,88,disturbance,48,88,0000000088.png,5,0.4530945383557126,0.3985726032333775,0.7438600006028021,gaussian_noise
current_stateful,2011_09_26/2011_09_26_drive_0011_sync,89,disturbance,49,89,0000000089.png,1,0.5665951689756868,0.33520233049775183,0.5005233718827795,gaussian_noise
current_stateful,2011_09_26/2011_09_26_drive_0011_sync,89,disturbance,49,89,0000000089.png,2,0.5832774402173345,0.5297315813748692,0.6723188374387729,gaussian_noise
current_stateful,2011_09_26/2011_09_26_drive_0011_sync,89,disturbance,49,89,0000000089.png,3,0.6465545205581085,0.5507716552358836,0.6675203035271149,gaussian_noise
current_stateful,2011_09_26/2011_09_26_drive_0011_sync,89,disturbance,49,89,0000000089.png,4,0.8726335633057012,0.7632540101072864,0.6984215331112282,gaussian_noise
current_stateful,2011_09_26/2011_09_26_drive_0011_sync,89,disturbance,49,89,0000000089.png,5,0.4582666427046989,0.40342135827531495,0.7351562061356555,gaussian_noise
current_stateful,2011_09_26/2011_09_26_drive_0011_sync,90,disturbance,50,90,0000000090.png,1,0.5685602728730036,0.333276152533161,0.49975384456696453,gaussian_noise
current_stateful,2011_09_26/2011_09_26_drive_0011_sync,90,disturbance,50,90,0000000090.png,2,0.5842744277626816,0.5296405103910982,0.671893128054103,gaussian_noise
current_stateful,2011_09_26/2011_09_26_drive_0011_sync,90,disturbance,50,90,0000000090.png,3,0.6478750567438782,0.5529939242971267,0.6675117332541105,gaussian_noise
current_stateful,2011_09_26/2011_09_26_drive_0011_sync,90,disturbance,50,90,0000000090.png,4,0.8730894848853998,0.7681702544961209,0.6995240855441707,gaussian_noise
current_stateful,2011_09_26/2011_09_26_drive_0011_sync,90,disturbance,50,90,0000000090.png,5,0.46224313179027793,0.4080401607441757,0.7278972455177604,gaussian_noise
current_stateful,2011_09_26/2011_09_26_drive_0011_sync,91,disturbance,51,91,0000000091.png,1,0.5665852895321833,0.3317374549399668,0.49819521042168097,gaussian_noise
current_stateful,2011_09_26/2011_09_26_drive_0011_sync,91,disturbance,51,91,0000000091.png,2,0.5852626871244617,0.5297110540565532,0.6693970278544125,gaussian_noise
current_stateful,2011_09_26/2011_09_26_drive_0011_sync,91,disturbance,51,91,0000000091.png,3,0.6503689771312703,0.5549833307631711,0.666961687580698,gaussian_noise
current_stateful,2011_09_26/2011_09_26_drive_0011_sync,91,disturbance,51,91,0000000091.png,4,0.87474798295441,0.7722922404373314,0.701047119846367,gaussian_noise
current_stateful,2011_09_26/2011_09_26_drive_0011_sync,91,disturbance,51,91,0000000091.png,5,0.46573810161079815,0.41241876037212066,0.723481427215564,gaussian_noise
current_stateful,2011_09_26/2011_09_26_drive_0011_sync,92,disturbance,52,92,0000000092.png,1,0.5712829651521875,0.3304908097066341,0.49545267513011476,gaussian_noise
current_stateful,2011_09_26/2011_09_26_drive_0011_sync,92,disturbance,52,92,0000000092.png,2,0.5868234443359465,0.530117164379566,0.6643983248975011,gaussian_noise
current_stateful,2011_09_26/2011_09_26_drive_0011_sync,92,disturbance,52,92,0000000092.png,3,0.6534060462324274,0.5569966343322826,0.6653729046111619,gaussian_noise
current_stateful,2011_09_26/2011_09_26_drive_0011_sync,92,disturbance,52,92,0000000092.png,4,0.8807080148066193,0.7765894813298988,0.7019831938597832,gaussian_noise
current_stateful,2011_09_26/2011_09_26_drive_0011_sync,92,disturbance,52,92,0000000092.png,5,0.4689114139938771,0.4167250964885056,0.7200091125461839,gaussian_noise
current_stateful,2011_09_26/2011_09_26_drive_0011_sync,93,disturbance,53,93,0000000093.png,1,0.5750701533925935,0.3292502192968288,0.48989329134093185,gaussian_noise
current_stateful,2011_09_26/2011_09_26_drive_0011_sync,93,disturbance,53,93,0000000093.png,2,0.5882804868844467,0.5306861568200096,0.6589657290027865,gaussian_noise
current_stateful,2011_09_26/2011_09_26_drive_0011_sync,93,disturbance,53,93,0000000093.png,3,0.6560056011577085,0.5591035294775024,0.6621654689795295,gaussian_noise
current_stateful,2011_09_26/2011_09_26_drive_0011_sync,93,disturbance,53,93,0000000093.png,4,0.8890083732484709,0.7815194440539798,0.7012844933868697,gaussian_noise
current_stateful,2011_09_26/2011_09_26_drive_0011_sync,93,disturbance,53,93,0000000093.png,5,0.4718391117920199,0.4209678426237842,0.7181537217530399,gaussian_noise
current_stateful,2011_09_26/2011_09_26_drive_0011_sync,94,disturbance,54,94,0000000094.png,1,0.5851744219496123,0.32752447875986274,0.48452101332617137,gaussian_noise
current_stateful,2011_09_26/2011_09_26_drive_0011_sync,94,disturbance,54,94,0000000094.png,2,0.5904620641560087,0.5315118394319657,0.6532084233196634,gaussian_noise
current_stateful,2011_09_26/2011_09_26_drive_0011_sync,94,disturbance,54,94,0000000094.png,3,0.6569120638007022,0.560956745430145,0.6574281040730634,gaussian_noise
current_stateful,2011_09_26/2011_09_26_drive_0011_sync,94,disturbance,54,94,0000000094.png,4,0.8980028945734039,0.7872108178536114,0.6997252330934961,gaussian_noise
current_stateful,2011_09_26/2011_09_26_drive_0011_sync,94,disturbance,54,94,0000000094.png,5,0.47528844292644923,0.42525349407795837,0.7199657112294132,gaussian_noise
current_stateful,2011_09_26/2011_09_26_drive_0011_sync,95,disturbance,55,95,0000000095.png,1,0.5929000068873526,0.3264003274009388,0.48014103925853174,gaussian_noise
current_stateful,2011_09_26/2011_09_26_drive_0011_sync,95,disturbance,55,95,0000000095.png,2,0.5927812278247625,0.5326006603774484,0.6463505541517865,gaussian_noise
current_stateful,2011_09_26/2011_09_26_drive_0011_sync,95,disturbance,55,95,0000000095.png,3,0.6605046480879171,0.5631928883074326,0.6516738972220408,gaussian_noise
current_stateful,2011_09_26/2011_09_26_drive_0011_sync,95,disturbance,55,95,0000000095.png,4,0.9078074005832278,0.7936785561228772,0.6968618391999122,gaussian_noise
current_stateful,2011_09_26/2011_09_26_drive_0011_sync,95,disturbance,55,95,0000000095.png,5,0.4793556533165521,0.4296800935503809,0.7227524064265758,gaussian_noise
current_stateful,2011_09_26/2011_09_26_drive_0011_sync,96,disturbance,56,96,0000000096.png,1,0.5897358140063041,0.32714704802682737,0.47584034896863414,gaussian_noise
current_stateful,2011_09_26/2011_09_26_drive_0011_sync,96,disturbance,56,96,0000000096.png,2,0.5950798252507137,0.5338131221689713,0.6391039894564469,gaussian_noise
current_stateful,2011_09_26/2011_09_26_drive_0011_sync,96,disturbance,56,96,0000000096.png,3,0.663993836916893,0.5655712698404985,0.6449490154753973,gaussian_noise
current_stateful,2011_09_26/2011_09_26_drive_0011_sync,96,disturbance,56,96,0000000096.png,4,0.9171627097509037,0.8005781211568802,0.6927948051739298,gaussian_noise
current_stateful,2011_09_26/2011_09_26_drive_0011_sync,96,disturbance,56,96,0000000096.png,5,0.4835870133848625,0.43407442367713617,0.723130666305955,gaussian_noise
current_stateful,2011_09_26/2011_09_26_drive_0011_sync,97,disturbance,57,97,0000000097.png,1,0.583311400034921,0.32832161558018375,0.47227412699933485,gaussian_noise
current_stateful,2011_09_26/2011_09_26_drive_0011_sync,97,disturbance,57,97,0000000097.png,2,0.5963926024042516,0.5350761271918367,0.6338440946065799,gaussian_noise
current_stateful,2011_09_26/2011_09_26_drive_0011_sync,97,disturbance,57,97,0000000097.png,3,0.6667246240546874,0.5679766592399508,0.6383429259758058,gaussian_noise
current_stateful,2011_09_26/2011_09_26_drive_0011_sync,97,disturbance,57,97,0000000097.png,4,0.9272411350206606,0.8081240650772399,0.688927102475239,gaussian_noise
current_stateful,2011_09_26/2011_09_26_drive_0011_sync,97,disturbance,57,97,0000000097.png,5,0.48862529852107395,0.43828715398675355,0.7245698760029214,gaussian_noise
current_stateful,2011_09_26/2011_09_26_drive_0011_sync,98,disturbance,58,98,0000000098.png,1,0.5825574698738272,0.3285944071724985,0.4705116856659557,gaussian_noise
current_stateful,2011_09_26/2011_09_26_drive_0011_sync,98,disturbance,58,98,0000000098.png,2,0.5977460714326948,0.5363398636404292,0.6295643704183174,gaussian_noise
current_stateful,2011_09_26/2011_09_26_drive_0011_sync,98,disturbance,58,98,0000000098.png,3,0.6692876914614195,0.5703560326596179,0.6315767807959973,gaussian_noise
current_stateful,2011_09_26/2011_09_26_drive_0011_sync,98,disturbance,58,98,0000000098.png,4,0.9345384298882342,0.8156823624225507,0.6832249939557825,gaussian_noise
current_stateful,2011_09_26/2011_09_26_drive_0011_sync,98,disturbance,58,98,0000000098.png,5,0.4941215054773982,0.44225511909445814,0.7291222968426407,gaussian_noise
current_stateful,2011_09_26/2011_09_26_drive_0011_sync,99,disturbance,59,99,0000000099.png,1,0.5853730276623728,0.3286503174774717,0.4686494887451784,gaussian_noise
current_stateful,2011_09_26/2011_09_26_drive_0011_sync,99,disturbance,59,99,0000000099.png,2,0.5993171425902696,0.5376877163362617,0.6255080781611684,gaussian_noise
current_stateful,2011_09_26/2011_09_26_drive_0011_sync,99,disturbance,59,99,0000000099.png,3,0.6699788634464405,0.5725063137558007,0.625364196768524,gaussian_noise
current_stateful,2011_09_26/2011_09_26_drive_0011_sync,99,disturbance,59,99,0000000099.png,4,0.9402974309881256,0.8229786957998604,0.6760987531098288,gaussian_noise
current_stateful,2011_09_26/2011_09_26_drive_0011_sync,99,disturbance,59,99,0000000099.png,5,0.4990640252805661,0.446006570900046,0.7332197120569409,gaussian_noise
current_stateful,2011_09_26/2011_09_26_drive_0011_sync,100,disturbance,60,100,0000000100.png,1,0.5845401168322151,0.3270890120153261,0.4681771493755725,gaussian_noise
current_stateful,2011_09_26/2011_09_26_drive_0011_sync,100,disturbance,60,100,0000000100.png,2,0.5988235663692746,0.5387445807050575,0.6221326346206844,gaussian_noise
current_stateful,2011_09_26/2011_09_26_drive_0011_sync,100,disturbance,60,100,0000000100.png,3,0.6713413258134693,0.574658304549162,0.6195979164333137,gaussian_noise
current_stateful,2011_09_26/2011_09_26_drive_0011_sync,100,disturbance,60,100,0000000100.png,4,0.945310623387984,0.829863612106099,0.6677204409043174,gaussian_noise
current_stateful,2011_09_26/2011_09_26_drive_0011_sync,100,disturbance,60,100,0000000100.png,5,0.5031858940331503,0.4495966810553047,0.7331771876131109,gaussian_noise
current_stateful,2011_09_26/2011_09_26_drive_0011_sync,101,disturbance,61,101,0000000101.png,1,0.5874896478180863,0.3264854258643301,0.4671273766117243,gaussian_noise
current_stateful,2011_09_26/2011_09_26_drive_0011_sync,101,disturbance,61,101,0000000101.png,2,0.5988019215290951,0.5394808440732314,0.6185688629247477,gaussian_noise
current_stateful,2011_09_26/2011_09_26_drive_0011_sync,101,disturbance,61,101,0000000101.png,3,0.6717302809822414,0.5766493271760655,0.6150007854403823,gaussian_noise
current_stateful,2011_09_26/2011_09_26_drive_0011_sync,101,disturbance,61,101,0000000101.png,4,0.9490972625118368,0.8362249141548214,0.6593342241198575,gaussian_noise
current_stateful,2011_09_26/2011_09_26_drive_0011_sync,101,disturbance,61,101,0000000101.png,5,0.5072656962946454,0.45325044585789015,0.7276271938990325,gaussian_noise
current_stateful,2011_09_26/2011_09_26_drive_0011_sync,102,disturbance,62,102,0000000102.png,1,0.5850327931336223,0.32665002125002757,0.4675207804642356,gaussian_noise
current_stateful,2011_09_26/2011_09_26_drive_0011_sync,102,disturbance,62,102,0000000102.png,2,0.5980352662577649,0.5397943050577865,0.6167733563329731,gaussian_noise
current_stateful,2011_09_26/2011_09_26_drive_0011_sync,102,disturbance,62,102,0000000102.png,3,0.6726962256081528,0.5784276730028548,0.6114906378947822,gaussian_noise
current_stateful,2011_09_26/2011_09_26_drive_0011_sync,102,disturbance,62,102,0000000102.png,4,0.9515874804617573,0.8418658998949032,0.6528277985363322,gaussian_noise
current_stateful,2011_09_26/2011_09_26_drive_0011_sync,102,disturbance,62,102,0000000102.png,5,0.5106740891913338,0.4569333194173923,0.7173890484907798,gaussian_noise
current_stateful,2011_09_26/2011_09_26_drive_0011_sync,103,disturbance,63,103,0000000103.png,1,0.5768623432593013,0.3262746827554275,0.46809112158869187,gaussian_noise
current_stateful,2011_09_26/2011_09_26_drive_0011_sync,103,disturbance,63,103,0000000103.png,2,0.597223385844258,0.539930811538924,0.6152976197992648,gaussian_noise
current_stateful,2011_09_26/2011_09_26_drive_0011_sync,103,disturbance,63,103,0000000103.png,3,0.6743965913858092,0.5802574423547848,0.6078587829588004,gaussian_noise
current_stateful,2011_09_26/2011_09_26_drive_0011_sync,103,disturbance,63,103,0000000103.png,4,0.9549338055463755,0.8471368990160675,0.6458317401276762,gaussian_noise
current_stateful,2011_09_26/2011_09_26_drive_0011_sync,103,disturbance,63,103,0000000103.png,5,0.513468074495762,0.46058463109084236,0.7036839610678498,gaussian_noise
current_stateful,2011_09_26/2011_09_26_drive_0011_sync,104,disturbance,64,104,0000000104.png,1,0.5725339109743183,0.3244868920482216,0.46813241756751783,gaussian_noise
current_stateful,2011_09_26/2011_09_26_drive_0011_sync,104,disturbance,64,104,0000000104.png,2,0.5950193033977895,0.5396955832580342,0.6137355491313362,gaussian_noise
current_stateful,2011_09_26/2011_09_26_drive_0011_sync,104,disturbance,64,104,0000000104.png,3,0.6750424052088292,0.5821251384422628,0.6049864839504787,gaussian_noise
current_stateful,2011_09_26/2011_09_26_drive_0011_sync,104,disturbance,64,104,0000000104.png,4,0.9597271997111076,0.8525598398129504,0.6389980013819984,gaussian_noise
current_stateful,2011_09_26/2011_09_26_drive_0011_sync,104,disturbance,64,104,0000000104.png,5,0.5160864940059305,0.4642152164897838,0.690317939445069,gaussian_noise
current_stateful,2011_09_26/2011_09_26_drive_0011_sync,105,disturbance,65,105,0000000105.png,1,0.5726107834644433,0.3233479605748204,0.46739063289696714,gaussian_noise
current_stateful,2011_09_26/2011_09_26_drive_0011_sync,105,disturbance,65,105,0000000105.png,2,0.5941989358526053,0.5393675231815436,0.6109128691502774,gaussian_noise
current_stateful,2011_09_26/2011_09_26_drive_0011_sync,105,disturbance,65,105,0000000105.png,3,0.6762835722130855,0.5839536038951486,0.6019033978757033,gaussian_noise
current_stateful,2011_09_26/2011_09_26_drive_0011_sync,105,disturbance,65,105,0000000105.png,4,0.9656884969021476,0.858393563827891,0.6346801632085125,gaussian_noise
current_stateful,2011_09_26/2011_09_26_drive_0011_sync,105,disturbance,65,105,0000000105.png,5,0.5195103330911436,0.4680839916004767,0.6790890200925813,gaussian_noise
current_stateful,2011_09_26/2011_09_26_drive_0011_sync,106,disturbance,66,106,0000000106.png,1,0.5700662768393374,0.3238165679713404,0.4677667325855441,gaussian_noise
current_stateful,2011_09_26/2011_09_26_drive_0011_sync,106,disturbance,66,106,0000000106.png,2,0.5923885645852431,0.5388131190450107,0.6102439899877234,gaussian_noise
current_stateful,2011_09_26/2011_09_26_drive_0011_sync,106,disturbance,66,106,0000000106.png,3,0.6783184156369713,0.5856666395424864,0.5991753838765403,gaussian_noise
current_stateful,2011_09_26/2011_09_26_drive_0011_sync,106,disturbance,66,106,0000000106.png,4,0.9702167478638468,0.8640988421505749,0.6322585367797648,gaussian_noise
current_stateful,2011_09_26/2011_09_26_drive_0011_sync,106,disturbance,66,106,0000000106.png,5,0.5229249495544815,0.47216608481400413,0.6701651251823845,gaussian_noise
current_stateful,2011_09_26/2011_09_26_drive_0011_sync,107,disturbance,67,107,0000000107.png,1,0.5635623993167284,0.32398454648481095,0.4695135120219084,gaussian_noise
current_stateful,2011_09_26/2011_09_26_drive_0011_sync,107,disturbance,67,107,0000000107.png,2,0.5896581284498386,0.5377692049685774,0.6104155936317421,gaussian_noise
current_stateful,2011_09_26/2011_09_26_drive_0011_sync,107,disturbance,67,107,0000000107.png,3,0.6798462432960117,0.5871424162605511,0.5984762337253168,gaussian_noise
current_stateful,2011_09_26/2011_09_26_drive_0011_sync,107,disturbance,67,107,0000000107.png,4,0.9756932105306214,0.869477565278268,0.6312694769376999,gaussian_noise
current_stateful,2011_09_26/2011_09_26_drive_0011_sync,107,disturbance,67,107,0000000107.png,5,0.5260845188535055,0.47623898998906394,0.6636731804800343,gaussian_noise
current_stateful,2011_09_26/2011_09_26_drive_0011_sync,108,disturbance,68,108,0000000108.png,1,0.5570539562265395,0.3243117181021322,0.47133022382932555,gaussian_noise
current_stateful,2011_09_26/2011_09_26_drive_0011_sync,108,disturbance,68,108,0000000108.png,2,0.5868141190391751,0.5362959604766394,0.6124610466802615,gaussian_noise
current_stateful,2011_09_26/2011_09_26_drive_0011_sync,108,disturbance,68,108,0000000108.png,3,0.6810724876284983,0.5883991362939294,0.5988646286759602,gaussian_noise
current_stateful,2011_09_26/2011_09_26_drive_0011_sync,108,disturbance,68,108,0000000108.png,4,0.980653045756448,0.8742846288054138,0.6308451140049545,gaussian_noise
current_stateful,2011_09_26/2011_09_26_drive_0011_sync,108,disturbance,68,108,0000000108.png,5,0.5280155244161491,0.4798178916457329,0.6606034307984588,gaussian_noise
current_stateful,2011_09_26/2011_09_26_drive_0011_sync,109,disturbance,69,109,0000000109.png,1,0.5506201456155816,0.32327400878191154,0.47196215633969235,gaussian_noise
current_stateful,2011_09_26/2011_09_26_drive_0011_sync,109,disturbance,69,109,0000000109.png,2,0.5836854214129163,0.5345573366092881,0.6136775579162366,gaussian_noise
current_stateful,2011_09_26/2011_09_26_drive_0011_sync,109,disturbance,69,109,0000000109.png,3,0.6834639981483546,0.5897404366114932,0.5993766529261907,gaussian_noise
current_stateful,2011_09_26/2011_09_26_drive_0011_sync,109,disturbance,69,109,0000000109.png,4,0.9862913398783427,0.8786985986546024,0.631805075655152,gaussian_noise
current_stateful,2011_09_26/2011_09_26_drive_0011_sync,109,disturbance,69,109,0000000109.png,5,0.5300217238990917,0.4828511162326234,0.6608823172463687,gaussian_noise
current_stateful,2011_09_26/2011_09_26_drive_0011_sync,110,disturbance,70,110,0000000110.png,1,0.5495395171543546,0.321057459015551,0.47226832246937245,gaussian_noise
current_stateful,2011_09_26/2011_09_26_drive_0011_sync,110,disturbance,70,110,0000000110.png,2,0.5810598191967461,0.5327453319019352,0.6134068512672161,gaussian_noise
current_stateful,2011_09_26/2011_09_26_drive_0011_sync,110,disturbance,70,110,0000000110.png,3,0.6875182534029893,0.5916237408870705,0.5990756359310926,gaussian_noise
current_stateful,2011_09_26/2011_09_26_drive_0011_sync,110,disturbance,70,110,0000000110.png,4,0.99229211736251,0.8829874789497465,0.6328366004054445,gaussian_noise
current_stateful,2011_09_26/2011_09_26_drive_0011_sync,110,disturbance,70,110,0000000110.png,5,0.5316823718383265,0.4853318350338963,0.6640580129805613,gaussian_noise
current_stateful,2011_09_26/2011_09_26_drive_0011_sync,111,disturbance,71,111,0000000111.png,1,0.5444517609823529,0.3196101738248288,0.47093810256574337,gaussian_noise
current_stateful,2011_09_26/2011_09_26_drive_0011_sync,111,disturbance,71,111,0000000111.png,2,0.5794802006961266,0.5309334684032609,0.6127099056015933,gaussian_noise
current_stateful,2011_09_26/2011_09_26_drive_0011_sync,111,disturbance,71,111,0000000111.png,3,0.6927918050995375,0.5942200674135735,0.598801792899903,gaussian_noise
current_stateful,2011_09_26/2011_09_26_drive_0011_sync,111,disturbance,71,111,0000000111.png,4,0.9987005830397859,0.8874705278656483,0.6343989742136992,gaussian_noise
current_stateful,2011_09_26/2011_09_26_drive_0011_sync,111,disturbance,71,111,0000000111.png,5,0.5325508969506891,0.48727279543589697,0.6694044266762715,gaussian_noise
current_stateful,2011_09_26/2011_09_26_drive_0011_sync,112,disturbance,72,112,0000000112.png,1,0.5464857253343555,0.31802604978509325,0.47033815596293604,gaussian_noise
current_stateful,2011_09_26/2011_09_26_drive_0011_sync,112,disturbance,72,112,0000000112.png,2,0.5791194157503634,0.5293495510063037,0.6112959587765323,gaussian_noise
current_stateful,2011_09_26/2011_09_26_drive_0011_sync,112,disturbance,72,112,0000000112.png,3,0.697894175325461,0.597630384746073,0.598959349384829,gaussian_noise
current_stateful,2011_09_26/2011_09_26_drive_0011_sync,112,disturbance,72,112,0000000112.png,4,1.0065394450248775,0.8926445103674633,0.6366783884753965,gaussian_noise
current_stateful,2011_09_26/2011_09_26_drive_0011_sync,112,disturbance,72,112,0000000112.png,5,0.5339330610880807,0.48895057791724733,0.6733270385655974,gaussian_noise
current_stateful,2011_09_26/2011_09_26_drive_0011_sync,113,disturbance,73,113,0000000113.png,1,0.5493464822021502,0.3171559033488039,0.4698026676650368,gaussian_noise
current_stateful,2011_09_26/2011_09_26_drive_0011_sync,113,disturbance,73,113,0000000113.png,2,0.5792364303737335,0.5281077993688948,0.6087351872388652,gaussian_noise
current_stateful,2011_09_26/2011_09_26_drive_0011_sync,113,disturbance,73,113,0000000113.png,3,0.7035634874780649,0.6019759820642316,0.5987511033516447,gaussian_noise
current_stateful,2011_09_26/2011_09_26_drive_0011_sync,113,disturbance,73,113,0000000113.png,4,1.0151341435768468,0.8987383172989173,0.6388613879001965,gaussian_noise
current_stateful,2011_09_26/2011_09_26_drive_0011_sync,113,disturbance,73,113,0000000113.png,5,0.5357727535985242,0.490631277439803,0.6748120041342139,gaussian_noise
current_stateful,2011_09_26/2011_09_26_drive_0011_sync,114,disturbance,74,114,0000000114.png,1,0.5516071640559085,0.3170075131805558,0.469264091634857,gaussian_noise
current_stateful,2011_09_26/2011_09_26_drive_0011_sync,114,disturbance,74,114,0000000114.png,2,0.5777968237955462,0.526992420905464,0.6064197485101246,gaussian_noise
current_stateful,2011_09_26/2011_09_26_drive_0011_sync,114,disturbance,74,114,0000000114.png,3,0.7095315660779932,0.6069645006486644,0.5989405678984232,gaussian_noise
current_stateful,2011_09_26/2011_09_26_drive_0011_sync,114,disturbance,74,114,0000000114.png,4,1.0243835408386444,0.9058134392106821,0.641321701017679,gaussian_noise
current_stateful,2011_09_26/2011_09_26_drive_0011_sync,114,disturbance,74,114,0000000114.png,5,0.5378884881246014,0.4923414398321042,0.67636314721308,gaussian_noise
current_stateful,2011_09_26/2011_09_26_drive_0011_sync,115,disturbance,75,115,0000000115.png,1,0.5518806189115977,0.3154677297769754,0.46720790979704063,gaussian_noise
current_stateful,2011_09_26/2011_09_26_drive_0011_sync,115,disturbance,75,115,0000000115.png,2,0.5763890686660299,0.525894661961327,0.6034131917034682,gaussian_noise
current_stateful,2011_09_26/2011_09_26_drive_0011_sync,115,disturbance,75,115,0000000115.png,3,0.7152509000496201,0.612542595867868,0.5982683682340647,gaussian_noise
current_stateful,2011_09_26/2011_09_26_drive_0011_sync,115,disturbance,75,115,0000000115.png,4,1.032245416478809,0.9135287376443932,0.6431090611265027,gaussian_noise
current_stateful,2011_09_26/2011_09_26_drive_0011_sync,115,disturbance,75,115,0000000115.png,5,0.5407131588606469,0.49421947859117715,0.6804482552114827,gaussian_noise
current_stateful,2011_09_26/2011_09_26_drive_0011_sync,116,disturbance,76,116,0000000116.png,1,0.5548174143898303,0.3129827823002023,0.4666163609539135,gaussian_noise
current_stateful,2011_09_26/2011_09_26_drive_0011_sync,116,disturbance,76,116,0000000116.png,2,0.5769256782670261,0.5251381694970483,0.6002452106601793,gaussian_noise
current_stateful,2011_09_26/2011_09_26_drive_0011_sync,116,disturbance,76,116,0000000116.png,3,0.7196581178363237,0.6182401987733305,0.5976523573138848,gaussian_noise
current_stateful,2011_09_26/2011_09_26_drive_0011_sync,116,disturbance,76,116,0000000116.png,4,1.0390871535994133,0.9216646238784814,0.644113350880142,gaussian_noise
current_stateful,2011_09_26/2011_09_26_drive_0011_sync,116,disturbance,76,116,0000000116.png,5,0.5432788057140837,0.49626232055029784,0.6871483754668462,gaussian_noise
current_stateful,2011_09_26/2011_09_26_drive_0011_sync,117,disturbance,77,117,0000000117.png,1,0.5568720616317354,0.3122165332664975,0.4651905173731541,gaussian_noise
current_stateful,2011_09_26/2011_09_26_drive_0011_sync,117,disturbance,77,117,0000000117.png,2,0.5776974926937462,0.5246994067507443,0.599722776409638,gaussian_noise
current_stateful,2011_09_26/2011_09_26_drive_0011_sync,117,disturbance,77,117,0000000117.png,3,0.7227473012233988,0.6236167947638311,0.5975076363603098,gaussian_noise
current_stateful,2011_09_26/2011_09_26_drive_0011_sync,117,disturbance,77,117,0000000117.png,4,1.0444544864581766,0.9300080261537518,0.6451533703910884,gaussian_noise
current_stateful,2011_09_26/2011_09_26_drive_0011_sync,117,disturbance,77,117,0000000117.png,5,0.545000848686811,0.4986003520168556,0.6945468730859038,gaussian_noise
current_stateful,2011_09_26/2011_09_26_drive_0011_sync,118,disturbance,78,118,0000000118.png,1,0.5596845066561942,0.3103091098049494,0.4648190579672914,gaussian_noise
current_stateful,2011_09_26/2011_09_26_drive_0011_sync,118,disturbance,78,118,0000000118.png,2,0.5782285152130279,0.5244677062713313,0.5977886013417406,gaussian_noise
current_stateful,2011_09_26/2011_09_26_drive_0011_sync,118,disturbance,78,118,0000000118.png,3,0.7256078306774737,0.6286670742292759,0.5970462382692998,gaussian_noise
current_stateful,2011_09_26/2011_09_26_drive_0011_sync,118,disturbance,78,118,0000000118.png,4,1.0493872493446808,0.9383831366343859,0.6467270606027409,gaussian_noise
current_stateful,2011_09_26/2011_09_26_drive_0011_sync,118,disturbance,78,118,0000000118.png,5,0.5447790405092559,0.5009761120326067,0.7005383388589889,gaussian_noise
current_stateful,2011_09_26/2011_09_26_drive_0011_sync,119,disturbance,79,119,0000000119.png,1,0.5648158409990494,0.31012810148145953,0.46311404846280685,gaussian_noise
current_stateful,2011_09_26/2011_09_26_drive_0011_sync,119,disturbance,79,119,0000000119.png,2,0.5791973790883567,0.5244416047293059,0.5957662301297273,gaussian_noise
current_stateful,2011_09_26/2011_09_26_drive_0011_sync,119,disturbance,79,119,0000000119.png,3,0.7283566105380571,0.6332144366775585,0.5968094221332294,gaussian_noise
current_stateful,2011_09_26/2011_09_26_drive_0011_sync,119,disturbance,79,119,0000000119.png,4,1.0533695374156058,0.9464617978878721,0.6480640472746106,gaussian_noise
current_stateful,2011_09_26/2011_09_26_drive_0011_sync,119,disturbance,79,119,0000000119.png,5,0.5437759714105007,0.5031913788324611,0.7028302093161901,gaussian_noise
current_stateful,2011_09_26/2011_09_26_drive_0011_sync,120,recovery,0,120,0000000120.png,1,0.4861115468936491,0.30551970041648796,0.35388043340032116,gaussian_noise
current_stateful,2011_09_26/2011_09_26_drive_0011_sync,120,recovery,0,120,0000000120.png,2,0.5276238923444506,0.5155773864677763,0.5584629592781204,gaussian_noise
current_stateful,2011_09_26/2011_09_26_drive_0011_sync,120,recovery,0,120,0000000120.png,3,0.7207344814437727,0.6351779148880131,0.584233817544302,gaussian_noise
current_stateful,2011_09_26/2011_09_26_drive_0011_sync,120,recovery,0,120,0000000120.png,4,1.0587474787197844,0.9537587404149798,0.641653429277847,gaussian_noise
current_stateful,2011_09_26/2011_09_26_drive_0011_sync,120,recovery,0,120,0000000120.png,5,0.5434843218342909,0.5051450717489618,0.6949777669636213,gaussian_noise
current_stateful,2011_09_26/2011_09_26_drive_0011_sync,121,recovery,1,121,0000000121.png,1,0.47812541622208665,0.3017581277368828,0.27184607993543014,gaussian_noise
current_stateful,2011_09_26/2011_09_26_drive_0011_sync,121,recovery,1,121,0000000121.png,2,0.4976251132622192,0.5021996172599325,0.5013751593822138,gaussian_noise
current_stateful,2011_09_26/2011_09_26_drive_0011_sync,121,recovery,1,121,0000000121.png,3,0.7113423189852811,0.6343347640116508,0.5564824944719308,gaussian_noise
current_stateful,2011_09_26/2011_09_26_drive_0011_sync,121,recovery,1,121,0000000121.png,4,1.0661461127249823,0.960171239723814,0.6222789369935,gaussian_noise
current_stateful,2011_09_26/2011_09_26_drive_0011_sync,121,recovery,1,121,0000000121.png,5,0.5446624076432525,0.5068066527161648,0.6740917071112399,gaussian_noise
current_stateful,2011_09_26/2011_09_26_drive_0011_sync,122,recovery,2,122,0000000122.png,1,0.4713963090570487,0.2985373059711416,0.20938569900482837,gaussian_noise
current_stateful,2011_09_26/2011_09_26_drive_0011_sync,122,recovery,2,122,0000000122.png,2,0.47820922796465887,0.4871721881361936,0.43732426110915396,gaussian_noise
current_stateful,2011_09_26/2011_09_26_drive_0011_sync,122,recovery,2,122,0000000122.png,3,0.7090938952250531,0.6320490803553127,0.5155155521506988,gaussian_noise
current_stateful,2011_09_26/2011_09_26_drive_0011_sync,122,recovery,2,122,0000000122.png,4,1.07853317831125,0.9661728927632004,0.5885600144043279,gaussian_noise
current_stateful,2011_09_26/2011_09_26_drive_0011_sync,122,recovery,2,122,0000000122.png,5,0.5482608009485228,0.5081892290460892,0.6388771086726467,gaussian_noise
current_stateful,2011_09_26/2011_09_26_drive_0011_sync,123,recovery,3,123,0000000123.png,1,0.46764691505784034,0.29667191310862884,0.16172475982089488,gaussian_noise
current_stateful,2011_09_26/2011_09_26_drive_0011_sync,123,recovery,3,123,0000000123.png,2,0.4637767645552459,0.4720210616365181,0.3733479395255952,gaussian_noise
current_stateful,2011_09_26/2011_09_26_drive_0011_sync,123,recovery,3,123,0000000123.png,3,0.7132698286711425,0.6298510461132653,0.4654201218908517,gaussian_noise
current_stateful,2011_09_26/2011_09_26_drive_0011_sync,123,recovery,3,123,0000000123.png,4,1.0966987071998087,0.9726291158906784,0.5428846853185816,gaussian_noise
current_stateful,2011_09_26/2011_09_26_drive_0011_sync,123,recovery,3,123,0000000123.png,5,0.5550134015656341,0.50946202676785,0.5923035696551634,gaussian_noise
current_stateful,2011_09_26/2011_09_26_drive_0011_sync,124,recovery,4,124,0000000124.png,1,0.4651014429666798,0.2938595853475208,0.12519755091381646,gaussian_noise
current_stateful,2011_09_26/2011_09_26_drive_0011_sync,124,recovery,4,124,0000000124.png,2,0.45179150778989047,0.45755642317813006,0.31251616642343294,gaussian_noise
current_stateful,2011_09_26/2011_09_26_drive_0011_sync,124,recovery,4,124,0000000124.png,3,0.7224266208466408,0.6294822560262654,0.41053875118751904,gaussian_noise
current_stateful,2011_09_26/2011_09_26_drive_0011_sync,124,recovery,4,124,0000000124.png,4,1.121081071128244,0.9810037808495586,0.48897478041647685,gaussian_noise
current_stateful,2011_09_26/2011_09_26_drive_0011_sync,124,recovery,4,124,0000000124.png,5,0.5646218037521423,0.5109699063492381,0.5390892184337206,gaussian_noise
current_stateful,2011_09_26/2011_09_26_drive_0011_sync,125,recovery,5,125,0000000125.png,1,0.4570279407008397,0.29243505457536967,0.09697059949886244,gaussian_noise
current_stateful,2011_09_26/2011_09_26_drive_0011_sync,125,recovery,5,125,0000000125.png,2,0.44265678809208103,0.4441633271334714,0.25668072492165395,gaussian_noise
current_stateful,2011_09_26/2011_09_26_drive_0011_sync,125,recovery,5,125,0000000125.png,3,0.7358387451759407,0.6319668184635232,0.3543475175861886,gaussian_noise
current_stateful,2011_09_26/2011_09_26_drive_0011_sync,125,recovery,5,125,0000000125.png,4,1.150892343554238,0.9926405301537291,0.4316390525927072,gaussian_noise
current_stateful,2011_09_26/2011_09_26_drive_0011_sync,125,recovery,5,125,0000000125.png,5,0.5763752750589521,0.5133381901931735,0.483590988074935,gaussian_noise
current_stateful,2011_09_26/2011_09_26_drive_0011_sync,126,recovery,6,126,0000000126.png,1,0.4534632750709501,0.29233274672098275,0.07548680677775335,gaussian_noise
current_stateful,2011_09_26/2011_09_26_drive_0011_sync,126,recovery,6,126,0000000126.png,2,0.4334333732229786,0.4317523714248609,0.2078875058065058,gaussian_noise
current_stateful,2011_09_26/2011_09_26_drive_0011_sync,126,recovery,6,126,0000000126.png,3,0.7485142781532635,0.6372202229852149,0.29994169568966733,gaussian_noise
current_stateful,2011_09_26/2011_09_26_drive_0011_sync,126,recovery,6,126,0000000126.png,4,1.1839981779702258,1.0083531922843896,0.3756494390039857,gaussian_noise
current_stateful,2011_09_26/2011_09_26_drive_0011_sync,126,recovery,6,126,0000000126.png,5,0.59054299248303,0.5174691085549596,0.4291128504871472,gaussian_noise
current_stateful,2011_09_26/2011_09_26_drive_0011_sync,127,recovery,7,127,0000000127.png,1,0.4622014985538352,0.2908854991044987,0.05914596000343839,gaussian_noise
current_stateful,2011_09_26/2011_09_26_drive_0011_sync,127,recovery,7,127,0000000127.png,2,0.42604571111041445,0.4205893286129418,0.16659912202160612,gaussian_noise
current_stateful,2011_09_26/2011_09_26_drive_0011_sync,127,recovery,7,127,0000000127.png,3,0.7610967285471778,0.6451858091378165,0.25012170570627007,gaussian_noise
current_stateful,2011_09_26/2011_09_26_drive_0011_sync,127,recovery,7,127,0000000127.png,4,1.2179397331423623,1.0285059379477228,0.32280824992857327,gaussian_noise
current_stateful,2011_09_26/2011_09_26_drive_0011_sync,127,recovery,7,127,0000000127.png,5,0.6060007719112531,0.5239756308409245,0.3783764631957332,gaussian_noise
current_stateful,2011_09_26/2011_09_26_drive_0011_sync,128,recovery,8,128,0000000128.png,1,0.46118834298014305,0.2918348536874876,0.046523405092044036,gaussian_noise
current_stateful,2011_09_26/2011_09_26_drive_0011_sync,128,recovery,8,128,0000000128.png,2,0.42241380946296153,0.4109115093820386,0.13237348107119684,gaussian_noise
current_stateful,2011_09_26/2011_09_26_drive_0011_sync,128,recovery,8,128,0000000128.png,3,0.7743663308090979,0.6553406017544184,0.2060608306173036,gaussian_noise
current_stateful,2011_09_26/2011_09_26_drive_0011_sync,128,recovery,8,128,0000000128.png,4,1.2505482624556568,1.0524864742265105,0.2742855258771417,gaussian_noise
current_stateful,2011_09_26/2011_09_26_drive_0011_sync,128,recovery,8,128,0000000128.png,5,0.6216681198656833,0.5330012149795788,0.3331923612043393,gaussian_noise
current_stateful,2011_09_26/2011_09_26_drive_0011_sync,129,recovery,9,129,0000000129.png,1,0.463739140742623,0.2937426818586348,0.03685474343647867,gaussian_noise
current_stateful,2011_09_26/2011_09_26_drive_0011_sync,129,recovery,9,129,0000000129.png,2,0.41824987529957053,0.4025259608853149,0.10458221767842121,gaussian_noise
current_stateful,2011_09_26/2011_09_26_drive_0011_sync,129,recovery,9,129,0000000129.png,3,0.7866379549860095,0.6669064286574662,0.16802550835638538,gaussian_noise
current_stateful,2011_09_26/2011_09_26_drive_0011_sync,129,recovery,9,129,0000000129.png,4,1.280779452516379,1.0792644399205198,0.23096822233594635,gaussian_noise
current_stateful,2011_09_26/2011_09_26_drive_0011_sync,129,recovery,9,129,0000000129.png,5,0.636263933950879,0.5441153529865244,0.29413340970980323,gaussian_noise
current_stateful,2011_09_26/2011_09_26_drive_0011_sync,130,recovery,10,130,0000000130.png,1,0.4720123056379787,0.29527961030781064,0.029436222673847223,gaussian_noise
current_stateful,2011_09_26/2011_09_26_drive_0011_sync,130,recovery,10,130,0000000130.png,2,0.41421631065888237,0.3953114822063845,0.08254998576546906,gaussian_noise
current_stateful,2011_09_26/2011_09_26_drive_0011_sync,130,recovery,10,130,0000000130.png,3,0.7959690854188525,0.6790310477349296,0.13640834507340507,gaussian_noise
current_stateful,2011_09_26/2011_09_26_drive_0011_sync,130,recovery,10,130,0000000130.png,4,1.3063745637279418,1.1074061778281479,0.19265078114542322,gaussian_noise
current_stateful,2011_09_26/2011_09_26_drive_0011_sync,130,recovery,10,130,0000000130.png,5,0.6491574860178637,0.5566096861574258,0.2599105727572136,gaussian_noise
current_stateful,2011_09_26/2011_09_26_drive_0011_sync,131,recovery,11,131,0000000131.png,1,0.47810295444134154,0.29736967763333844,0.02364488405745486,gaussian_noise
current_stateful,2011_09_26/2011_09_26_drive_0011_sync,131,recovery,11,131,0000000131.png,2,0.41164015129740805,0.3891810276617123,0.06519490367079718,gaussian_noise
current_stateful,2011_09_26/2011_09_26_drive_0011_sync,131,recovery,11,131,0000000131.png,3,0.8027963783711655,0.6909826594561845,0.11035148331972555,gaussian_noise
current_stateful,2011_09_26/2011_09_26_drive_0011_sync,131,recovery,11,131,0000000131.png,4,1.32701862678852,1.135455415752042,0.15939017485780796,gaussian_noise
current_stateful,2011_09_26/2011_09_26_drive_0011_sync,131,recovery,11,131,0000000131.png,5,0.6603223216733443,0.5697817460044231,0.22816840183103737,gaussian_noise
current_stateful,2011_09_26/2011_09_26_drive_0011_sync,132,recovery,12,132,0000000132.png,1,0.4869318079319309,0.2996109622211058,0.01910423780878827,gaussian_noise
current_stateful,2011_09_26/2011_09_26_drive_0011_sync,132,recovery,12,132,0000000132.png,2,0.40980464779935627,0.38401829546384114,0.051651786046486056,gaussian_noise
current_stateful,2011_09_26/2011_09_26_drive_0011_sync,132,recovery,12,132,0000000132.png,3,0.8063180424383996,0.7019135581168519,0.08903122074305009,gaussian_noise
current_stateful,2011_09_26/2011_09_26_drive_0011_sync,132,recovery,12,132,0000000132.png,4,1.3433731294080493,1.162265563228854,0.13109032513467006,gaussian_noise
current_stateful,2011_09_26/2011_09_26_drive_0011_sync,132,recovery,12,132,0000000132.png,5,0.6692858061787087,0.5829032515363997,0.19650548893464123,gaussian_noise
current_stateful,2011_09_26/2011_09_26_drive_0011_sync,133,recovery,13,133,0000000133.png,1,0.4862975694428026,0.3031821854075327,0.015479077518944229,gaussian_noise
current_stateful,2011_09_26/2011_09_26_drive_0011_sync,133,recovery,13,133,0000000133.png,2,0.4097903980993011,0.3799524878422742,0.04099150331562029,gaussian_noise
current_stateful,2011_09_26/2011_09_26_drive_0011_sync,133,recovery,13,133,0000000133.png,3,0.809507037620792,0.7115100968926285,0.07167451256887832,gaussian_noise
current_stateful,2011_09_26/2011_09_26_drive_0011_sync,133,recovery,13,133,0000000133.png,4,1.3561145534489425,1.1869904533464577,0.10718368025625438,gaussian_noise
current_stateful,2011_09_26/2011_09_26_drive_0011_sync,133,recovery,13,133,0000000133.png,5,0.6768069146573724,0.5954183797290158,0.16637948065623398,gaussian_noise
current_stateful,2011_09_26/2011_09_26_drive_0011_sync,134,recovery,14,134,0000000134.png,1,0.4867877273999082,0.306960183591692,0.012562874336739468,gaussian_noise
current_stateful,2011_09_26/2011_09_26_drive_0011_sync,134,recovery,14,134,0000000134.png,2,0.409357380031216,0.376892845533068,0.032589901983498454,gaussian_noise
current_stateful,2011_09_26/2011_09_26_drive_0011_sync,134,recovery,14,134,0000000134.png,3,0.8138781326725046,0.7200878353694644,0.05761639098800208,gaussian_noise
current_stateful,2011_09_26/2011_09_26_drive_0011_sync,134,recovery,14,134,0000000134.png,4,1.3668161335917888,1.2093547961748652,0.08695318922031849,gaussian_noise
current_stateful,2011_09_26/2011_09_26_drive_0011_sync,134,recovery,14,134,0000000134.png,5,0.6837630784124235,0.607106535140567,0.1396564492521358,gaussian_noise
current_stateful,2011_09_26/2011_09_26_drive_0011_sync,135,recovery,15,135,0000000135.png,1,0.49315928552137817,0.3096757657011436,0.010227882154495306,gaussian_noise
current_stateful,2011_09_26/2011_09_26_drive_0011_sync,135,recovery,15,135,0000000135.png,2,0.4092892013076229,0.3745844626490077,0.025989389620962432,gaussian_noise
current_stateful,2011_09_26/2011_09_26_drive_0011_sync,135,recovery,15,135,0000000135.png,3,0.8182070707115076,0.7278463414184017,0.04635706548986634,gaussian_noise
current_stateful,2011_09_26/2011_09_26_drive_0011_sync,135,recovery,15,135,0000000135.png,4,1.3751801677738236,1.2292024325945472,0.07051397508207541,gaussian_noise
current_stateful,2011_09_26/2011_09_26_drive_0011_sync,135,recovery,15,135,0000000135.png,5,0.6893553256945273,0.6177691613289786,0.1174341302034398,gaussian_noise
current_stateful,2011_09_26/2011_09_26_drive_0011_sync,136,recovery,16,136,0000000136.png,1,0.5216637374130658,0.30847290111799713,0.008465913596444066,gaussian_noise
current_stateful,2011_09_26/2011_09_26_drive_0011_sync,136,recovery,16,136,0000000136.png,2,0.4035863137704875,0.37132845240770457,0.020997500394204303,gaussian_noise
current_stateful,2011_09_26/2011_09_26_drive_0011_sync,136,recovery,16,136,0000000136.png,3,0.806994623379081,0.7323357947118523,0.03746733984207702,gaussian_noise
current_stateful,2011_09_26/2011_09_26_drive_0011_sync,136,recovery,16,136,0000000136.png,4,1.3757767817865014,1.2456031742585654,0.05740806734844059,gaussian_noise
current_stateful,2011_09_26/2011_09_26_drive_0011_sync,136,recovery,16,136,0000000136.png,5,0.6920889281410989,0.6270183055569032,0.09861039904395677,gaussian_noise
current_stateful,2011_09_26/2011_09_26_drive_0011_sync,137,recovery,17,137,0000000137.png,1,0.531138572358832,0.30811468060068375,0.007049186588034079,gaussian_noise
current_stateful,2011_09_26/2011_09_26_drive_0011_sync,137,recovery,17,137,0000000137.png,2,0.4044871647096526,0.36753055383190797,0.01720585207073026,gaussian_noise
current_stateful,2011_09_26/2011_09_26_drive_0011_sync,137,recovery,17,137,0000000137.png,3,0.7827628280108317,0.7308230310226574,0.030413500506522206,gaussian_noise
current_stateful,2011_09_26/2011_09_26_drive_0011_sync,137,recovery,17,137,0000000137.png,4,1.3655144906582002,1.2567527911231005,0.04676084482716573,gaussian_noise
current_stateful,2011_09_26/2011_09_26_drive_0011_sync,137,recovery,17,137,0000000137.png,5,0.6909134989664809,0.6342490441192378,0.08262908409806619,gaussian_noise
current_stateful,2011_09_26/2011_09_26_drive_0011_sync,138,recovery,18,138,0000000138.png,1,0.5125404050064587,0.313213370326228,0.005796207167668786,gaussian_noise
current_stateful,2011_09_26/2011_09_26_drive_0011_sync,138,recovery,18,138,0000000138.png,2,0.4114209468044559,0.3652579508784574,0.014064906392125298,gaussian_noise
current_stateful,2011_09_26/2011_09_26_drive_0011_sync,138,recovery,18,138,0000000138.png,3,0.7688806659017812,0.725289542994904,0.024738419497694723,gaussian_noise
current_stateful,2011_09_26/2011_09_26_drive_0011_sync,138,recovery,18,138,0000000138.png,4,1.3525418250972394,1.2623918162438592,0.038153372389983065,gaussian_noise
current_stateful,2011_09_26/2011_09_26_drive_0011_sync,138,recovery,18,138,0000000138.png,5,0.6869350523133545,0.6390749647177654,0.0682233837586828,gaussian_noise
current_stateful,2011_09_26/2011_09_26_drive_0011_sync,139,recovery,19,139,0000000139.png,1,0.4920926761017537,0.3183887576288,0.004746649206633321,gaussian_noise
current_stateful,2011_09_26/2011_09_26_drive_0011_sync,139,recovery,19,139,0000000139.png,2,0.4117732329088529,0.3642971250227505,0.011457612402910072,gaussian_noise
current_stateful,2011_09_26/2011_09_26_drive_0011_sync,139,recovery,19,139,0000000139.png,3,0.7654355321540387,0.718969095394566,0.020146815566335723,gaussian_noise
current_stateful,2011_09_26/2011_09_26_drive_0011_sync,139,recovery,19,139,0000000139.png,4,1.3428048982513356,1.2640770496825058,0.03126480721772322,gaussian_noise
current_stateful,2011_09_26/2011_09_26_drive_0011_sync,139,recovery,19,139,0000000139.png,5,0.6825768552768837,0.6417649213965106,0.056562932546531115,gaussian_noise
current_stateful,2011_09_26/2011_09_26_drive_0011_sync,140,recovery,20,140,0000000140.png,1,0.48578736502568104,0.31706532805648824,0.003898430805318667,gaussian_noise
current_stateful,2011_09_26/2011_09_26_drive_0011_sync,140,recovery,20,140,0000000140.png,2,0.4113512537881811,0.3636423456547449,0.009342367353471805,gaussian_noise
current_stateful,2011_09_26/2011_09_26_drive_0011_sync,140,recovery,20,140,0000000140.png,3,0.7636138431868458,0.7127376207472547,0.01645645259413705,gaussian_noise
current_stateful,2011_09_26/2011_09_26_drive_0011_sync,140,recovery,20,140,0000000140.png,4,1.3334326936045047,1.2629659765451404,0.025583345898455834,gaussian_noise
current_stateful,2011_09_26/2011_09_26_drive_0011_sync,140,recovery,20,140,0000000140.png,5,0.6778131050980719,0.6427055889283586,0.046818173654300244,gaussian_noise
current_stateful,2011_09_26/2011_09_26_drive_0011_sync,141,recovery,21,141,0000000141.png,1,0.4688455739625467,0.31174645352995617,0.00320125540985127,gaussian_noise
current_stateful,2011_09_26/2011_09_26_drive_0011_sync,141,recovery,21,141,0000000141.png,2,0.4109025859461695,0.3631627899999572,0.007623324388320122,gaussian_noise
current_stateful,2011_09_26/2011_09_26_drive_0011_sync,141,recovery,21,141,0000000141.png,3,0.7632467554062482,0.7071799663453803,0.013478768939214653,gaussian_noise
current_stateful,2011_09_26/2011_09_26_drive_0011_sync,141,recovery,21,141,0000000141.png,4,1.3251740084843064,1.2600037793218586,0.02094927335102463,gaussian_noise
current_stateful,2011_09_26/2011_09_26_drive_0011_sync,141,recovery,21,141,0000000141.png,5,0.6730505326936942,0.6423780951340213,0.03868119927239725,gaussian_noise
current_stateful,2011_09_26/2011_09_26_drive_0011_sync,142,recovery,22,142,0000000142.png,1,0.45488381975013686,0.30662205019617783,0.0026224335219877867,gaussian_noise
current_stateful,2011_09_26/2011_09_26_drive_0011_sync,142,recovery,22,142,0000000142.png,2,0.41090470033697646,0.36310013406038144,0.006216287563276776,gaussian_noise
current_stateful,2011_09_26/2011_09_26_drive_0011_sync,142,recovery,22,142,0000000142.png,3,0.7667354065383221,0.7032866833289491,0.011025960561025238,gaussian_noise
current_stateful,2011_09_26/2011_09_26_drive_0011_sync,142,recovery,22,142,0000000142.png,4,1.3218530265159967,1.2566470704670571,0.01713901638698211,gaussian_noise
current_stateful,2011_09_26/2011_09_26_drive_0011_sync,142,recovery,22,142,0000000142.png,5,0.6696459145161643,0.641422239541118,0.03185765986855916,gaussian_noise
current_stateful,2011_09_26/2011_09_26_drive_0011_sync,143,recovery,23,143,0000000143.png,1,0.4474231406987693,0.302799701927592,0.002149735846979918,gaussian_noise
current_stateful,2011_09_26/2011_09_26_drive_0011_sync,143,recovery,23,143,0000000143.png,2,0.4105562662670964,0.36320910237755527,0.00507262112623313,gaussian_noise
current_stateful,2011_09_26/2011_09_26_drive_0011_sync,143,recovery,23,143,0000000143.png,3,0.7711392939066655,0.7011402334385419,0.00903123844406893,gaussian_noise
current_stateful,2011_09_26/2011_09_26_drive_0011_sync,143,recovery,23,143,0000000143.png,4,1.323673172252685,1.2542507370261655,0.014058550020532126,gaussian_noise
current_stateful,2011_09_26/2011_09_26_drive_0011_sync,143,recovery,23,143,0000000143.png,5,0.6681187699137828,0.6404351511545725,0.025968872632261022,gaussian_noise
current_stateful,2011_09_26/2011_09_26_drive_0011_sync,144,recovery,24,144,0000000144.png,1,0.43873192129161104,0.3012139332063865,0.0017623637701056527,gaussian_noise
current_stateful,2011_09_26/2011_09_26_drive_0011_sync,144,recovery,24,144,0000000144.png,2,0.40914818795255514,0.3633411124175334,0.004152526534690198,gaussian_noise
current_stateful,2011_09_26/2011_09_26_drive_0011_sync,144,recovery,24,144,0000000144.png,3,0.7744607912700112,0.7005694961468788,0.00741188800979783,gaussian_noise
current_stateful,2011_09_26/2011_09_26_drive_0011_sync,144,recovery,24,144,0000000144.png,4,1.3269904099007173,1.2531334791669362,0.011554131037158332,gaussian_noise
current_stateful,2011_09_26/2011_09_26_drive_0011_sync,144,recovery,24,144,0000000144.png,5,0.6673646807828217,0.6396654561074435,0.02116342452047693,gaussian_noise
current_stateful,2011_09_26/2011_09_26_drive_0011_sync,145,recovery,25,145,0000000145.png,1,0.43289157964608155,0.2995924783779758,0.0014465425528924632,gaussian_noise
current_stateful,2011_09_26/2011_09_26_drive_0011_sync,145,recovery,25,145,0000000145.png,2,0.40815612958453196,0.36328135221927754,0.0034091091123750923,gaussian_noise
current_stateful,2011_09_26/2011_09_26_drive_0011_sync,145,recovery,25,145,0000000145.png,3,0.7763997262518058,0.7007688620060504,0.006079772714341901,gaussian_noise
current_stateful,2011_09_26/2011_09_26_drive_0011_sync,145,recovery,25,145,0000000145.png,4,1.3310064523387557,1.2531151612913867,0.009464278017826499,gaussian_noise
current_stateful,2011_09_26/2011_09_26_drive_0011_sync,145,recovery,25,145,0000000145.png,5,0.6670893109427554,0.6390849378334772,0.017188750993175864,gaussian_noise
current_stateful,2011_09_26/2011_09_26_drive_0011_sync,146,recovery,26,146,0000000146.png,1,0.421529354253747,0.29822176331844735,0.0011888485068026942,gaussian_noise
current_stateful,2011_09_26/2011_09_26_drive_0011_sync,146,recovery,26,146,0000000146.png,2,0.4071811804107266,0.36314495692445703,0.0027995117244999706,gaussian_noise
current_stateful,2011_09_26/2011_09_26_drive_0011_sync,146,recovery,26,146,0000000146.png,3,0.7801586789732159,0.7016473830083177,0.004998864357820588,gaussian_noise
current_stateful,2011_09_26/2011_09_26_drive_0011_sync,146,recovery,26,146,0000000146.png,4,1.336471640620702,1.254110812165451,0.007699832720899946,gaussian_noise
current_stateful,2011_09_26/2011_09_26_drive_0011_sync,146,recovery,26,146,0000000146.png,5,0.6685180694798138,0.6389244923461883,0.013991679318225172,gaussian_noise
current_stateful,2011_09_26/2011_09_26_drive_0011_sync,147,recovery,27,147,0000000147.png,1,0.4133616807715741,0.29689982632922796,0.0009792507228828207,gaussian_noise
current_stateful,2011_09_26/2011_09_26_drive_0011_sync,147,recovery,27,147,0000000147.png,2,0.40492500569907675,0.36264537733172214,0.002307227163962543,gaussian_noise
current_stateful,2011_09_26/2011_09_26_drive_0011_sync,147,recovery,27,147,0000000147.png,3,0.7823769433447564,0.7026729925451585,0.004122368558681831,gaussian_noise
current_stateful,2011_09_26/2011_09_26_drive_0011_sync,147,recovery,27,147,0000000147.png,4,1.3414326968111683,1.2558675389458038,0.006259578390445339,gaussian_noise
current_stateful,2011_09_26/2011_09_26_drive_0011_sync,147,recovery,27,147,0000000147.png,5,0.6712021519914168,0.6393451429561222,0.011326334403736033,gaussian_noise
current_stateful,2011_09_26/2011_09_26_drive_0011_sync,148,recovery,28,148,0000000148.png,1,0.41004393952545604,0.2950032537120095,0.0008069061438579475,gaussian_noise
current_stateful,2011_09_26/2011_09_26_drive_0011_sync,148,recovery,28,148,0000000148.png,2,0.40371423199254775,0.36211529494428574,0.0019072214468699614,gaussian_noise
current_stateful,2011_09_26/2011_09_26_drive_0011_sync,148,recovery,28,148,0000000148.png,3,0.7854793189461055,0.7040843712650531,0.0034093570286784533,gaussian_noise
current_stateful,2011_09_26/2011_09_26_drive_0011_sync,148,recovery,28,148,0000000148.png,4,1.3454852981172611,1.2582873206814982,0.0051391033245563435,gaussian_noise
current_stateful,2011_09_26/2011_09_26_drive_0011_sync,148,recovery,28,148,0000000148.png,5,0.6742353887473679,0.6403388475968578,0.009056924256105171,gaussian_noise
current_stateful,2011_09_26/2011_09_26_drive_0011_sync,149,recovery,29,149,0000000149.png,1,0.39929028901058583,0.2926222323619868,0.0006656998404312324,gaussian_noise
current_stateful,2011_09_26/2011_09_26_drive_0011_sync,149,recovery,29,149,0000000149.png,2,0.4029817208974172,0.3616545783450896,0.0015806837243635698,gaussian_noise
current_stateful,2011_09_26/2011_09_26_drive_0011_sync,149,recovery,29,149,0000000149.png,3,0.7886665535470024,0.7059274489514215,0.0028284412434298853,gaussian_noise
current_stateful,2011_09_26/2011_09_26_drive_0011_sync,149,recovery,29,149,0000000149.png,4,1.3487161545110644,1.2611684185256227,0.004208575358646428,gaussian_noise
current_stateful,2011_09_26/2011_09_26_drive_0011_sync,149,recovery,29,149,0000000149.png,5,0.6770267013592888,0.6418180076796502,0.007255684141003655,gaussian_noise
current_stateful,2011_09_26/2011_09_26_drive_0011_sync,150,recovery,30,150,0000000150.png,1,0.3921357262010842,0.29027053707293105,0.0005481779685379943,gaussian_noise
current_stateful,2011_09_26/2011_09_26_drive_0011_sync,150,recovery,30,150,0000000150.png,2,0.4033180987912557,0.3615462797517519,0.0013089741877611086,gaussian_noise
current_stateful,2011_09_26/2011_09_26_drive_0011_sync,150,recovery,30,150,0000000150.png,3,0.7938548766265567,0.7084980916964758,0.002346012285868528,gaussian_noise
current_stateful,2011_09_26/2011_09_26_drive_0011_sync,150,recovery,30,150,0000000150.png,4,1.353666548845739,1.2646478531726693,0.0034641465372167784,gaussian_noise
current_stateful,2011_09_26/2011_09_26_drive_0011_sync,150,recovery,30,150,0000000150.png,5,0.679048298084581,0.6434655396968699,0.005815257380300701,gaussian_noise
current_stateful,2011_09_26/2011_09_26_drive_0011_sync,151,recovery,31,151,0000000151.png,1,0.40473866403247793,0.2890417058738344,0.0004520792018296625,gaussian_noise
current_stateful,2011_09_26/2011_09_26_drive_0011_sync,151,recovery,31,151,0000000151.png,2,0.4035424353121771,0.36174053796239575,0.0010852130726276513,gaussian_noise
current_stateful,2011_09_26/2011_09_26_drive_0011_sync,151,recovery,31,151,0000000151.png,3,0.7995381049504552,0.7120552569493238,0.0019466541281677437,gaussian_noise
current_stateful,2011_09_26/2011_09_26_drive_0011_sync,151,recovery,31,151,0000000151.png,4,1.3594374969134917,1.2688989189641118,0.0028666687595654155,gaussian_noise
current_stateful,2011_09_26/2011_09_26_drive_0011_sync,151,recovery,31,151,0000000151.png,5,0.6809597120115798,0.6451596623722512,0.004658953610761401,gaussian_noise
current_stateful,2011_09_26/2011_09_26_drive_0011_sync,152,recovery,32,152,0000000152.png,1,0.4099763327594653,0.2875410528927819,0.00037401350385478957,gaussian_noise
current_stateful,2011_09_26/2011_09_26_drive_0011_sync,152,recovery,32,152,0000000152.png,2,0.40306849266959893,0.3619098836356234,0.0009047531022849513,gaussian_noise
current_stateful,2011_09_26/2011_09_26_drive_0011_sync,152,recovery,32,152,0000000152.png,3,0.8032921574509168,0.7163770069785463,0.001622156615732902,gaussian_noise
current_stateful,2011_09_26/2011_09_26_drive_0011_sync,152,recovery,32,152,0000000152.png,4,1.3640871970369257,1.2737892149867585,0.0023842777765426997,gaussian_noise
current_stateful,2011_09_26/2011_09_26_drive_0011_sync,152,recovery,32,152,0000000152.png,5,0.6833037022321808,0.6470372267552066,0.00373244548111636,gaussian_noise
current_stateful,2011_09_26/2011_09_26_drive_0011_sync,153,recovery,33,153,0000000153.png,1,0.4267150418568127,0.2880148489297491,0.00030823409346166116,gaussian_noise
current_stateful,2011_09_26/2011_09_26_drive_0011_sync,153,recovery,33,153,0000000153.png,2,0.40653462061001844,0.36251709422364964,0.0007564278904623135,gaussian_noise
current_stateful,2011_09_26/2011_09_26_drive_0011_sync,153,recovery,33,153,0000000153.png,3,0.8084473568936654,0.7212115391811531,0.0013563886144397188,gaussian_noise
current_stateful,2011_09_26/2011_09_26_drive_0011_sync,153,recovery,33,153,0000000153.png,4,1.3678111352399631,1.2788660759861294,0.0019825004692782876,gaussian_noise
current_stateful,2011_09_26/2011_09_26_drive_0011_sync,153,recovery,33,153,0000000153.png,5,0.6863514032747947,0.6492050309894731,0.003014512921012417,gaussian_noise
current_stateful,2011_09_26/2011_09_26_drive_0011_sync,154,recovery,34,154,0000000154.png,1,0.44909356301396486,0.29043798621221056,0.00025477274819288694,gaussian_noise
current_stateful,2011_09_26/2011_09_26_drive_0011_sync,154,recovery,34,154,0000000154.png,2,0.4081256145694632,0.36323816644210843,0.0006339082680515487,gaussian_noise
current_stateful,2011_09_26/2011_09_26_drive_0011_sync,154,recovery,34,154,0000000154.png,3,0.8122999326620907,0.7260033914860787,0.0011383419683971534,gaussian_noise
current_stateful,2011_09_26/2011_09_26_drive_0011_sync,154,recovery,34,154,0000000154.png,4,1.3717054551267542,1.2839996567062888,0.0016541329546004948,gaussian_noise
current_stateful,2011_09_26/2011_09_26_drive_0011_sync,154,recovery,34,154,0000000154.png,5,0.6878125949951491,0.6513342016710052,0.0024708265940280535,gaussian_noise
current_stateful,2011_09_26/2011_09_26_drive_0011_sync,155,recovery,35,155,0000000155.png,1,0.45959321772712836,0.2931232807118421,0.00021064118214230267,gaussian_noise
current_stateful,2011_09_26/2011_09_26_drive_0011_sync,155,recovery,35,155,0000000155.png,2,0.4103984266817009,0.3640458724227945,0.0005320493826606583,gaussian_noise
current_stateful,2011_09_26/2011_09_26_drive_0011_sync,155,recovery,35,155,0000000155.png,3,0.8150701089044479,0.7303406050879859,0.000955597463787678,gaussian_noise
current_stateful,2011_09_26/2011_09_26_drive_0011_sync,155,recovery,35,155,0000000155.png,4,1.3739331221253084,1.2886795097981183,0.0013868038129060088,gaussian_noise
current_stateful,2011_09_26/2011_09_26_drive_0011_sync,155,recovery,35,155,0000000155.png,5,0.6869192153717754,0.6529744607255706,0.00204876611582885,gaussian_noise
current_stateful,2011_09_26/2011_09_26_drive_0011_sync,156,recovery,36,156,0000000156.png,1,0.44811287797108135,0.29195260672527007,0.0001745042117357239,gaussian_noise
current_stateful,2011_09_26/2011_09_26_drive_0011_sync,156,recovery,36,156,0000000156.png,2,0.4112635786191958,0.3647716059502637,0.00044885198357410617,gaussian_noise
current_stateful,2011_09_26/2011_09_26_drive_0011_sync,156,recovery,36,156,0000000156.png,3,0.8167158872144269,0.7340108181868081,0.0008027170270404891,gaussian_noise
current_stateful,2011_09_26/2011_09_26_drive_0011_sync,156,recovery,36,156,0000000156.png,4,1.3763078877684782,1.29272578910736,0.0011647983002535693,gaussian_noise
current_stateful,2011_09_26/2011_09_26_drive_0011_sync,156,recovery,36,156,0000000156.png,5,0.6855561244452978,0.6540081508718617,0.001689302829878598,gaussian_noise
current_stateful,2011_09_26/2011_09_26_drive_0011_sync,157,recovery,37,157,0000000157.png,1,0.4309585296371291,0.2864478044984446,0.000144744915646556,gaussian_noise
current_stateful,2011_09_26/2011_09_26_drive_0011_sync,157,recovery,37,157,0000000157.png,2,0.41168322527338524,0.36557704573270544,0.0003803739986666415,gaussian_noise
current_stateful,2011_09_26/2011_09_26_drive_0011_sync,157,recovery,37,157,0000000157.png,3,0.817407352951165,0.7373618588607369,0.0006819003709718398,gaussian_noise
current_stateful,2011_09_26/2011_09_26_drive_0011_sync,157,recovery,37,157,0000000157.png,4,1.3788083865718859,1.296290222959769,0.0009877396592537385,gaussian_noise
current_stateful,2011_09_26/2011_09_26_drive_0011_sync,157,recovery,37,157,0000000157.png,5,0.6848980796747094,0.6546046574301521,0.0014072522474180016,gaussian_noise
current_stateful,2011_09_26/2011_09_26_drive_0011_sync,158,recovery,38,158,0000000158.png,1,0.4261717258261049,0.28369155105364746,0.00012023065572362967,gaussian_noise
current_stateful,2011_09_26/2011_09_26_drive_0011_sync,158,recovery,38,158,0000000158.png,2,0.41314276234310027,0.3664565423237469,0.00032277592674642274,gaussian_noise
current_stateful,2011_09_26/2011_09_26_drive_0011_sync,158,recovery,38,158,0000000158.png,3,0.8191153578122198,0.7405314004640945,0.000579980699010275,gaussian_noise
current_stateful,2011_09_26/2011_09_26_drive_0011_sync,158,recovery,38,158,0000000158.png,4,1.3825131556585948,1.299785003258278,0.000837710999334668,gaussian_noise
current_stateful,2011_09_26/2011_09_26_drive_0011_sync,158,recovery,38,158,0000000158.png,5,0.6847268537583545,0.6549143223364495,0.0011784405484096384,gaussian_noise
current_stateful,2011_09_26/2011_09_26_drive_0011_sync,159,recovery,39,159,0000000159.png,1,0.40391536779836806,0.2830502545897857,9.948058435836067e-05,gaussian_noise
current_stateful,2011_09_26/2011_09_26_drive_0011_sync,159,recovery,39,159,0000000159.png,2,0.41534515791703586,0.36795640428923465,0.0002762128490632491,gaussian_noise
current_stateful,2011_09_26/2011_09_26_drive_0011_sync,159,recovery,39,159,0000000159.png,3,0.827537214212338,0.7446991067646347,0.000494233093585518,gaussian_noise
current_stateful,2011_09_26/2011_09_26_drive_0011_sync,159,recovery,39,159,0000000159.png,4,1.3891680732554985,1.3038722593643421,0.0007201322370543952,gaussian_noise
current_stateful,2011_09_26/2011_09_26_drive_0011_sync,159,recovery,39,159,0000000159.png,5,0.6864825506332967,0.6553231918414081,0.0009745046993511634,gaussian_noise
current_stateful,2011_09_26/2011_09_26_drive_0039_sync,0,baseline,0,0,0000000000.png,1,0.20366454407166953,0.04215856113884068,0.0,gaussian_noise
current_stateful,2011_09_26/2011_09_26_drive_0039_sync,0,baseline,0,0,0000000000.png,2,0.36660373346580954,0.075886973657803,0.0,gaussian_noise
current_stateful,2011_09_26/2011_09_26_drive_0039_sync,0,baseline,0,0,0000000000.png,3,1.0972595117285782,0.22713272142496113,0.0,gaussian_noise
current_stateful,2011_09_26/2011_09_26_drive_0039_sync,0,baseline,0,0,0000000000.png,4,2.001075275587881,0.41422258656455496,0.0,gaussian_noise
current_stateful,2011_09_26/2011_09_26_drive_0039_sync,0,baseline,0,0,0000000000.png,5,1.315916916477997,0.27239480472311756,0.0,gaussian_noise
current_stateful,2011_09_26/2011_09_26_drive_0039_sync,1,baseline,1,1,0000000001.png,1,0.6285200872481054,0.13966423714643622,0.0,gaussian_noise
current_stateful,2011_09_26/2011_09_26_drive_0039_sync,1,baseline,1,1,0000000001.png,2,0.335007167328475,0.12582671876288262,0.0,gaussian_noise
current_stateful,2011_09_26/2011_09_26_drive_0039_sync,1,baseline,1,1,0000000001.png,3,0.9201042393146223,0.36856569038187376,0.0,gaussian_noise
current_stateful,2011_09_26/2011_09_26_drive_0039_sync,1,baseline,1,1,0000000001.png,4,1.7465304689584704,0.6880217930137352,0.0,gaussian_noise
current_stateful,2011_09_26/2011_09_26_drive_0039_sync,1,baseline,1,1,0000000001.png,5,1.1447650466318213,0.45274959949123034,0.0,gaussian_noise
current_stateful,2011_09_26/2011_09_26_drive_0039_sync,2,baseline,2,2,0000000002.png,1,0.7236907444927709,0.2273425346559778,0.0,gaussian_noise
current_stateful,2011_09_26/2011_09_26_drive_0039_sync,2,baseline,2,2,0000000002.png,2,0.32762897370055233,0.1603125459038728,0.0,gaussian_noise
current_stateful,2011_09_26/2011_09_26_drive_0039_sync,2,baseline,2,2,0000000002.png,3,0.7807568970351317,0.44900519316440085,0.0,gaussian_noise
current_stateful,2011_09_26/2011_09_26_drive_0039_sync,2,baseline,2,2,0000000002.png,4,1.5342040490876945,0.8587154700158198,0.0,gaussian_noise
current_stateful,2011_09_26/2011_09_26_drive_0039_sync,2,baseline,2,2,0000000002.png,5,1.0162344913512982,0.5682118629859771,0.0,gaussian_noise
current_stateful,2011_09_26/2011_09_26_drive_0039_sync,3,baseline,3,3,0000000003.png,1,0.7683228784753606,0.29296778092916237,0.0,gaussian_noise
current_stateful,2011_09_26/2011_09_26_drive_0039_sync,3,baseline,3,3,0000000003.png,2,0.33419451985917203,0.18586412318986809,0.0,gaussian_noise
current_stateful,2011_09_26/2011_09_26_drive_0039_sync,3,baseline,3,3,0000000003.png,3,0.6726235015345488,0.4865881906198994,0.0,gaussian_noise
current_stateful,2011_09_26/2011_09_26_drive_0039_sync,3,baseline,3,3,0000000003.png,4,1.345061252426887,0.9513282947791418,0.0,gaussian_noise
current_stateful,2011_09_26/2011_09_26_drive_0039_sync,3,baseline,3,3,0000000003.png,5,0.9004615856287664,0.6339362011498605,0.0,gaussian_noise
current_stateful,2011_09_26/2011_09_26_drive_0039_sync,4,baseline,4,4,0000000004.png,1,0.755975178872078,0.327779489150552,0.0,gaussian_noise
current_stateful,2011_09_26/2011_09_26_drive_0039_sync,4,baseline,4,4,0000000004.png,2,0.3483695812618768,0.2070058726678847,0.0,gaussian_noise
current_stateful,2011_09_26/2011_09_26_drive_0039_sync,4,baseline,4,4,0000000004.png,3,0.59322528382557,0.495714651292425,0.0,gaussian_noise
current_stateful,2011_09_26/2011_09_26_drive_0039_sync,4,baseline,4,4,0000000004.png,4,1.1765011739628441,0.9855458538555831,0.0,gaussian_noise
current_stateful,2011_09_26/2011_09_26_drive_0039_sync,4,baseline,4,4,0000000004.png,5,0.7944004880191489,0.6615157005829948,0.0,gaussian_noise
current_stateful,2011_09_26/2011_09_26_drive_0039_sync,5,baseline,5,5,0000000005.png,1,0.80112065033373,0.3595153872176852,0.0,gaussian_noise
current_stateful,2011_09_26/2011_09_26_drive_0039_sync,5,baseline,5,5,0000000005.png,2,0.36505526119732407,0.2264332531325328,0.0,gaussian_noise
current_stateful,2011_09_26/2011_09_26_drive_0039_sync,5,baseline,5,5,0000000005.png,3,0.5369746173246494,0.48753738375032374,0.0,gaussian_noise
current_stateful,2011_09_26/2011_09_26_drive_0039_sync,5,baseline,5,5,0000000005.png,4,1.0334493464834753,0.978844840069193,0.0,gaussian_noise
current_stateful,2011_09_26/2011_09_26_drive_0039_sync,5,baseline,5,5,0000000005.png,5,0.7017140209552122,0.6614889362928107,0.0,gaussian_noise
current_stateful,2011_09_26/2011_09_26_drive_0039_sync,6,baseline,6,6,0000000006.png,1,0.8331581125554613,0.3880855547944027,0.0,gaussian_noise
current_stateful,2011_09_26/2011_09_26_drive_0039_sync,6,baseline,6,6,0000000006.png,2,0.3842423629328835,0.24542860732316762,0.0,gaussian_noise
current_stateful,2011_09_26/2011_09_26_drive_0039_sync,6,baseline,6,6,0000000006.png,3,0.4968383973838786,0.4695610916641742,0.0,gaussian_noise
current_stateful,2011_09_26/2011_09_26_drive_0039_sync,6,baseline,6,6,0000000006.png,4,0.9131492518253472,0.9448795877261813,0.0,gaussian_noise
current_stateful,2011_09_26/2011_09_26_drive_0039_sync,6,baseline,6,6,0000000006.png,5,0.6215913376783577,0.6425531991523131,0.0,gaussian_noise
current_stateful,2011_09_26/2011_09_26_drive_0039_sync,7,baseline,7,7,0000000007.png,1,0.84481574374495,0.40766410531514247,0.0,gaussian_noise
current_stateful,2011_09_26/2011_09_26_drive_0039_sync,7,baseline,7,7,0000000007.png,2,0.39935601425827005,0.2639147194551129,0.0,gaussian_noise
current_stateful,2011_09_26/2011_09_26_drive_0039_sync,7,baseline,7,7,0000000007.png,3,0.4658990330591742,0.44685173307595644,0.0,gaussian_noise
current_stateful,2011_09_26/2011_09_26_drive_0039_sync,7,baseline,7,7,0000000007.png,4,0.8134336853445943,0.8937332674440465,0.0,gaussian_noise
current_stateful,2011_09_26/2011_09_26_drive_0039_sync,7,baseline,7,7,0000000007.png,5,0.5512729499211975,0.6109497871231844,0.0,gaussian_noise
current_stateful,2011_09_26/2011_09_26_drive_0039_sync,8,baseline,8,8,0000000008.png,1,0.802089161934052,0.4179740402963552,0.0,gaussian_noise
current_stateful,2011_09_26/2011_09_26_drive_0039_sync,8,baseline,8,8,0000000008.png,2,0.41074148510956104,0.2817168101615954,0.0,gaussian_noise
current_stateful,2011_09_26/2011_09_26_drive_0039_sync,8,baseline,8,8,0000000008.png,3,0.4433487699809065,0.4231331178337652,0.0,gaussian_noise
current_stateful,2011_09_26/2011_09_26_drive_0039_sync,8,baseline,8,8,0000000008.png,4,0.7360897129130891,0.8342008319146592,0.0,gaussian_noise
current_stateful,2011_09_26/2011_09_26_drive_0039_sync,8,baseline,8,8,0000000008.png,5,0.49056652130346856,0.5713888719598723,0.0,gaussian_noise
current_stateful,2011_09_26/2011_09_26_drive_0039_sync,9,baseline,9,9,0000000009.png,1,0.7997671789516808,0.42897552375921816,0.0,gaussian_noise
current_stateful,2011_09_26/2011_09_26_drive_0039_sync,9,baseline,9,9,0000000009.png,2,0.4201514292543147,0.2985110576975937,0.0,gaussian_noise
current_stateful,2011_09_26/2011_09_26_drive_0039_sync,9,baseline,9,9,0000000009.png,3,0.4280648813535276,0.400861590780311,0.0,gaussian_noise
current_stateful,2011_09_26/2011_09_26_drive_0039_sync,9,baseline,9,9,0000000009.png,4,0.6722772752973049,0.7717366696671846,0.0,gaussian_noise
current_stateful,2011_09_26/2011_09_26_drive_0039_sync,9,baseline,9,9,0000000009.png,5,0.4391791756883631,0.5274253944207086,0.0,gaussian_noise
current_stateful,2011_09_26/2011_09_26_drive_0039_sync,10,baseline,10,10,0000000010.png,1,0.8003195623726307,0.4390107709825091,0.0,gaussian_noise
current_stateful,2011_09_26/2011_09_26_drive_0039_sync,10,baseline,10,10,0000000010.png,2,0.42734047227100114,0.3139572653216649,0.0,gaussian_noise
current_stateful,2011_09_26/2011_09_26_drive_0039_sync,10,baseline,10,10,0000000010.png,3,0.41957979093625325,0.38150743365812967,0.0,gaussian_noise
current_stateful,2011_09_26/2011_09_26_drive_0039_sync,10,baseline,10,10,0000000010.png,4,0.6218652565841948,0.7104002650852183,0.0,gaussian_noise
current_stateful,2011_09_26/2011_09_26_drive_0039_sync,10,baseline,10,10,0000000010.png,5,0.39786870081797776,0.48225690535113025,0.0,gaussian_noise
current_stateful,2011_09_26/2011_09_26_drive_0039_sync,11,baseline,11,11,0000000011.png,1,0.7899983442641865,0.44405455220247886,0.0,gaussian_noise
current_stateful,2011_09_26/2011_09_26_drive_0039_sync,11,baseline,11,11,0000000011.png,2,0.4307263533783154,0.3275207208435309,0.0,gaussian_noise
current_stateful,2011_09_26/2011_09_26_drive_0039_sync,11,baseline,11,11,0000000011.png,3,0.41333038106051,0.3656583145674058,0.0,gaussian_noise
current_stateful,2011_09_26/2011_09_26_drive_0039_sync,11,baseline,11,11,0000000011.png,4,0.581919609379453,0.6530860535282926,0.0,gaussian_noise
current_stateful,2011_09_26/2011_09_26_drive_0039_sync,11,baseline,11,11,0000000011.png,5,0.36632168196068915,0.43852194061729616,0.0,gaussian_noise
current_stateful,2011_09_26/2011_09_26_drive_0039_sync,12,baseline,12,12,0000000012.png,1,0.7739519379176831,0.4414169631591174,0.0,gaussian_noise
current_stateful,2011_09_26/2011_09_26_drive_0039_sync,12,baseline,12,12,0000000012.png,2,0.43370675821760357,0.33905533472371036,0.0,gaussian_noise
current_stateful,2011_09_26/2011_09_26_drive_0039_sync,12,baseline,12,12,0000000012.png,3,0.40645655613567855,0.35294702730864014,0.0,gaussian_noise
current_stateful,2011_09_26/2011_09_26_drive_0039_sync,12,baseline,12,12,0000000012.png,4,0.5551854001917876,0.6023066823991422,0.0,gaussian_noise
current_stateful,2011_09_26/2011_09_26_drive_0039_sync,12,baseline,12,12,0000000012.png,5,0.3443598775644323,0.39874947531305655,0.0,gaussian_noise
current_stateful,2011_09_26/2011_09_26_drive_0039_sync,13,baseline,13,13,0000000013.png,1,0.7543429060399379,0.43687776160837327,0.0,gaussian_noise
current_stateful,2011_09_26/2011_09_26_drive_0039_sync,13,baseline,13,13,0000000013.png,2,0.43550189414472507,0.3487858584182483,0.0,gaussian_noise
current_stateful,2011_09_26/2011_09_26_drive_0039_sync,13,baseline,13,13,0000000013.png,3,0.4021501518629562,0.3431228964430558,0.0,gaussian_noise
current_stateful,2011_09_26/2011_09_26_drive_0039_sync,13,baseline,13,13,0000000013.png,4,0.5364095639953333,0.558706945526492,0.0,gaussian_noise
current_stateful,2011_09_26/2011_09_26_drive_0039_sync,13,baseline,13,13,0000000013.png,5,0.3278850920169508,0.36419998209984394,0.0,gaussian_noise
current_stateful,2011_09_26/2011_09_26_drive_0039_sync,14,baseline,14,14,0000000014.png,1,0.7578312739121873,0.43341115438247374,0.0,gaussian_noise
current_stateful,2011_09_26/2011_09_26_drive_0039_sync,14,baseline,14,14,0000000014.png,2,0.43638553626672344,0.35689218326882405,0.0,gaussian_noise
current_stateful,2011_09_26/2011_09_26_drive_0039_sync,14,baseline,14,14,0000000014.png,3,0.3955097350421065,0.33514441971761916,0.0,gaussian_noise
current_stateful,2011_09_26/2011_09_26_drive_0039_sync,14,baseline,14,14,0000000014.png,4,0.5261645839323459,0.5226371040416625,0.0,gaussian_noise
current_stateful,2011_09_26/2011_09_26_drive_0039_sync,14,baseline,14,14,0000000014.png,5,0.31542616232410425,0.33510030872987506,0.0,gaussian_noise
current_stateful,2011_09_26/2011_09_26_drive_0039_sync,15,baseline,15,15,0000000015.png,1,0.7652069991656685,0.43516651929218736,0.0,gaussian_noise
current_stateful,2011_09_26/2011_09_26_drive_0039_sync,15,baseline,15,15,0000000015.png,2,0.4335780421408287,0.36304559048123164,0.0,gaussian_noise
current_stateful,2011_09_26/2011_09_26_drive_0039_sync,15,baseline,15,15,0000000015.png,3,0.38928777361446065,0.32838680504104023,0.0,gaussian_noise
current_stateful,2011_09_26/2011_09_26_drive_0039_sync,15,baseline,15,15,0000000015.png,4,0.5188206147160396,0.49360200992274933,0.0,gaussian_noise
current_stateful,2011_09_26/2011_09_26_drive_0039_sync,15,baseline,15,15,0000000015.png,5,0.30554900149994263,0.3110406703906402,0.0,gaussian_noise
current_stateful,2011_09_26/2011_09_26_drive_0039_sync,16,baseline,16,16,0000000016.png,1,0.7615150364893349,0.4387969636097841,0.0,gaussian_noise
current_stateful,2011_09_26/2011_09_26_drive_0039_sync,16,baseline,16,16,0000000016.png,2,0.4285372058334845,0.3670742662767695,0.0,gaussian_noise
current_stateful,2011_09_26/2011_09_26_drive_0039_sync,16,baseline,16,16,0000000016.png,3,0.38545998041690155,0.32273914555628724,0.0,gaussian_noise
current_stateful,2011_09_26/2011_09_26_drive_0039_sync,16,baseline,16,16,0000000016.png,4,0.5135768808566067,0.4706677741931882,0.0,gaussian_noise
current_stateful,2011_09_26/2011_09_26_drive_0039_sync,16,baseline,16,16,0000000016.png,5,0.2986565363924105,0.2914876202574696,0.0,gaussian_noise
current_stateful,2011_09_26/2011_09_26_drive_0039_sync,17,baseline,17,17,0000000017.png,1,0.7490933658782065,0.44211278095061657,0.0,gaussian_noise
current_stateful,2011_09_26/2011_09_26_drive_0039_sync,17,baseline,17,17,0000000017.png,2,0.4228095861806949,0.36916363848863076,0.0,gaussian_noise
current_stateful,2011_09_26/2011_09_26_drive_0039_sync,17,baseline,17,17,0000000017.png,3,0.3824587630998571,0.3179639774684736,0.0,gaussian_noise
current_stateful,2011_09_26/2011_09_26_drive_0039_sync,17,baseline,17,17,0000000017.png,4,0.512776281939087,0.45326324232070664,0.0,gaussian_noise
current_stateful,2011_09_26/2011_09_26_drive_0039_sync,17,baseline,17,17,0000000017.png,5,0.2951330111680463,0.27608933960388626,0.0,gaussian_noise
current_stateful,2011_09_26/2011_09_26_drive_0039_sync,18,baseline,18,18,0000000018.png,1,0.7205771887630644,0.44207308606887064,0.0,gaussian_noise
current_stateful,2011_09_26/2011_09_26_drive_0039_sync,18,baseline,18,18,0000000018.png,2,0.41858076944622363,0.36984693415554615,0.0,gaussian_noise
current_stateful,2011_09_26/2011_09_26_drive_0039_sync,18,baseline,18,18,0000000018.png,3,0.38139947939520347,0.3142340667385057,0.0,gaussian_noise
current_stateful,2011_09_26/2011_09_26_drive_0039_sync,18,baseline,18,18,0000000018.png,4,0.516663817659489,0.4408522950359137,0.0,gaussian_noise
current_stateful,2011_09_26/2011_09_26_drive_0039_sync,18,baseline,18,18,0000000018.png,5,0.294350988502548,0.2645157674527353,0.0,gaussian_noise
current_stateful,2011_09_26/2011_09_26_drive_0039_sync,19,baseline,19,19,0000000019.png,1,0.6817887855479027,0.43962383351807693,0.0,gaussian_noise
current_stateful,2011_09_26/2011_09_26_drive_0039_sync,19,baseline,19,19,0000000019.png,2,0.41526249388760283,0.3697051313754472,0.0,gaussian_noise
current_stateful,2011_09_26/2011_09_26_drive_0039_sync,19,baseline,19,19,0000000019.png,3,0.3807571227565566,0.31160268588697565,0.0,gaussian_noise
current_stateful,2011_09_26/2011_09_26_drive_0039_sync,19,baseline,19,19,0000000019.png,4,0.5249129355155968,0.4333916168856636,0.0,gaussian_noise
current_stateful,2011_09_26/2011_09_26_drive_0039_sync,19,baseline,19,19,0000000019.png,5,0.29736973294226754,0.256736882971778,0.0,gaussian_noise
current_stateful,2011_09_26/2011_09_26_drive_0039_sync,20,baseline,20,20,0000000020.png,1,0.6405458196947947,0.4337429356345854,0.0,gaussian_noise
current_stateful,2011_09_26/2011_09_26_drive_0039_sync,20,baseline,20,20,0000000020.png,2,0.41222678905909216,0.36894435905776174,0.0,gaussian_noise
current_stateful,2011_09_26/2011_09_26_drive_0039_sync,20,baseline,20,20,0000000020.png,3,0.38344517501307634,0.31021309698773036,0.0,gaussian_noise
current_stateful,2011_09_26/2011_09_26_drive_0039_sync,20,baseline,20,20,0000000020.png,4,0.536746527415691,0.4303686797309379,0.0,gaussian_noise
current_stateful,2011_09_26/2011_09_26_drive_0039_sync,20,baseline,20,20,0000000020.png,5,0.3028805559872394,0.2522518230061477,0.0,gaussian_noise
current_stateful,2011_09_26/2011_09_26_drive_0039_sync,21,baseline,21,21,0000000021.png,1,0.6033406212541848,0.42411164975049115,0.0,gaussian_noise
current_stateful,2011_09_26/2011_09_26_drive_0039_sync,21,baseline,21,21,0000000021.png,2,0.4089876699689272,0.36775590274115216,0.0,gaussian_noise
current_stateful,2011_09_26/2011_09_26_drive_0039_sync,21,baseline,21,21,0000000021.png,3,0.3903905183220852,0.31046790212039216,0.0,gaussian_noise
current_stateful,2011_09_26/2011_09_26_drive_0039_sync,21,baseline,21,21,0000000021.png,4,0.5566223345017103,0.43188400810675487,0.0,gaussian_noise
current_stateful,2011_09_26/2011_09_26_drive_0039_sync,21,baseline,21,21,0000000021.png,5,0.3124048971193866,0.2508094349694732,0.0,gaussian_noise
current_stateful,2011_09_26/2011_09_26_drive_0039_sync,22,baseline,22,22,0000000022.png,1,0.5670160134929366,0.41072133394463484,0.0,gaussian_noise
current_stateful,2011_09_26/2011_09_26_drive_0039_sync,22,baseline,22,22,0000000022.png,2,0.40636250969047305,0.3663116712719846,0.0,gaussian_noise
current_stateful,2011_09_26/2011_09_26_drive_0039_sync,22,baseline,22,22,0000000022.png,3,0.40391456442982226,0.31295967623096876,0.0,gaussian_noise
current_stateful,2011_09_26/2011_09_26_drive_0039_sync,22,baseline,22,22,0000000022.png,4,0.5860496385557199,0.4383596831175165,0.0,gaussian_noise
current_stateful,2011_09_26/2011_09_26_drive_0039_sync,22,baseline,22,22,0000000022.png,5,0.3274143424991049,0.2527153107593155,0.0,gaussian_noise
current_stateful,2011_09_26/2011_09_26_drive_0039_sync,23,baseline,23,23,0000000023.png,1,0.5393691552342071,0.39449386114914964,0.0,gaussian_noise
current_stateful,2011_09_26/2011_09_26_drive_0039_sync,23,baseline,23,23,0000000023.png,2,0.40259838207221543,0.36458403384266613,0.0,gaussian_noise
current_stateful,2011_09_26/2011_09_26_drive_0039_sync,23,baseline,23,23,0000000023.png,3,0.4240830931139287,0.3185270273918764,0.0,gaussian_noise
current_stateful,2011_09_26/2011_09_26_drive_0039_sync,23,baseline,23,23,0000000023.png,4,0.6266144786955294,0.45113469172911275,0.0,gaussian_noise
current_stateful,2011_09_26/2011_09_26_drive_0039_sync,23,baseline,23,23,0000000023.png,5,0.34735217296081317,0.25829622739521596,0.0,gaussian_noise
current_stateful,2011_09_26/2011_09_26_drive_0039_sync,24,baseline,24,24,0000000024.png,1,0.5097951112221926,0.37756878382339504,0.0,gaussian_noise
current_stateful,2011_09_26/2011_09_26_drive_0039_sync,24,baseline,24,24,0000000024.png,2,0.3975780789171783,0.3626544168516675,0.0,gaussian_noise
current_stateful,2011_09_26/2011_09_26_drive_0039_sync,24,baseline,24,24,0000000024.png,3,0.44178162296509216,0.3268366281649849,0.0,gaussian_noise
current_stateful,2011_09_26/2011_09_26_drive_0039_sync,24,baseline,24,24,0000000024.png,4,0.6729864125003631,0.4709496138987134,0.0,gaussian_noise
current_stateful,2011_09_26/2011_09_26_drive_0039_sync,24,baseline,24,24,0000000024.png,5,0.37194348603835276,0.2676354143413461,0.0,gaussian_noise
current_stateful,2011_09_26/2011_09_26_drive_0039_sync,25,baseline,25,25,0000000025.png,1,0.4882600968627579,0.35902928154988906,0.0,gaussian_noise
current_stateful,2011_09_26/2011_09_26_drive_0039_sync,25,baseline,25,25,0000000025.png,2,0.3932369662880245,0.36065400788063207,0.0,gaussian_noise
current_stateful,2011_09_26/2011_09_26_drive_0039_sync,25,baseline,25,25,0000000025.png,3,0.4517314583186812,0.3364342310935785,0.0,gaussian_noise
current_stateful,2011_09_26/2011_09_26_drive_0039_sync,25,baseline,25,25,0000000025.png,4,0.7157558987490247,0.4966410842873449,0.0,gaussian_noise
current_stateful,2011_09_26/2011_09_26_drive_0039_sync,25,baseline,25,25,0000000025.png,5,0.3976842647342695,0.2806508922525233,0.0,gaussian_noise
current_stateful,2011_09_26/2011_09_26_drive_0039_sync,26,baseline,26,26,0000000026.png,1,0.45232246092171513,0.34526309169977476,0.0,gaussian_noise
current_stateful,2011_09_26/2011_09_26_drive_0039_sync,26,baseline,26,26,0000000026.png,2,0.39130693469733335,0.3587982724726038,0.0,gaussian_noise
current_stateful,2011_09_26/2011_09_26_drive_0039_sync,26,baseline,26,26,0000000026.png,3,0.4701609562442388,0.3478470577593578,0.0,gaussian_noise
current_stateful,2011_09_26/2011_09_26_drive_0039_sync,26,baseline,26,26,0000000026.png,4,0.7574364269945147,0.5263565206140611,0.0,gaussian_noise
current_stateful,2011_09_26/2011_09_26_drive_0039_sync,26,baseline,26,26,0000000026.png,5,0.42192397906623863,0.296673661619039,0.0,gaussian_noise
current_stateful,2011_09_26/2011_09_26_drive_0039_sync,27,baseline,27,27,0000000027.png,1,0.44114919252342055,0.33107139520093526,0.0,gaussian_noise
current_stateful,2011_09_26/2011_09_26_drive_0039_sync,27,baseline,27,27,0000000027.png,2,0.3844810176007122,0.35679393047984215,0.0,gaussian_noise
current_stateful,2011_09_26/2011_09_26_drive_0039_sync,27,baseline,27,27,0000000027.png,3,0.47484546895571167,0.3597384250354383,0.0,gaussian_noise
current_stateful,2011_09_26/2011_09_26_drive_0039_sync,27,baseline,27,27,0000000027.png,4,0.7961689921614643,0.5591290690565542,0.0,gaussian_noise
current_stateful,2011_09_26/2011_09_26_drive_0039_sync,27,baseline,27,27,0000000027.png,5,0.44162983016243024,0.3142726389254809,0.0,gaussian_noise
current_stateful,2011_09_26/2011_09_26_drive_0039_sync,28,baseline,28,28,0000000028.png,1,0.4608771893117913,0.3170581901308593,0.0,gaussian_noise
current_stateful,2011_09_26/2011_09_26_drive_0039_sync,28,baseline,28,28,0000000028.png,2,0.38105545490826054,0.35441609075504904,0.0,gaussian_noise
current_stateful,2011_09_26/2011_09_26_drive_0039_sync,28,baseline,28,28,0000000028.png,3,0.46060920105667397,0.36752700519537346,0.0,gaussian_noise
current_stateful,2011_09_26/2011_09_26_drive_0039_sync,28,baseline,28,28,0000000028.png,4,0.8200189961634312,0.5921934706016366,0.0,gaussian_noise
current_stateful,2011_09_26/2011_09_26_drive_0039_sync,28,baseline,28,28,0000000028.png,5,0.455954170946706,0.3322092300783077,0.0,gaussian_noise
current_stateful,2011_09_26/2011_09_26_drive_0039_sync,29,baseline,29,29,0000000029.png,1,0.47615426850946746,0.30781288704346255,0.0,gaussian_noise
current_stateful,2011_09_26/2011_09_26_drive_0039_sync,29,baseline,29,29,0000000029.png,2,0.38067449371628304,0.3519998839126363,0.0,gaussian_noise
current_stateful,2011_09_26/2011_09_26_drive_0039_sync,29,baseline,29,29,0000000029.png,3,0.4458730346336082,0.36983627930287477,0.0,gaussian_noise
current_stateful,2011_09_26/2011_09_26_drive_0039_sync,29,baseline,29,29,0000000029.png,4,0.8234830615790779,0.6204258788661816,0.0,gaussian_noise
current_stateful,2011_09_26/2011_09_26_drive_0039_sync,29,baseline,29,29,0000000029.png,5,0.46277493265878505,0.3488337132443611,0.0,gaussian_noise
current_stateful,2011_09_26/2011_09_26_drive_0039_sync,30,baseline,30,30,0000000030.png,1,0.4695204641393068,0.3031414500493581,0.0,gaussian_noise
current_stateful,2011_09_26/2011_09_26_drive_0039_sync,30,baseline,30,30,0000000030.png,2,0.3833282737554967,0.3502992343096901,0.0,gaussian_noise
current_stateful,2011_09_26/2011_09_26_drive_0039_sync,30,baseline,30,30,0000000030.png,3,0.44339049206636594,0.369335234087221,0.0,gaussian_noise
current_stateful,2011_09_26/2011_09_26_drive_0039_sync,30,baseline,30,30,0000000030.png,4,0.8152526216871944,0.6406012706763015,0.0,gaussian_noise
current_stateful,2011_09_26/2011_09_26_drive_0039_sync,30,baseline,30,30,0000000030.png,5,0.46472960571536265,0.36285513478294684,0.0,gaussian_noise
current_stateful,2011_09_26/2011_09_26_drive_0039_sync,31,baseline,31,31,0000000031.png,1,0.47279661636756626,0.2978227430302929,0.0,gaussian_noise
current_stateful,2011_09_26/2011_09_26_drive_0039_sync,31,baseline,31,31,0000000031.png,2,0.38361362440047647,0.3492343814220093,0.0,gaussian_noise
current_stateful,2011_09_26/2011_09_26_drive_0039_sync,31,baseline,31,31,0000000031.png,3,0.44724465476449266,0.368731619673917,0.0,gaussian_noise
current_stateful,2011_09_26/2011_09_26_drive_0039_sync,31,baseline,31,31,0000000031.png,4,0.8064192362967116,0.6527292604588903,0.0,gaussian_noise
current_stateful,2011_09_26/2011_09_26_drive_0039_sync,31,baseline,31,31,0000000031.png,5,0.4667346372814659,0.37411015639458967,0.0,gaussian_noise
current_stateful,2011_09_26/2011_09_26_drive_0039_sync,32,baseline,32,32,0000000032.png,1,0.48179827316679164,0.2905521899331162,0.0,gaussian_noise
current_stateful,2011_09_26/2011_09_26_drive_0039_sync,32,baseline,32,32,0000000032.png,2,0.3839133715316751,0.348602237646312,0.0,gaussian_noise
current_stateful,2011_09_26/2011_09_26_drive_0039_sync,32,baseline,32,32,0000000032.png,3,0.4471716041955339,0.36842465725060836,0.0,gaussian_noise
current_stateful,2011_09_26/2011_09_26_drive_0039_sync,32,baseline,32,32,0000000032.png,4,0.8014126326647449,0.659352527680359,0.0,gaussian_noise
current_stateful,2011_09_26/2011_09_26_drive_0039_sync,32,baseline,32,32,0000000032.png,5,0.4707778227956639,0.38338136650972665,0.0,gaussian_noise
current_stateful,2011_09_26/2011_09_26_drive_0039_sync,33,baseline,33,33,0000000033.png,1,0.4987499956492729,0.2821188352278601,0.0,gaussian_noise
current_stateful,2011_09_26/2011_09_26_drive_0039_sync,33,baseline,33,33,0000000033.png,2,0.3865614561849135,0.34855756575670044,0.0,gaussian_noise
current_stateful,2011_09_26/2011_09_26_drive_0039_sync,33,baseline,33,33,0000000033.png,3,0.44128150263292387,0.3673798477785665,0.0,gaussian_noise
current_stateful,2011_09_26/2011_09_26_drive_0039_sync,33,baseline,33,33,0000000033.png,4,0.7944595742166746,0.6623534387746626,0.0,gaussian_noise
current_stateful,2011_09_26/2011_09_26_drive_0039_sync,33,baseline,33,33,0000000033.png,5,0.47393711116601045,0.3912587161334454,0.0,gaussian_noise
current_stateful,2011_09_26/2011_09_26_drive_0039_sync,34,baseline,34,34,0000000034.png,1,0.5052669264621067,0.27642018037284216,0.0,gaussian_noise
current_stateful,2011_09_26/2011_09_26_drive_0039_sync,34,baseline,34,34,0000000034.png,2,0.3893884655143438,0.34897487608813155,0.0,gaussian_noise
current_stateful,2011_09_26/2011_09_26_drive_0039_sync,34,baseline,34,34,0000000034.png,3,0.43646305864440316,0.3657584940062021,0.0,gaussian_noise
current_stateful,2011_09_26/2011_09_26_drive_0039_sync,34,baseline,34,34,0000000034.png,4,0.7834807044006507,0.6622335107887172,0.0,gaussian_noise
current_stateful,2011_09_26/2011_09_26_drive_0039_sync,34,baseline,34,34,0000000034.png,5,0.47302453825525753,0.3975619383436853,0.0,gaussian_noise
current_stateful,2011_09_26/2011_09_26_drive_0039_sync,35,baseline,35,35,0000000035.png,1,0.5241273951399619,0.2746324281662835,0.0,gaussian_noise
current_stateful,2011_09_26/2011_09_26_drive_0039_sync,35,baseline,35,35,0000000035.png,2,0.39284058415602935,0.3498275262434861,0.0,gaussian_noise
current_stateful,2011_09_26/2011_09_26_drive_0039_sync,35,baseline,35,35,0000000035.png,3,0.4307483218975604,0.3632097860175463,0.0,gaussian_noise
current_stateful,2011_09_26/2011_09_26_drive_0039_sync,35,baseline,35,35,0000000035.png,4,0.7690315641141588,0.6589119590333186,0.0,gaussian_noise
current_stateful,2011_09_26/2011_09_26_drive_0039_sync,35,baseline,35,35,0000000035.png,5,0.46685911871798924,0.40155043051234124,0.0,gaussian_noise
current_stateful,2011_09_26/2011_09_26_drive_0039_sync,36,baseline,36,36,0000000036.png,1,0.540202518808503,0.27753724778983124,0.0,gaussian_noise
current_stateful,2011_09_26/2011_09_26_drive_0039_sync,36,baseline,36,36,0000000036.png,2,0.3971522595595741,0.351059465858299,0.0,gaussian_noise
current_stateful,2011_09_26/2011_09_26_drive_0039_sync,36,baseline,36,36,0000000036.png,3,0.4276102715974475,0.3599774816103309,0.0,gaussian_noise
current_stateful,2011_09_26/2011_09_26_drive_0039_sync,36,baseline,36,36,0000000036.png,4,0.7519955428428577,0.652260802612559,0.0,gaussian_noise
current_stateful,2011_09_26/2011_09_26_drive_0039_sync,36,baseline,36,36,0000000036.png,5,0.45691872513882775,0.40283801144554215,0.0,gaussian_noise
current_stateful,2011_09_26/2011_09_26_drive_0039_sync,37,baseline,37,37,0000000037.png,1,0.5460930766234732,0.2842721839620787,0.0,gaussian_noise
current_stateful,2011_09_26/2011_09_26_drive_0039_sync,37,baseline,37,37,0000000037.png,2,0.40036955042154376,0.3525164009690669,0.0,gaussian_noise
current_stateful,2011_09_26/2011_09_26_drive_0039_sync,37,baseline,37,37,0000000037.png,3,0.4275638303810279,0.3568502816109977,0.0,gaussian_noise
current_stateful,2011_09_26/2011_09_26_drive_0039_sync,37,baseline,37,37,0000000037.png,4,0.7390560932631379,0.6432681174896627,0.0,gaussian_noise
current_stateful,2011_09_26/2011_09_26_drive_0039_sync,37,baseline,37,37,0000000037.png,5,0.44798160944857407,0.40196033961031,0.0,gaussian_noise
current_stateful,2011_09_26/2011_09_26_drive_0039_sync,38,baseline,38,38,0000000038.png,1,0.5334067798634756,0.29395521880592307,0.0,gaussian_noise
current_stateful,2011_09_26/2011_09_26_drive_0039_sync,38,baseline,38,38,0000000038.png,2,0.40453628370400424,0.35429844993102183,0.0,gaussian_noise
current_stateful,2011_09_26/2011_09_26_drive_0039_sync,38,baseline,38,38,0000000038.png,3,0.43548653944834625,0.3552821927827502,0.0,gaussian_noise
current_stateful,2011_09_26/2011_09_26_drive_0039_sync,38,baseline,38,38,0000000038.png,4,0.7346208278070886,0.6338338899787747,0.0,gaussian_noise
current_stateful,2011_09_26/2011_09_26_drive_0039_sync,38,baseline,38,38,0000000038.png,5,0.44119491633974506,0.39966644901054216,0.0,gaussian_noise
current_stateful,2011_09_26/2011_09_26_drive_0039_sync,39,baseline,39,39,0000000039.png,1,0.5169384745115938,0.30110078121039824,0.0,gaussian_noise
current_stateful,2011_09_26/2011_09_26_drive_0039_sync,39,baseline,39,39,0000000039.png,2,0.40586612773498765,0.3561767316975656,0.0,gaussian_noise
current_stateful,2011_09_26/2011_09_26_drive_0039_sync,39,baseline,39,39,0000000039.png,3,0.4485164984404127,0.3561634959403536,0.0,gaussian_noise
current_stateful,2011_09_26/2011_09_26_drive_0039_sync,39,baseline,39,39,0000000039.png,4,0.7415192278623379,0.6265273154246639,0.0,gaussian_noise
current_stateful,2011_09_26/2011_09_26_drive_0039_sync,39,baseline,39,39,0000000039.png,5,0.4372753059142975,0.39689685649842343,0.0,gaussian_noise
current_stateful,2011_09_26/2011_09_26_drive_0039_sync,40,disturbance,0,40,0000000040.png,1,0.5904563836621087,0.3054534193309005,0.25483296501519664,gaussian_noise
current_stateful,2011_09_26/2011_09_26_drive_0039_sync,40,disturbance,0,40,0000000040.png,2,0.45517738546296066,0.36463047005622906,0.2620346653682089,gaussian_noise
current_stateful,2011_09_26/2011_09_26_drive_0039_sync,40,disturbance,0,40,0000000040.png,3,0.4535434320715609,0.3539978322042712,0.13893896102806302,gaussian_noise
current_stateful,2011_09_26/2011_09_26_drive_0039_sync,40,disturbance,0,40,0000000040.png,4,0.7160437054660621,0.6159907415585858,0.08211065792616859,gaussian_noise
current_stateful,2011_09_26/2011_09_26_drive_0039_sync,40,disturbance,0,40,0000000040.png,5,0.42487875524472946,0.39227274343284935,0.04668793619678118,gaussian_noise
current_stateful,2011_09_26/2011_09_26_drive_0039_sync,41,disturbance,1,41,0000000041.png,1,0.5746333318848803,0.30845362964062584,0.3386951154762179,gaussian_noise
current_stateful,2011_09_26/2011_09_26_drive_0039_sync,41,disturbance,1,41,0000000041.png,2,0.4903352288527492,0.37777064921399184,0.41308947751144237,gaussian_noise
current_stateful,2011_09_26/2011_09_26_drive_0039_sync,41,disturbance,1,41,0000000041.png,3,0.48991112660077885,0.3559668827477267,0.2740664818932384,gaussian_noise
current_stateful,2011_09_26/2011_09_26_drive_0039_sync,41,disturbance,1,41,0000000041.png,4,0.7040020318128029,0.6031808944588386,0.20077785707259702,gaussian_noise
current_stateful,2011_09_26/2011_09_26_drive_0039_sync,41,disturbance,1,41,0000000041.png,5,0.40748280207855153,0.38425981552468763,0.1353666065114413,gaussian_noise
current_stateful,2011_09_26/2011_09_26_drive_0039_sync,42,disturbance,2,42,0000000042.png,1,0.5528549530199843,0.3089682413545405,0.38763845340489944,gaussian_noise
current_stateful,2011_09_26/2011_09_26_drive_0039_sync,42,disturbance,2,42,0000000042.png,2,0.5122953948656789,0.39314821011940865,0.5053727994451129,gaussian_noise
current_stateful,2011_09_26/2011_09_26_drive_0039_sync,42,disturbance,2,42,0000000042.png,3,0.531800620598881,0.36654191236689826,0.3829073176080494,gaussian_noise
current_stateful,2011_09_26/2011_09_26_drive_0039_sync,42,disturbance,2,42,0000000042.png,4,0.7163468104741936,0.5929445036236033,0.31927539964866675,gaussian_noise
current_stateful,2011_09_26/2011_09_26_drive_0039_sync,42,disturbance,2,42,0000000042.png,5,0.39207345489500034,0.3729378275737373,0.24960026201643,gaussian_noise
current_stateful,2011_09_26/2011_09_26_drive_0039_sync,43,disturbance,3,43,0000000043.png,1,0.5426931824677732,0.3058697060525889,0.4192603974328971,gaussian_noise
current_stateful,2011_09_26/2011_09_26_drive_0039_sync,43,disturbance,3,43,0000000043.png,2,0.5252679921997,0.4086805311951253,0.5583283272084558,gaussian_noise
current_stateful,2011_09_26/2011_09_26_drive_0039_sync,43,disturbance,3,43,0000000043.png,3,0.5639963299801092,0.3845915557362973,0.4614081667453823,gaussian_noise
current_stateful,2011_09_26/2011_09_26_drive_0039_sync,43,disturbance,3,43,0000000043.png,4,0.7453357464741339,0.590202193996708,0.4211248693050416,gaussian_noise
current_stateful,2011_09_26/2011_09_26_drive_0039_sync,43,disturbance,3,43,0000000043.png,5,0.3852889793938552,0.3605973710355175,0.3698371447662337,gaussian_noise
current_stateful,2011_09_26/2011_09_26_drive_0039_sync,44,disturbance,4,44,0000000044.png,1,0.5639223968183894,0.29727342202425133,0.4476726006498211,gaussian_noise
current_stateful,2011_09_26/2011_09_26_drive_0039_sync,44,disturbance,4,44,0000000044.png,2,0.5352077544564733,0.42350853029564234,0.5988034092645687,gaussian_noise
current_stateful,2011_09_26/2011_09_26_drive_0039_sync,44,disturbance,4,44,0000000044.png,3,0.5761958617997213,0.4047024839128234,0.5176214948335822,gaussian_noise
current_stateful,2011_09_26/2011_09_26_drive_0039_sync,44,disturbance,4,44,0000000044.png,4,0.7695940163004529,0.5956949593670867,0.49983656001677546,gaussian_noise
current_stateful,2011_09_26/2011_09_26_drive_0039_sync,44,disturbance,4,44,0000000044.png,5,0.38445919015694846,0.3497105290728398,0.48096479202166015,gaussian_noise
current_stateful,2011_09_26/2011_09_26_drive_0039_sync,45,disturbance,5,45,0000000045.png,1,0.5861102154682252,0.29081557405853053,0.46955871757622114,gaussian_noise
current_stateful,2011_09_26/2011_09_26_drive_0039_sync,45,disturbance,5,45,0000000045.png,2,0.5475913039409093,0.4378123110387667,0.6344215758966815,gaussian_noise
current_stateful,2011_09_26/2011_09_26_drive_0039_sync,45,disturbance,5,45,0000000045.png,3,0.5760101636892679,0.42232861167726266,0.5600192396365853,gaussian_noise
current_stateful,2011_09_26/2011_09_26_drive_0039_sync,45,disturbance,5,45,0000000045.png,4,0.7779394224152453,0.6059389678586239,0.558760528405425,gaussian_noise
current_stateful,2011_09_26/2011_09_26_drive_0039_sync,45,disturbance,5,45,0000000045.png,5,0.3829843888125238,0.34118959127661874,0.5763452238328001,gaussian_noise
current_stateful,2011_09_26/2011_09_26_drive_0039_sync,46,disturbance,6,46,0000000046.png,1,0.5687217632773881,0.2920521956450003,0.48162820108347504,gaussian_noise
current_stateful,2011_09_26/2011_09_26_drive_0039_sync,46,disturbance,6,46,0000000046.png,2,0.5584282917669239,0.45147010741042576,0.6575729333342009,gaussian_noise
current_stateful,2011_09_26/2011_09_26_drive_0039_sync,46,disturbance,6,46,0000000046.png,3,0.5829723746697004,0.43794538518926335,0.5934431545289703,gaussian_noise
current_stateful,2011_09_26/2011_09_26_drive_0039_sync,46,disturbance,6,46,0000000046.png,4,0.7840295704183456,0.6181703175707807,0.6040691822683221,gaussian_noise
current_stateful,2011_09_26/2011_09_26_drive_0039_sync,46,disturbance,6,46,0000000046.png,5,0.38110892333353974,0.3351396117602973,0.6485890253474373,gaussian_noise
current_stateful,2011_09_26/2011_09_26_drive_0039_sync,47,disturbance,7,47,0000000047.png,1,0.6016653483600964,0.2871316419191745,0.49643252526468357,gaussian_noise
current_stateful,2011_09_26/2011_09_26_drive_0039_sync,47,disturbance,7,47,0000000047.png,2,0.5629317318096336,0.4638163127212533,0.6823043748652309,gaussian_noise
current_stateful,2011_09_26/2011_09_26_drive_0039_sync,47,disturbance,7,47,0000000047.png,3,0.5819230776921382,0.45125042926527226,0.6216713948163214,gaussian_noise
current_stateful,2011_09_26/2011_09_26_drive_0039_sync,47,disturbance,7,47,0000000047.png,4,0.7856403996692444,0.6305017067359915,0.6402122900746122,gaussian_noise
current_stateful,2011_09_26/2011_09_26_drive_0039_sync,47,disturbance,7,47,0000000047.png,5,0.377848005961327,0.3310017603341515,0.7060568751698822,gaussian_noise
current_stateful,2011_09_26/2011_09_26_drive_0039_sync,48,disturbance,8,48,0000000048.png,1,0.6431172275429261,0.2895549417255797,0.5102535369616157,gaussian_noise
current_stateful,2011_09_26/2011_09_26_drive_0039_sync,48,disturbance,8,48,0000000048.png,2,0.5678782038736513,0.4745242768719354,0.7064498761746352,gaussian_noise
current_stateful,2011_09_26/2011_09_26_drive_0039_sync,48,disturbance,8,48,0000000048.png,3,0.5761305357620403,0.46102642040423847,0.6442768954207089,gaussian_noise
current_stateful,2011_09_26/2011_09_26_drive_0039_sync,48,disturbance,8,48,0000000048.png,4,0.7787728708151814,0.6406998527017049,0.6683061532435831,gaussian_noise
current_stateful,2011_09_26/2011_09_26_drive_0039_sync,48,disturbance,8,48,0000000048.png,5,0.3719694522395736,0.32776154062034135,0.7581435838342158,gaussian_noise
current_stateful,2011_09_26/2011_09_26_drive_0039_sync,49,disturbance,9,49,0000000049.png,1,0.6264773464104889,0.30168522983948654,0.5178681319319335,gaussian_noise
current_stateful,2011_09_26/2011_09_26_drive_0039_sync,49,disturbance,9,49,0000000049.png,2,0.5746305350974646,0.4840939880435675,0.7241422728883002,gaussian_noise
current_stateful,2011_09_26/2011_09_26_drive_0039_sync,49,disturbance,9,49,0000000049.png,3,0.5804167298009413,0.4687790228859512,0.661688268420481,gaussian_noise
current_stateful,2011_09_26/2011_09_26_drive_0039_sync,49,disturbance,9,49,0000000049.png,4,0.7698898816432234,0.64771402027179,0.690394725592006,gaussian_noise
current_stateful,2011_09_26/2011_09_26_drive_0039_sync,49,disturbance,9,49,0000000049.png,5,0.3656658274085836,0.3246649252385963,0.8084596990070457,gaussian_noise
current_stateful,2011_09_26/2011_09_26_drive_0039_sync,50,disturbance,10,50,0000000050.png,1,0.6113811496782238,0.3106548608131854,0.5237568020464478,gaussian_noise
current_stateful,2011_09_26/2011_09_26_drive_0039_sync,50,disturbance,10,50,0000000050.png,2,0.5763146021302995,0.4924931645343328,0.7334381582709475,gaussian_noise
current_stateful,2011_09_26/2011_09_26_drive_0039_sync,50,disturbance,10,50,0000000050.png,3,0.5867059226646356,0.4761756588155801,0.6760205338635695,gaussian_noise
current_stateful,2011_09_26/2011_09_26_drive_0039_sync,50,disturbance,10,50,0000000050.png,4,0.7684729369584804,0.6527252822327161,0.7084982903860042,gaussian_noise
current_stateful,2011_09_26/2011_09_26_drive_0039_sync,50,disturbance,10,50,0000000050.png,5,0.361363488148874,0.3218925958839246,0.8542130327857069,gaussian_noise
current_stateful,2011_09_26/2011_09_26_drive_0039_sync,51,disturbance,11,51,0000000051.png,1,0.6005821528371175,0.3128553438469452,0.5284479993414861,gaussian_noise
current_stateful,2011_09_26/2011_09_26_drive_0039_sync,51,disturbance,11,51,0000000051.png,2,0.577308170531236,0.4996432593300773,0.7379652774922666,gaussian_noise
current_stateful,2011_09_26/2011_09_26_drive_0039_sync,51,disturbance,11,51,0000000051.png,3,0.5883242927787795,0.4831948251374056,0.6870296337744325,gaussian_noise
current_stateful,2011_09_26/2011_09_26_drive_0039_sync,51,disturbance,11,51,0000000051.png,4,0.7716662997984679,0.657513522790569,0.7225448645298062,gaussian_noise
current_stateful,2011_09_26/2011_09_26_drive_0039_sync,51,disturbance,11,51,0000000051.png,5,0.3577970065394679,0.3197333484815421,0.8904207909275911,gaussian_noise
current_stateful,2011_09_26/2011_09_26_drive_0039_sync,52,disturbance,12,52,0000000052.png,1,0.606622028846181,0.3126256312089414,0.5326647342516769,gaussian_noise
current_stateful,2011_09_26/2011_09_26_drive_0039_sync,52,disturbance,12,52,0000000052.png,2,0.5795295166392446,0.5057422931784191,0.7415376336605896,gaussian_noise
current_stateful,2011_09_26/2011_09_26_drive_0039_sync,52,disturbance,12,52,0000000052.png,3,0.588343443034384,0.4894033931668786,0.694727474767278,gaussian_noise
current_stateful,2011_09_26/2011_09_26_drive_0039_sync,52,disturbance,12,52,0000000052.png,4,0.7744457889905482,0.6626457969671831,0.7321948079566205,gaussian_noise
current_stateful,2011_09_26/2011_09_26_drive_0039_sync,52,disturbance,12,52,0000000052.png,5,0.35484806305702726,0.31819205677598134,0.9143472915598445,gaussian_noise
current_stateful,2011_09_26/2011_09_26_drive_0039_sync,53,disturbance,13,53,0000000053.png,1,0.6092447241354557,0.31299206476640334,0.5336636869446262,gaussian_noise
current_stateful,2011_09_26/2011_09_26_drive_0039_sync,53,disturbance,13,53,0000000053.png,2,0.5820759360693741,0.5109936570444712,0.7426558259507636,gaussian_noise
current_stateful,2011_09_26/2011_09_26_drive_0039_sync,53,disturbance,13,53,0000000053.png,3,0.5910462256353471,0.4948422020876649,0.6997130886117376,gaussian_noise
current_stateful,2011_09_26/2011_09_26_drive_0039_sync,53,disturbance,13,53,0000000053.png,4,0.7760776791486921,0.6679704780719735,0.7386831318073339,gaussian_noise
current_stateful,2011_09_26/2011_09_26_drive_0039_sync,53,disturbance,13,53,0000000053.png,5,0.3535445332018998,0.3172480997652943,0.929087080973768,gaussian_noise
current_stateful,2011_09_26/2011_09_26_drive_0039_sync,54,disturbance,14,54,0000000054.png,1,0.5956576938731606,0.3145592617422351,0.529534630699642,gaussian_noise
current_stateful,2011_09_26/2011_09_26_drive_0039_sync,54,disturbance,14,54,0000000054.png,2,0.5819337704523845,0.5151217034974199,0.7361178452966749,gaussian_noise
current_stateful,2011_09_26/2011_09_26_drive_0039_sync,54,disturbance,14,54,0000000054.png,3,0.5987313374092673,0.5002791912933289,0.701993484256346,gaussian_noise
current_stateful,2011_09_26/2011_09_26_drive_0039_sync,54,disturbance,14,54,0000000054.png,4,0.7802228295137477,0.6735638815381257,0.7428270357090074,gaussian_noise
current_stateful,2011_09_26/2011_09_26_drive_0039_sync,54,disturbance,14,54,0000000054.png,5,0.3543134337397179,0.31708890082200053,0.9346170228138295,gaussian_noise
current_stateful,2011_09_26/2011_09_26_drive_0039_sync,55,disturbance,15,55,0000000055.png,1,0.5818142146932171,0.31541623608248853,0.5267414699463557,gaussian_noise
current_stateful,2011_09_26/2011_09_26_drive_0039_sync,55,disturbance,15,55,0000000055.png,2,0.5799333178222946,0.5181411989364173,0.7265326154776874,gaussian_noise
current_stateful,2011_09_26/2011_09_26_drive_0039_sync,55,disturbance,15,55,0000000055.png,3,0.6104080721379354,0.5066119544291978,0.6997801514330385,gaussian_noise
current_stateful,2011_09_26/2011_09_26_drive_0039_sync,55,disturbance,15,55,0000000055.png,4,0.7902283407545199,0.6797153073518108,0.7433993390930264,gaussian_noise
current_stateful,2011_09_26/2011_09_26_drive_0039_sync,55,disturbance,15,55,0000000055.png,5,0.35785125782609967,0.31791311999064237,0.929438335112293,gaussian_noise
current_stateful,2011_09_26/2011_09_26_drive_0039_sync,56,disturbance,16,56,0000000056.png,1,0.5744145906821542,0.3138877499410238,0.5224852923097749,gaussian_noise
current_stateful,2011_09_26/2011_09_26_drive_0039_sync,56,disturbance,16,56,0000000056.png,2,0.5771571373159915,0.5200867123836345,0.7145487758518576,gaussian_noise
current_stateful,2011_09_26/2011_09_26_drive_0039_sync,56,disturbance,16,56,0000000056.png,3,0.6203132234818945,0.5137127036706909,0.6951249075994557,gaussian_noise
current_stateful,2011_09_26/2011_09_26_drive_0039_sync,56,disturbance,16,56,0000000056.png,4,0.8039134366486667,0.6868117105787964,0.7411905808571231,gaussian_noise
current_stateful,2011_09_26/2011_09_26_drive_0039_sync,56,disturbance,16,56,0000000056.png,5,0.3652411846703445,0.3198947041211683,0.9108456886504883,gaussian_noise
current_stateful,2011_09_26/2011_09_26_drive_0039_sync,57,disturbance,17,57,0000000057.png,1,0.5753359567465319,0.31044207448795813,0.5215394554759248,gaussian_noise
current_stateful,2011_09_26/2011_09_26_drive_0039_sync,57,disturbance,17,57,0000000057.png,2,0.5748806136636271,0.5211326679407543,0.7054292132370623,gaussian_noise
current_stateful,2011_09_26/2011_09_26_drive_0039_sync,57,disturbance,17,57,0000000057.png,3,0.6280755135934076,0.5212114422670543,0.6894430550479504,gaussian_noise
current_stateful,2011_09_26/2011_09_26_drive_0039_sync,57,disturbance,17,57,0000000057.png,4,0.8204827188133702,0.6955444683145009,0.736117032915474,gaussian_noise
current_stateful,2011_09_26/2011_09_26_drive_0039_sync,57,disturbance,17,57,0000000057.png,5,0.37563720098385184,0.3230557632419896,0.8861958554366259,gaussian_noise
current_stateful,2011_09_26/2011_09_26_drive_0039_sync,58,disturbance,18,58,0000000058.png,1,0.580542907577439,0.3038439686132624,0.5243004037427531,gaussian_noise
current_stateful,2011_09_26/2011_09_26_drive_0039_sync,58,disturbance,18,58,0000000058.png,2,0.5717479352651831,0.5214912473493184,0.7059295131706808,gaussian_noise
current_stateful,2011_09_26/2011_09_26_drive_0039_sync,58,disturbance,18,58,0000000058.png,3,0.6254121377702881,0.5274105104484162,0.6862665749966634,gaussian_noise
current_stateful,2011_09_26/2011_09_26_drive_0039_sync,58,disturbance,18,58,0000000058.png,4,0.8339503801525973,0.70604678008896,0.730392733418303,gaussian_noise
current_stateful,2011_09_26/2011_09_26_drive_0039_sync,58,disturbance,18,58,0000000058.png,5,0.38677044563237445,0.32746308946514624,0.866735261008791,gaussian_noise
current_stateful,2011_09_26/2011_09_26_drive_0039_sync,59,disturbance,19,59,0000000059.png,1,0.6058676695741995,0.29771100470668876,0.5343390327350599,gaussian_noise
current_stateful,2011_09_26/2011_09_26_drive_0039_sync,59,disturbance,19,59,0000000059.png,2,0.5704057940011791,0.5214572698783779,0.7211887751824994,gaussian_noise
current_stateful,2011_09_26/2011_09_26_drive_0039_sync,59,disturbance,19,59,0000000059.png,3,0.6129635073686593,0.5306695716012471,0.6884218465136489,gaussian_noise
current_stateful,2011_09_26/2011_09_26_drive_0039_sync,59,disturbance,19,59,0000000059.png,4,0.8319348724099261,0.7159837296668625,0.7281676587272946,gaussian_noise
current_stateful,2011_09_26/2011_09_26_drive_0039_sync,59,disturbance,19,59,0000000059.png,5,0.39382628355999805,0.3327652140832795,0.8590641455369319,gaussian_noise
current_stateful,2011_09_26/2011_09_26_drive_0039_sync,60,disturbance,20,60,0000000060.png,1,0.6325899681469748,0.29787415976664683,0.5473506845971287,gaussian_noise
current_stateful,2011_09_26/2011_09_26_drive_0039_sync,60,disturbance,20,60,0000000060.png,2,0.5717206524633511,0.5214902024479626,0.7447027631772211,gaussian_noise
current_stateful,2011_09_26/2011_09_26_drive_0039_sync,60,disturbance,20,60,0000000060.png,3,0.595939097792286,0.5298579830027688,0.696150030086624,gaussian_noise
current_stateful,2011_09_26/2011_09_26_drive_0039_sync,60,disturbance,20,60,0000000060.png,4,0.80995338591207,0.7212182306576129,0.7306608747211291,gaussian_noise
current_stateful,2011_09_26/2011_09_26_drive_0039_sync,60,disturbance,20,60,0000000060.png,5,0.39155772273085043,0.33750438036003305,0.8589577683088089,gaussian_noise
current_stateful,2011_09_26/2011_09_26_drive_0039_sync,61,disturbance,21,61,0000000061.png,1,0.6445421298311464,0.3053243431043516,0.5563862858592649,gaussian_noise
current_stateful,2011_09_26/2011_09_26_drive_0039_sync,61,disturbance,21,61,0000000061.png,2,0.5740991431558188,0.5217654218015965,0.7702560104006748,gaussian_noise
current_stateful,2011_09_26/2011_09_26_drive_0039_sync,61,disturbance,21,61,0000000061.png,3,0.5839404031227063,0.5260398014540787,0.7076936224491303,gaussian_noise
current_stateful,2011_09_26/2011_09_26_drive_0039_sync,61,disturbance,21,61,0000000061.png,4,0.7778910660642439,0.7189447532602695,0.7371571820929913,gaussian_noise
current_stateful,2011_09_26/2011_09_26_drive_0039_sync,61,disturbance,21,61,0000000061.png,5,0.3801451977304571,0.3396946280971507,0.8607070838248122,gaussian_noise
current_stateful,2011_09_26/2011_09_26_drive_0039_sync,62,disturbance,22,62,0000000062.png,1,0.6151596051734928,0.31690666257858136,0.5554852795437989,gaussian_noise
current_stateful,2011_09_26/2011_09_26_drive_0039_sync,62,disturbance,22,62,0000000062.png,2,0.5780612304377746,0.522445495323893,0.7825953451446673,gaussian_noise
current_stateful,2011_09_26/2011_09_26_drive_0039_sync,62,disturbance,22,62,0000000062.png,3,0.5846777033932052,0.521475507530525,0.7191301129528578,gaussian_noise
current_stateful,2011_09_26/2011_09_26_drive_0039_sync,62,disturbance,22,62,0000000062.png,4,0.7471787434887447,0.70866401285749,0.7451965639011152,gaussian_noise
current_stateful,2011_09_26/2011_09_26_drive_0039_sync,62,disturbance,22,62,0000000062.png,5,0.3654436080617938,0.338264685687049,0.8623284499489234,gaussian_noise
current_stateful,2011_09_26/2011_09_26_drive_0039_sync,63,disturbance,23,63,0000000063.png,1,0.6067725153731351,0.3097957025861087,0.558576604032864,gaussian_noise
current_stateful,2011_09_26/2011_09_26_drive_0039_sync,63,disturbance,23,63,0000000063.png,2,0.5751282351099543,0.5231681957593486,0.7913870829296186,gaussian_noise
current_stateful,2011_09_26/2011_09_26_drive_0039_sync,63,disturbance,23,63,0000000063.png,3,0.5803454379929418,0.51746802334351,0.7274549019765596,gaussian_noise
current_stateful,2011_09_26/2011_09_26_drive_0039_sync,63,disturbance,23,63,0000000063.png,4,0.7349862145732398,0.6956560730067571,0.7516629050473834,gaussian_noise
current_stateful,2011_09_26/2011_09_26_drive_0039_sync,63,disturbance,23,63,0000000063.png,5,0.3538028725709203,0.33399039500022826,0.8663834148213243,gaussian_noise
current_stateful,2011_09_26/2011_09_26_drive_0039_sync,64,disturbance,24,64,0000000064.png,1,0.6694174828728452,0.2924600685441275,0.5657009748959649,gaussian_noise
current_stateful,2011_09_26/2011_09_26_drive_0039_sync,64,disturbance,24,64,0000000064.png,2,0.5754877040927308,0.5238550066672188,0.8054227326481214,gaussian_noise
current_stateful,2011_09_26/2011_09_26_drive_0039_sync,64,disturbance,24,64,0000000064.png,3,0.5704681243304667,0.5135087474165678,0.732736133651339,gaussian_noise
current_stateful,2011_09_26/2011_09_26_drive_0039_sync,64,disturbance,24,64,0000000064.png,4,0.726241530638924,0.6835904470023076,0.7581839898142206,gaussian_noise
current_stateful,2011_09_26/2011_09_26_drive_0039_sync,64,disturbance,24,64,0000000064.png,5,0.34685822352236456,0.32842578973767933,0.8777839180733846,gaussian_noise
current_stateful,2011_09_26/2011_09_26_drive_0039_sync,65,disturbance,25,65,0000000065.png,1,0.6493717585720395,0.3000919352465884,0.5617712782479355,gaussian_noise
current_stateful,2011_09_26/2011_09_26_drive_0039_sync,65,disturbance,25,65,0000000065.png,2,0.579330672745105,0.5247586965010634,0.8082608835078722,gaussian_noise
current_stateful,2011_09_26/2011_09_26_drive_0039_sync,65,disturbance,25,65,0000000065.png,3,0.5717993729954786,0.5100496528014533,0.7345202686374808,gaussian_noise
current_stateful,2011_09_26/2011_09_26_drive_0039_sync,65,disturbance,25,65,0000000065.png,4,0.7164511673329566,0.6729910132907457,0.7614569012819302,gaussian_noise
current_stateful,2011_09_26/2011_09_26_drive_0039_sync,65,disturbance,25,65,0000000065.png,5,0.3432618217685489,0.32303917087467,0.8916028612202334,gaussian_noise
current_stateful,2011_09_26/2011_09_26_drive_0039_sync,66,disturbance,26,66,0000000066.png,1,0.6212236619626093,0.3090858559637662,0.5640601288707195,gaussian_noise
current_stateful,2011_09_26/2011_09_26_drive_0039_sync,66,disturbance,26,66,0000000066.png,2,0.5773889825463365,0.525449577260543,0.8111120917810511,gaussian_noise
current_stateful,2011_09_26/2011_09_26_drive_0039_sync,66,disturbance,26,66,0000000066.png,3,0.5730754114598133,0.5077766626079828,0.7353599828729883,gaussian_noise
current_stateful,2011_09_26/2011_09_26_drive_0039_sync,66,disturbance,26,66,0000000066.png,4,0.7171416481355005,0.6649488573268931,0.764027213204312,gaussian_noise
current_stateful,2011_09_26/2011_09_26_drive_0039_sync,66,disturbance,26,66,0000000066.png,5,0.34187997858782837,0.3186537647594914,0.9046059060877886,gaussian_noise
current_stateful,2011_09_26/2011_09_26_drive_0039_sync,67,disturbance,27,67,0000000067.png,1,0.6177490840605322,0.31449925412006746,0.5645731529106326,gaussian_noise
current_stateful,2011_09_26/2011_09_26_drive_0039_sync,67,disturbance,27,67,0000000067.png,2,0.5769530092075466,0.5259739603963047,0.8148943602914516,gaussian_noise
current_stateful,2011_09_26/2011_09_26_drive_0039_sync,67,disturbance,27,67,0000000067.png,3,0.5727895850759792,0.5062962859739781,0.7365195611495364,gaussian_noise
current_stateful,2011_09_26/2011_09_26_drive_0039_sync,67,disturbance,27,67,0000000067.png,4,0.7215747760637,0.6599393312946656,0.7674608340747333,gaussian_noise
current_stateful,2011_09_26/2011_09_26_drive_0039_sync,67,disturbance,27,67,0000000067.png,5,0.3416153303353442,0.315684710083623,0.9159178846714455,gaussian_noise
current_stateful,2011_09_26/2011_09_26_drive_0039_sync,68,disturbance,28,68,0000000068.png,1,0.5880180931533036,0.3210584675144908,0.5560525064712262,gaussian_noise
current_stateful,2011_09_26/2011_09_26_drive_0039_sync,68,disturbance,28,68,0000000068.png,2,0.5777370299184155,0.5262337846771897,0.8054474317739735,gaussian_noise
current_stateful,2011_09_26/2011_09_26_drive_0039_sync,68,disturbance,28,68,0000000068.png,3,0.5815094611448395,0.5061991916585414,0.7344102296207637,gaussian_noise
current_stateful,2011_09_26/2011_09_26_drive_0039_sync,68,disturbance,28,68,0000000068.png,4,0.726735885482567,0.6570182867723112,0.7685286062561778,gaussian_noise
current_stateful,2011_09_26/2011_09_26_drive_0039_sync,68,disturbance,28,68,0000000068.png,5,0.34296928913043906,0.31449583830907635,0.9242662117122137,gaussian_noise
current_stateful,2011_09_26/2011_09_26_drive_0039_sync,69,disturbance,29,69,0000000069.png,1,0.5847662163002955,0.31974608014122124,0.5540730105581573,gaussian_noise
current_stateful,2011_09_26/2011_09_26_drive_0039_sync,69,disturbance,29,69,0000000069.png,2,0.5755004279004502,0.5263097054358057,0.7939746547668354,gaussian_noise
current_stateful,2011_09_26/2011_09_26_drive_0039_sync,69,disturbance,29,69,0000000069.png,3,0.5875571143462053,0.5073157059383541,0.7295291565393918,gaussian_noise
current_stateful,2011_09_26/2011_09_26_drive_0039_sync,69,disturbance,29,69,0000000069.png,4,0.7367208034668608,0.6562167498597886,0.7657776616058488,gaussian_noise
current_stateful,2011_09_26/2011_09_26_drive_0039_sync,69,disturbance,29,69,0000000069.png,5,0.34686208146473513,0.314773693553507,0.9237714272825172,gaussian_noise
current_stateful,2011_09_26/2011_09_26_drive_0039_sync,70,disturbance,30,70,0000000070.png,1,0.5976720921156357,0.31675176960325035,0.5507433022519094,gaussian_noise
current_stateful,2011_09_26/2011_09_26_drive_0039_sync,70,disturbance,30,70,0000000070.png,2,0.5748715365840006,0.5261329590247087,0.7841051752349286,gaussian_noise
current_stateful,2011_09_26/2011_09_26_drive_0039_sync,70,disturbance,30,70,0000000070.png,3,0.5900026987367175,0.5089330839801838,0.7236782909618301,gaussian_noise
current_stateful,2011_09_26/2011_09_26_drive_0039_sync,70,disturbance,30,70,0000000070.png,4,0.7497467964442492,0.65808252696337,0.7596070524006034,gaussian_noise
current_stateful,2011_09_26/2011_09_26_drive_0039_sync,70,disturbance,30,70,0000000070.png,5,0.35437722494511026,0.31614840233046476,0.9172983381490252,gaussian_noise
current_stateful,2011_09_26/2011_09_26_drive_0039_sync,71,disturbance,31,71,0000000071.png,1,0.5953106811085017,0.3160191533948977,0.5435593433473445,gaussian_noise
current_stateful,2011_09_26/2011_09_26_drive_0039_sync,71,disturbance,31,71,0000000071.png,2,0.5749709803361355,0.525707870659237,0.7713302736834471,gaussian_noise
current_stateful,2011_09_26/2011_09_26_drive_0039_sync,71,disturbance,31,71,0000000071.png,3,0.5954257787339456,0.5110544246657506,0.7162910914335492,gaussian_noise
current_stateful,2011_09_26/2011_09_26_drive_0039_sync,71,disturbance,31,71,0000000071.png,4,0.7623837364543642,0.6620982624776364,0.7526056310857393,gaussian_noise
current_stateful,2011_09_26/2011_09_26_drive_0039_sync,71,disturbance,31,71,0000000071.png,5,0.3649727847051343,0.3188165740376639,0.9090445176211935,gaussian_noise
current_stateful,2011_09_26/2011_09_26_drive_0039_sync,72,disturbance,32,72,0000000072.png,1,0.5990831771228846,0.3158625476701688,0.5365179960094919,gaussian_noise
current_stateful,2011_09_26/2011_09_26_drive_0039_sync,72,disturbance,32,72,0000000072.png,2,0.5733637198011213,0.5250361100376683,0.7547079773678576,gaussian_noise
current_stateful,2011_09_26/2011_09_26_drive_0039_sync,72,disturbance,32,72,0000000072.png,3,0.6032578859854052,0.5138388228477624,0.70768974231784,gaussian_noise
current_stateful,2011_09_26/2011_09_26_drive_0039_sync,72,disturbance,32,72,0000000072.png,4,0.777181643159152,0.66788882989136,0.746180233403349,gaussian_noise
current_stateful,2011_09_26/2011_09_26_drive_0039_sync,72,disturbance,32,72,0000000072.png,5,0.3767706476194705,0.3229849250544395,0.9015771489525716,gaussian_noise
current_stateful,2011_09_26/2011_09_26_drive_0039_sync,73,disturbance,33,73,0000000073.png,1,0.6170910294563597,0.31431800575079255,0.5314748756879905,gaussian_noise
current_stateful,2011_09_26/2011_09_26_drive_0039_sync,73,disturbance,33,73,0000000073.png,2,0.5708100580674841,0.524186655527627,0.7401040771864081,gaussian_noise
current_stateful,2011_09_26/2011_09_26_drive_0039_sync,73,disturbance,33,73,0000000073.png,3,0.6079769118836453,0.5171455420599749,0.7010328232434959,gaussian_noise
current_stateful,2011_09_26/2011_09_26_drive_0039_sync,73,disturbance,33,73,0000000073.png,4,0.7941353636391228,0.675735071340003,0.7416712260701248,gaussian_noise
current_stateful,2011_09_26/2011_09_26_drive_0039_sync,73,disturbance,33,73,0000000073.png,5,0.3879920805715672,0.3285625334977001,0.8928726099917116,gaussian_noise
current_stateful,2011_09_26/2011_09_26_drive_0039_sync,74,disturbance,34,74,0000000074.png,1,0.6614225412474406,0.30989488276867033,0.5379762856268995,gaussian_noise
current_stateful,2011_09_26/2011_09_26_drive_0039_sync,74,disturbance,34,74,0000000074.png,2,0.5700650754398328,0.5233067281133059,0.7456502690026197,gaussian_noise
current_stateful,2011_09_26/2011_09_26_drive_0039_sync,74,disturbance,34,74,0000000074.png,3,0.5971052544177973,0.5191362612949165,0.7020557162461928,gaussian_noise
current_stateful,2011_09_26/2011_09_26_drive_0039_sync,74,disturbance,34,74,0000000074.png,4,0.7999839920708753,0.6848479744748247,0.7434786915735675,gaussian_noise
current_stateful,2011_09_26/2011_09_26_drive_0039_sync,74,disturbance,34,74,0000000074.png,5,0.39531787228501614,0.3350654101880593,0.8879931141544166,gaussian_noise
current_stateful,2011_09_26/2011_09_26_drive_0039_sync,75,disturbance,35,75,0000000075.png,1,0.6936594169874759,0.310521677918501,0.5479530530894148,gaussian_noise
current_stateful,2011_09_26/2011_09_26_drive_0039_sync,75,disturbance,35,75,0000000075.png,2,0.5715428809324035,0.5226480174898007,0.7642265066411128,gaussian_noise
current_stateful,2011_09_26/2011_09_26_drive_0039_sync,75,disturbance,35,75,0000000075.png,3,0.5809549986607545,0.5178918559629192,0.7053339396839841,gaussian_noise
current_stateful,2011_09_26/2011_09_26_drive_0039_sync,75,disturbance,35,75,0000000075.png,4,0.7866416991085255,0.6914687078117067,0.7481548605756835,gaussian_noise
current_stateful,2011_09_26/2011_09_26_drive_0039_sync,75,disturbance,35,75,0000000075.png,5,0.3944785893370666,0.34093186353167093,0.887346543245187,gaussian_noise
current_stateful,2011_09_26/2011_09_26_drive_0039_sync,76,disturbance,36,76,0000000076.png,1,0.6596112082376903,0.32028032218514574,0.5486169147508712,gaussian_noise
current_stateful,2011_09_26/2011_09_26_drive_0039_sync,76,disturbance,36,76,0000000076.png,2,0.5761818963664679,0.5226200470683287,0.7772054913680766,gaussian_noise
current_stateful,2011_09_26/2011_09_26_drive_0039_sync,76,disturbance,36,76,0000000076.png,3,0.5774570343475176,0.5149112606797978,0.7089330850385411,gaussian_noise
current_stateful,2011_09_26/2011_09_26_drive_0039_sync,76,disturbance,36,76,0000000076.png,4,0.7631838422723682,0.6922189072707781,0.7511891468129741,gaussian_noise
current_stateful,2011_09_26/2011_09_26_drive_0039_sync,76,disturbance,36,76,0000000076.png,5,0.3874791070377232,0.34444533419426,0.8858507369341241,gaussian_noise
current_stateful,2011_09_26/2011_09_26_drive_0039_sync,77,disturbance,37,77,0000000077.png,1,0.634722872729079,0.3193618541907815,0.5492202951231803,gaussian_noise
current_stateful,2011_09_26/2011_09_26_drive_0039_sync,77,disturbance,37,77,0000000077.png,2,0.5772944553326699,0.5232914487285423,0.7839679904758572,gaussian_noise
current_stateful,2011_09_26/2011_09_26_drive_0039_sync,77,disturbance,37,77,0000000077.png,3,0.5769446752596702,0.5121084497272825,0.7109225542478887,gaussian_noise
current_stateful,2011_09_26/2011_09_26_drive_0039_sync,77,disturbance,37,77,0000000077.png,4,0.747759433943974,0.688426559137931,0.7528435872018459,gaussian_noise
current_stateful,2011_09_26/2011_09_26_drive_0039_sync,77,disturbance,37,77,0000000077.png,5,0.3789105837896226,0.34500073232236234,0.890221248665395,gaussian_noise
current_stateful,2011_09_26/2011_09_26_drive_0039_sync,78,disturbance,38,78,0000000078.png,1,0.6463113990828423,0.31103304992349196,0.5494294155027684,gaussian_noise
current_stateful,2011_09_26/2011_09_26_drive_0039_sync,78,disturbance,38,78,0000000078.png,2,0.5792929823772637,0.5244886826469826,0.7849576567366304,gaussian_noise
current_stateful,2011_09_26/2011_09_26_drive_0039_sync,78,disturbance,38,78,0000000078.png,3,0.5748675453454298,0.5100589217277263,0.7125502466664253,gaussian_noise
current_stateful,2011_09_26/2011_09_26_drive_0039_sync,78,disturbance,38,78,0000000078.png,4,0.7401655978605831,0.6829541245521596,0.7534588938099489,gaussian_noise
current_stateful,2011_09_26/2011_09_26_drive_0039_sync,78,disturbance,38,78,0000000078.png,5,0.37093920711290035,0.34316670116267173,0.9012623902472722,gaussian_noise
current_stateful,2011_09_26/2011_09_26_drive_0039_sync,79,disturbance,39,79,0000000079.png,1,0.6302289620502225,0.31231825572874894,0.5445412762161662,gaussian_noise
current_stateful,2011_09_26/2011_09_26_drive_0039_sync,79,disturbance,39,79,0000000079.png,2,0.5821898439958659,0.5257819257989863,0.7763032746369973,gaussian_noise
current_stateful,2011_09_26/2011_09_26_drive_0039_sync,79,disturbance,39,79,0000000079.png,3,0.5823944863557974,0.50940507656571,0.7136149768294029,gaussian_noise
current_stateful,2011_09_26/2011_09_26_drive_0039_sync,79,disturbance,39,79,0000000079.png,4,0.7393469487385255,0.6778611447372108,0.752770838131669,gaussian_noise
current_stateful,2011_09_26/2011_09_26_drive_0039_sync,79,disturbance,39,79,0000000079.png,5,0.3644149396120007,0.3399382438686952,0.9100225995564787,gaussian_noise
current_stateful,2011_09_26/2011_09_26_drive_0039_sync,80,disturbance,40,80,0000000080.png,1,0.618771007328773,0.313583538850082,0.539470241684841,gaussian_noise
current_stateful,2011_09_26/2011_09_26_drive_0039_sync,80,disturbance,40,80,0000000080.png,2,0.5811695641938764,0.5266857651444289,0.7625719952669036,gaussian_noise
current_stateful,2011_09_26/2011_09_26_drive_0039_sync,80,disturbance,40,80,0000000080.png,3,0.5933521484041194,0.5103578015803285,0.7122489545661965,gaussian_noise
current_stateful,2011_09_26/2011_09_26_drive_0039_sync,80,disturbance,40,80,0000000080.png,4,0.7450951447510896,0.6742327921600838,0.7498555626973996,gaussian_noise
current_stateful,2011_09_26/2011_09_26_drive_0039_sync,80,disturbance,40,80,0000000080.png,5,0.35969217422578953,0.33617588228376105,0.906561566508717,gaussian_noise
current_stateful,2011_09_26/2011_09_26_drive_0039_sync,81,disturbance,41,81,0000000081.png,1,0.6244061252478018,0.30880831213282023,0.5357966704576834,gaussian_noise
current_stateful,2011_09_26/2011_09_26_drive_0039_sync,81,disturbance,41,81,0000000081.png,2,0.5801010809175584,0.5273520622561886,0.7531700553191562,gaussian_noise
current_stateful,2011_09_26/2011_09_26_drive_0039_sync,81,disturbance,41,81,0000000081.png,3,0.5965493195998737,0.5121270525585113,0.7102626475402641,gaussian_noise
current_stateful,2011_09_26/2011_09_26_drive_0039_sync,81,disturbance,41,81,0000000081.png,4,0.7557106628055325,0.6731770089356558,0.7472948218493651,gaussian_noise
current_stateful,2011_09_26/2011_09_26_drive_0039_sync,81,disturbance,41,81,0000000081.png,5,0.3575068251886619,0.33239733716672787,0.8977328934299802,gaussian_noise
current_stateful,2011_09_26/2011_09_26_drive_0039_sync,82,disturbance,42,82,0000000082.png,1,0.6474098319093257,0.3003544539333655,0.5370097536003774,gaussian_noise
current_stateful,2011_09_26/2011_09_26_drive_0039_sync,82,disturbance,42,82,0000000082.png,2,0.5806659942375438,0.5280393370892722,0.756107365616469,gaussian_noise
current_stateful,2011_09_26/2011_09_26_drive_0039_sync,82,disturbance,42,82,0000000082.png,3,0.5888667202834396,0.5131060844646247,0.7109009052018974,gaussian_noise
current_stateful,2011_09_26/2011_09_26_drive_0039_sync,82,disturbance,42,82,0000000082.png,4,0.7607032991197474,0.6745697485719936,0.7466705675524157,gaussian_noise
current_stateful,2011_09_26/2011_09_26_drive_0039_sync,82,disturbance,42,82,0000000082.png,5,0.35639609936144684,0.3291484279814703,0.8941684061858054,gaussian_noise
current_stateful,2011_09_26/2011_09_26_drive_0039_sync,83,disturbance,43,83,0000000083.png,1,0.6626175098602328,0.2971067079823319,0.5422306930493352,gaussian_noise
current_stateful,2011_09_26/2011_09_26_drive_0039_sync,83,disturbance,43,83,0000000083.png,2,0.5823155648173287,0.5288484836937827,0.7671860064841881,gaussian_noise
current_stateful,2011_09_26/2011_09_26_drive_0039_sync,83,disturbance,43,83,0000000083.png,3,0.580096513436745,0.5124596228486159,0.7114486444984157,gaussian_noise
current_stateful,2011_09_26/2011_09_26_drive_0039_sync,83,disturbance,43,83,0000000083.png,4,0.7558932307240416,0.6763080818860379,0.7466788204166794,gaussian_noise
current_stateful,2011_09_26/2011_09_26_drive_0039_sync,83,disturbance,43,83,0000000083.png,5,0.35358964594874265,0.32639368547490977,0.900369219751372,gaussian_noise
current_stateful,2011_09_26/2011_09_26_drive_0039_sync,84,disturbance,44,84,0000000084.png,1,0.6078869886642089,0.3040232779791188,0.5416151874565447,gaussian_noise
current_stateful,2011_09_26/2011_09_26_drive_0039_sync,84,disturbance,44,84,0000000084.png,2,0.5834601809361964,0.5297341623080238,0.770967531518714,gaussian_noise
current_stateful,2011_09_26/2011_09_26_drive_0039_sync,84,disturbance,44,84,0000000084.png,3,0.5836408704323257,0.511840636137077,0.7128532467647176,gaussian_noise
current_stateful,2011_09_26/2011_09_26_drive_0039_sync,84,disturbance,44,84,0000000084.png,4,0.753151148481922,0.6774888029617555,0.7477835101878438,gaussian_noise
current_stateful,2011_09_26/2011_09_26_drive_0039_sync,84,disturbance,44,84,0000000084.png,5,0.3520862889773128,0.32426073737042227,0.9109436818608263,gaussian_noise
current_stateful,2011_09_26/2011_09_26_drive_0039_sync,85,disturbance,45,85,0000000085.png,1,0.5965246073604225,0.29985776928673036,0.5422568427722473,gaussian_noise
current_stateful,2011_09_26/2011_09_26_drive_0039_sync,85,disturbance,45,85,0000000085.png,2,0.5791661484905009,0.5303192723083814,0.7734073151442498,gaussian_noise
current_stateful,2011_09_26/2011_09_26_drive_0039_sync,85,disturbance,45,85,0000000085.png,3,0.5830177943839003,0.51224358224012,0.7146893469713935,gaussian_noise
current_stateful,2011_09_26/2011_09_26_drive_0039_sync,85,disturbance,45,85,0000000085.png,4,0.7566557200148997,0.6794680061110316,0.7516586127668929,gaussian_noise
current_stateful,2011_09_26/2011_09_26_drive_0039_sync,85,disturbance,45,85,0000000085.png,5,0.35187654764179577,0.32306232365071536,0.9243243180298523,gaussian_noise
current_stateful,2011_09_26/2011_09_26_drive_0039_sync,86,disturbance,46,86,0000000086.png,1,0.6686817340591343,0.2919426664733571,0.5524683807143562,gaussian_noise
current_stateful,2011_09_26/2011_09_26_drive_0039_sync,86,disturbance,46,86,0000000086.png,2,0.5782804314680744,0.5302499464624604,0.7905897475562538,gaussian_noise
current_stateful,2011_09_26/2011_09_26_drive_0039_sync,86,disturbance,46,86,0000000086.png,3,0.5725382901559097,0.5106946133983207,0.7185076252041165,gaussian_noise
current_stateful,2011_09_26/2011_09_26_drive_0039_sync,86,disturbance,46,86,0000000086.png,4,0.7449672060973598,0.6799041961449923,0.7565413038526255,gaussian_noise
current_stateful,2011_09_26/2011_09_26_drive_0039_sync,86,disturbance,46,86,0000000086.png,5,0.3496865195443794,0.32243771863008164,0.9406064600163393,gaussian_noise
current_stateful,2011_09_26/2011_09_26_drive_0039_sync,87,disturbance,47,87,0000000087.png,1,0.6671953283697655,0.2979377853323635,0.5579692624914333,gaussian_noise
current_stateful,2011_09_26/2011_09_26_drive_0039_sync,87,disturbance,47,87,0000000087.png,2,0.5806060812860694,0.5301969486057772,0.8072745599490092,gaussian_noise
current_stateful,2011_09_26/2011_09_26_drive_0039_sync,87,disturbance,47,87,0000000087.png,3,0.5664621662628031,0.5074285619795581,0.7245102521357222,gaussian_noise
current_stateful,2011_09_26/2011_09_26_drive_0039_sync,87,disturbance,47,87,0000000087.png,4,0.7225791087134938,0.6759475450150831,0.7620220305043552,gaussian_noise
current_stateful,2011_09_26/2011_09_26_drive_0039_sync,87,disturbance,47,87,0000000087.png,5,0.3424339843357344,0.32086062960359485,0.9606887704349962,gaussian_noise
current_stateful,2011_09_26/2011_09_26_drive_0039_sync,88,disturbance,48,88,0000000088.png,1,0.6209724988257233,0.3054516982152223,0.5507559034961621,gaussian_noise
current_stateful,2011_09_26/2011_09_26_drive_0039_sync,88,disturbance,48,88,0000000088.png,2,0.5850100292104989,0.530514583671334,0.8046836898720787,gaussian_noise
current_stateful,2011_09_26/2011_09_26_drive_0039_sync,88,disturbance,48,88,0000000088.png,3,0.5741411377012198,0.5045762626954355,0.7283279798947351,gaussian_noise
current_stateful,2011_09_26/2011_09_26_drive_0039_sync,88,disturbance,48,88,0000000088.png,4,0.7019704739896728,0.6666444951443241,0.766608530175959,gaussian_noise
current_stateful,2011_09_26/2011_09_26_drive_0039_sync,88,disturbance,48,88,0000000088.png,5,0.33230384045367284,0.31721278024549915,0.9785885782477254,gaussian_noise
current_stateful,2011_09_26/2011_09_26_drive_0039_sync,89,disturbance,49,89,0000000089.png,1,0.5939770491049101,0.2840234815156361,0.551682124032922,gaussian_noise
current_stateful,2011_09_26/2011_09_26_drive_0039_sync,89,disturbance,49,89,0000000089.png,2,0.5838004191261786,0.531243446122421,0.8039429077375243,gaussian_noise
current_stateful,2011_09_26/2011_09_26_drive_0039_sync,89,disturbance,49,89,0000000089.png,3,0.5698826584889288,0.5023922345265296,0.7319920097794637,gaussian_noise
current_stateful,2011_09_26/2011_09_26_drive_0039_sync,89,disturbance,49,89,0000000089.png,4,0.696593048425453,0.6567825645019659,0.7719283079567887,gaussian_noise
current_stateful,2011_09_26/2011_09_26_drive_0039_sync,89,disturbance,49,89,0000000089.png,5,0.3265953112935716,0.31244868135988174,0.9932044330145391,gaussian_noise
current_stateful,2011_09_26/2011_09_26_drive_0039_sync,90,disturbance,50,90,0000000090.png,1,0.6060497916292017,0.2637102503075506,0.5528887848303478,gaussian_noise
current_stateful,2011_09_26/2011_09_26_drive_0039_sync,90,disturbance,50,90,0000000090.png,2,0.5839440506012794,0.532351564859897,0.8033918730591626,gaussian_noise
current_stateful,2011_09_26/2011_09_26_drive_0039_sync,90,disturbance,50,90,0000000090.png,3,0.5632946072632112,0.5008511396688222,0.7337950449219085,gaussian_noise
current_stateful,2011_09_26/2011_09_26_drive_0039_sync,90,disturbance,50,90,0000000090.png,4,0.6958288297159907,0.6499237076800676,0.7761803464481115,gaussian_noise
current_stateful,2011_09_26/2011_09_26_drive_0039_sync,90,disturbance,50,90,0000000090.png,5,0.3252569947903996,0.3080931948350094,1.0009090851150402,gaussian_noise
current_stateful,2011_09_26/2011_09_26_drive_0039_sync,91,disturbance,51,91,0000000091.png,1,0.6074881055981538,0.2624685855796083,0.552066212722091,gaussian_noise
current_stateful,2011_09_26/2011_09_26_drive_0039_sync,91,disturbance,51,91,0000000091.png,2,0.5856518393539814,0.5335458760376901,0.8025898619976329,gaussian_noise
current_stateful,2011_09_26/2011_09_26_drive_0039_sync,91,disturbance,51,91,0000000091.png,3,0.5634839207253469,0.4999425880944976,0.7338413941785411,gaussian_noise
current_stateful,2011_09_26/2011_09_26_drive_0039_sync,91,disturbance,51,91,0000000091.png,4,0.6931561928365021,0.6458628692381374,0.7775890496668486,gaussian_noise
current_stateful,2011_09_26/2011_09_26_drive_0039_sync,91,disturbance,51,91,0000000091.png,5,0.32641775062065026,0.3050243581903124,1.0056370786720668,gaussian_noise
current_stateful,2011_09_26/2011_09_26_drive_0039_sync,92,disturbance,52,92,0000000092.png,1,0.5783189864936095,0.27465653926848366,0.5422341296982127,gaussian_noise
current_stateful,2011_09_26/2011_09_26_drive_0039_sync,92,disturbance,52,92,0000000092.png,2,0.5878324602498537,0.534531679907967,0.7877691299316668,gaussian_noise
current_stateful,2011_09_26/2011_09_26_drive_0039_sync,92,disturbance,52,92,0000000092.png,3,0.574002325393968,0.5003460528694689,0.7318484146390212,gaussian_noise
current_stateful,2011_09_26/2011_09_26_drive_0039_sync,92,disturbance,52,92,0000000092.png,4,0.6927891022816802,0.6432357613492435,0.7768793147162556,gaussian_noise
current_stateful,2011_09_26/2011_09_26_drive_0039_sync,92,disturbance,52,92,0000000092.png,5,0.3290593718008928,0.3037407024112266,1.006606226570689,gaussian_noise
current_stateful,2011_09_26/2011_09_26_drive_0039_sync,93,disturbance,53,93,0000000093.png,1,0.5756972940698171,0.27920712999654373,0.5403205522151169,gaussian_noise
current_stateful,2011_09_26/2011_09_26_drive_0039_sync,93,disturbance,53,93,0000000093.png,2,0.585861121254232,0.535222977791541,0.7794006981275654,gaussian_noise
current_stateful,2011_09_26/2011_09_26_drive_0039_sync,93,disturbance,53,93,0000000093.png,3,0.5782183064510749,0.5018509353844544,0.7294903529770644,gaussian_noise
current_stateful,2011_09_26/2011_09_26_drive_0039_sync,93,disturbance,53,93,0000000093.png,4,0.7021743922875168,0.6424675168656293,0.7752426702339623,gaussian_noise
current_stateful,2011_09_26/2011_09_26_drive_0039_sync,93,disturbance,53,93,0000000093.png,5,0.33317778707607804,0.3041731429120765,1.000664754556404,gaussian_noise
current_stateful,2011_09_26/2011_09_26_drive_0039_sync,94,disturbance,54,94,0000000094.png,1,0.6050862717489435,0.27964194901229344,0.541594308574695,gaussian_noise
current_stateful,2011_09_26/2011_09_26_drive_0039_sync,94,disturbance,54,94,0000000094.png,2,0.5842717594121045,0.5354213095912846,0.780081424996749,gaussian_noise
current_stateful,2011_09_26/2011_09_26_drive_0039_sync,94,disturbance,54,94,0000000094.png,3,0.574585889320099,0.5028384387497867,0.7296089718518085,gaussian_noise
current_stateful,2011_09_26/2011_09_26_drive_0039_sync,94,disturbance,54,94,0000000094.png,4,0.7117620393026967,0.6435836286555119,0.7746305529566645,gaussian_noise
current_stateful,2011_09_26/2011_09_26_drive_0039_sync,94,disturbance,54,94,0000000094.png,5,0.3366566224512574,0.3056655891803785,0.9904545528316758,gaussian_noise
current_stateful,2011_09_26/2011_09_26_drive_0039_sync,95,disturbance,55,95,0000000095.png,1,0.6205937964078363,0.27949803572374526,0.5437783778880094,gaussian_noise
current_stateful,2011_09_26/2011_09_26_drive_0039_sync,95,disturbance,55,95,0000000095.png,2,0.5841261038038835,0.5354236488654142,0.7827540496087891,gaussian_noise
current_stateful,2011_09_26/2011_09_26_drive_0039_sync,95,disturbance,55,95,0000000095.png,3,0.57021628921537,0.5028791864998974,0.7289434440255471,gaussian_noise
current_stateful,2011_09_26/2011_09_26_drive_0039_sync,95,disturbance,55,95,0000000095.png,4,0.7177598994309188,0.6459807487352273,0.7729223510284183,gaussian_noise
current_stateful,2011_09_26/2011_09_26_drive_0039_sync,95,disturbance,55,95,0000000095.png,5,0.33720818952762266,0.30722359180116215,0.9783230642814601,gaussian_noise
current_stateful,2011_09_26/2011_09_26_drive_0039_sync,96,disturbance,56,96,0000000096.png,1,0.6108963979173958,0.28038994594880573,0.5426968476625293,gaussian_noise
current_stateful,2011_09_26/2011_09_26_drive_0039_sync,96,disturbance,56,96,0000000096.png,2,0.584854820342843,0.5352779877054665,0.7792500909172739,gaussian_noise
current_stateful,2011_09_26/2011_09_26_drive_0039_sync,96,disturbance,56,96,0000000096.png,3,0.5717858435568047,0.5025171783828049,0.7287773060696644,gaussian_noise
current_stateful,2011_09_26/2011_09_26_drive_0039_sync,96,disturbance,56,96,0000000096.png,4,0.7206337125280593,0.6484028936192524,0.771507039124363,gaussian_noise
current_stateful,2011_09_26/2011_09_26_drive_0039_sync,96,disturbance,56,96,0000000096.png,5,0.3360811353642045,0.3081700469179575,0.9702714412501522,gaussian_noise
current_stateful,2011_09_26/2011_09_26_drive_0039_sync,97,disturbance,57,97,0000000097.png,1,0.5796789550634396,0.28563652305572357,0.5372619411673646,gaussian_noise
current_stateful,2011_09_26/2011_09_26_drive_0039_sync,97,disturbance,57,97,0000000097.png,2,0.5855690003974887,0.5351028336328294,0.7656373422472245,gaussian_noise
current_stateful,2011_09_26/2011_09_26_drive_0039_sync,97,disturbance,57,97,0000000097.png,3,0.5821732913561247,0.5030360074883466,0.7248356289743006,gaussian_noise
current_stateful,2011_09_26/2011_09_26_drive_0039_sync,97,disturbance,57,97,0000000097.png,4,0.7260316332225869,0.6501770514412737,0.7675406304195393,gaussian_noise
current_stateful,2011_09_26/2011_09_26_drive_0039_sync,97,disturbance,57,97,0000000097.png,5,0.335323763175062,0.3083739409749509,0.9631811416337275,gaussian_noise
current_stateful,2011_09_26/2011_09_26_drive_0039_sync,98,disturbance,58,98,0000000098.png,1,0.5718714793141875,0.28422965721271926,0.5354047944682168,gaussian_noise
current_stateful,2011_09_26/2011_09_26_drive_0039_sync,98,disturbance,58,98,0000000098.png,2,0.5839629727677004,0.5349026255151889,0.753348037409203,gaussian_noise
current_stateful,2011_09_26/2011_09_26_drive_0039_sync,98,disturbance,58,98,0000000098.png,3,0.5897889593650698,0.5049270851432631,0.7214100585813115,gaussian_noise
current_stateful,2011_09_26/2011_09_26_drive_0039_sync,98,disturbance,58,98,0000000098.png,4,0.7382005202392667,0.6525574865061411,0.7635171654155757,gaussian_noise
current_stateful,2011_09_26/2011_09_26_drive_0039_sync,98,disturbance,58,98,0000000098.png,5,0.3366986815423815,0.3079966141753956,0.9559609728781605,gaussian_noise
current_stateful,2011_09_26/2011_09_26_drive_0039_sync,99,disturbance,59,99,0000000099.png,1,0.5720810398968258,0.2843992562011835,0.5299822468158674,gaussian_noise
current_stateful,2011_09_26/2011_09_26_drive_0039_sync,99,disturbance,59,99,0000000099.png,2,0.5835061025420109,0.5345881076263697,0.7393214414680629,gaussian_noise
current_stateful,2011_09_26/2011_09_26_drive_0039_sync,99,disturbance,59,99,0000000099.png,3,0.5944687646391074,0.5075823925974339,0.7164955070762302,gaussian_noise
current_stateful,2011_09_26/2011_09_26_drive_0039_sync,99,disturbance,59,99,0000000099.png,4,0.7527207379689251,0.6565679018064484,0.760603883345991,gaussian_noise
current_stateful,2011_09_26/2011_09_26_drive_0039_sync,99,disturbance,59,99,0000000099.png,5,0.3418380523404355,0.30767526516367144,0.9427435552228152,gaussian_noise
current_stateful,2011_09_26/2011_09_26_drive_0039_sync,100,disturbance,60,100,0000000100.png,1,0.5724851586478593,0.28639425457256823,0.5247206733258545,gaussian_noise
current_stateful,2011_09_26/2011_09_26_drive_0039_sync,100,disturbance,60,100,0000000100.png,2,0.5845602801222296,0.534499028609338,0.7272475957815346,gaussian_noise
current_stateful,2011_09_26/2011_09_26_drive_0039_sync,100,disturbance,60,100,0000000100.png,3,0.5982268627262747,0.5105605683171136,0.7110208609898343,gaussian_noise
current_stateful,2011_09_26/2011_09_26_drive_0039_sync,100,disturbance,60,100,0000000100.png,4,0.7670432626047128,0.6623697328900583,0.7567298991274142,gaussian_noise
current_stateful,2011_09_26/2011_09_26_drive_0039_sync,100,disturbance,60,100,0000000100.png,5,0.3491908169873702,0.3079714226813514,0.9219721084414031,gaussian_noise
current_stateful,2011_09_26/2011_09_26_drive_0039_sync,101,disturbance,61,101,0000000101.png,1,0.5796204540885138,0.2865899270965337,0.5222035863278632,gaussian_noise
current_stateful,2011_09_26/2011_09_26_drive_0039_sync,101,disturbance,61,101,0000000101.png,2,0.587114597042567,0.534858057878102,0.7199807040873976,gaussian_noise
current_stateful,2011_09_26/2011_09_26_drive_0039_sync,101,disturbance,61,101,0000000101.png,3,0.5983629101207033,0.5130785103789376,0.706789573323325,gaussian_noise
current_stateful,2011_09_26/2011_09_26_drive_0039_sync,101,disturbance,61,101,0000000101.png,4,0.7790825219080966,0.6698523127211662,0.7519922250469103,gaussian_noise
current_stateful,2011_09_26/2011_09_26_drive_0039_sync,101,disturbance,61,101,0000000101.png,5,0.35699452047563984,0.3094972142745256,0.8996412269540814,gaussian_noise
current_stateful,2011_09_26/2011_09_26_drive_0039_sync,102,disturbance,62,102,0000000102.png,1,0.5889596172602802,0.2866918786437277,0.5202572974674918,gaussian_noise
current_stateful,2011_09_26/2011_09_26_drive_0039_sync,102,disturbance,62,102,0000000102.png,2,0.58919276704473,0.5355403510699979,0.7183291013316017,gaussian_noise
current_stateful,2011_09_26/2011_09_26_drive_0039_sync,102,disturbance,62,102,0000000102.png,3,0.5972000988850089,0.5149719485641084,0.7035459106569261,gaussian_noise
current_stateful,2011_09_26/2011_09_26_drive_0039_sync,102,disturbance,62,102,0000000102.png,4,0.7860062504627326,0.6779166108029573,0.7466589099236021,gaussian_noise
current_stateful,2011_09_26/2011_09_26_drive_0039_sync,102,disturbance,62,102,0000000102.png,5,0.36314244906109777,0.3122222579809745,0.8836137751760275,gaussian_noise
current_stateful,2011_09_26/2011_09_26_drive_0039_sync,103,disturbance,63,103,0000000103.png,1,0.5713615596764924,0.29072559130085124,0.5125317504344109,gaussian_noise
current_stateful,2011_09_26/2011_09_26_drive_0039_sync,103,disturbance,63,103,0000000103.png,2,0.5911337275812036,0.5364719570600736,0.7128914226858083,gaussian_noise
current_stateful,2011_09_26/2011_09_26_drive_0039_sync,103,disturbance,63,103,0000000103.png,3,0.6010489988271985,0.5168394698307375,0.6990668159184634,gaussian_noise
current_stateful,2011_09_26/2011_09_26_drive_0039_sync,103,disturbance,63,103,0000000103.png,4,0.7922478085833067,0.6857062659041208,0.7421084756470121,gaussian_noise
current_stateful,2011_09_26/2011_09_26_drive_0039_sync,103,disturbance,63,103,0000000103.png,5,0.36871710372071786,0.31591693539564386,0.8704399693729113,gaussian_noise
current_stateful,2011_09_26/2011_09_26_drive_0039_sync,104,disturbance,64,104,0000000104.png,1,0.5933505749341891,0.28869376587956047,0.5141142221420794,gaussian_noise
current_stateful,2011_09_26/2011_09_26_drive_0039_sync,104,disturbance,64,104,0000000104.png,2,0.5900350011077836,0.5373955907529269,0.7178758517610891,gaussian_noise
current_stateful,2011_09_26/2011_09_26_drive_0039_sync,104,disturbance,64,104,0000000104.png,3,0.5963157485560716,0.5181619702596011,0.6982616311990398,gaussian_noise
current_stateful,2011_09_26/2011_09_26_drive_0039_sync,104,disturbance,64,104,0000000104.png,4,0.794542694261607,0.693085128222853,0.7395844389226681,gaussian_noise
current_stateful,2011_09_26/2011_09_26_drive_0039_sync,104,disturbance,64,104,0000000104.png,5,0.37137257610480506,0.31998533563648635,0.8576598099299264,gaussian_noise
current_stateful,2011_09_26/2011_09_26_drive_0039_sync,105,disturbance,65,105,0000000105.png,1,0.6183712635711481,0.28975957512458916,0.51629858231688,gaussian_noise
current_stateful,2011_09_26/2011_09_26_drive_0039_sync,105,disturbance,65,105,0000000105.png,2,0.592348088723883,0.5383529796163778,0.7300598616314812,gaussian_noise
current_stateful,2011_09_26/2011_09_26_drive_0039_sync,105,disturbance,65,105,0000000105.png,3,0.5911335995185006,0.5180545121249303,0.7011026665680287,gaussian_noise
current_stateful,2011_09_26/2011_09_26_drive_0039_sync,105,disturbance,65,105,0000000105.png,4,0.7881735918117697,0.6984811396675279,0.7401172714187878,gaussian_noise
current_stateful,2011_09_26/2011_09_26_drive_0039_sync,105,disturbance,65,105,0000000105.png,5,0.37117205089772914,0.3236814278439453,0.8397489026998629,gaussian_noise
current_stateful,2011_09_26/2011_09_26_drive_0039_sync,106,disturbance,66,106,0000000106.png,1,0.605860027309334,0.29740754349320936,0.5162885355647101,gaussian_noise
current_stateful,2011_09_26/2011_09_26_drive_0039_sync,106,disturbance,66,106,0000000106.png,2,0.5949954766857309,0.5393623516915146,0.7346824910726083,gaussian_noise
current_stateful,2011_09_26/2011_09_26_drive_0039_sync,106,disturbance,66,106,0000000106.png,3,0.5954267027916236,0.5178530321492535,0.7029999109556048,gaussian_noise
current_stateful,2011_09_26/2011_09_26_drive_0039_sync,106,disturbance,66,106,0000000106.png,4,0.7832800832582929,0.7014053970616747,0.7404460689119565,gaussian_noise
current_stateful,2011_09_26/2011_09_26_drive_0039_sync,106,disturbance,66,106,0000000106.png,5,0.3695435049325594,0.32625520155755805,0.8241789069567852,gaussian_noise
current_stateful,2011_09_26/2011_09_26_drive_0039_sync,107,disturbance,67,107,0000000107.png,1,0.5823775657028584,0.29963100663770753,0.5170927016904213,gaussian_noise
current_stateful,2011_09_26/2011_09_26_drive_0039_sync,107,disturbance,67,107,0000000107.png,2,0.5935298953757867,0.5403325368943932,0.7342628447804925,gaussian_noise
current_stateful,2011_09_26/2011_09_26_drive_0039_sync,107,disturbance,67,107,0000000107.png,3,0.6024795677538594,0.5193179859957145,0.7030577525368946,gaussian_noise
current_stateful,2011_09_26/2011_09_26_drive_0039_sync,107,disturbance,67,107,0000000107.png,4,0.7865768428802844,0.7035861019683693,0.7400886853172027,gaussian_noise
current_stateful,2011_09_26/2011_09_26_drive_0039_sync,107,disturbance,67,107,0000000107.png,5,0.36883957646290416,0.3279434226358852,0.8171034449174042,gaussian_noise
current_stateful,2011_09_26/2011_09_26_drive_0039_sync,108,disturbance,68,108,0000000108.png,1,0.5692125825510642,0.3024056391772653,0.5138303929858361,gaussian_noise
current_stateful,2011_09_26/2011_09_26_drive_0039_sync,108,disturbance,68,108,0000000108.png,2,0.5926815626121538,0.5408742241347572,0.7268991855546925,gaussian_noise
current_stateful,2011_09_26/2011_09_26_drive_0039_sync,108,disturbance,68,108,0000000108.png,3,0.6119808858225259,0.5224923954398992,0.7000507465570415,gaussian_noise
current_stateful,2011_09_26/2011_09_26_drive_0039_sync,108,disturbance,68,108,0000000108.png,4,0.7954272522724167,0.7064441176677848,0.7371304634650475,gaussian_noise
current_stateful,2011_09_26/2011_09_26_drive_0039_sync,108,disturbance,68,108,0000000108.png,5,0.3705605006699989,0.32957320710786514,0.8107617081199183,gaussian_noise
current_stateful,2011_09_26/2011_09_26_drive_0039_sync,109,disturbance,69,109,0000000109.png,1,0.5901961508201072,0.304598810040778,0.517872949109396,gaussian_noise
current_stateful,2011_09_26/2011_09_26_drive_0039_sync,109,disturbance,69,109,0000000109.png,2,0.5908423808866728,0.5411250309200978,0.7285939381302899,gaussian_noise
current_stateful,2011_09_26/2011_09_26_drive_0039_sync,109,disturbance,69,109,0000000109.png,3,0.6117082646574977,0.5257053472748682,0.6977975620016337,gaussian_noise
current_stateful,2011_09_26/2011_09_26_drive_0039_sync,109,disturbance,69,109,0000000109.png,4,0.8011733911030835,0.7098305470085274,0.7358561854033389,gaussian_noise
current_stateful,2011_09_26/2011_09_26_drive_0039_sync,109,disturbance,69,109,0000000109.png,5,0.3736936250141026,0.3315565348213583,0.8078645104111599,gaussian_noise
current_stateful,2011_09_26/2011_09_26_drive_0039_sync,110,disturbance,70,110,0000000110.png,1,0.6326747712512084,0.30656669141308573,0.5280471152232586,gaussian_noise
current_stateful,2011_09_26/2011_09_26_drive_0039_sync,110,disturbance,70,110,0000000110.png,2,0.590035886925861,0.5408057203661812,0.7442504554144909,gaussian_noise
current_stateful,2011_09_26/2011_09_26_drive_0039_sync,110,disturbance,70,110,0000000110.png,3,0.6011411123274938,0.5265038519002514,0.7003919471772604,gaussian_noise
current_stateful,2011_09_26/2011_09_26_drive_0039_sync,110,disturbance,70,110,0000000110.png,4,0.7945032028086204,0.7120231302587897,0.7385752455258597,gaussian_noise
current_stateful,2011_09_26/2011_09_26_drive_0039_sync,110,disturbance,70,110,0000000110.png,5,0.37354724800028055,0.33332703403189157,0.8126957086133663,gaussian_noise
current_stateful,2011_09_26/2011_09_26_drive_0039_sync,111,disturbance,71,111,0000000111.png,1,0.6307282643471436,0.31522649497949307,0.5332185519842213,gaussian_noise
current_stateful,2011_09_26/2011_09_26_drive_0039_sync,111,disturbance,71,111,0000000111.png,2,0.5931587796615659,0.5407340653778153,0.7600549823125226,gaussian_noise
current_stateful,2011_09_26/2011_09_26_drive_0039_sync,111,disturbance,71,111,0000000111.png,3,0.5953792768688208,0.5253761496177571,0.7045921727788348,gaussian_noise
current_stateful,2011_09_26/2011_09_26_drive_0039_sync,111,disturbance,71,111,0000000111.png,4,0.7785374848308328,0.710610838819669,0.7436263058243958,gaussian_noise
current_stateful,2011_09_26/2011_09_26_drive_0039_sync,111,disturbance,71,111,0000000111.png,5,0.3687738139084566,0.33385652296497614,0.8261820387014251,gaussian_noise
current_stateful,2011_09_26/2011_09_26_drive_0039_sync,112,disturbance,72,112,0000000112.png,1,0.6019711159034012,0.32213096018500875,0.5273129900680862,gaussian_noise
current_stateful,2011_09_26/2011_09_26_drive_0039_sync,112,disturbance,72,112,0000000112.png,2,0.5966503493860578,0.5410822045028024,0.7640189983752276,gaussian_noise
current_stateful,2011_09_26/2011_09_26_drive_0039_sync,112,disturbance,72,112,0000000112.png,3,0.6010090699735855,0.5242335990524098,0.706419858391326,gaussian_noise
current_stateful,2011_09_26/2011_09_26_drive_0039_sync,112,disturbance,72,112,0000000112.png,4,0.7655969298829579,0.7054754794892883,0.7471497133610365,gaussian_noise
current_stateful,2011_09_26/2011_09_26_drive_0039_sync,112,disturbance,72,112,0000000112.png,5,0.3633562783145226,0.332928824489581,0.8419117815045514,gaussian_noise
current_stateful,2011_09_26/2011_09_26_drive_0039_sync,113,disturbance,73,113,0000000113.png,1,0.5855544071431831,0.3216325254161374,0.5199149229762546,gaussian_noise
current_stateful,2011_09_26/2011_09_26_drive_0039_sync,113,disturbance,73,113,0000000113.png,2,0.5959908270300041,0.5415086515030059,0.757967483497184,gaussian_noise
current_stateful,2011_09_26/2011_09_26_drive_0039_sync,113,disturbance,73,113,0000000113.png,3,0.6107237616998851,0.5244563430390479,0.7040454633354939,gaussian_noise
current_stateful,2011_09_26/2011_09_26_drive_0039_sync,113,disturbance,73,113,0000000113.png,4,0.7646266347216399,0.6992027523727518,0.7454582447583044,gaussian_noise
current_stateful,2011_09_26/2011_09_26_drive_0039_sync,113,disturbance,73,113,0000000113.png,5,0.36062505234481795,0.3315487958242381,0.8527242563429642,gaussian_noise
current_stateful,2011_09_26/2011_09_26_drive_0039_sync,114,disturbance,74,114,0000000114.png,1,0.5832022381218124,0.3115795023544948,0.5169017285430066,gaussian_noise
current_stateful,2011_09_26/2011_09_26_drive_0039_sync,114,disturbance,74,114,0000000114.png,2,0.5958522140069085,0.5421856955644048,0.7533919675649734,gaussian_noise
current_stateful,2011_09_26/2011_09_26_drive_0039_sync,114,disturbance,74,114,0000000114.png,3,0.611551563762955,0.5258653500310652,0.7025898167822859,gaussian_noise
current_stateful,2011_09_26/2011_09_26_drive_0039_sync,114,disturbance,74,114,0000000114.png,4,0.773978965254427,0.6954287920882973,0.7422903545185684,gaussian_noise
current_stateful,2011_09_26/2011_09_26_drive_0039_sync,114,disturbance,74,114,0000000114.png,5,0.36267446389928254,0.3309974816047972,0.8584655207687978,gaussian_noise
current_stateful,2011_09_26/2011_09_26_drive_0039_sync,115,disturbance,75,115,0000000115.png,1,0.6439230556428013,0.2817964753694103,0.5195693127226514,gaussian_noise
current_stateful,2011_09_26/2011_09_26_drive_0039_sync,115,disturbance,75,115,0000000115.png,2,0.5987865649569384,0.5435088207601853,0.7616924148180525,gaussian_noise
current_stateful,2011_09_26/2011_09_26_drive_0039_sync,115,disturbance,75,115,0000000115.png,3,0.5981628531184802,0.5260777422100252,0.7029306953015486,gaussian_noise
current_stateful,2011_09_26/2011_09_26_drive_0039_sync,115,disturbance,75,115,0000000115.png,4,0.7736429758914247,0.6945412657047338,0.7403405068129297,gaussian_noise
current_stateful,2011_09_26/2011_09_26_drive_0039_sync,115,disturbance,75,115,0000000115.png,5,0.3650695579920368,0.33142467367918294,0.8598828427067914,gaussian_noise
current_stateful,2011_09_26/2011_09_26_drive_0039_sync,116,disturbance,76,116,0000000116.png,1,0.6908633151893914,0.25967526589681417,0.5261583118334063,gaussian_noise
current_stateful,2011_09_26/2011_09_26_drive_0039_sync,116,disturbance,76,116,0000000116.png,2,0.6022848047781223,0.5450937869550588,0.7788343869557305,gaussian_noise
current_stateful,2011_09_26/2011_09_26_drive_0039_sync,116,disturbance,76,116,0000000116.png,3,0.5846208917967615,0.5237992585678626,0.7054766885037421,gaussian_noise
current_stateful,2011_09_26/2011_09_26_drive_0039_sync,116,disturbance,76,116,0000000116.png,4,0.755419544638459,0.6927408020887643,0.7396572092376571,gaussian_noise
current_stateful,2011_09_26/2011_09_26_drive_0039_sync,116,disturbance,76,116,0000000116.png,5,0.3623213503860636,0.33168162610434077,0.8595167622447757,gaussian_noise
current_stateful,2011_09_26/2011_09_26_drive_0039_sync,117,disturbance,77,117,0000000117.png,1,0.6910394671179377,0.2634951457567657,0.5300526734854324,gaussian_noise
current_stateful,2011_09_26/2011_09_26_drive_0039_sync,117,disturbance,77,117,0000000117.png,2,0.6050771226500284,0.5465733963384112,0.7948882575149352,gaussian_noise
current_stateful,2011_09_26/2011_09_26_drive_0039_sync,117,disturbance,77,117,0000000117.png,3,0.5771041950066302,0.5198385865590859,0.7098721675267141,gaussian_noise
current_stateful,2011_09_26/2011_09_26_drive_0039_sync,117,disturbance,77,117,0000000117.png,4,0.7303633089981255,0.6869297421259964,0.7400312139706534,gaussian_noise
current_stateful,2011_09_26/2011_09_26_drive_0039_sync,117,disturbance,77,117,0000000117.png,5,0.35263742310747265,0.32998219549123775,0.861422012063497,gaussian_noise
current_stateful,2011_09_26/2011_09_26_drive_0039_sync,118,disturbance,78,118,0000000118.png,1,0.6336669751850897,0.28253889078564076,0.5261201648787714,gaussian_noise
current_stateful,2011_09_26/2011_09_26_drive_0039_sync,118,disturbance,78,118,0000000118.png,2,0.6091572618280466,0.5481414374790784,0.7988959313188684,gaussian_noise
current_stateful,2011_09_26/2011_09_26_drive_0039_sync,118,disturbance,78,118,0000000118.png,3,0.5799390411062212,0.5158500744963003,0.7162784885741815,gaussian_noise
current_stateful,2011_09_26/2011_09_26_drive_0039_sync,118,disturbance,78,118,0000000118.png,4,0.7098102419807394,0.6766129147828283,0.7420712858945716,gaussian_noise
current_stateful,2011_09_26/2011_09_26_drive_0039_sync,118,disturbance,78,118,0000000118.png,5,0.3393775619918194,0.3255587683757713,0.8646827288937792,gaussian_noise
current_stateful,2011_09_26/2011_09_26_drive_0039_sync,119,disturbance,79,119,0000000119.png,1,0.6102591912173724,0.2869232733410132,0.5270860371597201,gaussian_noise
current_stateful,2011_09_26/2011_09_26_drive_0039_sync,119,disturbance,79,119,0000000119.png,2,0.60826215116084,0.5496974050540147,0.8030633449505699,gaussian_noise
current_stateful,2011_09_26/2011_09_26_drive_0039_sync,119,disturbance,79,119,0000000119.png,3,0.5787437630311142,0.5124391930450628,0.7232150141276834,gaussian_noise
current_stateful,2011_09_26/2011_09_26_drive_0039_sync,119,disturbance,79,119,0000000119.png,4,0.7042440394929552,0.665252652849909,0.7489626195701793,gaussian_noise
current_stateful,2011_09_26/2011_09_26_drive_0039_sync,119,disturbance,79,119,0000000119.png,5,0.3293537112739197,0.3195290432615912,0.8678712600046081,gaussian_noise
current_stateful,2011_09_26/2011_09_26_drive_0039_sync,120,recovery,0,120,0000000120.png,1,0.5586150428494052,0.27271929944984225,0.4041772633079937,gaussian_noise
current_stateful,2011_09_26/2011_09_26_drive_0039_sync,120,recovery,0,120,0000000120.png,2,0.5575298188468542,0.5425300544320587,0.7596413671868112,gaussian_noise
current_stateful,2011_09_26/2011_09_26_drive_0039_sync,120,recovery,0,120,0000000120.png,3,0.5530819717842395,0.5056681099270662,0.7143941735134561,gaussian_noise
current_stateful,2011_09_26/2011_09_26_drive_0039_sync,120,recovery,0,120,0000000120.png,4,0.7060112392521444,0.6557617561095124,0.7495385273571648,gaussian_noise
current_stateful,2011_09_26/2011_09_26_drive_0039_sync,120,recovery,0,120,0000000120.png,5,0.32511017991527247,0.31353289197652534,0.8650503056795827,gaussian_noise
current_stateful,2011_09_26/2011_09_26_drive_0039_sync,121,recovery,1,121,0000000121.png,1,0.5553932746820716,0.2676334612403663,0.31064300659421085,gaussian_noise
current_stateful,2011_09_26/2011_09_26_drive_0039_sync,121,recovery,1,121,0000000121.png,2,0.5311413717593659,0.5311512970918832,0.685845012794838,gaussian_noise
current_stateful,2011_09_26/2011_09_26_drive_0039_sync,121,recovery,1,121,0000000121.png,3,0.5232712579167155,0.4943572623898779,0.6861373476749263,gaussian_noise
current_stateful,2011_09_26/2011_09_26_drive_0039_sync,121,recovery,1,121,0000000121.png,4,0.702974442177251,0.6479640586731561,0.7363918155789775,gaussian_noise
current_stateful,2011_09_26/2011_09_26_drive_0039_sync,121,recovery,1,121,0000000121.png,5,0.3258136533774097,0.3088593690935494,0.8513493147821145,gaussian_noise
current_stateful,2011_09_26/2011_09_26_drive_0039_sync,122,recovery,2,122,0000000122.png,1,0.5505459307225222,0.270842975790653,0.23796081725711152,gaussian_noise
current_stateful,2011_09_26/2011_09_26_drive_0039_sync,122,recovery,2,122,0000000122.png,2,0.5130286672997671,0.5178923297141917,0.5942234391568381,gaussian_noise
current_stateful,2011_09_26/2011_09_26_drive_0039_sync,122,recovery,2,122,0000000122.png,3,0.505467501570929,0.47982373450431937,0.6364898762013407,gaussian_noise
current_stateful,2011_09_26/2011_09_26_drive_0039_sync,122,recovery,2,122,0000000122.png,4,0.6986675917424474,0.6397854566278702,0.6995698183915344,gaussian_noise
current_stateful,2011_09_26/2011_09_26_drive_0039_sync,122,recovery,2,122,0000000122.png,5,0.3311253268268509,0.3061962897537525,0.8129213221898343,gaussian_noise
current_stateful,2011_09_26/2011_09_26_drive_0039_sync,123,recovery,3,123,0000000123.png,1,0.5528401419214188,0.2767718093690355,0.18217991594271377,gaussian_noise
current_stateful,2011_09_26/2011_09_26_drive_0039_sync,123,recovery,3,123,0000000123.png,2,0.4960859362314634,0.5037494612275322,0.4967105242442363,gaussian_noise
current_stateful,2011_09_26/2011_09_26_drive_0039_sync,123,recovery,3,123,0000000123.png,3,0.5025908653400704,0.4647941088686263,0.5699890091122011,gaussian_noise
current_stateful,2011_09_26/2011_09_26_drive_0039_sync,123,recovery,3,123,0000000123.png,4,0.7076467924689982,0.6310454186465618,0.6373454316563443,gaussian_noise
current_stateful,2011_09_26/2011_09_26_drive_0039_sync,123,recovery,3,123,0000000123.png,5,0.34504627377576275,0.3054979741140222,0.7344017770870409,gaussian_noise
current_stateful,2011_09_26/2011_09_26_drive_0039_sync,124,recovery,4,124,0000000124.png,1,0.5639816400275334,0.28451358027809753,0.13939923912819058,gaussian_noise
current_stateful,2011_09_26/2011_09_26_drive_0039_sync,124,recovery,4,124,0000000124.png,2,0.48025522722511094,0.48935477126427873,0.4020761143628633,gaussian_noise
current_stateful,2011_09_26/2011_09_26_drive_0039_sync,124,recovery,4,124,0000000124.png,3,0.5136155724961984,0.4525279829315502,0.49513979556626153,gaussian_noise
current_stateful,2011_09_26/2011_09_26_drive_0039_sync,124,recovery,4,124,0000000124.png,4,0.7357500404796231,0.6243384301775347,0.563300036950038,gaussian_noise
current_stateful,2011_09_26/2011_09_26_drive_0039_sync,124,recovery,4,124,0000000124.png,5,0.37079593080185136,0.3072561910404385,0.6350431404199816,gaussian_noise
current_stateful,2011_09_26/2011_09_26_drive_0039_sync,125,recovery,5,125,0000000125.png,1,0.5788566412848748,0.28499646689726726,0.10891507475934067,gaussian_noise
current_stateful,2011_09_26/2011_09_26_drive_0039_sync,125,recovery,5,125,0000000125.png,2,0.4674028028807105,0.4757306846172096,0.3252814971307597,gaussian_noise
current_stateful,2011_09_26/2011_09_26_drive_0039_sync,125,recovery,5,125,0000000125.png,3,0.508351337635195,0.44289013389028903,0.4223963017774293,gaussian_noise
current_stateful,2011_09_26/2011_09_26_drive_0039_sync,125,recovery,5,125,0000000125.png,4,0.7697895752721803,0.6237543136710817,0.4906072396913182,gaussian_noise
current_stateful,2011_09_26/2011_09_26_drive_0039_sync,125,recovery,5,125,0000000125.png,5,0.4010214152362942,0.3127087297730541,0.5381214156920462,gaussian_noise
current_stateful,2011_09_26/2011_09_26_drive_0039_sync,126,recovery,6,126,0000000126.png,1,0.5904791368816016,0.27960113489677013,0.0861891427333648,gaussian_noise
current_stateful,2011_09_26/2011_09_26_drive_0039_sync,126,recovery,6,126,0000000126.png,2,0.4604626074189382,0.4632407203977356,0.26708013292255794,gaussian_noise
current_stateful,2011_09_26/2011_09_26_drive_0039_sync,126,recovery,6,126,0000000126.png,3,0.48505901105933524,0.4328907810016441,0.3560278926368641,gaussian_noise
current_stateful,2011_09_26/2011_09_26_drive_0039_sync,126,recovery,6,126,0000000126.png,4,0.7875945875042825,0.6292797203945115,0.4235461610464888,gaussian_noise
current_stateful,2011_09_26/2011_09_26_drive_0039_sync,126,recovery,6,126,0000000126.png,5,0.42706382831636747,0.322600867040624,0.45417381211834945,gaussian_noise
current_stateful,2011_09_26/2011_09_26_drive_0039_sync,127,recovery,7,127,0000000127.png,1,0.5348759047359041,0.2863346452664365,0.06709344667628372,gaussian_noise
current_stateful,2011_09_26/2011_09_26_drive_0039_sync,127,recovery,7,127,0000000127.png,2,0.46131984857697034,0.45263748076755284,0.21377628835861348,gaussian_noise
current_stateful,2011_09_26/2011_09_26_drive_0039_sync,127,recovery,7,127,0000000127.png,3,0.48442508937612566,0.4238408094797174,0.2941076156364853,gaussian_noise
current_stateful,2011_09_26/2011_09_26_drive_0039_sync,127,recovery,7,127,0000000127.png,4,0.800156206746153,0.6381202770030201,0.361715010596726,gaussian_noise
current_stateful,2011_09_26/2011_09_26_drive_0039_sync,127,recovery,7,127,0000000127.png,5,0.44656060799993597,0.33579028473546474,0.38141813925994095,gaussian_noise
current_stateful,2011_09_26/2011_09_26_drive_0039_sync,128,recovery,8,128,0000000128.png,1,0.5107822040521054,0.2831074853495714,0.05318447565513492,gaussian_noise
current_stateful,2011_09_26/2011_09_26_drive_0039_sync,128,recovery,8,128,0000000128.png,2,0.44875387494868196,0.443148030371154,0.17025123513427876,gaussian_noise
current_stateful,2011_09_26/2011_09_26_drive_0039_sync,128,recovery,8,128,0000000128.png,3,0.48054877628017983,0.41762277731914993,0.23933449715394836,gaussian_noise
current_stateful,2011_09_26/2011_09_26_drive_0039_sync,128,recovery,8,128,0000000128.png,4,0.8178540081973203,0.6504634084926748,0.3060001748154284,gaussian_noise
current_stateful,2011_09_26/2011_09_26_drive_0039_sync,128,recovery,8,128,0000000128.png,5,0.4607692973528271,0.3508446613734755,0.32097396721902877,gaussian_noise
current_stateful,2011_09_26/2011_09_26_drive_0039_sync,129,recovery,9,129,0000000129.png,1,0.5636825633314982,0.2771864090292701,0.042902573072472534,gaussian_noise
current_stateful,2011_09_26/2011_09_26_drive_0039_sync,129,recovery,9,129,0000000129.png,2,0.43874067608214673,0.4336155118890848,0.1379405084224344,gaussian_noise
current_stateful,2011_09_26/2011_09_26_drive_0039_sync,129,recovery,9,129,0000000129.png,3,0.4580936420310439,0.40955316818990684,0.19453310108030247,gaussian_noise
current_stateful,2011_09_26/2011_09_26_drive_0039_sync,129,recovery,9,129,0000000129.png,4,0.816929602540916,0.6626630147571815,0.25748823772799984,gaussian_noise
current_stateful,2011_09_26/2011_09_26_drive_0039_sync,129,recovery,9,129,0000000129.png,5,0.4647923306902145,0.3654357704694507,0.2729813966660122,gaussian_noise
current_stateful,2011_09_26/2011_09_26_drive_0039_sync,130,recovery,10,130,0000000130.png,1,0.524251356233998,0.2849251492908442,0.03404823485292123,gaussian_noise
current_stateful,2011_09_26/2011_09_26_drive_0039_sync,130,recovery,10,130,0000000130.png,2,0.43875858504931675,0.4250018044936899,0.1093331713863065,gaussian_noise
current_stateful,2011_09_26/2011_09_26_drive_0039_sync,130,recovery,10,130,0000000130.png,3,0.45970441486507263,0.4013359572726088,0.1569909247968955,gaussian_noise
current_stateful,2011_09_26/2011_09_26_drive_0039_sync,130,recovery,10,130,0000000130.png,4,0.8096050537040859,0.6710961909462173,0.21441245239986936,gaussian_noise
current_stateful,2011_09_26/2011_09_26_drive_0039_sync,130,recovery,10,130,0000000130.png,5,0.4623385586139628,0.37737735449862136,0.235825923071345,gaussian_noise
current_stateful,2011_09_26/2011_09_26_drive_0039_sync,131,recovery,11,131,0000000131.png,1,0.49065375399371636,0.28517858854646205,0.027230399729383483,gaussian_noise
current_stateful,2011_09_26/2011_09_26_drive_0039_sync,131,recovery,11,131,0000000131.png,2,0.431382950244327,0.4175055242381153,0.08555949879517136,gaussian_noise
current_stateful,2011_09_26/2011_09_26_drive_0039_sync,131,recovery,11,131,0000000131.png,3,0.4682000763856706,0.3961435011971586,0.12590791349956373,gaussian_noise
current_stateful,2011_09_26/2011_09_26_drive_0039_sync,131,recovery,11,131,0000000131.png,4,0.8147594068617158,0.6774973409728129,0.17595652551220553,gaussian_noise
current_stateful,2011_09_26/2011_09_26_drive_0039_sync,131,recovery,11,131,0000000131.png,5,0.4616712089752979,0.38646229179372815,0.2013694084753927,gaussian_noise
current_stateful,2011_09_26/2011_09_26_drive_0039_sync,132,recovery,12,132,0000000132.png,1,0.518486444064026,0.2704587605814668,0.022027318468495694,gaussian_noise
current_stateful,2011_09_26/2011_09_26_drive_0039_sync,132,recovery,12,132,0000000132.png,2,0.42557707705677705,0.4111079507140201,0.06796782792356329,gaussian_noise
current_stateful,2011_09_26/2011_09_26_drive_0039_sync,132,recovery,12,132,0000000132.png,3,0.4600976885322903,0.39320068559173266,0.10098429072811696,gaussian_noise
current_stateful,2011_09_26/2011_09_26_drive_0039_sync,132,recovery,12,132,0000000132.png,4,0.824801473072744,0.6848913222912821,0.14317755122165635,gaussian_noise
current_stateful,2011_09_26/2011_09_26_drive_0039_sync,132,recovery,12,132,0000000132.png,5,0.46548649008285553,0.39399434552894586,0.1693259585806623,gaussian_noise
current_stateful,2011_09_26/2011_09_26_drive_0039_sync,133,recovery,13,133,0000000133.png,1,0.5013359364743907,0.26832900898241585,0.017708488158241335,gaussian_noise
current_stateful,2011_09_26/2011_09_26_drive_0039_sync,133,recovery,13,133,0000000133.png,2,0.42632915157680973,0.40570307501816405,0.05387644783493636,gaussian_noise
current_stateful,2011_09_26/2011_09_26_drive_0039_sync,133,recovery,13,133,0000000133.png,3,0.4602307568674437,0.39128725171183715,0.08061906901201536,gaussian_noise
current_stateful,2011_09_26/2011_09_26_drive_0039_sync,133,recovery,13,133,0000000133.png,4,0.8314617906794654,0.6934041317821338,0.11595097348716152,gaussian_noise
current_stateful,2011_09_26/2011_09_26_drive_0039_sync,133,recovery,13,133,0000000133.png,5,0.47090049130211536,0.40088589533413965,0.13775771228713848,gaussian_noise
current_stateful,2011_09_26/2011_09_26_drive_0039_sync,134,recovery,14,134,0000000134.png,1,0.48295195867406415,0.27266706438124266,0.014161009354875607,gaussian_noise
current_stateful,2011_09_26/2011_09_26_drive_0039_sync,134,recovery,14,134,0000000134.png,2,0.42649888763562377,0.40109906734840167,0.04220726254879632,gaussian_noise
current_stateful,2011_09_26/2011_09_26_drive_0039_sync,134,recovery,14,134,0000000134.png,3,0.47405409947084004,0.3914072089947928,0.06386403423566243,gaussian_noise
current_stateful,2011_09_26/2011_09_26_drive_0039_sync,134,recovery,14,134,0000000134.png,4,0.8384418153809231,0.7018634271592259,0.09293869828958379,gaussian_noise
current_stateful,2011_09_26/2011_09_26_drive_0039_sync,134,recovery,14,134,0000000134.png,5,0.4772395775777057,0.407639201242499,0.10926058363810431,gaussian_noise
current_stateful,2011_09_26/2011_09_26_drive_0039_sync,135,recovery,15,135,0000000135.png,1,0.476308362546361,0.27619696539314764,0.011352057167578014,gaussian_noise
current_stateful,2011_09_26/2011_09_26_drive_0039_sync,135,recovery,15,135,0000000135.png,2,0.42300529561251327,0.3968015075460032,0.03284286481211582,gaussian_noise
current_stateful,2011_09_26/2011_09_26_drive_0039_sync,135,recovery,15,135,0000000135.png,3,0.4912489257340193,0.39422791099860105,0.0504720476324696,gaussian_noise
current_stateful,2011_09_26/2011_09_26_drive_0039_sync,135,recovery,15,135,0000000135.png,4,0.851863246581043,0.7099473422564851,0.07420041342801212,gaussian_noise
current_stateful,2011_09_26/2011_09_26_drive_0039_sync,135,recovery,15,135,0000000135.png,5,0.4845503294651285,0.414312529147074,0.08670467866488198,gaussian_noise
current_stateful,2011_09_26/2011_09_26_drive_0039_sync,136,recovery,16,136,0000000136.png,1,0.5033958828918007,0.27645190160070005,0.009199421895915789,gaussian_noise
current_stateful,2011_09_26/2011_09_26_drive_0039_sync,136,recovery,16,136,0000000136.png,2,0.42067094062138405,0.3928712662694666,0.025763697233647884,gaussian_noise
current_stateful,2011_09_26/2011_09_26_drive_0039_sync,136,recovery,16,136,0000000136.png,3,0.49868300735937615,0.39843273524933864,0.039951401141490206,gaussian_noise
current_stateful,2011_09_26/2011_09_26_drive_0039_sync,136,recovery,16,136,0000000136.png,4,0.8690988285025596,0.7185472305637529,0.05940952825077523,gaussian_noise
current_stateful,2011_09_26/2011_09_26_drive_0039_sync,136,recovery,16,136,0000000136.png,5,0.49173237867558933,0.42064605550103107,0.07003769485456085,gaussian_noise
current_stateful,2011_09_26/2011_09_26_drive_0039_sync,137,recovery,17,137,0000000137.png,1,0.5043562611932325,0.27817307928218726,0.007448474788285957,gaussian_noise
current_stateful,2011_09_26/2011_09_26_drive_0039_sync,137,recovery,17,137,0000000137.png,2,0.4214509761108206,0.3896753277814998,0.020331463875364643,gaussian_noise
current_stateful,2011_09_26/2011_09_26_drive_0039_sync,137,recovery,17,137,0000000137.png,3,0.5042200262236771,0.4031410945995341,0.03168264141181743,gaussian_noise
current_stateful,2011_09_26/2011_09_26_drive_0039_sync,137,recovery,17,137,0000000137.png,4,0.8860480084043877,0.7281909998796148,0.04778010038637135,gaussian_noise
current_stateful,2011_09_26/2011_09_26_drive_0039_sync,137,recovery,17,137,0000000137.png,5,0.49944549154942114,0.4268776692417803,0.05748762419113909,gaussian_noise
current_stateful,2011_09_26/2011_09_26_drive_0039_sync,138,recovery,18,138,0000000138.png,1,0.5253868089642552,0.27916470876079263,0.006081354091997439,gaussian_noise
current_stateful,2011_09_26/2011_09_26_drive_0039_sync,138,recovery,18,138,0000000138.png,2,0.4216641569540583,0.38730226374500826,0.016264940578584727,gaussian_noise
current_stateful,2011_09_26/2011_09_26_drive_0039_sync,138,recovery,18,138,0000000138.png,3,0.4995281828139986,0.4065653895881989,0.02527628512951722,gaussian_noise
current_stateful,2011_09_26/2011_09_26_drive_0039_sync,138,recovery,18,138,0000000138.png,4,0.89484883706512,0.7381321983144286,0.03858245280731816,gaussian_noise
current_stateful,2011_09_26/2011_09_26_drive_0039_sync,138,recovery,18,138,0000000138.png,5,0.5067116952135007,0.4333718827722742,0.04751215073723627,gaussian_noise
current_stateful,2011_09_26/2011_09_26_drive_0039_sync,139,recovery,19,139,0000000139.png,1,0.5457750352320699,0.28403759415732993,0.004965342674000305,gaussian_noise
current_stateful,2011_09_26/2011_09_26_drive_0039_sync,139,recovery,19,139,0000000139.png,2,0.424810564970056,0.38570359183979464,0.013095004443299887,gaussian_noise
current_stateful,2011_09_26/2011_09_26_drive_0039_sync,139,recovery,19,139,0000000139.png,3,0.49644523407916774,0.4079438992948579,0.020302076320614204,gaussian_noise
current_stateful,2011_09_26/2011_09_26_drive_0039_sync,139,recovery,19,139,0000000139.png,4,0.8938476708952375,0.7459077734537638,0.031152144949516916,gaussian_noise
current_stateful,2011_09_26/2011_09_26_drive_0039_sync,139,recovery,19,139,0000000139.png,5,0.5112413961895704,0.43966143050944956,0.038943308782701504,gaussian_noise
current_stateful,2011_09_26/2011_09_26_drive_0039_sync,140,recovery,20,140,0000000140.png,1,0.5618843704044265,0.29335916608608825,0.0040487695192417085,gaussian_noise
current_stateful,2011_09_26/2011_09_26_drive_0039_sync,140,recovery,20,140,0000000140.png,2,0.42818184191016784,0.38479619221583194,0.010529874992506768,gaussian_noise
current_stateful,2011_09_26/2011_09_26_drive_0039_sync,140,recovery,20,140,0000000140.png,3,0.4996744381645265,0.40837547298306104,0.01635276095877628,gaussian_noise
current_stateful,2011_09_26/2011_09_26_drive_0039_sync,140,recovery,20,140,0000000140.png,4,0.8893795484984518,0.7501647357238622,0.02523260169183324,gaussian_noise
current_stateful,2011_09_26/2011_09_26_drive_0039_sync,140,recovery,20,140,0000000140.png,5,0.5131511923677017,0.4448883748613842,0.03153886923180906,gaussian_noise
current_stateful,2011_09_26/2011_09_26_drive_0039_sync,141,recovery,21,141,0000000141.png,1,0.5828377039634614,0.30380333188017644,0.003315214927287658,gaussian_noise
current_stateful,2011_09_26/2011_09_26_drive_0039_sync,141,recovery,21,141,0000000141.png,2,0.4300867752434166,0.3843168956682452,0.00849866586653204,gaussian_noise
current_stateful,2011_09_26/2011_09_26_drive_0039_sync,141,recovery,21,141,0000000141.png,3,0.5011766345438832,0.40850758630796635,0.01317113884257206,gaussian_noise
current_stateful,2011_09_26/2011_09_26_drive_0039_sync,141,recovery,21,141,0000000141.png,4,0.8850513623794632,0.7512399663619451,0.02043905175075763,gaussian_noise
current_stateful,2011_09_26/2011_09_26_drive_0039_sync,141,recovery,21,141,0000000141.png,5,0.51263336886204,0.44863866363006644,0.02548568815350192,gaussian_noise
current_stateful,2011_09_26/2011_09_26_drive_0039_sync,142,recovery,22,142,0000000142.png,1,0.5922748382452163,0.31519741354093433,0.002709074093458499,gaussian_noise
current_stateful,2011_09_26/2011_09_26_drive_0039_sync,142,recovery,22,142,0000000142.png,2,0.4330088233967322,0.38426758828289465,0.0068400524035221715,gaussian_noise
current_stateful,2011_09_26/2011_09_26_drive_0039_sync,142,recovery,22,142,0000000142.png,3,0.5062795452720141,0.4092222512627469,0.010617607567636002,gaussian_noise
current_stateful,2011_09_26/2011_09_26_drive_0039_sync,142,recovery,22,142,0000000142.png,4,0.8843260698043807,0.7505554466756511,0.01651708979058329,gaussian_noise
current_stateful,2011_09_26/2011_09_26_drive_0039_sync,142,recovery,22,142,0000000142.png,5,0.5101046919135092,0.4508367112735875,0.020635998127292353,gaussian_noise
current_stateful,2011_09_26/2011_09_26_drive_0039_sync,143,recovery,23,143,0000000143.png,1,0.583333983811665,0.3228941787955513,0.002204386241942469,gaussian_noise
current_stateful,2011_09_26/2011_09_26_drive_0039_sync,143,recovery,23,143,0000000143.png,2,0.43432828554128855,0.38481244986008334,0.005461029641285394,gaussian_noise
current_stateful,2011_09_26/2011_09_26_drive_0039_sync,143,recovery,23,143,0000000143.png,3,0.519695259640694,0.4121160425047988,0.008545965694409434,gaussian_noise
current_stateful,2011_09_26/2011_09_26_drive_0039_sync,143,recovery,23,143,0000000143.png,4,0.890455114023897,0.7501180532045392,0.01329781873801117,gaussian_noise
current_stateful,2011_09_26/2011_09_26_drive_0039_sync,143,recovery,23,143,0000000143.png,5,0.5093953017184542,0.45229157476239623,0.016725226866921385,gaussian_noise
current_stateful,2011_09_26/2011_09_26_drive_0039_sync,144,recovery,24,144,0000000144.png,1,0.5880424738269467,0.3263780362535331,0.0018068148161125299,gaussian_noise
current_stateful,2011_09_26/2011_09_26_drive_0039_sync,144,recovery,24,144,0000000144.png,2,0.43325431508038154,0.38525672804153355,0.0044036055476114324,gaussian_noise
current_stateful,2011_09_26/2011_09_26_drive_0039_sync,144,recovery,24,144,0000000144.png,3,0.5263832497750827,0.4164180729767377,0.006887359233018537,gaussian_noise
current_stateful,2011_09_26/2011_09_26_drive_0039_sync,144,recovery,24,144,0000000144.png,4,0.8996251868793869,0.7514006306010398,0.010640771788565118,gaussian_noise
current_stateful,2011_09_26/2011_09_26_drive_0039_sync,144,recovery,24,144,0000000144.png,5,0.5121135605162683,0.45387100992646706,0.013597453767454174,gaussian_noise
current_stateful,2011_09_26/2011_09_26_drive_0039_sync,145,recovery,25,145,0000000145.png,1,0.5692188756580915,0.33086073110391484,0.0014726664293965865,gaussian_noise
current_stateful,2011_09_26/2011_09_26_drive_0039_sync,145,recovery,25,145,0000000145.png,2,0.43592403445984673,0.3858080622450788,0.0035480730844220914,gaussian_noise
current_stateful,2011_09_26/2011_09_26_drive_0039_sync,145,recovery,25,145,0000000145.png,3,0.5351556477299425,0.42180689276266126,0.0055824936224119414,gaussian_noise
current_stateful,2011_09_26/2011_09_26_drive_0039_sync,145,recovery,25,145,0000000145.png,4,0.9118886364330964,0.7550974996776155,0.00853872879357624,gaussian_noise
current_stateful,2011_09_26/2011_09_26_drive_0039_sync,145,recovery,25,145,0000000145.png,5,0.5179986432106664,0.4559743652677762,0.011063378581185272,gaussian_noise
current_stateful,2011_09_26/2011_09_26_drive_0039_sync,146,recovery,26,146,0000000146.png,1,0.5501336225826815,0.33380131774351973,0.0012046616952444576,gaussian_noise
current_stateful,2011_09_26/2011_09_26_drive_0039_sync,146,recovery,26,146,0000000146.png,2,0.43451733463080455,0.3864332160616797,0.0028737321017688728,gaussian_noise
current_stateful,2011_09_26/2011_09_26_drive_0039_sync,146,recovery,26,146,0000000146.png,3,0.5375386331684386,0.42763699892790324,0.004526463889958083,gaussian_noise
current_stateful,2011_09_26/2011_09_26_drive_0039_sync,146,recovery,26,146,0000000146.png,4,0.9276945969519955,0.7619412648573279,0.0068191666705471055,gaussian_noise
current_stateful,2011_09_26/2011_09_26_drive_0039_sync,146,recovery,26,146,0000000146.png,5,0.5275231469297643,0.4590961829134589,0.008966389030352651,gaussian_noise
current_stateful,2011_09_26/2011_09_26_drive_0039_sync,147,recovery,27,147,0000000147.png,1,0.546532180887516,0.3327799266647528,0.000987474638205568,gaussian_noise
current_stateful,2011_09_26/2011_09_26_drive_0039_sync,147,recovery,27,147,0000000147.png,2,0.4339192484347132,0.38682626629217043,0.002346676174311962,gaussian_noise
current_stateful,2011_09_26/2011_09_26_drive_0039_sync,147,recovery,27,147,0000000147.png,3,0.5334736337106681,0.432081472012712,0.0036735198936334685,gaussian_noise
current_stateful,2011_09_26/2011_09_26_drive_0039_sync,147,recovery,27,147,0000000147.png,4,0.9400351748920753,0.7711255312672236,0.005481803549319066,gaussian_noise
current_stateful,2011_09_26/2011_09_26_drive_0039_sync,147,recovery,27,147,0000000147.png,5,0.5380856506921365,0.46358967269279455,0.007298827205182561,gaussian_noise
current_stateful,2011_09_26/2011_09_26_drive_0039_sync,148,recovery,28,148,0000000148.png,1,0.536208502449662,0.3290596933068093,0.0008053116982833628,gaussian_noise
current_stateful,2011_09_26/2011_09_26_drive_0039_sync,148,recovery,28,148,0000000148.png,2,0.43498808370699305,0.3872880530644116,0.0019046445322313415,gaussian_noise
current_stateful,2011_09_26/2011_09_26_drive_0039_sync,148,recovery,28,148,0000000148.png,3,0.5396948563845256,0.43648678755453796,0.00298075685039774,gaussian_noise
current_stateful,2011_09_26/2011_09_26_drive_0039_sync,148,recovery,28,148,0000000148.png,4,0.9532545824443636,0.7818218752055067,0.004433424056315192,gaussian_noise
current_stateful,2011_09_26/2011_09_26_drive_0039_sync,148,recovery,28,148,0000000148.png,5,0.5497967921719179,0.46948302980956486,0.005952353443379782,gaussian_noise
current_stateful,2011_09_26/2011_09_26_drive_0039_sync,149,recovery,29,149,0000000149.png,1,0.5600657000547414,0.32035287783361405,0.0006664260998582817,gaussian_noise
current_stateful,2011_09_26/2011_09_26_drive_0039_sync,149,recovery,29,149,0000000149.png,2,0.43345049864786644,0.3876990260285992,0.0015726530627005726,gaussian_noise
current_stateful,2011_09_26/2011_09_26_drive_0039_sync,149,recovery,29,149,0000000149.png,3,0.5344253519482681,0.43991830352075145,0.0024334371234359794,gaussian_noise
current_stateful,2011_09_26/2011_09_26_drive_0039_sync,149,recovery,29,149,0000000149.png,4,0.9606037809471258,0.7931000000398156,0.0035927029050839892,gaussian_noise
current_stateful,2011_09_26/2011_09_26_drive_0039_sync,149,recovery,29,149,0000000149.png,5,0.561235962494791,0.4767231642406633,0.004806000260011133,gaussian_noise
current_stateful,2011_09_26/2011_09_26_drive_0039_sync,150,recovery,30,150,0000000150.png,1,0.5572538036076754,0.3163402283249994,0.000549098213299136,gaussian_noise
current_stateful,2011_09_26/2011_09_26_drive_0039_sync,150,recovery,30,150,0000000150.png,2,0.4378017362341868,0.3884033706141817,0.0013059513664000636,gaussian_noise
current_stateful,2011_09_26/2011_09_26_drive_0039_sync,150,recovery,30,150,0000000150.png,3,0.5274477401525663,0.4412591018594691,0.0020086537468362014,gaussian_noise
current_stateful,2011_09_26/2011_09_26_drive_0039_sync,150,recovery,30,150,0000000150.png,4,0.9581501948455198,0.8030514906695683,0.002918201226167828,gaussian_noise
current_stateful,2011_09_26/2011_09_26_drive_0039_sync,150,recovery,30,150,0000000150.png,5,0.5670606361239805,0.4844278475322756,0.0038620227750036443,gaussian_noise
current_stateful,2011_09_26/2011_09_26_drive_0039_sync,151,recovery,31,151,0000000151.png,1,0.5503787776508277,0.3139485513685513,0.0004502915419525198,gaussian_noise
current_stateful,2011_09_26/2011_09_26_drive_0039_sync,151,recovery,31,151,0000000151.png,2,0.43913680423609863,0.38917125553552434,0.0010804346346545684,gaussian_noise
current_stateful,2011_09_26/2011_09_26_drive_0039_sync,151,recovery,31,151,0000000151.png,3,0.5285640339656029,0.4415779784489571,0.0016650024405871807,gaussian_noise
current_stateful,2011_09_26/2011_09_26_drive_0039_sync,151,recovery,31,151,0000000151.png,4,0.9538109846230851,0.8106351314384653,0.0023774032044415164,gaussian_noise
current_stateful,2011_09_26/2011_09_26_drive_0039_sync,151,recovery,31,151,0000000151.png,5,0.5675332617105766,0.4914246714375495,0.003047282216478682,gaussian_noise
current_stateful,2011_09_26/2011_09_26_drive_0039_sync,152,recovery,32,152,0000000152.png,1,0.5585792086743955,0.3110411846802949,0.00037031444589803915,gaussian_noise
current_stateful,2011_09_26/2011_09_26_drive_0039_sync,152,recovery,32,152,0000000152.png,2,0.4357557351281674,0.38959448301625266,0.0008915541364122861,gaussian_noise
current_stateful,2011_09_26/2011_09_26_drive_0039_sync,152,recovery,32,152,0000000152.png,3,0.5287509593320134,0.44170241397129584,0.0013760382769866875,gaussian_noise
current_stateful,2011_09_26/2011_09_26_drive_0039_sync,152,recovery,32,152,0000000152.png,4,0.9507730941760424,0.8161530847365535,0.0019380447459916327,gaussian_noise
current_stateful,2011_09_26/2011_09_26_drive_0039_sync,152,recovery,32,152,0000000152.png,5,0.5661963821487777,0.4972018720428294,0.0024435514273302063,gaussian_noise
current_stateful,2011_09_26/2011_09_26_drive_0039_sync,153,recovery,33,153,0000000153.png,1,0.5714325618070363,0.30727101768899145,0.0003041153839983848,gaussian_noise
current_stateful,2011_09_26/2011_09_26_drive_0039_sync,153,recovery,33,153,0000000153.png,2,0.4348502402571847,0.3895859080624501,0.0007351320331614869,gaussian_noise
current_stateful,2011_09_26/2011_09_26_drive_0039_sync,153,recovery,33,153,0000000153.png,3,0.5306757296582321,0.44186406980456955,0.0011364175700775247,gaussian_noise
current_stateful,2011_09_26/2011_09_26_drive_0039_sync,153,recovery,33,153,0000000153.png,4,0.9495520203354785,0.8198358780813588,0.0015928747291353393,gaussian_noise
current_stateful,2011_09_26/2011_09_26_drive_0039_sync,153,recovery,33,153,0000000153.png,5,0.5639528804254232,0.5016982382385614,0.0019733039262391843,gaussian_noise
current_stateful,2011_09_26/2011_09_26_drive_0039_sync,154,recovery,34,154,0000000154.png,1,0.5811785514800161,0.30569672449865076,0.00025075602331467043,gaussian_noise
current_stateful,2011_09_26/2011_09_26_drive_0039_sync,154,recovery,34,154,0000000154.png,2,0.4317124109738557,0.3889140473999744,0.0006104288146322364,gaussian_noise
current_stateful,2011_09_26/2011_09_26_drive_0039_sync,154,recovery,34,154,0000000154.png,3,0.531422101297417,0.44180363161960184,0.0009366558323092187,gaussian_noise
current_stateful,2011_09_26/2011_09_26_drive_0039_sync,154,recovery,34,154,0000000154.png,4,0.9503611975600611,0.8220081636758506,0.0013129148717889953,gaussian_noise
current_stateful,2011_09_26/2011_09_26_drive_0039_sync,154,recovery,34,154,0000000154.png,5,0.5614176844220136,0.5049742721910643,0.0016195182365194554,gaussian_noise
current_stateful,2011_09_26/2011_09_26_drive_0039_sync,155,recovery,35,155,0000000155.png,1,0.5744333865389304,0.30755206365652193,0.00020710361850857559,gaussian_noise
current_stateful,2011_09_26/2011_09_26_drive_0039_sync,155,recovery,35,155,0000000155.png,2,0.4299544715304598,0.38803486166865275,0.0005101820993636311,gaussian_noise
current_stateful,2011_09_26/2011_09_26_drive_0039_sync,155,recovery,35,155,0000000155.png,3,0.5342253604979564,0.44215324792906785,0.0007773674998413254,gaussian_noise
current_stateful,2011_09_26/2011_09_26_drive_0039_sync,155,recovery,35,155,0000000155.png,4,0.9530011861397744,0.8234747397656734,0.0010960593687105711,gaussian_noise
current_stateful,2011_09_26/2011_09_26_drive_0039_sync,155,recovery,35,155,0000000155.png,5,0.5597567813743038,0.5072197079946347,0.00136150287979842,gaussian_noise
current_stateful,2011_09_26/2011_09_26_drive_0039_sync,156,recovery,36,156,0000000156.png,1,0.5671019717175918,0.3115389167550063,0.00017125551189717638,gaussian_noise
current_stateful,2011_09_26/2011_09_26_drive_0039_sync,156,recovery,36,156,0000000156.png,2,0.43006310289217214,0.3872559130983706,0.00042822072867125603,gaussian_noise
current_stateful,2011_09_26/2011_09_26_drive_0039_sync,156,recovery,36,156,0000000156.png,3,0.5358446549616892,0.4429630990969993,0.0006506322822286419,gaussian_noise
current_stateful,2011_09_26/2011_09_26_drive_0039_sync,156,recovery,36,156,0000000156.png,4,0.953776964474152,0.8244026340721795,0.0009160679433344682,gaussian_noise
current_stateful,2011_09_26/2011_09_26_drive_0039_sync,156,recovery,36,156,0000000156.png,5,0.5592678012582039,0.5088243313099443,0.0011433770363407684,gaussian_noise
current_stateful,2011_09_26/2011_09_26_drive_0039_sync,157,recovery,37,157,0000000157.png,1,0.5518711571907619,0.3157749743256057,0.0001406463594235276,gaussian_noise
current_stateful,2011_09_26/2011_09_26_drive_0039_sync,157,recovery,37,157,0000000157.png,2,0.43389954345001447,0.387151682573377,0.00035894830741250793,gaussian_noise
current_stateful,2011_09_26/2011_09_26_drive_0039_sync,157,recovery,37,157,0000000157.png,3,0.5404423543392475,0.4444717084323952,0.000545319205221111,gaussian_noise
current_stateful,2011_09_26/2011_09_26_drive_0039_sync,157,recovery,37,157,0000000157.png,4,0.9560686131034171,0.8251146426509814,0.000767711029481757,gaussian_noise
current_stateful,2011_09_26/2011_09_26_drive_0039_sync,157,recovery,37,157,0000000157.png,5,0.5594176867450708,0.510050929395577,0.0009574578934708231,gaussian_noise
current_stateful,2011_09_26/2011_09_26_drive_0039_sync,158,recovery,38,158,0000000158.png,1,0.5365316939410424,0.3167880664658638,0.00011613323438519434,gaussian_noise
current_stateful,2011_09_26/2011_09_26_drive_0039_sync,158,recovery,38,158,0000000158.png,2,0.43276575507964526,0.38728896614322617,0.0003046324044171239,gaussian_noise
current_stateful,2011_09_26/2011_09_26_drive_0039_sync,158,recovery,38,158,0000000158.png,3,0.5367596593586148,0.4459109585508104,0.0004597899022818338,gaussian_noise
current_stateful,2011_09_26/2011_09_26_drive_0039_sync,158,recovery,38,158,0000000158.png,4,0.9599686320540982,0.8266281229437918,0.0006425822622105384,gaussian_noise
current_stateful,2011_09_26/2011_09_26_drive_0039_sync,158,recovery,38,158,0000000158.png,5,0.560435428933105,0.5111610811534941,0.0007859155822509153,gaussian_noise
current_stateful,2011_09_26/2011_09_26_drive_0039_sync,159,recovery,39,159,0000000159.png,1,0.5729834189966774,0.3149257237090895,9.689016990098719e-05,gaussian_noise
current_stateful,2011_09_26/2011_09_26_drive_0039_sync,159,recovery,39,159,0000000159.png,2,0.433447469760012,0.3873997524524424,0.00026430831834170694,gaussian_noise
current_stateful,2011_09_26/2011_09_26_drive_0039_sync,159,recovery,39,159,0000000159.png,3,0.512011936314949,0.44328931779726993,0.00039178001212754164,gaussian_noise
current_stateful,2011_09_26/2011_09_26_drive_0039_sync,159,recovery,39,159,0000000159.png,4,0.9490050434994243,0.8268385199718706,0.0005413465676131753,gaussian_noise
current_stateful,2011_09_26/2011_09_26_drive_0039_sync,159,recovery,39,159,0000000159.png,5,0.5583335308704223,0.5116983142538654,0.0006687298989541521,gaussian_noise
learned_recurrent_error,2011_09_26/2011_09_26_drive_0011_sync,0,baseline,0,0,0000000000.png,1,0.27705740556543346,0.05735088359109203,0.0,gaussian_noise
learned_recurrent_error,2011_09_26/2011_09_26_drive_0011_sync,0,baseline,0,0,0000000000.png,2,0.5947683926156654,0.12311705861660538,0.0,gaussian_noise
learned_recurrent_error,2011_09_26/2011_09_26_drive_0011_sync,0,baseline,0,0,0000000000.png,3,1.8030761904264339,0.3732367754590645,0.0,gaussian_noise
learned_recurrent_error,2011_09_26/2011_09_26_drive_0011_sync,0,baseline,0,0,0000000000.png,4,2.8116027160004875,0.5820017685329941,0.0,gaussian_noise
learned_recurrent_error,2011_09_26/2011_09_26_drive_0011_sync,0,baseline,0,0,0000000000.png,5,1.2703585250982976,0.26296421750274573,0.0,gaussian_noise
learned_recurrent_error,2011_09_26/2011_09_26_drive_0011_sync,1,baseline,1,1,0000000001.png,1,0.3788570740771225,0.0992322631974401,0.0,gaussian_noise
learned_recurrent_error,2011_09_26/2011_09_26_drive_0011_sync,1,baseline,1,1,0000000001.png,2,0.5831264369386288,0.20295257142371145,0.0,gaussian_noise
learned_recurrent_error,2011_09_26/2011_09_26_drive_0011_sync,1,baseline,1,1,0000000001.png,3,1.4838065971906476,0.5911019456492591,0.0,gaussian_noise
learned_recurrent_error,2011_09_26/2011_09_26_drive_0011_sync,1,baseline,1,1,0000000001.png,4,2.4466104627105314,0.9555599817190158,0.0,gaussian_noise
learned_recurrent_error,2011_09_26/2011_09_26_drive_0011_sync,1,baseline,1,1,0000000001.png,5,1.1034982784051592,0.42962536437415105,0.0,gaussian_noise
learned_recurrent_error,2011_09_26/2011_09_26_drive_0011_sync,2,baseline,2,2,0000000002.png,1,0.4185079412213268,0.1386219391470071,0.0,gaussian_noise
learned_recurrent_error,2011_09_26/2011_09_26_drive_0011_sync,2,baseline,2,2,0000000002.png,2,0.5849893664576591,0.262011892703052,0.0,gaussian_noise
learned_recurrent_error,2011_09_26/2011_09_26_drive_0011_sync,2,baseline,2,2,0000000002.png,3,1.3028293221354028,0.7166094778076872,0.0,gaussian_noise
learned_recurrent_error,2011_09_26/2011_09_26_drive_0011_sync,2,baseline,2,2,0000000002.png,4,2.182965447037006,1.187041800005439,0.0,gaussian_noise
learned_recurrent_error,2011_09_26/2011_09_26_drive_0011_sync,2,baseline,2,2,0000000002.png,5,1.0486067359207194,0.5430897513272259,0.0,gaussian_noise
learned_recurrent_error,2011_09_26/2011_09_26_drive_0011_sync,3,baseline,3,3,0000000003.png,1,0.4542349816390604,0.1785026279148728,0.0,gaussian_noise
learned_recurrent_error,2011_09_26/2011_09_26_drive_0011_sync,3,baseline,3,3,0000000003.png,2,0.5657006925935177,0.30285321363178075,0.0,gaussian_noise
learned_recurrent_error,2011_09_26/2011_09_26_drive_0011_sync,3,baseline,3,3,0000000003.png,3,1.1740387416738016,0.7832692234732268,0.0,gaussian_noise
learned_recurrent_error,2011_09_26/2011_09_26_drive_0011_sync,3,baseline,3,3,0000000003.png,4,1.9531895559307864,1.313618466222613,0.0,gaussian_noise
learned_recurrent_error,2011_09_26/2011_09_26_drive_0011_sync,3,baseline,3,3,0000000003.png,5,1.024558600257706,0.6224118753361638,0.0,gaussian_noise
learned_recurrent_error,2011_09_26/2011_09_26_drive_0011_sync,4,baseline,4,4,0000000004.png,1,0.4601049044007042,0.20991177770639188,0.0,gaussian_noise
learned_recurrent_error,2011_09_26/2011_09_26_drive_0011_sync,4,baseline,4,4,0000000004.png,2,0.5344198596358922,0.3275028540562634,0.0,gaussian_noise
learned_recurrent_error,2011_09_26/2011_09_26_drive_0011_sync,4,baseline,4,4,0000000004.png,3,1.0787251404358518,0.8128198548838129,0.0,gaussian_noise
learned_recurrent_error,2011_09_26/2011_09_26_drive_0011_sync,4,baseline,4,4,0000000004.png,4,1.7673710119845045,1.3662562819013455,0.0,gaussian_noise
learned_recurrent_error,2011_09_26/2011_09_26_drive_0011_sync,4,baseline,4,4,0000000004.png,5,1.0140542464713715,0.6786184932052027,0.0,gaussian_noise
learned_recurrent_error,2011_09_26/2011_09_26_drive_0011_sync,5,baseline,5,5,0000000005.png,1,0.44592600010436334,0.23098516225540622,0.0,gaussian_noise
learned_recurrent_error,2011_09_26/2011_09_26_drive_0011_sync,5,baseline,5,5,0000000005.png,2,0.49857558157476317,0.33901335170510016,0.0,gaussian_noise
learned_recurrent_error,2011_09_26/2011_09_26_drive_0011_sync,5,baseline,5,5,0000000005.png,3,1.0056597543788077,0.8198207938169522,0.0,gaussian_noise
learned_recurrent_error,2011_09_26/2011_09_26_drive_0011_sync,5,baseline,5,5,0000000005.png,4,1.6336635322319497,1.3727330902205648,0.0,gaussian_noise
learned_recurrent_error,2011_09_26/2011_09_26_drive_0011_sync,5,baseline,5,5,0000000005.png,5,1.01382953863927,0.7196806129515031,0.0,gaussian_noise
learned_recurrent_error,2011_09_26/2011_09_26_drive_0011_sync,6,baseline,6,6,0000000006.png,1,0.3410004260996908,0.2294509444007749,0.0,gaussian_noise
learned_recurrent_error,2011_09_26/2011_09_26_drive_0011_sync,6,baseline,6,6,0000000006.png,2,0.4695056252865663,0.3403891632219579,0.0,gaussian_noise
learned_recurrent_error,2011_09_26/2011_09_26_drive_0011_sync,6,baseline,6,6,0000000006.png,3,0.9475618150466989,0.8135906235141235,0.0,gaussian_noise
learned_recurrent_error,2011_09_26/2011_09_26_drive_0011_sync,6,baseline,6,6,0000000006.png,4,1.541030696872642,1.3548766950051285,0.0,gaussian_noise
learned_recurrent_error,2011_09_26/2011_09_26_drive_0011_sync,6,baseline,6,6,0000000006.png,5,1.0220042600780368,0.7523723781655581,0.0,gaussian_noise
learned_recurrent_error,2011_09_26/2011_09_26_drive_0011_sync,7,baseline,7,7,0000000007.png,1,0.30684148330421906,0.21581112384741288,0.0,gaussian_noise
learned_recurrent_error,2011_09_26/2011_09_26_drive_0011_sync,7,baseline,7,7,0000000007.png,2,0.4489075850045352,0.336666381455032,0.0,gaussian_noise
learned_recurrent_error,2011_09_26/2011_09_26_drive_0011_sync,7,baseline,7,7,0000000007.png,3,0.9057783897724592,0.8005618849433568,0.0,gaussian_noise
learned_recurrent_error,2011_09_26/2011_09_26_drive_0011_sync,7,baseline,7,7,0000000007.png,4,1.4793340789746394,1.327791296276966,0.0,gaussian_noise
learned_recurrent_error,2011_09_26/2011_09_26_drive_0011_sync,7,baseline,7,7,0000000007.png,5,1.0336392632622604,0.7811079059858094,0.0,gaussian_noise
learned_recurrent_error,2011_09_26/2011_09_26_drive_0011_sync,8,baseline,8,8,0000000008.png,1,0.29583529318879476,0.1961547094394089,0.0,gaussian_noise
learned_recurrent_error,2011_09_26/2011_09_26_drive_0011_sync,8,baseline,8,8,0000000008.png,2,0.4307257820684511,0.330010599361032,0.0,gaussian_noise
learned_recurrent_error,2011_09_26/2011_09_26_drive_0011_sync,8,baseline,8,8,0000000008.png,3,0.8759704631419426,0.7853794268877125,0.0,gaussian_noise
learned_recurrent_error,2011_09_26/2011_09_26_drive_0011_sync,8,baseline,8,8,0000000008.png,4,1.442172180152145,1.3007017776051315,0.0,gaussian_noise
learned_recurrent_error,2011_09_26/2011_09_26_drive_0011_sync,8,baseline,8,8,0000000008.png,5,1.0473617593956013,0.8084149006406033,0.0,gaussian_noise
learned_recurrent_error,2011_09_26/2011_09_26_drive_0011_sync,9,baseline,9,9,0000000009.png,1,0.29877383325876783,0.1733495527482238,0.0,gaussian_noise
learned_recurrent_error,2011_09_26/2011_09_26_drive_0011_sync,9,baseline,9,9,0000000009.png,2,0.41703076779246856,0.3219214186844085,0.0,gaussian_noise
learned_recurrent_error,2011_09_26/2011_09_26_drive_0011_sync,9,baseline,9,9,0000000009.png,3,0.8543769949399992,0.7705261820283491,0.0,gaussian_noise
learned_recurrent_error,2011_09_26/2011_09_26_drive_0011_sync,9,baseline,9,9,0000000009.png,4,1.4228209658746822,1.2787617763209924,0.0,gaussian_noise
learned_recurrent_error,2011_09_26/2011_09_26_drive_0011_sync,9,baseline,9,9,0000000009.png,5,1.0627876174046609,0.835661549801074,0.0,gaussian_noise
learned_recurrent_error,2011_09_26/2011_09_26_drive_0011_sync,10,baseline,10,10,0000000010.png,1,0.31428995467844584,0.1453421419633959,0.0,gaussian_noise
learned_recurrent_error,2011_09_26/2011_09_26_drive_0011_sync,10,baseline,10,10,0000000010.png,2,0.40959248392994324,0.3133430499983777,0.0,gaussian_noise
learned_recurrent_error,2011_09_26/2011_09_26_drive_0011_sync,10,baseline,10,10,0000000010.png,3,0.8368306479114039,0.7570210676034461,0.0,gaussian_noise
learned_recurrent_error,2011_09_26/2011_09_26_drive_0011_sync,10,baseline,10,10,0000000010.png,4,1.4141712719778972,1.2642187634411908,0.0,gaussian_noise
learned_recurrent_error,2011_09_26/2011_09_26_drive_0011_sync,10,baseline,10,10,0000000010.png,5,1.075699185761112,0.8628583969174258,0.0,gaussian_noise
learned_recurrent_error,2011_09_26/2011_09_26_drive_0011_sync,11,baseline,11,11,0000000011.png,1,0.288655043079777,0.1363959455283049,0.0,gaussian_noise
learned_recurrent_error,2011_09_26/2011_09_26_drive_0011_sync,11,baseline,11,11,0000000011.png,2,0.40565537335697616,0.3055994572351797,0.0,gaussian_noise
learned_recurrent_error,2011_09_26/2011_09_26_drive_0011_sync,11,baseline,11,11,0000000011.png,3,0.8184554366116742,0.7444871359288795,0.0,gaussian_noise
learned_recurrent_error,2011_09_26/2011_09_26_drive_0011_sync,11,baseline,11,11,0000000011.png,4,1.4076229701304865,1.256494766857097,0.0,gaussian_noise
learned_recurrent_error,2011_09_26/2011_09_26_drive_0011_sync,11,baseline,11,11,0000000011.png,5,1.0842792239977992,0.8890665986649077,0.0,gaussian_noise
learned_recurrent_error,2011_09_26/2011_09_26_drive_0011_sync,12,baseline,12,12,0000000012.png,1,0.2745516185069552,0.13418615822143537,0.0,gaussian_noise
learned_recurrent_error,2011_09_26/2011_09_26_drive_0011_sync,12,baseline,12,12,0000000012.png,2,0.40984447539304425,0.2999776170057892,0.0,gaussian_noise
learned_recurrent_error,2011_09_26/2011_09_26_drive_0011_sync,12,baseline,12,12,0000000012.png,3,0.8113905315948164,0.7337113333848103,0.0,gaussian_noise
learned_recurrent_error,2011_09_26/2011_09_26_drive_0011_sync,12,baseline,12,12,0000000012.png,4,1.4033797033534068,1.254277454724184,0.0,gaussian_noise
learned_recurrent_error,2011_09_26/2011_09_26_drive_0011_sync,12,baseline,12,12,0000000012.png,5,1.0885740871116107,0.9132557463687219,0.0,gaussian_noise
learned_recurrent_error,2011_09_26/2011_09_26_drive_0011_sync,13,baseline,13,13,0000000013.png,1,0.27534736748761796,0.1325334960464327,0.0,gaussian_noise
learned_recurrent_error,2011_09_26/2011_09_26_drive_0011_sync,13,baseline,13,13,0000000013.png,2,0.4074597634667879,0.29569723720565044,0.0,gaussian_noise
learned_recurrent_error,2011_09_26/2011_09_26_drive_0011_sync,13,baseline,13,13,0000000013.png,3,0.8116424692247647,0.725983096524993,0.0,gaussian_noise
learned_recurrent_error,2011_09_26/2011_09_26_drive_0011_sync,13,baseline,13,13,0000000013.png,4,1.4031126389794093,1.2563969266779362,0.0,gaussian_noise
learned_recurrent_error,2011_09_26/2011_09_26_drive_0011_sync,13,baseline,13,13,0000000013.png,5,1.091427549591327,0.9351718160293476,0.0,gaussian_noise
learned_recurrent_error,2011_09_26/2011_09_26_drive_0011_sync,14,baseline,14,14,0000000014.png,1,0.2747495001903252,0.1313167915014578,0.0,gaussian_noise
learned_recurrent_error,2011_09_26/2011_09_26_drive_0011_sync,14,baseline,14,14,0000000014.png,2,0.40410950345003394,0.29179702086907566,0.0,gaussian_noise
learned_recurrent_error,2011_09_26/2011_09_26_drive_0011_sync,14,baseline,14,14,0000000014.png,3,0.8104320844749401,0.7213278225512516,0.0,gaussian_noise
learned_recurrent_error,2011_09_26/2011_09_26_drive_0011_sync,14,baseline,14,14,0000000014.png,4,1.404764288636034,1.261936338138125,0.0,gaussian_noise
learned_recurrent_error,2011_09_26/2011_09_26_drive_0011_sync,14,baseline,14,14,0000000014.png,5,1.0943410717394182,0.955135987403926,0.0,gaussian_noise
learned_recurrent_error,2011_09_26/2011_09_26_drive_0011_sync,15,baseline,15,15,0000000015.png,1,0.27777367337469383,0.1303643674813895,0.0,gaussian_noise
learned_recurrent_error,2011_09_26/2011_09_26_drive_0011_sync,15,baseline,15,15,0000000015.png,2,0.40473637181194316,0.288996181110924,0.0,gaussian_noise
learned_recurrent_error,2011_09_26/2011_09_26_drive_0011_sync,15,baseline,15,15,0000000015.png,3,0.8110375948111047,0.7191395653965129,0.0,gaussian_noise
learned_recurrent_error,2011_09_26/2011_09_26_drive_0011_sync,15,baseline,15,15,0000000015.png,4,1.4070471282479307,1.2698170129487925,0.0,gaussian_noise
learned_recurrent_error,2011_09_26/2011_09_26_drive_0011_sync,15,baseline,15,15,0000000015.png,5,1.0961261676157603,0.9732543196186698,0.0,gaussian_noise
learned_recurrent_error,2011_09_26/2011_09_26_drive_0011_sync,16,baseline,16,16,0000000016.png,1,0.2737986130721302,0.13051075113408633,0.0,gaussian_noise
learned_recurrent_error,2011_09_26/2011_09_26_drive_0011_sync,16,baseline,16,16,0000000016.png,2,0.4031769272026768,0.2872464308777336,0.0,gaussian_noise
learned_recurrent_error,2011_09_26/2011_09_26_drive_0011_sync,16,baseline,16,16,0000000016.png,3,0.814911531180037,0.7191222324971415,0.0,gaussian_noise
learned_recurrent_error,2011_09_26/2011_09_26_drive_0011_sync,16,baseline,16,16,0000000016.png,4,1.4109124885394093,1.2791451432887455,0.0,gaussian_noise
learned_recurrent_error,2011_09_26/2011_09_26_drive_0011_sync,16,baseline,16,16,0000000016.png,5,1.0963423697849823,0.9893891413155611,0.0,gaussian_noise
learned_recurrent_error,2011_09_26/2011_09_26_drive_0011_sync,17,baseline,17,17,0000000017.png,1,0.27453275808132543,0.1318748747193041,0.0,gaussian_noise
learned_recurrent_error,2011_09_26/2011_09_26_drive_0011_sync,17,baseline,17,17,0000000017.png,2,0.4011112407172185,0.28613402063496063,0.0,gaussian_noise
learned_recurrent_error,2011_09_26/2011_09_26_drive_0011_sync,17,baseline,17,17,0000000017.png,3,0.8185363459683473,0.7206821766241461,0.0,gaussian_noise
learned_recurrent_error,2011_09_26/2011_09_26_drive_0011_sync,17,baseline,17,17,0000000017.png,4,1.4152090854950794,1.2893616088965578,0.0,gaussian_noise
learned_recurrent_error,2011_09_26/2011_09_26_drive_0011_sync,17,baseline,17,17,0000000017.png,5,1.0951836546453613,1.0033830713545144,0.0,gaussian_noise
learned_recurrent_error,2011_09_26/2011_09_26_drive_0011_sync,18,baseline,18,18,0000000018.png,1,0.2740406912697602,0.13212432717192119,0.0,gaussian_noise
learned_recurrent_error,2011_09_26/2011_09_26_drive_0011_sync,18,baseline,18,18,0000000018.png,2,0.40219594209519927,0.2858181474651248,0.0,gaussian_noise
learned_recurrent_error,2011_09_26/2011_09_26_drive_0011_sync,18,baseline,18,18,0000000018.png,3,0.8226092564419621,0.7231834615597806,0.0,gaussian_noise
learned_recurrent_error,2011_09_26/2011_09_26_drive_0011_sync,18,baseline,18,18,0000000018.png,4,1.4191768185891247,1.299794202109543,0.0,gaussian_noise
learned_recurrent_error,2011_09_26/2011_09_26_drive_0011_sync,18,baseline,18,18,0000000018.png,5,1.0935232135083168,1.0152567650275832,0.0,gaussian_noise
learned_recurrent_error,2011_09_26/2011_09_26_drive_0011_sync,19,baseline,19,19,0000000019.png,1,0.2839750626564697,0.13292633370683596,0.0,gaussian_noise
learned_recurrent_error,2011_09_26/2011_09_26_drive_0011_sync,19,baseline,19,19,0000000019.png,2,0.39993437300470114,0.285513306878766,0.0,gaussian_noise
learned_recurrent_error,2011_09_26/2011_09_26_drive_0011_sync,19,baseline,19,19,0000000019.png,3,0.8210205252773458,0.7256926447284325,0.0,gaussian_noise
learned_recurrent_error,2011_09_26/2011_09_26_drive_0011_sync,19,baseline,19,19,0000000019.png,4,1.421433220920517,1.3095984751053333,0.0,gaussian_noise
learned_recurrent_error,2011_09_26/2011_09_26_drive_0011_sync,19,baseline,19,19,0000000019.png,5,1.0917981703012325,1.0251453254987266,0.0,gaussian_noise
learned_recurrent_error,2011_09_26/2011_09_26_drive_0011_sync,20,baseline,20,20,0000000020.png,1,0.2624914979145769,0.13055858845482013,0.0,gaussian_noise
learned_recurrent_error,2011_09_26/2011_09_26_drive_0011_sync,20,baseline,20,20,0000000020.png,2,0.39268765054983806,0.284615577239335,0.0,gaussian_noise
learned_recurrent_error,2011_09_26/2011_09_26_drive_0011_sync,20,baseline,20,20,0000000020.png,3,0.8180242585333292,0.7274361035168809,0.0,gaussian_noise
learned_recurrent_error,2011_09_26/2011_09_26_drive_0011_sync,20,baseline,20,20,0000000020.png,4,1.422465867280943,1.3181701756080249,0.0,gaussian_noise
learned_recurrent_error,2011_09_26/2011_09_26_drive_0011_sync,20,baseline,20,20,0000000020.png,5,1.0902951192035124,1.0332498388980316,0.0,gaussian_noise
learned_recurrent_error,2011_09_26/2011_09_26_drive_0011_sync,21,baseline,21,21,0000000021.png,1,0.25733618416455667,0.13012174690265255,0.0,gaussian_noise
learned_recurrent_error,2011_09_26/2011_09_26_drive_0011_sync,21,baseline,21,21,0000000021.png,2,0.3902622135976345,0.2836432500960533,0.0,gaussian_noise
learned_recurrent_error,2011_09_26/2011_09_26_drive_0011_sync,21,baseline,21,21,0000000021.png,3,0.820325487473286,0.7288321793840329,0.0,gaussian_noise
learned_recurrent_error,2011_09_26/2011_09_26_drive_0011_sync,21,baseline,21,21,0000000021.png,4,1.4246710328068892,1.325599936839213,0.0,gaussian_noise
learned_recurrent_error,2011_09_26/2011_09_26_drive_0011_sync,21,baseline,21,21,0000000021.png,5,1.0899721570949266,1.040033166240861,0.0,gaussian_noise
learned_recurrent_error,2011_09_26/2011_09_26_drive_0011_sync,22,baseline,22,22,0000000022.png,1,0.26151154320858105,0.12892888030991642,0.0,gaussian_noise
learned_recurrent_error,2011_09_26/2011_09_26_drive_0011_sync,22,baseline,22,22,0000000022.png,2,0.380344121007909,0.28169433106748504,0.0,gaussian_noise
learned_recurrent_error,2011_09_26/2011_09_26_drive_0011_sync,22,baseline,22,22,0000000022.png,3,0.8219624560702551,0.7306150225247942,0.0,gaussian_noise
learned_recurrent_error,2011_09_26/2011_09_26_drive_0011_sync,22,baseline,22,22,0000000022.png,4,1.4283011071201601,1.3325086765528389,0.0,gaussian_noise
learned_recurrent_error,2011_09_26/2011_09_26_drive_0011_sync,22,baseline,22,22,0000000022.png,5,1.091402975869776,1.0461212380500593,0.0,gaussian_noise
learned_recurrent_error,2011_09_26/2011_09_26_drive_0011_sync,23,baseline,23,23,0000000023.png,1,0.25934969788176526,0.13056622848134689,0.0,gaussian_noise
learned_recurrent_error,2011_09_26/2011_09_26_drive_0011_sync,23,baseline,23,23,0000000023.png,2,0.37910965325880985,0.27979829203273826,0.0,gaussian_noise
learned_recurrent_error,2011_09_26/2011_09_26_drive_0011_sync,23,baseline,23,23,0000000023.png,3,0.8297790976775373,0.7333848006108658,0.0,gaussian_noise
learned_recurrent_error,2011_09_26/2011_09_26_drive_0011_sync,23,baseline,23,23,0000000023.png,4,1.4342381428219813,1.3393199506854578,0.0,gaussian_noise
learned_recurrent_error,2011_09_26/2011_09_26_drive_0011_sync,23,baseline,23,23,0000000023.png,5,1.094209387021335,1.051924202182297,0.0,gaussian_noise
learned_recurrent_error,2011_09_26/2011_09_26_drive_0011_sync,24,baseline,24,24,0000000024.png,1,0.2647057610522187,0.1323429169072503,0.0,gaussian_noise
learned_recurrent_error,2011_09_26/2011_09_26_drive_0011_sync,24,baseline,24,24,0000000024.png,2,0.37604077275142117,0.27790171869978214,0.0,gaussian_noise
learned_recurrent_error,2011_09_26/2011_09_26_drive_0011_sync,24,baseline,24,24,0000000024.png,3,0.8382565760488051,0.7373395277956598,0.0,gaussian_noise
learned_recurrent_error,2011_09_26/2011_09_26_drive_0011_sync,24,baseline,24,24,0000000024.png,4,1.4435580039178593,1.3462671071413668,0.0,gaussian_noise
learned_recurrent_error,2011_09_26/2011_09_26_drive_0011_sync,24,baseline,24,24,0000000024.png,5,1.098139769613481,1.0575523564928522,0.0,gaussian_noise
learned_recurrent_error,2011_09_26/2011_09_26_drive_0011_sync,25,baseline,25,25,0000000025.png,1,0.25634787487137073,0.13072310674958018,0.0,gaussian_noise
learned_recurrent_error,2011_09_26/2011_09_26_drive_0011_sync,25,baseline,25,25,0000000025.png,2,0.37241975651177756,0.2753252558392414,0.0,gaussian_noise
learned_recurrent_error,2011_09_26/2011_09_26_drive_0011_sync,25,baseline,25,25,0000000025.png,3,0.8374006585265671,0.7407096318463067,0.0,gaussian_noise
learned_recurrent_error,2011_09_26/2011_09_26_drive_0011_sync,25,baseline,25,25,0000000025.png,4,1.4515164300384122,1.3531126263577309,0.0,gaussian_noise
learned_recurrent_error,2011_09_26/2011_09_26_drive_0011_sync,25,baseline,25,25,0000000025.png,5,1.101787705816718,1.0627587188387537,0.0,gaussian_noise
learned_recurrent_error,2011_09_26/2011_09_26_drive_0011_sync,26,baseline,26,26,0000000026.png,1,0.2715699642231324,0.13214819579916992,0.0,gaussian_noise
learned_recurrent_error,2011_09_26/2011_09_26_drive_0011_sync,26,baseline,26,26,0000000026.png,2,0.3749684553701982,0.27303150530544257,0.0,gaussian_noise
learned_recurrent_error,2011_09_26/2011_09_26_drive_0011_sync,26,baseline,26,26,0000000026.png,3,0.8213910221526254,0.7409469556589311,0.0,gaussian_noise
learned_recurrent_error,2011_09_26/2011_09_26_drive_0011_sync,26,baseline,26,26,0000000026.png,4,1.4505810634735743,1.3589304366775774,0.0,gaussian_noise
learned_recurrent_error,2011_09_26/2011_09_26_drive_0011_sync,26,baseline,26,26,0000000026.png,5,1.1031457319843376,1.0671911693918863,0.0,gaussian_noise
learned_recurrent_error,2011_09_26/2011_09_26_drive_0011_sync,27,baseline,27,27,0000000027.png,1,0.24950937694194666,0.13407631988899965,0.0,gaussian_noise
learned_recurrent_error,2011_09_26/2011_09_26_drive_0011_sync,27,baseline,27,27,0000000027.png,2,0.3777360319304623,0.27222555704679474,0.0,gaussian_noise
learned_recurrent_error,2011_09_26/2011_09_26_drive_0011_sync,27,baseline,27,27,0000000027.png,3,0.8177734510611055,0.7393132435881475,0.0,gaussian_noise
learned_recurrent_error,2011_09_26/2011_09_26_drive_0011_sync,27,baseline,27,27,0000000027.png,4,1.447761735459596,1.3630893995116218,0.0,gaussian_noise
learned_recurrent_error,2011_09_26/2011_09_26_drive_0011_sync,27,baseline,27,27,0000000027.png,5,1.102884159336317,1.0706858144744211,0.0,gaussian_noise
learned_recurrent_error,2011_09_26/2011_09_26_drive_0011_sync,28,baseline,28,28,0000000028.png,1,0.25875757926886506,0.13373818182172842,0.0,gaussian_noise
learned_recurrent_error,2011_09_26/2011_09_26_drive_0011_sync,28,baseline,28,28,0000000028.png,2,0.3689832811165325,0.271316947256272,0.0,gaussian_noise
learned_recurrent_error,2011_09_26/2011_09_26_drive_0011_sync,28,baseline,28,28,0000000028.png,3,0.8150784323904183,0.7380584892276026,0.0,gaussian_noise
learned_recurrent_error,2011_09_26/2011_09_26_drive_0011_sync,28,baseline,28,28,0000000028.png,4,1.4497105634586998,1.3666774033432307,0.0,gaussian_noise
learned_recurrent_error,2011_09_26/2011_09_26_drive_0011_sync,28,baseline,28,28,0000000028.png,5,1.1032363988093588,1.0735304656346583,0.0,gaussian_noise
learned_recurrent_error,2011_09_26/2011_09_26_drive_0011_sync,29,baseline,29,29,0000000029.png,1,0.2644993706308635,0.13375650683431178,0.0,gaussian_noise
learned_recurrent_error,2011_09_26/2011_09_26_drive_0011_sync,29,baseline,29,29,0000000029.png,2,0.3659538435166919,0.2699427749679961,0.0,gaussian_noise
learned_recurrent_error,2011_09_26/2011_09_26_drive_0011_sync,29,baseline,29,29,0000000029.png,3,0.807339729756162,0.7364481809793056,0.0,gaussian_noise
learned_recurrent_error,2011_09_26/2011_09_26_drive_0011_sync,29,baseline,29,29,0000000029.png,4,1.4484654823230225,1.3696454253057293,0.0,gaussian_noise
learned_recurrent_error,2011_09_26/2011_09_26_drive_0011_sync,29,baseline,29,29,0000000029.png,5,1.1032110886052555,1.0759004145414914,0.0,gaussian_noise
learned_recurrent_error,2011_09_26/2011_09_26_drive_0011_sync,30,baseline,30,30,0000000030.png,1,0.2510010429982317,0.13411788196318744,0.0,gaussian_noise
learned_recurrent_error,2011_09_26/2011_09_26_drive_0011_sync,30,baseline,30,30,0000000030.png,2,0.364211880232089,0.26868072899249384,0.0,gaussian_noise
learned_recurrent_error,2011_09_26/2011_09_26_drive_0011_sync,30,baseline,30,30,0000000030.png,3,0.8051426759332796,0.7343025913761613,0.0,gaussian_noise
learned_recurrent_error,2011_09_26/2011_09_26_drive_0011_sync,30,baseline,30,30,0000000030.png,4,1.445253982801027,1.3714694593024195,0.0,gaussian_noise
learned_recurrent_error,2011_09_26/2011_09_26_drive_0011_sync,30,baseline,30,30,0000000030.png,5,1.102649410610449,1.0778009108725044,0.0,gaussian_noise
learned_recurrent_error,2011_09_26/2011_09_26_drive_0011_sync,31,baseline,31,31,0000000031.png,1,0.2463434897588893,0.1346757434897485,0.0,gaussian_noise
learned_recurrent_error,2011_09_26/2011_09_26_drive_0011_sync,31,baseline,31,31,0000000031.png,2,0.3610915179632503,0.2676451205953325,0.0,gaussian_noise
learned_recurrent_error,2011_09_26/2011_09_26_drive_0011_sync,31,baseline,31,31,0000000031.png,3,0.8106337853833769,0.7326489169592229,0.0,gaussian_noise
learned_recurrent_error,2011_09_26/2011_09_26_drive_0011_sync,31,baseline,31,31,0000000031.png,4,1.444340986940734,1.3722706776866538,0.0,gaussian_noise
learned_recurrent_error,2011_09_26/2011_09_26_drive_0011_sync,31,baseline,31,31,0000000031.png,5,1.1023623722284672,1.0792399553787677,0.0,gaussian_noise
learned_recurrent_error,2011_09_26/2011_09_26_drive_0011_sync,32,baseline,32,32,0000000032.png,1,0.2519105712754828,0.13790083012424786,0.0,gaussian_noise
learned_recurrent_error,2011_09_26/2011_09_26_drive_0011_sync,32,baseline,32,32,0000000032.png,2,0.35949034920330153,0.26674057231955206,0.0,gaussian_noise
learned_recurrent_error,2011_09_26/2011_09_26_drive_0011_sync,32,baseline,32,32,0000000032.png,3,0.8195866585435404,0.7323067797579706,0.0,gaussian_noise
learned_recurrent_error,2011_09_26/2011_09_26_drive_0011_sync,32,baseline,32,32,0000000032.png,4,1.4476806312478747,1.372576058920891,0.0,gaussian_noise
learned_recurrent_error,2011_09_26/2011_09_26_drive_0011_sync,32,baseline,32,32,0000000032.png,5,1.1031401184630885,1.0803115916765391,0.0,gaussian_noise
learned_recurrent_error,2011_09_26/2011_09_26_drive_0011_sync,33,baseline,33,33,0000000033.png,1,0.2715197335769266,0.1435808867277083,0.0,gaussian_noise
learned_recurrent_error,2011_09_26/2011_09_26_drive_0011_sync,33,baseline,33,33,0000000033.png,2,0.3541205008235166,0.2653292051557191,0.0,gaussian_noise
learned_recurrent_error,2011_09_26/2011_09_26_drive_0011_sync,33,baseline,33,33,0000000033.png,3,0.8268603081351302,0.733642939002161,0.0,gaussian_noise
learned_recurrent_error,2011_09_26/2011_09_26_drive_0011_sync,33,baseline,33,33,0000000033.png,4,1.4543460980969136,1.3733111726204883,0.0,gaussian_noise
learned_recurrent_error,2011_09_26/2011_09_26_drive_0011_sync,33,baseline,33,33,0000000033.png,5,1.1054484094867418,1.0813034575753033,0.0,gaussian_noise
learned_recurrent_error,2011_09_26/2011_09_26_drive_0011_sync,34,baseline,34,34,0000000034.png,1,0.2867312326894387,0.1514819231458448,0.0,gaussian_noise
learned_recurrent_error,2011_09_26/2011_09_26_drive_0011_sync,34,baseline,34,34,0000000034.png,2,0.35468457684201776,0.26371384978971796,0.0,gaussian_noise
learned_recurrent_error,2011_09_26/2011_09_26_drive_0011_sync,34,baseline,34,34,0000000034.png,3,0.8269475355075889,0.7352814558473031,0.0,gaussian_noise
learned_recurrent_error,2011_09_26/2011_09_26_drive_0011_sync,34,baseline,34,34,0000000034.png,4,1.4609658546222695,1.374807199432802,0.0,gaussian_noise
learned_recurrent_error,2011_09_26/2011_09_26_drive_0011_sync,34,baseline,34,34,0000000034.png,5,1.1087802883645856,1.082519583780292,0.0,gaussian_noise
learned_recurrent_error,2011_09_26/2011_09_26_drive_0011_sync,35,baseline,35,35,0000000035.png,1,0.29794455606856773,0.16015526203612968,0.0,gaussian_noise
learned_recurrent_error,2011_09_26/2011_09_26_drive_0011_sync,35,baseline,35,35,0000000035.png,2,0.35301734620867165,0.2627198058439644,0.0,gaussian_noise
learned_recurrent_error,2011_09_26/2011_09_26_drive_0011_sync,35,baseline,35,35,0000000035.png,3,0.8270948901833794,0.7368176194806925,0.0,gaussian_noise
learned_recurrent_error,2011_09_26/2011_09_26_drive_0011_sync,35,baseline,35,35,0000000035.png,4,1.4677007742111048,1.377159217720545,0.0,gaussian_noise
learned_recurrent_error,2011_09_26/2011_09_26_drive_0011_sync,35,baseline,35,35,0000000035.png,5,1.112815788907164,1.0841306617076756,0.0,gaussian_noise
learned_recurrent_error,2011_09_26/2011_09_26_drive_0011_sync,36,baseline,36,36,0000000036.png,1,0.31330853845399953,0.16867515613667303,0.0,gaussian_noise
learned_recurrent_error,2011_09_26/2011_09_26_drive_0011_sync,36,baseline,36,36,0000000036.png,2,0.349343411761793,0.2614501220550787,0.0,gaussian_noise
learned_recurrent_error,2011_09_26/2011_09_26_drive_0011_sync,36,baseline,36,36,0000000036.png,3,0.8199391535588116,0.737022326208179,0.0,gaussian_noise
learned_recurrent_error,2011_09_26/2011_09_26_drive_0011_sync,36,baseline,36,36,0000000036.png,4,1.4706199455634044,1.3798518114938363,0.0,gaussian_noise
learned_recurrent_error,2011_09_26/2011_09_26_drive_0011_sync,36,baseline,36,36,0000000036.png,5,1.1166044045685624,1.086135922440825,0.0,gaussian_noise
learned_recurrent_error,2011_09_26/2011_09_26_drive_0011_sync,37,baseline,37,37,0000000037.png,1,0.32230667123526435,0.1765203394850329,0.0,gaussian_noise
learned_recurrent_error,2011_09_26/2011_09_26_drive_0011_sync,37,baseline,37,37,0000000037.png,2,0.35070987573669465,0.2603897487641795,0.0,gaussian_noise
learned_recurrent_error,2011_09_26/2011_09_26_drive_0011_sync,37,baseline,37,37,0000000037.png,3,0.8127191242676822,0.7352353820229423,0.0,gaussian_noise
learned_recurrent_error,2011_09_26/2011_09_26_drive_0011_sync,37,baseline,37,37,0000000037.png,4,1.4692373526688756,1.3818356097346098,0.0,gaussian_noise
learned_recurrent_error,2011_09_26/2011_09_26_drive_0011_sync,37,baseline,37,37,0000000037.png,5,1.1191164999270578,1.0883621184565984,0.0,gaussian_noise
learned_recurrent_error,2011_09_26/2011_09_26_drive_0011_sync,38,baseline,38,38,0000000038.png,1,0.2814966813932279,0.17489668611070452,0.0,gaussian_noise
learned_recurrent_error,2011_09_26/2011_09_26_drive_0011_sync,38,baseline,38,38,0000000038.png,2,0.34587208191868163,0.25889362414737077,0.0,gaussian_noise
learned_recurrent_error,2011_09_26/2011_09_26_drive_0011_sync,38,baseline,38,38,0000000038.png,3,0.8039101463794586,0.7316989321592356,0.0,gaussian_noise
learned_recurrent_error,2011_09_26/2011_09_26_drive_0011_sync,38,baseline,38,38,0000000038.png,4,1.4663194756346585,1.382668945581677,0.0,gaussian_noise
learned_recurrent_error,2011_09_26/2011_09_26_drive_0011_sync,38,baseline,38,38,0000000038.png,5,1.1207547304651964,1.090556160812295,0.0,gaussian_noise
learned_recurrent_error,2011_09_26/2011_09_26_drive_0011_sync,39,baseline,39,39,0000000039.png,1,0.22251945815060828,0.1625163384058531,0.0,gaussian_noise
learned_recurrent_error,2011_09_26/2011_09_26_drive_0011_sync,39,baseline,39,39,0000000039.png,2,0.3419942365470713,0.2570399763558644,0.0,gaussian_noise
learned_recurrent_error,2011_09_26/2011_09_26_drive_0011_sync,39,baseline,39,39,0000000039.png,3,0.7961234791149385,0.7268164121434468,0.0,gaussian_noise
learned_recurrent_error,2011_09_26/2011_09_26_drive_0011_sync,39,baseline,39,39,0000000039.png,4,1.462876839349349,1.3821424540441258,0.0,gaussian_noise
learned_recurrent_error,2011_09_26/2011_09_26_drive_0011_sync,39,baseline,39,39,0000000039.png,5,1.1219004866684552,1.0925133840827344,0.0,gaussian_noise
learned_recurrent_error,2011_09_26/2011_09_26_drive_0011_sync,40,disturbance,0,40,0000000040.png,1,0.3454505486683899,0.1526472442638135,0.27623430159304035,gaussian_noise
learned_recurrent_error,2011_09_26/2011_09_26_drive_0011_sync,40,disturbance,0,40,0000000040.png,2,0.38632934154601867,0.2575665682438027,0.19558493062144125,gaussian_noise
learned_recurrent_error,2011_09_26/2011_09_26_drive_0011_sync,40,disturbance,0,40,0000000040.png,3,0.7930387341257826,0.7187197543363425,0.07081306733438854,gaussian_noise
learned_recurrent_error,2011_09_26/2011_09_26_drive_0011_sync,40,disturbance,0,40,0000000040.png,4,1.4463760269933172,1.3778057747524572,0.028937450235364343,gaussian_noise
learned_recurrent_error,2011_09_26/2011_09_26_drive_0011_sync,40,disturbance,0,40,0000000040.png,5,1.119474869808199,1.0935825652193591,0.008629711427427422,gaussian_noise
learned_recurrent_error,2011_09_26/2011_09_26_drive_0011_sync,41,disturbance,1,41,0000000041.png,1,0.35623442510616743,0.14588792962621255,0.350840594108494,gaussian_noise
learned_recurrent_error,2011_09_26/2011_09_26_drive_0011_sync,41,disturbance,1,41,0000000041.png,2,0.40126461037493044,0.26059250627815256,0.30808691360201756,gaussian_noise
learned_recurrent_error,2011_09_26/2011_09_26_drive_0011_sync,41,disturbance,1,41,0000000041.png,3,0.8070805819256737,0.7126240065631072,0.14431202348692196,gaussian_noise
learned_recurrent_error,2011_09_26/2011_09_26_drive_0011_sync,41,disturbance,1,41,0000000041.png,4,1.4359991314133507,1.370851798538109,0.07345727255782884,gaussian_noise
learned_recurrent_error,2011_09_26/2011_09_26_drive_0011_sync,41,disturbance,1,41,0000000041.png,5,1.1146760879495399,1.0931473178366238,0.026056080574814115,gaussian_noise
learned_recurrent_error,2011_09_26/2011_09_26_drive_0011_sync,42,disturbance,2,42,0000000042.png,1,0.3563994957076485,0.14460335680445294,0.39799962124559357,gaussian_noise
learned_recurrent_error,2011_09_26/2011_09_26_drive_0011_sync,42,disturbance,2,42,0000000042.png,2,0.4074758180651455,0.2643225588221735,0.38645166233567174,gaussian_noise
learned_recurrent_error,2011_09_26/2011_09_26_drive_0011_sync,42,disturbance,2,42,0000000042.png,3,0.8201941431970402,0.710536836602785,0.2087817765489607,gaussian_noise
learned_recurrent_error,2011_09_26/2011_09_26_drive_0011_sync,42,disturbance,2,42,0000000042.png,4,1.4320804575342274,1.363549213763545,0.12308413506180584,gaussian_noise
learned_recurrent_error,2011_09_26/2011_09_26_drive_0011_sync,42,disturbance,2,42,0000000042.png,5,1.1094985520538747,1.0911110754398814,0.048665483272167416,gaussian_noise
learned_recurrent_error,2011_09_26/2011_09_26_drive_0011_sync,43,disturbance,3,43,0000000043.png,1,0.3570167868844045,0.14642382446847618,0.4300913772286325,gaussian_noise
learned_recurrent_error,2011_09_26/2011_09_26_drive_0011_sync,43,disturbance,3,43,0000000043.png,2,0.41262656884116655,0.2681460628369048,0.4437863764791173,gaussian_noise
learned_recurrent_error,2011_09_26/2011_09_26_drive_0011_sync,43,disturbance,3,43,0000000043.png,3,0.8316306114976129,0.7121479101654207,0.2638548447804068,gaussian_noise
learned_recurrent_error,2011_09_26/2011_09_26_drive_0011_sync,43,disturbance,3,43,0000000043.png,4,1.431074320370067,1.3572643750169444,0.17104561649753816,gaussian_noise
learned_recurrent_error,2011_09_26/2011_09_26_drive_0011_sync,43,disturbance,3,43,0000000043.png,5,1.1054617633987385,1.0879835746478703,0.07414829153867275,gaussian_noise
learned_recurrent_error,2011_09_26/2011_09_26_drive_0011_sync,44,disturbance,4,44,0000000044.png,1,0.35625057523514886,0.14912000002798087,0.4560407357896821,gaussian_noise
learned_recurrent_error,2011_09_26/2011_09_26_drive_0011_sync,44,disturbance,4,44,0000000044.png,2,0.41532896571433875,0.2717708998698559,0.4877854551092492,gaussian_noise
learned_recurrent_error,2011_09_26/2011_09_26_drive_0011_sync,44,disturbance,4,44,0000000044.png,3,0.8383095343829402,0.7160769504221146,0.3110677237365218,gaussian_noise
learned_recurrent_error,2011_09_26/2011_09_26_drive_0011_sync,44,disturbance,4,44,0000000044.png,4,1.4306296545672157,1.352605333863166,0.21430331853828988,gaussian_noise
learned_recurrent_error,2011_09_26/2011_09_26_drive_0011_sync,44,disturbance,4,44,0000000044.png,5,1.1026812774836703,1.0844478028692874,0.10069397284724191,gaussian_noise
learned_recurrent_error,2011_09_26/2011_09_26_drive_0011_sync,45,disturbance,5,45,0000000045.png,1,0.35845924277428226,0.15294724899222148,0.476370349716981,gaussian_noise
learned_recurrent_error,2011_09_26/2011_09_26_drive_0011_sync,45,disturbance,5,45,0000000045.png,2,0.41595334846577997,0.27460795723735015,0.5225375728048771,gaussian_noise
learned_recurrent_error,2011_09_26/2011_09_26_drive_0011_sync,45,disturbance,5,45,0000000045.png,3,0.8429165563196144,0.7213135602261909,0.35105694431794465,gaussian_noise
learned_recurrent_error,2011_09_26/2011_09_26_drive_0011_sync,45,disturbance,5,45,0000000045.png,4,1.4301950594695056,1.3494780480435047,0.25169834285210013,gaussian_noise
learned_recurrent_error,2011_09_26/2011_09_26_drive_0011_sync,45,disturbance,5,45,0000000045.png,5,1.0995812533144482,1.0808192502613607,0.12674605935804256,gaussian_noise
learned_recurrent_error,2011_09_26/2011_09_26_drive_0011_sync,46,disturbance,6,46,0000000046.png,1,0.3616049591976907,0.15669889662057265,0.49526167335915694,gaussian_noise
learned_recurrent_error,2011_09_26/2011_09_26_drive_0011_sync,46,disturbance,6,46,0000000046.png,2,0.4181673860331213,0.2770408941175632,0.5527318193792187,gaussian_noise
learned_recurrent_error,2011_09_26/2011_09_26_drive_0011_sync,46,disturbance,6,46,0000000046.png,3,0.8431025397772562,0.7264976468581612,0.3847763815177661,gaussian_noise
learned_recurrent_error,2011_09_26/2011_09_26_drive_0011_sync,46,disturbance,6,46,0000000046.png,4,1.4284260285973949,1.3473113190226376,0.28229974017071385,gaussian_noise
learned_recurrent_error,2011_09_26/2011_09_26_drive_0011_sync,46,disturbance,6,46,0000000046.png,5,1.094852892841555,1.0769527600330027,0.15082111461667322,gaussian_noise
learned_recurrent_error,2011_09_26/2011_09_26_drive_0011_sync,47,disturbance,7,47,0000000047.png,1,0.35804240230587303,0.16004926790893975,0.503940051972088,gaussian_noise
learned_recurrent_error,2011_09_26/2011_09_26_drive_0011_sync,47,disturbance,7,47,0000000047.png,2,0.41908181034593184,0.2794852055346108,0.5771943434428543,gaussian_noise
learned_recurrent_error,2011_09_26/2011_09_26_drive_0011_sync,47,disturbance,7,47,0000000047.png,3,0.8461854795089371,0.7314315188022836,0.4146992091017103,gaussian_noise
learned_recurrent_error,2011_09_26/2011_09_26_drive_0011_sync,47,disturbance,7,47,0000000047.png,4,1.4275260856037537,1.3458237570381801,0.3082440719332859,gaussian_noise
learned_recurrent_error,2011_09_26/2011_09_26_drive_0011_sync,47,disturbance,7,47,0000000047.png,5,1.090014244942004,1.072861808719956,0.1730032243982383,gaussian_noise
learned_recurrent_error,2011_09_26/2011_09_26_drive_0011_sync,48,disturbance,8,48,0000000048.png,1,0.3558128572951936,0.16262926528632263,0.5095209561308015,gaussian_noise
learned_recurrent_error,2011_09_26/2011_09_26_drive_0011_sync,48,disturbance,8,48,0000000048.png,2,0.41776901987453174,0.28150832598976444,0.5960565142060189,gaussian_noise
learned_recurrent_error,2011_09_26/2011_09_26_drive_0011_sync,48,disturbance,8,48,0000000048.png,3,0.8520759373938516,0.7369068041659448,0.44114856560931004,gaussian_noise
learned_recurrent_error,2011_09_26/2011_09_26_drive_0011_sync,48,disturbance,8,48,0000000048.png,4,1.4296500220219863,1.345619891693661,0.3308341718329174,gaussian_noise
learned_recurrent_error,2011_09_26/2011_09_26_drive_0011_sync,48,disturbance,8,48,0000000048.png,5,1.0872007909545784,1.069091554646045,0.19283955529209718,gaussian_noise
learned_recurrent_error,2011_09_26/2011_09_26_drive_0011_sync,49,disturbance,9,49,0000000049.png,1,0.35683890783217137,0.16481455247277382,0.5137306804612758,gaussian_noise
learned_recurrent_error,2011_09_26/2011_09_26_drive_0011_sync,49,disturbance,9,49,0000000049.png,2,0.4188586705637229,0.2834161087775205,0.6095775171525919,gaussian_noise
learned_recurrent_error,2011_09_26/2011_09_26_drive_0011_sync,49,disturbance,9,49,0000000049.png,3,0.8589741760247557,0.7430965545047707,0.46229527927426173,gaussian_noise
learned_recurrent_error,2011_09_26/2011_09_26_drive_0011_sync,49,disturbance,9,49,0000000049.png,4,1.4351383027411937,1.347342843266311,0.3499300335041143,gaussian_noise
learned_recurrent_error,2011_09_26/2011_09_26_drive_0011_sync,49,disturbance,9,49,0000000049.png,5,1.086776078787485,1.066286707213868,0.2098541926829759,gaussian_noise
learned_recurrent_error,2011_09_26/2011_09_26_drive_0011_sync,50,disturbance,10,50,0000000050.png,1,0.3577729717182129,0.1662879418522277,0.5193271904724835,gaussian_noise
learned_recurrent_error,2011_09_26/2011_09_26_drive_0011_sync,50,disturbance,10,50,0000000050.png,2,0.41737831623251814,0.28450546909836305,0.62042576858749,gaussian_noise
learned_recurrent_error,2011_09_26/2011_09_26_drive_0011_sync,50,disturbance,10,50,0000000050.png,3,0.8651836221775355,0.749991132387328,0.47919651012874026,gaussian_noise
learned_recurrent_error,2011_09_26/2011_09_26_drive_0011_sync,50,disturbance,10,50,0000000050.png,4,1.4415678473911038,1.351124817074746,0.3659423266988814,gaussian_noise
learned_recurrent_error,2011_09_26/2011_09_26_drive_0011_sync,50,disturbance,10,50,0000000050.png,5,1.087825245458513,1.064787644219593,0.22481386382215762,gaussian_noise
learned_recurrent_error,2011_09_26/2011_09_26_drive_0011_sync,51,disturbance,11,51,0000000051.png,1,0.3596854376075643,0.16763052508199294,0.523927438515767,gaussian_noise
learned_recurrent_error,2011_09_26/2011_09_26_drive_0011_sync,51,disturbance,11,51,0000000051.png,2,0.41731531564954655,0.28530621237131454,0.6294139805156758,gaussian_noise
learned_recurrent_error,2011_09_26/2011_09_26_drive_0011_sync,51,disturbance,11,51,0000000051.png,3,0.8673343984605765,0.7567466790614525,0.4935776358886335,gaussian_noise
learned_recurrent_error,2011_09_26/2011_09_26_drive_0011_sync,51,disturbance,11,51,0000000051.png,4,1.4465423881961899,1.3563320326113948,0.37928933406027565,gaussian_noise
learned_recurrent_error,2011_09_26/2011_09_26_drive_0011_sync,51,disturbance,11,51,0000000051.png,5,1.0891097346683842,1.0644459639551749,0.23737527583013368,gaussian_noise
learned_recurrent_error,2011_09_26/2011_09_26_drive_0011_sync,52,disturbance,12,52,0000000052.png,1,0.3584861070538722,0.16935598825121165,0.5275247374933936,gaussian_noise
learned_recurrent_error,2011_09_26/2011_09_26_drive_0011_sync,52,disturbance,12,52,0000000052.png,2,0.41956054649612146,0.28627174435899044,0.6385407165447948,gaussian_noise
learned_recurrent_error,2011_09_26/2011_09_26_drive_0011_sync,52,disturbance,12,52,0000000052.png,3,0.8709313533357558,0.7632245369865808,0.5062574953617434,gaussian_noise
learned_recurrent_error,2011_09_26/2011_09_26_drive_0011_sync,52,disturbance,12,52,0000000052.png,4,1.4499688253095826,1.3621940176231224,0.39090848147813273,gaussian_noise
learned_recurrent_error,2011_09_26/2011_09_26_drive_0011_sync,52,disturbance,12,52,0000000052.png,5,1.0903776558531857,1.0649486155657921,0.2471344985038779,gaussian_noise
learned_recurrent_error,2011_09_26/2011_09_26_drive_0011_sync,53,disturbance,13,53,0000000053.png,1,0.3594657039292287,0.1705525100367784,0.5282593189026965,gaussian_noise
learned_recurrent_error,2011_09_26/2011_09_26_drive_0011_sync,53,disturbance,13,53,0000000053.png,2,0.4192293270665438,0.28731647824818196,0.644652682957049,gaussian_noise
learned_recurrent_error,2011_09_26/2011_09_26_drive_0011_sync,53,disturbance,13,53,0000000053.png,3,0.8750779974807169,0.7694689538097594,0.5169767021114293,gaussian_noise
learned_recurrent_error,2011_09_26/2011_09_26_drive_0011_sync,53,disturbance,13,53,0000000053.png,4,1.4533681312965745,1.368104070496919,0.4010872410431986,gaussian_noise
learned_recurrent_error,2011_09_26/2011_09_26_drive_0011_sync,53,disturbance,13,53,0000000053.png,5,1.0915851698538164,1.0659507932850838,0.2548257381150677,gaussian_noise
learned_recurrent_error,2011_09_26/2011_09_26_drive_0011_sync,54,disturbance,14,54,0000000054.png,1,0.360687871673673,0.17224266318708764,0.532085529448079,gaussian_noise
learned_recurrent_error,2011_09_26/2011_09_26_drive_0011_sync,54,disturbance,14,54,0000000054.png,2,0.41962134543739393,0.28818578315876664,0.6496915255517847,gaussian_noise
learned_recurrent_error,2011_09_26/2011_09_26_drive_0011_sync,54,disturbance,14,54,0000000054.png,3,0.876192276399762,0.7751924215222582,0.5250116947492273,gaussian_noise
learned_recurrent_error,2011_09_26/2011_09_26_drive_0011_sync,54,disturbance,14,54,0000000054.png,4,1.4577041760536322,1.374075494593422,0.40927941951897845,gaussian_noise
learned_recurrent_error,2011_09_26/2011_09_26_drive_0011_sync,54,disturbance,14,54,0000000054.png,5,1.0929266940337874,1.0672884879148767,0.2610991189553495,gaussian_noise
learned_recurrent_error,2011_09_26/2011_09_26_drive_0011_sync,55,disturbance,15,55,0000000055.png,1,0.35882816799708794,0.1733036030564663,0.5365383690481091,gaussian_noise
learned_recurrent_error,2011_09_26/2011_09_26_drive_0011_sync,55,disturbance,15,55,0000000055.png,2,0.419498958630864,0.28901506792016096,0.6543724745131263,gaussian_noise
learned_recurrent_error,2011_09_26/2011_09_26_drive_0011_sync,55,disturbance,15,55,0000000055.png,3,0.8763070248476821,0.7800127444706765,0.5322048259758096,gaussian_noise
learned_recurrent_error,2011_09_26/2011_09_26_drive_0011_sync,55,disturbance,15,55,0000000055.png,4,1.4602145446747812,1.3797708890931202,0.4155912318466766,gaussian_noise
learned_recurrent_error,2011_09_26/2011_09_26_drive_0011_sync,55,disturbance,15,55,0000000055.png,5,1.0934391385006943,1.0687136318876713,0.2659058000802135,gaussian_noise
learned_recurrent_error,2011_09_26/2011_09_26_drive_0011_sync,56,disturbance,16,56,0000000056.png,1,0.3590693161440225,0.17405682572108241,0.5411605134063221,gaussian_noise
learned_recurrent_error,2011_09_26/2011_09_26_drive_0011_sync,56,disturbance,16,56,0000000056.png,2,0.4184533711343708,0.28942361184907794,0.6603238918055517,gaussian_noise
learned_recurrent_error,2011_09_26/2011_09_26_drive_0011_sync,56,disturbance,16,56,0000000056.png,3,0.8773653729866433,0.7841598531343913,0.5385783619880056,gaussian_noise
learned_recurrent_error,2011_09_26/2011_09_26_drive_0011_sync,56,disturbance,16,56,0000000056.png,4,1.4609105314006066,1.3849528511682434,0.42045763788074586,gaussian_noise
learned_recurrent_error,2011_09_26/2011_09_26_drive_0011_sync,56,disturbance,16,56,0000000056.png,5,1.0925770060615354,1.0699620591256733,0.26972468542108974,gaussian_noise
learned_recurrent_error,2011_09_26/2011_09_26_drive_0011_sync,57,disturbance,17,57,0000000057.png,1,0.36130391134013223,0.17525174611367814,0.5440809904975273,gaussian_noise
learned_recurrent_error,2011_09_26/2011_09_26_drive_0011_sync,57,disturbance,17,57,0000000057.png,2,0.41795293358888974,0.2896336320060124,0.6650615030212157,gaussian_noise
learned_recurrent_error,2011_09_26/2011_09_26_drive_0011_sync,57,disturbance,17,57,0000000057.png,3,0.8776030708000944,0.7876501295944244,0.5434920283277904,gaussian_noise
learned_recurrent_error,2011_09_26/2011_09_26_drive_0011_sync,57,disturbance,17,57,0000000057.png,4,1.4598308936037612,1.3893979508004766,0.42408695309514327,gaussian_noise
learned_recurrent_error,2011_09_26/2011_09_26_drive_0011_sync,57,disturbance,17,57,0000000057.png,5,1.0910970066977905,1.0709406825978895,0.2731074480342449,gaussian_noise
learned_recurrent_error,2011_09_26/2011_09_26_drive_0011_sync,58,disturbance,18,58,0000000058.png,1,0.3628644063793908,0.17582589349457256,0.548251543810663,gaussian_noise
learned_recurrent_error,2011_09_26/2011_09_26_drive_0011_sync,58,disturbance,18,58,0000000058.png,2,0.41767117526353026,0.28963831846531574,0.6712416607669685,gaussian_noise
learned_recurrent_error,2011_09_26/2011_09_26_drive_0011_sync,58,disturbance,18,58,0000000058.png,3,0.8745388971958825,0.7902861957225189,0.5478375258816243,gaussian_noise
learned_recurrent_error,2011_09_26/2011_09_26_drive_0011_sync,58,disturbance,18,58,0000000058.png,4,1.456470664095847,1.3926682683557408,0.4263081736464357,gaussian_noise
learned_recurrent_error,2011_09_26/2011_09_26_drive_0011_sync,58,disturbance,18,58,0000000058.png,5,1.088910014196203,1.071533367324493,0.2755072555752742,gaussian_noise
learned_recurrent_error,2011_09_26/2011_09_26_drive_0011_sync,59,disturbance,19,59,0000000059.png,1,0.3633615521021123,0.1763920744901562,0.547794207341596,gaussian_noise
learned_recurrent_error,2011_09_26/2011_09_26_drive_0011_sync,59,disturbance,19,59,0000000059.png,2,0.41971549966135363,0.28995499506842476,0.6756363755697312,gaussian_noise
learned_recurrent_error,2011_09_26/2011_09_26_drive_0011_sync,59,disturbance,19,59,0000000059.png,3,0.8744444229810165,0.7922929184256569,0.5516088175745794,gaussian_noise
learned_recurrent_error,2011_09_26/2011_09_26_drive_0011_sync,59,disturbance,19,59,0000000059.png,4,1.4527056576827693,1.394574514140203,0.427131326960918,gaussian_noise
learned_recurrent_error,2011_09_26/2011_09_26_drive_0011_sync,59,disturbance,19,59,0000000059.png,5,1.0868123694249245,1.0717285028438532,0.2765659347838614,gaussian_noise
learned_recurrent_error,2011_09_26/2011_09_26_drive_0011_sync,60,disturbance,20,60,0000000060.png,1,0.3647192869129047,0.17672505017098994,0.5482475443408344,gaussian_noise
learned_recurrent_error,2011_09_26/2011_09_26_drive_0011_sync,60,disturbance,20,60,0000000060.png,2,0.4194453723841968,0.29027487084583975,0.6789603829441022,gaussian_noise
learned_recurrent_error,2011_09_26/2011_09_26_drive_0011_sync,60,disturbance,20,60,0000000060.png,3,0.874768499332062,0.7939506761096382,0.5540884667086027,gaussian_noise
learned_recurrent_error,2011_09_26/2011_09_26_drive_0011_sync,60,disturbance,20,60,0000000060.png,4,1.4499304969216753,1.3956310522208715,0.4271901484432419,gaussian_noise
learned_recurrent_error,2011_09_26/2011_09_26_drive_0011_sync,60,disturbance,20,60,0000000060.png,5,1.0854386371045284,1.0716788867431732,0.27669434458485587,gaussian_noise
learned_recurrent_error,2011_09_26/2011_09_26_drive_0011_sync,61,disturbance,21,61,0000000061.png,1,0.36399670270047535,0.1771855287335425,0.5505037137389012,gaussian_noise
learned_recurrent_error,2011_09_26/2011_09_26_drive_0011_sync,61,disturbance,21,61,0000000061.png,2,0.4197641497581828,0.2905930091619581,0.6835929367380245,gaussian_noise
learned_recurrent_error,2011_09_26/2011_09_26_drive_0011_sync,61,disturbance,21,61,0000000061.png,3,0.875747843827782,0.7952675758309293,0.5562299761299418,gaussian_noise
learned_recurrent_error,2011_09_26/2011_09_26_drive_0011_sync,61,disturbance,21,61,0000000061.png,4,1.4477361213377238,1.3961038050691394,0.42660032679859256,gaussian_noise
learned_recurrent_error,2011_09_26/2011_09_26_drive_0011_sync,61,disturbance,21,61,0000000061.png,5,1.0847259488513792,1.0715708429371575,0.27662443905877676,gaussian_noise
learned_recurrent_error,2011_09_26/2011_09_26_drive_0011_sync,62,disturbance,22,62,0000000062.png,1,0.3679633462602885,0.1777581209559858,0.5541270291727245,gaussian_noise
learned_recurrent_error,2011_09_26/2011_09_26_drive_0011_sync,62,disturbance,22,62,0000000062.png,2,0.4193177699797236,0.29058628845046364,0.6901111075670165,gaussian_noise
learned_recurrent_error,2011_09_26/2011_09_26_drive_0011_sync,62,disturbance,22,62,0000000062.png,3,0.8747406578986769,0.7961135140293303,0.5583751038034765,gaussian_noise
learned_recurrent_error,2011_09_26/2011_09_26_drive_0011_sync,62,disturbance,22,62,0000000062.png,4,1.4445803275770959,1.3959127121915587,0.42630020813513964,gaussian_noise
learned_recurrent_error,2011_09_26/2011_09_26_drive_0011_sync,62,disturbance,22,62,0000000062.png,5,1.0838586568012514,1.0713954816098183,0.27722221937849717,gaussian_noise
learned_recurrent_error,2011_09_26/2011_09_26_drive_0011_sync,63,disturbance,23,63,0000000063.png,1,0.3653694219948417,0.17814971836772409,0.5522064736748373,gaussian_noise
learned_recurrent_error,2011_09_26/2011_09_26_drive_0011_sync,63,disturbance,23,63,0000000063.png,2,0.4209431081107035,0.29089218812994566,0.6937206441026939,gaussian_noise
learned_recurrent_error,2011_09_26/2011_09_26_drive_0011_sync,63,disturbance,23,63,0000000063.png,3,0.8770610638361863,0.7967108536223482,0.5605371147015175,gaussian_noise
learned_recurrent_error,2011_09_26/2011_09_26_drive_0011_sync,63,disturbance,23,63,0000000063.png,4,1.4416029725972979,1.3950523522926013,0.4271664873592221,gaussian_noise
learned_recurrent_error,2011_09_26/2011_09_26_drive_0011_sync,63,disturbance,23,63,0000000063.png,5,1.0828378541394152,1.071122647413916,0.2785426242697991,gaussian_noise
learned_recurrent_error,2011_09_26/2011_09_26_drive_0011_sync,64,disturbance,24,64,0000000064.png,1,0.3668245176155042,0.17843515865957335,0.5483383805382748,gaussian_noise
learned_recurrent_error,2011_09_26/2011_09_26_drive_0011_sync,64,disturbance,24,64,0000000064.png,2,0.4218582205374989,0.2913540704557746,0.6917568463067294,gaussian_noise
learned_recurrent_error,2011_09_26/2011_09_26_drive_0011_sync,64,disturbance,24,64,0000000064.png,3,0.8834028732223983,0.7978270606619255,0.5619723435429441,gaussian_noise
learned_recurrent_error,2011_09_26/2011_09_26_drive_0011_sync,64,disturbance,24,64,0000000064.png,4,1.4404411944518531,1.3936659418104327,0.42869923435370194,gaussian_noise
learned_recurrent_error,2011_09_26/2011_09_26_drive_0011_sync,64,disturbance,24,64,0000000064.png,5,1.0822505358364891,1.0707805706573261,0.2798893479091643,gaussian_noise
learned_recurrent_error,2011_09_26/2011_09_26_drive_0011_sync,65,disturbance,25,65,0000000065.png,1,0.36941298540806566,0.1788013042353565,0.5469076306121016,gaussian_noise
learned_recurrent_error,2011_09_26/2011_09_26_drive_0011_sync,65,disturbance,25,65,0000000065.png,2,0.42003075730903117,0.2911728414815595,0.6887860607307785,gaussian_noise
learned_recurrent_error,2011_09_26/2011_09_26_drive_0011_sync,65,disturbance,25,65,0000000065.png,3,0.8845995476565326,0.79930617059628,0.562396845080206,gaussian_noise
learned_recurrent_error,2011_09_26/2011_09_26_drive_0011_sync,65,disturbance,25,65,0000000065.png,4,1.4416008376635698,1.392300462016183,0.430637904119455,gaussian_noise
learned_recurrent_error,2011_09_26/2011_09_26_drive_0011_sync,65,disturbance,25,65,0000000065.png,5,1.0820715726932246,1.0704384577702366,0.2807961234084992,gaussian_noise
learned_recurrent_error,2011_09_26/2011_09_26_drive_0011_sync,66,disturbance,26,66,0000000066.png,1,0.36779507235602343,0.17965232781639703,0.5444177844401928,gaussian_noise
learned_recurrent_error,2011_09_26/2011_09_26_drive_0011_sync,66,disturbance,26,66,0000000066.png,2,0.42114759043961064,0.2910147023819773,0.6845382823394499,gaussian_noise
learned_recurrent_error,2011_09_26/2011_09_26_drive_0011_sync,66,disturbance,26,66,0000000066.png,3,0.8855270009500597,0.80081037146341,0.5621050455390657,gaussian_noise
learned_recurrent_error,2011_09_26/2011_09_26_drive_0011_sync,66,disturbance,26,66,0000000066.png,4,1.444321245163482,1.3914216604528933,0.4319792362068479,gaussian_noise
learned_recurrent_error,2011_09_26/2011_09_26_drive_0011_sync,66,disturbance,26,66,0000000066.png,5,1.0818889641788518,1.0701280718036148,0.2818227961469344,gaussian_noise
learned_recurrent_error,2011_09_26/2011_09_26_drive_0011_sync,67,disturbance,27,67,0000000067.png,1,0.3671219577398776,0.1802121687786199,0.5422337347373578,gaussian_noise
learned_recurrent_error,2011_09_26/2011_09_26_drive_0011_sync,67,disturbance,27,67,0000000067.png,2,0.4210003127533041,0.2911389778332695,0.6796458041270914,gaussian_noise
learned_recurrent_error,2011_09_26/2011_09_26_drive_0011_sync,67,disturbance,27,67,0000000067.png,3,0.8874087720556475,0.8024348459857646,0.5619664972263089,gaussian_noise
learned_recurrent_error,2011_09_26/2011_09_26_drive_0011_sync,67,disturbance,27,67,0000000067.png,4,1.4493750869564694,1.3914697332090629,0.4327725585614006,gaussian_noise
learned_recurrent_error,2011_09_26/2011_09_26_drive_0011_sync,67,disturbance,27,67,0000000067.png,5,1.0823451452592898,1.0699159839145782,0.2821179863118779,gaussian_noise
learned_recurrent_error,2011_09_26/2011_09_26_drive_0011_sync,68,disturbance,28,68,0000000068.png,1,0.3684719355242261,0.18090804733711982,0.5471655170325262,gaussian_noise
learned_recurrent_error,2011_09_26/2011_09_26_drive_0011_sync,68,disturbance,28,68,0000000068.png,2,0.421345822297723,0.2911197146843864,0.6829447004882032,gaussian_noise
learned_recurrent_error,2011_09_26/2011_09_26_drive_0011_sync,68,disturbance,28,68,0000000068.png,3,0.8841726501308672,0.8035647708886651,0.5628596325446432,gaussian_noise
learned_recurrent_error,2011_09_26/2011_09_26_drive_0011_sync,68,disturbance,28,68,0000000068.png,4,1.4527173785823468,1.3926374806981017,0.4344370679314579,gaussian_noise
learned_recurrent_error,2011_09_26/2011_09_26_drive_0011_sync,68,disturbance,28,68,0000000068.png,5,1.0834998157444027,1.0699163586223603,0.281782611779064,gaussian_noise
learned_recurrent_error,2011_09_26/2011_09_26_drive_0011_sync,69,disturbance,29,69,0000000069.png,1,0.36844019336858314,0.18217391634119995,0.5468257369945245,gaussian_noise
learned_recurrent_error,2011_09_26/2011_09_26_drive_0011_sync,69,disturbance,29,69,0000000069.png,2,0.42291984195695054,0.29145713413268864,0.685268765124807,gaussian_noise
learned_recurrent_error,2011_09_26/2011_09_26_drive_0011_sync,69,disturbance,29,69,0000000069.png,3,0.8829024081165652,0.8040336983269311,0.5637703675633353,gaussian_noise
learned_recurrent_error,2011_09_26/2011_09_26_drive_0011_sync,69,disturbance,29,69,0000000069.png,4,1.4540451863873354,1.3941592757520709,0.43611191935838267,gaussian_noise
learned_recurrent_error,2011_09_26/2011_09_26_drive_0011_sync,69,disturbance,29,69,0000000069.png,5,1.0845570120506671,1.0700159157079465,0.28091300900610755,gaussian_noise
learned_recurrent_error,2011_09_26/2011_09_26_drive_0011_sync,70,disturbance,30,70,0000000070.png,1,0.3642857487227911,0.18301051250704786,0.5405507673007158,gaussian_noise
learned_recurrent_error,2011_09_26/2011_09_26_drive_0011_sync,70,disturbance,30,70,0000000070.png,2,0.42399029407735295,0.29236720953461504,0.6827593520224949,gaussian_noise
learned_recurrent_error,2011_09_26/2011_09_26_drive_0011_sync,70,disturbance,30,70,0000000070.png,3,0.8879441658339888,0.8047232504247259,0.5646192467380723,gaussian_noise
learned_recurrent_error,2011_09_26/2011_09_26_drive_0011_sync,70,disturbance,30,70,0000000070.png,4,1.4569547602118929,1.3953931501795034,0.43719708774649746,gaussian_noise
learned_recurrent_error,2011_09_26/2011_09_26_drive_0011_sync,70,disturbance,30,70,0000000070.png,5,1.085910308063389,1.070070039222307,0.2798582090900617,gaussian_noise
learned_recurrent_error,2011_09_26/2011_09_26_drive_0011_sync,71,disturbance,31,71,0000000071.png,1,0.3655396022551938,0.1833569236880836,0.534337771271389,gaussian_noise
learned_recurrent_error,2011_09_26/2011_09_26_drive_0011_sync,71,disturbance,31,71,0000000071.png,2,0.42206796352050074,0.2928013682206103,0.6786449435522226,gaussian_noise
learned_recurrent_error,2011_09_26/2011_09_26_drive_0011_sync,71,disturbance,31,71,0000000071.png,3,0.8941829059420459,0.806239667880802,0.5656110205441969,gaussian_noise
learned_recurrent_error,2011_09_26/2011_09_26_drive_0011_sync,71,disturbance,31,71,0000000071.png,4,1.465091501200836,1.3969063354930382,0.4379438219903491,gaussian_noise
learned_recurrent_error,2011_09_26/2011_09_26_drive_0011_sync,71,disturbance,31,71,0000000071.png,5,1.0885140819754555,1.0702121626629528,0.2795764055902119,gaussian_noise
learned_recurrent_error,2011_09_26/2011_09_26_drive_0011_sync,72,disturbance,32,72,0000000072.png,1,0.363134014252365,0.18275044090471185,0.5311073070140244,gaussian_noise
learned_recurrent_error,2011_09_26/2011_09_26_drive_0011_sync,72,disturbance,32,72,0000000072.png,2,0.42379595439455026,0.2932773895561199,0.6750733413768101,gaussian_noise
learned_recurrent_error,2011_09_26/2011_09_26_drive_0011_sync,72,disturbance,32,72,0000000072.png,3,0.8982539974085078,0.8084766693052683,0.5664493921596471,gaussian_noise
learned_recurrent_error,2011_09_26/2011_09_26_drive_0011_sync,72,disturbance,32,72,0000000072.png,4,1.4754958316393827,1.399387979427742,0.43843289868164614,gaussian_noise
learned_recurrent_error,2011_09_26/2011_09_26_drive_0011_sync,72,disturbance,32,72,0000000072.png,5,1.0920054000111858,1.0706106356478509,0.28030484986292425,gaussian_noise
learned_recurrent_error,2011_09_26/2011_09_26_drive_0011_sync,73,disturbance,33,73,0000000073.png,1,0.3623974679338265,0.18177290866144316,0.5310213888539863,gaussian_noise
learned_recurrent_error,2011_09_26/2011_09_26_drive_0011_sync,73,disturbance,33,73,0000000073.png,2,0.4255145364113688,0.2939864524243148,0.6738720345859384,gaussian_noise
learned_recurrent_error,2011_09_26/2011_09_26_drive_0011_sync,73,disturbance,33,73,0000000073.png,3,0.8987009298953,0.8105873075283558,0.5667433483541587,gaussian_noise
learned_recurrent_error,2011_09_26/2011_09_26_drive_0011_sync,73,disturbance,33,73,0000000073.png,4,1.4850194409555262,1.4031342001343061,0.43782924492226355,gaussian_noise
learned_recurrent_error,2011_09_26/2011_09_26_drive_0011_sync,73,disturbance,33,73,0000000073.png,5,1.0959284429322007,1.0713174520132414,0.2809082022458502,gaussian_noise
learned_recurrent_error,2011_09_26/2011_09_26_drive_0011_sync,74,disturbance,34,74,0000000074.png,1,0.3600325338799577,0.18082896727820147,0.5320305866173348,gaussian_noise
learned_recurrent_error,2011_09_26/2011_09_26_drive_0011_sync,74,disturbance,34,74,0000000074.png,2,0.42673386834783017,0.29491224377880004,0.6742160245676682,gaussian_noise
learned_recurrent_error,2011_09_26/2011_09_26_drive_0011_sync,74,disturbance,34,74,0000000074.png,3,0.899301679028128,0.8123014016247381,0.566493168470649,gaussian_noise
learned_recurrent_error,2011_09_26/2011_09_26_drive_0011_sync,74,disturbance,34,74,0000000074.png,4,1.4902750580823056,1.4075827244530248,0.4360558729368489,gaussian_noise
learned_recurrent_error,2011_09_26/2011_09_26_drive_0011_sync,74,disturbance,34,74,0000000074.png,5,1.1005645782082554,1.0724778843347869,0.2805782225600852,gaussian_noise
learned_recurrent_error,2011_09_26/2011_09_26_drive_0011_sync,75,disturbance,35,75,0000000075.png,1,0.3557654722188745,0.17955784753482323,0.5311247247385535,gaussian_noise
learned_recurrent_error,2011_09_26/2011_09_26_drive_0011_sync,75,disturbance,35,75,0000000075.png,2,0.4282586619113012,0.2961403599175597,0.6732170973766093,gaussian_noise
learned_recurrent_error,2011_09_26/2011_09_26_drive_0011_sync,75,disturbance,35,75,0000000075.png,3,0.9018498708759111,0.8137256776023035,0.5665375968154439,gaussian_noise
learned_recurrent_error,2011_09_26/2011_09_26_drive_0011_sync,75,disturbance,35,75,0000000075.png,4,1.4931249835621936,1.4120766569148773,0.43379122005943277,gaussian_noise
learned_recurrent_error,2011_09_26/2011_09_26_drive_0011_sync,75,disturbance,35,75,0000000075.png,5,1.1067667344183025,1.074511383660984,0.27895479158668474,gaussian_noise
learned_recurrent_error,2011_09_26/2011_09_26_drive_0011_sync,76,disturbance,36,76,0000000076.png,1,0.360070501494972,0.17853126211300838,0.533442215470044,gaussian_noise
learned_recurrent_error,2011_09_26/2011_09_26_drive_0011_sync,76,disturbance,36,76,0000000076.png,2,0.4254698530572855,0.2969833902666718,0.6764001685123391,gaussian_noise
learned_recurrent_error,2011_09_26/2011_09_26_drive_0011_sync,76,disturbance,36,76,0000000076.png,3,0.9012032261475578,0.8151449764480662,0.5692753438279968,gaussian_noise
learned_recurrent_error,2011_09_26/2011_09_26_drive_0011_sync,76,disturbance,36,76,0000000076.png,4,1.496166755076763,1.4167763529735837,0.4326813009610243,gaussian_noise
learned_recurrent_error,2011_09_26/2011_09_26_drive_0011_sync,76,disturbance,36,76,0000000076.png,5,1.113055894117599,1.0776112727464295,0.27725400912330367,gaussian_noise
learned_recurrent_error,2011_09_26/2011_09_26_drive_0011_sync,77,disturbance,37,77,0000000077.png,1,0.36424771437653575,0.17832931244202074,0.540524285259218,gaussian_noise
learned_recurrent_error,2011_09_26/2011_09_26_drive_0011_sync,77,disturbance,37,77,0000000077.png,2,0.42651472190004963,0.29729043413114054,0.6860618750945741,gaussian_noise
learned_recurrent_error,2011_09_26/2011_09_26_drive_0011_sync,77,disturbance,37,77,0000000077.png,3,0.8933591909950946,0.8154803577676133,0.5730134509904394,gaussian_noise
learned_recurrent_error,2011_09_26/2011_09_26_drive_0011_sync,77,disturbance,37,77,0000000077.png,4,1.4927326022080198,1.4208258373257514,0.4323780728926616,gaussian_noise
learned_recurrent_error,2011_09_26/2011_09_26_drive_0011_sync,77,disturbance,37,77,0000000077.png,5,1.1165570918315568,1.0813571819975016,0.275592986696401,gaussian_noise
learned_recurrent_error,2011_09_26/2011_09_26_drive_0011_sync,78,disturbance,38,78,0000000078.png,1,0.35986312339298576,0.1780660468320191,0.5410127538200205,gaussian_noise
learned_recurrent_error,2011_09_26/2011_09_26_drive_0011_sync,78,disturbance,38,78,0000000078.png,2,0.4284607418882732,0.29785588959991804,0.6926816955504453,gaussian_noise
learned_recurrent_error,2011_09_26/2011_09_26_drive_0011_sync,78,disturbance,38,78,0000000078.png,3,0.8908995090411955,0.8147942793601856,0.5764207066946442,gaussian_noise
learned_recurrent_error,2011_09_26/2011_09_26_drive_0011_sync,78,disturbance,38,78,0000000078.png,4,1.4869409249043415,1.4232528279900178,0.432389143244717,gaussian_noise
learned_recurrent_error,2011_09_26/2011_09_26_drive_0011_sync,78,disturbance,38,78,0000000078.png,5,1.1181969877591211,1.0851864095002726,0.2739366369324973,gaussian_noise
learned_recurrent_error,2011_09_26/2011_09_26_drive_0011_sync,79,disturbance,39,79,0000000079.png,1,0.3577510916507226,0.17809451957474257,0.5391094364404956,gaussian_noise
learned_recurrent_error,2011_09_26/2011_09_26_drive_0011_sync,79,disturbance,39,79,0000000079.png,2,0.4242644487853152,0.29824690943091564,0.6922898858593424,gaussian_noise
learned_recurrent_error,2011_09_26/2011_09_26_drive_0011_sync,79,disturbance,39,79,0000000079.png,3,0.8936879261110544,0.814262817960219,0.579665755132987,gaussian_noise
learned_recurrent_error,2011_09_26/2011_09_26_drive_0011_sync,79,disturbance,39,79,0000000079.png,4,1.485650713210128,1.4243888577052877,0.43384122518399987,gaussian_noise
learned_recurrent_error,2011_09_26/2011_09_26_drive_0011_sync,79,disturbance,39,79,0000000079.png,5,1.1196505946670343,1.0887478446391838,0.2728186316210248,gaussian_noise
learned_recurrent_error,2011_09_26/2011_09_26_drive_0011_sync,80,disturbance,40,80,0000000080.png,1,0.358853047390849,0.17812110872150133,0.5426474800291361,gaussian_noise
learned_recurrent_error,2011_09_26/2011_09_26_drive_0011_sync,80,disturbance,40,80,0000000080.png,2,0.42276371725765255,0.298240869634646,0.6912303798127484,gaussian_noise
learned_recurrent_error,2011_09_26/2011_09_26_drive_0011_sync,80,disturbance,40,80,0000000080.png,3,0.8958467936027533,0.8143503640708248,0.5828180671663121,gaussian_noise
learned_recurrent_error,2011_09_26/2011_09_26_drive_0011_sync,80,disturbance,40,80,0000000080.png,4,1.4881046786212515,1.425184362235782,0.4364954193860037,gaussian_noise
learned_recurrent_error,2011_09_26/2011_09_26_drive_0011_sync,80,disturbance,40,80,0000000080.png,5,1.1210238074043444,1.091910007924353,0.2728872174914776,gaussian_noise
learned_recurrent_error,2011_09_26/2011_09_26_drive_0011_sync,81,disturbance,41,81,0000000081.png,1,0.35784016590513756,0.1785270423053518,0.5462282408776795,gaussian_noise
learned_recurrent_error,2011_09_26/2011_09_26_drive_0011_sync,81,disturbance,41,81,0000000081.png,2,0.4230617780386421,0.29800580335031873,0.6896981871065712,gaussian_noise
learned_recurrent_error,2011_09_26/2011_09_26_drive_0011_sync,81,disturbance,41,81,0000000081.png,3,0.8993228355437712,0.8151152107660737,0.5853213445716466,gaussian_noise
learned_recurrent_error,2011_09_26/2011_09_26_drive_0011_sync,81,disturbance,41,81,0000000081.png,4,1.4915504482741544,1.426245402787016,0.4389589204752966,gaussian_noise
learned_recurrent_error,2011_09_26/2011_09_26_drive_0011_sync,81,disturbance,41,81,0000000081.png,5,1.1226121494805907,1.0947084649385517,0.27423910945033486,gaussian_noise
learned_recurrent_error,2011_09_26/2011_09_26_drive_0011_sync,82,disturbance,42,82,0000000082.png,1,0.36008238233458895,0.1794780230262451,0.5474593123533995,gaussian_noise
learned_recurrent_error,2011_09_26/2011_09_26_drive_0011_sync,82,disturbance,42,82,0000000082.png,2,0.4223268193213647,0.29765481425730866,0.686716105590401,gaussian_noise
learned_recurrent_error,2011_09_26/2011_09_26_drive_0011_sync,82,disturbance,42,82,0000000082.png,3,0.9069988575540059,0.8169373761898213,0.5869786535286534,gaussian_noise
learned_recurrent_error,2011_09_26/2011_09_26_drive_0011_sync,82,disturbance,42,82,0000000082.png,4,1.4966456322220583,1.4279476302474334,0.4413299800241827,gaussian_noise
learned_recurrent_error,2011_09_26/2011_09_26_drive_0011_sync,82,disturbance,42,82,0000000082.png,5,1.1250428072032141,1.0973444936767858,0.27592084469660455,gaussian_noise
learned_recurrent_error,2011_09_26/2011_09_26_drive_0011_sync,83,disturbance,43,83,0000000083.png,1,0.35861129331554614,0.17977457278125158,0.5484479216789846,gaussian_noise
learned_recurrent_error,2011_09_26/2011_09_26_drive_0011_sync,83,disturbance,43,83,0000000083.png,2,0.4219854202185555,0.29716017274763534,0.6833649179437983,gaussian_noise
learned_recurrent_error,2011_09_26/2011_09_26_drive_0011_sync,83,disturbance,43,83,0000000083.png,3,0.9149350557785553,0.8198131381599854,0.5881887948600419,gaussian_noise
learned_recurrent_error,2011_09_26/2011_09_26_drive_0011_sync,83,disturbance,43,83,0000000083.png,4,1.5036723504005554,1.4305393386980718,0.44376945608824303,gaussian_noise
learned_recurrent_error,2011_09_26/2011_09_26_drive_0011_sync,83,disturbance,43,83,0000000083.png,5,1.1278101868282555,1.0998972294261586,0.27745226166478293,gaussian_noise
learned_recurrent_error,2011_09_26/2011_09_26_drive_0011_sync,84,disturbance,44,84,0000000084.png,1,0.357534767003924,0.17987553256406177,0.548128499505607,gaussian_noise
learned_recurrent_error,2011_09_26/2011_09_26_drive_0011_sync,84,disturbance,44,84,0000000084.png,2,0.4234510625612851,0.2966677969941969,0.6805221574878012,gaussian_noise
learned_recurrent_error,2011_09_26/2011_09_26_drive_0011_sync,84,disturbance,44,84,0000000084.png,3,0.9223526287272487,0.8234856197222551,0.5894974793893669,gaussian_noise
learned_recurrent_error,2011_09_26/2011_09_26_drive_0011_sync,84,disturbance,44,84,0000000084.png,4,1.5116258578654866,1.4339928131070967,0.4461923550910699,gaussian_noise
learned_recurrent_error,2011_09_26/2011_09_26_drive_0011_sync,84,disturbance,44,84,0000000084.png,5,1.1308738540869645,1.102430459943593,0.2785112384363749,gaussian_noise
learned_recurrent_error,2011_09_26/2011_09_26_drive_0011_sync,85,disturbance,45,85,0000000085.png,1,0.35885483282392366,0.18018074978004703,0.5468823777973636,gaussian_noise
learned_recurrent_error,2011_09_26/2011_09_26_drive_0011_sync,85,disturbance,45,85,0000000085.png,2,0.4252480807190417,0.2966263525810263,0.6785811997153218,gaussian_noise
learned_recurrent_error,2011_09_26/2011_09_26_drive_0011_sync,85,disturbance,45,85,0000000085.png,3,0.9287941462037522,0.827704954031575,0.590546497824352,gaussian_noise
learned_recurrent_error,2011_09_26/2011_09_26_drive_0011_sync,85,disturbance,45,85,0000000085.png,4,1.5196408267841612,1.4381997802649351,0.44803153448161165,gaussian_noise
learned_recurrent_error,2011_09_26/2011_09_26_drive_0011_sync,85,disturbance,45,85,0000000085.png,5,1.1341529620869504,1.1050092019086895,0.2790354258106483,gaussian_noise
learned_recurrent_error,2011_09_26/2011_09_26_drive_0011_sync,86,disturbance,46,86,0000000086.png,1,0.35872611533189996,0.18045630242104793,0.5452385454835511,gaussian_noise
learned_recurrent_error,2011_09_26/2011_09_26_drive_0011_sync,86,disturbance,46,86,0000000086.png,2,0.426702090197898,0.2969130329931006,0.6757527824065145,gaussian_noise
learned_recurrent_error,2011_09_26/2011_09_26_drive_0011_sync,86,disturbance,46,86,0000000086.png,3,0.9330096930064007,0.831927629335804,0.5912363325558972,gaussian_noise
learned_recurrent_error,2011_09_26/2011_09_26_drive_0011_sync,86,disturbance,46,86,0000000086.png,4,1.5272923545289978,1.4429879515790403,0.4490268076387366,gaussian_noise
learned_recurrent_error,2011_09_26/2011_09_26_drive_0011_sync,86,disturbance,46,86,0000000086.png,5,1.137658546995583,1.1077385643720148,0.27935795968535737,gaussian_noise
learned_recurrent_error,2011_09_26/2011_09_26_drive_0011_sync,87,disturbance,47,87,0000000087.png,1,0.35989695467082317,0.18048404964791148,0.5445722397442876,gaussian_noise
learned_recurrent_error,2011_09_26/2011_09_26_drive_0011_sync,87,disturbance,47,87,0000000087.png,2,0.4290873344602918,0.29760132149442503,0.6733510127601742,gaussian_noise
learned_recurrent_error,2011_09_26/2011_09_26_drive_0011_sync,87,disturbance,47,87,0000000087.png,3,0.9366867744015381,0.8360864644006168,0.5915221650850433,gaussian_noise
learned_recurrent_error,2011_09_26/2011_09_26_drive_0011_sync,87,disturbance,47,87,0000000087.png,4,1.5342271475795386,1.448158536229837,0.4499221913592949,gaussian_noise
learned_recurrent_error,2011_09_26/2011_09_26_drive_0011_sync,87,disturbance,47,87,0000000087.png,5,1.1412783987767943,1.1106295802711024,0.2796943805045275,gaussian_noise
learned_recurrent_error,2011_09_26/2011_09_26_drive_0011_sync,88,disturbance,48,88,0000000088.png,1,0.3595536480636838,0.18026569586742688,0.5447242660184342,gaussian_noise
learned_recurrent_error,2011_09_26/2011_09_26_drive_0011_sync,88,disturbance,48,88,0000000088.png,2,0.4305462169341591,0.29848537823217414,0.6727207932180101,gaussian_noise
learned_recurrent_error,2011_09_26/2011_09_26_drive_0011_sync,88,disturbance,48,88,0000000088.png,3,0.9400553363144821,0.8399087474736968,0.592191548074653,gaussian_noise
learned_recurrent_error,2011_09_26/2011_09_26_drive_0011_sync,88,disturbance,48,88,0000000088.png,4,1.5398603141480118,1.453308684300573,0.4511692426349245,gaussian_noise
learned_recurrent_error,2011_09_26/2011_09_26_drive_0011_sync,88,disturbance,48,88,0000000088.png,5,1.144882767477249,1.113630412523543,0.28020248604553094,gaussian_noise
learned_recurrent_error,2011_09_26/2011_09_26_drive_0011_sync,89,disturbance,49,89,0000000089.png,1,0.36096457027744167,0.18001225391532455,0.5446120598124402,gaussian_noise
learned_recurrent_error,2011_09_26/2011_09_26_drive_0011_sync,89,disturbance,49,89,0000000089.png,2,0.4321772665917344,0.2994755018896695,0.672483065477682,gaussian_noise
learned_recurrent_error,2011_09_26/2011_09_26_drive_0011_sync,89,disturbance,49,89,0000000089.png,3,0.9428637446216738,0.8434696985793092,0.5931619209803016,gaussian_noise
learned_recurrent_error,2011_09_26/2011_09_26_drive_0011_sync,89,disturbance,49,89,0000000089.png,4,1.5433886432573947,1.4581599726921677,0.4527320311343798,gaussian_noise
learned_recurrent_error,2011_09_26/2011_09_26_drive_0011_sync,89,disturbance,49,89,0000000089.png,5,1.147717978705815,1.1165957097941837,0.28086045825123046,gaussian_noise
learned_recurrent_error,2011_09_26/2011_09_26_drive_0011_sync,90,disturbance,50,90,0000000090.png,1,0.3592161032317514,0.17883945406073118,0.5442478950446717,gaussian_noise
learned_recurrent_error,2011_09_26/2011_09_26_drive_0011_sync,90,disturbance,50,90,0000000090.png,2,0.43337045080589975,0.3004505535298853,0.6727142050156879,gaussian_noise
learned_recurrent_error,2011_09_26/2011_09_26_drive_0011_sync,90,disturbance,50,90,0000000090.png,3,0.9438005443164426,0.8464032012455174,0.5942752765042378,gaussian_noise
learned_recurrent_error,2011_09_26/2011_09_26_drive_0011_sync,90,disturbance,50,90,0000000090.png,4,1.5444182573355427,1.4623406744289633,0.4547571469519944,gaussian_noise
learned_recurrent_error,2011_09_26/2011_09_26_drive_0011_sync,90,disturbance,50,90,0000000090.png,5,1.1494014775588577,1.1193460549767746,0.28201774048208433,gaussian_noise
learned_recurrent_error,2011_09_26/2011_09_26_drive_0011_sync,91,disturbance,51,91,0000000091.png,1,0.3607220070322133,0.1785878306676799,0.5424062436813308,gaussian_noise
learned_recurrent_error,2011_09_26/2011_09_26_drive_0011_sync,91,disturbance,51,91,0000000091.png,2,0.43365912767657666,0.3013416605265676,0.6704503931014154,gaussian_noise
learned_recurrent_error,2011_09_26/2011_09_26_drive_0011_sync,91,disturbance,51,91,0000000091.png,3,0.9453468082211208,0.8487932624348793,0.5947514031712242,gaussian_noise
learned_recurrent_error,2011_09_26/2011_09_26_drive_0011_sync,91,disturbance,51,91,0000000091.png,4,1.5454485443999728,1.465792300590502,0.4565266077726291,gaussian_noise
learned_recurrent_error,2011_09_26/2011_09_26_drive_0011_sync,91,disturbance,51,91,0000000091.png,5,1.1499042353069548,1.1217169625249137,0.2833665329326558,gaussian_noise
learned_recurrent_error,2011_09_26/2011_09_26_drive_0011_sync,92,disturbance,52,92,0000000092.png,1,0.36199010460512476,0.17820608050280345,0.539173846233077,gaussian_noise
learned_recurrent_error,2011_09_26/2011_09_26_drive_0011_sync,92,disturbance,52,92,0000000092.png,2,0.4357157061922382,0.30254881521530763,0.6672565145358407,gaussian_noise
learned_recurrent_error,2011_09_26/2011_09_26_drive_0011_sync,92,disturbance,52,92,0000000092.png,3,0.9485627948698148,0.8511845823952168,0.595032090048459,gaussian_noise
learned_recurrent_error,2011_09_26/2011_09_26_drive_0011_sync,92,disturbance,52,92,0000000092.png,4,1.5485960081860637,1.4690082986158786,0.4576632944960969,gaussian_noise
learned_recurrent_error,2011_09_26/2011_09_26_drive_0011_sync,92,disturbance,52,92,0000000092.png,5,1.1500445990901658,1.1237243475735994,0.28421651558948685,gaussian_noise
learned_recurrent_error,2011_09_26/2011_09_26_drive_0011_sync,93,disturbance,53,93,0000000093.png,1,0.36262290527598623,0.1779819460031549,0.5329133523672753,gaussian_noise
learned_recurrent_error,2011_09_26/2011_09_26_drive_0011_sync,93,disturbance,53,93,0000000093.png,2,0.43767973701737006,0.3039673554816378,0.6629219725406431,gaussian_noise
learned_recurrent_error,2011_09_26/2011_09_26_drive_0011_sync,93,disturbance,53,93,0000000093.png,3,0.9511467054299308,0.8535919217553711,0.5953362762117528,gaussian_noise
learned_recurrent_error,2011_09_26/2011_09_26_drive_0011_sync,93,disturbance,53,93,0000000093.png,4,1.5526682090112651,1.4722288976917945,0.4582645892689238,gaussian_noise
learned_recurrent_error,2011_09_26/2011_09_26_drive_0011_sync,93,disturbance,53,93,0000000093.png,5,1.1502376107304895,1.125459767627344,0.28495472092396007,gaussian_noise
learned_recurrent_error,2011_09_26/2011_09_26_drive_0011_sync,94,disturbance,54,94,0000000094.png,1,0.36212931837654677,0.17725713126023376,0.5274572689075268,gaussian_noise
learned_recurrent_error,2011_09_26/2011_09_26_drive_0011_sync,94,disturbance,54,94,0000000094.png,2,0.44025191861581,0.305462435028425,0.6587495965256835,gaussian_noise
learned_recurrent_error,2011_09_26/2011_09_26_drive_0011_sync,94,disturbance,54,94,0000000094.png,3,0.9540257167419922,0.8559620095006639,0.5953753769137405,gaussian_noise
learned_recurrent_error,2011_09_26/2011_09_26_drive_0011_sync,94,disturbance,54,94,0000000094.png,4,1.558201614988371,1.47573091856589,0.45884694570559476,gaussian_noise
learned_recurrent_error,2011_09_26/2011_09_26_drive_0011_sync,94,disturbance,54,94,0000000094.png,5,1.1507240147564572,1.1270002372940648,0.28630217143562514,gaussian_noise
learned_recurrent_error,2011_09_26/2011_09_26_drive_0011_sync,95,disturbance,55,95,0000000095.png,1,0.3646412062956746,0.1768370237416646,0.5231635545782829,gaussian_noise
learned_recurrent_error,2011_09_26/2011_09_26_drive_0011_sync,95,disturbance,55,95,0000000095.png,2,0.44296605682792556,0.30711210078923046,0.6540893019548031,gaussian_noise
learned_recurrent_error,2011_09_26/2011_09_26_drive_0011_sync,95,disturbance,55,95,0000000095.png,3,0.9584284140564384,0.8587242810729716,0.594603262785425,gaussian_noise
learned_recurrent_error,2011_09_26/2011_09_26_drive_0011_sync,95,disturbance,55,95,0000000095.png,4,1.5646747227587103,1.4796869280227443,0.46002981605885296,gaussian_noise
learned_recurrent_error,2011_09_26/2011_09_26_drive_0011_sync,95,disturbance,55,95,0000000095.png,5,1.1517276248035018,1.1284178988840317,0.2886112018598327,gaussian_noise
learned_recurrent_error,2011_09_26/2011_09_26_drive_0011_sync,96,disturbance,56,96,0000000096.png,1,0.3651572777607983,0.1766573489285939,0.5187803723697968,gaussian_noise
learned_recurrent_error,2011_09_26/2011_09_26_drive_0011_sync,96,disturbance,56,96,0000000096.png,2,0.44612900539991335,0.3090117974226577,0.6487610321431455,gaussian_noise
learned_recurrent_error,2011_09_26/2011_09_26_drive_0011_sync,96,disturbance,56,96,0000000096.png,3,0.9626276367884401,0.861671920490287,0.5926268031700419,gaussian_noise
learned_recurrent_error,2011_09_26/2011_09_26_drive_0011_sync,96,disturbance,56,96,0000000096.png,4,1.5710369614529665,1.4840393724614922,0.46224024300790306,gaussian_noise
learned_recurrent_error,2011_09_26/2011_09_26_drive_0011_sync,96,disturbance,56,96,0000000096.png,5,1.1537266636460235,1.1298083512286048,0.2924182918694743,gaussian_noise
learned_recurrent_error,2011_09_26/2011_09_26_drive_0011_sync,97,disturbance,57,97,0000000097.png,1,0.3655098904562158,0.1769774674369352,0.5147651586426383,gaussian_noise
learned_recurrent_error,2011_09_26/2011_09_26_drive_0011_sync,97,disturbance,57,97,0000000097.png,2,0.4470184035275084,0.31089130605848325,0.6447720526996604,gaussian_noise
learned_recurrent_error,2011_09_26/2011_09_26_drive_0011_sync,97,disturbance,57,97,0000000097.png,3,0.9665678537281055,0.8647207588561743,0.5898483621084906,gaussian_noise
learned_recurrent_error,2011_09_26/2011_09_26_drive_0011_sync,97,disturbance,57,97,0000000097.png,4,1.5771496653478214,1.488640414496751,0.4648501706677316,gaussian_noise
learned_recurrent_error,2011_09_26/2011_09_26_drive_0011_sync,97,disturbance,57,97,0000000097.png,5,1.1570385742621394,1.1313695937804071,0.29769607629127587,gaussian_noise
learned_recurrent_error,2011_09_26/2011_09_26_drive_0011_sync,98,disturbance,58,98,0000000098.png,1,0.3657793835080077,0.17703683392467248,0.5133601477895332,gaussian_noise
learned_recurrent_error,2011_09_26/2011_09_26_drive_0011_sync,98,disturbance,58,98,0000000098.png,2,0.4478718953011743,0.3124764586485758,0.6422486026722031,gaussian_noise
learned_recurrent_error,2011_09_26/2011_09_26_drive_0011_sync,98,disturbance,58,98,0000000098.png,3,0.9705525865332225,0.8679746663870793,0.5872966468832925,gaussian_noise
learned_recurrent_error,2011_09_26/2011_09_26_drive_0011_sync,98,disturbance,58,98,0000000098.png,4,1.583215501119044,1.4934740850238775,0.466858888318268,gaussian_noise
learned_recurrent_error,2011_09_26/2011_09_26_drive_0011_sync,98,disturbance,58,98,0000000098.png,5,1.1615884872735678,1.1332953166198103,0.303999767718122,gaussian_noise
learned_recurrent_error,2011_09_26/2011_09_26_drive_0011_sync,99,disturbance,59,99,0000000099.png,1,0.3682153434376872,0.17714534019277792,0.5116697232369195,gaussian_noise
learned_recurrent_error,2011_09_26/2011_09_26_drive_0011_sync,99,disturbance,59,99,0000000099.png,2,0.449193154707894,0.31398713963114533,0.6391108909979094,gaussian_noise
learned_recurrent_error,2011_09_26/2011_09_26_drive_0011_sync,99,disturbance,59,99,0000000099.png,3,0.9717678531628465,0.8709755701606967,0.5844541274143191,gaussian_noise
learned_recurrent_error,2011_09_26/2011_09_26_drive_0011_sync,99,disturbance,59,99,0000000099.png,4,1.5890965511735515,1.4985480592334917,0.468264928596428,gaussian_noise
learned_recurrent_error,2011_09_26/2011_09_26_drive_0011_sync,99,disturbance,59,99,0000000099.png,5,1.1668293249982333,1.1356746386324867,0.31034386089274335,gaussian_noise
learned_recurrent_error,2011_09_26/2011_09_26_drive_0011_sync,100,disturbance,60,100,0000000100.png,1,0.36531400316070556,0.17710846221041196,0.5114805120324031,gaussian_noise
learned_recurrent_error,2011_09_26/2011_09_26_drive_0011_sync,100,disturbance,60,100,0000000100.png,2,0.4487947113597054,0.3151459287269764,0.6366146883863558,gaussian_noise
learned_recurrent_error,2011_09_26/2011_09_26_drive_0011_sync,100,disturbance,60,100,0000000100.png,3,0.9730712407941363,0.8738594831304943,0.5813099489360937,gaussian_noise
learned_recurrent_error,2011_09_26/2011_09_26_drive_0011_sync,100,disturbance,60,100,0000000100.png,4,1.5940856832972519,1.5036808396672754,0.46868345494337893,gaussian_noise
learned_recurrent_error,2011_09_26/2011_09_26_drive_0011_sync,100,disturbance,60,100,0000000100.png,5,1.1723524404102734,1.1385320311766143,0.3162834734598193,gaussian_noise
learned_recurrent_error,2011_09_26/2011_09_26_drive_0011_sync,101,disturbance,61,101,0000000101.png,1,0.3642866099581124,0.1775365842815235,0.5101229336163234,gaussian_noise
learned_recurrent_error,2011_09_26/2011_09_26_drive_0011_sync,101,disturbance,61,101,0000000101.png,2,0.4494663213225297,0.3162940434962782,0.6335491485790758,gaussian_noise
learned_recurrent_error,2011_09_26/2011_09_26_drive_0011_sync,101,disturbance,61,101,0000000101.png,3,0.9732590891166207,0.8763477947221489,0.5786918666656384,gaussian_noise
learned_recurrent_error,2011_09_26/2011_09_26_drive_0011_sync,101,disturbance,61,101,0000000101.png,4,1.5983736045733634,1.5087816311218547,0.4683976932973863,gaussian_noise
learned_recurrent_error,2011_09_26/2011_09_26_drive_0011_sync,101,disturbance,61,101,0000000101.png,5,1.178209721055821,1.14189940557755,0.3214605542978102,gaussian_noise
learned_recurrent_error,2011_09_26/2011_09_26_drive_0011_sync,102,disturbance,62,102,0000000102.png,1,0.3661370545061351,0.1778493712915295,0.5106140354980244,gaussian_noise
learned_recurrent_error,2011_09_26/2011_09_26_drive_0011_sync,102,disturbance,62,102,0000000102.png,2,0.45043138467516525,0.3172740424228689,0.6322232234110782,gaussian_noise
learned_recurrent_error,2011_09_26/2011_09_26_drive_0011_sync,102,disturbance,62,102,0000000102.png,3,0.9739922779282763,0.8785046409389677,0.576531615083787,gaussian_noise
learned_recurrent_error,2011_09_26/2011_09_26_drive_0011_sync,102,disturbance,62,102,0000000102.png,4,1.6015518597297416,1.5136268834019748,0.4678579856487853,gaussian_noise
learned_recurrent_error,2011_09_26/2011_09_26_drive_0011_sync,102,disturbance,62,102,0000000102.png,5,1.1830549067111293,1.1455734329751577,0.32473140071867806,gaussian_noise
learned_recurrent_error,2011_09_26/2011_09_26_drive_0011_sync,103,disturbance,63,103,0000000103.png,1,0.3630023209758974,0.17754888342111297,0.5115229007035386,gaussian_noise
learned_recurrent_error,2011_09_26/2011_09_26_drive_0011_sync,103,disturbance,63,103,0000000103.png,2,0.4505399240738739,0.31831802602470427,0.6310629823537443,gaussian_noise
learned_recurrent_error,2011_09_26/2011_09_26_drive_0011_sync,103,disturbance,63,103,0000000103.png,3,0.9751404052742926,0.8805244687656982,0.5753433804594338,gaussian_noise
learned_recurrent_error,2011_09_26/2011_09_26_drive_0011_sync,103,disturbance,63,103,0000000103.png,4,1.6037851085683448,1.5180608467311851,0.4677536177228923,gaussian_noise
learned_recurrent_error,2011_09_26/2011_09_26_drive_0011_sync,103,disturbance,63,103,0000000103.png,5,1.1869572416985406,1.1493805061247728,0.3260724332871128,gaussian_noise
learned_recurrent_error,2011_09_26/2011_09_26_drive_0011_sync,104,disturbance,64,104,0000000104.png,1,0.3611541907348645,0.1770693792096656,0.5117834277684955,gaussian_noise
learned_recurrent_error,2011_09_26/2011_09_26_drive_0011_sync,104,disturbance,64,104,0000000104.png,2,0.4484384337730816,0.31889346164015,0.630043116442563,gaussian_noise
learned_recurrent_error,2011_09_26/2011_09_26_drive_0011_sync,104,disturbance,64,104,0000000104.png,3,0.9749650840227421,0.8823205988743037,0.5749344047733306,gaussian_noise
learned_recurrent_error,2011_09_26/2011_09_26_drive_0011_sync,104,disturbance,64,104,0000000104.png,4,1.6057977557729954,1.5221567633887092,0.468303247554116,gaussian_noise
learned_recurrent_error,2011_09_26/2011_09_26_drive_0011_sync,104,disturbance,64,104,0000000104.png,5,1.1906127375078872,1.1532469418391675,0.3261533033708652,gaussian_noise
learned_recurrent_error,2011_09_26/2011_09_26_drive_0011_sync,105,disturbance,65,105,0000000105.png,1,0.3619420578988034,0.17669369674428528,0.5108532829933211,gaussian_noise
learned_recurrent_error,2011_09_26/2011_09_26_drive_0011_sync,105,disturbance,65,105,0000000105.png,2,0.4481013883157479,0.31931761757364907,0.6282053091562255,gaussian_noise
learned_recurrent_error,2011_09_26/2011_09_26_drive_0011_sync,105,disturbance,65,105,0000000105.png,3,0.9753112631240057,0.8838707281218964,0.5752163067742657,gaussian_noise
learned_recurrent_error,2011_09_26/2011_09_26_drive_0011_sync,105,disturbance,65,105,0000000105.png,4,1.609204106087265,1.5262632679042765,0.46971897327104867,gaussian_noise
learned_recurrent_error,2011_09_26/2011_09_26_drive_0011_sync,105,disturbance,65,105,0000000105.png,5,1.1945260121502876,1.1571897514279252,0.32585759313477164,gaussian_noise
learned_recurrent_error,2011_09_26/2011_09_26_drive_0011_sync,106,disturbance,66,106,0000000106.png,1,0.36186359748804003,0.17685837062660018,0.5113948686791461,gaussian_noise
learned_recurrent_error,2011_09_26/2011_09_26_drive_0011_sync,106,disturbance,66,106,0000000106.png,2,0.4471698453730578,0.31967716906041926,0.6282291634850272,gaussian_noise
learned_recurrent_error,2011_09_26/2011_09_26_drive_0011_sync,106,disturbance,66,106,0000000106.png,3,0.9770256861898119,0.8852369325785573,0.5752255649657787,gaussian_noise
learned_recurrent_error,2011_09_26/2011_09_26_drive_0011_sync,106,disturbance,66,106,0000000106.png,4,1.6129441726393678,1.5303553972753532,0.47130976963767185,gaussian_noise
learned_recurrent_error,2011_09_26/2011_09_26_drive_0011_sync,106,disturbance,66,106,0000000106.png,5,1.1983512429803058,1.161185792484402,0.3257864569729318,gaussian_noise
learned_recurrent_error,2011_09_26/2011_09_26_drive_0011_sync,107,disturbance,67,107,0000000107.png,1,0.3594143869262996,0.1765965773098788,0.5134193502600762,gaussian_noise
learned_recurrent_error,2011_09_26/2011_09_26_drive_0011_sync,107,disturbance,67,107,0000000107.png,2,0.44760655260080506,0.3198530891214438,0.6287052510410863,gaussian_noise
learned_recurrent_error,2011_09_26/2011_09_26_drive_0011_sync,107,disturbance,67,107,0000000107.png,3,0.9780817167449817,0.8864563114185202,0.5764924399150746,gaussian_noise
learned_recurrent_error,2011_09_26/2011_09_26_drive_0011_sync,107,disturbance,67,107,0000000107.png,4,1.6167951645096221,1.5342443940926025,0.47309460283437105,gaussian_noise
learned_recurrent_error,2011_09_26/2011_09_26_drive_0011_sync,107,disturbance,67,107,0000000107.png,5,1.201812473225395,1.1651367600639546,0.32606173440996655,gaussian_noise
learned_recurrent_error,2011_09_26/2011_09_26_drive_0011_sync,108,disturbance,68,108,0000000108.png,1,0.356752304346586,0.17628810274979498,0.5153872044341291,gaussian_noise
learned_recurrent_error,2011_09_26/2011_09_26_drive_0011_sync,108,disturbance,68,108,0000000108.png,2,0.4467977764870789,0.31986224577766087,0.6301937516844044,gaussian_noise
learned_recurrent_error,2011_09_26/2011_09_26_drive_0011_sync,108,disturbance,68,108,0000000108.png,3,0.9787762717218359,0.8874699165835997,0.5783578232249882,gaussian_noise
learned_recurrent_error,2011_09_26/2011_09_26_drive_0011_sync,108,disturbance,68,108,0000000108.png,4,1.6189577001492983,1.5374628242092383,0.4749868915241682,gaussian_noise
learned_recurrent_error,2011_09_26/2011_09_26_drive_0011_sync,108,disturbance,68,108,0000000108.png,5,1.2041449194718266,1.1687801683414902,0.326735112010861,gaussian_noise
learned_recurrent_error,2011_09_26/2011_09_26_drive_0011_sync,109,disturbance,69,109,0000000109.png,1,0.35345012127873376,0.17580530019624005,0.5161774117896544,gaussian_noise
learned_recurrent_error,2011_09_26/2011_09_26_drive_0011_sync,109,disturbance,69,109,0000000109.png,2,0.44556695341379315,0.3197226970898052,0.6309030543747537,gaussian_noise
learned_recurrent_error,2011_09_26/2011_09_26_drive_0011_sync,109,disturbance,69,109,0000000109.png,3,0.9811262860924674,0.8886372885019584,0.580210527149409,gaussian_noise
learned_recurrent_error,2011_09_26/2011_09_26_drive_0011_sync,109,disturbance,69,109,0000000109.png,4,1.6214553036398318,1.5400591331800972,0.4774286203839837,gaussian_noise
learned_recurrent_error,2011_09_26/2011_09_26_drive_0011_sync,109,disturbance,69,109,0000000109.png,5,1.2052720580069214,1.1718402693490042,0.32715430974867793,gaussian_noise
learned_recurrent_error,2011_09_26/2011_09_26_drive_0011_sync,110,disturbance,70,110,0000000110.png,1,0.3539643606409843,0.17539142782019357,0.5161431207543579,gaussian_noise
learned_recurrent_error,2011_09_26/2011_09_26_drive_0011_sync,110,disturbance,70,110,0000000110.png,2,0.44427936155632564,0.319604921265388,0.6307349799322434,gaussian_noise
learned_recurrent_error,2011_09_26/2011_09_26_drive_0011_sync,110,disturbance,70,110,0000000110.png,3,0.9856227577965843,0.8904531339602856,0.5813670626123792,gaussian_noise
learned_recurrent_error,2011_09_26/2011_09_26_drive_0011_sync,110,disturbance,70,110,0000000110.png,4,1.622670699308893,1.5419532727467122,0.47950585993660244,gaussian_noise
learned_recurrent_error,2011_09_26/2011_09_26_drive_0011_sync,110,disturbance,70,110,0000000110.png,5,1.2046098937846452,1.1739643404461118,0.32533379229081194,gaussian_noise
learned_recurrent_error,2011_09_26/2011_09_26_drive_0011_sync,111,disturbance,71,111,0000000111.png,1,0.3514611862573219,0.17470949984830908,0.5147173506214222,gaussian_noise
learned_recurrent_error,2011_09_26/2011_09_26_drive_0011_sync,111,disturbance,71,111,0000000111.png,2,0.443620955530963,0.3196286382903578,0.6297104813491444,gaussian_noise
learned_recurrent_error,2011_09_26/2011_09_26_drive_0011_sync,111,disturbance,71,111,0000000111.png,3,0.9916184314656735,0.8930995879614438,0.5823571556338473,gaussian_noise
learned_recurrent_error,2011_09_26/2011_09_26_drive_0011_sync,111,disturbance,71,111,0000000111.png,4,1.6245779296027623,1.5434253523971007,0.4813375034910294,gaussian_noise
learned_recurrent_error,2011_09_26/2011_09_26_drive_0011_sync,111,disturbance,71,111,0000000111.png,5,1.20249249950518,1.174923956764263,0.32183271741463576,gaussian_noise
learned_recurrent_error,2011_09_26/2011_09_26_drive_0011_sync,112,disturbance,72,112,0000000112.png,1,0.3503742262130528,0.1740064321405974,0.5138228718526442,gaussian_noise
learned_recurrent_error,2011_09_26/2011_09_26_drive_0011_sync,112,disturbance,72,112,0000000112.png,2,0.44520237796755685,0.31995380668274265,0.6281139101759761,gaussian_noise
learned_recurrent_error,2011_09_26/2011_09_26_drive_0011_sync,112,disturbance,72,112,0000000112.png,3,0.9967217488539722,0.8965156776258867,0.5828587762586935,gaussian_noise
learned_recurrent_error,2011_09_26/2011_09_26_drive_0011_sync,112,disturbance,72,112,0000000112.png,4,1.628226529069704,1.545025713287486,0.48336167361564264,gaussian_noise
learned_recurrent_error,2011_09_26/2011_09_26_drive_0011_sync,112,disturbance,72,112,0000000112.png,5,1.2010378409052154,1.1750048132966824,0.31763307943269753,gaussian_noise
learned_recurrent_error,2011_09_26/2011_09_26_drive_0011_sync,113,disturbance,73,113,0000000113.png,1,0.3511475975561012,0.1732952096155604,0.5133468529722518,gaussian_noise
learned_recurrent_error,2011_09_26/2011_09_26_drive_0011_sync,113,disturbance,73,113,0000000113.png,2,0.44691566154515905,0.320675596197644,0.6260477924415054,gaussian_noise
learned_recurrent_error,2011_09_26/2011_09_26_drive_0011_sync,113,disturbance,73,113,0000000113.png,3,1.0013165024630746,0.9005489643753118,0.5834376201211025,gaussian_noise
learned_recurrent_error,2011_09_26/2011_09_26_drive_0011_sync,113,disturbance,73,113,0000000113.png,4,1.6335776804307285,1.5473242659267827,0.4854965822397261,gaussian_noise
learned_recurrent_error,2011_09_26/2011_09_26_drive_0011_sync,113,disturbance,73,113,0000000113.png,5,1.2004930824611089,1.1746279014050902,0.31296308940487627,gaussian_noise
learned_recurrent_error,2011_09_26/2011_09_26_drive_0011_sync,114,disturbance,74,114,0000000114.png,1,0.3497365093878983,0.1725222796093785,0.5127693294666386,gaussian_noise
learned_recurrent_error,2011_09_26/2011_09_26_drive_0011_sync,114,disturbance,74,114,0000000114.png,2,0.4464450199329091,0.3215410237577705,0.6241571786899182,gaussian_noise
learned_recurrent_error,2011_09_26/2011_09_26_drive_0011_sync,114,disturbance,74,114,0000000114.png,3,1.0056747870451712,0.9048337274439497,0.5835485577500032,gaussian_noise
learned_recurrent_error,2011_09_26/2011_09_26_drive_0011_sync,114,disturbance,74,114,0000000114.png,4,1.6397902270337485,1.5506064623263691,0.48737558482818916,gaussian_noise
learned_recurrent_error,2011_09_26/2011_09_26_drive_0011_sync,114,disturbance,74,114,0000000114.png,5,1.200851645595547,1.1741855425683783,0.30713178736467034,gaussian_noise
learned_recurrent_error,2011_09_26/2011_09_26_drive_0011_sync,115,disturbance,75,115,0000000115.png,1,0.35032336365938144,0.17220052194453633,0.5104365165263518,gaussian_noise
learned_recurrent_error,2011_09_26/2011_09_26_drive_0011_sync,115,disturbance,75,115,0000000115.png,2,0.4461639856910443,0.32230014571062804,0.6219795605864489,gaussian_noise
learned_recurrent_error,2011_09_26/2011_09_26_drive_0011_sync,115,disturbance,75,115,0000000115.png,3,1.0092697890413993,0.9093355202921709,0.5834983436775687,gaussian_noise
learned_recurrent_error,2011_09_26/2011_09_26_drive_0011_sync,115,disturbance,75,115,0000000115.png,4,1.6458250303742723,1.5548644216483387,0.4887350519585724,gaussian_noise
learned_recurrent_error,2011_09_26/2011_09_26_drive_0011_sync,115,disturbance,75,115,0000000115.png,5,1.2020078016642664,1.1740163510361652,0.3015820206064916,gaussian_noise
learned_recurrent_error,2011_09_26/2011_09_26_drive_0011_sync,116,disturbance,76,116,0000000116.png,1,0.3498942689513361,0.17190474797013552,0.5100887118992313,gaussian_noise
learned_recurrent_error,2011_09_26/2011_09_26_drive_0011_sync,116,disturbance,76,116,0000000116.png,2,0.4482414272099513,0.3232099905618383,0.6202709579216752,gaussian_noise
learned_recurrent_error,2011_09_26/2011_09_26_drive_0011_sync,116,disturbance,76,116,0000000116.png,3,1.0126187950901027,0.9138387222651008,0.5834491475361867,gaussian_noise
learned_recurrent_error,2011_09_26/2011_09_26_drive_0011_sync,116,disturbance,76,116,0000000116.png,4,1.6511921848117448,1.559907475347485,0.489451704226621,gaussian_noise
learned_recurrent_error,2011_09_26/2011_09_26_drive_0011_sync,116,disturbance,76,116,0000000116.png,5,1.2031787945554329,1.1742823414222103,0.2966041295559119,gaussian_noise
learned_recurrent_error,2011_09_26/2011_09_26_drive_0011_sync,117,disturbance,77,117,0000000117.png,1,0.35173347015724543,0.17183664473850646,0.5082963216963367,gaussian_noise
learned_recurrent_error,2011_09_26/2011_09_26_drive_0011_sync,117,disturbance,77,117,0000000117.png,2,0.4490443418860431,0.32412827509153935,0.6200591832573555,gaussian_noise
learned_recurrent_error,2011_09_26/2011_09_26_drive_0011_sync,117,disturbance,77,117,0000000117.png,3,1.0154865179457702,0.91807737409371,0.5844206023081152,gaussian_noise
learned_recurrent_error,2011_09_26/2011_09_26_drive_0011_sync,117,disturbance,77,117,0000000117.png,4,1.6544192250239578,1.5652801143538213,0.4910863322762993,gaussian_noise
learned_recurrent_error,2011_09_26/2011_09_26_drive_0011_sync,117,disturbance,77,117,0000000117.png,5,1.2041089062619776,1.1750599578915684,0.2923563022326553,gaussian_noise
learned_recurrent_error,2011_09_26/2011_09_26_drive_0011_sync,118,disturbance,78,118,0000000118.png,1,0.3526290154837321,0.1720578742384879,0.5080920734460501,gaussian_noise
learned_recurrent_error,2011_09_26/2011_09_26_drive_0011_sync,118,disturbance,78,118,0000000118.png,2,0.4504310159627063,0.32518372636313675,0.6185412702169255,gaussian_noise
learned_recurrent_error,2011_09_26/2011_09_26_drive_0011_sync,118,disturbance,78,118,0000000118.png,3,1.017116384984215,0.921954140647139,0.5854766773005697,gaussian_noise
learned_recurrent_error,2011_09_26/2011_09_26_drive_0011_sync,118,disturbance,78,118,0000000118.png,4,1.6561245904914539,1.5706985756434662,0.4930465834255952,gaussian_noise
learned_recurrent_error,2011_09_26/2011_09_26_drive_0011_sync,118,disturbance,78,118,0000000118.png,5,1.2043662512766298,1.1762362948713496,0.28858861523482837,gaussian_noise
learned_recurrent_error,2011_09_26/2011_09_26_drive_0011_sync,119,disturbance,79,119,0000000119.png,1,0.3507810230270456,0.17176861120755255,0.5063368534427793,gaussian_noise
learned_recurrent_error,2011_09_26/2011_09_26_drive_0011_sync,119,disturbance,79,119,0000000119.png,2,0.4523803723876036,0.3265161199499245,0.6168593331180725,gaussian_noise
learned_recurrent_error,2011_09_26/2011_09_26_drive_0011_sync,119,disturbance,79,119,0000000119.png,3,1.0201432169200608,0.9255935860833245,0.5868651091953389,gaussian_noise
learned_recurrent_error,2011_09_26/2011_09_26_drive_0011_sync,119,disturbance,79,119,0000000119.png,4,1.6571179715486735,1.57589214811729,0.4946769332163691,gaussian_noise
learned_recurrent_error,2011_09_26/2011_09_26_drive_0011_sync,119,disturbance,79,119,0000000119.png,5,1.2041936380062532,1.1776330583966652,0.28581154085956934,gaussian_noise
learned_recurrent_error,2011_09_26/2011_09_26_drive_0011_sync,120,recovery,0,120,0000000120.png,1,0.2264880894309345,0.1573862505485492,0.3803355567131511,gaussian_noise
learned_recurrent_error,2011_09_26/2011_09_26_drive_0011_sync,120,recovery,0,120,0000000120.png,2,0.40805638175907805,0.32451010082286624,0.5765577428878456,gaussian_noise
learned_recurrent_error,2011_09_26/2011_09_26_drive_0011_sync,120,recovery,0,120,0000000120.png,3,1.0137737683552714,0.9272720836609951,0.5758468153608821,gaussian_noise
learned_recurrent_error,2011_09_26/2011_09_26_drive_0011_sync,120,recovery,0,120,0000000120.png,4,1.6580105529740745,1.5801840599658405,0.4904946450254298,gaussian_noise
learned_recurrent_error,2011_09_26/2011_09_26_drive_0011_sync,120,recovery,0,120,0000000120.png,5,1.203807893621334,1.1790160923927042,0.2830328712501339,gaussian_noise
learned_recurrent_error,2011_09_26/2011_09_26_drive_0011_sync,121,recovery,1,121,0000000121.png,1,0.20577366235067826,0.14850368830018038,0.3008961962480546,gaussian_noise
learned_recurrent_error,2011_09_26/2011_09_26_drive_0011_sync,121,recovery,1,121,0000000121.png,2,0.39277739008922025,0.3205267952132416,0.5211863693363754,gaussian_noise
learned_recurrent_error,2011_09_26/2011_09_26_drive_0011_sync,121,recovery,1,121,0000000121.png,3,1.0042943846712842,0.9262237633620847,0.5522910149249718,gaussian_noise
learned_recurrent_error,2011_09_26/2011_09_26_drive_0011_sync,121,recovery,1,121,0000000121.png,4,1.6589255912224805,1.5830275453857747,0.4789296699769031,gaussian_noise
learned_recurrent_error,2011_09_26/2011_09_26_drive_0011_sync,121,recovery,1,121,0000000121.png,5,1.2032557764348533,1.1800128501738059,0.2786383858441331,gaussian_noise
learned_recurrent_error,2011_09_26/2011_09_26_drive_0011_sync,122,recovery,2,122,0000000122.png,1,0.19942768698543875,0.14278198842351195,0.24200428585002787,gaussian_noise
learned_recurrent_error,2011_09_26/2011_09_26_drive_0011_sync,122,recovery,2,122,0000000122.png,2,0.3855413832567105,0.3163087853916057,0.4622992431415554,gaussian_noise
learned_recurrent_error,2011_09_26/2011_09_26_drive_0011_sync,122,recovery,2,122,0000000122.png,3,0.9984361226389409,0.9231579846583335,0.5188827680784842,gaussian_noise
learned_recurrent_error,2011_09_26/2011_09_26_drive_0011_sync,122,recovery,2,122,0000000122.png,4,1.6610765525003444,1.5842563366042544,0.4605062341962331,gaussian_noise
learned_recurrent_error,2011_09_26/2011_09_26_drive_0011_sync,122,recovery,2,122,0000000122.png,5,1.2023455935302811,1.1801738551519105,0.2720412452458727,gaussian_noise
learned_recurrent_error,2011_09_26/2011_09_26_drive_0011_sync,123,recovery,3,123,0000000123.png,1,0.19833466744662562,0.14016567164775487,0.19596834799604826,gaussian_noise
learned_recurrent_error,2011_09_26/2011_09_26_drive_0011_sync,123,recovery,3,123,0000000123.png,2,0.3812495067868174,0.31267382965365326,0.40506557704772606,gaussian_noise
learned_recurrent_error,2011_09_26/2011_09_26_drive_0011_sync,123,recovery,3,123,0000000123.png,3,0.9966729506929466,0.91924108221638,0.4789029664325235,gaussian_noise
learned_recurrent_error,2011_09_26/2011_09_26_drive_0011_sync,123,recovery,3,123,0000000123.png,4,1.6654020198509005,1.5841346842074195,0.4357712530930821,gaussian_noise
learned_recurrent_error,2011_09_26/2011_09_26_drive_0011_sync,123,recovery,3,123,0000000123.png,5,1.201678644701308,1.1792398835627418,0.2632142353468942,gaussian_noise
learned_recurrent_error,2011_09_26/2011_09_26_drive_0011_sync,124,recovery,4,124,0000000124.png,1,0.19916423011807952,0.13959319103084464,0.15922633982637976,gaussian_noise
learned_recurrent_error,2011_09_26/2011_09_26_drive_0011_sync,124,recovery,4,124,0000000124.png,2,0.37778994678071126,0.3097769468497252,0.3509868181123698,gaussian_noise
learned_recurrent_error,2011_09_26/2011_09_26_drive_0011_sync,124,recovery,4,124,0000000124.png,3,0.9982145018941346,0.9159697207265112,0.43491054047183125,gaussian_noise
learned_recurrent_error,2011_09_26/2011_09_26_drive_0011_sync,124,recovery,4,124,0000000124.png,4,1.6728552947756328,1.583682554372447,0.4053948458635086,gaussian_noise
learned_recurrent_error,2011_09_26/2011_09_26_drive_0011_sync,124,recovery,4,124,0000000124.png,5,1.201444887099223,1.177286615965971,0.25130205542489226,gaussian_noise
learned_recurrent_error,2011_09_26/2011_09_26_drive_0011_sync,125,recovery,5,125,0000000125.png,1,0.19986466124092797,0.1408903675279164,0.12926603482389604,gaussian_noise
learned_recurrent_error,2011_09_26/2011_09_26_drive_0011_sync,125,recovery,5,125,0000000125.png,2,0.37753545233731883,0.30810284004131927,0.3000661506452294,gaussian_noise
learned_recurrent_error,2011_09_26/2011_09_26_drive_0011_sync,125,recovery,5,125,0000000125.png,3,1.003777998100836,0.9142861311091359,0.38835397747358075,gaussian_noise
learned_recurrent_error,2011_09_26/2011_09_26_drive_0011_sync,125,recovery,5,125,0000000125.png,4,1.683613122023468,1.5837939272645511,0.37077683720504573,gaussian_noise
learned_recurrent_error,2011_09_26/2011_09_26_drive_0011_sync,125,recovery,5,125,0000000125.png,5,1.2017726826026949,1.1746217010465418,0.23640909753838357,gaussian_noise
learned_recurrent_error,2011_09_26/2011_09_26_drive_0011_sync,126,recovery,6,126,0000000126.png,1,0.2016700496872883,0.1430589766560423,0.10521500358636711,gaussian_noise
learned_recurrent_error,2011_09_26/2011_09_26_drive_0011_sync,126,recovery,6,126,0000000126.png,2,0.37712323497362726,0.3072427297559488,0.253938158379919,gaussian_noise
learned_recurrent_error,2011_09_26/2011_09_26_drive_0011_sync,126,recovery,6,126,0000000126.png,3,1.0092656567000364,0.9143362369332131,0.34150243868463526,gaussian_noise
learned_recurrent_error,2011_09_26/2011_09_26_drive_0011_sync,126,recovery,6,126,0000000126.png,4,1.698535279593704,1.585579835232763,0.3341470886390696,gaussian_noise
learned_recurrent_error,2011_09_26/2011_09_26_drive_0011_sync,126,recovery,6,126,0000000126.png,5,1.2028222817867256,1.171728994136262,0.22018668634618574,gaussian_noise
learned_recurrent_error,2011_09_26/2011_09_26_drive_0011_sync,127,recovery,7,127,0000000127.png,1,0.20246595929426084,0.14517145918747237,0.08584946641515621,gaussian_noise
learned_recurrent_error,2011_09_26/2011_09_26_drive_0011_sync,127,recovery,7,127,0000000127.png,2,0.37732520124298785,0.30720952756326175,0.21295519772486124,gaussian_noise
learned_recurrent_error,2011_09_26/2011_09_26_drive_0011_sync,127,recovery,7,127,0000000127.png,3,1.015338419821267,0.9164025061168526,0.2968958549587772,gaussian_noise
learned_recurrent_error,2011_09_26/2011_09_26_drive_0011_sync,127,recovery,7,127,0000000127.png,4,1.714533312957238,1.5899410034849781,0.2980313563574032,gaussian_noise
learned_recurrent_error,2011_09_26/2011_09_26_drive_0011_sync,127,recovery,7,127,0000000127.png,5,1.204897021192209,1.1693240814227173,0.2043560159398053,gaussian_noise
learned_recurrent_error,2011_09_26/2011_09_26_drive_0011_sync,128,recovery,8,128,0000000128.png,1,0.20001950708987995,0.14746727761152037,0.06988835561325277,gaussian_noise
learned_recurrent_error,2011_09_26/2011_09_26_drive_0011_sync,128,recovery,8,128,0000000128.png,2,0.3800917808445676,0.3081790942066125,0.1770712748074775,gaussian_noise
learned_recurrent_error,2011_09_26/2011_09_26_drive_0011_sync,128,recovery,8,128,0000000128.png,3,1.0237689379314405,0.9204651519413957,0.25550348958584257,gaussian_noise
learned_recurrent_error,2011_09_26/2011_09_26_drive_0011_sync,128,recovery,8,128,0000000128.png,4,1.730010719711927,1.5968691236695682,0.26371228868596963,gaussian_noise
learned_recurrent_error,2011_09_26/2011_09_26_drive_0011_sync,128,recovery,8,128,0000000128.png,5,1.207943922491956,1.1679618327590604,0.18953438714592497,gaussian_noise
learned_recurrent_error,2011_09_26/2011_09_26_drive_0011_sync,129,recovery,9,129,0000000129.png,1,0.20128048173673904,0.14971510662346552,0.05700350053185186,gaussian_noise
learned_recurrent_error,2011_09_26/2011_09_26_drive_0011_sync,129,recovery,9,129,0000000129.png,2,0.381475419474781,0.30977701235590155,0.14618312475629938,gaussian_noise
learned_recurrent_error,2011_09_26/2011_09_26_drive_0011_sync,129,recovery,9,129,0000000129.png,3,1.0328682264174316,0.9262862387755758,0.21794273587265495,gaussian_noise
learned_recurrent_error,2011_09_26/2011_09_26_drive_0011_sync,129,recovery,9,129,0000000129.png,4,1.7464895675744758,1.6063102217500622,0.23138040107426658,gaussian_noise
learned_recurrent_error,2011_09_26/2011_09_26_drive_0011_sync,129,recovery,9,129,0000000129.png,5,1.2118860990516125,1.167879876501485,0.17511297259077618,gaussian_noise
learned_recurrent_error,2011_09_26/2011_09_26_drive_0011_sync,130,recovery,10,130,0000000130.png,1,0.2011422674842252,0.15138409391046415,0.046629916515423774,gaussian_noise
learned_recurrent_error,2011_09_26/2011_09_26_drive_0011_sync,130,recovery,10,130,0000000130.png,2,0.38115006151214775,0.3113603236897807,0.12036044015386388,gaussian_noise
learned_recurrent_error,2011_09_26/2011_09_26_drive_0011_sync,130,recovery,10,130,0000000130.png,3,1.0395535642114326,0.9332597764604214,0.1847662806003982,gaussian_noise
learned_recurrent_error,2011_09_26/2011_09_26_drive_0011_sync,130,recovery,10,130,0000000130.png,4,1.7621412902028906,1.6180394797703213,0.20150255101531667,gaussian_noise
learned_recurrent_error,2011_09_26/2011_09_26_drive_0011_sync,130,recovery,10,130,0000000130.png,5,1.2160287586480498,1.1691495873795514,0.16120953781150757,gaussian_noise
learned_recurrent_error,2011_09_26/2011_09_26_drive_0011_sync,131,recovery,11,131,0000000131.png,1,0.20183274176261423,0.15292098491774245,0.0381639776985773,gaussian_noise
learned_recurrent_error,2011_09_26/2011_09_26_drive_0011_sync,131,recovery,11,131,0000000131.png,2,0.3814047012204143,0.31278136896871733,0.0988390631718435,gaussian_noise
learned_recurrent_error,2011_09_26/2011_09_26_drive_0011_sync,131,recovery,11,131,0000000131.png,3,1.0446407194164447,0.9407125532963951,0.1559601615128014,gaussian_noise
learned_recurrent_error,2011_09_26/2011_09_26_drive_0011_sync,131,recovery,11,131,0000000131.png,4,1.7754793558363975,1.6313394896159956,0.1742927718722675,gaussian_noise
learned_recurrent_error,2011_09_26/2011_09_26_drive_0011_sync,131,recovery,11,131,0000000131.png,5,1.2196548159902059,1.1715994739294646,0.14762675490603408,gaussian_noise
learned_recurrent_error,2011_09_26/2011_09_26_drive_0011_sync,132,recovery,12,132,0000000132.png,1,0.20203692091296385,0.15349116412278296,0.031293439815611716,gaussian_noise
learned_recurrent_error,2011_09_26/2011_09_26_drive_0011_sync,132,recovery,12,132,0000000132.png,2,0.38160856168717083,0.3139951236219433,0.08120657345031952,gaussian_noise
learned_recurrent_error,2011_09_26/2011_09_26_drive_0011_sync,132,recovery,12,132,0000000132.png,3,1.047209613603341,0.947855193614259,0.1312304385534351,gaussian_noise
learned_recurrent_error,2011_09_26/2011_09_26_drive_0011_sync,132,recovery,12,132,0000000132.png,4,1.7858715648309393,1.6452840578939647,0.15016047647008796,gaussian_noise
learned_recurrent_error,2011_09_26/2011_09_26_drive_0011_sync,132,recovery,12,132,0000000132.png,5,1.2219304580024215,1.1747911548583982,0.13434445953508414,gaussian_noise
learned_recurrent_error,2011_09_26/2011_09_26_drive_0011_sync,133,recovery,13,133,0000000133.png,1,0.20165897676613526,0.154134381905701,0.02565608577455198,gaussian_noise
learned_recurrent_error,2011_09_26/2011_09_26_drive_0011_sync,133,recovery,13,133,0000000133.png,2,0.3830109007052459,0.31541504301013434,0.06670556293112764,gaussian_noise
learned_recurrent_error,2011_09_26/2011_09_26_drive_0011_sync,133,recovery,13,133,0000000133.png,3,1.0502994931235672,0.9544599808582542,0.11006112297770407,gaussian_noise
learned_recurrent_error,2011_09_26/2011_09_26_drive_0011_sync,133,recovery,13,133,0000000133.png,4,1.7942287189155395,1.6590995290771255,0.12876612942965224,gaussian_noise
learned_recurrent_error,2011_09_26/2011_09_26_drive_0011_sync,133,recovery,13,133,0000000133.png,5,1.2232872343840453,1.1783031661110566,0.1216132170140267,gaussian_noise
learned_recurrent_error,2011_09_26/2011_09_26_drive_0011_sync,134,recovery,14,134,0000000134.png,1,0.20283984602068475,0.15514142643110682,0.02103232110197803,gaussian_noise
learned_recurrent_error,2011_09_26/2011_09_26_drive_0011_sync,134,recovery,14,134,0000000134.png,2,0.3834216135345887,0.31703586235688874,0.05479451454796038,gaussian_noise
learned_recurrent_error,2011_09_26/2011_09_26_drive_0011_sync,134,recovery,14,134,0000000134.png,3,1.0541378460272575,0.9606853980581461,0.0920190349873802,gaussian_noise
learned_recurrent_error,2011_09_26/2011_09_26_drive_0011_sync,134,recovery,14,134,0000000134.png,4,1.8022939286570805,1.6724575135618183,0.11000073541517756,gaussian_noise
learned_recurrent_error,2011_09_26/2011_09_26_drive_0011_sync,134,recovery,14,134,0000000134.png,5,1.2245077642352498,1.1818832297285795,0.10896391834568059,gaussian_noise
learned_recurrent_error,2011_09_26/2011_09_26_drive_0011_sync,135,recovery,15,135,0000000135.png,1,0.20356725932794115,0.1557283225604847,0.017274853929048786,gaussian_noise
learned_recurrent_error,2011_09_26/2011_09_26_drive_0011_sync,135,recovery,15,135,0000000135.png,2,0.3843655242244719,0.31860701342141573,0.04502426596085757,gaussian_noise
learned_recurrent_error,2011_09_26/2011_09_26_drive_0011_sync,135,recovery,15,135,0000000135.png,3,1.057471604751189,0.9665648062037022,0.07683581366117634,gaussian_noise
learned_recurrent_error,2011_09_26/2011_09_26_drive_0011_sync,135,recovery,15,135,0000000135.png,4,1.809120498008826,1.6850810830565028,0.09383902100801558,gaussian_noise
learned_recurrent_error,2011_09_26/2011_09_26_drive_0011_sync,135,recovery,15,135,0000000135.png,5,1.225552062050515,1.18541019679263,0.09717537008555811,gaussian_noise
learned_recurrent_error,2011_09_26/2011_09_26_drive_0011_sync,136,recovery,16,136,0000000136.png,1,0.2131691266194161,0.15502079596632964,0.014401605475317913,gaussian_noise
learned_recurrent_error,2011_09_26/2011_09_26_drive_0011_sync,136,recovery,16,136,0000000136.png,2,0.37808213302021665,0.317305516176671,0.03743043837281194,gaussian_noise
learned_recurrent_error,2011_09_26/2011_09_26_drive_0011_sync,136,recovery,16,136,0000000136.png,3,1.045860136524508,0.9696360177999243,0.06455066658402567,gaussian_noise
learned_recurrent_error,2011_09_26/2011_09_26_drive_0011_sync,136,recovery,16,136,0000000136.png,4,1.8082572654838156,1.6958603116381588,0.08022221511123848,gaussian_noise
learned_recurrent_error,2011_09_26/2011_09_26_drive_0011_sync,136,recovery,16,136,0000000136.png,5,1.2255466159519082,1.188705240158528,0.08600059604492358,gaussian_noise
learned_recurrent_error,2011_09_26/2011_09_26_drive_0011_sync,137,recovery,17,137,0000000137.png,1,0.21414436016844482,0.15429246472164118,0.012046882722150628,gaussian_noise
learned_recurrent_error,2011_09_26/2011_09_26_drive_0011_sync,137,recovery,17,137,0000000137.png,2,0.3758793734050685,0.3137096485496345,0.03140614133301803,gaussian_noise
learned_recurrent_error,2011_09_26/2011_09_26_drive_0011_sync,137,recovery,17,137,0000000137.png,3,1.0238621085481172,0.9673754110510255,0.054521315581916925,gaussian_noise
learned_recurrent_error,2011_09_26/2011_09_26_drive_0011_sync,137,recovery,17,137,0000000137.png,4,1.7968891674249283,1.7028141519899211,0.06856486248433694,gaussian_noise
learned_recurrent_error,2011_09_26/2011_09_26_drive_0011_sync,137,recovery,17,137,0000000137.png,5,1.2229758403050865,1.1912509469164225,0.07521330158504724,gaussian_noise
learned_recurrent_error,2011_09_26/2011_09_26_drive_0011_sync,138,recovery,18,138,0000000138.png,1,0.2102400041031385,0.15424631735077823,0.009970659672661194,gaussian_noise
learned_recurrent_error,2011_09_26/2011_09_26_drive_0011_sync,138,recovery,18,138,0000000138.png,2,0.3746675817948078,0.31047859426656643,0.026211925621119094,gaussian_noise
learned_recurrent_error,2011_09_26/2011_09_26_drive_0011_sync,138,recovery,18,138,0000000138.png,3,1.0116026980167387,0.9617509388114042,0.045903165717295163,gaussian_noise
learned_recurrent_error,2011_09_26/2011_09_26_drive_0011_sync,138,recovery,18,138,0000000138.png,4,1.7845465335045596,1.7056308609732633,0.058407129719830995,gaussian_noise
learned_recurrent_error,2011_09_26/2011_09_26_drive_0011_sync,138,recovery,18,138,0000000138.png,5,1.2191619314297986,1.192780060122102,0.0653462037804973,gaussian_noise
learned_recurrent_error,2011_09_26/2011_09_26_drive_0011_sync,139,recovery,19,139,0000000139.png,1,0.2096182264222099,0.1545594107140243,0.008238202730279573,gaussian_noise
learned_recurrent_error,2011_09_26/2011_09_26_drive_0011_sync,139,recovery,19,139,0000000139.png,2,0.37071640759688856,0.3079058295153397,0.021753494558579632,gaussian_noise
learned_recurrent_error,2011_09_26/2011_09_26_drive_0011_sync,139,recovery,19,139,0000000139.png,3,1.0083537142512013,0.9557316785375485,0.03858625658668456,gaussian_noise
learned_recurrent_error,2011_09_26/2011_09_26_drive_0011_sync,139,recovery,19,139,0000000139.png,4,1.777111643898373,1.7057915080238861,0.04987010047838997,gaussian_noise
learned_recurrent_error,2011_09_26/2011_09_26_drive_0011_sync,139,recovery,19,139,0000000139.png,5,1.215776480473072,1.193431755784597,0.056630000336692174,gaussian_noise
learned_recurrent_error,2011_09_26/2011_09_26_drive_0011_sync,140,recovery,20,140,0000000140.png,1,0.2084652450367922,0.15402948054542537,0.0068288430050628315,gaussian_noise
learned_recurrent_error,2011_09_26/2011_09_26_drive_0011_sync,140,recovery,20,140,0000000140.png,2,0.3702691184595928,0.30579154703106093,0.018070082749284542,gaussian_noise
learned_recurrent_error,2011_09_26/2011_09_26_drive_0011_sync,140,recovery,20,140,0000000140.png,3,1.0066420279604706,0.9500012489431275,0.03246980213355595,gaussian_noise
learned_recurrent_error,2011_09_26/2011_09_26_drive_0011_sync,140,recovery,20,140,0000000140.png,4,1.771216219484321,1.7044212018231792,0.04256210921062618,gaussian_noise
learned_recurrent_error,2011_09_26/2011_09_26_drive_0011_sync,140,recovery,20,140,0000000140.png,5,1.2134335069588864,1.193516719464074,0.04916898427600288,gaussian_noise
learned_recurrent_error,2011_09_26/2011_09_26_drive_0011_sync,141,recovery,21,141,0000000141.png,1,0.20686826185871643,0.15405955356001821,0.005662915040259844,gaussian_noise
learned_recurrent_error,2011_09_26/2011_09_26_drive_0011_sync,141,recovery,21,141,0000000141.png,2,0.3711600956807606,0.30419392494340514,0.01498746084750977,gaussian_noise
learned_recurrent_error,2011_09_26/2011_09_26_drive_0011_sync,141,recovery,21,141,0000000141.png,3,1.0065484495155692,0.9450093913276796,0.02731691440036171,gaussian_noise
learned_recurrent_error,2011_09_26/2011_09_26_drive_0011_sync,141,recovery,21,141,0000000141.png,4,1.7667390584225722,1.7022681247873048,0.03623299548405462,gaussian_noise
learned_recurrent_error,2011_09_26/2011_09_26_drive_0011_sync,141,recovery,21,141,0000000141.png,5,1.2123023361273886,1.1934053239796762,0.0427788491458428,gaussian_noise
learned_recurrent_error,2011_09_26/2011_09_26_drive_0011_sync,142,recovery,22,142,0000000142.png,1,0.20838811348295092,0.15496344385569982,0.004688592228592345,gaussian_noise
learned_recurrent_error,2011_09_26/2011_09_26_drive_0011_sync,142,recovery,22,142,0000000142.png,2,0.3730625129995059,0.30357641835663973,0.01239884670057609,gaussian_noise
learned_recurrent_error,2011_09_26/2011_09_26_drive_0011_sync,142,recovery,22,142,0000000142.png,3,1.010010530264861,0.9416387677794874,0.022921587376024163,gaussian_noise
learned_recurrent_error,2011_09_26/2011_09_26_drive_0011_sync,142,recovery,22,142,0000000142.png,4,1.7658555216674565,1.7002370130355047,0.030803750790646598,gaussian_noise
learned_recurrent_error,2011_09_26/2011_09_26_drive_0011_sync,142,recovery,22,142,0000000142.png,5,1.212013291454661,1.193388156825686,0.03726806535179483,gaussian_noise
learned_recurrent_error,2011_09_26/2011_09_26_drive_0011_sync,143,recovery,23,143,0000000143.png,1,0.20660612036268766,0.15565278520725934,0.003886853825723087,gaussian_noise
learned_recurrent_error,2011_09_26/2011_09_26_drive_0011_sync,143,recovery,23,143,0000000143.png,2,0.37418174004607185,0.30365822875439136,0.01026513113514857,gaussian_noise
learned_recurrent_error,2011_09_26/2011_09_26_drive_0011_sync,143,recovery,23,143,0000000143.png,3,1.01427369990878,0.9398850218166175,0.01923775373642099,gaussian_noise
learned_recurrent_error,2011_09_26/2011_09_26_drive_0011_sync,143,recovery,23,143,0000000143.png,4,1.7682447565102866,1.6990867587895835,0.02616396574153789,gaussian_noise
learned_recurrent_error,2011_09_26/2011_09_26_drive_0011_sync,143,recovery,23,143,0000000143.png,5,1.2120238934081045,1.1935578848824573,0.03255724697930227,gaussian_noise
learned_recurrent_error,2011_09_26/2011_09_26_drive_0011_sync,144,recovery,24,144,0000000144.png,1,0.20578472668822861,0.15632279923566478,0.003225333734462556,gaussian_noise
learned_recurrent_error,2011_09_26/2011_09_26_drive_0011_sync,144,recovery,24,144,0000000144.png,2,0.3745562618195637,0.3038929759952597,0.008521482569436094,gaussian_noise
learned_recurrent_error,2011_09_26/2011_09_26_drive_0011_sync,144,recovery,24,144,0000000144.png,3,1.0177661108035434,0.93959996705514,0.01614844859188931,gaussian_noise
learned_recurrent_error,2011_09_26/2011_09_26_drive_0011_sync,144,recovery,24,144,0000000144.png,4,1.7716168787068793,1.6990115667912566,0.022230169750390636,gaussian_noise
learned_recurrent_error,2011_09_26/2011_09_26_drive_0011_sync,144,recovery,24,144,0000000144.png,5,1.2123883989327475,1.1939542891799133,0.028224790861258207,gaussian_noise
learned_recurrent_error,2011_09_26/2011_09_26_drive_0011_sync,145,recovery,25,145,0000000145.png,1,0.20499384567653872,0.15710915057898292,0.0026829399000165236,gaussian_noise
learned_recurrent_error,2011_09_26/2011_09_26_drive_0011_sync,145,recovery,25,145,0000000145.png,2,0.3759697053962515,0.3043218093607189,0.007084195239873537,gaussian_noise
learned_recurrent_error,2011_09_26/2011_09_26_drive_0011_sync,145,recovery,25,145,0000000145.png,3,1.0212112453761137,0.9402581973097541,0.013544418999501167,gaussian_noise
learned_recurrent_error,2011_09_26/2011_09_26_drive_0011_sync,145,recovery,25,145,0000000145.png,4,1.775249181310903,1.6998490436450373,0.018794294958789197,gaussian_noise
learned_recurrent_error,2011_09_26/2011_09_26_drive_0011_sync,145,recovery,25,145,0000000145.png,5,1.2132574238189042,1.1945833192342208,0.024383568451111528,gaussian_noise
learned_recurrent_error,2011_09_26/2011_09_26_drive_0011_sync,146,recovery,26,146,0000000146.png,1,0.2024561640138455,0.15734993765601196,0.0022380962047841364,gaussian_noise
learned_recurrent_error,2011_09_26/2011_09_26_drive_0011_sync,146,recovery,26,146,0000000146.png,2,0.37665700178231676,0.3052067655369329,0.005895931422454898,gaussian_noise
learned_recurrent_error,2011_09_26/2011_09_26_drive_0011_sync,146,recovery,26,146,0000000146.png,3,1.0261411180763156,0.9417728127244972,0.011365284533435613,gaussian_noise
learned_recurrent_error,2011_09_26/2011_09_26_drive_0011_sync,146,recovery,26,146,0000000146.png,4,1.7787486362543798,1.7013301448669174,0.015902365768112554,gaussian_noise
learned_recurrent_error,2011_09_26/2011_09_26_drive_0011_sync,146,recovery,26,146,0000000146.png,5,1.214992668925677,1.1954765846613389,0.020967434831167094,gaussian_noise
learned_recurrent_error,2011_09_26/2011_09_26_drive_0011_sync,147,recovery,27,147,0000000147.png,1,0.20050041663319917,0.15717620741856125,0.0018728438847053412,gaussian_noise
learned_recurrent_error,2011_09_26/2011_09_26_drive_0011_sync,147,recovery,27,147,0000000147.png,2,0.3765094123577297,0.30595320127531533,0.004914261220690749,gaussian_noise
learned_recurrent_error,2011_09_26/2011_09_26_drive_0011_sync,147,recovery,27,147,0000000147.png,3,1.0294427345253134,0.9436092486510717,0.009554422847967493,gaussian_noise
learned_recurrent_error,2011_09_26/2011_09_26_drive_0011_sync,147,recovery,27,147,0000000147.png,4,1.7821534405296584,1.7032613580996712,0.01348444270627306,gaussian_noise
learned_recurrent_error,2011_09_26/2011_09_26_drive_0011_sync,147,recovery,27,147,0000000147.png,5,1.217531553387222,1.196678749400739,0.01798402075739833,gaussian_noise
learned_recurrent_error,2011_09_26/2011_09_26_drive_0011_sync,148,recovery,28,148,0000000148.png,1,0.19946998047931178,0.15701422580911498,0.0015694420757357878,gaussian_noise
learned_recurrent_error,2011_09_26/2011_09_26_drive_0011_sync,148,recovery,28,148,0000000148.png,2,0.376411437661846,0.3068161165942,0.004101466132569699,gaussian_noise
learned_recurrent_error,2011_09_26/2011_09_26_drive_0011_sync,148,recovery,28,148,0000000148.png,3,1.0335759164148035,0.9458977074102978,0.008047033367979912,gaussian_noise
learned_recurrent_error,2011_09_26/2011_09_26_drive_0011_sync,148,recovery,28,148,0000000148.png,4,1.7851238034007666,1.7055496410816946,0.011436044890046286,gaussian_noise
learned_recurrent_error,2011_09_26/2011_09_26_drive_0011_sync,148,recovery,28,148,0000000148.png,5,1.2201494907497967,1.1981744659429436,0.015448861933762055,gaussian_noise
learned_recurrent_error,2011_09_26/2011_09_26_drive_0011_sync,149,recovery,29,149,0000000149.png,1,0.197345388309501,0.15693825973558148,0.0013177072560956566,gaussian_noise
learned_recurrent_error,2011_09_26/2011_09_26_drive_0011_sync,149,recovery,29,149,0000000149.png,2,0.3767743112658884,0.3077483441124503,0.0034296323029684404,gaussian_noise
learned_recurrent_error,2011_09_26/2011_09_26_drive_0011_sync,149,recovery,29,149,0000000149.png,3,1.0374016825595183,0.9486664721650596,0.0067741924336994904,gaussian_noise
learned_recurrent_error,2011_09_26/2011_09_26_drive_0011_sync,149,recovery,29,149,0000000149.png,4,1.7871882464913353,1.7079132744660763,0.009692261030205354,gaussian_noise
learned_recurrent_error,2011_09_26/2011_09_26_drive_0011_sync,149,recovery,29,149,0000000149.png,5,1.2222896966432528,1.1998386606971327,0.013292512536390183,gaussian_noise
learned_recurrent_error,2011_09_26/2011_09_26_drive_0011_sync,150,recovery,30,150,0000000150.png,1,0.19536613081836474,0.157124526215977,0.001105691506076909,gaussian_noise
learned_recurrent_error,2011_09_26/2011_09_26_drive_0011_sync,150,recovery,30,150,0000000150.png,2,0.37789861833241395,0.3091491795718152,0.0028730816478994402,gaussian_noise
learned_recurrent_error,2011_09_26/2011_09_26_drive_0011_sync,150,recovery,30,150,0000000150.png,3,1.0430222669683793,0.952155140197783,0.005683098824598028,gaussian_noise
learned_recurrent_error,2011_09_26/2011_09_26_drive_0011_sync,150,recovery,30,150,0000000150.png,4,1.7920159652001733,1.7107124352629126,0.008200501223059022,gaussian_noise
learned_recurrent_error,2011_09_26/2011_09_26_drive_0011_sync,150,recovery,30,150,0000000150.png,5,1.2242438878058535,1.2015330799916886,0.011378740842824453,gaussian_noise
learned_recurrent_error,2011_09_26/2011_09_26_drive_0011_sync,151,recovery,31,151,0000000151.png,1,0.198030204321632,0.15779999369101042,0.0009297534882625281,gaussian_noise
learned_recurrent_error,2011_09_26/2011_09_26_drive_0011_sync,151,recovery,31,151,0000000151.png,2,0.3799186106658764,0.31106221812303897,0.002412010101719108,gaussian_noise
learned_recurrent_error,2011_09_26/2011_09_26_drive_0011_sync,151,recovery,31,151,0000000151.png,3,1.0483448344418969,0.9564245322232172,0.00476931834173117,gaussian_noise
learned_recurrent_error,2011_09_26/2011_09_26_drive_0011_sync,151,recovery,31,151,0000000151.png,4,1.7973766450533442,1.714095568287351,0.006943624534642589,gaussian_noise
learned_recurrent_error,2011_09_26/2011_09_26_drive_0011_sync,151,recovery,31,151,0000000151.png,5,1.225934777666719,1.2031798918060272,0.009673405938242915,gaussian_noise
learned_recurrent_error,2011_09_26/2011_09_26_drive_0011_sync,152,recovery,32,152,0000000152.png,1,0.2002752969235087,0.15812765961583092,0.0007845574091684578,gaussian_noise
learned_recurrent_error,2011_09_26/2011_09_26_drive_0011_sync,152,recovery,32,152,0000000152.png,2,0.38007895484905396,0.31264945635070507,0.002036531551658644,gaussian_noise
learned_recurrent_error,2011_09_26/2011_09_26_drive_0011_sync,152,recovery,32,152,0000000152.png,3,1.0512503097692465,0.9611040211846383,0.004015011885607923,gaussian_noise
learned_recurrent_error,2011_09_26/2011_09_26_drive_0011_sync,152,recovery,32,152,0000000152.png,4,1.8009378362379802,1.7179163341108488,0.005898643794046288,gaussian_noise
learned_recurrent_error,2011_09_26/2011_09_26_drive_0011_sync,152,recovery,32,152,0000000152.png,5,1.227004199586612,1.2047100806597293,0.00823050746820673,gaussian_noise
learned_recurrent_error,2011_09_26/2011_09_26_drive_0011_sync,153,recovery,33,153,0000000153.png,1,0.2020258386271625,0.1587767723431559,0.000659785278247827,gaussian_noise
learned_recurrent_error,2011_09_26/2011_09_26_drive_0011_sync,153,recovery,33,153,0000000153.png,2,0.38471668398829756,0.31471088221738464,0.0017211523560307872,gaussian_noise
learned_recurrent_error,2011_09_26/2011_09_26_drive_0011_sync,153,recovery,33,153,0000000153.png,3,1.0555898701056743,0.965906155854994,0.003391243733901823,gaussian_noise
learned_recurrent_error,2011_09_26/2011_09_26_drive_0011_sync,153,recovery,33,153,0000000153.png,4,1.804857137856237,1.722084983653061,0.005012007548468262,gaussian_noise
learned_recurrent_error,2011_09_26/2011_09_26_drive_0011_sync,153,recovery,33,153,0000000153.png,5,1.2278439149181126,1.2061502506965371,0.007010906164351158,gaussian_noise
learned_recurrent_error,2011_09_26/2011_09_26_drive_0011_sync,154,recovery,34,154,0000000154.png,1,0.20438096496833108,0.15954169845365906,0.0005572551531021528,gaussian_noise
learned_recurrent_error,2011_09_26/2011_09_26_drive_0011_sync,154,recovery,34,154,0000000154.png,2,0.38707182358937675,0.31679031068213026,0.0014595877865527405,gaussian_noise
learned_recurrent_error,2011_09_26/2011_09_26_drive_0011_sync,154,recovery,34,154,0000000154.png,3,1.0591098318780348,0.9704912743646743,0.0028745528466580105,gaussian_noise
learned_recurrent_error,2011_09_26/2011_09_26_drive_0011_sync,154,recovery,34,154,0000000154.png,4,1.808614705962403,1.7265359793269939,0.0042567619119480244,gaussian_noise
learned_recurrent_error,2011_09_26/2011_09_26_drive_0011_sync,154,recovery,34,154,0000000154.png,5,1.2277666027560896,1.2074501131176052,0.005989078909221211,gaussian_noise
learned_recurrent_error,2011_09_26/2011_09_26_drive_0011_sync,155,recovery,35,155,0000000155.png,1,0.20597827740941085,0.16029119293367527,0.0004713390124951782,gaussian_noise
learned_recurrent_error,2011_09_26/2011_09_26_drive_0011_sync,155,recovery,35,155,0000000155.png,2,0.388893365874533,0.3186434261234571,0.0012445433082913398,gaussian_noise
learned_recurrent_error,2011_09_26/2011_09_26_drive_0011_sync,155,recovery,35,155,0000000155.png,3,1.0625851835443796,0.9746513112489923,0.0024389340599456637,gaussian_noise
learned_recurrent_error,2011_09_26/2011_09_26_drive_0011_sync,155,recovery,35,155,0000000155.png,4,1.810450177606226,1.7306754854115733,0.003618293836964187,gaussian_noise
learned_recurrent_error,2011_09_26/2011_09_26_drive_0011_sync,155,recovery,35,155,0000000155.png,5,1.226921980260979,1.2084763374475553,0.0051204606479600115,gaussian_noise
learned_recurrent_error,2011_09_26/2011_09_26_drive_0011_sync,156,recovery,36,156,0000000156.png,1,0.2062350736857404,0.16063026895162355,0.00040014359333005603,gaussian_noise
learned_recurrent_error,2011_09_26/2011_09_26_drive_0011_sync,156,recovery,36,156,0000000156.png,2,0.3891752880963147,0.3201272876522802,0.0010644098422718652,gaussian_noise
learned_recurrent_error,2011_09_26/2011_09_26_drive_0011_sync,156,recovery,36,156,0000000156.png,3,1.0660205444552162,0.9785028209883055,0.002074041523252532,gaussian_noise
learned_recurrent_error,2011_09_26/2011_09_26_drive_0011_sync,156,recovery,36,156,0000000156.png,4,1.8117460071347622,1.7341313572275603,0.003087759068990919,gaussian_noise
learned_recurrent_error,2011_09_26/2011_09_26_drive_0011_sync,156,recovery,36,156,0000000156.png,5,1.2259075194752898,1.2090810073312601,0.004387980029764353,gaussian_noise
learned_recurrent_error,2011_09_26/2011_09_26_drive_0011_sync,157,recovery,37,157,0000000157.png,1,0.20711777687979938,0.16045449028567677,0.00034101135030855306,gaussian_noise
learned_recurrent_error,2011_09_26/2011_09_26_drive_0011_sync,157,recovery,37,157,0000000157.png,2,0.3875049192344267,0.3210835586770058,0.0009156548333018501,gaussian_noise
learned_recurrent_error,2011_09_26/2011_09_26_drive_0011_sync,157,recovery,37,157,0000000157.png,3,1.0681265032740312,0.9822872806316,0.0017648495283427987,gaussian_noise
learned_recurrent_error,2011_09_26/2011_09_26_drive_0011_sync,157,recovery,37,157,0000000157.png,4,1.8137044856110804,1.7371514398574963,0.0026331723240122255,gaussian_noise
learned_recurrent_error,2011_09_26/2011_09_26_drive_0011_sync,157,recovery,37,157,0000000157.png,5,1.2257225482646497,1.2093761180320473,0.0037493451311093285,gaussian_noise
learned_recurrent_error,2011_09_26/2011_09_26_drive_0011_sync,158,recovery,38,158,0000000158.png,1,0.204033132753729,0.1602416578168975,0.0002911296662810805,gaussian_noise
learned_recurrent_error,2011_09_26/2011_09_26_drive_0011_sync,158,recovery,38,158,0000000158.png,2,0.3895165167104389,0.32217064936732553,0.0007901171994644817,gaussian_noise
learned_recurrent_error,2011_09_26/2011_09_26_drive_0011_sync,158,recovery,38,158,0000000158.png,3,1.0706676083735411,0.9860178340936574,0.0015036750314379934,gaussian_noise
learned_recurrent_error,2011_09_26/2011_09_26_drive_0011_sync,158,recovery,38,158,0000000158.png,4,1.816668934581614,1.7400723280432984,0.0022387346999078353,gaussian_noise
learned_recurrent_error,2011_09_26/2011_09_26_drive_0011_sync,158,recovery,38,158,0000000158.png,5,1.2263163815265739,1.2095954579097559,0.0031971415277248696,gaussian_noise
learned_recurrent_error,2011_09_26/2011_09_26_drive_0011_sync,159,recovery,39,159,0000000159.png,1,0.19903595479563016,0.16041489461611594,0.00024838053725236453,gaussian_noise
learned_recurrent_error,2011_09_26/2011_09_26_drive_0011_sync,159,recovery,39,159,0000000159.png,2,0.39184648076457357,0.3243577223356082,0.0006824161432685039,gaussian_noise
learned_recurrent_error,2011_09_26/2011_09_26_drive_0011_sync,159,recovery,39,159,0000000159.png,3,1.0786114295980247,0.9906656836873612,0.0012763927468739755,gaussian_noise
learned_recurrent_error,2011_09_26/2011_09_26_drive_0011_sync,159,recovery,39,159,0000000159.png,4,1.8238461040120022,1.7437537573333795,0.0018945310166723025,gaussian_noise
learned_recurrent_error,2011_09_26/2011_09_26_drive_0011_sync,159,recovery,39,159,0000000159.png,5,1.227954409365835,1.2100290363763926,0.0027463755944671783,gaussian_noise
learned_recurrent_error,2011_09_26/2011_09_26_drive_0039_sync,0,baseline,0,0,0000000000.png,1,0.20366454407166953,0.04215856113884068,0.0,gaussian_noise
learned_recurrent_error,2011_09_26/2011_09_26_drive_0039_sync,0,baseline,0,0,0000000000.png,2,0.36660373346580954,0.075886973657803,0.0,gaussian_noise
learned_recurrent_error,2011_09_26/2011_09_26_drive_0039_sync,0,baseline,0,0,0000000000.png,3,1.0972595117285782,0.22713272142496113,0.0,gaussian_noise
learned_recurrent_error,2011_09_26/2011_09_26_drive_0039_sync,0,baseline,0,0,0000000000.png,4,2.001075275587881,0.41422258656455496,0.0,gaussian_noise
learned_recurrent_error,2011_09_26/2011_09_26_drive_0039_sync,0,baseline,0,0,0000000000.png,5,1.315916916477997,0.27239480472311756,0.0,gaussian_noise
learned_recurrent_error,2011_09_26/2011_09_26_drive_0039_sync,1,baseline,1,1,0000000001.png,1,0.2286173481540268,0.06113644988234037,0.0,gaussian_noise
learned_recurrent_error,2011_09_26/2011_09_26_drive_0039_sync,1,baseline,1,1,0000000001.png,2,0.3551095267043106,0.12379064275848997,0.0,gaussian_noise
learned_recurrent_error,2011_09_26/2011_09_26_drive_0039_sync,1,baseline,1,1,0000000001.png,3,0.9395405181193187,0.3647787966652087,0.0,gaussian_noise
learned_recurrent_error,2011_09_26/2011_09_26_drive_0039_sync,1,baseline,1,1,0000000001.png,4,1.7856528175570783,0.6845005058778794,0.0,gaussian_noise
learned_recurrent_error,2011_09_26/2011_09_26_drive_0039_sync,1,baseline,1,1,0000000001.png,5,1.1479460539406603,0.44612984718815435,0.0,gaussian_noise
learned_recurrent_error,2011_09_26/2011_09_26_drive_0039_sync,2,baseline,2,2,0000000002.png,1,0.24701663132568769,0.07927553284981724,0.0,gaussian_noise
learned_recurrent_error,2011_09_26/2011_09_26_drive_0039_sync,2,baseline,2,2,0000000002.png,2,0.3668255291598574,0.1611122526988005,0.0,gaussian_noise
learned_recurrent_error,2011_09_26/2011_09_26_drive_0039_sync,2,baseline,2,2,0000000002.png,3,0.8716852397441591,0.4528501606761553,0.0,gaussian_noise
learned_recurrent_error,2011_09_26/2011_09_26_drive_0039_sync,2,baseline,2,2,0000000002.png,4,1.6747919642588904,0.8668259141882092,0.0,gaussian_noise
learned_recurrent_error,2011_09_26/2011_09_26_drive_0039_sync,2,baseline,2,2,0000000002.png,5,1.0735671546115426,0.5619944884290499,0.0,gaussian_noise
learned_recurrent_error,2011_09_26/2011_09_26_drive_0039_sync,3,baseline,3,3,0000000003.png,1,0.26298540048246993,0.09375711039482984,0.0,gaussian_noise
learned_recurrent_error,2011_09_26/2011_09_26_drive_0039_sync,3,baseline,3,3,0000000003.png,2,0.36779499650287234,0.18922196542773842,0.0,gaussian_noise
learned_recurrent_error,2011_09_26/2011_09_26_drive_0039_sync,3,baseline,3,3,0000000003.png,3,0.8232319595896989,0.5086331293003398,0.0,gaussian_noise
learned_recurrent_error,2011_09_26/2011_09_26_drive_0039_sync,3,baseline,3,3,0000000003.png,4,1.5700216338787256,0.9842893923300409,0.0,gaussian_noise
learned_recurrent_error,2011_09_26/2011_09_26_drive_0039_sync,3,baseline,3,3,0000000003.png,5,1.0166380962603236,0.6376522128880439,0.0,gaussian_noise
learned_recurrent_error,2011_09_26/2011_09_26_drive_0039_sync,4,baseline,4,4,0000000004.png,1,0.26876564284063315,0.10257808276920538,0.0,gaussian_noise
learned_recurrent_error,2011_09_26/2011_09_26_drive_0039_sync,4,baseline,4,4,0000000004.png,2,0.36002256185993636,0.20838739914447665,0.0,gaussian_noise
learned_recurrent_error,2011_09_26/2011_09_26_drive_0039_sync,4,baseline,4,4,0000000004.png,3,0.7828527452973776,0.5421697752424316,0.0,gaussian_noise
learned_recurrent_error,2011_09_26/2011_09_26_drive_0039_sync,4,baseline,4,4,0000000004.png,4,1.4632421987004864,1.0512688383487334,0.0,gaussian_noise
learned_recurrent_error,2011_09_26/2011_09_26_drive_0039_sync,4,baseline,4,4,0000000004.png,5,0.9649877205224159,0.6840097176905301,0.0,gaussian_noise
learned_recurrent_error,2011_09_26/2011_09_26_drive_0039_sync,5,baseline,5,5,0000000005.png,1,0.2668608352287325,0.10566104614257349,0.0,gaussian_noise
learned_recurrent_error,2011_09_26/2011_09_26_drive_0039_sync,5,baseline,5,5,0000000005.png,2,0.35320903279063215,0.22078665755630333,0.0,gaussian_noise
learned_recurrent_error,2011_09_26/2011_09_26_drive_0039_sync,5,baseline,5,5,0000000005.png,3,0.7456175429948904,0.560037367370624,0.0,gaussian_noise
learned_recurrent_error,2011_09_26/2011_09_26_drive_0039_sync,5,baseline,5,5,0000000005.png,4,1.3651716622764876,1.0811571095123942,0.0,gaussian_noise
learned_recurrent_error,2011_09_26/2011_09_26_drive_0039_sync,5,baseline,5,5,0000000005.png,5,0.921640607695308,0.7096241667940579,0.0,gaussian_noise
learned_recurrent_error,2011_09_26/2011_09_26_drive_0039_sync,6,baseline,6,6,0000000006.png,1,0.27311228691753625,0.10667871697576949,0.0,gaussian_noise
learned_recurrent_error,2011_09_26/2011_09_26_drive_0039_sync,6,baseline,6,6,0000000006.png,2,0.34892010545972474,0.22813726586501168,0.0,gaussian_noise
learned_recurrent_error,2011_09_26/2011_09_26_drive_0039_sync,6,baseline,6,6,0000000006.png,3,0.7124091835393959,0.5665673175873774,0.0,gaussian_noise
learned_recurrent_error,2011_09_26/2011_09_26_drive_0039_sync,6,baseline,6,6,0000000006.png,4,1.2806660119104742,1.085149028662448,0.0,gaussian_noise
learned_recurrent_error,2011_09_26/2011_09_26_drive_0039_sync,6,baseline,6,6,0000000006.png,5,0.8940577648059301,0.7222417562607837,0.0,gaussian_noise
learned_recurrent_error,2011_09_26/2011_09_26_drive_0039_sync,7,baseline,7,7,0000000007.png,1,0.2737318924117097,0.10683355312179584,0.0,gaussian_noise
learned_recurrent_error,2011_09_26/2011_09_26_drive_0039_sync,7,baseline,7,7,0000000007.png,2,0.3421393823621603,0.23139490522542064,0.0,gaussian_noise
learned_recurrent_error,2011_09_26/2011_09_26_drive_0039_sync,7,baseline,7,7,0000000007.png,3,0.6823548323411018,0.5652275138393871,0.0,gaussian_noise
learned_recurrent_error,2011_09_26/2011_09_26_drive_0039_sync,7,baseline,7,7,0000000007.png,4,1.2141208869834275,1.072418336355346,0.0,gaussian_noise
learned_recurrent_error,2011_09_26/2011_09_26_drive_0039_sync,7,baseline,7,7,0000000007.png,5,0.8854639098583598,0.7281620632850011,0.0,gaussian_noise
learned_recurrent_error,2011_09_26/2011_09_26_drive_0039_sync,8,baseline,8,8,0000000008.png,1,0.2632769834513085,0.10532041835661832,0.0,gaussian_noise
learned_recurrent_error,2011_09_26/2011_09_26_drive_0039_sync,8,baseline,8,8,0000000008.png,2,0.33479622654578683,0.23237197078227212,0.0,gaussian_noise
learned_recurrent_error,2011_09_26/2011_09_26_drive_0039_sync,8,baseline,8,8,0000000008.png,3,0.6588199989323905,0.5594631969855896,0.0,gaussian_noise
learned_recurrent_error,2011_09_26/2011_09_26_drive_0039_sync,8,baseline,8,8,0000000008.png,4,1.1684422488017285,1.0517045910785001,0.0,gaussian_noise
learned_recurrent_error,2011_09_26/2011_09_26_drive_0039_sync,8,baseline,8,8,0000000008.png,5,0.8957343808512409,0.7334168593551209,0.0,gaussian_noise
learned_recurrent_error,2011_09_26/2011_09_26_drive_0039_sync,9,baseline,9,9,0000000009.png,1,0.25953880710032223,0.10092881941069773,0.0,gaussian_noise
learned_recurrent_error,2011_09_26/2011_09_26_drive_0039_sync,9,baseline,9,9,0000000009.png,2,0.3295367833409414,0.23220919070336762,0.0,gaussian_noise
learned_recurrent_error,2011_09_26/2011_09_26_drive_0039_sync,9,baseline,9,9,0000000009.png,3,0.6418419077419735,0.5517451168667122,0.0,gaussian_noise
learned_recurrent_error,2011_09_26/2011_09_26_drive_0039_sync,9,baseline,9,9,0000000009.png,4,1.1395822089596046,1.0293796261849668,0.0,gaussian_noise
learned_recurrent_error,2011_09_26/2011_09_26_drive_0039_sync,9,baseline,9,9,0000000009.png,5,0.9195373323815116,0.7424601218561026,0.0,gaussian_noise
learned_recurrent_error,2011_09_26/2011_09_26_drive_0039_sync,10,baseline,10,10,0000000010.png,1,0.2627947976760453,0.09586932203353213,0.0,gaussian_noise
learned_recurrent_error,2011_09_26/2011_09_26_drive_0039_sync,10,baseline,10,10,0000000010.png,2,0.32442376841478915,0.23142108863329555,0.0,gaussian_noise
learned_recurrent_error,2011_09_26/2011_09_26_drive_0039_sync,10,baseline,10,10,0000000010.png,3,0.6326664235805007,0.544157561463452,0.0,gaussian_noise
learned_recurrent_error,2011_09_26/2011_09_26_drive_0039_sync,10,baseline,10,10,0000000010.png,4,1.126979263683698,1.0104756299791213,0.0,gaussian_noise
learned_recurrent_error,2011_09_26/2011_09_26_drive_0039_sync,10,baseline,10,10,0000000010.png,5,0.9513785389301814,0.7578024980354707,0.0,gaussian_noise
learned_recurrent_error,2011_09_26/2011_09_26_drive_0039_sync,11,baseline,11,11,0000000011.png,1,0.2642290483220333,0.09261778101107326,0.0,gaussian_noise
learned_recurrent_error,2011_09_26/2011_09_26_drive_0039_sync,11,baseline,11,11,0000000011.png,2,0.31847232037730955,0.22971839422025386,0.0,gaussian_noise
learned_recurrent_error,2011_09_26/2011_09_26_drive_0039_sync,11,baseline,11,11,0000000011.png,3,0.6278048808050589,0.5380770112119124,0.0,gaussian_noise
learned_recurrent_error,2011_09_26/2011_09_26_drive_0039_sync,11,baseline,11,11,0000000011.png,4,1.1278608738789215,0.9984453450257984,0.0,gaussian_noise
learned_recurrent_error,2011_09_26/2011_09_26_drive_0039_sync,11,baseline,11,11,0000000011.png,5,0.983221024991352,0.7794962863355047,0.0,gaussian_noise
learned_recurrent_error,2011_09_26/2011_09_26_drive_0039_sync,12,baseline,12,12,0000000012.png,1,0.2693861847972466,0.09213493013206091,0.0,gaussian_noise
learned_recurrent_error,2011_09_26/2011_09_26_drive_0039_sync,12,baseline,12,12,0000000012.png,2,0.3150361155502495,0.2275164371775366,0.0,gaussian_noise
learned_recurrent_error,2011_09_26/2011_09_26_drive_0039_sync,12,baseline,12,12,0000000012.png,3,0.6227337864678761,0.5335085089560343,0.0,gaussian_noise
learned_recurrent_error,2011_09_26/2011_09_26_drive_0039_sync,12,baseline,12,12,0000000012.png,4,1.139185950415428,0.9952509243322282,0.0,gaussian_noise
learned_recurrent_error,2011_09_26/2011_09_26_drive_0039_sync,12,baseline,12,12,0000000012.png,5,1.0082330634204149,0.8057070131981966,0.0,gaussian_noise
learned_recurrent_error,2011_09_26/2011_09_26_drive_0039_sync,13,baseline,13,13,0000000013.png,1,0.25841369100649386,0.09311203629886326,0.0,gaussian_noise
learned_recurrent_error,2011_09_26/2011_09_26_drive_0039_sync,13,baseline,13,13,0000000013.png,2,0.31176292020920293,0.22531097351110593,0.0,gaussian_noise
learned_recurrent_error,2011_09_26/2011_09_26_drive_0039_sync,13,baseline,13,13,0000000013.png,3,0.6204125097995028,0.5304564773261699,0.0,gaussian_noise
learned_recurrent_error,2011_09_26/2011_09_26_drive_0039_sync,13,baseline,13,13,0000000013.png,4,1.1549356796843668,1.0003997368680084,0.0,gaussian_noise
learned_recurrent_error,2011_09_26/2011_09_26_drive_0039_sync,13,baseline,13,13,0000000013.png,5,1.0250558864947004,0.8338635531821434,0.0,gaussian_noise
learned_recurrent_error,2011_09_26/2011_09_26_drive_0039_sync,14,baseline,14,14,0000000014.png,1,0.25040588560266674,0.0948292668291561,0.0,gaussian_noise
learned_recurrent_error,2011_09_26/2011_09_26_drive_0039_sync,14,baseline,14,14,0000000014.png,2,0.3103546677046823,0.223498677636719,0.0,gaussian_noise
learned_recurrent_error,2011_09_26/2011_09_26_drive_0039_sync,14,baseline,14,14,0000000014.png,3,0.6190344410493716,0.5287379954072507,0.0,gaussian_noise
learned_recurrent_error,2011_09_26/2011_09_26_drive_0039_sync,14,baseline,14,14,0000000014.png,4,1.168875684373697,1.0117594882512884,0.0,gaussian_noise
learned_recurrent_error,2011_09_26/2011_09_26_drive_0039_sync,14,baseline,14,14,0000000014.png,5,1.035301784415051,0.861642915824352,0.0,gaussian_noise
learned_recurrent_error,2011_09_26/2011_09_26_drive_0039_sync,15,baseline,15,15,0000000015.png,1,0.24802145922208793,0.0950893533639785,0.0,gaussian_noise
learned_recurrent_error,2011_09_26/2011_09_26_drive_0039_sync,15,baseline,15,15,0000000015.png,2,0.30775210831380345,0.2219394250436463,0.0,gaussian_noise
learned_recurrent_error,2011_09_26/2011_09_26_drive_0039_sync,15,baseline,15,15,0000000015.png,3,0.619518922458892,0.5281657231067286,0.0,gaussian_noise
learned_recurrent_error,2011_09_26/2011_09_26_drive_0039_sync,15,baseline,15,15,0000000015.png,4,1.180592936983168,1.0267069562621929,0.0,gaussian_noise
learned_recurrent_error,2011_09_26/2011_09_26_drive_0039_sync,15,baseline,15,15,0000000015.png,5,1.0409770394376823,0.8874560909234925,0.0,gaussian_noise
learned_recurrent_error,2011_09_26/2011_09_26_drive_0039_sync,16,baseline,16,16,0000000016.png,1,0.24671501807374197,0.09618118214549365,0.0,gaussian_noise
learned_recurrent_error,2011_09_26/2011_09_26_drive_0039_sync,16,baseline,16,16,0000000016.png,2,0.3053880025870342,0.22031432838259524,0.0,gaussian_noise
learned_recurrent_error,2011_09_26/2011_09_26_drive_0039_sync,16,baseline,16,16,0000000016.png,3,0.6207983146199375,0.5285063349441971,0.0,gaussian_noise
learned_recurrent_error,2011_09_26/2011_09_26_drive_0039_sync,16,baseline,16,16,0000000016.png,4,1.1916630975318565,1.0432945852133533,0.0,gaussian_noise
learned_recurrent_error,2011_09_26/2011_09_26_drive_0039_sync,16,baseline,16,16,0000000016.png,5,1.0428923711183549,0.910287544205277,0.0,gaussian_noise
learned_recurrent_error,2011_09_26/2011_09_26_drive_0039_sync,17,baseline,17,17,0000000017.png,1,0.23420555301521612,0.09658398322914141,0.0,gaussian_noise
learned_recurrent_error,2011_09_26/2011_09_26_drive_0039_sync,17,baseline,17,17,0000000017.png,2,0.3027729260084597,0.21859850034655393,0.0,gaussian_noise
learned_recurrent_error,2011_09_26/2011_09_26_drive_0039_sync,17,baseline,17,17,0000000017.png,3,0.6218436741112849,0.5294415006189501,0.0,gaussian_noise
learned_recurrent_error,2011_09_26/2011_09_26_drive_0039_sync,17,baseline,17,17,0000000017.png,4,1.2023436703019263,1.0604400265506382,0.0,gaussian_noise
learned_recurrent_error,2011_09_26/2011_09_26_drive_0039_sync,17,baseline,17,17,0000000017.png,5,1.0428305550291832,0.929781881801612,0.0,gaussian_noise
learned_recurrent_error,2011_09_26/2011_09_26_drive_0039_sync,18,baseline,18,18,0000000018.png,1,0.22420275818473825,0.09655698425335399,0.0,gaussian_noise
learned_recurrent_error,2011_09_26/2011_09_26_drive_0039_sync,18,baseline,18,18,0000000018.png,2,0.30148686770435396,0.21711793101733093,0.0,gaussian_noise
learned_recurrent_error,2011_09_26/2011_09_26_drive_0039_sync,18,baseline,18,18,0000000018.png,3,0.6230353284063515,0.5309056140038806,0.0,gaussian_noise
learned_recurrent_error,2011_09_26/2011_09_26_drive_0039_sync,18,baseline,18,18,0000000018.png,4,1.2130151490816745,1.077316926810498,0.0,gaussian_noise
learned_recurrent_error,2011_09_26/2011_09_26_drive_0039_sync,18,baseline,18,18,0000000018.png,5,1.0419129306860648,0.9459887474946215,0.0,gaussian_noise
learned_recurrent_error,2011_09_26/2011_09_26_drive_0039_sync,19,baseline,19,19,0000000019.png,1,0.2124344109546659,0.09644425489661573,0.0,gaussian_noise
learned_recurrent_error,2011_09_26/2011_09_26_drive_0039_sync,19,baseline,19,19,0000000019.png,2,0.29825474641490113,0.21588082177435183,0.0,gaussian_noise
learned_recurrent_error,2011_09_26/2011_09_26_drive_0039_sync,19,baseline,19,19,0000000019.png,3,0.6231337092789677,0.5325122313738372,0.0,gaussian_noise
learned_recurrent_error,2011_09_26/2011_09_26_drive_0039_sync,19,baseline,19,19,0000000019.png,4,1.2243334699122608,1.0936652566510798,0.0,gaussian_noise
learned_recurrent_error,2011_09_26/2011_09_26_drive_0039_sync,19,baseline,19,19,0000000019.png,5,1.042095369046007,0.9595101762070942,0.0,gaussian_noise
learned_recurrent_error,2011_09_26/2011_09_26_drive_0039_sync,20,baseline,20,20,0000000020.png,1,0.20011433343840807,0.09602732978400873,0.0,gaussian_noise
learned_recurrent_error,2011_09_26/2011_09_26_drive_0039_sync,20,baseline,20,20,0000000020.png,2,0.29605440405165956,0.21495457151835917,0.0,gaussian_noise
learned_recurrent_error,2011_09_26/2011_09_26_drive_0039_sync,20,baseline,20,20,0000000020.png,3,0.6266191247792323,0.534512331591065,0.0,gaussian_noise
learned_recurrent_error,2011_09_26/2011_09_26_drive_0039_sync,20,baseline,20,20,0000000020.png,4,1.2363639470803052,1.109328000375506,0.0,gaussian_noise
learned_recurrent_error,2011_09_26/2011_09_26_drive_0039_sync,20,baseline,20,20,0000000020.png,5,1.0436027081996881,0.9710247457308692,0.0,gaussian_noise
learned_recurrent_error,2011_09_26/2011_09_26_drive_0039_sync,21,baseline,21,21,0000000021.png,1,0.1942029061823776,0.0946951756171353,0.0,gaussian_noise
learned_recurrent_error,2011_09_26/2011_09_26_drive_0039_sync,21,baseline,21,21,0000000021.png,2,0.29125043964326197,0.2139899195174892,0.0,gaussian_noise
learned_recurrent_error,2011_09_26/2011_09_26_drive_0039_sync,21,baseline,21,21,0000000021.png,3,0.6336112895680627,0.5373519927694513,0.0,gaussian_noise
learned_recurrent_error,2011_09_26/2011_09_26_drive_0039_sync,21,baseline,21,21,0000000021.png,4,1.2500484675856764,1.1243199529359909,0.0,gaussian_noise
learned_recurrent_error,2011_09_26/2011_09_26_drive_0039_sync,21,baseline,21,21,0000000021.png,5,1.0462748483313513,0.9810803930504556,0.0,gaussian_noise
learned_recurrent_error,2011_09_26/2011_09_26_drive_0039_sync,22,baseline,22,22,0000000022.png,1,0.19004448164189225,0.09356652206029323,0.0,gaussian_noise
learned_recurrent_error,2011_09_26/2011_09_26_drive_0039_sync,22,baseline,22,22,0000000022.png,2,0.2885863060630762,0.2130799217806938,0.0,gaussian_noise
learned_recurrent_error,2011_09_26/2011_09_26_drive_0039_sync,22,baseline,22,22,0000000022.png,3,0.6468861192411786,0.541512975647723,0.0,gaussian_noise
learned_recurrent_error,2011_09_26/2011_09_26_drive_0039_sync,22,baseline,22,22,0000000022.png,4,1.2667896492342752,1.1388215310410073,0.0,gaussian_noise
learned_recurrent_error,2011_09_26/2011_09_26_drive_0039_sync,22,baseline,22,22,0000000022.png,5,1.0498846090019496,0.9899977146727278,0.0,gaussian_noise
learned_recurrent_error,2011_09_26/2011_09_26_drive_0039_sync,23,baseline,23,23,0000000023.png,1,0.19405736175739566,0.09350964836301787,0.0,gaussian_noise
learned_recurrent_error,2011_09_26/2011_09_26_drive_0039_sync,23,baseline,23,23,0000000023.png,2,0.2864524216261757,0.21234707136979034,0.0,gaussian_noise
learned_recurrent_error,2011_09_26/2011_09_26_drive_0039_sync,23,baseline,23,23,0000000023.png,3,0.6659581935594543,0.547865313139311,0.0,gaussian_noise
learned_recurrent_error,2011_09_26/2011_09_26_drive_0039_sync,23,baseline,23,23,0000000023.png,4,1.2891083117732005,1.1535031320226543,0.0,gaussian_noise
learned_recurrent_error,2011_09_26/2011_09_26_drive_0039_sync,23,baseline,23,23,0000000023.png,5,1.0543820069018086,0.9979348118410799,0.0,gaussian_noise
learned_recurrent_error,2011_09_26/2011_09_26_drive_0039_sync,24,baseline,24,24,0000000024.png,1,0.18993290686787395,0.09441815120538657,0.0,gaussian_noise
learned_recurrent_error,2011_09_26/2011_09_26_drive_0039_sync,24,baseline,24,24,0000000024.png,2,0.28365282361981076,0.21177981921177474,0.0,gaussian_noise
learned_recurrent_error,2011_09_26/2011_09_26_drive_0039_sync,24,baseline,24,24,0000000024.png,3,0.6827818570105757,0.5565325032724544,0.0,gaussian_noise
learned_recurrent_error,2011_09_26/2011_09_26_drive_0039_sync,24,baseline,24,24,0000000024.png,4,1.3149889564095312,1.1690443813913338,0.0,gaussian_noise
learned_recurrent_error,2011_09_26/2011_09_26_drive_0039_sync,24,baseline,24,24,0000000024.png,5,1.0593413157064917,1.004791433319787,0.0,gaussian_noise
learned_recurrent_error,2011_09_26/2011_09_26_drive_0039_sync,25,baseline,25,25,0000000025.png,1,0.1881993535704037,0.0955048356577544,0.0,gaussian_noise
learned_recurrent_error,2011_09_26/2011_09_26_drive_0039_sync,25,baseline,25,25,0000000025.png,2,0.2808810532731836,0.2108789965434698,0.0,gaussian_noise
learned_recurrent_error,2011_09_26/2011_09_26_drive_0039_sync,25,baseline,25,25,0000000025.png,3,0.6933603854628345,0.566272575002724,0.0,gaussian_noise
learned_recurrent_error,2011_09_26/2011_09_26_drive_0039_sync,25,baseline,25,25,0000000025.png,4,1.3392948416479116,1.185724910237523,0.0,gaussian_noise
learned_recurrent_error,2011_09_26/2011_09_26_drive_0039_sync,25,baseline,25,25,0000000025.png,5,1.0647106414445247,1.0107205797044434,0.0,gaussian_noise
learned_recurrent_error,2011_09_26/2011_09_26_drive_0039_sync,26,baseline,26,26,0000000026.png,1,0.1733129641193843,0.09629523241036854,0.0,gaussian_noise
learned_recurrent_error,2011_09_26/2011_09_26_drive_0039_sync,26,baseline,26,26,0000000026.png,2,0.2815244768791179,0.21053624949265243,0.0,gaussian_noise
learned_recurrent_error,2011_09_26/2011_09_26_drive_0039_sync,26,baseline,26,26,0000000026.png,3,0.7119937057202755,0.577536238991364,0.0,gaussian_noise
learned_recurrent_error,2011_09_26/2011_09_26_drive_0039_sync,26,baseline,26,26,0000000026.png,4,1.364101342923237,1.2032426969250953,0.0,gaussian_noise
learned_recurrent_error,2011_09_26/2011_09_26_drive_0039_sync,26,baseline,26,26,0000000026.png,5,1.070612459165348,1.0159868256580178,0.0,gaussian_noise
learned_recurrent_error,2011_09_26/2011_09_26_drive_0039_sync,27,baseline,27,27,0000000027.png,1,0.17048586506490337,0.0954991698842915,0.0,gaussian_noise
learned_recurrent_error,2011_09_26/2011_09_26_drive_0039_sync,27,baseline,27,27,0000000027.png,2,0.27787479034101686,0.20968637505592802,0.0,gaussian_noise
learned_recurrent_error,2011_09_26/2011_09_26_drive_0039_sync,27,baseline,27,27,0000000027.png,3,0.7193617100033012,0.5897540817095723,0.0,gaussian_noise
learned_recurrent_error,2011_09_26/2011_09_26_drive_0039_sync,27,baseline,27,27,0000000027.png,4,1.3891655296751169,1.2219686492998934,0.0,gaussian_noise
learned_recurrent_error,2011_09_26/2011_09_26_drive_0039_sync,27,baseline,27,27,0000000027.png,5,1.0761100257779994,1.0209498665602819,0.0,gaussian_noise
learned_recurrent_error,2011_09_26/2011_09_26_drive_0039_sync,28,baseline,28,28,0000000028.png,1,0.1678648312306818,0.09346271678328956,0.0,gaussian_noise
learned_recurrent_error,2011_09_26/2011_09_26_drive_0039_sync,28,baseline,28,28,0000000028.png,2,0.2810158053715068,0.20886265070283982,0.0,gaussian_noise
learned_recurrent_error,2011_09_26/2011_09_26_drive_0039_sync,28,baseline,28,28,0000000028.png,3,0.7138642849830981,0.5995929331474861,0.0,gaussian_noise
learned_recurrent_error,2011_09_26/2011_09_26_drive_0039_sync,28,baseline,28,28,0000000028.png,4,1.403035682567723,1.2410551246170936,0.0,gaussian_noise
learned_recurrent_error,2011_09_26/2011_09_26_drive_0039_sync,28,baseline,28,28,0000000028.png,5,1.0798223004292127,1.0259004597571288,0.0,gaussian_noise
learned_recurrent_error,2011_09_26/2011_09_26_drive_0039_sync,29,baseline,29,29,0000000029.png,1,0.16642767618431883,0.09174039964067487,0.0,gaussian_noise
learned_recurrent_error,2011_09_26/2011_09_26_drive_0039_sync,29,baseline,29,29,0000000029.png,2,0.28357479730151103,0.20843825771488989,0.0,gaussian_noise
learned_recurrent_error,2011_09_26/2011_09_26_drive_0039_sync,29,baseline,29,29,0000000029.png,3,0.7069318734705777,0.6055836743571779,0.0,gaussian_noise
learned_recurrent_error,2011_09_26/2011_09_26_drive_0039_sync,29,baseline,29,29,0000000029.png,4,1.4033386558560612,1.2579255743882511,0.0,gaussian_noise
learned_recurrent_error,2011_09_26/2011_09_26_drive_0039_sync,29,baseline,29,29,0000000029.png,5,1.0816396811447877,1.0308968669733414,0.0,gaussian_noise
learned_recurrent_error,2011_09_26/2011_09_26_drive_0039_sync,30,baseline,30,30,0000000030.png,1,0.16460231790920066,0.0906817806644145,0.0,gaussian_noise
learned_recurrent_error,2011_09_26/2011_09_26_drive_0039_sync,30,baseline,30,30,0000000030.png,2,0.2848399489230606,0.20850073585541062,0.0,gaussian_noise
learned_recurrent_error,2011_09_26/2011_09_26_drive_0039_sync,30,baseline,30,30,0000000030.png,3,0.7049396469604328,0.6088330033403816,0.0,gaussian_noise
learned_recurrent_error,2011_09_26/2011_09_26_drive_0039_sync,30,baseline,30,30,0000000030.png,4,1.398027041677326,1.2708361706505622,0.0,gaussian_noise
learned_recurrent_error,2011_09_26/2011_09_26_drive_0039_sync,30,baseline,30,30,0000000030.png,5,1.083098094995955,1.0358956647002344,0.0,gaussian_noise
learned_recurrent_error,2011_09_26/2011_09_26_drive_0039_sync,31,baseline,31,31,0000000031.png,1,0.1718084994827703,0.08978383413385989,0.0,gaussian_noise
learned_recurrent_error,2011_09_26/2011_09_26_drive_0039_sync,31,baseline,31,31,0000000031.png,2,0.2835348883227385,0.20853583996390557,0.0,gaussian_noise
learned_recurrent_error,2011_09_26/2011_09_26_drive_0039_sync,31,baseline,31,31,0000000031.png,3,0.704944187509254,0.6108805584202598,0.0,gaussian_noise
learned_recurrent_error,2011_09_26/2011_09_26_drive_0039_sync,31,baseline,31,31,0000000031.png,4,1.3942653668795695,1.2798381826004666,0.0,gaussian_noise
learned_recurrent_error,2011_09_26/2011_09_26_drive_0039_sync,31,baseline,31,31,0000000031.png,5,1.0850058059500032,1.0408280405948285,0.0,gaussian_noise
learned_recurrent_error,2011_09_26/2011_09_26_drive_0039_sync,32,baseline,32,32,0000000032.png,1,0.17653590222255455,0.08875952128595312,0.0,gaussian_noise
learned_recurrent_error,2011_09_26/2011_09_26_drive_0039_sync,32,baseline,32,32,0000000032.png,2,0.2839285543942689,0.20835045012019168,0.0,gaussian_noise
learned_recurrent_error,2011_09_26/2011_09_26_drive_0039_sync,32,baseline,32,32,0000000032.png,3,0.7023982212347626,0.6121511600295831,0.0,gaussian_noise
learned_recurrent_error,2011_09_26/2011_09_26_drive_0039_sync,32,baseline,32,32,0000000032.png,4,1.3924709727022415,1.2859710955442676,0.0,gaussian_noise
learned_recurrent_error,2011_09_26/2011_09_26_drive_0039_sync,32,baseline,32,32,0000000032.png,5,1.0871712619272842,1.0455729372544764,0.0,gaussian_noise
learned_recurrent_error,2011_09_26/2011_09_26_drive_0039_sync,33,baseline,33,33,0000000033.png,1,0.1852914565161338,0.08783947356238293,0.0,gaussian_noise
learned_recurrent_error,2011_09_26/2011_09_26_drive_0039_sync,33,baseline,33,33,0000000033.png,2,0.2869652356696777,0.20854853041718624,0.0,gaussian_noise
learned_recurrent_error,2011_09_26/2011_09_26_drive_0039_sync,33,baseline,33,33,0000000033.png,3,0.6955138049563337,0.6121058749335772,0.0,gaussian_noise
learned_recurrent_error,2011_09_26/2011_09_26_drive_0039_sync,33,baseline,33,33,0000000033.png,4,1.3881111773261434,1.2896973316880507,0.0,gaussian_noise
learned_recurrent_error,2011_09_26/2011_09_26_drive_0039_sync,33,baseline,33,33,0000000033.png,5,1.0887449842101324,1.0499534553169114,0.0,gaussian_noise
learned_recurrent_error,2011_09_26/2011_09_26_drive_0039_sync,34,baseline,34,34,0000000034.png,1,0.18590040055077736,0.08719449910684056,0.0,gaussian_noise
learned_recurrent_error,2011_09_26/2011_09_26_drive_0039_sync,34,baseline,34,34,0000000034.png,2,0.2878287269900493,0.20916574421448225,0.0,gaussian_noise
learned_recurrent_error,2011_09_26/2011_09_26_drive_0039_sync,34,baseline,34,34,0000000034.png,3,0.68935361000012,0.6109837983113824,0.0,gaussian_noise
learned_recurrent_error,2011_09_26/2011_09_26_drive_0039_sync,34,baseline,34,34,0000000034.png,4,1.3820667850573471,1.291303722985378,0.0,gaussian_noise
learned_recurrent_error,2011_09_26/2011_09_26_drive_0039_sync,34,baseline,34,34,0000000034.png,5,1.0891427996297116,1.0537392352896149,0.0,gaussian_noise
learned_recurrent_error,2011_09_26/2011_09_26_drive_0039_sync,35,baseline,35,35,0000000035.png,1,0.18899340004781545,0.08799840013971337,0.0,gaussian_noise
learned_recurrent_error,2011_09_26/2011_09_26_drive_0039_sync,35,baseline,35,35,0000000035.png,2,0.28885903001106755,0.209765106305039,0.0,gaussian_noise
learned_recurrent_error,2011_09_26/2011_09_26_drive_0039_sync,35,baseline,35,35,0000000035.png,3,0.6824684188593524,0.6085682127075519,0.0,gaussian_noise
learned_recurrent_error,2011_09_26/2011_09_26_drive_0039_sync,35,baseline,35,35,0000000035.png,4,1.3753049001449948,1.2911057015378218,0.0,gaussian_noise
learned_recurrent_error,2011_09_26/2011_09_26_drive_0039_sync,35,baseline,35,35,0000000035.png,5,1.0889737460671118,1.0568564934989828,0.0,gaussian_noise
learned_recurrent_error,2011_09_26/2011_09_26_drive_0039_sync,36,baseline,36,36,0000000036.png,1,0.19203950761308003,0.08949584556536541,0.0,gaussian_noise
learned_recurrent_error,2011_09_26/2011_09_26_drive_0039_sync,36,baseline,36,36,0000000036.png,2,0.2917252902235446,0.2105769050603917,0.0,gaussian_noise
learned_recurrent_error,2011_09_26/2011_09_26_drive_0039_sync,36,baseline,36,36,0000000036.png,3,0.677206542386916,0.604996218302941,0.0,gaussian_noise
learned_recurrent_error,2011_09_26/2011_09_26_drive_0039_sync,36,baseline,36,36,0000000036.png,4,1.3684040014073022,1.2894097501485797,0.0,gaussian_noise
learned_recurrent_error,2011_09_26/2011_09_26_drive_0039_sync,36,baseline,36,36,0000000036.png,5,1.0886282180262283,1.0593191933982358,0.0,gaussian_noise
learned_recurrent_error,2011_09_26/2011_09_26_drive_0039_sync,37,baseline,37,37,0000000037.png,1,0.19089188455580314,0.09093452918349838,0.0,gaussian_noise
learned_recurrent_error,2011_09_26/2011_09_26_drive_0039_sync,37,baseline,37,37,0000000037.png,2,0.2929293627757526,0.21143838292772502,0.0,gaussian_noise
learned_recurrent_error,2011_09_26/2011_09_26_drive_0039_sync,37,baseline,37,37,0000000037.png,3,0.6748570317168564,0.6011533672777657,0.0,gaussian_noise
learned_recurrent_error,2011_09_26/2011_09_26_drive_0039_sync,37,baseline,37,37,0000000037.png,4,1.362273844412373,1.2864654070561985,0.0,gaussian_noise
learned_recurrent_error,2011_09_26/2011_09_26_drive_0039_sync,37,baseline,37,37,0000000037.png,5,1.0885410917555849,1.0612474330216821,0.0,gaussian_noise
learned_recurrent_error,2011_09_26/2011_09_26_drive_0039_sync,38,baseline,38,38,0000000038.png,1,0.18486914691549788,0.0924142621996915,0.0,gaussian_noise
learned_recurrent_error,2011_09_26/2011_09_26_drive_0039_sync,38,baseline,38,38,0000000038.png,2,0.29453418983045804,0.21267888131831197,0.0,gaussian_noise
learned_recurrent_error,2011_09_26/2011_09_26_drive_0039_sync,38,baseline,38,38,0000000038.png,3,0.6802790570814091,0.5983660999077272,0.0,gaussian_noise
learned_recurrent_error,2011_09_26/2011_09_26_drive_0039_sync,38,baseline,38,38,0000000038.png,4,1.3591548316015643,1.2827896645056804,0.0,gaussian_noise
learned_recurrent_error,2011_09_26/2011_09_26_drive_0039_sync,38,baseline,38,38,0000000038.png,5,1.088633599060226,1.0626979990039402,0.0,gaussian_noise
learned_recurrent_error,2011_09_26/2011_09_26_drive_0039_sync,39,baseline,39,39,0000000039.png,1,0.18648982998407443,0.09455526127946196,0.0,gaussian_noise
learned_recurrent_error,2011_09_26/2011_09_26_drive_0039_sync,39,baseline,39,39,0000000039.png,2,0.29494212213420595,0.21409290171648349,0.0,gaussian_noise
learned_recurrent_error,2011_09_26/2011_09_26_drive_0039_sync,39,baseline,39,39,0000000039.png,3,0.6902973307645567,0.5975382735017192,0.0,gaussian_noise
learned_recurrent_error,2011_09_26/2011_09_26_drive_0039_sync,39,baseline,39,39,0000000039.png,4,1.3627252302550596,1.279642155516201,0.0,gaussian_noise
learned_recurrent_error,2011_09_26/2011_09_26_drive_0039_sync,39,baseline,39,39,0000000039.png,5,1.088776997507406,1.0637813759606995,0.0,gaussian_noise
learned_recurrent_error,2011_09_26/2011_09_26_drive_0039_sync,40,disturbance,0,40,0000000040.png,1,0.33986252947708445,0.11309829392933418,0.30082913688002255,gaussian_noise
learned_recurrent_error,2011_09_26/2011_09_26_drive_0039_sync,40,disturbance,0,40,0000000040.png,2,0.3534238561774086,0.21841167070645404,0.22711403470730163,gaussian_noise
learned_recurrent_error,2011_09_26/2011_09_26_drive_0039_sync,40,disturbance,0,40,0000000040.png,3,0.6890805866764214,0.5931370154419721,0.07974667817249408,gaussian_noise
learned_recurrent_error,2011_09_26/2011_09_26_drive_0039_sync,40,disturbance,0,40,0000000040.png,4,1.3540184293186694,1.2757776844458535,0.0334504810000475,gaussian_noise
learned_recurrent_error,2011_09_26/2011_09_26_drive_0039_sync,40,disturbance,0,40,0000000040.png,5,1.085304725957203,1.0639258068408055,0.01112738708045139,gaussian_noise
learned_recurrent_error,2011_09_26/2011_09_26_drive_0039_sync,41,disturbance,1,41,0000000041.png,1,0.34185270880672086,0.12538874636873015,0.3751260843303417,gaussian_noise
learned_recurrent_error,2011_09_26/2011_09_26_drive_0039_sync,41,disturbance,1,41,0000000041.png,2,0.37667759598289113,0.22612921939278727,0.35232457539278816,gaussian_noise
learned_recurrent_error,2011_09_26/2011_09_26_drive_0039_sync,41,disturbance,1,41,0000000041.png,3,0.7192315890719447,0.5921146742758607,0.16396282892255595,gaussian_noise
learned_recurrent_error,2011_09_26/2011_09_26_drive_0039_sync,41,disturbance,1,41,0000000041.png,4,1.3528859457028848,1.2716059449200707,0.08320163695015598,gaussian_noise
learned_recurrent_error,2011_09_26/2011_09_26_drive_0039_sync,41,disturbance,1,41,0000000041.png,5,1.0800915465556358,1.0625956047190377,0.03260906572928008,gaussian_noise
learned_recurrent_error,2011_09_26/2011_09_26_drive_0039_sync,42,disturbance,2,42,0000000042.png,1,0.3400281656816207,0.13409620095264216,0.41755466778685657,gaussian_noise
learned_recurrent_error,2011_09_26/2011_09_26_drive_0039_sync,42,disturbance,2,42,0000000042.png,2,0.39036876044826657,0.23575757929074356,0.4342827065436838,gaussian_noise
learned_recurrent_error,2011_09_26/2011_09_26_drive_0039_sync,42,disturbance,2,42,0000000042.png,3,0.7576591468769164,0.5988125318963021,0.24088558772833085,gaussian_noise
learned_recurrent_error,2011_09_26/2011_09_26_drive_0039_sync,42,disturbance,2,42,0000000042.png,4,1.3632374209754279,1.2689774922670076,0.13767449217702626,gaussian_noise
learned_recurrent_error,2011_09_26/2011_09_26_drive_0039_sync,42,disturbance,2,42,0000000042.png,5,1.0759312090124762,1.0598756744729187,0.05994512409583154,gaussian_noise
learned_recurrent_error,2011_09_26/2011_09_26_drive_0039_sync,43,disturbance,3,43,0000000043.png,1,0.34263915469782297,0.1402072192226069,0.44622848589834485,gaussian_noise
learned_recurrent_error,2011_09_26/2011_09_26_drive_0039_sync,43,disturbance,3,43,0000000043.png,2,0.3978774992352481,0.2453323978468498,0.48761818025493636,gaussian_noise
learned_recurrent_error,2011_09_26/2011_09_26_drive_0039_sync,43,disturbance,3,43,0000000043.png,3,0.7922857897688693,0.6133267675612327,0.3068467629544146,gaussian_noise
learned_recurrent_error,2011_09_26/2011_09_26_drive_0039_sync,43,disturbance,3,43,0000000043.png,4,1.3837426649413254,1.2701314371260597,0.19034085014976238,gaussian_noise
learned_recurrent_error,2011_09_26/2011_09_26_drive_0039_sync,43,disturbance,3,43,0000000043.png,5,1.075019552566809,1.0565584301645894,0.08744364454418445,gaussian_noise
learned_recurrent_error,2011_09_26/2011_09_26_drive_0039_sync,44,disturbance,4,44,0000000044.png,1,0.3506133741836097,0.14531077573602616,0.4745867695026061,gaussian_noise
learned_recurrent_error,2011_09_26/2011_09_26_drive_0039_sync,44,disturbance,4,44,0000000044.png,2,0.4039587515465594,0.25338287882798594,0.5299260880892476,gaussian_noise
learned_recurrent_error,2011_09_26/2011_09_26_drive_0039_sync,44,disturbance,4,44,0000000044.png,3,0.8107247195089599,0.6317218166225669,0.3621092962334888,gaussian_noise
learned_recurrent_error,2011_09_26/2011_09_26_drive_0039_sync,44,disturbance,4,44,0000000044.png,4,1.4029498802856124,1.2757283290562724,0.23814751771015308,gaussian_noise
learned_recurrent_error,2011_09_26/2011_09_26_drive_0039_sync,44,disturbance,4,44,0000000044.png,5,1.0763161301639848,1.0534849427669248,0.11436090288616922,gaussian_noise
learned_recurrent_error,2011_09_26/2011_09_26_drive_0039_sync,45,disturbance,5,45,0000000045.png,1,0.35666732206733137,0.15048145352593445,0.4960539679338246,gaussian_noise
learned_recurrent_error,2011_09_26/2011_09_26_drive_0039_sync,45,disturbance,5,45,0000000045.png,2,0.41102566535608787,0.26059427784909484,0.5652308677450856,gaussian_noise
learned_recurrent_error,2011_09_26/2011_09_26_drive_0039_sync,45,disturbance,5,45,0000000045.png,3,0.8203857019319623,0.650122791105822,0.4070030273102339,gaussian_noise
learned_recurrent_error,2011_09_26/2011_09_26_drive_0039_sync,45,disturbance,5,45,0000000045.png,4,1.4138036817150288,1.2842518596336614,0.27845958423410383,gaussian_noise
learned_recurrent_error,2011_09_26/2011_09_26_drive_0039_sync,45,disturbance,5,45,0000000045.png,5,1.0782409534963922,1.051226921596118,0.13926317146851597,gaussian_noise
learned_recurrent_error,2011_09_26/2011_09_26_drive_0039_sync,46,disturbance,6,46,0000000046.png,1,0.3540665448474494,0.15471474334858276,0.509333319833128,gaussian_noise
learned_recurrent_error,2011_09_26/2011_09_26_drive_0039_sync,46,disturbance,6,46,0000000046.png,2,0.4149206169043238,0.26748884592839633,0.5909078958280412,gaussian_noise
learned_recurrent_error,2011_09_26/2011_09_26_drive_0039_sync,46,disturbance,6,46,0000000046.png,3,0.8350198233865226,0.6683063436665603,0.4446249362318976,gaussian_noise
learned_recurrent_error,2011_09_26/2011_09_26_drive_0039_sync,46,disturbance,6,46,0000000046.png,4,1.423979051527867,1.2944236922709835,0.31173278139259153,gaussian_noise
learned_recurrent_error,2011_09_26/2011_09_26_drive_0039_sync,46,disturbance,6,46,0000000046.png,5,1.081058892427109,1.0500939185659828,0.16184386505564186,gaussian_noise
learned_recurrent_error,2011_09_26/2011_09_26_drive_0039_sync,47,disturbance,7,47,0000000047.png,1,0.3649262188554158,0.15790736766892308,0.5264373397892109,gaussian_noise
learned_recurrent_error,2011_09_26/2011_09_26_drive_0039_sync,47,disturbance,7,47,0000000047.png,2,0.4180673531227664,0.2731020469188441,0.6167051815640355,gaussian_noise
learned_recurrent_error,2011_09_26/2011_09_26_drive_0039_sync,47,disturbance,7,47,0000000047.png,3,0.8396833725404305,0.685473872789273,0.47620378919891304,gaussian_noise
learned_recurrent_error,2011_09_26/2011_09_26_drive_0039_sync,47,disturbance,7,47,0000000047.png,4,1.4293070748641765,1.3054438735271685,0.3398007760314807,gaussian_noise
learned_recurrent_error,2011_09_26/2011_09_26_drive_0039_sync,47,disturbance,7,47,0000000047.png,5,1.084542128488617,1.0503033912812398,0.18397724396104917,gaussian_noise
learned_recurrent_error,2011_09_26/2011_09_26_drive_0039_sync,48,disturbance,8,48,0000000048.png,1,0.3679475491698187,0.1614634195206149,0.5421995499325027,gaussian_noise
learned_recurrent_error,2011_09_26/2011_09_26_drive_0039_sync,48,disturbance,8,48,0000000048.png,2,0.42053894253598706,0.27752392018203537,0.6410772754886694,gaussian_noise
learned_recurrent_error,2011_09_26/2011_09_26_drive_0039_sync,48,disturbance,8,48,0000000048.png,3,0.8401359003992789,0.6998544391826023,0.5023234754027835,gaussian_noise
learned_recurrent_error,2011_09_26/2011_09_26_drive_0039_sync,48,disturbance,8,48,0000000048.png,4,1.4266226836636051,1.3153759957701672,0.36203050481627824,gaussian_noise
learned_recurrent_error,2011_09_26/2011_09_26_drive_0039_sync,48,disturbance,8,48,0000000048.png,5,1.0868230439206483,1.0515926230034993,0.20414585821435188,gaussian_noise
learned_recurrent_error,2011_09_26/2011_09_26_drive_0039_sync,49,disturbance,9,49,0000000049.png,1,0.3626979086113518,0.164670747720164,0.5509783461386338,gaussian_noise
learned_recurrent_error,2011_09_26/2011_09_26_drive_0039_sync,49,disturbance,9,49,0000000049.png,2,0.4222732078733977,0.28123980461709513,0.659877035223121,gaussian_noise
learned_recurrent_error,2011_09_26/2011_09_26_drive_0039_sync,49,disturbance,9,49,0000000049.png,3,0.8475047348436225,0.7120311741889381,0.5243343398106028,gaussian_noise
learned_recurrent_error,2011_09_26/2011_09_26_drive_0039_sync,49,disturbance,9,49,0000000049.png,4,1.4213365051487559,1.3228224496217817,0.3800342549153051,gaussian_noise
learned_recurrent_error,2011_09_26/2011_09_26_drive_0039_sync,49,disturbance,9,49,0000000049.png,5,1.087071177206225,1.0533321211341964,0.2209705955885091,gaussian_noise
learned_recurrent_error,2011_09_26/2011_09_26_drive_0039_sync,50,disturbance,10,50,0000000050.png,1,0.3630266610813135,0.16683468977353616,0.5586618685184415,gaussian_noise
learned_recurrent_error,2011_09_26/2011_09_26_drive_0039_sync,50,disturbance,10,50,0000000050.png,2,0.4187057380752174,0.28391568015988217,0.6725401853368076,gaussian_noise
learned_recurrent_error,2011_09_26/2011_09_26_drive_0039_sync,50,disturbance,10,50,0000000050.png,3,0.8526807739445866,0.7229797418312066,0.5425693622323223,gaussian_noise
learned_recurrent_error,2011_09_26/2011_09_26_drive_0039_sync,50,disturbance,10,50,0000000050.png,4,1.4218064617424269,1.328573366200027,0.3956579228313342,gaussian_noise
learned_recurrent_error,2011_09_26/2011_09_26_drive_0039_sync,50,disturbance,10,50,0000000050.png,5,1.0866852994093479,1.0550815369153028,0.234517147098711,gaussian_noise
learned_recurrent_error,2011_09_26/2011_09_26_drive_0039_sync,51,disturbance,11,51,0000000051.png,1,0.3599316029752182,0.1679776600188343,0.5642012795604703,gaussian_noise
learned_recurrent_error,2011_09_26/2011_09_26_drive_0039_sync,51,disturbance,11,51,0000000051.png,2,0.4167725650736701,0.2856747338098664,0.6814611089495807,gaussian_noise
learned_recurrent_error,2011_09_26/2011_09_26_drive_0039_sync,51,disturbance,11,51,0000000051.png,3,0.853812385868051,0.7327658627926408,0.5574919022365542,gaussian_noise
learned_recurrent_error,2011_09_26/2011_09_26_drive_0039_sync,51,disturbance,11,51,0000000051.png,4,1.427076681179479,1.3341971752472952,0.40940070627902514,gaussian_noise
learned_recurrent_error,2011_09_26/2011_09_26_drive_0039_sync,51,disturbance,11,51,0000000051.png,5,1.0863466862514435,1.056695686288408,0.246304583758932,gaussian_noise
learned_recurrent_error,2011_09_26/2011_09_26_drive_0039_sync,52,disturbance,12,52,0000000052.png,1,0.35754946028058293,0.1678020048547117,0.5696038551934409,gaussian_noise
learned_recurrent_error,2011_09_26/2011_09_26_drive_0039_sync,52,disturbance,12,52,0000000052.png,2,0.4169184450705379,0.2869266227311382,0.6889136364915334,gaussian_noise
learned_recurrent_error,2011_09_26/2011_09_26_drive_0039_sync,52,disturbance,12,52,0000000052.png,3,0.855267252102894,0.7413493896115066,0.5684154263110258,gaussian_noise
learned_recurrent_error,2011_09_26/2011_09_26_drive_0039_sync,52,disturbance,12,52,0000000052.png,4,1.4328288715282573,1.3404245211427595,0.4195721589335029,gaussian_noise
learned_recurrent_error,2011_09_26/2011_09_26_drive_0039_sync,52,disturbance,12,52,0000000052.png,5,1.0863781452399819,1.0581946139262608,0.2571021920286715,gaussian_noise
learned_recurrent_error,2011_09_26/2011_09_26_drive_0039_sync,53,disturbance,13,53,0000000053.png,1,0.356238429897225,0.1680106147409572,0.5712732144431424,gaussian_noise
learned_recurrent_error,2011_09_26/2011_09_26_drive_0039_sync,53,disturbance,13,53,0000000053.png,2,0.4178864112624223,0.28803366046614054,0.693542421930953,gaussian_noise
learned_recurrent_error,2011_09_26/2011_09_26_drive_0039_sync,53,disturbance,13,53,0000000053.png,3,0.8598068982811663,0.7489427460802585,0.5758443714371775,gaussian_noise
learned_recurrent_error,2011_09_26/2011_09_26_drive_0039_sync,53,disturbance,13,53,0000000053.png,4,1.4387121702148393,1.3473658633453165,0.42749577330396715,gaussian_noise
learned_recurrent_error,2011_09_26/2011_09_26_drive_0039_sync,53,disturbance,13,53,0000000053.png,5,1.0871940082457563,1.0597657394622868,0.2666248511228166,gaussian_noise
learned_recurrent_error,2011_09_26/2011_09_26_drive_0039_sync,54,disturbance,14,54,0000000054.png,1,0.3531179911751585,0.16861317904286321,0.5674736773042197,gaussian_noise
learned_recurrent_error,2011_09_26/2011_09_26_drive_0039_sync,54,disturbance,14,54,0000000054.png,2,0.41758596587601615,0.2889030203666153,0.6924494919707052,gaussian_noise
learned_recurrent_error,2011_09_26/2011_09_26_drive_0039_sync,54,disturbance,14,54,0000000054.png,3,0.8692378298693799,0.7565464010560562,0.5816237955985816,gaussian_noise
learned_recurrent_error,2011_09_26/2011_09_26_drive_0039_sync,54,disturbance,14,54,0000000054.png,4,1.4467996564133316,1.3550492249343664,0.4344363371988024,gaussian_noise
learned_recurrent_error,2011_09_26/2011_09_26_drive_0039_sync,54,disturbance,14,54,0000000054.png,5,1.0897866509158312,1.061773911747951,0.27516432671760527,gaussian_noise
learned_recurrent_error,2011_09_26/2011_09_26_drive_0039_sync,55,disturbance,15,55,0000000055.png,1,0.34888232954047543,0.168766686435514,0.5658591417883982,gaussian_noise
learned_recurrent_error,2011_09_26/2011_09_26_drive_0039_sync,55,disturbance,15,55,0000000055.png,2,0.41787189521252904,0.2897551701474693,0.6898565946721722,gaussian_noise
learned_recurrent_error,2011_09_26/2011_09_26_drive_0039_sync,55,disturbance,15,55,0000000055.png,3,0.8823967078025218,0.7651140893535189,0.5865708610760727,gaussian_noise
learned_recurrent_error,2011_09_26/2011_09_26_drive_0039_sync,55,disturbance,15,55,0000000055.png,4,1.4580237188579224,1.3634886169396114,0.43996308780761006,gaussian_noise
learned_recurrent_error,2011_09_26/2011_09_26_drive_0039_sync,55,disturbance,15,55,0000000055.png,5,1.0937863503142982,1.0643973187756552,0.2819279447984729,gaussian_noise
learned_recurrent_error,2011_09_26/2011_09_26_drive_0039_sync,56,disturbance,16,56,0000000056.png,1,0.34869416074669257,0.16827808984717654,0.5620582040678751,gaussian_noise
learned_recurrent_error,2011_09_26/2011_09_26_drive_0039_sync,56,disturbance,16,56,0000000056.png,2,0.4173953114823338,0.29053555263719527,0.6847899279530261,gaussian_noise
learned_recurrent_error,2011_09_26/2011_09_26_drive_0039_sync,56,disturbance,16,56,0000000056.png,3,0.8939694333125704,0.7744322920109432,0.5903345724710748,gaussian_noise
learned_recurrent_error,2011_09_26/2011_09_26_drive_0039_sync,56,disturbance,16,56,0000000056.png,4,1.4707553440287169,1.372639461644817,0.4451585466943522,gaussian_noise
learned_recurrent_error,2011_09_26/2011_09_26_drive_0039_sync,56,disturbance,16,56,0000000056.png,5,1.0981741727460053,1.0675200517994552,0.2865558522902827,gaussian_noise
learned_recurrent_error,2011_09_26/2011_09_26_drive_0039_sync,57,disturbance,17,57,0000000057.png,1,0.3485793955305841,0.16854552292414338,0.5618138427795466,gaussian_noise
learned_recurrent_error,2011_09_26/2011_09_26_drive_0039_sync,57,disturbance,17,57,0000000057.png,2,0.418836305797993,0.29147160661858534,0.6816562963733244,gaussian_noise
learned_recurrent_error,2011_09_26/2011_09_26_drive_0039_sync,57,disturbance,17,57,0000000057.png,3,0.9032727332492111,0.7841831834024641,0.5927711980834549,gaussian_noise
learned_recurrent_error,2011_09_26/2011_09_26_drive_0039_sync,57,disturbance,17,57,0000000057.png,4,1.4844090954547675,1.3825327281093327,0.45059775741088787,gaussian_noise
learned_recurrent_error,2011_09_26/2011_09_26_drive_0039_sync,57,disturbance,17,57,0000000057.png,5,1.1029398859558324,1.071008367697232,0.2904337208773015,gaussian_noise
learned_recurrent_error,2011_09_26/2011_09_26_drive_0039_sync,58,disturbance,18,58,0000000058.png,1,0.35135248516763,0.16853996643930422,0.5657608820296732,gaussian_noise
learned_recurrent_error,2011_09_26/2011_09_26_drive_0039_sync,58,disturbance,18,58,0000000058.png,2,0.41682183727571565,0.29184158615599964,0.6852542959190653,gaussian_noise
learned_recurrent_error,2011_09_26/2011_09_26_drive_0039_sync,58,disturbance,18,58,0000000058.png,3,0.9040424487244914,0.7929251264281383,0.5959158601921026,gaussian_noise
learned_recurrent_error,2011_09_26/2011_09_26_drive_0039_sync,58,disturbance,18,58,0000000058.png,4,1.4952863297631693,1.3930191332162607,0.4556095406291789,gaussian_noise
learned_recurrent_error,2011_09_26/2011_09_26_drive_0039_sync,58,disturbance,18,58,0000000058.png,5,1.1069824390531673,1.0746436674242403,0.2934768528934044,gaussian_noise
learned_recurrent_error,2011_09_26/2011_09_26_drive_0039_sync,59,disturbance,19,59,0000000059.png,1,0.3553614134642208,0.16862048542261804,0.5768763347381227,gaussian_noise
learned_recurrent_error,2011_09_26/2011_09_26_drive_0039_sync,59,disturbance,19,59,0000000059.png,2,0.4174906831602386,0.29168710198304626,0.6985313214991338,gaussian_noise
learned_recurrent_error,2011_09_26/2011_09_26_drive_0039_sync,59,disturbance,19,59,0000000059.png,3,0.895066842520349,0.7989001106487971,0.6003662149328804,gaussian_noise
learned_recurrent_error,2011_09_26/2011_09_26_drive_0039_sync,59,disturbance,19,59,0000000059.png,4,1.4949737384852149,1.4027379174138945,0.459755752122896,gaussian_noise
learned_recurrent_error,2011_09_26/2011_09_26_drive_0039_sync,59,disturbance,19,59,0000000059.png,5,1.1089584147005962,1.0782171231566942,0.29570446230478276,gaussian_noise
learned_recurrent_error,2011_09_26/2011_09_26_drive_0039_sync,60,disturbance,20,60,0000000060.png,1,0.35949874667238635,0.16961638817450383,0.59145251977354,gaussian_noise
learned_recurrent_error,2011_09_26/2011_09_26_drive_0039_sync,60,disturbance,20,60,0000000060.png,2,0.41836856120618204,0.2915634840706284,0.7148001011215083,gaussian_noise
learned_recurrent_error,2011_09_26/2011_09_26_drive_0039_sync,60,disturbance,20,60,0000000060.png,3,0.8820950974118436,0.8012290418411934,0.6045312008928638,gaussian_noise
learned_recurrent_error,2011_09_26/2011_09_26_drive_0039_sync,60,disturbance,20,60,0000000060.png,4,1.4810121193097072,1.4090923939429778,0.46050076903708886,gaussian_noise
learned_recurrent_error,2011_09_26/2011_09_26_drive_0039_sync,60,disturbance,20,60,0000000060.png,5,1.107210088065707,1.0812055083606669,0.29617090280510194,gaussian_noise
learned_recurrent_error,2011_09_26/2011_09_26_drive_0039_sync,61,disturbance,21,61,0000000061.png,1,0.36069346136357294,0.17118081973572574,0.6008794588812347,gaussian_noise
learned_recurrent_error,2011_09_26/2011_09_26_drive_0039_sync,61,disturbance,21,61,0000000061.png,2,0.4181909051121806,0.2913526209859013,0.7308765109377287,gaussian_noise
learned_recurrent_error,2011_09_26/2011_09_26_drive_0039_sync,61,disturbance,21,61,0000000061.png,3,0.8711649810943377,0.8004843788605078,0.6079281340717034,gaussian_noise
learned_recurrent_error,2011_09_26/2011_09_26_drive_0039_sync,61,disturbance,21,61,0000000061.png,4,1.4600298696083007,1.4100607495668434,0.45721427547181814,gaussian_noise
learned_recurrent_error,2011_09_26/2011_09_26_drive_0039_sync,61,disturbance,21,61,0000000061.png,5,1.1015833869992238,1.0827994950203774,0.2942967916056975,gaussian_noise
learned_recurrent_error,2011_09_26/2011_09_26_drive_0039_sync,62,disturbance,22,62,0000000062.png,1,0.35728448253942147,0.17314760646000477,0.599760498216772,gaussian_noise
learned_recurrent_error,2011_09_26/2011_09_26_drive_0039_sync,62,disturbance,22,62,0000000062.png,2,0.41902852812091335,0.2916636414606745,0.737071326337837,gaussian_noise
learned_recurrent_error,2011_09_26/2011_09_26_drive_0039_sync,62,disturbance,22,62,0000000062.png,3,0.870211978654525,0.7981883882463817,0.6107273634019984,gaussian_noise
learned_recurrent_error,2011_09_26/2011_09_26_drive_0039_sync,62,disturbance,22,62,0000000062.png,4,1.4414951392445254,1.405744783939128,0.4524463394648631,gaussian_noise
learned_recurrent_error,2011_09_26/2011_09_26_drive_0039_sync,62,disturbance,22,62,0000000062.png,5,1.0952837337416317,1.0827157092005082,0.2918088357348402,gaussian_noise
learned_recurrent_error,2011_09_26/2011_09_26_drive_0039_sync,63,disturbance,23,63,0000000063.png,1,0.36775373715011445,0.17467761530219333,0.603862610922535,gaussian_noise
learned_recurrent_error,2011_09_26/2011_09_26_drive_0039_sync,63,disturbance,23,63,0000000063.png,2,0.41416267730256173,0.2912759013520226,0.7441296990413107,gaussian_noise
learned_recurrent_error,2011_09_26/2011_09_26_drive_0039_sync,63,disturbance,23,63,0000000063.png,3,0.8624020192200865,0.7955474175326556,0.6112818228435959,gaussian_noise
learned_recurrent_error,2011_09_26/2011_09_26_drive_0039_sync,63,disturbance,23,63,0000000063.png,4,1.4336355628980413,1.3996418682076501,0.4493063582900777,gaussian_noise
learned_recurrent_error,2011_09_26/2011_09_26_drive_0039_sync,63,disturbance,23,63,0000000063.png,5,1.0908342768282118,1.081458378067467,0.28978060858268695,gaussian_noise
learned_recurrent_error,2011_09_26/2011_09_26_drive_0039_sync,64,disturbance,24,64,0000000064.png,1,0.3792333385693028,0.17629625964427934,0.6117520818529888,gaussian_noise
learned_recurrent_error,2011_09_26/2011_09_26_drive_0039_sync,64,disturbance,24,64,0000000064.png,2,0.4153407529921859,0.2906327326921625,0.7549219291811619,gaussian_noise
learned_recurrent_error,2011_09_26/2011_09_26_drive_0039_sync,64,disturbance,24,64,0000000064.png,3,0.8532908414159668,0.7925126501621172,0.6094917915891568,gaussian_noise
learned_recurrent_error,2011_09_26/2011_09_26_drive_0039_sync,64,disturbance,24,64,0000000064.png,4,1.4264395636879637,1.393768501933857,0.44800636893592466,gaussian_noise
learned_recurrent_error,2011_09_26/2011_09_26_drive_0039_sync,64,disturbance,24,64,0000000064.png,5,1.0879839695313367,1.0796650710433102,0.2887491487913187,gaussian_noise
learned_recurrent_error,2011_09_26/2011_09_26_drive_0039_sync,65,disturbance,25,65,0000000065.png,1,0.3711552701933771,0.17993919673322087,0.6065755146432885,gaussian_noise
learned_recurrent_error,2011_09_26/2011_09_26_drive_0039_sync,65,disturbance,25,65,0000000065.png,2,0.4149199638091458,0.2903840668657186,0.7560743896976879,gaussian_noise
learned_recurrent_error,2011_09_26/2011_09_26_drive_0039_sync,65,disturbance,25,65,0000000065.png,3,0.8555096156338936,0.7897052664821195,0.608148409827263,gaussian_noise
learned_recurrent_error,2011_09_26/2011_09_26_drive_0039_sync,65,disturbance,25,65,0000000065.png,4,1.4202675961072306,1.3884748863429341,0.4486421424213069,gaussian_noise
learned_recurrent_error,2011_09_26/2011_09_26_drive_0039_sync,65,disturbance,25,65,0000000065.png,5,1.0865547238483626,1.0779156367511917,0.28861151837164156,gaussian_noise
learned_recurrent_error,2011_09_26/2011_09_26_drive_0039_sync,66,disturbance,26,66,0000000066.png,1,0.3760010584614182,0.18315187294557464,0.6104472269896488,gaussian_noise
learned_recurrent_error,2011_09_26/2011_09_26_drive_0039_sync,66,disturbance,26,66,0000000066.png,2,0.411808954057064,0.28961903009774964,0.7597472796326117,gaussian_noise
learned_recurrent_error,2011_09_26/2011_09_26_drive_0039_sync,66,disturbance,26,66,0000000066.png,3,0.8549145515539481,0.7879170864377588,0.6087481097066182,gaussian_noise
learned_recurrent_error,2011_09_26/2011_09_26_drive_0039_sync,66,disturbance,26,66,0000000066.png,4,1.4211737633145491,1.3844994551592955,0.45139488559955054,gaussian_noise
learned_recurrent_error,2011_09_26/2011_09_26_drive_0039_sync,66,disturbance,26,66,0000000066.png,5,1.0863494511153409,1.0765511214816113,0.28938229987863145,gaussian_noise
learned_recurrent_error,2011_09_26/2011_09_26_drive_0039_sync,67,disturbance,27,67,0000000067.png,1,0.3682403983760827,0.18414666119592815,0.61071584676916,gaussian_noise
learned_recurrent_error,2011_09_26/2011_09_26_drive_0039_sync,67,disturbance,27,67,0000000067.png,2,0.4110705591396222,0.2889554077266227,0.7629078378373191,gaussian_noise
learned_recurrent_error,2011_09_26/2011_09_26_drive_0039_sync,67,disturbance,27,67,0000000067.png,3,0.8539645807532973,0.7867251116576696,0.6096196150488286,gaussian_noise
learned_recurrent_error,2011_09_26/2011_09_26_drive_0039_sync,67,disturbance,27,67,0000000067.png,4,1.4246231530325488,1.3822753030972341,0.4548080467910815,gaussian_noise
learned_recurrent_error,2011_09_26/2011_09_26_drive_0039_sync,67,disturbance,27,67,0000000067.png,5,1.086584384499728,1.0756674606443968,0.28992030659750695,gaussian_noise
learned_recurrent_error,2011_09_26/2011_09_26_drive_0039_sync,68,disturbance,28,68,0000000068.png,1,0.3609216370950493,0.18478211473664682,0.6011071174733356,gaussian_noise
learned_recurrent_error,2011_09_26/2011_09_26_drive_0039_sync,68,disturbance,28,68,0000000068.png,2,0.4120124859100979,0.28890266123482466,0.7564277817169299,gaussian_noise
learned_recurrent_error,2011_09_26/2011_09_26_drive_0039_sync,68,disturbance,28,68,0000000068.png,3,0.8628409080368123,0.7867147069644463,0.6097076898324085,gaussian_noise
learned_recurrent_error,2011_09_26/2011_09_26_drive_0039_sync,68,disturbance,28,68,0000000068.png,4,1.429934695516442,1.3814531665734398,0.45778653180130274,gaussian_noise
learned_recurrent_error,2011_09_26/2011_09_26_drive_0039_sync,68,disturbance,28,68,0000000068.png,5,1.0874813942956059,1.0753824401920864,0.2901502038580762,gaussian_noise
learned_recurrent_error,2011_09_26/2011_09_26_drive_0039_sync,69,disturbance,29,69,0000000069.png,1,0.3633540188639505,0.1843432681229998,0.5994079615959239,gaussian_noise
learned_recurrent_error,2011_09_26/2011_09_26_drive_0039_sync,69,disturbance,29,69,0000000069.png,2,0.41048105210805663,0.2885387455972268,0.7502336638929251,gaussian_noise
learned_recurrent_error,2011_09_26/2011_09_26_drive_0039_sync,69,disturbance,29,69,0000000069.png,3,0.8693500169117873,0.7880831546981715,0.6103052940849415,gaussian_noise
learned_recurrent_error,2011_09_26/2011_09_26_drive_0039_sync,69,disturbance,29,69,0000000069.png,4,1.4386379172835164,1.3821076896119269,0.4606358447624756,gaussian_noise
learned_recurrent_error,2011_09_26/2011_09_26_drive_0039_sync,69,disturbance,29,69,0000000069.png,5,1.0897834136151898,1.075713420674071,0.29069010168327386,gaussian_noise
learned_recurrent_error,2011_09_26/2011_09_26_drive_0039_sync,70,disturbance,30,70,0000000070.png,1,0.36255894626200214,0.18383431328425817,0.59551538087659,gaussian_noise
learned_recurrent_error,2011_09_26/2011_09_26_drive_0039_sync,70,disturbance,30,70,0000000070.png,2,0.41199100903615793,0.288412120845363,0.7456873899493676,gaussian_noise
learned_recurrent_error,2011_09_26/2011_09_26_drive_0039_sync,70,disturbance,30,70,0000000070.png,3,0.8735087033548175,0.7902159650439798,0.61095871070531,gaussian_noise
learned_recurrent_error,2011_09_26/2011_09_26_drive_0039_sync,70,disturbance,30,70,0000000070.png,4,1.4485205728650397,1.3844079692989406,0.4635969327868771,gaussian_noise
learned_recurrent_error,2011_09_26/2011_09_26_drive_0039_sync,70,disturbance,30,70,0000000070.png,5,1.0938310691066016,1.0766873964560326,0.293162520222375,gaussian_noise
learned_recurrent_error,2011_09_26/2011_09_26_drive_0039_sync,71,disturbance,31,71,0000000071.png,1,0.3593332546017383,0.1827353830956166,0.5875313582486417,gaussian_noise
learned_recurrent_error,2011_09_26/2011_09_26_drive_0039_sync,71,disturbance,31,71,0000000071.png,2,0.4137219877854351,0.2886200327922421,0.7382922499633804,gaussian_noise
learned_recurrent_error,2011_09_26/2011_09_26_drive_0039_sync,71,disturbance,31,71,0000000071.png,3,0.8807879127020104,0.7930175752514446,0.6120942388523334,gaussian_noise
learned_recurrent_error,2011_09_26/2011_09_26_drive_0039_sync,71,disturbance,31,71,0000000071.png,4,1.4575044991373531,1.3879089686053674,0.4662085006720575,gaussian_noise
learned_recurrent_error,2011_09_26/2011_09_26_drive_0039_sync,71,disturbance,31,71,0000000071.png,5,1.0985296771140984,1.0782262497299802,0.2970109236955804,gaussian_noise
learned_recurrent_error,2011_09_26/2011_09_26_drive_0039_sync,72,disturbance,32,72,0000000072.png,1,0.3591536787088701,0.1813626848351132,0.5806781046128936,gaussian_noise
learned_recurrent_error,2011_09_26/2011_09_26_drive_0039_sync,72,disturbance,32,72,0000000072.png,2,0.4145524431358984,0.28912962978706347,0.7285104408252318,gaussian_noise
learned_recurrent_error,2011_09_26/2011_09_26_drive_0039_sync,72,disturbance,32,72,0000000072.png,3,0.8899099443854355,0.7966754870322951,0.612546328004831,gaussian_noise
learned_recurrent_error,2011_09_26/2011_09_26_drive_0039_sync,72,disturbance,32,72,0000000072.png,4,1.467791754768405,1.3923293518973312,0.46765087280330236,gaussian_noise
learned_recurrent_error,2011_09_26/2011_09_26_drive_0039_sync,72,disturbance,32,72,0000000072.png,5,1.1029247576192542,1.0801630547199386,0.3006431834203735,gaussian_noise
learned_recurrent_error,2011_09_26/2011_09_26_drive_0039_sync,73,disturbance,33,73,0000000073.png,1,0.3615382282422146,0.1801602700154087,0.57566865778737,gaussian_noise
learned_recurrent_error,2011_09_26/2011_09_26_drive_0039_sync,73,disturbance,33,73,0000000073.png,2,0.41434694671793915,0.2895503499078273,0.7200759933416233,gaussian_noise
learned_recurrent_error,2011_09_26/2011_09_26_drive_0039_sync,73,disturbance,33,73,0000000073.png,3,0.8961556229681542,0.8010692344379283,0.6135896371419187,gaussian_noise
learned_recurrent_error,2011_09_26/2011_09_26_drive_0039_sync,73,disturbance,33,73,0000000073.png,4,1.478627879299366,1.397621622624581,0.4692890642535256,gaussian_noise
learned_recurrent_error,2011_09_26/2011_09_26_drive_0039_sync,73,disturbance,33,73,0000000073.png,5,1.1066378825988192,1.0823091674016019,0.30381544785327674,gaussian_noise
learned_recurrent_error,2011_09_26/2011_09_26_drive_0039_sync,74,disturbance,34,74,0000000074.png,1,0.36789542449737955,0.17863728997513723,0.5836752437924756,gaussian_noise
learned_recurrent_error,2011_09_26/2011_09_26_drive_0039_sync,74,disturbance,34,74,0000000074.png,2,0.419038394687687,0.28982561788752653,0.7265084368170838,gaussian_noise
learned_recurrent_error,2011_09_26/2011_09_26_drive_0039_sync,74,disturbance,34,74,0000000074.png,3,0.8871491517186348,0.80411956347328,0.6168408244827903,gaussian_noise
learned_recurrent_error,2011_09_26/2011_09_26_drive_0039_sync,74,disturbance,34,74,0000000074.png,4,1.4805595759769836,1.403376414862127,0.47232963247011717,gaussian_noise
learned_recurrent_error,2011_09_26/2011_09_26_drive_0039_sync,74,disturbance,34,74,0000000074.png,5,1.1086691109162892,1.0845706665808565,0.3067833439582414,gaussian_noise
learned_recurrent_error,2011_09_26/2011_09_26_drive_0039_sync,75,disturbance,35,75,0000000075.png,1,0.3669671453541339,0.17695128484565106,0.593906081900836,gaussian_noise
learned_recurrent_error,2011_09_26/2011_09_26_drive_0039_sync,75,disturbance,35,75,0000000075.png,2,0.421565868126834,0.29020867229552055,0.7400406930092416,gaussian_noise
learned_recurrent_error,2011_09_26/2011_09_26_drive_0039_sync,75,disturbance,35,75,0000000075.png,3,0.8748273086886238,0.8043187113769902,0.6180337706583653,gaussian_noise
learned_recurrent_error,2011_09_26/2011_09_26_drive_0039_sync,75,disturbance,35,75,0000000075.png,4,1.468822683821966,1.4072969429169013,0.4728907519108359,gaussian_noise
learned_recurrent_error,2011_09_26/2011_09_26_drive_0039_sync,75,disturbance,35,75,0000000075.png,5,1.1069305986493363,1.0864523647801048,0.30834134164404126,gaussian_noise
learned_recurrent_error,2011_09_26/2011_09_26_drive_0039_sync,76,disturbance,36,76,0000000076.png,1,0.35800456352284926,0.17551164863106566,0.5944233594551984,gaussian_noise
learned_recurrent_error,2011_09_26/2011_09_26_drive_0039_sync,76,disturbance,36,76,0000000076.png,2,0.42260189763875056,0.29104814746833463,0.7471853929658981,gaussian_noise
learned_recurrent_error,2011_09_26/2011_09_26_drive_0039_sync,76,disturbance,36,76,0000000076.png,3,0.8711527050995181,0.8026593076892911,0.6176864575693282,gaussian_noise
learned_recurrent_error,2011_09_26/2011_09_26_drive_0039_sync,76,disturbance,36,76,0000000076.png,4,1.4525087821989342,1.4075052490613353,0.4708369630428639,gaussian_noise
learned_recurrent_error,2011_09_26/2011_09_26_drive_0039_sync,76,disturbance,36,76,0000000076.png,5,1.102264409315647,1.087320001909224,0.3081577126325835,gaussian_noise
learned_recurrent_error,2011_09_26/2011_09_26_drive_0039_sync,77,disturbance,37,77,0000000077.png,1,0.3593989156258147,0.17306576453693373,0.5959225722561055,gaussian_noise
learned_recurrent_error,2011_09_26/2011_09_26_drive_0039_sync,77,disturbance,37,77,0000000077.png,2,0.4201960513754119,0.29163111164136696,0.7505325226881736,gaussian_noise
learned_recurrent_error,2011_09_26/2011_09_26_drive_0039_sync,77,disturbance,37,77,0000000077.png,3,0.8659827473280336,0.8004409730085453,0.6176906729829397,gaussian_noise
learned_recurrent_error,2011_09_26/2011_09_26_drive_0039_sync,77,disturbance,37,77,0000000077.png,4,1.442388261635257,1.4049528613687805,0.4687271866912319,gaussian_noise
learned_recurrent_error,2011_09_26/2011_09_26_drive_0039_sync,77,disturbance,37,77,0000000077.png,5,1.0974699301927129,1.0869912405754287,0.3068091568238701,gaussian_noise
learned_recurrent_error,2011_09_26/2011_09_26_drive_0039_sync,78,disturbance,38,78,0000000078.png,1,0.3642237019362937,0.17150679244519385,0.5965082054073688,gaussian_noise
learned_recurrent_error,2011_09_26/2011_09_26_drive_0039_sync,78,disturbance,38,78,0000000078.png,2,0.41991063294099723,0.2920359288846663,0.7508147497342741,gaussian_noise
learned_recurrent_error,2011_09_26/2011_09_26_drive_0039_sync,78,disturbance,38,78,0000000078.png,3,0.8614909180534828,0.7982886091438232,0.6180138377478044,gaussian_noise
learned_recurrent_error,2011_09_26/2011_09_26_drive_0039_sync,78,disturbance,38,78,0000000078.png,4,1.436881406870429,1.4013619939345698,0.4672410766897331,gaussian_noise
learned_recurrent_error,2011_09_26/2011_09_26_drive_0039_sync,78,disturbance,38,78,0000000078.png,5,1.09399982811344,1.0857642519120738,0.3049829810567702,gaussian_noise
learned_recurrent_error,2011_09_26/2011_09_26_drive_0039_sync,79,disturbance,39,79,0000000079.png,1,0.35680246338572075,0.17050895742100142,0.5904034406997963,gaussian_noise
learned_recurrent_error,2011_09_26/2011_09_26_drive_0039_sync,79,disturbance,39,79,0000000079.png,2,0.4200076991735553,0.2926690980800799,0.7434437665649768,gaussian_noise
learned_recurrent_error,2011_09_26/2011_09_26_drive_0039_sync,79,disturbance,39,79,0000000079.png,3,0.8690860617780711,0.7972725678264277,0.6181951849509294,gaussian_noise
learned_recurrent_error,2011_09_26/2011_09_26_drive_0039_sync,79,disturbance,39,79,0000000079.png,4,1.4374655376224172,1.398314008556715,0.4662187875575382,gaussian_noise
learned_recurrent_error,2011_09_26/2011_09_26_drive_0039_sync,79,disturbance,39,79,0000000079.png,5,1.0931985372336936,1.0843332967933188,0.3030957738390896,gaussian_noise
learned_recurrent_error,2011_09_26/2011_09_26_drive_0039_sync,80,disturbance,40,80,0000000080.png,1,0.3569245810757815,0.1698648121170177,0.5847707342127978,gaussian_noise
learned_recurrent_error,2011_09_26/2011_09_26_drive_0039_sync,80,disturbance,40,80,0000000080.png,2,0.4197160036117784,0.2932713067154901,0.7331541080484788,gaussian_noise
learned_recurrent_error,2011_09_26/2011_09_26_drive_0039_sync,80,disturbance,40,80,0000000080.png,3,0.8805054493437067,0.7980312955911119,0.6184099601163422,gaussian_noise
learned_recurrent_error,2011_09_26/2011_09_26_drive_0039_sync,80,disturbance,40,80,0000000080.png,4,1.442359332554476,1.3964552545404774,0.46596738934044957,gaussian_noise
learned_recurrent_error,2011_09_26/2011_09_26_drive_0039_sync,80,disturbance,40,80,0000000080.png,5,1.0947509801582702,1.0833223505180383,0.30171036041077837,gaussian_noise
learned_recurrent_error,2011_09_26/2011_09_26_drive_0039_sync,81,disturbance,41,81,0000000081.png,1,0.36305583788273416,0.1697856127654371,0.581099268433165,gaussian_noise
learned_recurrent_error,2011_09_26/2011_09_26_drive_0039_sync,81,disturbance,41,81,0000000081.png,2,0.4188122772862042,0.2931388336374067,0.727145638460377,gaussian_noise
learned_recurrent_error,2011_09_26/2011_09_26_drive_0039_sync,81,disturbance,41,81,0000000081.png,3,0.8846230543887926,0.7999452189859527,0.618674622901029,gaussian_noise
learned_recurrent_error,2011_09_26/2011_09_26_drive_0039_sync,81,disturbance,41,81,0000000081.png,4,1.4499688326650941,1.396362851671653,0.4666210410664238,gaussian_noise
learned_recurrent_error,2011_09_26/2011_09_26_drive_0039_sync,81,disturbance,41,81,0000000081.png,5,1.0974614501073636,1.082993677225689,0.300682221123513,gaussian_noise
learned_recurrent_error,2011_09_26/2011_09_26_drive_0039_sync,82,disturbance,42,82,0000000082.png,1,0.3655903134825993,0.16864798261338834,0.5827161033732694,gaussian_noise
learned_recurrent_error,2011_09_26/2011_09_26_drive_0039_sync,82,disturbance,42,82,0000000082.png,2,0.41918263297902614,0.2928119431382421,0.7298193428585629,gaussian_noise
learned_recurrent_error,2011_09_26/2011_09_26_drive_0039_sync,82,disturbance,42,82,0000000082.png,3,0.8796618474643865,0.8015377063975787,0.6183594897291831,gaussian_noise
learned_recurrent_error,2011_09_26/2011_09_26_drive_0039_sync,82,disturbance,42,82,0000000082.png,4,1.4537915237620591,1.397841809382609,0.46610472640906536,gaussian_noise
learned_recurrent_error,2011_09_26/2011_09_26_drive_0039_sync,82,disturbance,42,82,0000000082.png,5,1.0996390770412734,1.083260543447107,0.30030398532405717,gaussian_noise
learned_recurrent_error,2011_09_26/2011_09_26_drive_0039_sync,83,disturbance,43,83,0000000083.png,1,0.36570192297765236,0.16883969672850876,0.5883912914657271,gaussian_noise
learned_recurrent_error,2011_09_26/2011_09_26_drive_0039_sync,83,disturbance,43,83,0000000083.png,2,0.41923633251406184,0.2926044195995149,0.7370421271122103,gaussian_noise
learned_recurrent_error,2011_09_26/2011_09_26_drive_0039_sync,83,disturbance,43,83,0000000083.png,3,0.874147183546046,0.8019546760416227,0.6156966767135205,gaussian_noise
learned_recurrent_error,2011_09_26/2011_09_26_drive_0039_sync,83,disturbance,43,83,0000000083.png,4,1.4510002044907044,1.399453718315268,0.46349417749323546,gaussian_noise
learned_recurrent_error,2011_09_26/2011_09_26_drive_0039_sync,83,disturbance,43,83,0000000083.png,5,1.1001750841935765,1.0837978738002605,0.301074544080706,gaussian_noise
learned_recurrent_error,2011_09_26/2011_09_26_drive_0039_sync,84,disturbance,44,84,0000000084.png,1,0.35850436455270296,0.16937045406614448,0.5882822625997081,gaussian_noise
learned_recurrent_error,2011_09_26/2011_09_26_drive_0039_sync,84,disturbance,44,84,0000000084.png,2,0.4168893000473454,0.2925566703658944,0.7387626898559826,gaussian_noise
learned_recurrent_error,2011_09_26/2011_09_26_drive_0039_sync,84,disturbance,44,84,0000000084.png,3,0.8781259083717408,0.8023752084372028,0.6151870362497899,gaussian_noise
learned_recurrent_error,2011_09_26/2011_09_26_drive_0039_sync,84,disturbance,44,84,0000000084.png,4,1.4508364106017868,1.4009707164411995,0.4609409191401307,gaussian_noise
learned_recurrent_error,2011_09_26/2011_09_26_drive_0039_sync,84,disturbance,44,84,0000000084.png,5,1.1004247782452137,1.0845606194384436,0.30290538067849987,gaussian_noise
learned_recurrent_error,2011_09_26/2011_09_26_drive_0039_sync,85,disturbance,45,85,0000000085.png,1,0.3630626512930928,0.16928483959336663,0.5900501196516368,gaussian_noise
learned_recurrent_error,2011_09_26/2011_09_26_drive_0039_sync,85,disturbance,45,85,0000000085.png,2,0.41447700206915994,0.2922739385266582,0.7413666456989146,gaussian_noise
learned_recurrent_error,2011_09_26/2011_09_26_drive_0039_sync,85,disturbance,45,85,0000000085.png,3,0.8766712820463353,0.8036089588230292,0.6153192033871591,gaussian_noise
learned_recurrent_error,2011_09_26/2011_09_26_drive_0039_sync,85,disturbance,45,85,0000000085.png,4,1.4538053012692826,1.4032570409465197,0.4595541651853589,gaussian_noise
learned_recurrent_error,2011_09_26/2011_09_26_drive_0039_sync,85,disturbance,45,85,0000000085.png,5,1.1007537395826799,1.0855838522956167,0.3052309658284985,gaussian_noise
learned_recurrent_error,2011_09_26/2011_09_26_drive_0039_sync,86,disturbance,46,86,0000000086.png,1,0.36804119914789096,0.16810824205333177,0.5999673456480443,gaussian_noise
learned_recurrent_error,2011_09_26/2011_09_26_drive_0039_sync,86,disturbance,46,86,0000000086.png,2,0.4177428004408449,0.2917978085006068,0.7517472024670102,gaussian_noise
learned_recurrent_error,2011_09_26/2011_09_26_drive_0039_sync,86,disturbance,46,86,0000000086.png,3,0.8699773344763614,0.8033468077482926,0.6141701766430112,gaussian_noise
learned_recurrent_error,2011_09_26/2011_09_26_drive_0039_sync,86,disturbance,46,86,0000000086.png,4,1.4480670126485653,1.4051060174466001,0.4574704272602709,gaussian_noise
learned_recurrent_error,2011_09_26/2011_09_26_drive_0039_sync,86,disturbance,46,86,0000000086.png,5,1.09883008744161,1.0863814847692397,0.30619162267853756,gaussian_noise
learned_recurrent_error,2011_09_26/2011_09_26_drive_0039_sync,87,disturbance,47,87,0000000087.png,1,0.3690814683561201,0.16855970495187506,0.6056548404046537,gaussian_noise
learned_recurrent_error,2011_09_26/2011_09_26_drive_0039_sync,87,disturbance,47,87,0000000087.png,2,0.41867858126582785,0.2913666623366317,0.7616289885756191,gaussian_noise
learned_recurrent_error,2011_09_26/2011_09_26_drive_0039_sync,87,disturbance,47,87,0000000087.png,3,0.8646429355570667,0.8014223994036096,0.6128419768169261,gaussian_noise
learned_recurrent_error,2011_09_26/2011_09_26_drive_0039_sync,87,disturbance,47,87,0000000087.png,4,1.4353332774664456,1.4042633825656239,0.4542691222834561,gaussian_noise
learned_recurrent_error,2011_09_26/2011_09_26_drive_0039_sync,87,disturbance,47,87,0000000087.png,5,1.0939859414502562,1.0862040109644222,0.30560544031855014,gaussian_noise
learned_recurrent_error,2011_09_26/2011_09_26_drive_0039_sync,88,disturbance,48,88,0000000088.png,1,0.36529047415108507,0.16963602678434098,0.5974045721639204,gaussian_noise
learned_recurrent_error,2011_09_26/2011_09_26_drive_0039_sync,88,disturbance,48,88,0000000088.png,2,0.42078006172378285,0.29149350312278216,0.7587980664937134,gaussian_noise
learned_recurrent_error,2011_09_26/2011_09_26_drive_0039_sync,88,disturbance,48,88,0000000088.png,3,0.869691872782556,0.7991249346362368,0.6106266655943945,gaussian_noise
learned_recurrent_error,2011_09_26/2011_09_26_drive_0039_sync,88,disturbance,48,88,0000000088.png,4,1.4227865661992678,1.3997922202357993,0.450754255463883,gaussian_noise
learned_recurrent_error,2011_09_26/2011_09_26_drive_0039_sync,88,disturbance,48,88,0000000088.png,5,1.0888057320357671,1.0848623772071446,0.30460417411151774,gaussian_noise
learned_recurrent_error,2011_09_26/2011_09_26_drive_0039_sync,89,disturbance,49,89,0000000089.png,1,0.37616144244443794,0.16911773403949434,0.5994724496663725,gaussian_noise
learned_recurrent_error,2011_09_26/2011_09_26_drive_0039_sync,89,disturbance,49,89,0000000089.png,2,0.41860332633500646,0.29117424979713663,0.7588303199973392,gaussian_noise
learned_recurrent_error,2011_09_26/2011_09_26_drive_0039_sync,89,disturbance,49,89,0000000089.png,3,0.8611792075339182,0.7968305984233465,0.6098529656020123,gaussian_noise
learned_recurrent_error,2011_09_26/2011_09_26_drive_0039_sync,89,disturbance,49,89,0000000089.png,4,1.4197499676995478,1.3948348467354323,0.4493822460323875,gaussian_noise
learned_recurrent_error,2011_09_26/2011_09_26_drive_0039_sync,89,disturbance,49,89,0000000089.png,5,1.0856770247280592,1.0828672580505607,0.3040142752009074,gaussian_noise
learned_recurrent_error,2011_09_26/2011_09_26_drive_0039_sync,90,disturbance,50,90,0000000090.png,1,0.3739167127162644,0.1685923349311185,0.6016994182106934,gaussian_noise
learned_recurrent_error,2011_09_26/2011_09_26_drive_0039_sync,90,disturbance,50,90,0000000090.png,2,0.41481608270762627,0.2907699057949536,0.7594094354471805,gaussian_noise
learned_recurrent_error,2011_09_26/2011_09_26_drive_0039_sync,90,disturbance,50,90,0000000090.png,3,0.8543783126222243,0.7949015711183776,0.6089156696745763,gaussian_noise
learned_recurrent_error,2011_09_26/2011_09_26_drive_0039_sync,90,disturbance,50,90,0000000090.png,4,1.419808738394901,1.391603203679607,0.44965564491593246,gaussian_noise
learned_recurrent_error,2011_09_26/2011_09_26_drive_0039_sync,90,disturbance,50,90,0000000090.png,5,1.0843742033724488,1.0808766373379064,0.3034915891694925,gaussian_noise
learned_recurrent_error,2011_09_26/2011_09_26_drive_0039_sync,91,disturbance,51,91,0000000091.png,1,0.36596938574312066,0.16960962980766206,0.6005182489018526,gaussian_noise
learned_recurrent_error,2011_09_26/2011_09_26_drive_0039_sync,91,disturbance,51,91,0000000091.png,2,0.41405167979352836,0.2906094814324025,0.758808439217377,gaussian_noise
learned_recurrent_error,2011_09_26/2011_09_26_drive_0039_sync,91,disturbance,51,91,0000000091.png,3,0.8547178688219708,0.7935406162427064,0.6081036812799252,gaussian_noise
learned_recurrent_error,2011_09_26/2011_09_26_drive_0039_sync,91,disturbance,51,91,0000000091.png,4,1.419453262407594,1.3900035932563808,0.45055977837894323,gaussian_noise
learned_recurrent_error,2011_09_26/2011_09_26_drive_0039_sync,91,disturbance,51,91,0000000091.png,5,1.0831676790040519,1.0791286668430058,0.30261016947751096,gaussian_noise
learned_recurrent_error,2011_09_26/2011_09_26_drive_0039_sync,92,disturbance,52,92,0000000092.png,1,0.3593224651844121,0.1715033803305687,0.5883217922477552,gaussian_noise
learned_recurrent_error,2011_09_26/2011_09_26_drive_0039_sync,92,disturbance,52,92,0000000092.png,2,0.415650767840778,0.2910028238628392,0.7475546452715546,gaussian_noise
learned_recurrent_error,2011_09_26/2011_09_26_drive_0039_sync,92,disturbance,52,92,0000000092.png,3,0.8649600900085241,0.7934008491874651,0.6089691406103188,gaussian_noise
learned_recurrent_error,2011_09_26/2011_09_26_drive_0039_sync,92,disturbance,52,92,0000000092.png,4,1.4194825206921864,1.3890732045364007,0.4510882499795933,gaussian_noise
learned_recurrent_error,2011_09_26/2011_09_26_drive_0039_sync,92,disturbance,52,92,0000000092.png,5,1.0822662118247073,1.0778158556281983,0.30224969947484936,gaussian_noise
learned_recurrent_error,2011_09_26/2011_09_26_drive_0039_sync,93,disturbance,53,93,0000000093.png,1,0.3660486475466465,0.1725603253627535,0.5876323937411656,gaussian_noise
learned_recurrent_error,2011_09_26/2011_09_26_drive_0039_sync,93,disturbance,53,93,0000000093.png,2,0.4149145750554155,0.29123327198855237,0.7418225838452622,gaussian_noise
learned_recurrent_error,2011_09_26/2011_09_26_drive_0039_sync,93,disturbance,53,93,0000000093.png,3,0.867460981252341,0.7943268891843052,0.6101517301926832,gaussian_noise
learned_recurrent_error,2011_09_26/2011_09_26_drive_0039_sync,93,disturbance,53,93,0000000093.png,4,1.4235095024223987,1.3888378618280612,0.4508955440680282,gaussian_noise
learned_recurrent_error,2011_09_26/2011_09_26_drive_0039_sync,93,disturbance,53,93,0000000093.png,5,1.0821717306661827,1.0769436095479243,0.30249595889497516,gaussian_noise
learned_recurrent_error,2011_09_26/2011_09_26_drive_0039_sync,94,disturbance,54,94,0000000094.png,1,0.368003104284281,0.1728545108318887,0.5884973601292374,gaussian_noise
learned_recurrent_error,2011_09_26/2011_09_26_drive_0039_sync,94,disturbance,54,94,0000000094.png,2,0.41525085365773945,0.29125557732888846,0.7419390970168122,gaussian_noise
learned_recurrent_error,2011_09_26/2011_09_26_drive_0039_sync,94,disturbance,54,94,0000000094.png,3,0.8647978046783125,0.7949435508792528,0.6116320681855468,gaussian_noise
learned_recurrent_error,2011_09_26/2011_09_26_drive_0039_sync,94,disturbance,54,94,0000000094.png,4,1.427543073266598,1.3894796266244533,0.44982804107247915,gaussian_noise
learned_recurrent_error,2011_09_26/2011_09_26_drive_0039_sync,94,disturbance,54,94,0000000094.png,5,1.0821635575563437,1.0763067440616985,0.30196401640773174,gaussian_noise
learned_recurrent_error,2011_09_26/2011_09_26_drive_0039_sync,95,disturbance,55,95,0000000095.png,1,0.3697307727070274,0.17348579105783526,0.5904283149152539,gaussian_noise
learned_recurrent_error,2011_09_26/2011_09_26_drive_0039_sync,95,disturbance,55,95,0000000095.png,2,0.4171304832571805,0.29136790316849864,0.7437378509402068,gaussian_noise
learned_recurrent_error,2011_09_26/2011_09_26_drive_0039_sync,95,disturbance,55,95,0000000095.png,3,0.8616099826774899,0.7949158247420572,0.6116420554582809,gaussian_noise
learned_recurrent_error,2011_09_26/2011_09_26_drive_0039_sync,95,disturbance,55,95,0000000095.png,4,1.4283556834744189,1.3904075597241745,0.4483639034030678,gaussian_noise
learned_recurrent_error,2011_09_26/2011_09_26_drive_0039_sync,95,disturbance,55,95,0000000095.png,5,1.0817329611246713,1.075780754001127,0.29996560176389514,gaussian_noise
learned_recurrent_error,2011_09_26/2011_09_26_drive_0039_sync,96,disturbance,56,96,0000000096.png,1,0.3661815830771826,0.17376452408840237,0.588986729001312,gaussian_noise
learned_recurrent_error,2011_09_26/2011_09_26_drive_0039_sync,96,disturbance,56,96,0000000096.png,2,0.41827903128545063,0.2916446369345623,0.7408692169048607,gaussian_noise
learned_recurrent_error,2011_09_26/2011_09_26_drive_0039_sync,96,disturbance,56,96,0000000096.png,3,0.8624514905339137,0.7943735321669527,0.6094937633696833,gaussian_noise
learned_recurrent_error,2011_09_26/2011_09_26_drive_0039_sync,96,disturbance,56,96,0000000096.png,4,1.4274738967991245,1.3907259132652188,0.44704258280105774,gaussian_noise
learned_recurrent_error,2011_09_26/2011_09_26_drive_0039_sync,96,disturbance,56,96,0000000096.png,5,1.0812356676054002,1.075255430490798,0.29722380132836035,gaussian_noise
learned_recurrent_error,2011_09_26/2011_09_26_drive_0039_sync,97,disturbance,57,97,0000000097.png,1,0.3585631450139478,0.1733184984321602,0.5828145733293628,gaussian_noise
learned_recurrent_error,2011_09_26/2011_09_26_drive_0039_sync,97,disturbance,57,97,0000000097.png,2,0.4186927046278254,0.29197025067958404,0.7314016930490309,gaussian_noise
learned_recurrent_error,2011_09_26/2011_09_26_drive_0039_sync,97,disturbance,57,97,0000000097.png,3,0.8705427381344908,0.7942916329941403,0.6074400584612111,gaussian_noise
learned_recurrent_error,2011_09_26/2011_09_26_drive_0039_sync,97,disturbance,57,97,0000000097.png,4,1.429401810892301,1.3903786169163932,0.44553968154849233,gaussian_noise
learned_recurrent_error,2011_09_26/2011_09_26_drive_0039_sync,97,disturbance,57,97,0000000097.png,5,1.0820333723968822,1.0747925257016708,0.29485651452965933,gaussian_noise
learned_recurrent_error,2011_09_26/2011_09_26_drive_0039_sync,98,disturbance,58,98,0000000098.png,1,0.35919925438481065,0.1718599464775075,0.5809183377332792,gaussian_noise
learned_recurrent_error,2011_09_26/2011_09_26_drive_0039_sync,98,disturbance,58,98,0000000098.png,2,0.4183175698786857,0.29211184160011777,0.7235631460949983,gaussian_noise
learned_recurrent_error,2011_09_26/2011_09_26_drive_0039_sync,98,disturbance,58,98,0000000098.png,3,0.8751256625255853,0.7952028330460652,0.6071813008908312,gaussian_noise
learned_recurrent_error,2011_09_26/2011_09_26_drive_0039_sync,98,disturbance,58,98,0000000098.png,4,1.4365479754317805,1.390462382452253,0.44398262903060365,gaussian_noise
learned_recurrent_error,2011_09_26/2011_09_26_drive_0039_sync,98,disturbance,58,98,0000000098.png,5,1.0843424007312468,1.07445789107256,0.29352755089068466,gaussian_noise
learned_recurrent_error,2011_09_26/2011_09_26_drive_0039_sync,99,disturbance,59,99,0000000099.png,1,0.3550254647321687,0.1700472088481796,0.5740959017482614,gaussian_noise
learned_recurrent_error,2011_09_26/2011_09_26_drive_0039_sync,99,disturbance,59,99,0000000099.png,2,0.41951653785244153,0.2923874921716755,0.7139311317565203,gaussian_noise
learned_recurrent_error,2011_09_26/2011_09_26_drive_0039_sync,99,disturbance,59,99,0000000099.png,3,0.8798589996841496,0.7968131580561648,0.6068357513930328,gaussian_noise
learned_recurrent_error,2011_09_26/2011_09_26_drive_0039_sync,99,disturbance,59,99,0000000099.png,4,1.4467170286475481,1.3917128291652723,0.44380912792724403,gaussian_noise
learned_recurrent_error,2011_09_26/2011_09_26_drive_0039_sync,99,disturbance,59,99,0000000099.png,5,1.0876116837378051,1.074317867333705,0.2933500672120384,gaussian_noise
learned_recurrent_error,2011_09_26/2011_09_26_drive_0039_sync,100,disturbance,60,100,0000000100.png,1,0.35427380891802907,0.16790459012567716,0.568268816888806,gaussian_noise
learned_recurrent_error,2011_09_26/2011_09_26_drive_0039_sync,100,disturbance,60,100,0000000100.png,2,0.42065919884185793,0.2928735989315963,0.7052132691678566,gaussian_noise
learned_recurrent_error,2011_09_26/2011_09_26_drive_0039_sync,100,disturbance,60,100,0000000100.png,3,0.8847902863268836,0.798998839534154,0.6045387768650794,gaussian_noise
learned_recurrent_error,2011_09_26/2011_09_26_drive_0039_sync,100,disturbance,60,100,0000000100.png,4,1.4571682636538097,1.3941800243265903,0.4440625744642572,gaussian_noise
learned_recurrent_error,2011_09_26/2011_09_26_drive_0039_sync,100,disturbance,60,100,0000000100.png,5,1.0913302182637723,1.0744760035805716,0.2940587256964199,gaussian_noise
learned_recurrent_error,2011_09_26/2011_09_26_drive_0039_sync,101,disturbance,61,101,0000000101.png,1,0.35733655527415564,0.16748852108724627,0.5654026575387069,gaussian_noise
learned_recurrent_error,2011_09_26/2011_09_26_drive_0039_sync,101,disturbance,61,101,0000000101.png,2,0.42384567159385955,0.29361747622784407,0.6995695184463282,gaussian_noise
learned_recurrent_error,2011_09_26/2011_09_26_drive_0039_sync,101,disturbance,61,101,0000000101.png,3,0.8869775402485693,0.8012532296239481,0.6013548189494182,gaussian_noise
learned_recurrent_error,2011_09_26/2011_09_26_drive_0039_sync,101,disturbance,61,101,0000000101.png,4,1.466488000965499,1.3978766251894608,0.4450921998135909,gaussian_noise
learned_recurrent_error,2011_09_26/2011_09_26_drive_0039_sync,101,disturbance,61,101,0000000101.png,5,1.0952193864224302,1.0750986608823758,0.29504875470892244,gaussian_noise
learned_recurrent_error,2011_09_26/2011_09_26_drive_0039_sync,102,disturbance,62,102,0000000102.png,1,0.3614531581179138,0.16705709444901773,0.5633313884749874,gaussian_noise
learned_recurrent_error,2011_09_26/2011_09_26_drive_0039_sync,102,disturbance,62,102,0000000102.png,2,0.42417655475214927,0.29421069254990145,0.6972896682215455,gaussian_noise
learned_recurrent_error,2011_09_26/2011_09_26_drive_0039_sync,102,disturbance,62,102,0000000102.png,3,0.8869128836208261,0.8031434253903809,0.5979223810511702,gaussian_noise
learned_recurrent_error,2011_09_26/2011_09_26_drive_0039_sync,102,disturbance,62,102,0000000102.png,4,1.4732595774664194,1.4023417455980298,0.4465570778022622,gaussian_noise
learned_recurrent_error,2011_09_26/2011_09_26_drive_0039_sync,102,disturbance,62,102,0000000102.png,5,1.09876065118627,1.076209866646633,0.2950780090012323,gaussian_noise
learned_recurrent_error,2011_09_26/2011_09_26_drive_0039_sync,103,disturbance,63,103,0000000103.png,1,0.3599447015917148,0.16743960900856952,0.5549867894012791,gaussian_noise
learned_recurrent_error,2011_09_26/2011_09_26_drive_0039_sync,103,disturbance,63,103,0000000103.png,2,0.42467221846359093,0.2952243488999444,0.6912965744680865,gaussian_noise
learned_recurrent_error,2011_09_26/2011_09_26_drive_0039_sync,103,disturbance,63,103,0000000103.png,3,0.8925968643478555,0.8053749130537474,0.5951825238926913,gaussian_noise
learned_recurrent_error,2011_09_26/2011_09_26_drive_0039_sync,103,disturbance,63,103,0000000103.png,4,1.4797884753537407,1.407210795753614,0.44824902754585805,gaussian_noise
learned_recurrent_error,2011_09_26/2011_09_26_drive_0039_sync,103,disturbance,63,103,0000000103.png,5,1.1017235001333436,1.0777233178099312,0.29492616025782126,gaussian_noise
learned_recurrent_error,2011_09_26/2011_09_26_drive_0039_sync,104,disturbance,64,104,0000000104.png,1,0.3669737157174749,0.16765845502813703,0.5578487591987802,gaussian_noise
learned_recurrent_error,2011_09_26/2011_09_26_drive_0039_sync,104,disturbance,64,104,0000000104.png,2,0.42511079878720265,0.29573166889157004,0.6942755999853909,gaussian_noise
learned_recurrent_error,2011_09_26/2011_09_26_drive_0039_sync,104,disturbance,64,104,0000000104.png,3,0.8896521461195943,0.8074571028434097,0.5948213482249356,gaussian_noise
learned_recurrent_error,2011_09_26/2011_09_26_drive_0039_sync,104,disturbance,64,104,0000000104.png,4,1.4811993217935808,1.4120396181173358,0.449640340118984,gaussian_noise
learned_recurrent_error,2011_09_26/2011_09_26_drive_0039_sync,104,disturbance,64,104,0000000104.png,5,1.1030029036364595,1.0795006288658768,0.29453798823381966,gaussian_noise
learned_recurrent_error,2011_09_26/2011_09_26_drive_0039_sync,105,disturbance,65,105,0000000105.png,1,0.36398644856581797,0.16710432051262572,0.559237431961115,gaussian_noise
learned_recurrent_error,2011_09_26/2011_09_26_drive_0039_sync,105,disturbance,65,105,0000000105.png,2,0.42810699961173904,0.29666214692013554,0.7008463863099577,gaussian_noise
learned_recurrent_error,2011_09_26/2011_09_26_drive_0039_sync,105,disturbance,65,105,0000000105.png,3,0.8869829700582813,0.8084202515490815,0.595823358587296,gaussian_noise
learned_recurrent_error,2011_09_26/2011_09_26_drive_0039_sync,105,disturbance,65,105,0000000105.png,4,1.4758022249322784,1.415606567953636,0.4492198282453483,gaussian_noise
learned_recurrent_error,2011_09_26/2011_09_26_drive_0039_sync,105,disturbance,65,105,0000000105.png,5,1.1019253975455081,1.0811657349735453,0.29340278521333435,gaussian_noise
learned_recurrent_error,2011_09_26/2011_09_26_drive_0039_sync,106,disturbance,66,106,0000000106.png,1,0.36179297785246994,0.16714398790500526,0.5594516576319121,gaussian_noise
learned_recurrent_error,2011_09_26/2011_09_26_drive_0039_sync,106,disturbance,66,106,0000000106.png,2,0.4291935177401612,0.29774171547505573,0.7022065501483822,gaussian_noise
learned_recurrent_error,2011_09_26/2011_09_26_drive_0039_sync,106,disturbance,66,106,0000000106.png,3,0.8916738351341152,0.8091790532740738,0.5965181868205426,gaussian_noise
learned_recurrent_error,2011_09_26/2011_09_26_drive_0039_sync,106,disturbance,66,106,0000000106.png,4,1.4708183708784301,1.4173345707537304,0.44803994713717904,gaussian_noise
learned_recurrent_error,2011_09_26/2011_09_26_drive_0039_sync,106,disturbance,66,106,0000000106.png,5,1.0999998405821638,1.0823781137168005,0.29092264982672555,gaussian_noise
learned_recurrent_error,2011_09_26/2011_09_26_drive_0039_sync,107,disturbance,67,107,0000000107.png,1,0.36212701573318606,0.16742025804929433,0.5608485937090841,gaussian_noise
learned_recurrent_error,2011_09_26/2011_09_26_drive_0039_sync,107,disturbance,67,107,0000000107.png,2,0.42531959967927596,0.29823628493305554,0.7011903282926997,gaussian_noise
learned_recurrent_error,2011_09_26/2011_09_26_drive_0039_sync,107,disturbance,67,107,0000000107.png,3,0.8962578278688031,0.8111065326716729,0.5974596941734819,gaussian_noise
learned_recurrent_error,2011_09_26/2011_09_26_drive_0039_sync,107,disturbance,67,107,0000000107.png,4,1.4723400400737436,1.4184919049433502,0.44817221440955407,gaussian_noise
learned_recurrent_error,2011_09_26/2011_09_26_drive_0039_sync,107,disturbance,67,107,0000000107.png,5,1.0983742003144175,1.0830593054536664,0.28682869223496044,gaussian_noise
learned_recurrent_error,2011_09_26/2011_09_26_drive_0039_sync,108,disturbance,68,108,0000000108.png,1,0.358610115100639,0.16822257068845223,0.5566298755207507,gaussian_noise
learned_recurrent_error,2011_09_26/2011_09_26_drive_0039_sync,108,disturbance,68,108,0000000108.png,2,0.4250765153905877,0.29893894074478305,0.6960162600462315,gaussian_noise
learned_recurrent_error,2011_09_26/2011_09_26_drive_0039_sync,108,disturbance,68,108,0000000108.png,3,0.9040164061103286,0.8141660743130329,0.597297932249984,gaussian_noise
learned_recurrent_error,2011_09_26/2011_09_26_drive_0039_sync,108,disturbance,68,108,0000000108.png,4,1.4783361931438694,1.4201580138191348,0.44855495310616217,gaussian_noise
learned_recurrent_error,2011_09_26/2011_09_26_drive_0039_sync,108,disturbance,68,108,0000000108.png,5,1.0977648208847395,1.0834441886061195,0.2825822171239377,gaussian_noise
learned_recurrent_error,2011_09_26/2011_09_26_drive_0039_sync,109,disturbance,69,109,0000000109.png,1,0.36770869953773766,0.16974234535071947,0.5612918850421882,gaussian_noise
learned_recurrent_error,2011_09_26/2011_09_26_drive_0039_sync,109,disturbance,69,109,0000000109.png,2,0.4255788430103892,0.2996529855607223,0.6981051192137593,gaussian_noise
learned_recurrent_error,2011_09_26/2011_09_26_drive_0039_sync,109,disturbance,69,109,0000000109.png,3,0.9038827448916368,0.8173000219228467,0.5981624200483093,gaussian_noise
learned_recurrent_error,2011_09_26/2011_09_26_drive_0039_sync,109,disturbance,69,109,0000000109.png,4,1.483086536060612,1.422435821150501,0.448891163086184,gaussian_noise
learned_recurrent_error,2011_09_26/2011_09_26_drive_0039_sync,109,disturbance,69,109,0000000109.png,5,1.0973934583932476,1.0836441987507324,0.27880054645251334,gaussian_noise
learned_recurrent_error,2011_09_26/2011_09_26_drive_0039_sync,110,disturbance,70,110,0000000110.png,1,0.36847123844388363,0.17064079261318943,0.5717563955453078,gaussian_noise
learned_recurrent_error,2011_09_26/2011_09_26_drive_0039_sync,110,disturbance,70,110,0000000110.png,2,0.42850729128836634,0.29998515202534726,0.7092188786673961,gaussian_noise
learned_recurrent_error,2011_09_26/2011_09_26_drive_0039_sync,110,disturbance,70,110,0000000110.png,3,0.896802486631973,0.8186304316160045,0.6000917655363722,gaussian_noise
learned_recurrent_error,2011_09_26/2011_09_26_drive_0039_sync,110,disturbance,70,110,0000000110.png,4,1.4795024281769455,1.4242776657970433,0.4488800778052915,gaussian_noise
learned_recurrent_error,2011_09_26/2011_09_26_drive_0039_sync,110,disturbance,70,110,0000000110.png,5,1.0963660309886383,1.083668518101999,0.27576679984055896,gaussian_noise
learned_recurrent_error,2011_09_26/2011_09_26_drive_0039_sync,111,disturbance,71,111,0000000111.png,1,0.368020850920383,0.1724044538562308,0.5767200197155135,gaussian_noise
learned_recurrent_error,2011_09_26/2011_09_26_drive_0039_sync,111,disturbance,71,111,0000000111.png,2,0.42966545629161096,0.30035177634161464,0.7199857364119977,gaussian_noise
learned_recurrent_error,2011_09_26/2011_09_26_drive_0039_sync,111,disturbance,71,111,0000000111.png,3,0.8915137685310148,0.8181339678883284,0.6006831257554461,gaussian_noise
learned_recurrent_error,2011_09_26/2011_09_26_drive_0039_sync,111,disturbance,71,111,0000000111.png,4,1.4694378226778708,1.423865310089484,0.44765332881346104,gaussian_noise
learned_recurrent_error,2011_09_26/2011_09_26_drive_0039_sync,111,disturbance,71,111,0000000111.png,5,1.0942042015283036,1.083317869427101,0.2737125999934071,gaussian_noise
learned_recurrent_error,2011_09_26/2011_09_26_drive_0039_sync,112,disturbance,72,112,0000000112.png,1,0.36834176205236935,0.17524070246538032,0.5694931739847061,gaussian_noise
learned_recurrent_error,2011_09_26/2011_09_26_drive_0039_sync,112,disturbance,72,112,0000000112.png,2,0.4304761141487922,0.3010728336878946,0.7226711771480178,gaussian_noise
learned_recurrent_error,2011_09_26/2011_09_26_drive_0039_sync,112,disturbance,72,112,0000000112.png,3,0.8949747984095023,0.8171717777129336,0.5998755688751862,gaussian_noise
learned_recurrent_error,2011_09_26/2011_09_26_drive_0039_sync,112,disturbance,72,112,0000000112.png,4,1.46261517831813,1.421174996896219,0.44614035664203455,gaussian_noise
learned_recurrent_error,2011_09_26/2011_09_26_drive_0039_sync,112,disturbance,72,112,0000000112.png,5,1.0930332068450042,1.0827171534244275,0.27276619379619244,gaussian_noise
learned_recurrent_error,2011_09_26/2011_09_26_drive_0039_sync,113,disturbance,73,113,0000000113.png,1,0.3724426779658458,0.17866705578171163,0.5621187554910052,gaussian_noise
learned_recurrent_error,2011_09_26/2011_09_26_drive_0039_sync,113,disturbance,73,113,0000000113.png,2,0.42918243255746785,0.30175311607476474,0.7193835896957195,gaussian_noise
learned_recurrent_error,2011_09_26/2011_09_26_drive_0039_sync,113,disturbance,73,113,0000000113.png,3,0.9015889721638228,0.8169936638451986,0.597294804793762,gaussian_noise
learned_recurrent_error,2011_09_26/2011_09_26_drive_0039_sync,113,disturbance,73,113,0000000113.png,4,1.4643243233483718,1.4179362633097654,0.44425507595713715,gaussian_noise
learned_recurrent_error,2011_09_26/2011_09_26_drive_0039_sync,113,disturbance,73,113,0000000113.png,5,1.0944692558045594,1.0823977791437767,0.27299736914071415,gaussian_noise
learned_recurrent_error,2011_09_26/2011_09_26_drive_0039_sync,114,disturbance,74,114,0000000114.png,1,0.3730928416383406,0.18109866418992848,0.5593539404094555,gaussian_noise
learned_recurrent_error,2011_09_26/2011_09_26_drive_0039_sync,114,disturbance,74,114,0000000114.png,2,0.4293166783352837,0.3018851410997758,0.7179513427729644,gaussian_noise
learned_recurrent_error,2011_09_26/2011_09_26_drive_0039_sync,114,disturbance,74,114,0000000114.png,3,0.901071750126843,0.8176287640177533,0.5951466597390732,gaussian_noise
learned_recurrent_error,2011_09_26/2011_09_26_drive_0039_sync,114,disturbance,74,114,0000000114.png,4,1.4712995977342596,1.416322974334679,0.44342897176192925,gaussian_noise
learned_recurrent_error,2011_09_26/2011_09_26_drive_0039_sync,114,disturbance,74,114,0000000114.png,5,1.0973909347697282,1.08269654235056,0.27401741382818773,gaussian_noise
learned_recurrent_error,2011_09_26/2011_09_26_drive_0039_sync,115,disturbance,75,115,0000000115.png,1,0.38491475908869865,0.18150506123327936,0.5626323569800721,gaussian_noise
learned_recurrent_error,2011_09_26/2011_09_26_drive_0039_sync,115,disturbance,75,115,0000000115.png,2,0.43293442422184075,0.3020422457312882,0.7245207454286644,gaussian_noise
learned_recurrent_error,2011_09_26/2011_09_26_drive_0039_sync,115,disturbance,75,115,0000000115.png,3,0.8916895765269957,0.8175989001620179,0.5921244542639742,gaussian_noise
learned_recurrent_error,2011_09_26/2011_09_26_drive_0039_sync,115,disturbance,75,115,0000000115.png,4,1.470779920164076,1.4166561871824688,0.4429661040235451,gaussian_noise
learned_recurrent_error,2011_09_26/2011_09_26_drive_0039_sync,115,disturbance,75,115,0000000115.png,5,1.0993655205295025,1.0835120083905256,0.2748174013169414,gaussian_noise
learned_recurrent_error,2011_09_26/2011_09_26_drive_0039_sync,116,disturbance,76,116,0000000116.png,1,0.3860827128465085,0.17980895944898706,0.569881280399501,gaussian_noise
learned_recurrent_error,2011_09_26/2011_09_26_drive_0039_sync,116,disturbance,76,116,0000000116.png,2,0.433847878208292,0.3021953213666153,0.7345437240189007,gaussian_noise
learned_recurrent_error,2011_09_26/2011_09_26_drive_0039_sync,116,disturbance,76,116,0000000116.png,3,0.8816673599729878,0.8160246239828116,0.5884379657076156,gaussian_noise
learned_recurrent_error,2011_09_26/2011_09_26_drive_0039_sync,116,disturbance,76,116,0000000116.png,4,1.4596950250235134,1.4165157805559967,0.44103295703244233,gaussian_noise
learned_recurrent_error,2011_09_26/2011_09_26_drive_0039_sync,116,disturbance,76,116,0000000116.png,5,1.0983062875112881,1.0842378687890464,0.2742632664513571,gaussian_noise
learned_recurrent_error,2011_09_26/2011_09_26_drive_0039_sync,117,disturbance,77,117,0000000117.png,1,0.38364272872686533,0.18006004577592225,0.5740648256983693,gaussian_noise
learned_recurrent_error,2011_09_26/2011_09_26_drive_0039_sync,117,disturbance,77,117,0000000117.png,2,0.4326336858894118,0.3018359070329694,0.742709022534328,gaussian_noise
learned_recurrent_error,2011_09_26/2011_09_26_drive_0039_sync,117,disturbance,77,117,0000000117.png,3,0.8752305245634324,0.81311215072616,0.5855928200183174,gaussian_noise
learned_recurrent_error,2011_09_26/2011_09_26_drive_0039_sync,117,disturbance,77,117,0000000117.png,4,1.4438551061035458,1.413710540684658,0.43661895689997055,gaussian_noise
learned_recurrent_error,2011_09_26/2011_09_26_drive_0039_sync,117,disturbance,77,117,0000000117.png,5,1.094113918573937,1.0840994252002139,0.2719527098684188,gaussian_noise
learned_recurrent_error,2011_09_26/2011_09_26_drive_0039_sync,118,disturbance,78,118,0000000118.png,1,0.3720082174514767,0.18139446565726644,0.5695387108433523,gaussian_noise
learned_recurrent_error,2011_09_26/2011_09_26_drive_0039_sync,118,disturbance,78,118,0000000118.png,2,0.4330014636091549,0.30192156059271397,0.7422658066933947,gaussian_noise
learned_recurrent_error,2011_09_26/2011_09_26_drive_0039_sync,118,disturbance,78,118,0000000118.png,3,0.8779016841508658,0.8100650037511659,0.5867103936162488,gaussian_noise
learned_recurrent_error,2011_09_26/2011_09_26_drive_0039_sync,118,disturbance,78,118,0000000118.png,4,1.4296040902573186,1.4077236988719837,0.4319011677580769,gaussian_noise
learned_recurrent_error,2011_09_26/2011_09_26_drive_0039_sync,118,disturbance,78,118,0000000118.png,5,1.0883595649675049,1.0827445925163721,0.2692786474671261,gaussian_noise
learned_recurrent_error,2011_09_26/2011_09_26_drive_0039_sync,119,disturbance,79,119,0000000119.png,1,0.37759574506840216,0.1824407831531479,0.5713696340428278,gaussian_noise
learned_recurrent_error,2011_09_26/2011_09_26_drive_0039_sync,119,disturbance,79,119,0000000119.png,2,0.431514406223079,0.3019428605707751,0.7442821339111916,gaussian_noise
learned_recurrent_error,2011_09_26/2011_09_26_drive_0039_sync,119,disturbance,79,119,0000000119.png,3,0.8757097519036806,0.8075110009101323,0.5903959814678955,gaussian_noise
learned_recurrent_error,2011_09_26/2011_09_26_drive_0039_sync,119,disturbance,79,119,0000000119.png,4,1.4243294926460008,1.4008233027373795,0.4300031286476339,gaussian_noise
learned_recurrent_error,2011_09_26/2011_09_26_drive_0039_sync,119,disturbance,79,119,0000000119.png,5,1.0827150891455757,1.0803144515051275,0.26793185949468273,gaussian_noise
learned_recurrent_error,2011_09_26/2011_09_26_drive_0039_sync,120,recovery,0,120,0000000120.png,1,0.25625876222093186,0.16276769612604827,0.4314326228021583,gaussian_noise
learned_recurrent_error,2011_09_26/2011_09_26_drive_0039_sync,120,recovery,0,120,0000000120.png,2,0.38346334656647624,0.29828323666773415,0.7016174713519018,gaussian_noise
learned_recurrent_error,2011_09_26/2011_09_26_drive_0039_sync,120,recovery,0,120,0000000120.png,3,0.8554358092381519,0.8024484231311831,0.5830880896692635,gaussian_noise
learned_recurrent_error,2011_09_26/2011_09_26_drive_0039_sync,120,recovery,0,120,0000000120.png,4,1.4230562887905522,1.3947046653538226,0.4283918658684417,gaussian_noise
learned_recurrent_error,2011_09_26/2011_09_26_drive_0039_sync,120,recovery,0,120,0000000120.png,5,1.0788295457382637,1.0773625878405104,0.2675311748004108,gaussian_noise
learned_recurrent_error,2011_09_26/2011_09_26_drive_0039_sync,121,recovery,1,121,0000000121.png,1,0.23983803964452072,0.1512992254918856,0.34179582531566405,gaussian_noise
learned_recurrent_error,2011_09_26/2011_09_26_drive_0039_sync,121,recovery,1,121,0000000121.png,2,0.3645905037674844,0.29216160924587214,0.637799028771721,gaussian_noise
learned_recurrent_error,2011_09_26/2011_09_26_drive_0039_sync,121,recovery,1,121,0000000121.png,3,0.8332621825706911,0.7935746254281651,0.5645037103778686,gaussian_noise
learned_recurrent_error,2011_09_26/2011_09_26_drive_0039_sync,121,recovery,1,121,0000000121.png,4,1.4209753999794885,1.3895270080733668,0.42350122890680014,gaussian_noise
learned_recurrent_error,2011_09_26/2011_09_26_drive_0039_sync,121,recovery,1,121,0000000121.png,5,1.0766344098643572,1.074513775892877,0.26652848085043446,gaussian_noise
learned_recurrent_error,2011_09_26/2011_09_26_drive_0039_sync,122,recovery,2,122,0000000122.png,1,0.23501775345890383,0.14427387588985524,0.27375611148502593,gaussian_noise
learned_recurrent_error,2011_09_26/2011_09_26_drive_0039_sync,122,recovery,2,122,0000000122.png,2,0.35289260332665784,0.2849991590069078,0.56534065542041,gaussian_noise
learned_recurrent_error,2011_09_26/2011_09_26_drive_0039_sync,122,recovery,2,122,0000000122.png,3,0.8181622690340109,0.7815032447924163,0.5367972009997244,gaussian_noise
learned_recurrent_error,2011_09_26/2011_09_26_drive_0039_sync,122,recovery,2,122,0000000122.png,4,1.4198908312415182,1.3844560463189028,0.41251435788011703,gaussian_noise
learned_recurrent_error,2011_09_26/2011_09_26_drive_0039_sync,122,recovery,2,122,0000000122.png,5,1.075866885241157,1.0722063627222835,0.2641438658525665,gaussian_noise
learned_recurrent_error,2011_09_26/2011_09_26_drive_0039_sync,123,recovery,3,123,0000000123.png,1,0.23541001741951773,0.14011137044193533,0.22045716648829497,gaussian_noise
learned_recurrent_error,2011_09_26/2011_09_26_drive_0039_sync,123,recovery,3,123,0000000123.png,2,0.343688043891838,0.27772726384501023,0.49182270521942795,gaussian_noise
learned_recurrent_error,2011_09_26/2011_09_26_drive_0039_sync,123,recovery,3,123,0000000123.png,3,0.811202013759822,0.7681880508286542,0.5015097318155795,gaussian_noise
learned_recurrent_error,2011_09_26/2011_09_26_drive_0039_sync,123,recovery,3,123,0000000123.png,4,1.424023904080029,1.3789061852346955,0.39546047834981213,gaussian_noise
learned_recurrent_error,2011_09_26/2011_09_26_drive_0039_sync,123,recovery,3,123,0000000123.png,5,1.0763759675086235,1.0702620853622142,0.2600569612209855,gaussian_noise
learned_recurrent_error,2011_09_26/2011_09_26_drive_0039_sync,124,recovery,4,124,0000000124.png,1,0.24100634187146197,0.13917212947202548,0.17785440138148323,gaussian_noise
learned_recurrent_error,2011_09_26/2011_09_26_drive_0039_sync,124,recovery,4,124,0000000124.png,2,0.3369357641189032,0.2709246561558188,0.42001655540818994,gaussian_noise
learned_recurrent_error,2011_09_26/2011_09_26_drive_0039_sync,124,recovery,4,124,0000000124.png,3,0.8131221208424096,0.7558817219974515,0.4597309022653136,gaussian_noise
learned_recurrent_error,2011_09_26/2011_09_26_drive_0039_sync,124,recovery,4,124,0000000124.png,4,1.436625653443433,1.3736361742674845,0.3736993947220506,gaussian_noise
learned_recurrent_error,2011_09_26/2011_09_26_drive_0039_sync,124,recovery,4,124,0000000124.png,5,1.0784706486158415,1.0683448275549294,0.2541998257303618,gaussian_noise
learned_recurrent_error,2011_09_26/2011_09_26_drive_0039_sync,125,recovery,5,125,0000000125.png,1,0.24388856310852458,0.1376280947419169,0.146624566140035,gaussian_noise
learned_recurrent_error,2011_09_26/2011_09_26_drive_0039_sync,125,recovery,5,125,0000000125.png,2,0.33255898202365947,0.2641980670170744,0.35976479834490005,gaussian_noise
learned_recurrent_error,2011_09_26/2011_09_26_drive_0039_sync,125,recovery,5,125,0000000125.png,3,0.8003304909915094,0.7445085891600944,0.4146005980011594,gaussian_noise
learned_recurrent_error,2011_09_26/2011_09_26_drive_0039_sync,125,recovery,5,125,0000000125.png,4,1.4513916970391794,1.3705581294729086,0.34956272777104225,gaussian_noise
learned_recurrent_error,2011_09_26/2011_09_26_drive_0039_sync,125,recovery,5,125,0000000125.png,5,1.0811962609196104,1.0663657631585088,0.24534948770456827,gaussian_noise
learned_recurrent_error,2011_09_26/2011_09_26_drive_0039_sync,126,recovery,6,126,0000000126.png,1,0.22955878037249858,0.1319885322060153,0.12218364101426196,gaussian_noise
learned_recurrent_error,2011_09_26/2011_09_26_drive_0039_sync,126,recovery,6,126,0000000126.png,2,0.3329069566328041,0.2583799924117237,0.311132572479471,gaussian_noise
learned_recurrent_error,2011_09_26/2011_09_26_drive_0039_sync,126,recovery,6,126,0000000126.png,3,0.7762360328430998,0.7320593177163637,0.36917250914623684,gaussian_noise
learned_recurrent_error,2011_09_26/2011_09_26_drive_0039_sync,126,recovery,6,126,0000000126.png,4,1.455187742125261,1.3696753180326215,0.32279908472394814,gaussian_noise
learned_recurrent_error,2011_09_26/2011_09_26_drive_0039_sync,126,recovery,6,126,0000000126.png,5,1.0827617398770382,1.0645124466263907,0.23302989750106373,gaussian_noise
learned_recurrent_error,2011_09_26/2011_09_26_drive_0039_sync,127,recovery,7,127,0000000127.png,1,0.2033656112865709,0.12577408539228313,0.09996811771258855,gaussian_noise
learned_recurrent_error,2011_09_26/2011_09_26_drive_0039_sync,127,recovery,7,127,0000000127.png,2,0.3323245229036246,0.2545251944397799,0.26303026392723317,gaussian_noise
learned_recurrent_error,2011_09_26/2011_09_26_drive_0039_sync,127,recovery,7,127,0000000127.png,3,0.7712386026485826,0.7199124553600693,0.3238252836273961,gaussian_noise
learned_recurrent_error,2011_09_26/2011_09_26_drive_0039_sync,127,recovery,7,127,0000000127.png,4,1.455490457858807,1.3694878977666871,0.2928390895892644,gaussian_noise
learned_recurrent_error,2011_09_26/2011_09_26_drive_0039_sync,127,recovery,7,127,0000000127.png,5,1.0834500733310195,1.062817920366896,0.21719375775500324,gaussian_noise
learned_recurrent_error,2011_09_26/2011_09_26_drive_0039_sync,128,recovery,8,128,0000000128.png,1,0.2072607394587968,0.11823607543116971,0.08334026272753012,gaussian_noise
learned_recurrent_error,2011_09_26/2011_09_26_drive_0039_sync,128,recovery,8,128,0000000128.png,2,0.3201994980248003,0.25045898841902814,0.22205422365848665,gaussian_noise
learned_recurrent_error,2011_09_26/2011_09_26_drive_0039_sync,128,recovery,8,128,0000000128.png,3,0.7634540336462798,0.7105829680916121,0.28066550728173584,gaussian_noise
learned_recurrent_error,2011_09_26/2011_09_26_drive_0039_sync,128,recovery,8,128,0000000128.png,4,1.4573838126465568,1.3702473320006163,0.2614969450781975,gaussian_noise
learned_recurrent_error,2011_09_26/2011_09_26_drive_0039_sync,128,recovery,8,128,0000000128.png,5,1.0849189461548994,1.0615253145138228,0.1998020205207808,gaussian_noise
learned_recurrent_error,2011_09_26/2011_09_26_drive_0039_sync,129,recovery,9,129,0000000129.png,1,0.2078115693564615,0.11255473168717868,0.0700490340238782,gaussian_noise
learned_recurrent_error,2011_09_26/2011_09_26_drive_0039_sync,129,recovery,9,129,0000000129.png,2,0.3184818954548434,0.24608881549214304,0.1894502329994188,gaussian_noise
learned_recurrent_error,2011_09_26/2011_09_26_drive_0039_sync,129,recovery,9,129,0000000129.png,3,0.745506406920194,0.7005624180060187,0.24213506512508046,gaussian_noise
learned_recurrent_error,2011_09_26/2011_09_26_drive_0039_sync,129,recovery,9,129,0000000129.png,4,1.4465807763687855,1.3702345723564548,0.2312562523475278,gaussian_noise
learned_recurrent_error,2011_09_26/2011_09_26_drive_0039_sync,129,recovery,9,129,0000000129.png,5,1.0856853508969215,1.0607881284927299,0.18289130711812682,gaussian_noise
learned_recurrent_error,2011_09_26/2011_09_26_drive_0039_sync,130,recovery,10,130,0000000130.png,1,0.1930203621861886,0.10896268318159108,0.05761315204923699,gaussian_noise
learned_recurrent_error,2011_09_26/2011_09_26_drive_0039_sync,130,recovery,10,130,0000000130.png,2,0.3185781266111438,0.24302305197247095,0.15849012200790832,gaussian_noise
learned_recurrent_error,2011_09_26/2011_09_26_drive_0039_sync,130,recovery,10,130,0000000130.png,3,0.7454340708993176,0.6906510169198362,0.20657484560406447,gaussian_noise
learned_recurrent_error,2011_09_26/2011_09_26_drive_0039_sync,130,recovery,10,130,0000000130.png,4,1.4342105163022074,1.3676572262623312,0.20281611521718235,gaussian_noise
learned_recurrent_error,2011_09_26/2011_09_26_drive_0039_sync,130,recovery,10,130,0000000130.png,5,1.0856646073984513,1.060493985410026,0.16685468507882,gaussian_noise
learned_recurrent_error,2011_09_26/2011_09_26_drive_0039_sync,131,recovery,11,131,0000000131.png,1,0.19916150326999235,0.106126747303111,0.047674418022198614,gaussian_noise
learned_recurrent_error,2011_09_26/2011_09_26_drive_0039_sync,131,recovery,11,131,0000000131.png,2,0.30865716192743403,0.23951210270539466,0.13118616434449704,gaussian_noise
learned_recurrent_error,2011_09_26/2011_09_26_drive_0039_sync,131,recovery,11,131,0000000131.png,3,0.7462982072298633,0.6830267217429394,0.1743495681665919,gaussian_noise
learned_recurrent_error,2011_09_26/2011_09_26_drive_0039_sync,131,recovery,11,131,0000000131.png,4,1.4328840696711722,1.3641415385671063,0.17714246873959713,gaussian_noise
learned_recurrent_error,2011_09_26/2011_09_26_drive_0039_sync,131,recovery,11,131,0000000131.png,5,1.0866824830347206,1.06066338366976,0.15171186493150682,gaussian_noise
learned_recurrent_error,2011_09_26/2011_09_26_drive_0039_sync,132,recovery,12,132,0000000132.png,1,0.21091734279356358,0.1030785405760481,0.03962325697116465,gaussian_noise
learned_recurrent_error,2011_09_26/2011_09_26_drive_0039_sync,132,recovery,12,132,0000000132.png,2,0.307659353698671,0.23634028776946941,0.10941581685562438,gaussian_noise
learned_recurrent_error,2011_09_26/2011_09_26_drive_0039_sync,132,recovery,12,132,0000000132.png,3,0.7350941176496216,0.6772477009837504,0.14685713765177932,gaussian_noise
learned_recurrent_error,2011_09_26/2011_09_26_drive_0039_sync,132,recovery,12,132,0000000132.png,4,1.4351492137755464,1.3619005026692872,0.15439980842925985,gaussian_noise
learned_recurrent_error,2011_09_26/2011_09_26_drive_0039_sync,132,recovery,12,132,0000000132.png,5,1.0882962790023887,1.061290710113415,0.1373122619624717,gaussian_noise
learned_recurrent_error,2011_09_26/2011_09_26_drive_0039_sync,133,recovery,13,133,0000000133.png,1,0.19080376449687617,0.10117234416592855,0.03257476391323251,gaussian_noise
learned_recurrent_error,2011_09_26/2011_09_26_drive_0039_sync,133,recovery,13,133,0000000133.png,2,0.30640674380940447,0.2343039624020947,0.09066797474363003,gaussian_noise
learned_recurrent_error,2011_09_26/2011_09_26_drive_0039_sync,133,recovery,13,133,0000000133.png,3,0.734774017902254,0.6724355671144677,0.12341059951572174,gaussian_noise
learned_recurrent_error,2011_09_26/2011_09_26_drive_0039_sync,133,recovery,13,133,0000000133.png,4,1.4364356362677306,1.3610787997653198,0.13402273161294362,gaussian_noise
learned_recurrent_error,2011_09_26/2011_09_26_drive_0039_sync,133,recovery,13,133,0000000133.png,5,1.0895821204457234,1.0622571042052933,0.12399870535779337,gaussian_noise
learned_recurrent_error,2011_09_26/2011_09_26_drive_0039_sync,134,recovery,14,134,0000000134.png,1,0.18356423505760613,0.10093772584046803,0.02657287109195527,gaussian_noise
learned_recurrent_error,2011_09_26/2011_09_26_drive_0039_sync,134,recovery,14,134,0000000134.png,2,0.3075821823161392,0.23314712907853186,0.07439564102121904,gaussian_noise
learned_recurrent_error,2011_09_26/2011_09_26_drive_0039_sync,134,recovery,14,134,0000000134.png,3,0.7451046347528856,0.6695366021342143,0.10350156161446174,gaussian_noise
learned_recurrent_error,2011_09_26/2011_09_26_drive_0039_sync,134,recovery,14,134,0000000134.png,4,1.439519082480444,1.3610959980448836,0.11535642753304165,gaussian_noise
learned_recurrent_error,2011_09_26/2011_09_26_drive_0039_sync,134,recovery,14,134,0000000134.png,5,1.0909003970575297,1.063471166884709,0.11192740137547591,gaussian_noise
learned_recurrent_error,2011_09_26/2011_09_26_drive_0039_sync,135,recovery,15,135,0000000135.png,1,0.1843256817006806,0.1007892392855926,0.021708066692455574,gaussian_noise
learned_recurrent_error,2011_09_26/2011_09_26_drive_0039_sync,135,recovery,15,135,0000000135.png,2,0.30732645318388485,0.2322697505281203,0.06083615543629295,gaussian_noise
learned_recurrent_error,2011_09_26/2011_09_26_drive_0039_sync,135,recovery,15,135,0000000135.png,3,0.7581075315164182,0.6691397012494704,0.08668869122402735,gaussian_noise
learned_recurrent_error,2011_09_26/2011_09_26_drive_0039_sync,135,recovery,15,135,0000000135.png,4,1.4467291853161934,1.3616625470744168,0.09894757881919933,gaussian_noise
learned_recurrent_error,2011_09_26/2011_09_26_drive_0039_sync,135,recovery,15,135,0000000135.png,5,1.0925386306085636,1.0648259071988302,0.10134157129008788,gaussian_noise
learned_recurrent_error,2011_09_26/2011_09_26_drive_0039_sync,136,recovery,16,136,0000000136.png,1,0.19711091038253212,0.1007233123900803,0.017889208239981795,gaussian_noise
learned_recurrent_error,2011_09_26/2011_09_26_drive_0039_sync,136,recovery,16,136,0000000136.png,2,0.30918238139529397,0.23139305380231756,0.05013500391421172,gaussian_noise
learned_recurrent_error,2011_09_26/2011_09_26_drive_0039_sync,136,recovery,16,136,0000000136.png,3,0.7614067948592586,0.6699185097027723,0.07261767881726842,gaussian_noise
learned_recurrent_error,2011_09_26/2011_09_26_drive_0039_sync,136,recovery,16,136,0000000136.png,4,1.4555480623799104,1.3629943282417318,0.08502867336907409,gaussian_noise
learned_recurrent_error,2011_09_26/2011_09_26_drive_0039_sync,136,recovery,16,136,0000000136.png,5,1.095141516256317,1.0662859758423096,0.0922164072369895,gaussian_noise
learned_recurrent_error,2011_09_26/2011_09_26_drive_0039_sync,137,recovery,17,137,0000000137.png,1,0.1967257584572098,0.10116346669627527,0.014710594016478794,gaussian_noise
learned_recurrent_error,2011_09_26/2011_09_26_drive_0039_sync,137,recovery,17,137,0000000137.png,2,0.31202291910715835,0.23113289782746735,0.04137121623692512,gaussian_noise
learned_recurrent_error,2011_09_26/2011_09_26_drive_0039_sync,137,recovery,17,137,0000000137.png,3,0.7668027833271046,0.6716687054322201,0.06070581972769794,gaussian_noise
learned_recurrent_error,2011_09_26/2011_09_26_drive_0039_sync,137,recovery,17,137,0000000137.png,4,1.4649138124505716,1.3652617189545397,0.07285969829760873,gaussian_noise
learned_recurrent_error,2011_09_26/2011_09_26_drive_0039_sync,137,recovery,17,137,0000000137.png,5,1.0988027084196175,1.0679674538795905,0.08436616260658304,gaussian_noise
learned_recurrent_error,2011_09_26/2011_09_26_drive_0039_sync,138,recovery,18,138,0000000138.png,1,0.20682405211290808,0.1015715363947326,0.012202539203852928,gaussian_noise
learned_recurrent_error,2011_09_26/2011_09_26_drive_0039_sync,138,recovery,18,138,0000000138.png,2,0.31532980391743254,0.2313945268203526,0.034560945576734906,gaussian_noise
learned_recurrent_error,2011_09_26/2011_09_26_drive_0039_sync,138,recovery,18,138,0000000138.png,3,0.7638807550476732,0.6729231247209465,0.05082096116394706,gaussian_noise
learned_recurrent_error,2011_09_26/2011_09_26_drive_0039_sync,138,recovery,18,138,0000000138.png,4,1.4694949572506348,1.3681346728645745,0.062422952117808565,gaussian_noise
learned_recurrent_error,2011_09_26/2011_09_26_drive_0039_sync,138,recovery,18,138,0000000138.png,5,1.1015418275581723,1.0698778709841998,0.07754923966271814,gaussian_noise
learned_recurrent_error,2011_09_26/2011_09_26_drive_0039_sync,139,recovery,19,139,0000000139.png,1,0.2061464562063699,0.10181348342247988,0.010114039439061273,gaussian_noise
learned_recurrent_error,2011_09_26/2011_09_26_drive_0039_sync,139,recovery,19,139,0000000139.png,2,0.3197156608195883,0.2321893882874454,0.02908074006150702,gaussian_noise
learned_recurrent_error,2011_09_26/2011_09_26_drive_0039_sync,139,recovery,19,139,0000000139.png,3,0.7626212404188679,0.6731602782714938,0.04270395930175148,gaussian_noise
learned_recurrent_error,2011_09_26/2011_09_26_drive_0039_sync,139,recovery,19,139,0000000139.png,4,1.4681515324765606,1.3703213101472689,0.05381419367215659,gaussian_noise
learned_recurrent_error,2011_09_26/2011_09_26_drive_0039_sync,139,recovery,19,139,0000000139.png,5,1.1021917200488596,1.0717864168585582,0.07159047335862731,gaussian_noise
learned_recurrent_error,2011_09_26/2011_09_26_drive_0039_sync,140,recovery,20,140,0000000140.png,1,0.20516689208312344,0.10187363671116971,0.008382966539991802,gaussian_noise
learned_recurrent_error,2011_09_26/2011_09_26_drive_0039_sync,140,recovery,20,140,0000000140.png,2,0.3232416939512265,0.2332807889261235,0.02449767951839922,gaussian_noise
learned_recurrent_error,2011_09_26/2011_09_26_drive_0039_sync,140,recovery,20,140,0000000140.png,3,0.7656740109833241,0.6729621417670343,0.03604465667979077,gaussian_noise
learned_recurrent_error,2011_09_26/2011_09_26_drive_0039_sync,140,recovery,20,140,0000000140.png,4,1.4655599707509637,1.3710620341512785,0.0464726365819377,gaussian_noise
learned_recurrent_error,2011_09_26/2011_09_26_drive_0039_sync,140,recovery,20,140,0000000140.png,5,1.1015893701873807,1.0733511650406828,0.06646221562130768,gaussian_noise
learned_recurrent_error,2011_09_26/2011_09_26_drive_0039_sync,141,recovery,21,141,0000000141.png,1,0.2132157855850082,0.10213314715769854,0.0069949858303941315,gaussian_noise
learned_recurrent_error,2011_09_26/2011_09_26_drive_0039_sync,141,recovery,21,141,0000000141.png,2,0.32536945818014545,0.23421120546553778,0.020830151982352673,gaussian_noise
learned_recurrent_error,2011_09_26/2011_09_26_drive_0039_sync,141,recovery,21,141,0000000141.png,3,0.7667684053512233,0.6726880138821195,0.030523327843732743,gaussian_noise
learned_recurrent_error,2011_09_26/2011_09_26_drive_0039_sync,141,recovery,21,141,0000000141.png,4,1.4628848169036175,1.370387133626104,0.04003750124197545,gaussian_noise
learned_recurrent_error,2011_09_26/2011_09_26_drive_0039_sync,141,recovery,21,141,0000000141.png,5,1.100778759684703,1.0744182366412856,0.06221826526059551,gaussian_noise
learned_recurrent_error,2011_09_26/2011_09_26_drive_0039_sync,142,recovery,22,142,0000000142.png,1,0.21609530129463864,0.10266862988766969,0.005834926647151838,gaussian_noise
learned_recurrent_error,2011_09_26/2011_09_26_drive_0039_sync,142,recovery,22,142,0000000142.png,2,0.32896111739613365,0.23539336084399515,0.017784934587822942,gaussian_noise
learned_recurrent_error,2011_09_26/2011_09_26_drive_0039_sync,142,recovery,22,142,0000000142.png,3,0.7705804869462352,0.6727976326271924,0.02585908582521345,gaussian_noise
learned_recurrent_error,2011_09_26/2011_09_26_drive_0039_sync,142,recovery,22,142,0000000142.png,4,1.4622067834572041,1.3688740840817593,0.03453273029944806,gaussian_noise
learned_recurrent_error,2011_09_26/2011_09_26_drive_0039_sync,142,recovery,22,142,0000000142.png,5,1.0998347203926586,1.0749899135230518,0.05875456088298439,gaussian_noise
learned_recurrent_error,2011_09_26/2011_09_26_drive_0039_sync,143,recovery,23,143,0000000143.png,1,0.21934758599296167,0.10227576565973347,0.004864778927230117,gaussian_noise
learned_recurrent_error,2011_09_26/2011_09_26_drive_0039_sync,143,recovery,23,143,0000000143.png,2,0.32815769919429555,0.2367836343687216,0.015189693110190057,gaussian_noise
learned_recurrent_error,2011_09_26/2011_09_26_drive_0039_sync,143,recovery,23,143,0000000143.png,3,0.781132009202699,0.6745547474071625,0.02187673677574918,gaussian_noise
learned_recurrent_error,2011_09_26/2011_09_26_drive_0039_sync,143,recovery,23,143,0000000143.png,4,1.4670050252675289,1.367769695467845,0.029848000867560398,gaussian_noise
learned_recurrent_error,2011_09_26/2011_09_26_drive_0039_sync,143,recovery,23,143,0000000143.png,5,1.100102545885502,1.0754019326611024,0.05583692242960974,gaussian_noise
learned_recurrent_error,2011_09_26/2011_09_26_drive_0039_sync,144,recovery,24,144,0000000144.png,1,0.21831002839355,0.10216026741723522,0.004099036979402111,gaussian_noise
learned_recurrent_error,2011_09_26/2011_09_26_drive_0039_sync,144,recovery,24,144,0000000144.png,2,0.32927243694262975,0.23751240318310907,0.013167834546950299,gaussian_noise
learned_recurrent_error,2011_09_26/2011_09_26_drive_0039_sync,144,recovery,24,144,0000000144.png,3,0.7865555130470617,0.6774017412738162,0.018478213882993116,gaussian_noise
learned_recurrent_error,2011_09_26/2011_09_26_drive_0039_sync,144,recovery,24,144,0000000144.png,4,1.4728204995626741,1.3678302318836904,0.025707438803428337,gaussian_noise
learned_recurrent_error,2011_09_26/2011_09_26_drive_0039_sync,144,recovery,24,144,0000000144.png,5,1.100840965101546,1.0758969012200004,0.05334721114083557,gaussian_noise
learned_recurrent_error,2011_09_26/2011_09_26_drive_0039_sync,145,recovery,25,145,0000000145.png,1,0.20846812142738358,0.10221379395538836,0.0034480833632990378,gaussian_noise
learned_recurrent_error,2011_09_26/2011_09_26_drive_0039_sync,145,recovery,25,145,0000000145.png,2,0.3331761757244119,0.23886733064197355,0.01149232442269393,gaussian_noise
learned_recurrent_error,2011_09_26/2011_09_26_drive_0039_sync,145,recovery,25,145,0000000145.png,3,0.7950910611353601,0.6811306703772833,0.015598231080297464,gaussian_noise
learned_recurrent_error,2011_09_26/2011_09_26_drive_0039_sync,145,recovery,25,145,0000000145.png,4,1.4802484426302214,1.3692478242254147,0.022178048567655727,gaussian_noise
learned_recurrent_error,2011_09_26/2011_09_26_drive_0039_sync,145,recovery,25,145,0000000145.png,5,1.1014132757414565,1.076364729721688,0.051236026421589594,gaussian_noise
learned_recurrent_error,2011_09_26/2011_09_26_drive_0039_sync,146,recovery,26,146,0000000146.png,1,0.2106076872055755,0.10304603474653252,0.0029323805501249934,gaussian_noise
learned_recurrent_error,2011_09_26/2011_09_26_drive_0039_sync,146,recovery,26,146,0000000146.png,2,0.32964363291221543,0.24014088267286407,0.010121163764683054,gaussian_noise
learned_recurrent_error,2011_09_26/2011_09_26_drive_0039_sync,146,recovery,26,146,0000000146.png,3,0.7991550629307351,0.6857811795330774,0.01313492505825029,gaussian_noise
learned_recurrent_error,2011_09_26/2011_09_26_drive_0039_sync,146,recovery,26,146,0000000146.png,4,1.4905324858984283,1.3725507110083817,0.019343010559536786,gaussian_noise
learned_recurrent_error,2011_09_26/2011_09_26_drive_0039_sync,146,recovery,26,146,0000000146.png,5,1.103041046464091,1.076879586876498,0.04932468338441982,gaussian_noise
learned_recurrent_error,2011_09_26/2011_09_26_drive_0039_sync,147,recovery,27,147,0000000147.png,1,0.20400948059079163,0.10425570078825665,0.0025065555183151093,gaussian_noise
learned_recurrent_error,2011_09_26/2011_09_26_drive_0039_sync,147,recovery,27,147,0000000147.png,2,0.33024405088972847,0.24098685392241556,0.009030443677724282,gaussian_noise
learned_recurrent_error,2011_09_26/2011_09_26_drive_0039_sync,147,recovery,27,147,0000000147.png,3,0.8000644194966482,0.6899794953485087,0.01106345792199634,gaussian_noise
learned_recurrent_error,2011_09_26/2011_09_26_drive_0039_sync,147,recovery,27,147,0000000147.png,4,1.4978136664664266,1.3772000185689566,0.01701950864806571,gaussian_noise
learned_recurrent_error,2011_09_26/2011_09_26_drive_0039_sync,147,recovery,27,147,0000000147.png,5,1.1059248587676516,1.0777009747852542,0.047489158387735916,gaussian_noise
learned_recurrent_error,2011_09_26/2011_09_26_drive_0039_sync,148,recovery,28,148,0000000148.png,1,0.20441508420734825,0.10520897328402105,0.0021448782657334264,gaussian_noise
learned_recurrent_error,2011_09_26/2011_09_26_drive_0039_sync,148,recovery,28,148,0000000148.png,2,0.33094921392367926,0.2419559518342295,0.008091014336499608,gaussian_noise
learned_recurrent_error,2011_09_26/2011_09_26_drive_0039_sync,148,recovery,28,148,0000000148.png,3,0.8085765156282764,0.6947872396587812,0.009298483381174835,gaussian_noise
learned_recurrent_error,2011_09_26/2011_09_26_drive_0039_sync,148,recovery,28,148,0000000148.png,4,1.5066010908080925,1.382858919658041,0.015145984210185098,gaussian_noise
learned_recurrent_error,2011_09_26/2011_09_26_drive_0039_sync,148,recovery,28,148,0000000148.png,5,1.1100944599709612,1.0790804057225745,0.04570844511606432,gaussian_noise
learned_recurrent_error,2011_09_26/2011_09_26_drive_0039_sync,149,recovery,29,149,0000000149.png,1,0.21675138248173248,0.10636028195501131,0.0018753518720176835,gaussian_noise
learned_recurrent_error,2011_09_26/2011_09_26_drive_0039_sync,149,recovery,29,149,0000000149.png,2,0.33150830560457994,0.24232245604222283,0.007399883098394092,gaussian_noise
learned_recurrent_error,2011_09_26/2011_09_26_drive_0039_sync,149,recovery,29,149,0000000149.png,3,0.8048917827416578,0.6991568491393717,0.007859513192476355,gaussian_noise
learned_recurrent_error,2011_09_26/2011_09_26_drive_0039_sync,149,recovery,29,149,0000000149.png,4,1.5119246847315362,1.3892540317662012,0.013609149805185648,gaussian_noise
learned_recurrent_error,2011_09_26/2011_09_26_drive_0039_sync,149,recovery,29,149,0000000149.png,5,1.1139252406675582,1.0810153362972987,0.04400822756644584,gaussian_noise
learned_recurrent_error,2011_09_26/2011_09_26_drive_0039_sync,150,recovery,30,150,0000000150.png,1,0.21322756710071983,0.10796031831387867,0.0016414230213981753,gaussian_noise
learned_recurrent_error,2011_09_26/2011_09_26_drive_0039_sync,150,recovery,30,150,0000000150.png,2,0.3344669904208539,0.24321873677470068,0.00684620195738885,gaussian_noise
learned_recurrent_error,2011_09_26/2011_09_26_drive_0039_sync,150,recovery,30,150,0000000150.png,3,0.8016727163226377,0.7020023057203427,0.0067139213699213465,gaussian_noise
learned_recurrent_error,2011_09_26/2011_09_26_drive_0039_sync,150,recovery,30,150,0000000150.png,4,1.5096336383442392,1.394936232995913,0.012385939839897211,gaussian_noise
learned_recurrent_error,2011_09_26/2011_09_26_drive_0039_sync,150,recovery,30,150,0000000150.png,5,1.1151973964930777,1.0831021811213357,0.0423696438191332,gaussian_noise
learned_recurrent_error,2011_09_26/2011_09_26_drive_0039_sync,151,recovery,31,151,0000000151.png,1,0.21397937759688349,0.10979069809501284,0.0014433725111189365,gaussian_noise
learned_recurrent_error,2011_09_26/2011_09_26_drive_0039_sync,151,recovery,31,151,0000000151.png,2,0.3336225106158056,0.2442749231328145,0.006341416998340579,gaussian_noise
learned_recurrent_error,2011_09_26/2011_09_26_drive_0039_sync,151,recovery,31,151,0000000151.png,3,0.8039602531388426,0.7039316077584121,0.005770463580293763,gaussian_noise
learned_recurrent_error,2011_09_26/2011_09_26_drive_0039_sync,151,recovery,31,151,0000000151.png,4,1.506275189502595,1.3992418452001785,0.011407173881481403,gaussian_noise
learned_recurrent_error,2011_09_26/2011_09_26_drive_0039_sync,151,recovery,31,151,0000000151.png,5,1.1148994041989875,1.0849788193877614,0.04071154846754679,gaussian_noise
learned_recurrent_error,2011_09_26/2011_09_26_drive_0039_sync,152,recovery,32,152,0000000152.png,1,0.2213650512566868,0.1120848833657124,0.0012858211514514002,gaussian_noise
learned_recurrent_error,2011_09_26/2011_09_26_drive_0039_sync,152,recovery,32,152,0000000152.png,2,0.3284997023743246,0.24454070970017297,0.005929221232285875,gaussian_noise
learned_recurrent_error,2011_09_26/2011_09_26_drive_0039_sync,152,recovery,32,152,0000000152.png,3,0.8036242655371686,0.7053802394626456,0.004993178910888887,gaussian_noise
learned_recurrent_error,2011_09_26/2011_09_26_drive_0039_sync,152,recovery,32,152,0000000152.png,4,1.503382890413063,1.402361692189999,0.01063171593711067,gaussian_noise
learned_recurrent_error,2011_09_26/2011_09_26_drive_0039_sync,152,recovery,32,152,0000000152.png,5,1.1141215706288385,1.0865970695252056,0.03907103710099339,gaussian_noise
learned_recurrent_error,2011_09_26/2011_09_26_drive_0039_sync,153,recovery,33,153,0000000153.png,1,0.22734459917461586,0.11466128683337626,0.0011530636303009143,gaussian_noise
learned_recurrent_error,2011_09_26/2011_09_26_drive_0039_sync,153,recovery,33,153,0000000153.png,2,0.33008793811127557,0.24458859826994914,0.005583753370445756,gaussian_noise
learned_recurrent_error,2011_09_26/2011_09_26_drive_0039_sync,153,recovery,33,153,0000000153.png,3,0.8052953743700343,0.7064459951760171,0.004352733005865311,gaussian_noise
learned_recurrent_error,2011_09_26/2011_09_26_drive_0039_sync,153,recovery,33,153,0000000153.png,4,1.5016252763044817,1.404387498511327,0.009932338905242668,gaussian_noise
learned_recurrent_error,2011_09_26/2011_09_26_drive_0039_sync,153,recovery,33,153,0000000153.png,5,1.1137882283126195,1.0880603856441053,0.03745602068344127,gaussian_noise
learned_recurrent_error,2011_09_26/2011_09_26_drive_0039_sync,154,recovery,34,154,0000000154.png,1,0.22054947352607304,0.11639082519360266,0.0010497595115814126,gaussian_noise
learned_recurrent_error,2011_09_26/2011_09_26_drive_0039_sync,154,recovery,34,154,0000000154.png,2,0.3282452724489757,0.24402432373897093,0.005296469592894053,gaussian_noise
learned_recurrent_error,2011_09_26/2011_09_26_drive_0039_sync,154,recovery,34,154,0000000154.png,3,0.8054863814139571,0.7069661263080645,0.003830442824674927,gaussian_noise
learned_recurrent_error,2011_09_26/2011_09_26_drive_0039_sync,154,recovery,34,154,0000000154.png,4,1.5001929483785739,1.4053156645422245,0.009307529822743965,gaussian_noise
learned_recurrent_error,2011_09_26/2011_09_26_drive_0039_sync,154,recovery,34,154,0000000154.png,5,1.1135400684576233,1.0893319644874542,0.035884497470108356,gaussian_noise
learned_recurrent_error,2011_09_26/2011_09_26_drive_0039_sync,155,recovery,35,155,0000000155.png,1,0.20860878402297253,0.11561811641255533,0.0009650944370290455,gaussian_noise
learned_recurrent_error,2011_09_26/2011_09_26_drive_0039_sync,155,recovery,35,155,0000000155.png,2,0.3261298571840616,0.24310325710317027,0.005040187461948595,gaussian_noise
learned_recurrent_error,2011_09_26/2011_09_26_drive_0039_sync,155,recovery,35,155,0000000155.png,3,0.8074900136152708,0.707635943772203,0.0034046150289846378,gaussian_noise
learned_recurrent_error,2011_09_26/2011_09_26_drive_0039_sync,155,recovery,35,155,0000000155.png,4,1.5002581311242895,1.4056992471393344,0.008749291920827575,gaussian_noise
learned_recurrent_error,2011_09_26/2011_09_26_drive_0039_sync,155,recovery,35,155,0000000155.png,5,1.1133908608886955,1.090354057410516,0.0344044064447584,gaussian_noise
learned_recurrent_error,2011_09_26/2011_09_26_drive_0039_sync,156,recovery,36,156,0000000156.png,1,0.20170442470475602,0.11420979995973216,0.0008924905987380668,gaussian_noise
learned_recurrent_error,2011_09_26/2011_09_26_drive_0039_sync,156,recovery,36,156,0000000156.png,2,0.32641788403791167,0.24218929269113368,0.004815017416243213,gaussian_noise
learned_recurrent_error,2011_09_26/2011_09_26_drive_0039_sync,156,recovery,36,156,0000000156.png,3,0.8065255853872466,0.7081943442429047,0.003042492466012804,gaussian_noise
learned_recurrent_error,2011_09_26/2011_09_26_drive_0039_sync,156,recovery,36,156,0000000156.png,4,1.4998033122422632,1.40571800792644,0.008204509813511616,gaussian_noise
learned_recurrent_error,2011_09_26/2011_09_26_drive_0039_sync,156,recovery,36,156,0000000156.png,5,1.1131125427328759,1.091062388598319,0.03299846181946511,gaussian_noise
learned_recurrent_error,2011_09_26/2011_09_26_drive_0039_sync,157,recovery,37,157,0000000157.png,1,0.19962819641194046,0.11278387746500933,0.0008238531355922899,gaussian_noise
learned_recurrent_error,2011_09_26/2011_09_26_drive_0039_sync,157,recovery,37,157,0000000157.png,2,0.32946470386637333,0.24227709358271576,0.004594969994354346,gaussian_noise
learned_recurrent_error,2011_09_26/2011_09_26_drive_0039_sync,157,recovery,37,157,0000000157.png,3,0.8069616874457092,0.7086418380561534,0.0027278323157367067,gaussian_noise
learned_recurrent_error,2011_09_26/2011_09_26_drive_0039_sync,157,recovery,37,157,0000000157.png,4,1.5011610684272734,1.4056400137030105,0.007678994455090003,gaussian_noise
learned_recurrent_error,2011_09_26/2011_09_26_drive_0039_sync,157,recovery,37,157,0000000157.png,5,1.1129522134606782,1.091436915464706,0.03164213547552192,gaussian_noise
learned_recurrent_error,2011_09_26/2011_09_26_drive_0039_sync,158,recovery,38,158,0000000158.png,1,0.20482415238809107,0.11216012806030756,0.0007700712531300349,gaussian_noise
learned_recurrent_error,2011_09_26/2011_09_26_drive_0039_sync,158,recovery,38,158,0000000158.png,2,0.3251004557452666,0.24199982187892022,0.0044045858125640125,gaussian_noise
learned_recurrent_error,2011_09_26/2011_09_26_drive_0039_sync,158,recovery,38,158,0000000158.png,3,0.8016140959654456,0.7087686674705794,0.0024588836167188373,gaussian_noise
learned_recurrent_error,2011_09_26/2011_09_26_drive_0039_sync,158,recovery,38,158,0000000158.png,4,1.5035698382423357,1.4061018116131632,0.0071670917463468745,gaussian_noise
learned_recurrent_error,2011_09_26/2011_09_26_drive_0039_sync,158,recovery,38,158,0000000158.png,5,1.1132214610863853,1.091613702338058,0.03033259817902764,gaussian_noise
learned_recurrent_error,2011_09_26/2011_09_26_drive_0039_sync,159,recovery,39,159,0000000159.png,1,0.21510319303070993,0.11185429132294741,0.0007289483507317437,gaussian_noise
learned_recurrent_error,2011_09_26/2011_09_26_drive_0039_sync,159,recovery,39,159,0000000159.png,2,0.32857935548327377,0.24114421221144725,0.004303309232441294,gaussian_noise
learned_recurrent_error,2011_09_26/2011_09_26_drive_0039_sync,159,recovery,39,159,0000000159.png,3,0.7819362563929481,0.7059440855660917,0.0022534489963252032,gaussian_noise
learned_recurrent_error,2011_09_26/2011_09_26_drive_0039_sync,159,recovery,39,159,0000000159.png,4,1.495851120486173,1.4058342014528746,0.006721411043973782,gaussian_noise
learned_recurrent_error,2011_09_26/2011_09_26_drive_0039_sync,159,recovery,39,159,0000000159.png,5,1.1119326183434877,1.091520379055693,0.02907224789146001,gaussian_noise
learned_recurrent_error_zeroed,2011_09_26/2011_09_26_drive_0011_sync,0,baseline,0,0,0000000000.png,1,0.27705740556543346,0.05735088359109203,0.0,gaussian_noise
learned_recurrent_error_zeroed,2011_09_26/2011_09_26_drive_0011_sync,0,baseline,0,0,0000000000.png,2,0.5947683926156654,0.12311705861660538,0.0,gaussian_noise
learned_recurrent_error_zeroed,2011_09_26/2011_09_26_drive_0011_sync,0,baseline,0,0,0000000000.png,3,1.8030761904264339,0.3732367754590645,0.0,gaussian_noise
learned_recurrent_error_zeroed,2011_09_26/2011_09_26_drive_0011_sync,0,baseline,0,0,0000000000.png,4,2.8116027160004875,0.5820017685329941,0.0,gaussian_noise
learned_recurrent_error_zeroed,2011_09_26/2011_09_26_drive_0011_sync,0,baseline,0,0,0000000000.png,5,1.2703585250982976,0.26296421750274573,0.0,gaussian_noise
learned_recurrent_error_zeroed,2011_09_26/2011_09_26_drive_0011_sync,1,baseline,1,1,0000000001.png,1,0.4216705189871355,0.10833587036639798,0.0,gaussian_noise
learned_recurrent_error_zeroed,2011_09_26/2011_09_26_drive_0011_sync,1,baseline,1,1,0000000001.png,2,0.5875720863682565,0.20438287876329558,0.0,gaussian_noise
learned_recurrent_error_zeroed,2011_09_26/2011_09_26_drive_0011_sync,1,baseline,1,1,0000000001.png,3,1.4872178014296482,0.5921128116511404,0.0,gaussian_noise
learned_recurrent_error_zeroed,2011_09_26/2011_09_26_drive_0011_sync,1,baseline,1,1,0000000001.png,4,2.4459671383975663,0.9557811710812354,0.0,gaussian_noise
learned_recurrent_error_zeroed,2011_09_26/2011_09_26_drive_0011_sync,1,baseline,1,1,0000000001.png,5,1.0927785547229223,0.4284257615575538,0.0,gaussian_noise
learned_recurrent_error_zeroed,2011_09_26/2011_09_26_drive_0011_sync,2,baseline,2,2,0000000002.png,1,0.48555992661233904,0.16336137867871262,0.0,gaussian_noise
learned_recurrent_error_zeroed,2011_09_26/2011_09_26_drive_0011_sync,2,baseline,2,2,0000000002.png,2,0.5935050383781076,0.2656699572739262,0.0,gaussian_noise
learned_recurrent_error_zeroed,2011_09_26/2011_09_26_drive_0011_sync,2,baseline,2,2,0000000002.png,3,1.3046726454713704,0.7187875600894534,0.0,gaussian_noise
learned_recurrent_error_zeroed,2011_09_26/2011_09_26_drive_0011_sync,2,baseline,2,2,0000000002.png,4,2.1769685476021543,1.1869488359952487,0.0,gaussian_noise
learned_recurrent_error_zeroed,2011_09_26/2011_09_26_drive_0011_sync,2,baseline,2,2,0000000002.png,5,1.009316896023591,0.5362901104678854,0.0,gaussian_noise
learned_recurrent_error_zeroed,2011_09_26/2011_09_26_drive_0011_sync,3,baseline,3,3,0000000003.png,1,0.5468467298602713,0.22114872614411354,0.0,gaussian_noise
learned_recurrent_error_zeroed,2011_09_26/2011_09_26_drive_0011_sync,3,baseline,3,3,0000000003.png,2,0.581342681373069,0.31011564243693746,0.0,gaussian_noise
learned_recurrent_error_zeroed,2011_09_26/2011_09_26_drive_0011_sync,3,baseline,3,3,0000000003.png,3,1.167784567413208,0.785518901548832,0.0,gaussian_noise
learned_recurrent_error_zeroed,2011_09_26/2011_09_26_drive_0011_sync,3,baseline,3,3,0000000003.png,4,1.936586929667753,1.3123000220456407,0.0,gaussian_noise
learned_recurrent_error_zeroed,2011_09_26/2011_09_26_drive_0011_sync,3,baseline,3,3,0000000003.png,5,0.9484831944643366,0.6045866479471351,0.0,gaussian_noise
learned_recurrent_error_zeroed,2011_09_26/2011_09_26_drive_0011_sync,4,baseline,4,4,0000000004.png,1,0.5632783526920764,0.26930507838176704,0.0,gaussian_noise
learned_recurrent_error_zeroed,2011_09_26/2011_09_26_drive_0011_sync,4,baseline,4,4,0000000004.png,2,0.5563178985324665,0.3395397462676954,0.0,gaussian_noise
learned_recurrent_error_zeroed,2011_09_26/2011_09_26_drive_0011_sync,4,baseline,4,4,0000000004.png,3,1.0603676235399002,0.8132413899521329,0.0,gaussian_noise
learned_recurrent_error_zeroed,2011_09_26/2011_09_26_drive_0011_sync,4,baseline,4,4,0000000004.png,4,1.734657000697646,1.362304826872456,0.0,gaussian_noise
learned_recurrent_error_zeroed,2011_09_26/2011_09_26_drive_0011_sync,4,baseline,4,4,0000000004.png,5,0.8983904850036778,0.6446648563248493,0.0,gaussian_noise
learned_recurrent_error_zeroed,2011_09_26/2011_09_26_drive_0011_sync,5,baseline,5,5,0000000005.png,1,0.5530732264497428,0.304991966276575,0.0,gaussian_noise
learned_recurrent_error_zeroed,2011_09_26/2011_09_26_drive_0011_sync,5,baseline,5,5,0000000005.png,2,0.5241999792151071,0.3562753796991896,0.0,gaussian_noise
learned_recurrent_error_zeroed,2011_09_26/2011_09_26_drive_0011_sync,5,baseline,5,5,0000000005.png,3,0.9739077602093693,0.8162454690278581,0.0,gaussian_noise
learned_recurrent_error_zeroed,2011_09_26/2011_09_26_drive_0011_sync,5,baseline,5,5,0000000005.png,4,1.58164850389157,1.3641879662829608,0.0,gaussian_noise
learned_recurrent_error_zeroed,2011_09_26/2011_09_26_drive_0011_sync,5,baseline,5,5,0000000005.png,5,0.8584624083093141,0.6654647955998855,0.0,gaussian_noise
learned_recurrent_error_zeroed,2011_09_26/2011_09_26_drive_0011_sync,6,baseline,6,6,0000000006.png,1,0.4346048712346397,0.31351602519959104,0.0,gaussian_noise
learned_recurrent_error_zeroed,2011_09_26/2011_09_26_drive_0011_sync,6,baseline,6,6,0000000006.png,2,0.496185726983013,0.3627390471825614,0.0,gaussian_noise
learned_recurrent_error_zeroed,2011_09_26/2011_09_26_drive_0011_sync,6,baseline,6,6,0000000006.png,3,0.9034003246641006,0.8040988023659466,0.0,gaussian_noise
learned_recurrent_error_zeroed,2011_09_26/2011_09_26_drive_0011_sync,6,baseline,6,6,0000000006.png,4,1.4689451627807133,1.3393520709522482,0.0,gaussian_noise
learned_recurrent_error_zeroed,2011_09_26/2011_09_26_drive_0011_sync,6,baseline,6,6,0000000006.png,5,0.8296379700184703,0.674896831459899,0.0,gaussian_noise
learned_recurrent_error_zeroed,2011_09_26/2011_09_26_drive_0011_sync,7,baseline,7,7,0000000007.png,1,0.38996813375393863,0.30712432481997853,0.0,gaussian_noise
learned_recurrent_error_zeroed,2011_09_26/2011_09_26_drive_0011_sync,7,baseline,7,7,0000000007.png,2,0.4755995907280541,0.3633920991149159,0.0,gaussian_noise
learned_recurrent_error_zeroed,2011_09_26/2011_09_26_drive_0011_sync,7,baseline,7,7,0000000007.png,3,0.8512406158275694,0.7838143147238283,0.0,gaussian_noise
learned_recurrent_error_zeroed,2011_09_26/2011_09_26_drive_0011_sync,7,baseline,7,7,0000000007.png,4,1.3892954952821217,1.303088016684307,0.0,gaussian_noise
learned_recurrent_error_zeroed,2011_09_26/2011_09_26_drive_0011_sync,7,baseline,7,7,0000000007.png,5,0.8103896164703069,0.6790268313273381,0.0,gaussian_noise
learned_recurrent_error_zeroed,2011_09_26/2011_09_26_drive_0011_sync,8,baseline,8,8,0000000008.png,1,0.37434440730546015,0.2935432624180929,0.0,gaussian_noise
learned_recurrent_error_zeroed,2011_09_26/2011_09_26_drive_0011_sync,8,baseline,8,8,0000000008.png,2,0.45689354106722563,0.36014770423712317,0.0,gaussian_noise
learned_recurrent_error_zeroed,2011_09_26/2011_09_26_drive_0011_sync,8,baseline,8,8,0000000008.png,3,0.8134776712734433,0.7606372841014165,0.0,gaussian_noise
learned_recurrent_error_zeroed,2011_09_26/2011_09_26_drive_0011_sync,8,baseline,8,8,0000000008.png,4,1.3364594202442213,1.2652404096878396,0.0,gaussian_noise
learned_recurrent_error_zeroed,2011_09_26/2011_09_26_drive_0011_sync,8,baseline,8,8,0000000008.png,5,0.7983420668260868,0.6814571215792835,0.0,gaussian_noise
learned_recurrent_error_zeroed,2011_09_26/2011_09_26_drive_0011_sync,9,baseline,9,9,0000000009.png,1,0.3698769848485682,0.2757489592277228,0.0,gaussian_noise
learned_recurrent_error_zeroed,2011_09_26/2011_09_26_drive_0011_sync,9,baseline,9,9,0000000009.png,2,0.4427506610413582,0.3546613363393908,0.0,gaussian_noise
learned_recurrent_error_zeroed,2011_09_26/2011_09_26_drive_0011_sync,9,baseline,9,9,0000000009.png,3,0.7855749456532921,0.7375285290928925,0.0,gaussian_noise
learned_recurrent_error_zeroed,2011_09_26/2011_09_26_drive_0011_sync,9,baseline,9,9,0000000009.png,4,1.303043555114231,1.2313397990538024,0.0,gaussian_noise
learned_recurrent_error_zeroed,2011_09_26/2011_09_26_drive_0011_sync,9,baseline,9,9,0000000009.png,5,0.7935465217231868,0.6844082503982738,0.0,gaussian_noise
learned_recurrent_error_zeroed,2011_09_26/2011_09_26_drive_0011_sync,10,baseline,10,10,0000000010.png,1,0.36832392201420283,0.24979686917893654,0.0,gaussian_noise
learned_recurrent_error_zeroed,2011_09_26/2011_09_26_drive_0011_sync,10,baseline,10,10,0000000010.png,2,0.4353608876300911,0.34819663915711274,0.0,gaussian_noise
learned_recurrent_error_zeroed,2011_09_26/2011_09_26_drive_0011_sync,10,baseline,10,10,0000000010.png,3,0.7630935235589908,0.7159802944879174,0.0,gaussian_noise
learned_recurrent_error_zeroed,2011_09_26/2011_09_26_drive_0011_sync,10,baseline,10,10,0000000010.png,4,1.2826768915222553,1.2040025291505652,0.0,gaussian_noise
learned_recurrent_error_zeroed,2011_09_26/2011_09_26_drive_0011_sync,10,baseline,10,10,0000000010.png,5,0.7951689122068221,0.6892791625691879,0.0,gaussian_noise
learned_recurrent_error_zeroed,2011_09_26/2011_09_26_drive_0011_sync,11,baseline,11,11,0000000011.png,1,0.36058207700656036,0.24328363335119849,0.0,gaussian_noise
learned_recurrent_error_zeroed,2011_09_26/2011_09_26_drive_0011_sync,11,baseline,11,11,0000000011.png,2,0.4329134612327092,0.342372583145362,0.0,gaussian_noise
learned_recurrent_error_zeroed,2011_09_26/2011_09_26_drive_0011_sync,11,baseline,11,11,0000000011.png,3,0.7401685303701632,0.6958418887340263,0.0,gaussian_noise
learned_recurrent_error_zeroed,2011_09_26/2011_09_26_drive_0011_sync,11,baseline,11,11,0000000011.png,4,1.2665315101884487,1.1831481998517102,0.0,gaussian_noise
learned_recurrent_error_zeroed,2011_09_26/2011_09_26_drive_0011_sync,11,baseline,11,11,0000000011.png,5,0.7996664119101079,0.6963507524796754,0.0,gaussian_noise
learned_recurrent_error_zeroed,2011_09_26/2011_09_26_drive_0011_sync,12,baseline,12,12,0000000012.png,1,0.36233294413404477,0.24557766560550584,0.0,gaussian_noise
learned_recurrent_error_zeroed,2011_09_26/2011_09_26_drive_0011_sync,12,baseline,12,12,0000000012.png,2,0.4368492718437469,0.33819806494569116,0.0,gaussian_noise
learned_recurrent_error_zeroed,2011_09_26/2011_09_26_drive_0011_sync,12,baseline,12,12,0000000012.png,3,0.7310096961808055,0.6782605423211693,0.0,gaussian_noise
learned_recurrent_error_zeroed,2011_09_26/2011_09_26_drive_0011_sync,12,baseline,12,12,0000000012.png,4,1.2548992366841727,1.1680731863966414,0.0,gaussian_noise
learned_recurrent_error_zeroed,2011_09_26/2011_09_26_drive_0011_sync,12,baseline,12,12,0000000012.png,5,0.8060599056754785,0.7054552246317298,0.0,gaussian_noise
learned_recurrent_error_zeroed,2011_09_26/2011_09_26_drive_0011_sync,13,baseline,13,13,0000000013.png,1,0.3619594203920748,0.24755874690667765,0.0,gaussian_noise
learned_recurrent_error_zeroed,2011_09_26/2011_09_26_drive_0011_sync,13,baseline,13,13,0000000013.png,2,0.4346994698305463,0.3350520101509915,0.0,gaussian_noise
learned_recurrent_error_zeroed,2011_09_26/2011_09_26_drive_0011_sync,13,baseline,13,13,0000000013.png,3,0.7311924013074041,0.6647945230340923,0.0,gaussian_noise
learned_recurrent_error_zeroed,2011_09_26/2011_09_26_drive_0011_sync,13,baseline,13,13,0000000013.png,4,1.2493182675002958,1.1580964920701322,0.0,gaussian_noise
learned_recurrent_error_zeroed,2011_09_26/2011_09_26_drive_0011_sync,13,baseline,13,13,0000000013.png,5,0.8145856920208483,0.7163282669982818,0.0,gaussian_noise
learned_recurrent_error_zeroed,2011_09_26/2011_09_26_drive_0011_sync,14,baseline,14,14,0000000014.png,1,0.3578183275505553,0.24875543034853465,0.0,gaussian_noise
learned_recurrent_error_zeroed,2011_09_26/2011_09_26_drive_0011_sync,14,baseline,14,14,0000000014.png,2,0.4320032403956247,0.33224750905048867,0.0,gaussian_noise
learned_recurrent_error_zeroed,2011_09_26/2011_09_26_drive_0011_sync,14,baseline,14,14,0000000014.png,3,0.7314213770701273,0.6557438177981534,0.0,gaussian_noise
learned_recurrent_error_zeroed,2011_09_26/2011_09_26_drive_0011_sync,14,baseline,14,14,0000000014.png,4,1.2478239118661156,1.152635113806002,0.0,gaussian_noise
learned_recurrent_error_zeroed,2011_09_26/2011_09_26_drive_0011_sync,14,baseline,14,14,0000000014.png,5,0.8248207566219888,0.7286912586448849,0.0,gaussian_noise
learned_recurrent_error_zeroed,2011_09_26/2011_09_26_drive_0011_sync,15,baseline,15,15,0000000015.png,1,0.36881890833536507,0.2516395311396315,0.0,gaussian_noise
learned_recurrent_error_zeroed,2011_09_26/2011_09_26_drive_0011_sync,15,baseline,15,15,0000000015.png,2,0.43245062256619743,0.33034410007948606,0.0,gaussian_noise
learned_recurrent_error_zeroed,2011_09_26/2011_09_26_drive_0011_sync,15,baseline,15,15,0000000015.png,3,0.7337201569414784,0.6504115115019555,0.0,gaussian_noise
learned_recurrent_error_zeroed,2011_09_26/2011_09_26_drive_0011_sync,15,baseline,15,15,0000000015.png,4,1.2492853053189756,1.150953614182914,0.0,gaussian_noise
learned_recurrent_error_zeroed,2011_09_26/2011_09_26_drive_0011_sync,15,baseline,15,15,0000000015.png,5,0.8363450016522834,0.742234124481564,0.0,gaussian_noise
learned_recurrent_error_zeroed,2011_09_26/2011_09_26_drive_0011_sync,16,baseline,16,16,0000000016.png,1,0.35988541711534894,0.2529060492185959,0.0,gaussian_noise
learned_recurrent_error_zeroed,2011_09_26/2011_09_26_drive_0011_sync,16,baseline,16,16,0000000016.png,2,0.43039987787508416,0.32912749910196776,0.0,gaussian_noise
learned_recurrent_error_zeroed,2011_09_26/2011_09_26_drive_0011_sync,16,baseline,16,16,0000000016.png,3,0.7402795032485763,0.6484257853714334,0.0,gaussian_noise
learned_recurrent_error_zeroed,2011_09_26/2011_09_26_drive_0011_sync,16,baseline,16,16,0000000016.png,4,1.2537629985994974,1.152344576715625,0.0,gaussian_noise
learned_recurrent_error_zeroed,2011_09_26/2011_09_26_drive_0011_sync,16,baseline,16,16,0000000016.png,5,0.8483865193486565,0.7565064301696672,0.0,gaussian_noise
learned_recurrent_error_zeroed,2011_09_26/2011_09_26_drive_0011_sync,17,baseline,17,17,0000000017.png,1,0.36861943773930894,0.2567966204654921,0.0,gaussian_noise
learned_recurrent_error_zeroed,2011_09_26/2011_09_26_drive_0011_sync,17,baseline,17,17,0000000017.png,2,0.42788891683598285,0.3282578856102066,0.0,gaussian_noise
learned_recurrent_error_zeroed,2011_09_26/2011_09_26_drive_0011_sync,17,baseline,17,17,0000000017.png,3,0.7467179272121321,0.6490503773561112,0.0,gaussian_noise
learned_recurrent_error_zeroed,2011_09_26/2011_09_26_drive_0011_sync,17,baseline,17,17,0000000017.png,4,1.2591659742940788,1.1560952488530893,0.0,gaussian_noise
learned_recurrent_error_zeroed,2011_09_26/2011_09_26_drive_0011_sync,17,baseline,17,17,0000000017.png,5,0.8597957000958676,0.7710152979721948,0.0,gaussian_noise
learned_recurrent_error_zeroed,2011_09_26/2011_09_26_drive_0011_sync,18,baseline,18,18,0000000018.png,1,0.367015011427939,0.258971822287946,0.0,gaussian_noise
learned_recurrent_error_zeroed,2011_09_26/2011_09_26_drive_0011_sync,18,baseline,18,18,0000000018.png,2,0.42872195407840064,0.32795854502439964,0.0,gaussian_noise
learned_recurrent_error_zeroed,2011_09_26/2011_09_26_drive_0011_sync,18,baseline,18,18,0000000018.png,3,0.7527747224144753,0.651322818602878,0.0,gaussian_noise
learned_recurrent_error_zeroed,2011_09_26/2011_09_26_drive_0011_sync,18,baseline,18,18,0000000018.png,4,1.2648171483969328,1.1614474795979726,0.0,gaussian_noise
learned_recurrent_error_zeroed,2011_09_26/2011_09_26_drive_0011_sync,18,baseline,18,18,0000000018.png,5,0.8693267644462384,0.7851593369266998,0.0,gaussian_noise
learned_recurrent_error_zeroed,2011_09_26/2011_09_26_drive_0011_sync,19,baseline,19,19,0000000019.png,1,0.38227997653145285,0.2629051381587659,0.0,gaussian_noise
learned_recurrent_error_zeroed,2011_09_26/2011_09_26_drive_0011_sync,19,baseline,19,19,0000000019.png,2,0.4269347931264034,0.3277599422340504,0.0,gaussian_noise
learned_recurrent_error_zeroed,2011_09_26/2011_09_26_drive_0011_sync,19,baseline,19,19,0000000019.png,3,0.7521088707768482,0.6539652204663811,0.0,gaussian_noise
learned_recurrent_error_zeroed,2011_09_26/2011_09_26_drive_0011_sync,19,baseline,19,19,0000000019.png,4,1.2681805187138664,1.1673754960595444,0.0,gaussian_noise
learned_recurrent_error_zeroed,2011_09_26/2011_09_26_drive_0011_sync,19,baseline,19,19,0000000019.png,5,0.8769670519475238,0.7984885052844205,0.0,gaussian_noise
learned_recurrent_error_zeroed,2011_09_26/2011_09_26_drive_0011_sync,20,baseline,20,20,0000000020.png,1,0.3467757044480987,0.25999715552184044,0.0,gaussian_noise
learned_recurrent_error_zeroed,2011_09_26/2011_09_26_drive_0011_sync,20,baseline,20,20,0000000020.png,2,0.41958564787199926,0.32699160426415663,0.0,gaussian_noise
learned_recurrent_error_zeroed,2011_09_26/2011_09_26_drive_0011_sync,20,baseline,20,20,0000000020.png,3,0.7499161240144687,0.6560498826069995,0.0,gaussian_noise
learned_recurrent_error_zeroed,2011_09_26/2011_09_26_drive_0011_sync,20,baseline,20,20,0000000020.png,4,1.2697173656317486,1.1730084006542125,0.0,gaussian_noise
learned_recurrent_error_zeroed,2011_09_26/2011_09_26_drive_0011_sync,20,baseline,20,20,0000000020.png,5,0.8830879755419534,0.8107245986110313,0.0,gaussian_noise
learned_recurrent_error_zeroed,2011_09_26/2011_09_26_drive_0011_sync,21,baseline,21,21,0000000021.png,1,0.34535246204250925,0.2588452324801519,0.0,gaussian_noise
learned_recurrent_error_zeroed,2011_09_26/2011_09_26_drive_0011_sync,21,baseline,21,21,0000000021.png,2,0.41609744102141977,0.3258152112766039,0.0,gaussian_noise
learned_recurrent_error_zeroed,2011_09_26/2011_09_26_drive_0011_sync,21,baseline,21,21,0000000021.png,3,0.753933636734392,0.6581119503027445,0.0,gaussian_noise
learned_recurrent_error_zeroed,2011_09_26/2011_09_26_drive_0011_sync,21,baseline,21,21,0000000021.png,4,1.2732755167194503,1.178417399469227,0.0,gaussian_noise
learned_recurrent_error_zeroed,2011_09_26/2011_09_26_drive_0011_sync,21,baseline,21,21,0000000021.png,5,0.8896126089108256,0.8220887268787209,0.0,gaussian_noise
learned_recurrent_error_zeroed,2011_09_26/2011_09_26_drive_0011_sync,22,baseline,22,22,0000000022.png,1,0.34774570545996775,0.2576951141117385,0.0,gaussian_noise
learned_recurrent_error_zeroed,2011_09_26/2011_09_26_drive_0011_sync,22,baseline,22,22,0000000022.png,2,0.4066654561065371,0.3237392423855827,0.0,gaussian_noise
learned_recurrent_error_zeroed,2011_09_26/2011_09_26_drive_0011_sync,22,baseline,22,22,0000000022.png,3,0.7567946986658515,0.660811600832928,0.0,gaussian_noise
learned_recurrent_error_zeroed,2011_09_26/2011_09_26_drive_0011_sync,22,baseline,22,22,0000000022.png,4,1.278002612880623,1.1840082399419034,0.0,gaussian_noise
learned_recurrent_error_zeroed,2011_09_26/2011_09_26_drive_0011_sync,22,baseline,22,22,0000000022.png,5,0.8975415329654773,0.8330825932994053,0.0,gaussian_noise
learned_recurrent_error_zeroed,2011_09_26/2011_09_26_drive_0011_sync,23,baseline,23,23,0000000023.png,1,0.35623484706543984,0.26046800067528153,0.0,gaussian_noise
learned_recurrent_error_zeroed,2011_09_26/2011_09_26_drive_0011_sync,23,baseline,23,23,0000000023.png,2,0.4037122808054117,0.3213497636699265,0.0,gaussian_noise
learned_recurrent_error_zeroed,2011_09_26/2011_09_26_drive_0011_sync,23,baseline,23,23,0000000023.png,3,0.765531262940969,0.6645864034520174,0.0,gaussian_noise
learned_recurrent_error_zeroed,2011_09_26/2011_09_26_drive_0011_sync,23,baseline,23,23,0000000023.png,4,1.2859403636574718,1.1902375626840869,0.0,gaussian_noise
learned_recurrent_error_zeroed,2011_09_26/2011_09_26_drive_0011_sync,23,baseline,23,23,0000000023.png,5,0.9063355576790126,0.8439533908128375,0.0,gaussian_noise
learned_recurrent_error_zeroed,2011_09_26/2011_09_26_drive_0011_sync,24,baseline,24,24,0000000024.png,1,0.3636649459497495,0.26334437379265013,0.0,gaussian_noise
learned_recurrent_error_zeroed,2011_09_26/2011_09_26_drive_0011_sync,24,baseline,24,24,0000000024.png,2,0.3992151554690735,0.3186591563991941,0.0,gaussian_noise
learned_recurrent_error_zeroed,2011_09_26/2011_09_26_drive_0011_sync,24,baseline,24,24,0000000024.png,3,0.7746844548563347,0.669486438927106,0.0,gaussian_noise
learned_recurrent_error_zeroed,2011_09_26/2011_09_26_drive_0011_sync,24,baseline,24,24,0000000024.png,4,1.2980593115354706,1.1973400709722524,0.0,gaussian_noise
learned_recurrent_error_zeroed,2011_09_26/2011_09_26_drive_0011_sync,24,baseline,24,24,0000000024.png,5,0.9160386132959057,0.8547392304381861,0.0,gaussian_noise
learned_recurrent_error_zeroed,2011_09_26/2011_09_26_drive_0011_sync,25,baseline,25,25,0000000025.png,1,0.3456388759386047,0.26154414491475436,0.0,gaussian_noise
learned_recurrent_error_zeroed,2011_09_26/2011_09_26_drive_0011_sync,25,baseline,25,25,0000000025.png,2,0.3945612353552549,0.3152706912270501,0.0,gaussian_noise
learned_recurrent_error_zeroed,2011_09_26/2011_09_26_drive_0011_sync,25,baseline,25,25,0000000025.png,3,0.7746265780828739,0.6737211780195393,0.0,gaussian_noise
learned_recurrent_error_zeroed,2011_09_26/2011_09_26_drive_0011_sync,25,baseline,25,25,0000000025.png,4,1.308435845762194,1.204933565006527,0.0,gaussian_noise
learned_recurrent_error_zeroed,2011_09_26/2011_09_26_drive_0011_sync,25,baseline,25,25,0000000025.png,5,0.9252850410675787,0.8651551336102825,0.0,gaussian_noise
learned_recurrent_error_zeroed,2011_09_26/2011_09_26_drive_0011_sync,26,baseline,26,26,0000000026.png,1,0.35536684041046135,0.26110315802855005,0.0,gaussian_noise
learned_recurrent_error_zeroed,2011_09_26/2011_09_26_drive_0011_sync,26,baseline,26,26,0000000026.png,2,0.3967856870774849,0.31236703772242636,0.0,gaussian_noise
learned_recurrent_error_zeroed,2011_09_26/2011_09_26_drive_0011_sync,26,baseline,26,26,0000000026.png,3,0.7572227869106484,0.6743539222921588,0.0,gaussian_noise
learned_recurrent_error_zeroed,2011_09_26/2011_09_26_drive_0011_sync,26,baseline,26,26,0000000026.png,4,1.3085775334525427,1.2116870174795102,0.0,gaussian_noise
learned_recurrent_error_zeroed,2011_09_26/2011_09_26_drive_0011_sync,26,baseline,26,26,0000000026.png,5,0.9313979597683686,0.8747043673319054,0.0,gaussian_noise
learned_recurrent_error_zeroed,2011_09_26/2011_09_26_drive_0011_sync,27,baseline,27,27,0000000027.png,1,0.34600882895091173,0.26325369169675084,0.0,gaussian_noise
learned_recurrent_error_zeroed,2011_09_26/2011_09_26_drive_0011_sync,27,baseline,27,27,0000000027.png,2,0.39840066909859273,0.3106848599301219,0.0,gaussian_noise
learned_recurrent_error_zeroed,2011_09_26/2011_09_26_drive_0011_sync,27,baseline,27,27,0000000027.png,3,0.7540450420027921,0.673062139102137,0.0,gaussian_noise
learned_recurrent_error_zeroed,2011_09_26/2011_09_26_drive_0011_sync,27,baseline,27,27,0000000027.png,4,1.3072015920177018,1.216916996798909,0.0,gaussian_noise
learned_recurrent_error_zeroed,2011_09_26/2011_09_26_drive_0011_sync,27,baseline,27,27,0000000027.png,5,0.934961216267946,0.8831130357846437,0.0,gaussian_noise
learned_recurrent_error_zeroed,2011_09_26/2011_09_26_drive_0011_sync,28,baseline,28,28,0000000028.png,1,0.34924501330580576,0.2636777127037932,0.0,gaussian_noise
learned_recurrent_error_zeroed,2011_09_26/2011_09_26_drive_0011_sync,28,baseline,28,28,0000000028.png,2,0.39110193508468455,0.30913328207567997,0.0,gaussian_noise
learned_recurrent_error_zeroed,2011_09_26/2011_09_26_drive_0011_sync,28,baseline,28,28,0000000028.png,3,0.751747635353066,0.6721807210223923,0.0,gaussian_noise
learned_recurrent_error_zeroed,2011_09_26/2011_09_26_drive_0011_sync,28,baseline,28,28,0000000028.png,4,1.3117070485727027,1.2218784981974704,0.0,gaussian_noise
learned_recurrent_error_zeroed,2011_09_26/2011_09_26_drive_0011_sync,28,baseline,28,28,0000000028.png,5,0.938577283541425,0.8906238474480845,0.0,gaussian_noise
learned_recurrent_error_zeroed,2011_09_26/2011_09_26_drive_0011_sync,29,baseline,29,29,0000000029.png,1,0.3564568618373795,0.2644994635520276,0.0,gaussian_noise
learned_recurrent_error_zeroed,2011_09_26/2011_09_26_drive_0011_sync,29,baseline,29,29,0000000029.png,2,0.38903805307013034,0.3075335881087076,0.0,gaussian_noise
learned_recurrent_error_zeroed,2011_09_26/2011_09_26_drive_0011_sync,29,baseline,29,29,0000000029.png,3,0.743693260431817,0.6708431193096926,0.0,gaussian_noise
learned_recurrent_error_zeroed,2011_09_26/2011_09_26_drive_0011_sync,29,baseline,29,29,0000000029.png,4,1.312248947505083,1.2263639868191099,0.0,gaussian_noise
learned_recurrent_error_zeroed,2011_09_26/2011_09_26_drive_0011_sync,29,baseline,29,29,0000000029.png,5,0.9417303069942963,0.897407562481261,0.0,gaussian_noise
learned_recurrent_error_zeroed,2011_09_26/2011_09_26_drive_0011_sync,30,baseline,30,30,0000000030.png,1,0.34816162006551643,0.26514380942100146,0.0,gaussian_noise
learned_recurrent_error_zeroed,2011_09_26/2011_09_26_drive_0011_sync,30,baseline,30,30,0000000030.png,2,0.3864793053421673,0.3058970834796847,0.0,gaussian_noise
learned_recurrent_error_zeroed,2011_09_26/2011_09_26_drive_0011_sync,30,baseline,30,30,0000000030.png,3,0.7421491101166967,0.6690481257749672,0.0,gaussian_noise
learned_recurrent_error_zeroed,2011_09_26/2011_09_26_drive_0011_sync,30,baseline,30,30,0000000030.png,4,1.3108266338659145,1.2297558448557935,0.0,gaussian_noise
learned_recurrent_error_zeroed,2011_09_26/2011_09_26_drive_0011_sync,30,baseline,30,30,0000000030.png,5,0.9445305982537794,0.9034866320587959,0.0,gaussian_noise
learned_recurrent_error_zeroed,2011_09_26/2011_09_26_drive_0011_sync,31,baseline,31,31,0000000031.png,1,0.3413005177857257,0.26511563141645494,0.0,gaussian_noise
learned_recurrent_error_zeroed,2011_09_26/2011_09_26_drive_0011_sync,31,baseline,31,31,0000000031.png,2,0.38188074197556887,0.30412968049497024,0.0,gaussian_noise
learned_recurrent_error_zeroed,2011_09_26/2011_09_26_drive_0011_sync,31,baseline,31,31,0000000031.png,3,0.7497950223636658,0.6680929165379721,0.0,gaussian_noise
learned_recurrent_error_zeroed,2011_09_26/2011_09_26_drive_0011_sync,31,baseline,31,31,0000000031.png,4,1.3129268534552483,1.2323701768563962,0.0,gaussian_noise
learned_recurrent_error_zeroed,2011_09_26/2011_09_26_drive_0011_sync,31,baseline,31,31,0000000031.png,5,0.947496292589413,0.9088730504161152,0.0,gaussian_noise
learned_recurrent_error_zeroed,2011_09_26/2011_09_26_drive_0011_sync,32,baseline,32,32,0000000032.png,1,0.3528694780636732,0.2682227861700303,0.0,gaussian_noise
learned_recurrent_error_zeroed,2011_09_26/2011_09_26_drive_0011_sync,32,baseline,32,32,0000000032.png,2,0.37904131885229136,0.30223112259720114,0.0,gaussian_noise
learned_recurrent_error_zeroed,2011_09_26/2011_09_26_drive_0011_sync,32,baseline,32,32,0000000032.png,3,0.7609887491133972,0.6687431378137073,0.0,gaussian_noise
learned_recurrent_error_zeroed,2011_09_26/2011_09_26_drive_0011_sync,32,baseline,32,32,0000000032.png,4,1.3199948616288681,1.2348757453524095,0.0,gaussian_noise
learned_recurrent_error_zeroed,2011_09_26/2011_09_26_drive_0011_sync,32,baseline,32,32,0000000032.png,5,0.951205124907424,0.9137089493088105,0.0,gaussian_noise
learned_recurrent_error_zeroed,2011_09_26/2011_09_26_drive_0011_sync,33,baseline,33,33,0000000033.png,1,0.37456345903312077,0.2740066963225858,0.0,gaussian_noise
learned_recurrent_error_zeroed,2011_09_26/2011_09_26_drive_0011_sync,33,baseline,33,33,0000000033.png,2,0.3731039598447391,0.29987054274250147,0.0,gaussian_noise
learned_recurrent_error_zeroed,2011_09_26/2011_09_26_drive_0011_sync,33,baseline,33,33,0000000033.png,3,0.7704881209354851,0.6713408811386833,0.0,gaussian_noise
learned_recurrent_error_zeroed,2011_09_26/2011_09_26_drive_0011_sync,33,baseline,33,33,0000000033.png,4,1.3296709195764,1.2380883431568954,0.0,gaussian_noise
learned_recurrent_error_zeroed,2011_09_26/2011_09_26_drive_0011_sync,33,baseline,33,33,0000000033.png,5,0.9565620822947404,0.9184031245008187,0.0,gaussian_noise
learned_recurrent_error_zeroed,2011_09_26/2011_09_26_drive_0011_sync,34,baseline,34,34,0000000034.png,1,0.39256734741735444,0.2821537248643153,0.0,gaussian_noise
learned_recurrent_error_zeroed,2011_09_26/2011_09_26_drive_0011_sync,34,baseline,34,34,0000000034.png,2,0.3722823629349193,0.2973396632506714,0.0,gaussian_noise
learned_recurrent_error_zeroed,2011_09_26/2011_09_26_drive_0011_sync,34,baseline,34,34,0000000034.png,3,0.7718416149375896,0.6742367866016027,0.0,gaussian_noise
learned_recurrent_error_zeroed,2011_09_26/2011_09_26_drive_0011_sync,34,baseline,34,34,0000000034.png,4,1.3387545467428237,1.242152891119434,0.0,gaussian_noise
learned_recurrent_error_zeroed,2011_09_26/2011_09_26_drive_0011_sync,34,baseline,34,34,0000000034.png,5,0.9626762573904037,0.9231983667340073,0.0,gaussian_noise
learned_recurrent_error_zeroed,2011_09_26/2011_09_26_drive_0011_sync,35,baseline,35,35,0000000035.png,1,0.405945887795151,0.29129346119756466,0.0,gaussian_noise
learned_recurrent_error_zeroed,2011_09_26/2011_09_26_drive_0011_sync,35,baseline,35,35,0000000035.png,2,0.37001202950831596,0.2953280465290296,0.0,gaussian_noise
learned_recurrent_error_zeroed,2011_09_26/2011_09_26_drive_0011_sync,35,baseline,35,35,0000000035.png,3,0.7732256327824516,0.6770429659510014,0.0,gaussian_noise
learned_recurrent_error_zeroed,2011_09_26/2011_09_26_drive_0011_sync,35,baseline,35,35,0000000035.png,4,1.3473285149704013,1.2470069237283647,0.0,gaussian_noise
learned_recurrent_error_zeroed,2011_09_26/2011_09_26_drive_0011_sync,35,baseline,35,35,0000000035.png,5,0.9688762663341848,0.9281697328860661,0.0,gaussian_noise
learned_recurrent_error_zeroed,2011_09_26/2011_09_26_drive_0011_sync,36,baseline,36,36,0000000036.png,1,0.4239620877569837,0.30091637712222835,0.0,gaussian_noise
learned_recurrent_error_zeroed,2011_09_26/2011_09_26_drive_0011_sync,36,baseline,36,36,0000000036.png,2,0.36632962713683836,0.29320236682465384,0.0,gaussian_noise
learned_recurrent_error_zeroed,2011_09_26/2011_09_26_drive_0011_sync,36,baseline,36,36,0000000036.png,3,0.7660908041194328,0.678316350135203,0.0,gaussian_noise
learned_recurrent_error_zeroed,2011_09_26/2011_09_26_drive_0011_sync,36,baseline,36,36,0000000036.png,4,1.351754140042069,1.2520393810235695,0.0,gaussian_noise
learned_recurrent_error_zeroed,2011_09_26/2011_09_26_drive_0011_sync,36,baseline,36,36,0000000036.png,5,0.9743288175361724,0.9332612695102015,0.0,gaussian_noise
learned_recurrent_error_zeroed,2011_09_26/2011_09_26_drive_0011_sync,37,baseline,37,37,0000000037.png,1,0.43970387030440844,0.31081957120667913,0.0,gaussian_noise
learned_recurrent_error_zeroed,2011_09_26/2011_09_26_drive_0011_sync,37,baseline,37,37,0000000037.png,2,0.3664859636918224,0.29122552972718846,0.0,gaussian_noise
learned_recurrent_error_zeroed,2011_09_26/2011_09_26_drive_0011_sync,37,baseline,37,37,0000000037.png,3,0.7593677199338764,0.6774650701980724,0.0,gaussian_noise
learned_recurrent_error_zeroed,2011_09_26/2011_09_26_drive_0011_sync,37,baseline,37,37,0000000037.png,4,1.351760779917126,1.256188238831227,0.0,gaussian_noise
learned_recurrent_error_zeroed,2011_09_26/2011_09_26_drive_0011_sync,37,baseline,37,37,0000000037.png,5,0.978254093741763,0.9382341339070099,0.0,gaussian_noise
learned_recurrent_error_zeroed,2011_09_26/2011_09_26_drive_0011_sync,38,baseline,38,38,0000000038.png,1,0.38815668985214036,0.3091785834790679,0.0,gaussian_noise
learned_recurrent_error_zeroed,2011_09_26/2011_09_26_drive_0011_sync,38,baseline,38,38,0000000038.png,2,0.3609287598669032,0.2887367827656203,0.0,gaussian_noise
learned_recurrent_error_zeroed,2011_09_26/2011_09_26_drive_0011_sync,38,baseline,38,38,0000000038.png,3,0.7508622871216077,0.6746881141790956,0.0,gaussian_noise
learned_recurrent_error_zeroed,2011_09_26/2011_09_26_drive_0011_sync,38,baseline,38,38,0000000038.png,4,1.349864067943888,1.258933153080354,0.0,gaussian_noise
learned_recurrent_error_zeroed,2011_09_26/2011_09_26_drive_0011_sync,38,baseline,38,38,0000000038.png,5,0.9815011861482785,0.9428822680828426,0.0,gaussian_noise
learned_recurrent_error_zeroed,2011_09_26/2011_09_26_drive_0011_sync,39,baseline,39,39,0000000039.png,1,0.3074112321530227,0.29391835587824283,0.0,gaussian_noise
learned_recurrent_error_zeroed,2011_09_26/2011_09_26_drive_0011_sync,39,baseline,39,39,0000000039.png,2,0.3560987468158674,0.2858445731327309,0.0,gaussian_noise
learned_recurrent_error_zeroed,2011_09_26/2011_09_26_drive_0011_sync,39,baseline,39,39,0000000039.png,3,0.7432603822373515,0.6703511267697115,0.0,gaussian_noise
learned_recurrent_error_zeroed,2011_09_26/2011_09_26_drive_0011_sync,39,baseline,39,39,0000000039.png,4,1.3474958240364932,1.2601604218772136,0.0,gaussian_noise
learned_recurrent_error_zeroed,2011_09_26/2011_09_26_drive_0011_sync,39,baseline,39,39,0000000039.png,5,0.9844153221532717,0.9471086015782422,0.0,gaussian_noise
learned_recurrent_error_zeroed,2011_09_26/2011_09_26_drive_0011_sync,40,disturbance,0,40,0000000040.png,1,0.38715330084598193,0.2776233538513166,0.2766731217677664,gaussian_noise
learned_recurrent_error_zeroed,2011_09_26/2011_09_26_drive_0011_sync,40,disturbance,0,40,0000000040.png,2,0.39941887931449765,0.2860356363048069,0.2080804629950545,gaussian_noise
learned_recurrent_error_zeroed,2011_09_26/2011_09_26_drive_0011_sync,40,disturbance,0,40,0000000040.png,3,0.7442222368947646,0.6635976223284573,0.0795180405413778,gaussian_noise
learned_recurrent_error_zeroed,2011_09_26/2011_09_26_drive_0011_sync,40,disturbance,0,40,0000000040.png,4,1.330452765542885,1.257241228205352,0.03352889555093572,gaussian_noise
learned_recurrent_error_zeroed,2011_09_26/2011_09_26_drive_0011_sync,40,disturbance,0,40,0000000040.png,5,0.9836373115766345,0.9503183613310954,0.011379016656594727,gaussian_noise
learned_recurrent_error_zeroed,2011_09_26/2011_09_26_drive_0011_sync,41,disturbance,1,41,0000000041.png,1,0.39122772478048706,0.2616867858656959,0.3526225704818179,gaussian_noise
learned_recurrent_error_zeroed,2011_09_26/2011_09_26_drive_0011_sync,41,disturbance,1,41,0000000041.png,2,0.4153487445506485,0.2889451245485714,0.32537430015736996,gaussian_noise
learned_recurrent_error_zeroed,2011_09_26/2011_09_26_drive_0011_sync,41,disturbance,1,41,0000000041.png,3,0.761385706883604,0.6591170911330663,0.15855213634282675,gaussian_noise
learned_recurrent_error_zeroed,2011_09_26/2011_09_26_drive_0011_sync,41,disturbance,1,41,0000000041.png,4,1.3201972269413156,1.2515715733390342,0.0825621645857988,gaussian_noise
learned_recurrent_error_zeroed,2011_09_26/2011_09_26_drive_0011_sync,41,disturbance,1,41,0000000041.png,5,0.9808741362531497,0.9520381317874358,0.03248745093936018,gaussian_noise
learned_recurrent_error_zeroed,2011_09_26/2011_09_26_drive_0011_sync,42,disturbance,2,42,0000000042.png,1,0.3933446274276372,0.2514233219469596,0.40035881755248204,gaussian_noise
learned_recurrent_error_zeroed,2011_09_26/2011_09_26_drive_0011_sync,42,disturbance,2,42,0000000042.png,2,0.42230596454239216,0.292783900528095,0.40520587759676435,gaussian_noise
learned_recurrent_error_zeroed,2011_09_26/2011_09_26_drive_0011_sync,42,disturbance,2,42,0000000042.png,3,0.7757523879952821,0.6585414693169374,0.22565960262558654,gaussian_noise
learned_recurrent_error_zeroed,2011_09_26/2011_09_26_drive_0011_sync,42,disturbance,2,42,0000000042.png,4,1.316968311744199,1.2455687147027552,0.13484671548527272,gaussian_noise
learned_recurrent_error_zeroed,2011_09_26/2011_09_26_drive_0011_sync,42,disturbance,2,42,0000000042.png,5,0.9787944203060522,0.9524041916519078,0.058989864481285424,gaussian_noise
learned_recurrent_error_zeroed,2011_09_26/2011_09_26_drive_0011_sync,43,disturbance,3,43,0000000043.png,1,0.39308789412299217,0.24455489550911916,0.432320265150656,gaussian_noise
learned_recurrent_error_zeroed,2011_09_26/2011_09_26_drive_0011_sync,43,disturbance,3,43,0000000043.png,2,0.4280052861562208,0.29693829936836813,0.4617696003555756,gaussian_noise
learned_recurrent_error_zeroed,2011_09_26/2011_09_26_drive_0011_sync,43,disturbance,3,43,0000000043.png,3,0.7871537356203463,0.6614370606538648,0.28064969799719747,gaussian_noise
learned_recurrent_error_zeroed,2011_09_26/2011_09_26_drive_0011_sync,43,disturbance,3,43,0000000043.png,4,1.3179427303138949,1.2408084567350743,0.1835465473002322,gaussian_noise
learned_recurrent_error_zeroed,2011_09_26/2011_09_26_drive_0011_sync,43,disturbance,3,43,0000000043.png,5,0.9783986105462076,0.9520693686486498,0.08767637791654323,gaussian_noise
learned_recurrent_error_zeroed,2011_09_26/2011_09_26_drive_0011_sync,44,disturbance,4,44,0000000044.png,1,0.3916825653802631,0.24041462126896032,0.4577915992466684,gaussian_noise
learned_recurrent_error_zeroed,2011_09_26/2011_09_26_drive_0011_sync,44,disturbance,4,44,0000000044.png,2,0.4314410649660571,0.3010529940134361,0.5037821783558443,gaussian_noise
learned_recurrent_error_zeroed,2011_09_26/2011_09_26_drive_0011_sync,44,disturbance,4,44,0000000044.png,3,0.7933216234541152,0.6663445351990155,0.3253249127677973,gaussian_noise
learned_recurrent_error_zeroed,2011_09_26/2011_09_26_drive_0011_sync,44,disturbance,4,44,0000000044.png,4,1.3200109415795613,1.237983769263108,0.22463092304754612,gaussian_noise
learned_recurrent_error_zeroed,2011_09_26/2011_09_26_drive_0011_sync,44,disturbance,4,44,0000000044.png,5,0.9793223592120993,0.9517260148558676,0.11557398094059751,gaussian_noise
learned_recurrent_error_zeroed,2011_09_26/2011_09_26_drive_0011_sync,45,disturbance,5,45,0000000045.png,1,0.3952019187418677,0.2392358854688562,0.47763034435020374,gaussian_noise
learned_recurrent_error_zeroed,2011_09_26/2011_09_26_drive_0011_sync,45,disturbance,5,45,0000000045.png,2,0.4329179153869852,0.30459219279091254,0.5359475155472306,gaussian_noise
learned_recurrent_error_zeroed,2011_09_26/2011_09_26_drive_0011_sync,45,disturbance,5,45,0000000045.png,3,0.7966418553836796,0.6722019289111425,0.36080181303239883,gaussian_noise
learned_recurrent_error_zeroed,2011_09_26/2011_09_26_drive_0011_sync,45,disturbance,5,45,0000000045.png,4,1.3207747667425251,1.236757144880262,0.25763028211989847,gaussian_noise
learned_recurrent_error_zeroed,2011_09_26/2011_09_26_drive_0011_sync,45,disturbance,5,45,0000000045.png,5,0.9800432857805471,0.9516320363505403,0.14150101695621348,gaussian_noise
learned_recurrent_error_zeroed,2011_09_26/2011_09_26_drive_0011_sync,46,disturbance,6,46,0000000046.png,1,0.3978794803094877,0.2393638718228331,0.49606830814387365,gaussian_noise
learned_recurrent_error_zeroed,2011_09_26/2011_09_26_drive_0011_sync,46,disturbance,6,46,0000000046.png,2,0.4359897948865149,0.3078749705521835,0.5634298795827881,gaussian_noise
learned_recurrent_error_zeroed,2011_09_26/2011_09_26_drive_0011_sync,46,disturbance,6,46,0000000046.png,3,0.7949212195961333,0.6776057597130167,0.3884462391598355,gaussian_noise
learned_recurrent_error_zeroed,2011_09_26/2011_09_26_drive_0011_sync,46,disturbance,6,46,0000000046.png,4,1.318486719579419,1.2361854416762,0.2826238216440801,gaussian_noise
learned_recurrent_error_zeroed,2011_09_26/2011_09_26_drive_0011_sync,46,disturbance,6,46,0000000046.png,5,0.9790699332311064,0.9515245004583942,0.16482339474149332,gaussian_noise
learned_recurrent_error_zeroed,2011_09_26/2011_09_26_drive_0011_sync,47,disturbance,7,47,0000000047.png,1,0.39618009855595177,0.24070610098454687,0.5041453876329909,gaussian_noise
learned_recurrent_error_zeroed,2011_09_26/2011_09_26_drive_0011_sync,47,disturbance,7,47,0000000047.png,2,0.43818683807197983,0.31127138476241345,0.5847317627195563,gaussian_noise
learned_recurrent_error_zeroed,2011_09_26/2011_09_26_drive_0011_sync,47,disturbance,7,47,0000000047.png,3,0.795833820972054,0.6823577715472463,0.41157136633024244,gaussian_noise
learned_recurrent_error_zeroed,2011_09_26/2011_09_26_drive_0011_sync,47,disturbance,7,47,0000000047.png,4,1.3164691100804793,1.2358035638813465,0.3024457689335785,gaussian_noise
learned_recurrent_error_zeroed,2011_09_26/2011_09_26_drive_0011_sync,47,disturbance,7,47,0000000047.png,5,0.9770418935420312,0.9511573271976307,0.18586650349887002,gaussian_noise
learned_recurrent_error_zeroed,2011_09_26/2011_09_26_drive_0011_sync,48,disturbance,8,48,0000000048.png,1,0.3977850612898747,0.24326595510346466,0.508902726881235,gaussian_noise
learned_recurrent_error_zeroed,2011_09_26/2011_09_26_drive_0011_sync,48,disturbance,8,48,0000000048.png,2,0.4379677150383101,0.31429963833564917,0.6003109069281445,gaussian_noise
learned_recurrent_error_zeroed,2011_09_26/2011_09_26_drive_0011_sync,48,disturbance,8,48,0000000048.png,3,0.8001817311827985,0.6874181589119954,0.4314691336317119,gaussian_noise
learned_recurrent_error_zeroed,2011_09_26/2011_09_26_drive_0011_sync,48,disturbance,8,48,0000000048.png,4,1.3176293429651986,1.2362215828637773,0.3199852063311146,gaussian_noise
learned_recurrent_error_zeroed,2011_09_26/2011_09_26_drive_0011_sync,48,disturbance,8,48,0000000048.png,5,0.9759382473355388,0.9507743926925384,0.206205287587806,gaussian_noise
learned_recurrent_error_zeroed,2011_09_26/2011_09_26_drive_0011_sync,49,disturbance,9,49,0000000049.png,1,0.39782926471313895,0.2450033175501834,0.5123685163627704,gaussian_noise
learned_recurrent_error_zeroed,2011_09_26/2011_09_26_drive_0011_sync,49,disturbance,9,49,0000000049.png,2,0.4399094373628931,0.3172260665534087,0.6105575189486366,gaussian_noise
learned_recurrent_error_zeroed,2011_09_26/2011_09_26_drive_0011_sync,49,disturbance,9,49,0000000049.png,3,0.8055432759769069,0.6929433610768555,0.44679200041475553,gaussian_noise
learned_recurrent_error_zeroed,2011_09_26/2011_09_26_drive_0011_sync,49,disturbance,9,49,0000000049.png,4,1.3226578945865266,1.2381925408193288,0.33567935557462825,gaussian_noise
learned_recurrent_error_zeroed,2011_09_26/2011_09_26_drive_0011_sync,49,disturbance,9,49,0000000049.png,5,0.9763673282978461,0.950799425876887,0.22448939199602086,gaussian_noise
learned_recurrent_error_zeroed,2011_09_26/2011_09_26_drive_0011_sync,50,disturbance,10,50,0000000050.png,1,0.3983870247965049,0.2461390444689405,0.5172322931226512,gaussian_noise
learned_recurrent_error_zeroed,2011_09_26/2011_09_26_drive_0011_sync,50,disturbance,10,50,0000000050.png,2,0.4394939463223424,0.3194778203694743,0.6188539892656068,gaussian_noise
learned_recurrent_error_zeroed,2011_09_26/2011_09_26_drive_0011_sync,50,disturbance,10,50,0000000050.png,3,0.8104577919614503,0.6989876381554317,0.45891633162662276,gaussian_noise
learned_recurrent_error_zeroed,2011_09_26/2011_09_26_drive_0011_sync,50,disturbance,10,50,0000000050.png,4,1.3289464649809979,1.2419771688085628,0.3499073661956896,gaussian_noise
learned_recurrent_error_zeroed,2011_09_26/2011_09_26_drive_0011_sync,50,disturbance,10,50,0000000050.png,5,0.9776581420751441,0.951492745662529,0.2399377263857864,gaussian_noise
learned_recurrent_error_zeroed,2011_09_26/2011_09_26_drive_0011_sync,51,disturbance,11,51,0000000051.png,1,0.3999749883151299,0.24702203596060968,0.5212728794973148,gaussian_noise
learned_recurrent_error_zeroed,2011_09_26/2011_09_26_drive_0011_sync,51,disturbance,11,51,0000000051.png,2,0.4402115228471812,0.3214847728541474,0.6253736862248234,gaussian_noise
learned_recurrent_error_zeroed,2011_09_26/2011_09_26_drive_0011_sync,51,disturbance,11,51,0000000051.png,3,0.8116347930822679,0.7047862131221283,0.46927492275500415,gaussian_noise
learned_recurrent_error_zeroed,2011_09_26/2011_09_26_drive_0011_sync,51,disturbance,11,51,0000000051.png,4,1.3333805167391977,1.2469376826057388,0.3626964712195543,gaussian_noise
learned_recurrent_error_zeroed,2011_09_26/2011_09_26_drive_0011_sync,51,disturbance,11,51,0000000051.png,5,0.9789931777161861,0.9527798499530132,0.2523863002060828,gaussian_noise
learned_recurrent_error_zeroed,2011_09_26/2011_09_26_drive_0011_sync,52,disturbance,12,52,0000000052.png,1,0.39791144441133947,0.24806563315115582,0.5243799619807397,gaussian_noise
learned_recurrent_error_zeroed,2011_09_26/2011_09_26_drive_0011_sync,52,disturbance,12,52,0000000052.png,2,0.44287280794959677,0.32355901472742415,0.6326759803304541,gaussian_noise
learned_recurrent_error_zeroed,2011_09_26/2011_09_26_drive_0011_sync,52,disturbance,12,52,0000000052.png,3,0.8147865733680627,0.7103557482211967,0.4791256600851631,gaussian_noise
learned_recurrent_error_zeroed,2011_09_26/2011_09_26_drive_0011_sync,52,disturbance,12,52,0000000052.png,4,1.3359589525200652,1.2523205184819861,0.37446911821952605,gaussian_noise
learned_recurrent_error_zeroed,2011_09_26/2011_09_26_drive_0011_sync,52,disturbance,12,52,0000000052.png,5,0.9798082653825657,0.9543598487089169,0.2620649799988558,gaussian_noise
learned_recurrent_error_zeroed,2011_09_26/2011_09_26_drive_0011_sync,53,disturbance,13,53,0000000053.png,1,0.39846670426547426,0.24870771078218665,0.5246147177749548,gaussian_noise
learned_recurrent_error_zeroed,2011_09_26/2011_09_26_drive_0011_sync,53,disturbance,13,53,0000000053.png,2,0.4430659167913143,0.3255929079983237,0.6370884019977754,gaussian_noise
learned_recurrent_error_zeroed,2011_09_26/2011_09_26_drive_0011_sync,53,disturbance,13,53,0000000053.png,3,0.8180481459538651,0.7156699138149865,0.4880026926537334,gaussian_noise
learned_recurrent_error_zeroed,2011_09_26/2011_09_26_drive_0011_sync,53,disturbance,13,53,0000000053.png,4,1.3381335461403732,1.257502404185554,0.3854512535171476,gaussian_noise
learned_recurrent_error_zeroed,2011_09_26/2011_09_26_drive_0011_sync,53,disturbance,13,53,0000000053.png,5,0.9801012220128136,0.9559146491672849,0.27010250571023225,gaussian_noise
learned_recurrent_error_zeroed,2011_09_26/2011_09_26_drive_0011_sync,54,disturbance,14,54,0000000054.png,1,0.4005342139770834,0.24999765940809263,0.5280049786280135,gaussian_noise
learned_recurrent_error_zeroed,2011_09_26/2011_09_26_drive_0011_sync,54,disturbance,14,54,0000000054.png,2,0.44374256136821527,0.3273575133528916,0.6406593487563945,gaussian_noise
learned_recurrent_error_zeroed,2011_09_26/2011_09_26_drive_0011_sync,54,disturbance,14,54,0000000054.png,3,0.8180979172465475,0.7204143653784567,0.4946989526751452,gaussian_noise
learned_recurrent_error_zeroed,2011_09_26/2011_09_26_drive_0011_sync,54,disturbance,14,54,0000000054.png,4,1.3408173036445044,1.2624962964228734,0.395288868404307,gaussian_noise
learned_recurrent_error_zeroed,2011_09_26/2011_09_26_drive_0011_sync,54,disturbance,14,54,0000000054.png,5,0.9800381232724048,0.9572528458224167,0.2775633952602481,gaussian_noise
learned_recurrent_error_zeroed,2011_09_26/2011_09_26_drive_0011_sync,55,disturbance,15,55,0000000055.png,1,0.4003441628466431,0.25119602889707177,0.5321094213922362,gaussian_noise
learned_recurrent_error_zeroed,2011_09_26/2011_09_26_drive_0011_sync,55,disturbance,15,55,0000000055.png,2,0.4437789724829581,0.3289281830180072,0.6442519932184745,gaussian_noise
learned_recurrent_error_zeroed,2011_09_26/2011_09_26_drive_0011_sync,55,disturbance,15,55,0000000055.png,3,0.8173516113052032,0.7242535150106483,0.5008081796263782,gaussian_noise
learned_recurrent_error_zeroed,2011_09_26/2011_09_26_drive_0011_sync,55,disturbance,15,55,0000000055.png,4,1.3412340173393775,1.2669156275730096,0.40387174249454905,gaussian_noise
learned_recurrent_error_zeroed,2011_09_26/2011_09_26_drive_0011_sync,55,disturbance,15,55,0000000055.png,5,0.9789300635915982,0.9581865509765591,0.28487279356270995,gaussian_noise
learned_recurrent_error_zeroed,2011_09_26/2011_09_26_drive_0011_sync,56,disturbance,16,56,0000000056.png,1,0.4000239695495532,0.2522682786128403,0.5365684551734616,gaussian_noise
learned_recurrent_error_zeroed,2011_09_26/2011_09_26_drive_0011_sync,56,disturbance,16,56,0000000056.png,2,0.44285545361937273,0.32996440248615844,0.6494498022438858,gaussian_noise
learned_recurrent_error_zeroed,2011_09_26/2011_09_26_drive_0011_sync,56,disturbance,16,56,0000000056.png,3,0.818511125729057,0.7276207889462272,0.5065648206078271,gaussian_noise
learned_recurrent_error_zeroed,2011_09_26/2011_09_26_drive_0011_sync,56,disturbance,16,56,0000000056.png,4,1.340130834646926,1.2706228568911297,0.4109851179091827,gaussian_noise
learned_recurrent_error_zeroed,2011_09_26/2011_09_26_drive_0011_sync,56,disturbance,16,56,0000000056.png,5,0.97661747346972,0.9586607635307373,0.2914592225698584,gaussian_noise
learned_recurrent_error_zeroed,2011_09_26/2011_09_26_drive_0011_sync,57,disturbance,17,57,0000000057.png,1,0.40347661501987986,0.2537499078853832,0.5393088943606645,gaussian_noise
learned_recurrent_error_zeroed,2011_09_26/2011_09_26_drive_0011_sync,57,disturbance,17,57,0000000057.png,2,0.4419850597838355,0.3306338148296778,0.6532439965696171,gaussian_noise
learned_recurrent_error_zeroed,2011_09_26/2011_09_26_drive_0011_sync,57,disturbance,17,57,0000000057.png,3,0.8186771860668713,0.7304759647719017,0.5109877283678751,gaussian_noise
learned_recurrent_error_zeroed,2011_09_26/2011_09_26_drive_0011_sync,57,disturbance,17,57,0000000057.png,4,1.3370690374217675,1.2734596586445026,0.4165131216694399,gaussian_noise
learned_recurrent_error_zeroed,2011_09_26/2011_09_26_drive_0011_sync,57,disturbance,17,57,0000000057.png,5,0.9739943125255308,0.9587700578651026,0.2967242553256392,gaussian_noise
learned_recurrent_error_zeroed,2011_09_26/2011_09_26_drive_0011_sync,58,disturbance,18,58,0000000058.png,1,0.40256635729681983,0.25398019655288173,0.5433325766011299,gaussian_noise
learned_recurrent_error_zeroed,2011_09_26/2011_09_26_drive_0011_sync,58,disturbance,18,58,0000000058.png,2,0.44208585875577106,0.33111010761561044,0.6589247882690368,gaussian_noise
learned_recurrent_error_zeroed,2011_09_26/2011_09_26_drive_0011_sync,58,disturbance,18,58,0000000058.png,3,0.814707108962135,0.7324255737851971,0.5150806230343952,gaussian_noise
learned_recurrent_error_zeroed,2011_09_26/2011_09_26_drive_0011_sync,58,disturbance,18,58,0000000058.png,4,1.331452872425498,1.275039884590257,0.41976634045181255,gaussian_noise
learned_recurrent_error_zeroed,2011_09_26/2011_09_26_drive_0011_sync,58,disturbance,18,58,0000000058.png,5,0.9707701748954389,0.9584833348696532,0.29997013670913614,gaussian_noise
learned_recurrent_error_zeroed,2011_09_26/2011_09_26_drive_0011_sync,59,disturbance,19,59,0000000059.png,1,0.40512278890185294,0.25490549623204,0.5427240917284677,gaussian_noise
learned_recurrent_error_zeroed,2011_09_26/2011_09_26_drive_0011_sync,59,disturbance,19,59,0000000059.png,2,0.4441823591877462,0.331814086553198,0.6627852781794032,gaussian_noise
learned_recurrent_error_zeroed,2011_09_26/2011_09_26_drive_0011_sync,59,disturbance,19,59,0000000059.png,3,0.8143722184174153,0.7338232879037074,0.5187674844467829,gaussian_noise
learned_recurrent_error_zeroed,2011_09_26/2011_09_26_drive_0011_sync,59,disturbance,19,59,0000000059.png,4,1.3252619329458748,1.2751402480354412,0.4210279430171639,gaussian_noise
learned_recurrent_error_zeroed,2011_09_26/2011_09_26_drive_0011_sync,59,disturbance,19,59,0000000059.png,5,0.967845392047237,0.9578399978538314,0.3013062581032701,gaussian_noise
learned_recurrent_error_zeroed,2011_09_26/2011_09_26_drive_0011_sync,60,disturbance,20,60,0000000060.png,1,0.40643110890387,0.25558274976687684,0.5429436907615495,gaussian_noise
learned_recurrent_error_zeroed,2011_09_26/2011_09_26_drive_0011_sync,60,disturbance,20,60,0000000060.png,2,0.44391371109428984,0.3323658120787703,0.6656824222136344,gaussian_noise
learned_recurrent_error_zeroed,2011_09_26/2011_09_26_drive_0011_sync,60,disturbance,20,60,0000000060.png,3,0.8144206285014435,0.7349022732045758,0.5205820762486137,gaussian_noise
learned_recurrent_error_zeroed,2011_09_26/2011_09_26_drive_0011_sync,60,disturbance,20,60,0000000060.png,4,1.320628432462881,1.274327204160729,0.4210065859676235,gaussian_noise
learned_recurrent_error_zeroed,2011_09_26/2011_09_26_drive_0011_sync,60,disturbance,20,60,0000000060.png,5,0.9660058313488172,0.9570125617211227,0.3011232258591739,gaussian_noise
learned_recurrent_error_zeroed,2011_09_26/2011_09_26_drive_0011_sync,61,disturbance,21,61,0000000061.png,1,0.40572659082446105,0.2560094013229593,0.5452034482848702,gaussian_noise
learned_recurrent_error_zeroed,2011_09_26/2011_09_26_drive_0011_sync,61,disturbance,21,61,0000000061.png,2,0.4441734993574882,0.3328875565439569,0.6699309422213258,gaussian_noise
learned_recurrent_error_zeroed,2011_09_26/2011_09_26_drive_0011_sync,61,disturbance,21,61,0000000061.png,3,0.8155223502385586,0.7357207057551508,0.5214365020275198,gaussian_noise
learned_recurrent_error_zeroed,2011_09_26/2011_09_26_drive_0011_sync,61,disturbance,21,61,0000000061.png,4,1.31719252199347,1.272941083213185,0.4191820554864286,gaussian_noise
learned_recurrent_error_zeroed,2011_09_26/2011_09_26_drive_0011_sync,61,disturbance,21,61,0000000061.png,5,0.9651517760324723,0.9562149264577945,0.30045641775731535,gaussian_noise
learned_recurrent_error_zeroed,2011_09_26/2011_09_26_drive_0011_sync,62,disturbance,22,62,0000000062.png,1,0.41184369905207757,0.25730537860985475,0.5487129033751816,gaussian_noise
learned_recurrent_error_zeroed,2011_09_26/2011_09_26_drive_0011_sync,62,disturbance,22,62,0000000062.png,2,0.44342771885589877,0.33300119546833973,0.6763181223457578,gaussian_noise
learned_recurrent_error_zeroed,2011_09_26/2011_09_26_drive_0011_sync,62,disturbance,22,62,0000000062.png,3,0.814175280093361,0.736090243929451,0.5221324943591198,gaussian_noise
learned_recurrent_error_zeroed,2011_09_26/2011_09_26_drive_0011_sync,62,disturbance,22,62,0000000062.png,4,1.3130838067490251,1.2710146011007244,0.41673362962913146,gaussian_noise
learned_recurrent_error_zeroed,2011_09_26/2011_09_26_drive_0011_sync,62,disturbance,22,62,0000000062.png,5,0.9645299353326464,0.9554869191620756,0.3003321351413117,gaussian_noise
learned_recurrent_error_zeroed,2011_09_26/2011_09_26_drive_0011_sync,63,disturbance,23,63,0000000063.png,1,0.4125112841115713,0.2593079669060904,0.5466501140870192,gaussian_noise
learned_recurrent_error_zeroed,2011_09_26/2011_09_26_drive_0011_sync,63,disturbance,23,63,0000000063.png,2,0.4443335961797693,0.33315309637337237,0.6793865146406319,gaussian_noise
learned_recurrent_error_zeroed,2011_09_26/2011_09_26_drive_0011_sync,63,disturbance,23,63,0000000063.png,3,0.8163597309215321,0.7362283823756489,0.5230766741757266,gaussian_noise
learned_recurrent_error_zeroed,2011_09_26/2011_09_26_drive_0011_sync,63,disturbance,23,63,0000000063.png,4,1.310035137211756,1.268666176728932,0.415260584377227,gaussian_noise
learned_recurrent_error_zeroed,2011_09_26/2011_09_26_drive_0011_sync,63,disturbance,23,63,0000000063.png,5,0.9641909667203448,0.9548420196435292,0.3016644696082782,gaussian_noise
learned_recurrent_error_zeroed,2011_09_26/2011_09_26_drive_0011_sync,64,disturbance,24,64,0000000064.png,1,0.41809154459584785,0.26211882375739337,0.5426247987810946,gaussian_noise
learned_recurrent_error_zeroed,2011_09_26/2011_09_26_drive_0011_sync,64,disturbance,24,64,0000000064.png,2,0.4449176561050252,0.3333530093424019,0.67649068836954,gaussian_noise
learned_recurrent_error_zeroed,2011_09_26/2011_09_26_drive_0011_sync,64,disturbance,24,64,0000000064.png,3,0.8229971084391612,0.7369949634618194,0.523450560828791,gaussian_noise
learned_recurrent_error_zeroed,2011_09_26/2011_09_26_drive_0011_sync,64,disturbance,24,64,0000000064.png,4,1.3101907071239816,1.2662600488076816,0.41494309766550175,gaussian_noise
learned_recurrent_error_zeroed,2011_09_26/2011_09_26_drive_0011_sync,64,disturbance,24,64,0000000064.png,5,0.9649177203910456,0.9544012327681138,0.30387847502009274,gaussian_noise
learned_recurrent_error_zeroed,2011_09_26/2011_09_26_drive_0011_sync,65,disturbance,25,65,0000000065.png,1,0.421541713862138,0.2646452058377394,0.5411629321450631,gaussian_noise
learned_recurrent_error_zeroed,2011_09_26/2011_09_26_drive_0011_sync,65,disturbance,25,65,0000000065.png,2,0.44315401898440426,0.33305014317207216,0.6727397766315248,gaussian_noise
learned_recurrent_error_zeroed,2011_09_26/2011_09_26_drive_0011_sync,65,disturbance,25,65,0000000065.png,3,0.8234654954600646,0.738043118141367,0.5231575159329727,gaussian_noise
learned_recurrent_error_zeroed,2011_09_26/2011_09_26_drive_0011_sync,65,disturbance,25,65,0000000065.png,4,1.3129355145812012,1.2643703380962739,0.4151539620672778,gaussian_noise
learned_recurrent_error_zeroed,2011_09_26/2011_09_26_drive_0011_sync,65,disturbance,25,65,0000000065.png,5,0.9663934858930655,0.9543003311200629,0.30611503776306914,gaussian_noise
learned_recurrent_error_zeroed,2011_09_26/2011_09_26_drive_0011_sync,66,disturbance,26,66,0000000066.png,1,0.4134199558209193,0.26539132041846214,0.5385476965284733,gaussian_noise
learned_recurrent_error_zeroed,2011_09_26/2011_09_26_drive_0011_sync,66,disturbance,26,66,0000000066.png,2,0.444239950570114,0.3328590289682845,0.6676783031694552,gaussian_noise
learned_recurrent_error_zeroed,2011_09_26/2011_09_26_drive_0011_sync,66,disturbance,26,66,0000000066.png,3,0.8231505997744206,0.7389843166767512,0.5225133270368738,gaussian_noise
learned_recurrent_error_zeroed,2011_09_26/2011_09_26_drive_0011_sync,66,disturbance,26,66,0000000066.png,4,1.3160550681703551,1.2631947049401853,0.41520063297898224,gaussian_noise
learned_recurrent_error_zeroed,2011_09_26/2011_09_26_drive_0011_sync,66,disturbance,26,66,0000000066.png,5,0.9676045415384971,0.9544757390517248,0.30840211626114195,gaussian_noise
learned_recurrent_error_zeroed,2011_09_26/2011_09_26_drive_0011_sync,67,disturbance,27,67,0000000067.png,1,0.40496254644260415,0.26375421857475934,0.5360382583802651,gaussian_noise
learned_recurrent_error_zeroed,2011_09_26/2011_09_26_drive_0011_sync,67,disturbance,27,67,0000000067.png,2,0.4440196434856398,0.33288950154090075,0.6622536106138851,gaussian_noise
learned_recurrent_error_zeroed,2011_09_26/2011_09_26_drive_0011_sync,67,disturbance,27,67,0000000067.png,3,0.8243206954205379,0.7400574984532273,0.5221776830640219,gaussian_noise
learned_recurrent_error_zeroed,2011_09_26/2011_09_26_drive_0011_sync,67,disturbance,27,67,0000000067.png,4,1.3213230709985526,1.2630852671266153,0.41511607762732927,gaussian_noise
learned_recurrent_error_zeroed,2011_09_26/2011_09_26_drive_0011_sync,67,disturbance,27,67,0000000067.png,5,0.9696660358700671,0.954976660606041,0.3094389768155036,gaussian_noise
learned_recurrent_error_zeroed,2011_09_26/2011_09_26_drive_0011_sync,68,disturbance,28,68,0000000068.png,1,0.40438889743782536,0.2619060422088544,0.5409567903100821,gaussian_noise
learned_recurrent_error_zeroed,2011_09_26/2011_09_26_drive_0011_sync,68,disturbance,28,68,0000000068.png,2,0.44518709758107244,0.33299723143309073,0.6657566112653194,gaussian_noise
learned_recurrent_error_zeroed,2011_09_26/2011_09_26_drive_0011_sync,68,disturbance,28,68,0000000068.png,3,0.8204740613407292,0.7406705490978469,0.5230599127039866,gaussian_noise
learned_recurrent_error_zeroed,2011_09_26/2011_09_26_drive_0011_sync,68,disturbance,28,68,0000000068.png,4,1.3245242407415052,1.2641894943716951,0.4160997209120575,gaussian_noise
learned_recurrent_error_zeroed,2011_09_26/2011_09_26_drive_0011_sync,68,disturbance,28,68,0000000068.png,5,0.9721166341212256,0.9558285214122608,0.30959646689061554,gaussian_noise
learned_recurrent_error_zeroed,2011_09_26/2011_09_26_drive_0011_sync,69,disturbance,29,69,0000000069.png,1,0.40245964156415814,0.26019095691490934,0.5406346677506636,gaussian_noise
learned_recurrent_error_zeroed,2011_09_26/2011_09_26_drive_0011_sync,69,disturbance,29,69,0000000069.png,2,0.4467097404300631,0.3334509419714714,0.6683377311449472,gaussian_noise
learned_recurrent_error_zeroed,2011_09_26/2011_09_26_drive_0011_sync,69,disturbance,29,69,0000000069.png,3,0.8188958828303033,0.7406640333526059,0.5241475072194867,gaussian_noise
learned_recurrent_error_zeroed,2011_09_26/2011_09_26_drive_0011_sync,69,disturbance,29,69,0000000069.png,4,1.325754506438161,1.265731445779327,0.4171210165394777,gaussian_noise
learned_recurrent_error_zeroed,2011_09_26/2011_09_26_drive_0011_sync,69,disturbance,29,69,0000000069.png,5,0.9736256560908874,0.9567613005378357,0.3090721934450668,gaussian_noise
learned_recurrent_error_zeroed,2011_09_26/2011_09_26_drive_0011_sync,70,disturbance,30,70,0000000070.png,1,0.3973370141518942,0.25811118089140056,0.5339947236611262,gaussian_noise
learned_recurrent_error_zeroed,2011_09_26/2011_09_26_drive_0011_sync,70,disturbance,30,70,0000000070.png,2,0.4474625014053291,0.33427249290987365,0.6656109283782425,gaussian_noise
learned_recurrent_error_zeroed,2011_09_26/2011_09_26_drive_0011_sync,70,disturbance,30,70,0000000070.png,3,0.8239804347431743,0.7409612520503823,0.5253353325913862,gaussian_noise
learned_recurrent_error_zeroed,2011_09_26/2011_09_26_drive_0011_sync,70,disturbance,30,70,0000000070.png,4,1.3291243889881215,1.267137433484237,0.4178957739684957,gaussian_noise
learned_recurrent_error_zeroed,2011_09_26/2011_09_26_drive_0011_sync,70,disturbance,30,70,0000000070.png,5,0.9744620513249146,0.9574365480008962,0.3079595706940202,gaussian_noise
learned_recurrent_error_zeroed,2011_09_26/2011_09_26_drive_0011_sync,71,disturbance,31,71,0000000071.png,1,0.39919251975045045,0.2565026170913889,0.5277134415873607,gaussian_noise
learned_recurrent_error_zeroed,2011_09_26/2011_09_26_drive_0011_sync,71,disturbance,31,71,0000000071.png,2,0.4458084507757197,0.3346622052997112,0.661435164319611,gaussian_noise
learned_recurrent_error_zeroed,2011_09_26/2011_09_26_drive_0011_sync,71,disturbance,31,71,0000000071.png,3,0.8304350638691855,0.7421819846899738,0.5270024474036048,gaussian_noise
learned_recurrent_error_zeroed,2011_09_26/2011_09_26_drive_0011_sync,71,disturbance,31,71,0000000071.png,4,1.338293866542431,1.2690322215479868,0.4184607002595819,gaussian_noise
learned_recurrent_error_zeroed,2011_09_26/2011_09_26_drive_0011_sync,71,disturbance,31,71,0000000071.png,5,0.9754325198834591,0.9578003508980306,0.3067384708608545,gaussian_noise
learned_recurrent_error_zeroed,2011_09_26/2011_09_26_drive_0011_sync,72,disturbance,32,72,0000000072.png,1,0.39372892746741467,0.25361243169523257,0.5245715386311974,gaussian_noise
learned_recurrent_error_zeroed,2011_09_26/2011_09_26_drive_0011_sync,72,disturbance,32,72,0000000072.png,2,0.4476217486079337,0.3351459519233642,0.6576643168515902,gaussian_noise
learned_recurrent_error_zeroed,2011_09_26/2011_09_26_drive_0011_sync,72,disturbance,32,72,0000000072.png,3,0.8345856037688607,0.7442345420640252,0.5284689074244454,gaussian_noise
learned_recurrent_error_zeroed,2011_09_26/2011_09_26_drive_0011_sync,72,disturbance,32,72,0000000072.png,4,1.3498630780384988,1.2720996286320385,0.4188552004223188,gaussian_noise
learned_recurrent_error_zeroed,2011_09_26/2011_09_26_drive_0011_sync,72,disturbance,32,72,0000000072.png,5,0.9767876334418709,0.9579996299535319,0.30465958599419735,gaussian_noise
learned_recurrent_error_zeroed,2011_09_26/2011_09_26_drive_0011_sync,73,disturbance,33,73,0000000073.png,1,0.3938550549589283,0.2512897396455904,0.5245530885278715,gaussian_noise
learned_recurrent_error_zeroed,2011_09_26/2011_09_26_drive_0011_sync,73,disturbance,33,73,0000000073.png,2,0.4498968027379694,0.33593695795312273,0.6560382494740167,gaussian_noise
learned_recurrent_error_zeroed,2011_09_26/2011_09_26_drive_0011_sync,73,disturbance,33,73,0000000073.png,3,0.8352785845753291,0.7462427698781112,0.5294479634532411,gaussian_noise
learned_recurrent_error_zeroed,2011_09_26/2011_09_26_drive_0011_sync,73,disturbance,33,73,0000000073.png,4,1.3596476367836563,1.2764336205956452,0.4179072301175041,gaussian_noise
learned_recurrent_error_zeroed,2011_09_26/2011_09_26_drive_0011_sync,73,disturbance,33,73,0000000073.png,5,0.9780579086413781,0.9581187260142346,0.3020683142234191,gaussian_noise
learned_recurrent_error_zeroed,2011_09_26/2011_09_26_drive_0011_sync,74,disturbance,34,74,0000000074.png,1,0.3911961525758219,0.24901814978955758,0.5256018385881971,gaussian_noise
learned_recurrent_error_zeroed,2011_09_26/2011_09_26_drive_0011_sync,74,disturbance,34,74,0000000074.png,2,0.45127484412550617,0.33687821060052214,0.6560956759027804,gaussian_noise
learned_recurrent_error_zeroed,2011_09_26/2011_09_26_drive_0011_sync,74,disturbance,34,74,0000000074.png,3,0.8365952986119097,0.7480290108554585,0.529363955599781,gaussian_noise
learned_recurrent_error_zeroed,2011_09_26/2011_09_26_drive_0011_sync,74,disturbance,34,74,0000000074.png,4,1.3651232632849832,1.2814073295889492,0.41530750307377484,gaussian_noise
learned_recurrent_error_zeroed,2011_09_26/2011_09_26_drive_0011_sync,74,disturbance,34,74,0000000074.png,5,0.979832310244301,0.9583518970221149,0.29909240335491816,gaussian_noise
learned_recurrent_error_zeroed,2011_09_26/2011_09_26_drive_0011_sync,75,disturbance,35,75,0000000075.png,1,0.3875714654053733,0.24687269030007242,0.5245755747764813,gaussian_noise
learned_recurrent_error_zeroed,2011_09_26/2011_09_26_drive_0011_sync,75,disturbance,35,75,0000000075.png,2,0.45249558096993786,0.33795728261091473,0.6545247248629692,gaussian_noise
learned_recurrent_error_zeroed,2011_09_26/2011_09_26_drive_0011_sync,75,disturbance,35,75,0000000075.png,3,0.8400465174575937,0.7497167547476048,0.5293110585430694,gaussian_noise
learned_recurrent_error_zeroed,2011_09_26/2011_09_26_drive_0011_sync,75,disturbance,35,75,0000000075.png,4,1.3673356720256349,1.2861594655868165,0.4122664702024553,gaussian_noise
learned_recurrent_error_zeroed,2011_09_26/2011_09_26_drive_0011_sync,75,disturbance,35,75,0000000075.png,5,0.9826196002677071,0.9590278583292207,0.2961648434544258,gaussian_noise
learned_recurrent_error_zeroed,2011_09_26/2011_09_26_drive_0011_sync,76,disturbance,36,76,0000000076.png,1,0.39185714010106876,0.24535911354574438,0.5266542175244217,gaussian_noise
learned_recurrent_error_zeroed,2011_09_26/2011_09_26_drive_0011_sync,76,disturbance,36,76,0000000076.png,2,0.4504924081011906,0.338804793181626,0.65766758284825,gaussian_noise
learned_recurrent_error_zeroed,2011_09_26/2011_09_26_drive_0011_sync,76,disturbance,36,76,0000000076.png,3,0.8399400898699253,0.7515016807132519,0.5321070477748956,gaussian_noise
learned_recurrent_error_zeroed,2011_09_26/2011_09_26_drive_0011_sync,76,disturbance,36,76,0000000076.png,4,1.369552538788093,1.2909101215198884,0.4109215396652428,gaussian_noise
learned_recurrent_error_zeroed,2011_09_26/2011_09_26_drive_0011_sync,76,disturbance,36,76,0000000076.png,5,0.9858352895026027,0.9604283816641571,0.2944730749654266,gaussian_noise
learned_recurrent_error_zeroed,2011_09_26/2011_09_26_drive_0011_sync,77,disturbance,37,77,0000000077.png,1,0.395551772821004,0.2444583115868098,0.5337303548630496,gaussian_noise
learned_recurrent_error_zeroed,2011_09_26/2011_09_26_drive_0011_sync,77,disturbance,37,77,0000000077.png,2,0.45251957513307295,0.33951077458682305,0.6677302665090918,gaussian_noise
learned_recurrent_error_zeroed,2011_09_26/2011_09_26_drive_0011_sync,77,disturbance,37,77,0000000077.png,3,0.8314120709487978,0.7520998081687998,0.5359120483485519,gaussian_noise
learned_recurrent_error_zeroed,2011_09_26/2011_09_26_drive_0011_sync,77,disturbance,37,77,0000000077.png,4,1.3643411486402846,1.2946787773836737,0.410916622318334,gaussian_noise
learned_recurrent_error_zeroed,2011_09_26/2011_09_26_drive_0011_sync,77,disturbance,37,77,0000000077.png,5,0.9869068908074979,0.9622326992467024,0.2936865219861465,gaussian_noise
learned_recurrent_error_zeroed,2011_09_26/2011_09_26_drive_0011_sync,78,disturbance,38,78,0000000078.png,1,0.3915058168390213,0.24349241424279558,0.5342295698386292,gaussian_noise
learned_recurrent_error_zeroed,2011_09_26/2011_09_26_drive_0011_sync,78,disturbance,38,78,0000000078.png,2,0.45421070020197407,0.34041019538600464,0.6743147675433284,gaussian_noise
learned_recurrent_error_zeroed,2011_09_26/2011_09_26_drive_0011_sync,78,disturbance,38,78,0000000078.png,3,0.8288609267066891,0.7515997458633251,0.5387130721121419,gaussian_noise
learned_recurrent_error_zeroed,2011_09_26/2011_09_26_drive_0011_sync,78,disturbance,38,78,0000000078.png,4,1.3572296500987684,1.2965811026874734,0.4115263618797308,gaussian_noise
learned_recurrent_error_zeroed,2011_09_26/2011_09_26_drive_0011_sync,78,disturbance,38,78,0000000078.png,5,0.9870114031599648,0.9640732340047493,0.2924358949044499,gaussian_noise
learned_recurrent_error_zeroed,2011_09_26/2011_09_26_drive_0011_sync,79,disturbance,39,79,0000000079.png,1,0.3863145346086293,0.24191632651003084,0.5321398177101495,gaussian_noise
learned_recurrent_error_zeroed,2011_09_26/2011_09_26_drive_0011_sync,79,disturbance,39,79,0000000079.png,2,0.45003970614954647,0.34097647223748145,0.6734376805639268,gaussian_noise
learned_recurrent_error_zeroed,2011_09_26/2011_09_26_drive_0011_sync,79,disturbance,39,79,0000000079.png,3,0.8319534709184006,0.7511928147840351,0.541511283837796,gaussian_noise
learned_recurrent_error_zeroed,2011_09_26/2011_09_26_drive_0011_sync,79,disturbance,39,79,0000000079.png,4,1.3553040426339735,1.2971027609646064,0.413442869469984,gaussian_noise
learned_recurrent_error_zeroed,2011_09_26/2011_09_26_drive_0011_sync,79,disturbance,39,79,0000000079.png,5,0.9881867748960917,0.9659123218692678,0.29193705733274333,gaussian_noise
learned_recurrent_error_zeroed,2011_09_26/2011_09_26_drive_0011_sync,80,disturbance,40,80,0000000080.png,1,0.3834321349848643,0.2394906337941881,0.5357821030557015,gaussian_noise
learned_recurrent_error_zeroed,2011_09_26/2011_09_26_drive_0011_sync,80,disturbance,40,80,0000000080.png,2,0.44897694395178034,0.3412197740881731,0.6717837562398533,gaussian_noise
learned_recurrent_error_zeroed,2011_09_26/2011_09_26_drive_0011_sync,80,disturbance,40,80,0000000080.png,3,0.8346883574476914,0.7514567810848878,0.544422761289334,gaussian_noise
learned_recurrent_error_zeroed,2011_09_26/2011_09_26_drive_0011_sync,80,disturbance,40,80,0000000080.png,4,1.3583403873671884,1.2974590248691242,0.41653319913739667,gaussian_noise
learned_recurrent_error_zeroed,2011_09_26/2011_09_26_drive_0011_sync,80,disturbance,40,80,0000000080.png,5,0.9904509703767695,0.9678473282151625,0.292635668429902,gaussian_noise
learned_recurrent_error_zeroed,2011_09_26/2011_09_26_drive_0011_sync,81,disturbance,41,81,0000000081.png,1,0.37905771650493836,0.23652448873899762,0.5393187851670611,gaussian_noise
learned_recurrent_error_zeroed,2011_09_26/2011_09_26_drive_0011_sync,81,disturbance,41,81,0000000081.png,2,0.448677574144926,0.34113589908482295,0.6696065020871589,gaussian_noise
learned_recurrent_error_zeroed,2011_09_26/2011_09_26_drive_0011_sync,81,disturbance,41,81,0000000081.png,3,0.8391297150594212,0.7525583016097325,0.5465572074491838,gaussian_noise
learned_recurrent_error_zeroed,2011_09_26/2011_09_26_drive_0011_sync,81,disturbance,41,81,0000000081.png,4,1.3634699758232638,1.2984215246877633,0.4197545487396625,gaussian_noise
learned_recurrent_error_zeroed,2011_09_26/2011_09_26_drive_0011_sync,81,disturbance,41,81,0000000081.png,5,0.9930149543292457,0.9698224965626093,0.2937706450129487,gaussian_noise
learned_recurrent_error_zeroed,2011_09_26/2011_09_26_drive_0011_sync,82,disturbance,42,82,0000000082.png,1,0.37789848407320165,0.23364713351685026,0.5404109698711085,gaussian_noise
learned_recurrent_error_zeroed,2011_09_26/2011_09_26_drive_0011_sync,82,disturbance,42,82,0000000082.png,2,0.4466952085702962,0.3405783411693592,0.6661495803184447,gaussian_noise
learned_recurrent_error_zeroed,2011_09_26/2011_09_26_drive_0011_sync,82,disturbance,42,82,0000000082.png,3,0.847766366538211,0.7548547679817642,0.5478705453014304,gaussian_noise
learned_recurrent_error_zeroed,2011_09_26/2011_09_26_drive_0011_sync,82,disturbance,42,82,0000000082.png,4,1.3703756785805763,1.3003742714761333,0.422485589387058,gaussian_noise
learned_recurrent_error_zeroed,2011_09_26/2011_09_26_drive_0011_sync,82,disturbance,42,82,0000000082.png,5,0.9955702750514922,0.9718087811277926,0.29468711772808837,gaussian_noise
learned_recurrent_error_zeroed,2011_09_26/2011_09_26_drive_0011_sync,83,disturbance,43,83,0000000083.png,1,0.3757232520494268,0.23073995235108305,0.541333575035899,gaussian_noise
learned_recurrent_error_zeroed,2011_09_26/2011_09_26_drive_0011_sync,83,disturbance,43,83,0000000083.png,2,0.4456557547620388,0.3397077490718775,0.6625085350887606,gaussian_noise
learned_recurrent_error_zeroed,2011_09_26/2011_09_26_drive_0011_sync,83,disturbance,43,83,0000000083.png,3,0.8568202795552378,0.7583954268230904,0.5490735064867809,gaussian_noise
learned_recurrent_error_zeroed,2011_09_26/2011_09_26_drive_0011_sync,83,disturbance,43,83,0000000083.png,4,1.3790727797774114,1.3035255937605585,0.4252996127140191,gaussian_noise
learned_recurrent_error_zeroed,2011_09_26/2011_09_26_drive_0011_sync,83,disturbance,43,83,0000000083.png,5,0.9978240074201462,0.9737397351235441,0.296113407901595,gaussian_noise
learned_recurrent_error_zeroed,2011_09_26/2011_09_26_drive_0011_sync,84,disturbance,44,84,0000000084.png,1,0.3749631780895646,0.22837162963557445,0.5409263446366679,gaussian_noise
learned_recurrent_error_zeroed,2011_09_26/2011_09_26_drive_0011_sync,84,disturbance,44,84,0000000084.png,2,0.44629005351083334,0.33872065698557935,0.6595233305772881,gaussian_noise
learned_recurrent_error_zeroed,2011_09_26/2011_09_26_drive_0011_sync,84,disturbance,44,84,0000000084.png,3,0.864975361121846,0.7627977872335652,0.5508506248826357,gaussian_noise
learned_recurrent_error_zeroed,2011_09_26/2011_09_26_drive_0011_sync,84,disturbance,44,84,0000000084.png,4,1.3882402531353784,1.3076771376418,0.4285113299983167,gaussian_noise
learned_recurrent_error_zeroed,2011_09_26/2011_09_26_drive_0011_sync,84,disturbance,44,84,0000000084.png,5,0.9998315526238705,0.975570974859269,0.298267730574045,gaussian_noise
learned_recurrent_error_zeroed,2011_09_26/2011_09_26_drive_0011_sync,85,disturbance,45,85,0000000085.png,1,0.3774218237364516,0.2270198526688408,0.539588742560811,gaussian_noise
learned_recurrent_error_zeroed,2011_09_26/2011_09_26_drive_0011_sync,85,disturbance,45,85,0000000085.png,2,0.4472261788629714,0.33807782986492907,0.6576288674580064,gaussian_noise
learned_recurrent_error_zeroed,2011_09_26/2011_09_26_drive_0011_sync,85,disturbance,45,85,0000000085.png,3,0.8719429843201069,0.7677343657736536,0.5523674292996458,gaussian_noise
learned_recurrent_error_zeroed,2011_09_26/2011_09_26_drive_0011_sync,85,disturbance,45,85,0000000085.png,4,1.3961628941473334,1.3124473851573621,0.43139390838502445,gaussian_noise
learned_recurrent_error_zeroed,2011_09_26/2011_09_26_drive_0011_sync,85,disturbance,45,85,0000000085.png,5,1.0021665116202825,0.9773924014086279,0.30010967846764575,gaussian_noise
learned_recurrent_error_zeroed,2011_09_26/2011_09_26_drive_0011_sync,86,disturbance,46,86,0000000086.png,1,0.3786380863431579,0.22647255831142926,0.5378905670990338,gaussian_noise
learned_recurrent_error_zeroed,2011_09_26/2011_09_26_drive_0011_sync,86,disturbance,46,86,0000000086.png,2,0.44831515248924786,0.33776207698581867,0.655072470478605,gaussian_noise
learned_recurrent_error_zeroed,2011_09_26/2011_09_26_drive_0011_sync,86,disturbance,46,86,0000000086.png,3,0.8769581379882408,0.7727041178927827,0.5533800011670984,gaussian_noise
learned_recurrent_error_zeroed,2011_09_26/2011_09_26_drive_0011_sync,86,disturbance,46,86,0000000086.png,4,1.402991123215384,1.317518231953173,0.43355049290425424,gaussian_noise
learned_recurrent_error_zeroed,2011_09_26/2011_09_26_drive_0011_sync,86,disturbance,46,86,0000000086.png,5,1.0045697222361976,0.9792732445988236,0.30139170284302486,gaussian_noise
learned_recurrent_error_zeroed,2011_09_26/2011_09_26_drive_0011_sync,87,disturbance,47,87,0000000087.png,1,0.3801435644852617,0.22612564283590864,0.5372834308215034,gaussian_noise
learned_recurrent_error_zeroed,2011_09_26/2011_09_26_drive_0011_sync,87,disturbance,47,87,0000000087.png,2,0.45046468347087804,0.3378768080721899,0.6526034213427924,gaussian_noise
learned_recurrent_error_zeroed,2011_09_26/2011_09_26_drive_0011_sync,87,disturbance,47,87,0000000087.png,3,0.8811769411937677,0.7775730120134352,0.5533804047701585,gaussian_noise
learned_recurrent_error_zeroed,2011_09_26/2011_09_26_drive_0011_sync,87,disturbance,47,87,0000000087.png,4,1.409369432620317,1.3228009107339065,0.43490931083476475,gaussian_noise
learned_recurrent_error_zeroed,2011_09_26/2011_09_26_drive_0011_sync,87,disturbance,47,87,0000000087.png,5,1.0070579811834217,0.981245754136244,0.3025819824011701,gaussian_noise
learned_recurrent_error_zeroed,2011_09_26/2011_09_26_drive_0011_sync,88,disturbance,48,88,0000000088.png,1,0.38063468714191595,0.2258546706922502,0.5374813637386835,gaussian_noise
learned_recurrent_error_zeroed,2011_09_26/2011_09_26_drive_0011_sync,88,disturbance,48,88,0000000088.png,2,0.45147092099814823,0.3381860107679987,0.6520359608514603,gaussian_noise
learned_recurrent_error_zeroed,2011_09_26/2011_09_26_drive_0011_sync,88,disturbance,48,88,0000000088.png,3,0.885045814864672,0.7820479342497132,0.5538483533941888,gaussian_noise
learned_recurrent_error_zeroed,2011_09_26/2011_09_26_drive_0011_sync,88,disturbance,48,88,0000000088.png,4,1.4147100078705945,1.3279917356969548,0.43663385112841174,gaussian_noise
learned_recurrent_error_zeroed,2011_09_26/2011_09_26_drive_0011_sync,88,disturbance,48,88,0000000088.png,5,1.009559912011591,0.9832944919186963,0.3044574701814545,gaussian_noise
learned_recurrent_error_zeroed,2011_09_26/2011_09_26_drive_0011_sync,89,disturbance,49,89,0000000089.png,1,0.3818825519805083,0.22562906451716844,0.5372687487959035,gaussian_noise
learned_recurrent_error_zeroed,2011_09_26/2011_09_26_drive_0011_sync,89,disturbance,49,89,0000000089.png,2,0.45266807448381663,0.3386356657293804,0.6517310416123608,gaussian_noise
learned_recurrent_error_zeroed,2011_09_26/2011_09_26_drive_0011_sync,89,disturbance,49,89,0000000089.png,3,0.8882103982797511,0.7861774413095414,0.554795407029106,gaussian_noise
learned_recurrent_error_zeroed,2011_09_26/2011_09_26_drive_0011_sync,89,disturbance,49,89,0000000089.png,4,1.4181018308567643,1.3328595464741912,0.43905988949525704,gaussian_noise
learned_recurrent_error_zeroed,2011_09_26/2011_09_26_drive_0011_sync,89,disturbance,49,89,0000000089.png,5,1.0114417484242577,0.9853246700461117,0.3066152894309198,gaussian_noise
learned_recurrent_error_zeroed,2011_09_26/2011_09_26_drive_0011_sync,90,disturbance,50,90,0000000090.png,1,0.3823091707009553,0.22535926418039975,0.5368456155360716,gaussian_noise
learned_recurrent_error_zeroed,2011_09_26/2011_09_26_drive_0011_sync,90,disturbance,50,90,0000000090.png,2,0.45396427817667234,0.33920275837159997,0.6519414887071251,gaussian_noise
learned_recurrent_error_zeroed,2011_09_26/2011_09_26_drive_0011_sync,90,disturbance,50,90,0000000090.png,3,0.8895745995145927,0.7896577783960133,0.5560303580164929,gaussian_noise
learned_recurrent_error_zeroed,2011_09_26/2011_09_26_drive_0011_sync,90,disturbance,50,90,0000000090.png,4,1.4185602539960807,1.336959159054912,0.44193924079566926,gaussian_noise
learned_recurrent_error_zeroed,2011_09_26/2011_09_26_drive_0011_sync,90,disturbance,50,90,0000000090.png,5,1.0122255236807178,0.9871748952899857,0.3096082529999466,gaussian_noise
learned_recurrent_error_zeroed,2011_09_26/2011_09_26_drive_0011_sync,91,disturbance,51,91,0000000091.png,1,0.38502652918567354,0.2261631461422226,0.5351344672548873,gaussian_noise
learned_recurrent_error_zeroed,2011_09_26/2011_09_26_drive_0011_sync,91,disturbance,51,91,0000000091.png,2,0.4543671924553543,0.3397458127046557,0.6494693005779844,gaussian_noise
learned_recurrent_error_zeroed,2011_09_26/2011_09_26_drive_0011_sync,91,disturbance,51,91,0000000091.png,3,0.8916592373400742,0.7925672618885974,0.5564614829996586,gaussian_noise
learned_recurrent_error_zeroed,2011_09_26/2011_09_26_drive_0011_sync,91,disturbance,51,91,0000000091.png,4,1.4191849114806818,1.340261828741707,0.44452935726662635,gaussian_noise
learned_recurrent_error_zeroed,2011_09_26/2011_09_26_drive_0011_sync,91,disturbance,51,91,0000000091.png,5,1.0119942710846488,0.9886999721692491,0.3131261293344486,gaussian_noise
learned_recurrent_error_zeroed,2011_09_26/2011_09_26_drive_0011_sync,92,disturbance,52,92,0000000092.png,1,0.3848189535841509,0.22638440780008717,0.5319230494856086,gaussian_noise
learned_recurrent_error_zeroed,2011_09_26/2011_09_26_drive_0011_sync,92,disturbance,52,92,0000000092.png,2,0.4563881768402296,0.34063359942269983,0.6458123732268504,gaussian_noise
learned_recurrent_error_zeroed,2011_09_26/2011_09_26_drive_0011_sync,92,disturbance,52,92,0000000092.png,3,0.8949326425792338,0.7953801577608477,0.5567433741897345,gaussian_noise
learned_recurrent_error_zeroed,2011_09_26/2011_09_26_drive_0011_sync,92,disturbance,52,92,0000000092.png,4,1.4224280607774533,1.3434164467201397,0.44638324977986826,gaussian_noise
learned_recurrent_error_zeroed,2011_09_26/2011_09_26_drive_0011_sync,92,disturbance,52,92,0000000092.png,5,1.0113340006383191,0.9899034771790366,0.31596921486372886,gaussian_noise
learned_recurrent_error_zeroed,2011_09_26/2011_09_26_drive_0011_sync,93,disturbance,53,93,0000000093.png,1,0.387040794305251,0.22699976894639662,0.5256496430993466,gaussian_noise
learned_recurrent_error_zeroed,2011_09_26/2011_09_26_drive_0011_sync,93,disturbance,53,93,0000000093.png,2,0.45830970467322846,0.3417035087622949,0.6409490401888639,gaussian_noise
learned_recurrent_error_zeroed,2011_09_26/2011_09_26_drive_0011_sync,93,disturbance,53,93,0000000093.png,3,0.8973179561931964,0.7980746065983458,0.5569044831385698,gaussian_noise
learned_recurrent_error_zeroed,2011_09_26/2011_09_26_drive_0011_sync,93,disturbance,53,93,0000000093.png,4,1.4270670495664703,1.3467514349163991,0.44712412934946183,gaussian_noise
learned_recurrent_error_zeroed,2011_09_26/2011_09_26_drive_0011_sync,93,disturbance,53,93,0000000093.png,5,1.0104191033916008,0.9907708111215168,0.3182817111395023,gaussian_noise
learned_recurrent_error_zeroed,2011_09_26/2011_09_26_drive_0011_sync,94,disturbance,54,94,0000000094.png,1,0.38831597482792735,0.2276996093677998,0.5202039196961756,gaussian_noise
learned_recurrent_error_zeroed,2011_09_26/2011_09_26_drive_0011_sync,94,disturbance,54,94,0000000094.png,2,0.4608328470301876,0.34293573630177243,0.6365039790065057,gaussian_noise
learned_recurrent_error_zeroed,2011_09_26/2011_09_26_drive_0011_sync,94,disturbance,54,94,0000000094.png,3,0.8998091565094949,0.8006010048730833,0.5566331668562119,gaussian_noise
learned_recurrent_error_zeroed,2011_09_26/2011_09_26_drive_0011_sync,94,disturbance,54,94,0000000094.png,4,1.4336996400788613,1.3506096745012766,0.4475643960917494,gaussian_noise
learned_recurrent_error_zeroed,2011_09_26/2011_09_26_drive_0011_sync,94,disturbance,54,94,0000000094.png,5,1.009754921560198,0.9913759429300263,0.32031565527234457,gaussian_noise
learned_recurrent_error_zeroed,2011_09_26/2011_09_26_drive_0011_sync,95,disturbance,55,95,0000000095.png,1,0.3915307387035498,0.2286588700452646,0.5159924086617056,gaussian_noise
learned_recurrent_error_zeroed,2011_09_26/2011_09_26_drive_0011_sync,95,disturbance,55,95,0000000095.png,2,0.4635146887715875,0.34433975614328355,0.6315123631893038,gaussian_noise
learned_recurrent_error_zeroed,2011_09_26/2011_09_26_drive_0011_sync,95,disturbance,55,95,0000000095.png,3,0.9042787698945782,0.8034835857201934,0.5553493094588592,gaussian_noise
learned_recurrent_error_zeroed,2011_09_26/2011_09_26_drive_0011_sync,95,disturbance,55,95,0000000095.png,4,1.4408741239950744,1.355024363374653,0.4486185146035208,gaussian_noise
learned_recurrent_error_zeroed,2011_09_26/2011_09_26_drive_0011_sync,95,disturbance,55,95,0000000095.png,5,1.0095402246382101,0.9917895601544334,0.32301299264568684,gaussian_noise
learned_recurrent_error_zeroed,2011_09_26/2011_09_26_drive_0011_sync,96,disturbance,56,96,0000000096.png,1,0.3909745994471454,0.2292476444553709,0.5117135659333603,gaussian_noise
learned_recurrent_error_zeroed,2011_09_26/2011_09_26_drive_0011_sync,96,disturbance,56,96,0000000096.png,2,0.46694232339056363,0.34608654741751727,0.6262348449042562,gaussian_noise
learned_recurrent_error_zeroed,2011_09_26/2011_09_26_drive_0011_sync,96,disturbance,56,96,0000000096.png,3,0.9084400199738155,0.8065093931556881,0.55292432503655,gaussian_noise
learned_recurrent_error_zeroed,2011_09_26/2011_09_26_drive_0011_sync,96,disturbance,56,96,0000000096.png,4,1.4475004819747557,1.359776410449142,0.4508868494875567,gaussian_noise
learned_recurrent_error_zeroed,2011_09_26/2011_09_26_drive_0011_sync,96,disturbance,56,96,0000000096.png,5,1.0103280805611996,0.992136988227299,0.32658173507866317,gaussian_noise
learned_recurrent_error_zeroed,2011_09_26/2011_09_26_drive_0011_sync,97,disturbance,57,97,0000000097.png,1,0.39082535134777585,0.229994596049817,0.5077051672346885,gaussian_noise
learned_recurrent_error_zeroed,2011_09_26/2011_09_26_drive_0011_sync,97,disturbance,57,97,0000000097.png,2,0.4680699561127145,0.3478985976534285,0.6224326472969334,gaussian_noise
learned_recurrent_error_zeroed,2011_09_26/2011_09_26_drive_0011_sync,97,disturbance,57,97,0000000097.png,3,0.9124963952406673,0.8096634021184118,0.5499133159845496,gaussian_noise
learned_recurrent_error_zeroed,2011_09_26/2011_09_26_drive_0011_sync,97,disturbance,57,97,0000000097.png,4,1.4534194904688325,1.364616574653318,0.45314318849176605,gaussian_noise
learned_recurrent_error_zeroed,2011_09_26/2011_09_26_drive_0011_sync,97,disturbance,57,97,0000000097.png,5,1.0123184607082172,0.992611363325191,0.3304486493828189,gaussian_noise
learned_recurrent_error_zeroed,2011_09_26/2011_09_26_drive_0011_sync,98,disturbance,58,98,0000000098.png,1,0.39128452917878515,0.230658664166856,0.5063999947604102,gaussian_noise
learned_recurrent_error_zeroed,2011_09_26/2011_09_26_drive_0011_sync,98,disturbance,58,98,0000000098.png,2,0.4689832900596034,0.3494548191271467,0.6198019305381738,gaussian_noise
learned_recurrent_error_zeroed,2011_09_26/2011_09_26_drive_0011_sync,98,disturbance,58,98,0000000098.png,3,0.9167499158291916,0.8130212365472668,0.5476580127395784,gaussian_noise
learned_recurrent_error_zeroed,2011_09_26/2011_09_26_drive_0011_sync,98,disturbance,58,98,0000000098.png,4,1.4589479417348399,1.3695124540208012,0.4552042609186995,gaussian_noise
learned_recurrent_error_zeroed,2011_09_26/2011_09_26_drive_0011_sync,98,disturbance,58,98,0000000098.png,5,1.015690042570145,0.9934344894425147,0.33386485627361623,gaussian_noise
learned_recurrent_error_zeroed,2011_09_26/2011_09_26_drive_0011_sync,99,disturbance,59,99,0000000099.png,1,0.3936022269235697,0.2314275780226871,0.5046825570014103,gaussian_noise
learned_recurrent_error_zeroed,2011_09_26/2011_09_26_drive_0011_sync,99,disturbance,59,99,0000000099.png,2,0.47031201320160526,0.35095781024491673,0.6165486453623499,gaussian_noise
learned_recurrent_error_zeroed,2011_09_26/2011_09_26_drive_0011_sync,99,disturbance,59,99,0000000099.png,3,0.9178303489330555,0.8160587742001434,0.5453736007231196,gaussian_noise
learned_recurrent_error_zeroed,2011_09_26/2011_09_26_drive_0011_sync,99,disturbance,59,99,0000000099.png,4,1.4642268512317718,1.3745533328526878,0.45657256107658956,gaussian_noise
learned_recurrent_error_zeroed,2011_09_26/2011_09_26_drive_0011_sync,99,disturbance,59,99,0000000099.png,5,1.019948165926453,0.9947478244491255,0.33689621069344244,gaussian_noise
learned_recurrent_error_zeroed,2011_09_26/2011_09_26_drive_0011_sync,100,disturbance,60,100,0000000100.png,1,0.3924332475823085,0.2323077659646371,0.5046416365725328,gaussian_noise
learned_recurrent_error_zeroed,2011_09_26/2011_09_26_drive_0011_sync,100,disturbance,60,100,0000000100.png,2,0.46986636437214585,0.3521095505735391,0.6141144204620812,gaussian_noise
learned_recurrent_error_zeroed,2011_09_26/2011_09_26_drive_0011_sync,100,disturbance,60,100,0000000100.png,3,0.9192319682717283,0.819009160140171,0.5424080744213513,gaussian_noise
learned_recurrent_error_zeroed,2011_09_26/2011_09_26_drive_0011_sync,100,disturbance,60,100,0000000100.png,4,1.4678027021759652,1.3794036946167152,0.4563539079775299,gaussian_noise
learned_recurrent_error_zeroed,2011_09_26/2011_09_26_drive_0011_sync,100,disturbance,60,100,0000000100.png,5,1.0252373087060966,0.9967152899406914,0.3387782681388925,gaussian_noise
learned_recurrent_error_zeroed,2011_09_26/2011_09_26_drive_0011_sync,101,disturbance,61,101,0000000101.png,1,0.39255665436546183,0.23360544143912282,0.5034896766914775,gaussian_noise
learned_recurrent_error_zeroed,2011_09_26/2011_09_26_drive_0011_sync,101,disturbance,61,101,0000000101.png,2,0.4704082205188505,0.35318639458119466,0.6110304468212614,gaussian_noise
learned_recurrent_error_zeroed,2011_09_26/2011_09_26_drive_0011_sync,101,disturbance,61,101,0000000101.png,3,0.9189024631672741,0.8214822525178661,0.5401167963205181,gaussian_noise
learned_recurrent_error_zeroed,2011_09_26/2011_09_26_drive_0011_sync,101,disturbance,61,101,0000000101.png,4,1.470953890911112,1.384056056639717,0.45504299027747597,gaussian_noise
learned_recurrent_error_zeroed,2011_09_26/2011_09_26_drive_0011_sync,101,disturbance,61,101,0000000101.png,5,1.0312424617843694,0.9994176833298819,0.3392166740975515,gaussian_noise
learned_recurrent_error_zeroed,2011_09_26/2011_09_26_drive_0011_sync,102,disturbance,62,102,0000000102.png,1,0.3952678633995586,0.2349338845703464,0.5040352243808126,gaussian_noise
learned_recurrent_error_zeroed,2011_09_26/2011_09_26_drive_0011_sync,102,disturbance,62,102,0000000102.png,2,0.4712076763030603,0.3540826132565817,0.6096513524701658,gaussian_noise
learned_recurrent_error_zeroed,2011_09_26/2011_09_26_drive_0011_sync,102,disturbance,62,102,0000000102.png,3,0.91977385443635,0.8236682557770296,0.5383402793034232,gaussian_noise
learned_recurrent_error_zeroed,2011_09_26/2011_09_26_drive_0011_sync,102,disturbance,62,102,0000000102.png,4,1.4736525063054076,1.3884048900718404,0.4538918166954494,gaussian_noise
learned_recurrent_error_zeroed,2011_09_26/2011_09_26_drive_0011_sync,102,disturbance,62,102,0000000102.png,5,1.0365128929462035,1.0026562257167975,0.3384549717686078,gaussian_noise
learned_recurrent_error_zeroed,2011_09_26/2011_09_26_drive_0011_sync,103,disturbance,63,103,0000000103.png,1,0.39038306461719857,0.2351310125947116,0.5049698143780743,gaussian_noise
learned_recurrent_error_zeroed,2011_09_26/2011_09_26_drive_0011_sync,103,disturbance,63,103,0000000103.png,2,0.4714111879245951,0.35502292552425,0.6085439697198783,gaussian_noise
learned_recurrent_error_zeroed,2011_09_26/2011_09_26_drive_0011_sync,103,disturbance,63,103,0000000103.png,3,0.9213605218898502,0.8258216948556312,0.5373475701885793,gaussian_noise
learned_recurrent_error_zeroed,2011_09_26/2011_09_26_drive_0011_sync,103,disturbance,63,103,0000000103.png,4,1.4757740693116508,1.3924240942008308,0.4533116909053627,gaussian_noise
learned_recurrent_error_zeroed,2011_09_26/2011_09_26_drive_0011_sync,103,disturbance,63,103,0000000103.png,5,1.040875175872686,1.0062039187353709,0.3368983816643768,gaussian_noise
learned_recurrent_error_zeroed,2011_09_26/2011_09_26_drive_0011_sync,104,disturbance,64,104,0000000104.png,1,0.38994637055997383,0.23543149354342258,0.5052206156607953,gaussian_noise
learned_recurrent_error_zeroed,2011_09_26/2011_09_26_drive_0011_sync,104,disturbance,64,104,0000000104.png,2,0.4695166959606566,0.3555602306671177,0.6075887151293037,gaussian_noise
learned_recurrent_error_zeroed,2011_09_26/2011_09_26_drive_0011_sync,104,disturbance,64,104,0000000104.png,3,0.9213423458079211,0.8277977959529715,0.5373220942838908,gaussian_noise
learned_recurrent_error_zeroed,2011_09_26/2011_09_26_drive_0011_sync,104,disturbance,64,104,0000000104.png,4,1.4782487560293927,1.396313141951567,0.45321867498792057,gaussian_noise
learned_recurrent_error_zeroed,2011_09_26/2011_09_26_drive_0011_sync,104,disturbance,64,104,0000000104.png,5,1.0450411298888873,1.0099662566572924,0.335089084942708,gaussian_noise
learned_recurrent_error_zeroed,2011_09_26/2011_09_26_drive_0011_sync,105,disturbance,65,105,0000000105.png,1,0.3893450764821502,0.2353716792325867,0.504269818029226,gaussian_noise
learned_recurrent_error_zeroed,2011_09_26/2011_09_26_drive_0011_sync,105,disturbance,65,105,0000000105.png,2,0.46890458688021663,0.3559117263980281,0.6055982070776817,gaussian_noise
learned_recurrent_error_zeroed,2011_09_26/2011_09_26_drive_0011_sync,105,disturbance,65,105,0000000105.png,3,0.9220588671291049,0.8295878709171739,0.5378692670751496,gaussian_noise
learned_recurrent_error_zeroed,2011_09_26/2011_09_26_drive_0011_sync,105,disturbance,65,105,0000000105.png,4,1.48273178803003,1.4004734474300373,0.4544417267483975,gaussian_noise
learned_recurrent_error_zeroed,2011_09_26/2011_09_26_drive_0011_sync,105,disturbance,65,105,0000000105.png,5,1.0498336666923282,1.014016692348247,0.3338423014794729,gaussian_noise
learned_recurrent_error_zeroed,2011_09_26/2011_09_26_drive_0011_sync,106,disturbance,66,106,0000000106.png,1,0.39056352666712246,0.2359532899633379,0.5047911573307696,gaussian_noise
learned_recurrent_error_zeroed,2011_09_26/2011_09_26_drive_0011_sync,106,disturbance,66,106,0000000106.png,2,0.46741666870767634,0.3560545052939307,0.6057133096361835,gaussian_noise
learned_recurrent_error_zeroed,2011_09_26/2011_09_26_drive_0011_sync,106,disturbance,66,106,0000000106.png,3,0.924365334534682,0.831248506819068,0.5384036675568735,gaussian_noise
learned_recurrent_error_zeroed,2011_09_26/2011_09_26_drive_0011_sync,106,disturbance,66,106,0000000106.png,4,1.4879159457765838,1.4049094471008652,0.45607345125899185,gaussian_noise
learned_recurrent_error_zeroed,2011_09_26/2011_09_26_drive_0011_sync,106,disturbance,66,106,0000000106.png,5,1.0548088459003173,1.0183393882886727,0.33270434405716903,gaussian_noise
learned_recurrent_error_zeroed,2011_09_26/2011_09_26_drive_0011_sync,107,disturbance,67,107,0000000107.png,1,0.386729209668841,0.2355032073528123,0.5069155709562154,gaussian_noise
learned_recurrent_error_zeroed,2011_09_26/2011_09_26_drive_0011_sync,107,disturbance,67,107,0000000107.png,2,0.4674195348830618,0.3559644446642478,0.6063687358989536,gaussian_noise
learned_recurrent_error_zeroed,2011_09_26/2011_09_26_drive_0011_sync,107,disturbance,67,107,0000000107.png,3,0.9256520468522934,0.8327308424164491,0.5402215436418025,gaussian_noise
learned_recurrent_error_zeroed,2011_09_26/2011_09_26_drive_0011_sync,107,disturbance,67,107,0000000107.png,4,1.4930799620975377,1.4093833492654682,0.4578414049914592,gaussian_noise
learned_recurrent_error_zeroed,2011_09_26/2011_09_26_drive_0011_sync,107,disturbance,67,107,0000000107.png,5,1.0596041229893747,1.022829285479882,0.33199014416760575,gaussian_noise
learned_recurrent_error_zeroed,2011_09_26/2011_09_26_drive_0011_sync,108,disturbance,68,108,0000000108.png,1,0.38415596567677757,0.2351894406231396,0.5087326870767078,gaussian_noise
learned_recurrent_error_zeroed,2011_09_26/2011_09_26_drive_0011_sync,108,disturbance,68,108,0000000108.png,2,0.46615895426588244,0.35564272432615224,0.6080116233702154,gaussian_noise
learned_recurrent_error_zeroed,2011_09_26/2011_09_26_drive_0011_sync,108,disturbance,68,108,0000000108.png,3,0.926325856521643,0.8339375075051378,0.542660567535557,gaussian_noise
learned_recurrent_error_zeroed,2011_09_26/2011_09_26_drive_0011_sync,108,disturbance,68,108,0000000108.png,4,1.4962553644730436,1.4133259316809816,0.4604290954646477,gaussian_noise
learned_recurrent_error_zeroed,2011_09_26/2011_09_26_drive_0011_sync,108,disturbance,68,108,0000000108.png,5,1.0632716052499014,1.027196637009883,0.33207025824926867,gaussian_noise
learned_recurrent_error_zeroed,2011_09_26/2011_09_26_drive_0011_sync,109,disturbance,69,109,0000000109.png,1,0.3800350985181734,0.23445076472056753,0.5095026284333962,gaussian_noise
learned_recurrent_error_zeroed,2011_09_26/2011_09_26_drive_0011_sync,109,disturbance,69,109,0000000109.png,2,0.46434207478522804,0.3551042772118434,0.6087088195235905,gaussian_noise
learned_recurrent_error_zeroed,2011_09_26/2011_09_26_drive_0011_sync,109,disturbance,69,109,0000000109.png,3,0.9288350222825539,0.8352945850514475,0.5450405498808659,gaussian_noise
learned_recurrent_error_zeroed,2011_09_26/2011_09_26_drive_0011_sync,109,disturbance,69,109,0000000109.png,4,1.4990462041987913,1.4166279317226336,0.46379132257134975,gaussian_noise
learned_recurrent_error_zeroed,2011_09_26/2011_09_26_drive_0011_sync,109,disturbance,69,109,0000000109.png,5,1.0656882969128536,1.031159989033307,0.33218952963122517,gaussian_noise
learned_recurrent_error_zeroed,2011_09_26/2011_09_26_drive_0011_sync,110,disturbance,70,110,0000000110.png,1,0.38033403977805935,0.23378332235907895,0.50935442376313,gaussian_noise
learned_recurrent_error_zeroed,2011_09_26/2011_09_26_drive_0011_sync,110,disturbance,70,110,0000000110.png,2,0.4626414654782557,0.35455357100604257,0.6081255768884095,gaussian_noise
learned_recurrent_error_zeroed,2011_09_26/2011_09_26_drive_0011_sync,110,disturbance,70,110,0000000110.png,3,0.933448936062517,0.8373099480740536,0.5463570252120553,gaussian_noise
learned_recurrent_error_zeroed,2011_09_26/2011_09_26_drive_0011_sync,110,disturbance,70,110,0000000110.png,4,1.5003648034195542,1.4191636748779075,0.4662864622832974,gaussian_noise
learned_recurrent_error_zeroed,2011_09_26/2011_09_26_drive_0011_sync,110,disturbance,70,110,0000000110.png,5,1.0660168570151827,1.0342989675023722,0.3311687685853319,gaussian_noise
learned_recurrent_error_zeroed,2011_09_26/2011_09_26_drive_0011_sync,111,disturbance,71,111,0000000111.png,1,0.3791905710736421,0.23333659165288118,0.5078690827231197,gaussian_noise
learned_recurrent_error_zeroed,2011_09_26/2011_09_26_drive_0011_sync,111,disturbance,71,111,0000000111.png,2,0.4616234215761762,0.3540340244354918,0.6067426347679147,gaussian_noise
learned_recurrent_error_zeroed,2011_09_26/2011_09_26_drive_0011_sync,111,disturbance,71,111,0000000111.png,3,0.9394705491324653,0.8401382668814944,0.5475163992161471,gaussian_noise
learned_recurrent_error_zeroed,2011_09_26/2011_09_26_drive_0011_sync,111,disturbance,71,111,0000000111.png,4,1.5023061323443023,1.4212134723626397,0.46800117490556153,gaussian_noise
learned_recurrent_error_zeroed,2011_09_26/2011_09_26_drive_0011_sync,111,disturbance,71,111,0000000111.png,5,1.0644047877013947,1.0362953362138245,0.3288383936271547,gaussian_noise
learned_recurrent_error_zeroed,2011_09_26/2011_09_26_drive_0011_sync,112,disturbance,72,112,0000000112.png,1,0.37826757318619136,0.23284374319947335,0.5070135952220843,gaussian_noise
learned_recurrent_error_zeroed,2011_09_26/2011_09_26_drive_0011_sync,112,disturbance,72,112,0000000112.png,2,0.4630934915981871,0.353809560915264,0.6050200971288654,gaussian_noise
learned_recurrent_error_zeroed,2011_09_26/2011_09_26_drive_0011_sync,112,disturbance,72,112,0000000112.png,3,0.9445832406950908,0.8437123268705212,0.5481739598814791,gaussian_noise
learned_recurrent_error_zeroed,2011_09_26/2011_09_26_drive_0011_sync,112,disturbance,72,112,0000000112.png,4,1.5063817113141398,1.4234489420143632,0.4699782788569057,gaussian_noise
learned_recurrent_error_zeroed,2011_09_26/2011_09_26_drive_0011_sync,112,disturbance,72,112,0000000112.png,5,1.0623076234913738,1.0371891294782623,0.32584285046229977,gaussian_noise
learned_recurrent_error_zeroed,2011_09_26/2011_09_26_drive_0011_sync,113,disturbance,73,113,0000000113.png,1,0.37802174846725545,0.2321630684128292,0.5064785540352807,gaussian_noise
learned_recurrent_error_zeroed,2011_09_26/2011_09_26_drive_0011_sync,113,disturbance,73,113,0000000113.png,2,0.46493310835099927,0.3540833337466634,0.602734892522945,gaussian_noise
learned_recurrent_error_zeroed,2011_09_26/2011_09_26_drive_0011_sync,113,disturbance,73,113,0000000113.png,3,0.9498524689469738,0.8479894181651512,0.5487542130756082,gaussian_noise
learned_recurrent_error_zeroed,2011_09_26/2011_09_26_drive_0011_sync,113,disturbance,73,113,0000000113.png,4,1.5123988946413673,1.4264303214254261,0.4724391783032388,gaussian_noise
learned_recurrent_error_zeroed,2011_09_26/2011_09_26_drive_0011_sync,113,disturbance,73,113,0000000113.png,5,1.060792817770529,1.0373424314328612,0.32411150193473187,gaussian_noise
learned_recurrent_error_zeroed,2011_09_26/2011_09_26_drive_0011_sync,114,disturbance,74,114,0000000114.png,1,0.37593457317579965,0.2310480006991916,0.5057273709911856,gaussian_noise
learned_recurrent_error_zeroed,2011_09_26/2011_09_26_drive_0011_sync,114,disturbance,74,114,0000000114.png,2,0.46443493687964316,0.3545526615460029,0.6004146249838686,gaussian_noise
learned_recurrent_error_zeroed,2011_09_26/2011_09_26_drive_0011_sync,114,disturbance,74,114,0000000114.png,3,0.9548478476034968,0.8525935032505925,0.5486803101769752,gaussian_noise
learned_recurrent_error_zeroed,2011_09_26/2011_09_26_drive_0011_sync,114,disturbance,74,114,0000000114.png,4,1.5190111382780602,1.430359757957364,0.4749628869957521,gaussian_noise
learned_recurrent_error_zeroed,2011_09_26/2011_09_26_drive_0011_sync,114,disturbance,74,114,0000000114.png,5,1.0603343969818837,1.0372066727525497,0.32289662742190134,gaussian_noise
learned_recurrent_error_zeroed,2011_09_26/2011_09_26_drive_0011_sync,115,disturbance,75,115,0000000115.png,1,0.376363373316844,0.23039463938627572,0.5033798939415314,gaussian_noise
learned_recurrent_error_zeroed,2011_09_26/2011_09_26_drive_0011_sync,115,disturbance,75,115,0000000115.png,2,0.46440784214750763,0.35503794385154563,0.5978030411687509,gaussian_noise
learned_recurrent_error_zeroed,2011_09_26/2011_09_26_drive_0011_sync,115,disturbance,75,115,0000000115.png,3,0.959170480954179,0.8575233916656002,0.54850871168548,gaussian_noise
learned_recurrent_error_zeroed,2011_09_26/2011_09_26_drive_0011_sync,115,disturbance,75,115,0000000115.png,4,1.5248046481173079,1.43510948795727,0.47685360300260343,gaussian_noise
learned_recurrent_error_zeroed,2011_09_26/2011_09_26_drive_0011_sync,115,disturbance,75,115,0000000115.png,5,1.0607005042502606,1.0371348821166138,0.3217192086908316,gaussian_noise
learned_recurrent_error_zeroed,2011_09_26/2011_09_26_drive_0011_sync,116,disturbance,76,116,0000000116.png,1,0.3767778176919283,0.2302038350856999,0.5030939807242818,gaussian_noise
learned_recurrent_error_zeroed,2011_09_26/2011_09_26_drive_0011_sync,116,disturbance,76,116,0000000116.png,2,0.46642766231416927,0.3557567455158588,0.5958276159905783,gaussian_noise
learned_recurrent_error_zeroed,2011_09_26/2011_09_26_drive_0011_sync,116,disturbance,76,116,0000000116.png,3,0.9631010013524688,0.8625301766314025,0.5484345796839922,gaussian_noise
learned_recurrent_error_zeroed,2011_09_26/2011_09_26_drive_0011_sync,116,disturbance,76,116,0000000116.png,4,1.5301526009358348,1.4405385893113112,0.47838638576516834,gaussian_noise
learned_recurrent_error_zeroed,2011_09_26/2011_09_26_drive_0011_sync,116,disturbance,76,116,0000000116.png,5,1.060928848476435,1.037256955399031,0.3207166651319204,gaussian_noise
learned_recurrent_error_zeroed,2011_09_26/2011_09_26_drive_0011_sync,117,disturbance,77,117,0000000117.png,1,0.3791437513527159,0.23031322759834585,0.5012921370852316,gaussian_noise
learned_recurrent_error_zeroed,2011_09_26/2011_09_26_drive_0011_sync,117,disturbance,77,117,0000000117.png,2,0.4672923719900683,0.35652992737899014,0.5957512609696176,gaussian_noise
learned_recurrent_error_zeroed,2011_09_26/2011_09_26_drive_0011_sync,117,disturbance,77,117,0000000117.png,3,0.9662847880085841,0.8672610152654379,0.5494907105996877,gaussian_noise
learned_recurrent_error_zeroed,2011_09_26/2011_09_26_drive_0011_sync,117,disturbance,77,117,0000000117.png,4,1.5335895438017333,1.4462278045954473,0.4809033733586849,gaussian_noise
learned_recurrent_error_zeroed,2011_09_26/2011_09_26_drive_0011_sync,117,disturbance,77,117,0000000117.png,5,1.060695769697878,1.0376251090441577,0.3204668883486492,gaussian_noise
learned_recurrent_error_zeroed,2011_09_26/2011_09_26_drive_0011_sync,118,disturbance,78,118,0000000118.png,1,0.38028645297177,0.23072480805199924,0.5011549296784069,gaussian_noise
learned_recurrent_error_zeroed,2011_09_26/2011_09_26_drive_0011_sync,118,disturbance,78,118,0000000118.png,2,0.4685926715203692,0.3574348743615156,0.5941904734760539,gaussian_noise
learned_recurrent_error_zeroed,2011_09_26/2011_09_26_drive_0011_sync,118,disturbance,78,118,0000000118.png,3,0.9689013415610503,0.8717424523413874,0.5508872572396347,gaussian_noise
learned_recurrent_error_zeroed,2011_09_26/2011_09_26_drive_0011_sync,118,disturbance,78,118,0000000118.png,4,1.5362489386783158,1.4519793137911718,0.4842606588817985,gaussian_noise
learned_recurrent_error_zeroed,2011_09_26/2011_09_26_drive_0011_sync,118,disturbance,78,118,0000000118.png,5,1.0598481415776624,1.0381641516297861,0.3212927497366713,gaussian_noise
learned_recurrent_error_zeroed,2011_09_26/2011_09_26_drive_0011_sync,119,disturbance,79,119,0000000119.png,1,0.37795567913005024,0.2305026341040388,0.499443114798808,gaussian_noise
learned_recurrent_error_zeroed,2011_09_26/2011_09_26_drive_0011_sync,119,disturbance,79,119,0000000119.png,2,0.4706458784148115,0.3586296480830022,0.5925576216493771,gaussian_noise
learned_recurrent_error_zeroed,2011_09_26/2011_09_26_drive_0011_sync,119,disturbance,79,119,0000000119.png,3,0.972502345649382,0.8760086743295076,0.5526113615188157,gaussian_noise
learned_recurrent_error_zeroed,2011_09_26/2011_09_26_drive_0011_sync,119,disturbance,79,119,0000000119.png,4,1.538684877761289,1.45760927416145,0.4871662040401117,gaussian_noise
learned_recurrent_error_zeroed,2011_09_26/2011_09_26_drive_0011_sync,119,disturbance,79,119,0000000119.png,5,1.0583791049488491,1.0387034425655768,0.3223663518288572,gaussian_noise
learned_recurrent_error_zeroed,2011_09_26/2011_09_26_drive_0011_sync,120,recovery,0,120,0000000120.png,1,0.24640347297972257,0.2146230882895433,0.3711779447328696,gaussian_noise
learned_recurrent_error_zeroed,2011_09_26/2011_09_26_drive_0011_sync,120,recovery,0,120,0000000120.png,2,0.422868522445414,0.3552222325243299,0.5491750750869417,gaussian_noise
learned_recurrent_error_zeroed,2011_09_26/2011_09_26_drive_0011_sync,120,recovery,0,120,0000000120.png,3,0.9616796996821413,0.877183189342596,0.5404361277558561,gaussian_noise
learned_recurrent_error_zeroed,2011_09_26/2011_09_26_drive_0011_sync,120,recovery,0,120,0000000120.png,4,1.5414994613281343,1.4625186286331406,0.4827450658663567,gaussian_noise
learned_recurrent_error_zeroed,2011_09_26/2011_09_26_drive_0011_sync,120,recovery,0,120,0000000120.png,5,1.0561921251868764,1.0389328369897615,0.3222340781207987,gaussian_noise
learned_recurrent_error_zeroed,2011_09_26/2011_09_26_drive_0011_sync,121,recovery,1,121,0000000121.png,1,0.23360341912019483,0.2036583735466226,0.28937262002603137,gaussian_noise
learned_recurrent_error_zeroed,2011_09_26/2011_09_26_drive_0011_sync,121,recovery,1,121,0000000121.png,2,0.40592072537728485,0.3496794437310653,0.4896467688851357,gaussian_noise
learned_recurrent_error_zeroed,2011_09_26/2011_09_26_drive_0011_sync,121,recovery,1,121,0000000121.png,3,0.9483076981109728,0.8747650769552914,0.5142957096299748,gaussian_noise
learned_recurrent_error_zeroed,2011_09_26/2011_09_26_drive_0011_sync,121,recovery,1,121,0000000121.png,4,1.5445347796421598,1.4661924342082866,0.4693362802310307,gaussian_noise
learned_recurrent_error_zeroed,2011_09_26/2011_09_26_drive_0011_sync,121,recovery,1,121,0000000121.png,5,1.0532553215728844,1.0384199314751883,0.32003561195550917,gaussian_noise
learned_recurrent_error_zeroed,2011_09_26/2011_09_26_drive_0011_sync,122,recovery,2,122,0000000122.png,1,0.2282152697550863,0.19569252039546373,0.22897726254089798,gaussian_noise
learned_recurrent_error_zeroed,2011_09_26/2011_09_26_drive_0011_sync,122,recovery,2,122,0000000122.png,2,0.3982976691708025,0.3439600492403573,0.42707973999214827,gaussian_noise
learned_recurrent_error_zeroed,2011_09_26/2011_09_26_drive_0011_sync,122,recovery,2,122,0000000122.png,3,0.9408644703894851,0.870069392697543,0.4773130526401145,gaussian_noise
learned_recurrent_error_zeroed,2011_09_26/2011_09_26_drive_0011_sync,122,recovery,2,122,0000000122.png,4,1.5493439222334642,1.4685563627749687,0.4475951047700817,gaussian_noise
learned_recurrent_error_zeroed,2011_09_26/2011_09_26_drive_0011_sync,122,recovery,2,122,0000000122.png,5,1.0499775397144528,1.0368038248319973,0.31489680502596445,gaussian_noise
learned_recurrent_error_zeroed,2011_09_26/2011_09_26_drive_0011_sync,123,recovery,3,123,0000000123.png,1,0.22668852420290242,0.19034018889560272,0.1824940763595775,gaussian_noise
learned_recurrent_error_zeroed,2011_09_26/2011_09_26_drive_0011_sync,123,recovery,3,123,0000000123.png,2,0.3939659255545939,0.338897419486556,0.36746253136654144,gaussian_noise
learned_recurrent_error_zeroed,2011_09_26/2011_09_26_drive_0011_sync,123,recovery,3,123,0000000123.png,3,0.9395132374980778,0.8648121243927737,0.43398842168730584,gaussian_noise
learned_recurrent_error_zeroed,2011_09_26/2011_09_26_drive_0011_sync,123,recovery,3,123,0000000123.png,4,1.5568636428070606,1.4699689712975388,0.4180121774569058,gaussian_noise
learned_recurrent_error_zeroed,2011_09_26/2011_09_26_drive_0011_sync,123,recovery,3,123,0000000123.png,5,1.046727582055724,1.0339077182293823,0.30573406879130427,gaussian_noise
learned_recurrent_error_zeroed,2011_09_26/2011_09_26_drive_0011_sync,124,recovery,4,124,0000000124.png,1,0.22429301811686483,0.18645692485600202,0.14606921495258424,gaussian_noise
learned_recurrent_error_zeroed,2011_09_26/2011_09_26_drive_0011_sync,124,recovery,4,124,0000000124.png,2,0.3904977517260819,0.3347039747874834,0.3123702705357544,gaussian_noise
learned_recurrent_error_zeroed,2011_09_26/2011_09_26_drive_0011_sync,124,recovery,4,124,0000000124.png,3,0.9431969470022681,0.8609085490404909,0.3877336738838533,gaussian_noise
learned_recurrent_error_zeroed,2011_09_26/2011_09_26_drive_0011_sync,124,recovery,4,124,0000000124.png,4,1.5677300261083358,1.4715399408437844,0.3824052391222281,gaussian_noise
learned_recurrent_error_zeroed,2011_09_26/2011_09_26_drive_0011_sync,124,recovery,4,124,0000000124.png,5,1.0440443174230034,1.0299628283398718,0.2919535913706918,gaussian_noise
learned_recurrent_error_zeroed,2011_09_26/2011_09_26_drive_0011_sync,125,recovery,5,125,0000000125.png,1,0.2232569290893179,0.1842129949140248,0.11687941236861893,gaussian_noise
learned_recurrent_error_zeroed,2011_09_26/2011_09_26_drive_0011_sync,125,recovery,5,125,0000000125.png,2,0.3897095671376459,0.3317384818043544,0.26227891756091903,gaussian_noise
learned_recurrent_error_zeroed,2011_09_26/2011_09_26_drive_0011_sync,125,recovery,5,125,0000000125.png,3,0.9517541134203567,0.859489169874505,0.3402429333816717,gaussian_noise
learned_recurrent_error_zeroed,2011_09_26/2011_09_26_drive_0011_sync,125,recovery,5,125,0000000125.png,4,1.5828529506831432,1.4743585050645223,0.3435135102264108,gaussian_noise
learned_recurrent_error_zeroed,2011_09_26/2011_09_26_drive_0011_sync,125,recovery,5,125,0000000125.png,5,1.042433095052679,1.0254839636828912,0.2750281235101956,gaussian_noise
learned_recurrent_error_zeroed,2011_09_26/2011_09_26_drive_0011_sync,126,recovery,6,126,0000000126.png,1,0.22202774813282392,0.1824256556823998,0.09385531694618439,gaussian_noise
learned_recurrent_error_zeroed,2011_09_26/2011_09_26_drive_0011_sync,126,recovery,6,126,0000000126.png,2,0.3886358097736975,0.32960078921399855,0.2185861606758267,gaussian_noise
learned_recurrent_error_zeroed,2011_09_26/2011_09_26_drive_0011_sync,126,recovery,6,126,0000000126.png,3,0.9604104445712071,0.8606399078058,0.2944295641619888,gaussian_noise
learned_recurrent_error_zeroed,2011_09_26/2011_09_26_drive_0011_sync,126,recovery,6,126,0000000126.png,4,1.6015435491134813,1.4794863071625355,0.30439835818569017,gaussian_noise
learned_recurrent_error_zeroed,2011_09_26/2011_09_26_drive_0011_sync,126,recovery,6,126,0000000126.png,5,1.0425573608671914,1.0211894032774644,0.25724478117997324,gaussian_noise
learned_recurrent_error_zeroed,2011_09_26/2011_09_26_drive_0011_sync,127,recovery,7,127,0000000127.png,1,0.22012524683455023,0.18091555866331735,0.07569301404050016,gaussian_noise
learned_recurrent_error_zeroed,2011_09_26/2011_09_26_drive_0011_sync,127,recovery,7,127,0000000127.png,2,0.3882268288181146,0.32834681376240826,0.18093746747192185,gaussian_noise
learned_recurrent_error_zeroed,2011_09_26/2011_09_26_drive_0011_sync,127,recovery,7,127,0000000127.png,3,0.969852632263584,0.8645222021145393,0.2525772452916259,gaussian_noise
learned_recurrent_error_zeroed,2011_09_26/2011_09_26_drive_0011_sync,127,recovery,7,127,0000000127.png,4,1.620761318483772,1.4876118783410062,0.26776945616009795,gaussian_noise
learned_recurrent_error_zeroed,2011_09_26/2011_09_26_drive_0011_sync,127,recovery,7,127,0000000127.png,5,1.0440293725694216,1.017807862171733,0.23960837220954787,gaussian_noise
learned_recurrent_error_zeroed,2011_09_26/2011_09_26_drive_0011_sync,128,recovery,8,128,0000000128.png,1,0.21757935498811082,0.18024903812662474,0.06106052445332399,gaussian_noise
learned_recurrent_error_zeroed,2011_09_26/2011_09_26_drive_0011_sync,128,recovery,8,128,0000000128.png,2,0.3900613181925143,0.32804937450969823,0.1488738760432077,gaussian_noise
learned_recurrent_error_zeroed,2011_09_26/2011_09_26_drive_0011_sync,128,recovery,8,128,0000000128.png,3,0.9815715219245804,0.870928576338731,0.21510440118059426,gaussian_noise
learned_recurrent_error_zeroed,2011_09_26/2011_09_26_drive_0011_sync,128,recovery,8,128,0000000128.png,4,1.6394187705524859,1.4985369981877885,0.23425789047989728,gaussian_noise
learned_recurrent_error_zeroed,2011_09_26/2011_09_26_drive_0011_sync,128,recovery,8,128,0000000128.png,5,1.0462912788018042,1.0157280231474655,0.22248231525137918,gaussian_noise
learned_recurrent_error_zeroed,2011_09_26/2011_09_26_drive_0011_sync,129,recovery,9,129,0000000129.png,1,0.21968166917867463,0.18017697028009397,0.04949397213238087,gaussian_noise
learned_recurrent_error_zeroed,2011_09_26/2011_09_26_drive_0011_sync,129,recovery,9,129,0000000129.png,2,0.39060710074731386,0.32833675395740125,0.12195380130133267,gaussian_noise
learned_recurrent_error_zeroed,2011_09_26/2011_09_26_drive_0011_sync,129,recovery,9,129,0000000129.png,3,0.9933533639078734,0.87932862847132,0.18224272472037417,gaussian_noise
learned_recurrent_error_zeroed,2011_09_26/2011_09_26_drive_0011_sync,129,recovery,9,129,0000000129.png,4,1.6581970409151208,1.5118903738259757,0.20381600659647078,gaussian_noise
learned_recurrent_error_zeroed,2011_09_26/2011_09_26_drive_0011_sync,129,recovery,9,129,0000000129.png,5,1.0491315030351716,1.0150332642970437,0.20552960366368508,gaussian_noise
learned_recurrent_error_zeroed,2011_09_26/2011_09_26_drive_0011_sync,130,recovery,10,130,0000000130.png,1,0.22034850641959444,0.18026137623351107,0.04037192623401912,gaussian_noise
learned_recurrent_error_zeroed,2011_09_26/2011_09_26_drive_0011_sync,130,recovery,10,130,0000000130.png,2,0.389716777876546,0.32870954775932865,0.09986066891824202,gaussian_noise
learned_recurrent_error_zeroed,2011_09_26/2011_09_26_drive_0011_sync,130,recovery,10,130,0000000130.png,3,1.0020883987496612,0.8888607856195004,0.15389681926752788,gaussian_noise
learned_recurrent_error_zeroed,2011_09_26/2011_09_26_drive_0011_sync,130,recovery,10,130,0000000130.png,4,1.675314161669127,1.5271495521307343,0.17648816395835487,gaussian_noise
learned_recurrent_error_zeroed,2011_09_26/2011_09_26_drive_0011_sync,130,recovery,10,130,0000000130.png,5,1.0518702491343805,1.0156054312619642,0.1889185971135094,gaussian_noise
learned_recurrent_error_zeroed,2011_09_26/2011_09_26_drive_0011_sync,131,recovery,11,131,0000000131.png,1,0.22130323073269598,0.18074577036489559,0.03305658324576352,gaussian_noise
learned_recurrent_error_zeroed,2011_09_26/2011_09_26_drive_0011_sync,131,recovery,11,131,0000000131.png,2,0.38938730612917216,0.3290216247306561,0.08172871306094556,gaussian_noise
learned_recurrent_error_zeroed,2011_09_26/2011_09_26_drive_0011_sync,131,recovery,11,131,0000000131.png,3,1.0084259578708339,0.8986429217904074,0.1295228779392209,gaussian_noise
learned_recurrent_error_zeroed,2011_09_26/2011_09_26_drive_0011_sync,131,recovery,11,131,0000000131.png,4,1.6894386677779265,1.5433806692356342,0.15157364136021384,gaussian_noise
learned_recurrent_error_zeroed,2011_09_26/2011_09_26_drive_0011_sync,131,recovery,11,131,0000000131.png,5,1.0540805442183179,1.0171506783624757,0.17288805990084097,gaussian_noise
learned_recurrent_error_zeroed,2011_09_26/2011_09_26_drive_0011_sync,132,recovery,12,132,0000000132.png,1,0.2219554817596322,0.18075648316037798,0.027195190946550218,gaussian_noise
learned_recurrent_error_zeroed,2011_09_26/2011_09_26_drive_0011_sync,132,recovery,12,132,0000000132.png,2,0.3892057466565051,0.32923603528301393,0.06700902622776893,gaussian_noise
learned_recurrent_error_zeroed,2011_09_26/2011_09_26_drive_0011_sync,132,recovery,12,132,0000000132.png,3,1.0119546689293168,0.9078367210721567,0.10856018711258737,gaussian_noise
learned_recurrent_error_zeroed,2011_09_26/2011_09_26_drive_0011_sync,132,recovery,12,132,0000000132.png,4,1.7005398351893606,1.5596205374393777,0.1290149106522697,gaussian_noise
learned_recurrent_error_zeroed,2011_09_26/2011_09_26_drive_0011_sync,132,recovery,12,132,0000000132.png,5,1.0550159719046623,1.0191987096865711,0.15763363143665082,gaussian_noise
learned_recurrent_error_zeroed,2011_09_26/2011_09_26_drive_0011_sync,133,recovery,13,133,0000000133.png,1,0.2236000599140139,0.1812533175203072,0.022420719597774558,gaussian_noise
learned_recurrent_error_zeroed,2011_09_26/2011_09_26_drive_0011_sync,133,recovery,13,133,0000000133.png,2,0.3903457907600114,0.3297276040261738,0.054982260159908654,gaussian_noise
learned_recurrent_error_zeroed,2011_09_26/2011_09_26_drive_0011_sync,133,recovery,13,133,0000000133.png,3,1.0156683831166355,0.9161736601170353,0.09065538317229267,gaussian_noise
learned_recurrent_error_zeroed,2011_09_26/2011_09_26_drive_0011_sync,133,recovery,13,133,0000000133.png,4,1.7092660871793333,1.5751256530840354,0.10940150208831777,gaussian_noise
learned_recurrent_error_zeroed,2011_09_26/2011_09_26_drive_0011_sync,133,recovery,13,133,0000000133.png,5,1.055177529272459,1.0213862880109084,0.14358020412229638,gaussian_noise
learned_recurrent_error_zeroed,2011_09_26/2011_09_26_drive_0011_sync,134,recovery,14,134,0000000134.png,1,0.22666764810412726,0.18242040326726117,0.018516970471401772,gaussian_noise
learned_recurrent_error_zeroed,2011_09_26/2011_09_26_drive_0011_sync,134,recovery,14,134,0000000134.png,2,0.39077981670496764,0.33054243172337455,0.0451035346758411,gaussian_noise
learned_recurrent_error_zeroed,2011_09_26/2011_09_26_drive_0011_sync,134,recovery,14,134,0000000134.png,3,1.0202517920847618,0.9238658607003626,0.0754316877567525,gaussian_noise
learned_recurrent_error_zeroed,2011_09_26/2011_09_26_drive_0011_sync,134,recovery,14,134,0000000134.png,4,1.717489000131514,1.5896582244706725,0.0924053277626739,gaussian_noise
learned_recurrent_error_zeroed,2011_09_26/2011_09_26_drive_0011_sync,134,recovery,14,134,0000000134.png,5,1.0560044623000142,1.023667629672198,0.13104443814700664,gaussian_noise
learned_recurrent_error_zeroed,2011_09_26/2011_09_26_drive_0011_sync,135,recovery,15,135,0000000135.png,1,0.22839039267700365,0.18336575556756532,0.01534478311539558,gaussian_noise
learned_recurrent_error_zeroed,2011_09_26/2011_09_26_drive_0011_sync,135,recovery,15,135,0000000135.png,2,0.3917662640484766,0.33146342621424335,0.0370224363226303,gaussian_noise
learned_recurrent_error_zeroed,2011_09_26/2011_09_26_drive_0011_sync,135,recovery,15,135,0000000135.png,3,1.0243301489783925,0.9309996753862477,0.0626343917256838,gaussian_noise
learned_recurrent_error_zeroed,2011_09_26/2011_09_26_drive_0011_sync,135,recovery,15,135,0000000135.png,4,1.7241047399720535,1.6029713109753714,0.07815624190707225,gaussian_noise
learned_recurrent_error_zeroed,2011_09_26/2011_09_26_drive_0011_sync,135,recovery,15,135,0000000135.png,5,1.0571366454781816,1.0260400615154643,0.12063883705751459,gaussian_noise
learned_recurrent_error_zeroed,2011_09_26/2011_09_26_drive_0011_sync,136,recovery,16,136,0000000136.png,1,0.2357989694013005,0.1832284222646136,0.012926353094997046,gaussian_noise
learned_recurrent_error_zeroed,2011_09_26/2011_09_26_drive_0011_sync,136,recovery,16,136,0000000136.png,2,0.3853198456974557,0.3298290685398896,0.030741058257568742,gaussian_noise
learned_recurrent_error_zeroed,2011_09_26/2011_09_26_drive_0011_sync,136,recovery,16,136,0000000136.png,3,1.012106518644439,0.9348953912749409,0.05203755448017411,gaussian_noise
learned_recurrent_error_zeroed,2011_09_26/2011_09_26_drive_0011_sync,136,recovery,16,136,0000000136.png,4,1.7227704091627358,1.6139528526231115,0.06638087203250732,gaussian_noise
learned_recurrent_error_zeroed,2011_09_26/2011_09_26_drive_0011_sync,136,recovery,16,136,0000000136.png,5,1.057244889374002,1.0282983474821676,0.1123303201476311,gaussian_noise
learned_recurrent_error_zeroed,2011_09_26/2011_09_26_drive_0011_sync,137,recovery,17,137,0000000137.png,1,0.23650889101553238,0.18297751998085243,0.010932701913880885,gaussian_noise
learned_recurrent_error_zeroed,2011_09_26/2011_09_26_drive_0011_sync,137,recovery,17,137,0000000137.png,2,0.3829042081988192,0.326116793172837,0.02577790989867876,gaussian_noise
learned_recurrent_error_zeroed,2011_09_26/2011_09_26_drive_0011_sync,137,recovery,17,137,0000000137.png,3,0.9885666915818047,0.9329339310979703,0.04330240059984263,gaussian_noise
learned_recurrent_error_zeroed,2011_09_26/2011_09_26_drive_0011_sync,137,recovery,17,137,0000000137.png,4,1.7107223101473839,1.6206909781768744,0.05662197056127479,gaussian_noise
learned_recurrent_error_zeroed,2011_09_26/2011_09_26_drive_0011_sync,137,recovery,17,137,0000000137.png,5,1.0549743923782793,1.0299367559285115,0.10582487609877264,gaussian_noise
learned_recurrent_error_zeroed,2011_09_26/2011_09_26_drive_0011_sync,138,recovery,18,138,0000000138.png,1,0.23613434558959653,0.18373915893684417,0.009141083940592043,gaussian_noise
learned_recurrent_error_zeroed,2011_09_26/2011_09_26_drive_0011_sync,138,recovery,18,138,0000000138.png,2,0.38225625134723507,0.3227561399115671,0.021509808821867107,gaussian_noise
learned_recurrent_error_zeroed,2011_09_26/2011_09_26_drive_0011_sync,138,recovery,18,138,0000000138.png,3,0.9753978032103475,0.9273053355334508,0.03591962309823953,gaussian_noise
learned_recurrent_error_zeroed,2011_09_26/2011_09_26_drive_0011_sync,138,recovery,18,138,0000000138.png,4,1.6982935466486788,1.6231567786153192,0.04866051339873769,gaussian_noise
learned_recurrent_error_zeroed,2011_09_26/2011_09_26_drive_0011_sync,138,recovery,18,138,0000000138.png,5,1.0516721136067906,1.0307177671943772,0.10067962332833022,gaussian_noise
learned_recurrent_error_zeroed,2011_09_26/2011_09_26_drive_0011_sync,139,recovery,19,139,0000000139.png,1,0.2366663495777109,0.18487551730006843,0.007627456441172579,gaussian_noise
learned_recurrent_error_zeroed,2011_09_26/2011_09_26_drive_0011_sync,139,recovery,19,139,0000000139.png,2,0.37913024652491417,0.3201620562013632,0.01783583933745114,gaussian_noise
learned_recurrent_error_zeroed,2011_09_26/2011_09_26_drive_0011_sync,139,recovery,19,139,0000000139.png,3,0.9720587376743719,0.9212002495563443,0.029758457114505647,gaussian_noise
learned_recurrent_error_zeroed,2011_09_26/2011_09_26_drive_0011_sync,139,recovery,19,139,0000000139.png,4,1.6909720938939128,1.622950056668252,0.042349950878120345,gaussian_noise
learned_recurrent_error_zeroed,2011_09_26/2011_09_26_drive_0011_sync,139,recovery,19,139,0000000139.png,5,1.0489081944770642,1.0308071362677698,0.0966147828166668,gaussian_noise
learned_recurrent_error_zeroed,2011_09_26/2011_09_26_drive_0011_sync,140,recovery,20,140,0000000140.png,1,0.23461565167650758,0.18462705516129505,0.006383995541543315,gaussian_noise
learned_recurrent_error_zeroed,2011_09_26/2011_09_26_drive_0011_sync,140,recovery,20,140,0000000140.png,2,0.37895262797233537,0.31809126712419844,0.014791588154958606,gaussian_noise
learned_recurrent_error_zeroed,2011_09_26/2011_09_26_drive_0011_sync,140,recovery,20,140,0000000140.png,3,0.97073265335882,0.9154138776665866,0.024741751218505057,gaussian_noise
learned_recurrent_error_zeroed,2011_09_26/2011_09_26_drive_0011_sync,140,recovery,20,140,0000000140.png,4,1.6849893329717631,1.6211988845394694,0.037362720358349304,gaussian_noise
learned_recurrent_error_zeroed,2011_09_26/2011_09_26_drive_0011_sync,140,recovery,20,140,0000000140.png,5,1.0468872748207607,1.0304608860406061,0.09347413613634807,gaussian_noise
learned_recurrent_error_zeroed,2011_09_26/2011_09_26_drive_0011_sync,141,recovery,21,141,0000000141.png,1,0.23498169996985835,0.18521505690766382,0.005346445305213915,gaussian_noise
learned_recurrent_error_zeroed,2011_09_26/2011_09_26_drive_0011_sync,141,recovery,21,141,0000000141.png,2,0.37926954840862637,0.3165203804991548,0.012254609863144927,gaussian_noise
learned_recurrent_error_zeroed,2011_09_26/2011_09_26_drive_0011_sync,141,recovery,21,141,0000000141.png,3,0.971071239364216,0.9104478806954843,0.02064909546105057,gaussian_noise
learned_recurrent_error_zeroed,2011_09_26/2011_09_26_drive_0011_sync,141,recovery,21,141,0000000141.png,4,1.6808257789234597,1.618795730717084,0.03348366198850065,gaussian_noise
learned_recurrent_error_zeroed,2011_09_26/2011_09_26_drive_0011_sync,141,recovery,21,141,0000000141.png,5,1.0457994450999888,1.0299940559247502,0.09097877405723506,gaussian_noise
learned_recurrent_error_zeroed,2011_09_26/2011_09_26_drive_0011_sync,142,recovery,22,142,0000000142.png,1,0.23883087358187358,0.1870976101134963,0.004470769695818309,gaussian_noise
learned_recurrent_error_zeroed,2011_09_26/2011_09_26_drive_0011_sync,142,recovery,22,142,0000000142.png,2,0.3807634372498667,0.31586354831590696,0.010148923429333,gaussian_noise
learned_recurrent_error_zeroed,2011_09_26/2011_09_26_drive_0011_sync,142,recovery,22,142,0000000142.png,3,0.974870537576819,0.9071772765927334,0.01727874267035061,gaussian_noise
learned_recurrent_error_zeroed,2011_09_26/2011_09_26_drive_0011_sync,142,recovery,22,142,0000000142.png,4,1.6800089514542524,1.6166260345871406,0.03045089369852205,gaussian_noise
learned_recurrent_error_zeroed,2011_09_26/2011_09_26_drive_0011_sync,142,recovery,22,142,0000000142.png,5,1.0454935763462923,1.0296937370027373,0.088978292685908,gaussian_noise
learned_recurrent_error_zeroed,2011_09_26/2011_09_26_drive_0011_sync,143,recovery,23,143,0000000143.png,1,0.2374141727046048,0.18862595406546553,0.0037444520019049078,gaussian_noise
learned_recurrent_error_zeroed,2011_09_26/2011_09_26_drive_0011_sync,143,recovery,23,143,0000000143.png,2,0.38159523986328203,0.3158142220022167,0.008411253406232555,gaussian_noise
learned_recurrent_error_zeroed,2011_09_26/2011_09_26_drive_0011_sync,143,recovery,23,143,0000000143.png,3,0.9797980023272447,0.9056663405902693,0.014542744564772702,gaussian_noise
learned_recurrent_error_zeroed,2011_09_26/2011_09_26_drive_0011_sync,143,recovery,23,143,0000000143.png,4,1.68213994719832,1.6153702587170167,0.0280646502985524,gaussian_noise
learned_recurrent_error_zeroed,2011_09_26/2011_09_26_drive_0011_sync,143,recovery,23,143,0000000143.png,5,1.0460659119269298,1.0297363078248074,0.08737001750875348,gaussian_noise
learned_recurrent_error_zeroed,2011_09_26/2011_09_26_drive_0011_sync,144,recovery,24,144,0000000144.png,1,0.23715748462061184,0.190084335677857,0.003139925857087984,gaussian_noise
learned_recurrent_error_zeroed,2011_09_26/2011_09_26_drive_0011_sync,144,recovery,24,144,0000000144.png,2,0.3814615303228733,0.31585906861920365,0.006992274595823735,gaussian_noise
learned_recurrent_error_zeroed,2011_09_26/2011_09_26_drive_0011_sync,144,recovery,24,144,0000000144.png,3,0.9836323309276959,0.9056661103360593,0.012341543243114492,gaussian_noise
learned_recurrent_error_zeroed,2011_09_26/2011_09_26_drive_0011_sync,144,recovery,24,144,0000000144.png,4,1.6853020241596048,1.6151754126994744,0.026266701081950453,gaussian_noise
learned_recurrent_error_zeroed,2011_09_26/2011_09_26_drive_0011_sync,144,recovery,24,144,0000000144.png,5,1.0475298688172063,1.030211599260603,0.0861267202210507,gaussian_noise
learned_recurrent_error_zeroed,2011_09_26/2011_09_26_drive_0011_sync,145,recovery,25,145,0000000145.png,1,0.23438815728045218,0.190855483633218,0.0026376872169010315,gaussian_noise
learned_recurrent_error_zeroed,2011_09_26/2011_09_26_drive_0011_sync,145,recovery,25,145,0000000145.png,2,0.382441391374959,0.31600295045368326,0.005830769199842337,gaussian_noise
learned_recurrent_error_zeroed,2011_09_26/2011_09_26_drive_0011_sync,145,recovery,25,145,0000000145.png,3,0.9871852664391221,0.9065771849174394,0.010570629596084052,gaussian_noise
learned_recurrent_error_zeroed,2011_09_26/2011_09_26_drive_0011_sync,145,recovery,25,145,0000000145.png,4,1.6886382902800907,1.6158219199797974,0.024914438806253138,gaussian_noise
learned_recurrent_error_zeroed,2011_09_26/2011_09_26_drive_0011_sync,145,recovery,25,145,0000000145.png,5,1.0498321158197959,1.0311554540150492,0.08518253953512454,gaussian_noise
learned_recurrent_error_zeroed,2011_09_26/2011_09_26_drive_0011_sync,146,recovery,26,146,0000000146.png,1,0.2290189902873839,0.19029898232285833,0.0022216424659773624,gaussian_noise
learned_recurrent_error_zeroed,2011_09_26/2011_09_26_drive_0011_sync,146,recovery,26,146,0000000146.png,2,0.38308473170797275,0.31658702618984363,0.004872901980113802,gaussian_noise
learned_recurrent_error_zeroed,2011_09_26/2011_09_26_drive_0011_sync,146,recovery,26,146,0000000146.png,3,0.9924977713346241,0.9083561618563826,0.009152809306881391,gaussian_noise
learned_recurrent_error_zeroed,2011_09_26/2011_09_26_drive_0011_sync,146,recovery,26,146,0000000146.png,4,1.6921052839818458,1.6171162397539385,0.023905386723582056,gaussian_noise
learned_recurrent_error_zeroed,2011_09_26/2011_09_26_drive_0011_sync,146,recovery,26,146,0000000146.png,5,1.0528031568322358,1.0325517701731908,0.08441383196406722,gaussian_noise
learned_recurrent_error_zeroed,2011_09_26/2011_09_26_drive_0011_sync,147,recovery,27,147,0000000147.png,1,0.22713547769524323,0.18946893110349017,0.0018764130090310211,gaussian_noise
learned_recurrent_error_zeroed,2011_09_26/2011_09_26_drive_0011_sync,147,recovery,27,147,0000000147.png,2,0.3827494419868855,0.31706866224175634,0.004095237364286802,gaussian_noise
learned_recurrent_error_zeroed,2011_09_26/2011_09_26_drive_0011_sync,147,recovery,27,147,0000000147.png,3,0.9959361020423663,0.9104205834410486,0.008021777115052045,gaussian_noise
learned_recurrent_error_zeroed,2011_09_26/2011_09_26_drive_0011_sync,147,recovery,27,147,0000000147.png,4,1.695154675192981,1.618823235961034,0.023162520883654048,gaussian_noise
learned_recurrent_error_zeroed,2011_09_26/2011_09_26_drive_0011_sync,147,recovery,27,147,0000000147.png,5,1.0560449937903376,1.034316697747419,0.08377679777426338,gaussian_noise
learned_recurrent_error_zeroed,2011_09_26/2011_09_26_drive_0011_sync,148,recovery,28,148,0000000148.png,1,0.2252525404434756,0.18842358145214427,0.0015868544037746864,gaussian_noise
learned_recurrent_error_zeroed,2011_09_26/2011_09_26_drive_0011_sync,148,recovery,28,148,0000000148.png,2,0.38263037121260596,0.3176946510614977,0.00345494075219449,gaussian_noise
learned_recurrent_error_zeroed,2011_09_26/2011_09_26_drive_0011_sync,148,recovery,28,148,0000000148.png,3,1.0002482955460879,0.912906361067882,0.007118129587220851,gaussian_noise
learned_recurrent_error_zeroed,2011_09_26/2011_09_26_drive_0011_sync,148,recovery,28,148,0000000148.png,4,1.6973211023118453,1.6208062553183027,0.02261754545932933,gaussian_noise
learned_recurrent_error_zeroed,2011_09_26/2011_09_26_drive_0011_sync,148,recovery,28,148,0000000148.png,5,1.058693586592905,1.036290407305557,0.08322121356463395,gaussian_noise
learned_recurrent_error_zeroed,2011_09_26/2011_09_26_drive_0011_sync,149,recovery,29,149,0000000149.png,1,0.22275751472174932,0.1876115361991213,0.001344734782264774,gaussian_noise
learned_recurrent_error_zeroed,2011_09_26/2011_09_26_drive_0011_sync,149,recovery,29,149,0000000149.png,2,0.38304545677366336,0.3184608903681315,0.0029249573789786798,gaussian_noise
learned_recurrent_error_zeroed,2011_09_26/2011_09_26_drive_0011_sync,149,recovery,29,149,0000000149.png,3,1.0042902795616548,0.9158477147664176,0.006396838181353499,gaussian_noise
learned_recurrent_error_zeroed,2011_09_26/2011_09_26_drive_0011_sync,149,recovery,29,149,0000000149.png,4,1.6985374963906306,1.6228054966184973,0.022218849559598467,gaussian_noise
learned_recurrent_error_zeroed,2011_09_26/2011_09_26_drive_0011_sync,149,recovery,29,149,0000000149.png,5,1.0599341432768203,1.0381798528152768,0.08272646129111899,gaussian_noise
learned_recurrent_error_zeroed,2011_09_26/2011_09_26_drive_0011_sync,150,recovery,30,150,0000000150.png,1,0.22287732184556336,0.18762202416358983,0.0011383126603907447,gaussian_noise
learned_recurrent_error_zeroed,2011_09_26/2011_09_26_drive_0011_sync,150,recovery,30,150,0000000150.png,2,0.3842964335427712,0.3197028256878539,0.002480577581483212,gaussian_noise
learned_recurrent_error_zeroed,2011_09_26/2011_09_26_drive_0011_sync,150,recovery,30,150,0000000150.png,3,1.0101660511018746,0.9194901915387512,0.005811392766459353,gaussian_noise
learned_recurrent_error_zeroed,2011_09_26/2011_09_26_drive_0011_sync,150,recovery,30,150,0000000150.png,4,1.7028633943408682,1.6252632317827642,0.021928679742018668,gaussian_noise
learned_recurrent_error_zeroed,2011_09_26/2011_09_26_drive_0011_sync,150,recovery,30,150,0000000150.png,5,1.0609291535814107,1.039866283362967,0.08215962615026577,gaussian_noise
learned_recurrent_error_zeroed,2011_09_26/2011_09_26_drive_0011_sync,151,recovery,31,151,0000000151.png,1,0.2252304790031907,0.18805092051649028,0.0009658721442368118,gaussian_noise
learned_recurrent_error_zeroed,2011_09_26/2011_09_26_drive_0011_sync,151,recovery,31,151,0000000151.png,2,0.3863962957653112,0.32146185630827123,0.002113542780890428,gaussian_noise
learned_recurrent_error_zeroed,2011_09_26/2011_09_26_drive_0011_sync,151,recovery,31,151,0000000151.png,3,1.0157810928082949,0.9239260719030724,0.005347927443282054,gaussian_noise
learned_recurrent_error_zeroed,2011_09_26/2011_09_26_drive_0011_sync,151,recovery,31,151,0000000151.png,4,1.7079328407689032,1.6283527936918116,0.021679559381695565,gaussian_noise
learned_recurrent_error_zeroed,2011_09_26/2011_09_26_drive_0011_sync,151,recovery,31,151,0000000151.png,5,1.062090026719904,1.0413833721009307,0.08142907986115536,gaussian_noise
learned_recurrent_error_zeroed,2011_09_26/2011_09_26_drive_0011_sync,152,recovery,32,152,0000000152.png,1,0.2275494479869243,0.1883863380017355,0.0008226603609255422,gaussian_noise
learned_recurrent_error_zeroed,2011_09_26/2011_09_26_drive_0011_sync,152,recovery,32,152,0000000152.png,2,0.38667810363823074,0.3229984724273634,0.0018135229166726362,gaussian_noise
learned_recurrent_error_zeroed,2011_09_26/2011_09_26_drive_0011_sync,152,recovery,32,152,0000000152.png,3,1.0190926420281035,0.9288543585355462,0.004983462582448625,gaussian_noise
learned_recurrent_error_zeroed,2011_09_26/2011_09_26_drive_0011_sync,152,recovery,32,152,0000000152.png,4,1.7109516772626994,1.6318307094900601,0.021441748070029482,gaussian_noise
learned_recurrent_error_zeroed,2011_09_26/2011_09_26_drive_0011_sync,152,recovery,32,152,0000000152.png,5,1.0626899829056835,1.0426959564111031,0.08058314831150135,gaussian_noise
learned_recurrent_error_zeroed,2011_09_26/2011_09_26_drive_0011_sync,153,recovery,33,153,0000000153.png,1,0.23214893923804772,0.18961208236473623,0.0006979169714654436,gaussian_noise
learned_recurrent_error_zeroed,2011_09_26/2011_09_26_drive_0011_sync,153,recovery,33,153,0000000153.png,2,0.39099247122540415,0.3249529850450814,0.001561417880862718,gaussian_noise
learned_recurrent_error_zeroed,2011_09_26/2011_09_26_drive_0011_sync,153,recovery,33,153,0000000153.png,3,1.023523699569949,0.9339091340874568,0.004691645612327877,gaussian_noise
learned_recurrent_error_zeroed,2011_09_26/2011_09_26_drive_0011_sync,153,recovery,33,153,0000000153.png,4,1.714104715956015,1.6355291011775317,0.021190345631927395,gaussian_noise
learned_recurrent_error_zeroed,2011_09_26/2011_09_26_drive_0011_sync,153,recovery,33,153,0000000153.png,5,1.0630079299655661,1.0438410525475226,0.07967692981906865,gaussian_noise
learned_recurrent_error_zeroed,2011_09_26/2011_09_26_drive_0011_sync,154,recovery,34,154,0000000154.png,1,0.2344531059128856,0.190746813788221,0.0005945948201807037,gaussian_noise
learned_recurrent_error_zeroed,2011_09_26/2011_09_26_drive_0011_sync,154,recovery,34,154,0000000154.png,2,0.3931806854550075,0.3268641202094682,0.0013539464348775098,gaussian_noise
learned_recurrent_error_zeroed,2011_09_26/2011_09_26_drive_0011_sync,154,recovery,34,154,0000000154.png,3,1.0269018861335162,0.9386928862215695,0.004461977184482875,gaussian_noise
learned_recurrent_error_zeroed,2011_09_26/2011_09_26_drive_0011_sync,154,recovery,34,154,0000000154.png,4,1.7172550949234557,1.6394176700675622,0.020918350692128704,gaussian_noise
learned_recurrent_error_zeroed,2011_09_26/2011_09_26_drive_0011_sync,154,recovery,34,154,0000000154.png,5,1.062511459227256,1.0447636671264333,0.07869946328895427,gaussian_noise
learned_recurrent_error_zeroed,2011_09_26/2011_09_26_drive_0011_sync,155,recovery,35,155,0000000155.png,1,0.23593106335441405,0.19167671395588645,0.0005073361921051003,gaussian_noise
learned_recurrent_error_zeroed,2011_09_26/2011_09_26_drive_0011_sync,155,recovery,35,155,0000000155.png,2,0.39516092218799864,0.32857777579313185,0.0011845471527363969,gaussian_noise
learned_recurrent_error_zeroed,2011_09_26/2011_09_26_drive_0011_sync,155,recovery,35,155,0000000155.png,3,1.029989144761547,0.9429686495545825,0.004281837241647459,gaussian_noise
learned_recurrent_error_zeroed,2011_09_26/2011_09_26_drive_0011_sync,155,recovery,35,155,0000000155.png,4,1.7189212581392983,1.6430267257395887,0.02066680253742881,gaussian_noise
learned_recurrent_error_zeroed,2011_09_26/2011_09_26_drive_0011_sync,155,recovery,35,155,0000000155.png,5,1.061050176856719,1.0452857751100677,0.07764909448740903,gaussian_noise
learned_recurrent_error_zeroed,2011_09_26/2011_09_26_drive_0011_sync,156,recovery,36,156,0000000156.png,1,0.23573348475356143,0.1919297983311016,0.00043456237067332693,gaussian_noise
learned_recurrent_error_zeroed,2011_09_26/2011_09_26_drive_0011_sync,156,recovery,36,156,0000000156.png,2,0.3958707154775199,0.33002210126767423,0.0010434120945431553,gaussian_noise
learned_recurrent_error_zeroed,2011_09_26/2011_09_26_drive_0011_sync,156,recovery,36,156,0000000156.png,3,1.032794460159434,0.9467693847199473,0.004140017644412054,gaussian_noise
learned_recurrent_error_zeroed,2011_09_26/2011_09_26_drive_0011_sync,156,recovery,36,156,0000000156.png,4,1.7203183602437044,1.6460657543135122,0.020404315596839744,gaussian_noise
learned_recurrent_error_zeroed,2011_09_26/2011_09_26_drive_0011_sync,156,recovery,36,156,0000000156.png,5,1.0595331580456089,1.0453463490633346,0.07653347781091849,gaussian_noise
learned_recurrent_error_zeroed,2011_09_26/2011_09_26_drive_0011_sync,157,recovery,37,157,0000000157.png,1,0.23596686588262156,0.19165086218461905,0.00037384688918975964,gaussian_noise
learned_recurrent_error_zeroed,2011_09_26/2011_09_26_drive_0011_sync,157,recovery,37,157,0000000157.png,2,0.3945673909417369,0.3310806965479233,0.0009284751787778659,gaussian_noise
learned_recurrent_error_zeroed,2011_09_26/2011_09_26_drive_0011_sync,157,recovery,37,157,0000000157.png,3,1.034236753422619,0.950366361227629,0.004030604905975594,gaussian_noise
learned_recurrent_error_zeroed,2011_09_26/2011_09_26_drive_0011_sync,157,recovery,37,157,0000000157.png,4,1.7223577978648197,1.6487545558653134,0.020079881070769738,gaussian_noise
learned_recurrent_error_zeroed,2011_09_26/2011_09_26_drive_0011_sync,157,recovery,37,157,0000000157.png,5,1.0592465380804643,1.0452217493086355,0.07532691853011193,gaussian_noise
learned_recurrent_error_zeroed,2011_09_26/2011_09_26_drive_0011_sync,158,recovery,38,158,0000000158.png,1,0.23562649478123404,0.1918544506268137,0.0003224676148150139,gaussian_noise
learned_recurrent_error_zeroed,2011_09_26/2011_09_26_drive_0011_sync,158,recovery,38,158,0000000158.png,2,0.39644577027710515,0.3322376180306728,0.0008331693270021688,gaussian_noise
learned_recurrent_error_zeroed,2011_09_26/2011_09_26_drive_0011_sync,158,recovery,38,158,0000000158.png,3,1.0362727948827168,0.9538486954151754,0.003933565673324854,gaussian_noise
learned_recurrent_error_zeroed,2011_09_26/2011_09_26_drive_0011_sync,158,recovery,38,158,0000000158.png,4,1.72581803871563,1.651500946128147,0.019708905899734754,gaussian_noise
learned_recurrent_error_zeroed,2011_09_26/2011_09_26_drive_0011_sync,158,recovery,38,158,0000000158.png,5,1.0600938128631494,1.0452235670753962,0.07400797192074163,gaussian_noise
learned_recurrent_error_zeroed,2011_09_26/2011_09_26_drive_0011_sync,159,recovery,39,159,0000000159.png,1,0.2298741941964139,0.1921481577541364,0.00027800398477668964,gaussian_noise
learned_recurrent_error_zeroed,2011_09_26/2011_09_26_drive_0011_sync,159,recovery,39,159,0000000159.png,2,0.39927664521417167,0.33446952572937655,0.0007526255445587555,gaussian_noise
learned_recurrent_error_zeroed,2011_09_26/2011_09_26_drive_0011_sync,159,recovery,39,159,0000000159.png,3,1.0441742572730843,0.9582767404206894,0.003829638280884697,gaussian_noise
learned_recurrent_error_zeroed,2011_09_26/2011_09_26_drive_0011_sync,159,recovery,39,159,0000000159.png,4,1.7339920248102234,1.6552892853042935,0.019273969414000156,gaussian_noise
learned_recurrent_error_zeroed,2011_09_26/2011_09_26_drive_0011_sync,159,recovery,39,159,0000000159.png,5,1.0621499057940238,1.0456312783364006,0.07258039619126636,gaussian_noise
learned_recurrent_error_zeroed,2011_09_26/2011_09_26_drive_0039_sync,0,baseline,0,0,0000000000.png,1,0.20366454407166953,0.04215856113884068,0.0,gaussian_noise
learned_recurrent_error_zeroed,2011_09_26/2011_09_26_drive_0039_sync,0,baseline,0,0,0000000000.png,2,0.36660373346580954,0.075886973657803,0.0,gaussian_noise
learned_recurrent_error_zeroed,2011_09_26/2011_09_26_drive_0039_sync,0,baseline,0,0,0000000000.png,3,1.0972595117285782,0.22713272142496113,0.0,gaussian_noise
learned_recurrent_error_zeroed,2011_09_26/2011_09_26_drive_0039_sync,0,baseline,0,0,0000000000.png,4,2.001075275587881,0.41422258656455496,0.0,gaussian_noise
learned_recurrent_error_zeroed,2011_09_26/2011_09_26_drive_0039_sync,0,baseline,0,0,0000000000.png,5,1.315916916477997,0.27239480472311756,0.0,gaussian_noise
learned_recurrent_error_zeroed,2011_09_26/2011_09_26_drive_0039_sync,1,baseline,1,1,0000000001.png,1,0.2519235122878502,0.06655960502637157,0.0,gaussian_noise
learned_recurrent_error_zeroed,2011_09_26/2011_09_26_drive_0039_sync,1,baseline,1,1,0000000001.png,2,0.35796953791605013,0.12510707636607135,0.0,gaussian_noise
learned_recurrent_error_zeroed,2011_09_26/2011_09_26_drive_0039_sync,1,baseline,1,1,0000000001.png,3,0.9413262412334775,0.3656394205900757,0.0,gaussian_noise
learned_recurrent_error_zeroed,2011_09_26/2011_09_26_drive_0039_sync,1,baseline,1,1,0000000001.png,4,1.7842253023984307,0.6848502650391082,0.0,gaussian_noise
learned_recurrent_error_zeroed,2011_09_26/2011_09_26_drive_0039_sync,1,baseline,1,1,0000000001.png,5,1.1375118817074588,0.4448477248315486,0.0,gaussian_noise
learned_recurrent_error_zeroed,2011_09_26/2011_09_26_drive_0039_sync,2,baseline,2,2,0000000002.png,1,0.285280315669123,0.09294095678327403,0.0,gaussian_noise
learned_recurrent_error_zeroed,2011_09_26/2011_09_26_drive_0039_sync,2,baseline,2,2,0000000002.png,2,0.3700708581862767,0.1637783673194285,0.0,gaussian_noise
learned_recurrent_error_zeroed,2011_09_26/2011_09_26_drive_0039_sync,2,baseline,2,2,0000000002.png,3,0.8682161629047328,0.45406972373500304,0.0,gaussian_noise
learned_recurrent_error_zeroed,2011_09_26/2011_09_26_drive_0039_sync,2,baseline,2,2,0000000002.png,4,1.6646892792968038,0.8663950144307573,0.0,gaussian_noise
learned_recurrent_error_zeroed,2011_09_26/2011_09_26_drive_0039_sync,2,baseline,2,2,0000000002.png,5,1.0413756395761407,0.5561553015128797,0.0,gaussian_noise
learned_recurrent_error_zeroed,2011_09_26/2011_09_26_drive_0039_sync,3,baseline,3,3,0000000003.png,1,0.308299090355422,0.11596925570154733,0.0,gaussian_noise
learned_recurrent_error_zeroed,2011_09_26/2011_09_26_drive_0039_sync,3,baseline,3,3,0000000003.png,2,0.37358146052962865,0.193773809603659,0.0,gaussian_noise
learned_recurrent_error_zeroed,2011_09_26/2011_09_26_drive_0039_sync,3,baseline,3,3,0000000003.png,3,0.8098501488228392,0.5086835930410379,0.0,gaussian_noise
learned_recurrent_error_zeroed,2011_09_26/2011_09_26_drive_0039_sync,3,baseline,3,3,0000000003.png,4,1.546770319775901,0.9813330447807487,0.0,gaussian_noise
learned_recurrent_error_zeroed,2011_09_26/2011_09_26_drive_0039_sync,3,baseline,3,3,0000000003.png,5,0.9578087633769974,0.6234486970078936,0.0,gaussian_noise
learned_recurrent_error_zeroed,2011_09_26/2011_09_26_drive_0039_sync,4,baseline,4,4,0000000004.png,1,0.31892969341845023,0.13288750392556684,0.0,gaussian_noise
learned_recurrent_error_zeroed,2011_09_26/2011_09_26_drive_0039_sync,4,baseline,4,4,0000000004.png,2,0.3684299442423822,0.21541126449465667,0.0,gaussian_noise
learned_recurrent_error_zeroed,2011_09_26/2011_09_26_drive_0039_sync,4,baseline,4,4,0000000004.png,3,0.7583508847126107,0.539302257856263,0.0,gaussian_noise
learned_recurrent_error_zeroed,2011_09_26/2011_09_26_drive_0039_sync,4,baseline,4,4,0000000004.png,4,1.4229864651903887,1.043746819059935,0.0,gaussian_noise
learned_recurrent_error_zeroed,2011_09_26/2011_09_26_drive_0039_sync,4,baseline,4,4,0000000004.png,5,0.8775968797683412,0.6579028249343509,0.0,gaussian_noise
learned_recurrent_error_zeroed,2011_09_26/2011_09_26_drive_0039_sync,5,baseline,5,5,0000000005.png,1,0.31230491653388165,0.14202741665034008,0.0,gaussian_noise
learned_recurrent_error_zeroed,2011_09_26/2011_09_26_drive_0039_sync,5,baseline,5,5,0000000005.png,2,0.3634868623347467,0.23057577825753994,0.0,gaussian_noise
learned_recurrent_error_zeroed,2011_09_26/2011_09_26_drive_0039_sync,5,baseline,5,5,0000000005.png,3,0.7111221444962771,0.5527589451872621,0.0,gaussian_noise
learned_recurrent_error_zeroed,2011_09_26/2011_09_26_drive_0039_sync,5,baseline,5,5,0000000005.png,4,1.305657849237847,1.0669291919403074,0.0,gaussian_noise
learned_recurrent_error_zeroed,2011_09_26/2011_09_26_drive_0039_sync,5,baseline,5,5,0000000005.png,5,0.803349577299411,0.6686013133064702,0.0,gaussian_noise
learned_recurrent_error_zeroed,2011_09_26/2011_09_26_drive_0039_sync,6,baseline,6,6,0000000006.png,1,0.3178148090319401,0.14728910288725008,0.0,gaussian_noise
learned_recurrent_error_zeroed,2011_09_26/2011_09_26_drive_0039_sync,6,baseline,6,6,0000000006.png,2,0.36068320307993307,0.24074797633443534,0.0,gaussian_noise
learned_recurrent_error_zeroed,2011_09_26/2011_09_26_drive_0039_sync,6,baseline,6,6,0000000006.png,3,0.6691471584623708,0.5538347518915608,0.0,gaussian_noise
learned_recurrent_error_zeroed,2011_09_26/2011_09_26_drive_0039_sync,6,baseline,6,6,0000000006.png,4,1.2004089464817154,1.0622302107738866,0.0,gaussian_noise
learned_recurrent_error_zeroed,2011_09_26/2011_09_26_drive_0039_sync,6,baseline,6,6,0000000006.png,5,0.7387791210215674,0.663211153192613,0.0,gaussian_noise
learned_recurrent_error_zeroed,2011_09_26/2011_09_26_drive_0039_sync,7,baseline,7,7,0000000007.png,1,0.32291151333275764,0.1513366950714301,0.0,gaussian_noise
learned_recurrent_error_zeroed,2011_09_26/2011_09_26_drive_0039_sync,7,baseline,7,7,0000000007.png,2,0.3556820340029885,0.24683287933704584,0.0,gaussian_noise
learned_recurrent_error_zeroed,2011_09_26/2011_09_26_drive_0039_sync,7,baseline,7,7,0000000007.png,3,0.6310584441606699,0.5463237758086772,0.0,gaussian_noise
learned_recurrent_error_zeroed,2011_09_26/2011_09_26_drive_0039_sync,7,baseline,7,7,0000000007.png,4,1.110667444760303,1.0387590545781702,0.0,gaussian_noise
learned_recurrent_error_zeroed,2011_09_26/2011_09_26_drive_0039_sync,7,baseline,7,7,0000000007.png,5,0.6867474274251611,0.6478995608413437,0.0,gaussian_noise
learned_recurrent_error_zeroed,2011_09_26/2011_09_26_drive_0039_sync,8,baseline,8,8,0000000008.png,1,0.3142241870136522,0.15370647033112037,0.0,gaussian_noise
learned_recurrent_error_zeroed,2011_09_26/2011_09_26_drive_0039_sync,8,baseline,8,8,0000000008.png,2,0.3506801862596946,0.250540525018011,0.0,gaussian_noise
learned_recurrent_error_zeroed,2011_09_26/2011_09_26_drive_0039_sync,8,baseline,8,8,0000000008.png,3,0.6010957006288793,0.534015887515959,0.0,gaussian_noise
learned_recurrent_error_zeroed,2011_09_26/2011_09_26_drive_0039_sync,8,baseline,8,8,0000000008.png,4,1.0407481904989329,1.005221082764482,0.0,gaussian_noise
learned_recurrent_error_zeroed,2011_09_26/2011_09_26_drive_0039_sync,8,baseline,8,8,0000000008.png,5,0.648788177666879,0.6278390101439629,0.0,gaussian_noise
learned_recurrent_error_zeroed,2011_09_26/2011_09_26_drive_0039_sync,9,baseline,9,9,0000000009.png,1,0.30636689940236256,0.151109184935724,0.0,gaussian_noise
learned_recurrent_error_zeroed,2011_09_26/2011_09_26_drive_0039_sync,9,baseline,9,9,0000000009.png,2,0.34783789509131896,0.2530571500161015,0.0,gaussian_noise
learned_recurrent_error_zeroed,2011_09_26/2011_09_26_drive_0039_sync,9,baseline,9,9,0000000009.png,3,0.5797700364493498,0.5198379088852816,0.0,gaussian_noise
learned_recurrent_error_zeroed,2011_09_26/2011_09_26_drive_0039_sync,9,baseline,9,9,0000000009.png,4,0.9845288661725748,0.9675115585278613,0.0,gaussian_noise
learned_recurrent_error_zeroed,2011_09_26/2011_09_26_drive_0039_sync,9,baseline,9,9,0000000009.png,5,0.6250441332445021,0.607258322208465,0.0,gaussian_noise
learned_recurrent_error_zeroed,2011_09_26/2011_09_26_drive_0039_sync,10,baseline,10,10,0000000010.png,1,0.30258246250388693,0.14538765940564574,0.0,gaussian_noise
learned_recurrent_error_zeroed,2011_09_26/2011_09_26_drive_0039_sync,10,baseline,10,10,0000000010.png,2,0.34519161251967867,0.25487622393987347,0.0,gaussian_noise
learned_recurrent_error_zeroed,2011_09_26/2011_09_26_drive_0039_sync,10,baseline,10,10,0000000010.png,3,0.5679759009550316,0.5062731423932325,0.0,gaussian_noise
learned_recurrent_error_zeroed,2011_09_26/2011_09_26_drive_0039_sync,10,baseline,10,10,0000000010.png,4,0.9424963496823707,0.9303416777850084,0.0,gaussian_noise
learned_recurrent_error_zeroed,2011_09_26/2011_09_26_drive_0039_sync,10,baseline,10,10,0000000010.png,5,0.6135195588589544,0.5892647165856205,0.0,gaussian_noise
learned_recurrent_error_zeroed,2011_09_26/2011_09_26_drive_0039_sync,11,baseline,11,11,0000000011.png,1,0.3023874295609428,0.14054674173347656,0.0,gaussian_noise
learned_recurrent_error_zeroed,2011_09_26/2011_09_26_drive_0039_sync,11,baseline,11,11,0000000011.png,2,0.34069927721019705,0.25571105156487706,0.0,gaussian_noise
learned_recurrent_error_zeroed,2011_09_26/2011_09_26_drive_0039_sync,11,baseline,11,11,0000000011.png,3,0.5615235462757008,0.49493849763229103,0.0,gaussian_noise
learned_recurrent_error_zeroed,2011_09_26/2011_09_26_drive_0039_sync,11,baseline,11,11,0000000011.png,4,0.9116015636495448,0.896625157973602,0.0,gaussian_noise
learned_recurrent_error_zeroed,2011_09_26/2011_09_26_drive_0039_sync,11,baseline,11,11,0000000011.png,5,0.6119795407031655,0.57589187264463,0.0,gaussian_noise
learned_recurrent_error_zeroed,2011_09_26/2011_09_26_drive_0039_sync,12,baseline,12,12,0000000012.png,1,0.3052680239539984,0.1366968657143596,0.0,gaussian_noise
learned_recurrent_error_zeroed,2011_09_26/2011_09_26_drive_0039_sync,12,baseline,12,12,0000000012.png,2,0.33888280336782595,0.25595366587157375,0.0,gaussian_noise
learned_recurrent_error_zeroed,2011_09_26/2011_09_26_drive_0039_sync,12,baseline,12,12,0000000012.png,3,0.5551401864662758,0.48588767752882306,0.0,gaussian_noise
learned_recurrent_error_zeroed,2011_09_26/2011_09_26_drive_0039_sync,12,baseline,12,12,0000000012.png,4,0.8932556340508669,0.8685641567274262,0.0,gaussian_noise
learned_recurrent_error_zeroed,2011_09_26/2011_09_26_drive_0039_sync,12,baseline,12,12,0000000012.png,5,0.6175494968593689,0.5680588827712929,0.0,gaussian_noise
learned_recurrent_error_zeroed,2011_09_26/2011_09_26_drive_0039_sync,13,baseline,13,13,0000000013.png,1,0.29261261733189065,0.1340840123258737,0.0,gaussian_noise
learned_recurrent_error_zeroed,2011_09_26/2011_09_26_drive_0039_sync,13,baseline,13,13,0000000013.png,2,0.3371562618017008,0.2560332655748736,0.0,gaussian_noise
learned_recurrent_error_zeroed,2011_09_26/2011_09_26_drive_0039_sync,13,baseline,13,13,0000000013.png,3,0.5517430652684521,0.47900822952122046,0.0,gaussian_noise
learned_recurrent_error_zeroed,2011_09_26/2011_09_26_drive_0039_sync,13,baseline,13,13,0000000013.png,4,0.8845466088346868,0.8467938901027862,0.0,gaussian_noise
learned_recurrent_error_zeroed,2011_09_26/2011_09_26_drive_0039_sync,13,baseline,13,13,0000000013.png,5,0.6294788195693972,0.5661083188896575,0.0,gaussian_noise
learned_recurrent_error_zeroed,2011_09_26/2011_09_26_drive_0039_sync,14,baseline,14,14,0000000014.png,1,0.2869173520103978,0.13414627024403863,0.0,gaussian_noise
learned_recurrent_error_zeroed,2011_09_26/2011_09_26_drive_0039_sync,14,baseline,14,14,0000000014.png,2,0.3364499912511942,0.2562067986008968,0.0,gaussian_noise
learned_recurrent_error_zeroed,2011_09_26/2011_09_26_drive_0039_sync,14,baseline,14,14,0000000014.png,3,0.5490923647196386,0.4739855632268018,0.0,gaussian_noise
learned_recurrent_error_zeroed,2011_09_26/2011_09_26_drive_0039_sync,14,baseline,14,14,0000000014.png,4,0.8814105953426331,0.8312347724703797,0.0,gaussian_noise
learned_recurrent_error_zeroed,2011_09_26/2011_09_26_drive_0039_sync,14,baseline,14,14,0000000014.png,5,0.6459102434559114,0.5697818616807455,0.0,gaussian_noise
learned_recurrent_error_zeroed,2011_09_26/2011_09_26_drive_0039_sync,15,baseline,15,15,0000000015.png,1,0.2864644010734222,0.13407955982111003,0.0,gaussian_noise
learned_recurrent_error_zeroed,2011_09_26/2011_09_26_drive_0039_sync,15,baseline,15,15,0000000015.png,2,0.3339291179248258,0.25628362433689045,0.0,gaussian_noise
learned_recurrent_error_zeroed,2011_09_26/2011_09_26_drive_0039_sync,15,baseline,15,15,0000000015.png,3,0.5486951267775122,0.47061002685402437,0.0,gaussian_noise
learned_recurrent_error_zeroed,2011_09_26/2011_09_26_drive_0039_sync,15,baseline,15,15,0000000015.png,4,0.8836798417396761,0.821298920064811,0.0,gaussian_noise
learned_recurrent_error_zeroed,2011_09_26/2011_09_26_drive_0039_sync,15,baseline,15,15,0000000015.png,5,0.6639173523187226,0.5781010501295757,0.0,gaussian_noise
learned_recurrent_error_zeroed,2011_09_26/2011_09_26_drive_0039_sync,16,baseline,16,16,0000000016.png,1,0.28604159822511915,0.13546690255109473,0.0,gaussian_noise
learned_recurrent_error_zeroed,2011_09_26/2011_09_26_drive_0039_sync,16,baseline,16,16,0000000016.png,2,0.3299499074232484,0.25575849969505726,0.0,gaussian_noise
learned_recurrent_error_zeroed,2011_09_26/2011_09_26_drive_0039_sync,16,baseline,16,16,0000000016.png,3,0.5498970921387264,0.4686351234920364,0.0,gaussian_noise
learned_recurrent_error_zeroed,2011_09_26/2011_09_26_drive_0039_sync,16,baseline,16,16,0000000016.png,4,0.8937195937935482,0.8169171281297005,0.0,gaussian_noise
learned_recurrent_error_zeroed,2011_09_26/2011_09_26_drive_0039_sync,16,baseline,16,16,0000000016.png,5,0.6816786227511241,0.5897990325311394,0.0,gaussian_noise
learned_recurrent_error_zeroed,2011_09_26/2011_09_26_drive_0039_sync,17,baseline,17,17,0000000017.png,1,0.27310526654490014,0.13726748550898046,0.0,gaussian_noise
learned_recurrent_error_zeroed,2011_09_26/2011_09_26_drive_0039_sync,17,baseline,17,17,0000000017.png,2,0.32586092976935416,0.25464062601222576,0.0,gaussian_noise
learned_recurrent_error_zeroed,2011_09_26/2011_09_26_drive_0039_sync,17,baseline,17,17,0000000017.png,3,0.5520397828773885,0.46787894572143046,0.0,gaussian_noise
learned_recurrent_error_zeroed,2011_09_26/2011_09_26_drive_0039_sync,17,baseline,17,17,0000000017.png,4,0.9082386458850493,0.817832079463911,0.0,gaussian_noise
learned_recurrent_error_zeroed,2011_09_26/2011_09_26_drive_0039_sync,17,baseline,17,17,0000000017.png,5,0.6983692085543146,0.6037077572001621,0.0,gaussian_noise
learned_recurrent_error_zeroed,2011_09_26/2011_09_26_drive_0039_sync,18,baseline,18,18,0000000018.png,1,0.2629535219571223,0.13897046935967985,0.0,gaussian_noise
learned_recurrent_error_zeroed,2011_09_26/2011_09_26_drive_0039_sync,18,baseline,18,18,0000000018.png,2,0.32315937207214807,0.25325910353322006,0.0,gaussian_noise
learned_recurrent_error_zeroed,2011_09_26/2011_09_26_drive_0039_sync,18,baseline,18,18,0000000018.png,3,0.5548148194464546,0.46823498197312885,0.0,gaussian_noise
learned_recurrent_error_zeroed,2011_09_26/2011_09_26_drive_0039_sync,18,baseline,18,18,0000000018.png,4,0.9264498271198662,0.8233186370142349,0.0,gaussian_noise
learned_recurrent_error_zeroed,2011_09_26/2011_09_26_drive_0039_sync,18,baseline,18,18,0000000018.png,5,0.7127008121830176,0.6185741593871953,0.0,gaussian_noise
learned_recurrent_error_zeroed,2011_09_26/2011_09_26_drive_0039_sync,19,baseline,19,19,0000000019.png,1,0.2523768615288822,0.14153526412825046,0.0,gaussian_noise
learned_recurrent_error_zeroed,2011_09_26/2011_09_26_drive_0039_sync,19,baseline,19,19,0000000019.png,2,0.3191182531013431,0.2517750405010277,0.0,gaussian_noise
learned_recurrent_error_zeroed,2011_09_26/2011_09_26_drive_0039_sync,19,baseline,19,19,0000000019.png,3,0.5571242794134645,0.46940124896324015,0.0,gaussian_noise
learned_recurrent_error_zeroed,2011_09_26/2011_09_26_drive_0039_sync,19,baseline,19,19,0000000019.png,4,0.9488594689015181,0.8330124117619292,0.0,gaussian_noise
learned_recurrent_error_zeroed,2011_09_26/2011_09_26_drive_0039_sync,19,baseline,19,19,0000000019.png,5,0.725492102369384,0.6336551433978999,0.0,gaussian_noise
learned_recurrent_error_zeroed,2011_09_26/2011_09_26_drive_0039_sync,20,baseline,20,20,0000000020.png,1,0.2430611243473089,0.14455746942101633,0.0,gaussian_noise
learned_recurrent_error_zeroed,2011_09_26/2011_09_26_drive_0039_sync,20,baseline,20,20,0000000020.png,2,0.3160231906892261,0.2502370348732605,0.0,gaussian_noise
learned_recurrent_error_zeroed,2011_09_26/2011_09_26_drive_0039_sync,20,baseline,20,20,0000000020.png,3,0.5636710205418783,0.47172118677666636,0.0,gaussian_noise
learned_recurrent_error_zeroed,2011_09_26/2011_09_26_drive_0039_sync,20,baseline,20,20,0000000020.png,4,0.9728199583231357,0.8460731950444088,0.0,gaussian_noise
learned_recurrent_error_zeroed,2011_09_26/2011_09_26_drive_0039_sync,20,baseline,20,20,0000000020.png,5,0.7370982670848085,0.6485575298366066,0.0,gaussian_noise
learned_recurrent_error_zeroed,2011_09_26/2011_09_26_drive_0039_sync,21,baseline,21,21,0000000021.png,1,0.24150154483435377,0.14729459284367843,0.0,gaussian_noise
learned_recurrent_error_zeroed,2011_09_26/2011_09_26_drive_0039_sync,21,baseline,21,21,0000000021.png,2,0.3113782644706816,0.24857786203160318,0.0,gaussian_noise
learned_recurrent_error_zeroed,2011_09_26/2011_09_26_drive_0039_sync,21,baseline,21,21,0000000021.png,3,0.573509355999526,0.47552031705186043,0.0,gaussian_noise
learned_recurrent_error_zeroed,2011_09_26/2011_09_26_drive_0039_sync,21,baseline,21,21,0000000021.png,4,0.9989950432931117,0.8618326348982892,0.0,gaussian_noise
learned_recurrent_error_zeroed,2011_09_26/2011_09_26_drive_0039_sync,21,baseline,21,21,0000000021.png,5,0.7475351887331553,0.6629844422439379,0.0,gaussian_noise
learned_recurrent_error_zeroed,2011_09_26/2011_09_26_drive_0039_sync,22,baseline,22,22,0000000022.png,1,0.2472559892512691,0.15156101452179255,0.0,gaussian_noise
learned_recurrent_error_zeroed,2011_09_26/2011_09_26_drive_0039_sync,22,baseline,22,22,0000000022.png,2,0.30781720552261543,0.24682855672139115,0.0,gaussian_noise
learned_recurrent_error_zeroed,2011_09_26/2011_09_26_drive_0039_sync,22,baseline,22,22,0000000022.png,3,0.5892254536540927,0.4810853889971434,0.0,gaussian_noise
learned_recurrent_error_zeroed,2011_09_26/2011_09_26_drive_0039_sync,22,baseline,22,22,0000000022.png,4,1.0288558988294743,0.8798979832533926,0.0,gaussian_noise
learned_recurrent_error_zeroed,2011_09_26/2011_09_26_drive_0039_sync,22,baseline,22,22,0000000022.png,5,0.7568611741307131,0.6766488359329369,0.0,gaussian_noise
learned_recurrent_error_zeroed,2011_09_26/2011_09_26_drive_0039_sync,23,baseline,23,23,0000000023.png,1,0.2574739471768495,0.15717565122206778,0.0,gaussian_noise
learned_recurrent_error_zeroed,2011_09_26/2011_09_26_drive_0039_sync,23,baseline,23,23,0000000023.png,2,0.30435171351648205,0.24499306836619142,0.0,gaussian_noise
learned_recurrent_error_zeroed,2011_09_26/2011_09_26_drive_0039_sync,23,baseline,23,23,0000000023.png,3,0.6108305010790958,0.489184006992242,0.0,gaussian_noise
learned_recurrent_error_zeroed,2011_09_26/2011_09_26_drive_0039_sync,23,baseline,23,23,0000000023.png,4,1.063764786761469,0.9003789991704559,0.0,gaussian_noise
learned_recurrent_error_zeroed,2011_09_26/2011_09_26_drive_0039_sync,23,baseline,23,23,0000000023.png,5,0.7664896728670763,0.6894562612953083,0.0,gaussian_noise
learned_recurrent_error_zeroed,2011_09_26/2011_09_26_drive_0039_sync,24,baseline,24,24,0000000024.png,1,0.25167974486697103,0.16193070292166664,0.0,gaussian_noise
learned_recurrent_error_zeroed,2011_09_26/2011_09_26_drive_0039_sync,24,baseline,24,24,0000000024.png,2,0.30128215400466013,0.24337527188508576,0.0,gaussian_noise
learned_recurrent_error_zeroed,2011_09_26/2011_09_26_drive_0039_sync,24,baseline,24,24,0000000024.png,3,0.6305495784253021,0.4998314798170338,0.0,gaussian_noise
learned_recurrent_error_zeroed,2011_09_26/2011_09_26_drive_0039_sync,24,baseline,24,24,0000000024.png,4,1.1028144155477966,0.9237187333118491,0.0,gaussian_noise
learned_recurrent_error_zeroed,2011_09_26/2011_09_26_drive_0039_sync,24,baseline,24,24,0000000024.png,5,0.7780761454617162,0.7015663023472904,0.0,gaussian_noise
learned_recurrent_error_zeroed,2011_09_26/2011_09_26_drive_0039_sync,25,baseline,25,25,0000000025.png,1,0.2504635036335182,0.16603826679021996,0.0,gaussian_noise
learned_recurrent_error_zeroed,2011_09_26/2011_09_26_drive_0039_sync,25,baseline,25,25,0000000025.png,2,0.29798210761769084,0.24166539340936163,0.0,gaussian_noise
learned_recurrent_error_zeroed,2011_09_26/2011_09_26_drive_0039_sync,25,baseline,25,25,0000000025.png,3,0.6439568457104765,0.5116997029277227,0.0,gaussian_noise
learned_recurrent_error_zeroed,2011_09_26/2011_09_26_drive_0039_sync,25,baseline,25,25,0000000025.png,4,1.1407770002950444,0.9498921976148358,0.0,gaussian_noise
learned_recurrent_error_zeroed,2011_09_26/2011_09_26_drive_0039_sync,25,baseline,25,25,0000000025.png,5,0.7925027182877975,0.7136647171498272,0.0,gaussian_noise
learned_recurrent_error_zeroed,2011_09_26/2011_09_26_drive_0039_sync,26,baseline,26,26,0000000026.png,1,0.2362306801975949,0.16905892147394633,0.0,gaussian_noise
learned_recurrent_error_zeroed,2011_09_26/2011_09_26_drive_0039_sync,26,baseline,26,26,0000000026.png,2,0.29721902542548034,0.24033106716717498,0.0,gaussian_noise
learned_recurrent_error_zeroed,2011_09_26/2011_09_26_drive_0039_sync,26,baseline,26,26,0000000026.png,3,0.6657501258050206,0.525315016624704,0.0,gaussian_noise
learned_recurrent_error_zeroed,2011_09_26/2011_09_26_drive_0039_sync,26,baseline,26,26,0000000026.png,4,1.1788288892413032,0.9780954861709817,0.0,gaussian_noise
learned_recurrent_error_zeroed,2011_09_26/2011_09_26_drive_0039_sync,26,baseline,26,26,0000000026.png,5,0.8091023145543319,0.7263616722326363,0.0,gaussian_noise
learned_recurrent_error_zeroed,2011_09_26/2011_09_26_drive_0039_sync,27,baseline,27,27,0000000027.png,1,0.2321305082644851,0.17106134898130607,0.0,gaussian_noise
learned_recurrent_error_zeroed,2011_09_26/2011_09_26_drive_0039_sync,27,baseline,27,27,0000000027.png,2,0.29386825184617044,0.2387977009553481,0.0,gaussian_noise
learned_recurrent_error_zeroed,2011_09_26/2011_09_26_drive_0039_sync,27,baseline,27,27,0000000027.png,3,0.6753816902846224,0.5398985985844948,0.0,gaussian_noise
learned_recurrent_error_zeroed,2011_09_26/2011_09_26_drive_0039_sync,27,baseline,27,27,0000000027.png,4,1.2153842252197276,1.008119617320184,0.0,gaussian_noise
learned_recurrent_error_zeroed,2011_09_26/2011_09_26_drive_0039_sync,27,baseline,27,27,0000000027.png,5,0.8265646708484198,0.7400201859006391,0.0,gaussian_noise
learned_recurrent_error_zeroed,2011_09_26/2011_09_26_drive_0039_sync,28,baseline,28,28,0000000028.png,1,0.22670924904811207,0.17104254714408848,0.0,gaussian_noise
learned_recurrent_error_zeroed,2011_09_26/2011_09_26_drive_0039_sync,28,baseline,28,28,0000000028.png,2,0.29678450094085024,0.2375180729987093,0.0,gaussian_noise
learned_recurrent_error_zeroed,2011_09_26/2011_09_26_drive_0039_sync,28,baseline,28,28,0000000028.png,3,0.6704371128671355,0.5517304507641252,0.0,gaussian_noise
learned_recurrent_error_zeroed,2011_09_26/2011_09_26_drive_0039_sync,28,baseline,28,28,0000000028.png,4,1.237165413841301,1.0379614260691887,0.0,gaussian_noise
learned_recurrent_error_zeroed,2011_09_26/2011_09_26_drive_0039_sync,28,baseline,28,28,0000000028.png,5,0.8426028622237814,0.7545908501283837,0.0,gaussian_noise
learned_recurrent_error_zeroed,2011_09_26/2011_09_26_drive_0039_sync,29,baseline,29,29,0000000029.png,1,0.22430783263937187,0.17047524832230623,0.0,gaussian_noise
learned_recurrent_error_zeroed,2011_09_26/2011_09_26_drive_0039_sync,29,baseline,29,29,0000000029.png,2,0.2987938507567951,0.2365883767887785,0.0,gaussian_noise
learned_recurrent_error_zeroed,2011_09_26/2011_09_26_drive_0039_sync,29,baseline,29,29,0000000029.png,3,0.6630571245609966,0.5591890340975274,0.0,gaussian_noise
learned_recurrent_error_zeroed,2011_09_26/2011_09_26_drive_0039_sync,29,baseline,29,29,0000000029.png,4,1.2419504283923928,1.0640004342340814,0.0,gaussian_noise
learned_recurrent_error_zeroed,2011_09_26/2011_09_26_drive_0039_sync,29,baseline,29,29,0000000029.png,5,0.8554241754960709,0.7694249070001908,0.0,gaussian_noise
learned_recurrent_error_zeroed,2011_09_26/2011_09_26_drive_0039_sync,30,baseline,30,30,0000000030.png,1,0.2220031488796921,0.16960410235238946,0.0,gaussian_noise
learned_recurrent_error_zeroed,2011_09_26/2011_09_26_drive_0039_sync,30,baseline,30,30,0000000030.png,2,0.29927810331851484,0.23597152042429878,0.0,gaussian_noise
learned_recurrent_error_zeroed,2011_09_26/2011_09_26_drive_0039_sync,30,baseline,30,30,0000000030.png,3,0.6614674771339739,0.563559990580874,0.0,gaussian_noise
learned_recurrent_error_zeroed,2011_09_26/2011_09_26_drive_0039_sync,30,baseline,30,30,0000000030.png,4,1.2394078101775168,1.0841993693346044,0.0,gaussian_noise
learned_recurrent_error_zeroed,2011_09_26/2011_09_26_drive_0039_sync,30,baseline,30,30,0000000030.png,5,0.8667478106342104,0.783939748598093,0.0,gaussian_noise
learned_recurrent_error_zeroed,2011_09_26/2011_09_26_drive_0039_sync,31,baseline,31,31,0000000031.png,1,0.22819997608310755,0.16904321030369082,0.0,gaussian_noise
learned_recurrent_error_zeroed,2011_09_26/2011_09_26_drive_0039_sync,31,baseline,31,31,0000000031.png,2,0.297914966569208,0.23537110060000996,0.0,gaussian_noise
learned_recurrent_error_zeroed,2011_09_26/2011_09_26_drive_0039_sync,31,baseline,31,31,0000000031.png,3,0.6622164757901676,0.5665375383322196,0.0,gaussian_noise
learned_recurrent_error_zeroed,2011_09_26/2011_09_26_drive_0039_sync,31,baseline,31,31,0000000031.png,4,1.2392629509822783,1.099146748951993,0.0,gaussian_noise
learned_recurrent_error_zeroed,2011_09_26/2011_09_26_drive_0039_sync,31,baseline,31,31,0000000031.png,5,0.878354984982282,0.7979222991794283,0.0,gaussian_noise
learned_recurrent_error_zeroed,2011_09_26/2011_09_26_drive_0039_sync,32,baseline,32,32,0000000032.png,1,0.2315167942883608,0.16807198667874765,0.0,gaussian_noise
learned_recurrent_error_zeroed,2011_09_26/2011_09_26_drive_0039_sync,32,baseline,32,32,0000000032.png,2,0.2984974752583228,0.23482588538585852,0.0,gaussian_noise
learned_recurrent_error_zeroed,2011_09_26/2011_09_26_drive_0039_sync,32,baseline,32,32,0000000032.png,3,0.6597635855291893,0.5684761148179837,0.0,gaussian_noise
learned_recurrent_error_zeroed,2011_09_26/2011_09_26_drive_0039_sync,32,baseline,32,32,0000000032.png,4,1.241684124241597,1.1105118635493056,0.0,gaussian_noise
learned_recurrent_error_zeroed,2011_09_26/2011_09_26_drive_0039_sync,32,baseline,32,32,0000000032.png,5,0.8901278075574619,0.8113505489894187,0.0,gaussian_noise
learned_recurrent_error_zeroed,2011_09_26/2011_09_26_drive_0039_sync,33,baseline,33,33,0000000033.png,1,0.2398523311664348,0.16760741399791224,0.0,gaussian_noise
learned_recurrent_error_zeroed,2011_09_26/2011_09_26_drive_0039_sync,33,baseline,33,33,0000000033.png,2,0.3017976300859457,0.23484116655649875,0.0,gaussian_noise
learned_recurrent_error_zeroed,2011_09_26/2011_09_26_drive_0039_sync,33,baseline,33,33,0000000033.png,3,0.652626540168944,0.5688389718063288,0.0,gaussian_noise
learned_recurrent_error_zeroed,2011_09_26/2011_09_26_drive_0039_sync,33,baseline,33,33,0000000033.png,4,1.2405209355677447,1.1188917050912783,0.0,gaussian_noise
learned_recurrent_error_zeroed,2011_09_26/2011_09_26_drive_0039_sync,33,baseline,33,33,0000000033.png,5,0.9004440555329521,0.8241139365462239,0.0,gaussian_noise
learned_recurrent_error_zeroed,2011_09_26/2011_09_26_drive_0039_sync,34,baseline,34,34,0000000034.png,1,0.2387150222636095,0.16686522679615196,0.0,gaussian_noise
learned_recurrent_error_zeroed,2011_09_26/2011_09_26_drive_0039_sync,34,baseline,34,34,0000000034.png,2,0.30308065673910717,0.23528727716886574,0.0,gaussian_noise
learned_recurrent_error_zeroed,2011_09_26/2011_09_26_drive_0039_sync,34,baseline,34,34,0000000034.png,3,0.6456374545930161,0.5678466671570871,0.0,gaussian_noise
learned_recurrent_error_zeroed,2011_09_26/2011_09_26_drive_0039_sync,34,baseline,34,34,0000000034.png,4,1.2363027511464324,1.1244955065738726,0.0,gaussian_noise
learned_recurrent_error_zeroed,2011_09_26/2011_09_26_drive_0039_sync,34,baseline,34,34,0000000034.png,5,0.9089244342291612,0.8360545778182241,0.0,gaussian_noise
learned_recurrent_error_zeroed,2011_09_26/2011_09_26_drive_0039_sync,35,baseline,35,35,0000000035.png,1,0.24113051980758118,0.16658399949817385,0.0,gaussian_noise
learned_recurrent_error_zeroed,2011_09_26/2011_09_26_drive_0039_sync,35,baseline,35,35,0000000035.png,2,0.30447925608669,0.23578200721536982,0.0,gaussian_noise
learned_recurrent_error_zeroed,2011_09_26/2011_09_26_drive_0039_sync,35,baseline,35,35,0000000035.png,3,0.6370686842507873,0.5651277142682157,0.0,gaussian_noise
learned_recurrent_error_zeroed,2011_09_26/2011_09_26_drive_0039_sync,35,baseline,35,35,0000000035.png,4,1.2295935967987592,1.1274253638208334,0.0,gaussian_noise
learned_recurrent_error_zeroed,2011_09_26/2011_09_26_drive_0039_sync,35,baseline,35,35,0000000035.png,5,0.9160079941036695,0.8471447671204091,0.0,gaussian_noise
learned_recurrent_error_zeroed,2011_09_26/2011_09_26_drive_0039_sync,36,baseline,36,36,0000000036.png,1,0.246578160687255,0.16775086353537474,0.0,gaussian_noise
learned_recurrent_error_zeroed,2011_09_26/2011_09_26_drive_0039_sync,36,baseline,36,36,0000000036.png,2,0.30726155140902034,0.2364607253613819,0.0,gaussian_noise
learned_recurrent_error_zeroed,2011_09_26/2011_09_26_drive_0039_sync,36,baseline,36,36,0000000036.png,3,0.6299795023055833,0.5608670444827621,0.0,gaussian_noise
learned_recurrent_error_zeroed,2011_09_26/2011_09_26_drive_0039_sync,36,baseline,36,36,0000000036.png,4,1.2220076580863435,1.128003828611197,0.0,gaussian_noise
learned_recurrent_error_zeroed,2011_09_26/2011_09_26_drive_0039_sync,36,baseline,36,36,0000000036.png,5,0.9215858644171884,0.8572852995040111,0.0,gaussian_noise
learned_recurrent_error_zeroed,2011_09_26/2011_09_26_drive_0039_sync,37,baseline,37,37,0000000037.png,1,0.24833808925814238,0.16949870370188186,0.0,gaussian_noise
learned_recurrent_error_zeroed,2011_09_26/2011_09_26_drive_0039_sync,37,baseline,37,37,0000000037.png,2,0.3084397963165604,0.23715719590274775,0.0,gaussian_noise
learned_recurrent_error_zeroed,2011_09_26/2011_09_26_drive_0039_sync,37,baseline,37,37,0000000037.png,3,0.6256185677470819,0.5559758504442851,0.0,gaussian_noise
learned_recurrent_error_zeroed,2011_09_26/2011_09_26_drive_0039_sync,37,baseline,37,37,0000000037.png,4,1.216707420768277,1.1268760332568142,0.0,gaussian_noise
learned_recurrent_error_zeroed,2011_09_26/2011_09_26_drive_0039_sync,37,baseline,37,37,0000000037.png,5,0.926379272924589,0.8664750188509996,0.0,gaussian_noise
learned_recurrent_error_zeroed,2011_09_26/2011_09_26_drive_0039_sync,38,baseline,38,38,0000000038.png,1,0.24315657666879573,0.1707538812944361,0.0,gaussian_noise
learned_recurrent_error_zeroed,2011_09_26/2011_09_26_drive_0039_sync,38,baseline,38,38,0000000038.png,2,0.3098434196723846,0.23812774499084138,0.0,gaussian_noise
learned_recurrent_error_zeroed,2011_09_26/2011_09_26_drive_0039_sync,38,baseline,38,38,0000000038.png,3,0.6301017055731836,0.552060729634752,0.0,gaussian_noise
learned_recurrent_error_zeroed,2011_09_26/2011_09_26_drive_0039_sync,38,baseline,38,38,0000000038.png,4,1.2162772511667208,1.1251035234298414,0.0,gaussian_noise
learned_recurrent_error_zeroed,2011_09_26/2011_09_26_drive_0039_sync,38,baseline,38,38,0000000038.png,5,0.9308773100248443,0.8747984315330956,0.0,gaussian_noise
learned_recurrent_error_zeroed,2011_09_26/2011_09_26_drive_0039_sync,39,baseline,39,39,0000000039.png,1,0.24412784090645168,0.1720115802177118,0.0,gaussian_noise
learned_recurrent_error_zeroed,2011_09_26/2011_09_26_drive_0039_sync,39,baseline,39,39,0000000039.png,2,0.3100861518173773,0.23922528317903674,0.0,gaussian_noise
learned_recurrent_error_zeroed,2011_09_26/2011_09_26_drive_0039_sync,39,baseline,39,39,0000000039.png,3,0.6405134131592021,0.5503014693355854,0.0,gaussian_noise
learned_recurrent_error_zeroed,2011_09_26/2011_09_26_drive_0039_sync,39,baseline,39,39,0000000039.png,4,1.224299527065517,1.1244481269331432,0.0,gaussian_noise
learned_recurrent_error_zeroed,2011_09_26/2011_09_26_drive_0039_sync,39,baseline,39,39,0000000039.png,5,0.9344499030948913,0.8822730116048646,0.0,gaussian_noise
learned_recurrent_error_zeroed,2011_09_26/2011_09_26_drive_0039_sync,40,disturbance,0,40,0000000040.png,1,0.38449009437913106,0.18810628818572706,0.29983328500071,gaussian_noise
learned_recurrent_error_zeroed,2011_09_26/2011_09_26_drive_0039_sync,40,disturbance,0,40,0000000040.png,2,0.3677630350435184,0.2445069160534996,0.24020920222822373,gaussian_noise
learned_recurrent_error_zeroed,2011_09_26/2011_09_26_drive_0039_sync,40,disturbance,0,40,0000000040.png,3,0.6430416749125492,0.5459557398632412,0.09071620530616084,gaussian_noise
learned_recurrent_error_zeroed,2011_09_26/2011_09_26_drive_0039_sync,40,disturbance,0,40,0000000040.png,4,1.2168041294785334,1.123066766695901,0.04068934654836038,gaussian_noise
learned_recurrent_error_zeroed,2011_09_26/2011_09_26_drive_0039_sync,40,disturbance,0,40,0000000040.png,5,0.9335729900007353,0.8882099107360573,0.01537518140240294,gaussian_noise
learned_recurrent_error_zeroed,2011_09_26/2011_09_26_drive_0039_sync,41,disturbance,1,41,0000000041.png,1,0.3859526239618226,0.19983728335421685,0.37560543512552,gaussian_noise
learned_recurrent_error_zeroed,2011_09_26/2011_09_26_drive_0039_sync,41,disturbance,1,41,0000000041.png,2,0.3923235146952894,0.253313490731913,0.37014066801438,gaussian_noise
learned_recurrent_error_zeroed,2011_09_26/2011_09_26_drive_0039_sync,41,disturbance,1,41,0000000041.png,3,0.6768875467084008,0.5457403882716482,0.1829962974340683,gaussian_noise
learned_recurrent_error_zeroed,2011_09_26/2011_09_26_drive_0039_sync,41,disturbance,1,41,0000000041.png,4,1.217404525835685,1.1213916759041864,0.09952352449865548,gaussian_noise
learned_recurrent_error_zeroed,2011_09_26/2011_09_26_drive_0039_sync,41,disturbance,1,41,0000000041.png,5,0.9304234470295945,0.8919853228152322,0.04517987744782578,gaussian_noise
learned_recurrent_error_zeroed,2011_09_26/2011_09_26_drive_0039_sync,42,disturbance,2,42,0000000042.png,1,0.38574143558019697,0.20967352810001924,0.41854505298250505,gaussian_noise
learned_recurrent_error_zeroed,2011_09_26/2011_09_26_drive_0039_sync,42,disturbance,2,42,0000000042.png,2,0.4071051633876066,0.2639178079760708,0.4525690412153241,gaussian_noise
learned_recurrent_error_zeroed,2011_09_26/2011_09_26_drive_0039_sync,42,disturbance,2,42,0000000042.png,3,0.7191251371054335,0.5539372103763455,0.2634645694906614,gaussian_noise
learned_recurrent_error_zeroed,2011_09_26/2011_09_26_drive_0039_sync,42,disturbance,2,42,0000000042.png,4,1.2305746351897686,1.1215882448122068,0.1613416280785554,gaussian_noise
learned_recurrent_error_zeroed,2011_09_26/2011_09_26_drive_0039_sync,42,disturbance,2,42,0000000042.png,5,0.928283001941966,0.8937816690048473,0.08252807450657365,gaussian_noise
learned_recurrent_error_zeroed,2011_09_26/2011_09_26_drive_0039_sync,43,disturbance,3,43,0000000043.png,1,0.3891334637555499,0.21775323486776219,0.446952268580595,gaussian_noise
learned_recurrent_error_zeroed,2011_09_26/2011_09_26_drive_0039_sync,43,disturbance,3,43,0000000043.png,2,0.4159600846260812,0.2745072085812426,0.5039246669990313,gaussian_noise
learned_recurrent_error_zeroed,2011_09_26/2011_09_26_drive_0039_sync,43,disturbance,3,43,0000000043.png,3,0.756558573655144,0.5703519020178277,0.3298148773522157,gaussian_noise
learned_recurrent_error_zeroed,2011_09_26/2011_09_26_drive_0039_sync,43,disturbance,3,43,0000000043.png,4,1.2543201314931893,1.1260552796290444,0.21908628791176346,gaussian_noise
learned_recurrent_error_zeroed,2011_09_26/2011_09_26_drive_0039_sync,43,disturbance,3,43,0000000043.png,5,0.9290191349766121,0.8944996515577107,0.12057818917078193,gaussian_noise
learned_recurrent_error_zeroed,2011_09_26/2011_09_26_drive_0039_sync,44,disturbance,4,44,0000000044.png,1,0.3976963302609329,0.22510262352051547,0.47524812624030255,gaussian_noise
learned_recurrent_error_zeroed,2011_09_26/2011_09_26_drive_0039_sync,44,disturbance,4,44,0000000044.png,2,0.4238760829273951,0.283976340733734,0.5441219336867662,gaussian_noise
learned_recurrent_error_zeroed,2011_09_26/2011_09_26_drive_0039_sync,44,disturbance,4,44,0000000044.png,3,0.7758433787522517,0.5905964487502449,0.38342753315079237,gaussian_noise
learned_recurrent_error_zeroed,2011_09_26/2011_09_26_drive_0039_sync,44,disturbance,4,44,0000000044.png,4,1.2753443737699546,1.1351518440622232,0.2692989309629741,gaussian_noise
learned_recurrent_error_zeroed,2011_09_26/2011_09_26_drive_0039_sync,44,disturbance,4,44,0000000044.png,5,0.9318898774416278,0.8951629118323845,0.1556038274769269,gaussian_noise
learned_recurrent_error_zeroed,2011_09_26/2011_09_26_drive_0039_sync,45,disturbance,5,45,0000000045.png,1,0.4062094715310715,0.23277129542836208,0.49666742016218757,gaussian_noise
learned_recurrent_error_zeroed,2011_09_26/2011_09_26_drive_0039_sync,45,disturbance,5,45,0000000045.png,2,0.4326275476353425,0.29286360743415946,0.5778410070374315,gaussian_noise
learned_recurrent_error_zeroed,2011_09_26/2011_09_26_drive_0039_sync,45,disturbance,5,45,0000000045.png,3,0.7854477002365541,0.6105605960249769,0.42560406783558363,gaussian_noise
learned_recurrent_error_zeroed,2011_09_26/2011_09_26_drive_0039_sync,45,disturbance,5,45,0000000045.png,4,1.2860279192717892,1.146871659971638,0.31003472363936,gaussian_noise
learned_recurrent_error_zeroed,2011_09_26/2011_09_26_drive_0039_sync,45,disturbance,5,45,0000000045.png,5,0.9352178557506947,0.8964303661900241,0.1849736781031501,gaussian_noise
learned_recurrent_error_zeroed,2011_09_26/2011_09_26_drive_0039_sync,46,disturbance,6,46,0000000046.png,1,0.40669493328006134,0.23985333264410869,0.5092366585075625,gaussian_noise
learned_recurrent_error_zeroed,2011_09_26/2011_09_26_drive_0039_sync,46,disturbance,6,46,0000000046.png,2,0.4380918373550637,0.3013989682360069,0.601030950688022,gaussian_noise
learned_recurrent_error_zeroed,2011_09_26/2011_09_26_drive_0039_sync,46,disturbance,6,46,0000000046.png,3,0.8003259488150367,0.6300868075049169,0.4599089249585913,gaussian_noise
learned_recurrent_error_zeroed,2011_09_26/2011_09_26_drive_0039_sync,46,disturbance,6,46,0000000046.png,4,1.2964834092688082,1.1597853647015177,0.3425550836591467,gaussian_noise
learned_recurrent_error_zeroed,2011_09_26/2011_09_26_drive_0039_sync,46,disturbance,6,46,0000000046.png,5,0.9392523502398108,0.898566406305837,0.20888283604223723,gaussian_noise
learned_recurrent_error_zeroed,2011_09_26/2011_09_26_drive_0039_sync,47,disturbance,7,47,0000000047.png,1,0.41794247082919095,0.24626497635503294,0.5260237869157094,gaussian_noise
learned_recurrent_error_zeroed,2011_09_26/2011_09_26_drive_0039_sync,47,disturbance,7,47,0000000047.png,2,0.4431354748117518,0.30889584627843225,0.6251253144498097,gaussian_noise
learned_recurrent_error_zeroed,2011_09_26/2011_09_26_drive_0039_sync,47,disturbance,7,47,0000000047.png,3,0.8039354610156764,0.6481883362609475,0.4879504512582541,gaussian_noise
learned_recurrent_error_zeroed,2011_09_26/2011_09_26_drive_0039_sync,47,disturbance,7,47,0000000047.png,4,1.3011621012808443,1.1729550700013756,0.36803082519470565,gaussian_noise
learned_recurrent_error_zeroed,2011_09_26/2011_09_26_drive_0039_sync,47,disturbance,7,47,0000000047.png,5,0.9427070917843583,0.9015460191312786,0.22850278727379733,gaussian_noise
learned_recurrent_error_zeroed,2011_09_26/2011_09_26_drive_0039_sync,48,disturbance,8,48,0000000048.png,1,0.4236008973439557,0.2526740416783777,0.5413439907618457,gaussian_noise
learned_recurrent_error_zeroed,2011_09_26/2011_09_26_drive_0039_sync,48,disturbance,8,48,0000000048.png,2,0.44663156295152506,0.3152157306745361,0.6480565247195428,gaussian_noise
learned_recurrent_error_zeroed,2011_09_26/2011_09_26_drive_0039_sync,48,disturbance,8,48,0000000048.png,3,0.801764339047089,0.6628259701122693,0.5102635019376135,gaussian_noise
learned_recurrent_error_zeroed,2011_09_26/2011_09_26_drive_0039_sync,48,disturbance,8,48,0000000048.png,4,1.2964914769244311,1.1842277823957876,0.3864972529635682,gaussian_noise
learned_recurrent_error_zeroed,2011_09_26/2011_09_26_drive_0039_sync,48,disturbance,8,48,0000000048.png,5,0.9442203447059896,0.9049462142186274,0.24311258603107205,gaussian_noise
learned_recurrent_error_zeroed,2011_09_26/2011_09_26_drive_0039_sync,49,disturbance,9,49,0000000049.png,1,0.41944033309591733,0.2582551554049235,0.5496493994269084,gaussian_noise
learned_recurrent_error_zeroed,2011_09_26/2011_09_26_drive_0039_sync,49,disturbance,9,49,0000000049.png,2,0.44906036806695415,0.32062982696906106,0.664748228946299,gaussian_noise
learned_recurrent_error_zeroed,2011_09_26/2011_09_26_drive_0039_sync,49,disturbance,9,49,0000000049.png,3,0.8071741401092513,0.6747603460344276,0.5277602695611986,gaussian_noise
learned_recurrent_error_zeroed,2011_09_26/2011_09_26_drive_0039_sync,49,disturbance,9,49,0000000049.png,4,1.289285684098221,1.1922807319050532,0.39956534440050434,gaussian_noise
learned_recurrent_error_zeroed,2011_09_26/2011_09_26_drive_0039_sync,49,disturbance,9,49,0000000049.png,5,0.9435425346304593,0.9081385241331261,0.25345639339286336,gaussian_noise
learned_recurrent_error_zeroed,2011_09_26/2011_09_26_drive_0039_sync,50,disturbance,10,50,0000000050.png,1,0.42104622903611055,0.26291312500600295,0.5569273120057141,gaussian_noise
learned_recurrent_error_zeroed,2011_09_26/2011_09_26_drive_0039_sync,50,disturbance,10,50,0000000050.png,2,0.44605365758656135,0.32477771748978085,0.6750278523359412,gaussian_noise
learned_recurrent_error_zeroed,2011_09_26/2011_09_26_drive_0039_sync,50,disturbance,10,50,0000000050.png,3,0.8105297351545817,0.685120755776877,0.5411367815614959,gaussian_noise
learned_recurrent_error_zeroed,2011_09_26/2011_09_26_drive_0039_sync,50,disturbance,10,50,0000000050.png,4,1.2887846158736163,1.1982142901038781,0.4106474669619115,gaussian_noise
learned_recurrent_error_zeroed,2011_09_26/2011_09_26_drive_0039_sync,50,disturbance,10,50,0000000050.png,5,0.9424631700124628,0.91085031950652,0.26172831524938045,gaussian_noise
learned_recurrent_error_zeroed,2011_09_26/2011_09_26_drive_0039_sync,51,disturbance,11,51,0000000051.png,1,0.4192739476860802,0.26656135591403446,0.5620664086406648,gaussian_noise
learned_recurrent_error_zeroed,2011_09_26/2011_09_26_drive_0039_sync,51,disturbance,11,51,0000000051.png,2,0.4448848571183484,0.32797266941703307,0.6815089608996431,gaussian_noise
learned_recurrent_error_zeroed,2011_09_26/2011_09_26_drive_0039_sync,51,disturbance,11,51,0000000051.png,3,0.8103716052779786,0.6941212866458283,0.5514523119389485,gaussian_noise
learned_recurrent_error_zeroed,2011_09_26/2011_09_26_drive_0039_sync,51,disturbance,11,51,0000000051.png,4,1.2930764695299422,1.203764773290842,0.42103546354682897,gaussian_noise
learned_recurrent_error_zeroed,2011_09_26/2011_09_26_drive_0039_sync,51,disturbance,11,51,0000000051.png,5,0.9417293107205594,0.9131173906232558,0.2699200211321245,gaussian_noise
learned_recurrent_error_zeroed,2011_09_26/2011_09_26_drive_0039_sync,52,disturbance,12,52,0000000052.png,1,0.4183467710317343,0.269134391282398,0.5669543195760032,gaussian_noise
learned_recurrent_error_zeroed,2011_09_26/2011_09_26_drive_0039_sync,52,disturbance,12,52,0000000052.png,2,0.4451366182634307,0.33043269914526746,0.6867072376836308,gaussian_noise
learned_recurrent_error_zeroed,2011_09_26/2011_09_26_drive_0039_sync,52,disturbance,12,52,0000000052.png,3,0.8106747303362288,0.7018033047298878,0.557934074946279,gaussian_noise
learned_recurrent_error_zeroed,2011_09_26/2011_09_26_drive_0039_sync,52,disturbance,12,52,0000000052.png,4,1.2979002184342732,1.2096802381538276,0.42827351964262683,gaussian_noise
learned_recurrent_error_zeroed,2011_09_26/2011_09_26_drive_0039_sync,52,disturbance,12,52,0000000052.png,5,0.9415674323654661,0.915081749174108,0.2777764993569498,gaussian_noise
learned_recurrent_error_zeroed,2011_09_26/2011_09_26_drive_0039_sync,53,disturbance,13,53,0000000053.png,1,0.4180688760341073,0.2714192347484543,0.5682052949211956,gaussian_noise
learned_recurrent_error_zeroed,2011_09_26/2011_09_26_drive_0039_sync,53,disturbance,13,53,0000000053.png,2,0.4459785562895907,0.3325039283506835,0.6890821391114715,gaussian_noise
learned_recurrent_error_zeroed,2011_09_26/2011_09_26_drive_0039_sync,53,disturbance,13,53,0000000053.png,3,0.8142936389151693,0.7084980170167006,0.5612715494890667,gaussian_noise
learned_recurrent_error_zeroed,2011_09_26/2011_09_26_drive_0039_sync,53,disturbance,13,53,0000000053.png,4,1.3028626500714215,1.2160898673138971,0.4330512233321149,gaussian_noise
learned_recurrent_error_zeroed,2011_09_26/2011_09_26_drive_0039_sync,53,disturbance,13,53,0000000053.png,5,0.9421975641950717,0.91694461041047,0.28504475839697424,gaussian_noise
learned_recurrent_error_zeroed,2011_09_26/2011_09_26_drive_0039_sync,54,disturbance,14,54,0000000054.png,1,0.41516816504605175,0.27339508941110624,0.5636945782409503,gaussian_noise
learned_recurrent_error_zeroed,2011_09_26/2011_09_26_drive_0039_sync,54,disturbance,14,54,0000000054.png,2,0.44485296444172445,0.3338947294637165,0.6854007150939813,gaussian_noise
learned_recurrent_error_zeroed,2011_09_26/2011_09_26_drive_0039_sync,54,disturbance,14,54,0000000054.png,3,0.8225713585458655,0.7151081164410538,0.563501351713017,gaussian_noise
learned_recurrent_error_zeroed,2011_09_26/2011_09_26_drive_0039_sync,54,disturbance,14,54,0000000054.png,4,1.3112556655140806,1.2232148371023257,0.436494247921483,gaussian_noise
learned_recurrent_error_zeroed,2011_09_26/2011_09_26_drive_0039_sync,54,disturbance,14,54,0000000054.png,5,0.9447962664581607,0.9191135005730473,0.29175711450089303,gaussian_noise
learned_recurrent_error_zeroed,2011_09_26/2011_09_26_drive_0039_sync,55,disturbance,15,55,0000000055.png,1,0.4082751898420118,0.2739771734470576,0.5614492875506151,gaussian_noise
learned_recurrent_error_zeroed,2011_09_26/2011_09_26_drive_0039_sync,55,disturbance,15,55,0000000055.png,2,0.44479214179563514,0.33501121681698925,0.6807743698831583,gaussian_noise
learned_recurrent_error_zeroed,2011_09_26/2011_09_26_drive_0039_sync,55,disturbance,15,55,0000000055.png,3,0.835518786693796,0.7227808981891014,0.5657463454688447,gaussian_noise
learned_recurrent_error_zeroed,2011_09_26/2011_09_26_drive_0039_sync,55,disturbance,15,55,0000000055.png,4,1.3231201456471617,1.2311805144563237,0.4394944217586349,gaussian_noise
learned_recurrent_error_zeroed,2011_09_26/2011_09_26_drive_0039_sync,55,disturbance,15,55,0000000055.png,5,0.949588922221004,0.9218737368224962,0.2978073422207921,gaussian_noise
learned_recurrent_error_zeroed,2011_09_26/2011_09_26_drive_0039_sync,56,disturbance,16,56,0000000056.png,1,0.4076090297560512,0.2741500393726903,0.5570602391951016,gaussian_noise
learned_recurrent_error_zeroed,2011_09_26/2011_09_26_drive_0039_sync,56,disturbance,16,56,0000000056.png,2,0.44420024841045147,0.3358739015023752,0.6738895111089571,gaussian_noise
learned_recurrent_error_zeroed,2011_09_26/2011_09_26_drive_0039_sync,56,disturbance,16,56,0000000056.png,3,0.8462855443120102,0.7311423236159683,0.5676865458659829,gaussian_noise
learned_recurrent_error_zeroed,2011_09_26/2011_09_26_drive_0039_sync,56,disturbance,16,56,0000000056.png,4,1.3370518530882576,1.2400654739379684,0.44284659103733387,gaussian_noise
learned_recurrent_error_zeroed,2011_09_26/2011_09_26_drive_0039_sync,56,disturbance,16,56,0000000056.png,5,0.9559930104245992,0.9253397567964788,0.3031195918864921,gaussian_noise
learned_recurrent_error_zeroed,2011_09_26/2011_09_26_drive_0039_sync,57,disturbance,17,57,0000000057.png,1,0.4091256128594863,0.2748899326847602,0.5564940218759815,gaussian_noise
learned_recurrent_error_zeroed,2011_09_26/2011_09_26_drive_0039_sync,57,disturbance,17,57,0000000057.png,2,0.44539552457750214,0.336744604198579,0.6695647032985625,gaussian_noise
learned_recurrent_error_zeroed,2011_09_26/2011_09_26_drive_0039_sync,57,disturbance,17,57,0000000057.png,3,0.8552691124375269,0.7400127035507326,0.5687884108447032,gaussian_noise
learned_recurrent_error_zeroed,2011_09_26/2011_09_26_drive_0039_sync,57,disturbance,17,57,0000000057.png,4,1.3519967630400682,1.249927915072009,0.4462800312208549,gaussian_noise
learned_recurrent_error_zeroed,2011_09_26/2011_09_26_drive_0039_sync,57,disturbance,17,57,0000000057.png,5,0.9631174114370576,0.9294752287034285,0.3083318078544115,gaussian_noise
learned_recurrent_error_zeroed,2011_09_26/2011_09_26_drive_0039_sync,58,disturbance,18,58,0000000058.png,1,0.4118082083700502,0.2756222649631826,0.5602128311147843,gaussian_noise
learned_recurrent_error_zeroed,2011_09_26/2011_09_26_drive_0039_sync,58,disturbance,18,58,0000000058.png,2,0.44392352686474995,0.33721711992586656,0.672789276192526,gaussian_noise
learned_recurrent_error_zeroed,2011_09_26/2011_09_26_drive_0039_sync,58,disturbance,18,58,0000000058.png,3,0.8556724239563032,0.7479696722114408,0.5710212961941402,gaussian_noise
learned_recurrent_error_zeroed,2011_09_26/2011_09_26_drive_0039_sync,58,disturbance,18,58,0000000058.png,4,1.3631774297031112,1.2605280249072717,0.4500160182887639,gaussian_noise
learned_recurrent_error_zeroed,2011_09_26/2011_09_26_drive_0039_sync,58,disturbance,18,58,0000000058.png,5,0.9692516176815489,0.9340328725039024,0.31347008963086376,gaussian_noise
learned_recurrent_error_zeroed,2011_09_26/2011_09_26_drive_0039_sync,59,disturbance,19,59,0000000059.png,1,0.41592064139752766,0.2765063735662535,0.5714563893718154,gaussian_noise
learned_recurrent_error_zeroed,2011_09_26/2011_09_26_drive_0039_sync,59,disturbance,19,59,0000000059.png,2,0.4447821127707295,0.3373505753904484,0.6869122914494056,gaussian_noise
learned_recurrent_error_zeroed,2011_09_26/2011_09_26_drive_0039_sync,59,disturbance,19,59,0000000059.png,3,0.8456052823147663,0.7531671299568958,0.5746185052721372,gaussian_noise
learned_recurrent_error_zeroed,2011_09_26/2011_09_26_drive_0039_sync,59,disturbance,19,59,0000000059.png,4,1.3609891898843227,1.269971938040945,0.45281389877568484,gaussian_noise
learned_recurrent_error_zeroed,2011_09_26/2011_09_26_drive_0039_sync,59,disturbance,19,59,0000000059.png,5,0.9721224787112097,0.938539116677666,0.31715825891748356,gaussian_noise
learned_recurrent_error_zeroed,2011_09_26/2011_09_26_drive_0039_sync,60,disturbance,20,60,0000000060.png,1,0.4222361681254554,0.27867563799031486,0.5860971150206175,gaussian_noise
learned_recurrent_error_zeroed,2011_09_26/2011_09_26_drive_0039_sync,60,disturbance,20,60,0000000060.png,2,0.445974016089237,0.3375737650204838,0.7044895954506595,gaussian_noise
learned_recurrent_error_zeroed,2011_09_26/2011_09_26_drive_0039_sync,60,disturbance,20,60,0000000060.png,3,0.8307960839253666,0.7545602172943532,0.577751455036363,gaussian_noise
learned_recurrent_error_zeroed,2011_09_26/2011_09_26_drive_0039_sync,60,disturbance,20,60,0000000060.png,4,1.3430204278882165,1.2752565774505844,0.4526526029396707,gaussian_noise
learned_recurrent_error_zeroed,2011_09_26/2011_09_26_drive_0039_sync,60,disturbance,20,60,0000000060.png,5,0.9703466095993326,0.9422518894423962,0.3175188515326602,gaussian_noise
learned_recurrent_error_zeroed,2011_09_26/2011_09_26_drive_0039_sync,61,disturbance,21,61,0000000061.png,1,0.4254093017712124,0.2815991757422125,0.5955438965244774,gaussian_noise
learned_recurrent_error_zeroed,2011_09_26/2011_09_26_drive_0039_sync,61,disturbance,21,61,0000000061.png,2,0.44577858529917785,0.3376643773949923,0.7221524190045877,gaussian_noise
learned_recurrent_error_zeroed,2011_09_26/2011_09_26_drive_0039_sync,61,disturbance,21,61,0000000061.png,3,0.818442596226972,0.752746608830751,0.5803122205574099,gaussian_noise
learned_recurrent_error_zeroed,2011_09_26/2011_09_26_drive_0039_sync,61,disturbance,21,61,0000000061.png,4,1.3179478438018097,1.274441369965095,0.4486402354611757,gaussian_noise
learned_recurrent_error_zeroed,2011_09_26/2011_09_26_drive_0039_sync,61,disturbance,21,61,0000000061.png,5,0.9642658883983963,0.9442793763985502,0.31319087449645827,gaussian_noise
learned_recurrent_error_zeroed,2011_09_26/2011_09_26_drive_0039_sync,62,disturbance,22,62,0000000062.png,1,0.4247666599478211,0.2847664379538278,0.5942779927487901,gaussian_noise
learned_recurrent_error_zeroed,2011_09_26/2011_09_26_drive_0039_sync,62,disturbance,22,62,0000000062.png,2,0.44577880832949945,0.33792603182525127,0.7283706000767791,gaussian_noise
learned_recurrent_error_zeroed,2011_09_26/2011_09_26_drive_0039_sync,62,disturbance,22,62,0000000062.png,3,0.8169306301701165,0.7493510466123956,0.5823000212977301,gaussian_noise
learned_recurrent_error_zeroed,2011_09_26/2011_09_26_drive_0039_sync,62,disturbance,22,62,0000000062.png,4,1.2982416258325484,1.26819994810908,0.44279931677270123,gaussian_noise
learned_recurrent_error_zeroed,2011_09_26/2011_09_26_drive_0039_sync,62,disturbance,22,62,0000000062.png,5,0.9577076311534866,0.9444493214552753,0.30764748611884296,gaussian_noise
learned_recurrent_error_zeroed,2011_09_26/2011_09_26_drive_0039_sync,63,disturbance,23,63,0000000063.png,1,0.4303740499049083,0.2864972257632804,0.5984172978409004,gaussian_noise
learned_recurrent_error_zeroed,2011_09_26/2011_09_26_drive_0039_sync,63,disturbance,23,63,0000000063.png,2,0.442033874285697,0.33771371048405957,0.7355134387872823,gaussian_noise
learned_recurrent_error_zeroed,2011_09_26/2011_09_26_drive_0039_sync,63,disturbance,23,63,0000000063.png,3,0.8076296925190475,0.7454326540439357,0.5822501796549046,gaussian_noise
learned_recurrent_error_zeroed,2011_09_26/2011_09_26_drive_0039_sync,63,disturbance,23,63,0000000063.png,4,1.2925420469833893,1.2609080519121516,0.4386791748394221,gaussian_noise
learned_recurrent_error_zeroed,2011_09_26/2011_09_26_drive_0039_sync,63,disturbance,23,63,0000000063.png,5,0.9538160933628244,0.943521909211899,0.3045046189048983,gaussian_noise
learned_recurrent_error_zeroed,2011_09_26/2011_09_26_drive_0039_sync,64,disturbance,24,64,0000000064.png,1,0.44293997133019214,0.28843877170365323,0.6062584104122137,gaussian_noise
learned_recurrent_error_zeroed,2011_09_26/2011_09_26_drive_0039_sync,64,disturbance,24,64,0000000064.png,2,0.4434097563485713,0.3374493890494616,0.7469066437824485,gaussian_noise
learned_recurrent_error_zeroed,2011_09_26/2011_09_26_drive_0039_sync,64,disturbance,24,64,0000000064.png,3,0.7966219037294249,0.7410032035928598,0.5793911907170659,gaussian_noise
learned_recurrent_error_zeroed,2011_09_26/2011_09_26_drive_0039_sync,64,disturbance,24,64,0000000064.png,4,1.286273974698246,1.254462363525874,0.43597426910532444,gaussian_noise
learned_recurrent_error_zeroed,2011_09_26/2011_09_26_drive_0039_sync,64,disturbance,24,64,0000000064.png,5,0.9518157856206282,0.94223397516107,0.30367633172573677,gaussian_noise
learned_recurrent_error_zeroed,2011_09_26/2011_09_26_drive_0039_sync,65,disturbance,25,65,0000000065.png,1,0.4388281531434149,0.29253932989834147,0.600925950732793,gaussian_noise
learned_recurrent_error_zeroed,2011_09_26/2011_09_26_drive_0039_sync,65,disturbance,25,65,0000000065.png,2,0.44258506274808107,0.337351905515334,0.7475092312078144,gaussian_noise
learned_recurrent_error_zeroed,2011_09_26/2011_09_26_drive_0039_sync,65,disturbance,25,65,0000000065.png,3,0.7980889458291742,0.7368800366079347,0.5765304420316565,gaussian_noise
learned_recurrent_error_zeroed,2011_09_26/2011_09_26_drive_0039_sync,65,disturbance,25,65,0000000065.png,4,1.2803615868599318,1.2489456822277838,0.4348769854349846,gaussian_noise
learned_recurrent_error_zeroed,2011_09_26/2011_09_26_drive_0039_sync,65,disturbance,25,65,0000000065.png,5,0.9505810105004663,0.9410050023599601,0.3042662335862665,gaussian_noise
learned_recurrent_error_zeroed,2011_09_26/2011_09_26_drive_0039_sync,66,disturbance,26,66,0000000066.png,1,0.44550474315296545,0.29702281802941793,0.6045600150935937,gaussian_noise
learned_recurrent_error_zeroed,2011_09_26/2011_09_26_drive_0039_sync,66,disturbance,26,66,0000000066.png,2,0.4400730742066636,0.33682506988286337,0.7508079197680373,gaussian_noise
learned_recurrent_error_zeroed,2011_09_26/2011_09_26_drive_0039_sync,66,disturbance,26,66,0000000066.png,3,0.7968591041321219,0.7338700050912381,0.5767510171622892,gaussian_noise
learned_recurrent_error_zeroed,2011_09_26/2011_09_26_drive_0039_sync,66,disturbance,26,66,0000000066.png,4,1.2812498402709667,1.2448684875670688,0.43652263299294486,gaussian_noise
learned_recurrent_error_zeroed,2011_09_26/2011_09_26_drive_0039_sync,66,disturbance,26,66,0000000066.png,5,0.9500545456414078,0.9400317163782498,0.30534430737930995,gaussian_noise
learned_recurrent_error_zeroed,2011_09_26/2011_09_26_drive_0039_sync,67,disturbance,27,67,0000000067.png,1,0.4363200480839924,0.2988949032341397,0.6047101794302798,gaussian_noise
learned_recurrent_error_zeroed,2011_09_26/2011_09_26_drive_0039_sync,67,disturbance,27,67,0000000067.png,2,0.43968528487074143,0.3363984744672797,0.7538610784923675,gaussian_noise
learned_recurrent_error_zeroed,2011_09_26/2011_09_26_drive_0039_sync,67,disturbance,27,67,0000000067.png,3,0.7956530549512479,0.7316344336010541,0.5772880581311745,gaussian_noise
learned_recurrent_error_zeroed,2011_09_26/2011_09_26_drive_0039_sync,67,disturbance,27,67,0000000067.png,4,1.2844606980098154,1.2425794347155286,0.4395988412187936,gaussian_noise
learned_recurrent_error_zeroed,2011_09_26/2011_09_26_drive_0039_sync,67,disturbance,27,67,0000000067.png,5,0.9500713082752271,0.9394205586194051,0.3061259108105026,gaussian_noise
learned_recurrent_error_zeroed,2011_09_26/2011_09_26_drive_0039_sync,68,disturbance,28,68,0000000068.png,1,0.4305676058320388,0.3001463192082595,0.5947111419744409,gaussian_noise
learned_recurrent_error_zeroed,2011_09_26/2011_09_26_drive_0039_sync,68,disturbance,28,68,0000000068.png,2,0.4395174136389975,0.336212178597891,0.7454064842344669,gaussian_noise
learned_recurrent_error_zeroed,2011_09_26/2011_09_26_drive_0039_sync,68,disturbance,28,68,0000000068.png,3,0.8049865830609393,0.7308381414428844,0.5769545084108162,gaussian_noise
learned_recurrent_error_zeroed,2011_09_26/2011_09_26_drive_0039_sync,68,disturbance,28,68,0000000068.png,4,1.2905798227559087,1.241784857751974,0.4416774472226967,gaussian_noise
learned_recurrent_error_zeroed,2011_09_26/2011_09_26_drive_0039_sync,68,disturbance,28,68,0000000068.png,5,0.9504456060830879,0.9392111584428524,0.3064605872654706,gaussian_noise
learned_recurrent_error_zeroed,2011_09_26/2011_09_26_drive_0039_sync,69,disturbance,29,69,0000000069.png,1,0.4303168589941061,0.2998096762384672,0.5929753383075734,gaussian_noise
learned_recurrent_error_zeroed,2011_09_26/2011_09_26_drive_0039_sync,69,disturbance,29,69,0000000069.png,2,0.4382455308544101,0.33577886214159014,0.7375222807480728,gaussian_noise
learned_recurrent_error_zeroed,2011_09_26/2011_09_26_drive_0039_sync,69,disturbance,29,69,0000000069.png,3,0.8115328947158305,0.7315723148894883,0.5771236565641193,gaussian_noise
learned_recurrent_error_zeroed,2011_09_26/2011_09_26_drive_0039_sync,69,disturbance,29,69,0000000069.png,4,1.300474462390128,1.242592368391624,0.4434516407685372,gaussian_noise
learned_recurrent_error_zeroed,2011_09_26/2011_09_26_drive_0039_sync,69,disturbance,29,69,0000000069.png,5,0.9519766518116051,0.9393803544561452,0.30773174692572625,gaussian_noise
learned_recurrent_error_zeroed,2011_09_26/2011_09_26_drive_0039_sync,70,disturbance,30,70,0000000070.png,1,0.43009338492026045,0.2995996279904758,0.5889367493139442,gaussian_noise
learned_recurrent_error_zeroed,2011_09_26/2011_09_26_drive_0039_sync,70,disturbance,30,70,0000000070.png,2,0.4394291214125564,0.33552748095949375,0.7312953386962344,gaussian_noise
learned_recurrent_error_zeroed,2011_09_26/2011_09_26_drive_0039_sync,70,disturbance,30,70,0000000070.png,3,0.8158123671923835,0.7332361839298656,0.577283644048325,gaussian_noise
learned_recurrent_error_zeroed,2011_09_26/2011_09_26_drive_0039_sync,70,disturbance,30,70,0000000070.png,4,1.3110723738946317,1.2451153808763589,0.4458097068383109,gaussian_noise
learned_recurrent_error_zeroed,2011_09_26/2011_09_26_drive_0039_sync,70,disturbance,30,70,0000000070.png,5,0.9552833573856961,0.940011533255793,0.31129220481091224,gaussian_noise
learned_recurrent_error_zeroed,2011_09_26/2011_09_26_drive_0039_sync,71,disturbance,31,71,0000000071.png,1,0.4276423018063876,0.2989987375771491,0.580760453165741,gaussian_noise
learned_recurrent_error_zeroed,2011_09_26/2011_09_26_drive_0039_sync,71,disturbance,31,71,0000000071.png,2,0.4405669774226341,0.3354573431728276,0.7224472893894842,gaussian_noise
learned_recurrent_error_zeroed,2011_09_26/2011_09_26_drive_0039_sync,71,disturbance,31,71,0000000071.png,3,0.8237263345758745,0.735803458509008,0.5774423032413406,gaussian_noise
learned_recurrent_error_zeroed,2011_09_26/2011_09_26_drive_0039_sync,71,disturbance,31,71,0000000071.png,4,1.3208694333652955,1.2489514912514592,0.44766830902310273,gaussian_noise
learned_recurrent_error_zeroed,2011_09_26/2011_09_26_drive_0039_sync,71,disturbance,31,71,0000000071.png,5,0.9591415912238346,0.9410771698847157,0.31667920805127664,gaussian_noise
learned_recurrent_error_zeroed,2011_09_26/2011_09_26_drive_0039_sync,72,disturbance,32,72,0000000072.png,1,0.4270553293066856,0.2979728741888887,0.5736255015271119,gaussian_noise
learned_recurrent_error_zeroed,2011_09_26/2011_09_26_drive_0039_sync,72,disturbance,32,72,0000000072.png,2,0.4406171989218565,0.33544195228532075,0.7109395379986163,gaussian_noise
learned_recurrent_error_zeroed,2011_09_26/2011_09_26_drive_0039_sync,72,disturbance,32,72,0000000072.png,3,0.8334077605568126,0.7394158369348114,0.5773006856749192,gaussian_noise
learned_recurrent_error_zeroed,2011_09_26/2011_09_26_drive_0039_sync,72,disturbance,32,72,0000000072.png,4,1.332393180776787,1.2538748068974694,0.4485007635436732,gaussian_noise
learned_recurrent_error_zeroed,2011_09_26/2011_09_26_drive_0039_sync,72,disturbance,32,72,0000000072.png,5,0.9627323896620029,0.9424690084463573,0.3222627913635031,gaussian_noise
learned_recurrent_error_zeroed,2011_09_26/2011_09_26_drive_0039_sync,73,disturbance,33,73,0000000073.png,1,0.4320415892723183,0.2978853053770734,0.5684017127017681,gaussian_noise
learned_recurrent_error_zeroed,2011_09_26/2011_09_26_drive_0039_sync,73,disturbance,33,73,0000000073.png,2,0.44041675383044615,0.33539901204741934,0.7012424035284796,gaussian_noise
learned_recurrent_error_zeroed,2011_09_26/2011_09_26_drive_0039_sync,73,disturbance,33,73,0000000073.png,3,0.8403869246433501,0.7439421321217337,0.5782044607836547,gaussian_noise
learned_recurrent_error_zeroed,2011_09_26/2011_09_26_drive_0039_sync,73,disturbance,33,73,0000000073.png,4,1.3443132274606544,1.259834974956132,0.44968289344472084,gaussian_noise
learned_recurrent_error_zeroed,2011_09_26/2011_09_26_drive_0039_sync,73,disturbance,33,73,0000000073.png,5,0.9655638162232147,0.9440270097719488,0.32777004579676566,gaussian_noise
learned_recurrent_error_zeroed,2011_09_26/2011_09_26_drive_0039_sync,74,disturbance,34,74,0000000074.png,1,0.43518871551931504,0.2970654686391314,0.5763955523211679,gaussian_noise
learned_recurrent_error_zeroed,2011_09_26/2011_09_26_drive_0039_sync,74,disturbance,34,74,0000000074.png,2,0.44557139261458284,0.33557841333898275,0.7079168095309842,gaussian_noise
learned_recurrent_error_zeroed,2011_09_26/2011_09_26_drive_0039_sync,74,disturbance,34,74,0000000074.png,3,0.8314700197068615,0.7472456398857165,0.5813753011076663,gaussian_noise
learned_recurrent_error_zeroed,2011_09_26/2011_09_26_drive_0039_sync,74,disturbance,34,74,0000000074.png,4,1.3457786962921867,1.266173006063252,0.45235443366581163,gaussian_noise
learned_recurrent_error_zeroed,2011_09_26/2011_09_26_drive_0039_sync,74,disturbance,34,74,0000000074.png,5,0.9664874512112144,0.9456195155254754,0.3326624588602499,gaussian_noise
learned_recurrent_error_zeroed,2011_09_26/2011_09_26_drive_0039_sync,75,disturbance,35,75,0000000075.png,1,0.4283464155589732,0.2944174470565573,0.5868395652637253,gaussian_noise
learned_recurrent_error_zeroed,2011_09_26/2011_09_26_drive_0039_sync,75,disturbance,35,75,0000000075.png,2,0.44805014308290914,0.3360192054679034,0.7225781421484325,gaussian_noise
learned_recurrent_error_zeroed,2011_09_26/2011_09_26_drive_0039_sync,75,disturbance,35,75,0000000075.png,3,0.8180563024916832,0.7475688674835914,0.5819227400090323,gaussian_noise
learned_recurrent_error_zeroed,2011_09_26/2011_09_26_drive_0039_sync,75,disturbance,35,75,0000000075.png,4,1.3317322078291811,1.2701425172804879,0.45251173096176467,gaussian_noise
learned_recurrent_error_zeroed,2011_09_26/2011_09_26_drive_0039_sync,75,disturbance,35,75,0000000075.png,5,0.9638984182541825,0.9467645979466776,0.33529270713269876,gaussian_noise
learned_recurrent_error_zeroed,2011_09_26/2011_09_26_drive_0039_sync,76,disturbance,36,76,0000000076.png,1,0.4163445083460157,0.29082578867130576,0.5872492008772046,gaussian_noise
learned_recurrent_error_zeroed,2011_09_26/2011_09_26_drive_0039_sync,76,disturbance,36,76,0000000076.png,2,0.44916775469874337,0.3368534278936059,0.7306395274704611,gaussian_noise
learned_recurrent_error_zeroed,2011_09_26/2011_09_26_drive_0039_sync,76,disturbance,36,76,0000000076.png,3,0.8141330679301085,0.7459117114698139,0.5807079226729773,gaussian_noise
learned_recurrent_error_zeroed,2011_09_26/2011_09_26_drive_0039_sync,76,disturbance,36,76,0000000076.png,4,1.31301933054238,1.2698387734986978,0.4505887718767264,gaussian_noise
learned_recurrent_error_zeroed,2011_09_26/2011_09_26_drive_0039_sync,76,disturbance,36,76,0000000076.png,5,0.9588065596247541,0.9469008460907582,0.3357733790683115,gaussian_noise
learned_recurrent_error_zeroed,2011_09_26/2011_09_26_drive_0039_sync,77,disturbance,37,77,0000000077.png,1,0.41197962207726996,0.2854535240864789,0.5885172366365983,gaussian_noise
learned_recurrent_error_zeroed,2011_09_26/2011_09_26_drive_0039_sync,77,disturbance,37,77,0000000077.png,2,0.4479821233724991,0.33768452100018054,0.7349427448665987,gaussian_noise
learned_recurrent_error_zeroed,2011_09_26/2011_09_26_drive_0039_sync,77,disturbance,37,77,0000000077.png,3,0.8088659191071413,0.7435777015620776,0.5798496546960862,gaussian_noise
learned_recurrent_error_zeroed,2011_09_26/2011_09_26_drive_0039_sync,77,disturbance,37,77,0000000077.png,4,1.3020972863938423,1.2665608231316632,0.44887923280064457,gaussian_noise
learned_recurrent_error_zeroed,2011_09_26/2011_09_26_drive_0039_sync,77,disturbance,37,77,0000000077.png,5,0.9538460559845116,0.9459108293345952,0.3355411447274174,gaussian_noise
learned_recurrent_error_zeroed,2011_09_26/2011_09_26_drive_0039_sync,78,disturbance,38,78,0000000078.png,1,0.4125917722906456,0.2803737450681288,0.5889820668213067,gaussian_noise
learned_recurrent_error_zeroed,2011_09_26/2011_09_26_drive_0039_sync,78,disturbance,38,78,0000000078.png,2,0.4489046469227732,0.33860704284003595,0.7355416897295478,gaussian_noise
learned_recurrent_error_zeroed,2011_09_26/2011_09_26_drive_0039_sync,78,disturbance,38,78,0000000078.png,3,0.804587455731516,0.7413505393372837,0.5793068204814784,gaussian_noise
learned_recurrent_error_zeroed,2011_09_26/2011_09_26_drive_0039_sync,78,disturbance,38,78,0000000078.png,4,1.2962277835992428,1.2623208469776879,0.4479228983921173,gaussian_noise
learned_recurrent_error_zeroed,2011_09_26/2011_09_26_drive_0039_sync,78,disturbance,38,78,0000000078.png,5,0.9503812181243312,0.9441751476881886,0.3354754494986461,gaussian_noise
learned_recurrent_error_zeroed,2011_09_26/2011_09_26_drive_0039_sync,79,disturbance,39,79,0000000079.png,1,0.40697023816911976,0.27660274410474217,0.5829059310214704,gaussian_noise
learned_recurrent_error_zeroed,2011_09_26/2011_09_26_drive_0039_sync,79,disturbance,39,79,0000000079.png,2,0.44876820900969444,0.33955652871651565,0.7279389195506867,gaussian_noise
learned_recurrent_error_zeroed,2011_09_26/2011_09_26_drive_0039_sync,79,disturbance,39,79,0000000079.png,3,0.8134262056961368,0.7404840784626177,0.57901942888453,gaussian_noise
learned_recurrent_error_zeroed,2011_09_26/2011_09_26_drive_0039_sync,79,disturbance,39,79,0000000079.png,4,1.2963722113685374,1.2586492561874507,0.44777968772495147,gaussian_noise
learned_recurrent_error_zeroed,2011_09_26/2011_09_26_drive_0039_sync,79,disturbance,39,79,0000000079.png,5,0.9496578406271831,0.9423692148900935,0.33689301453895804,gaussian_noise
learned_recurrent_error_zeroed,2011_09_26/2011_09_26_drive_0039_sync,80,disturbance,40,80,0000000080.png,1,0.40780561130869,0.2739056055558897,0.5771608242527059,gaussian_noise
learned_recurrent_error_zeroed,2011_09_26/2011_09_26_drive_0039_sync,80,disturbance,40,80,0000000080.png,2,0.4482894981514317,0.3403085740940301,0.7168474226731916,gaussian_noise
learned_recurrent_error_zeroed,2011_09_26/2011_09_26_drive_0039_sync,80,disturbance,40,80,0000000080.png,3,0.8257519662807729,0.7415119541203573,0.5795660635480683,gaussian_noise
learned_recurrent_error_zeroed,2011_09_26/2011_09_26_drive_0039_sync,80,disturbance,40,80,0000000080.png,4,1.3011321472163673,1.256205917739296,0.44877279503202605,gaussian_noise
learned_recurrent_error_zeroed,2011_09_26/2011_09_26_drive_0039_sync,80,disturbance,40,80,0000000080.png,5,0.9510590182940301,0.9410160654478184,0.339646596173208,gaussian_noise
learned_recurrent_error_zeroed,2011_09_26/2011_09_26_drive_0039_sync,81,disturbance,41,81,0000000081.png,1,0.41985796993752056,0.27397137771056224,0.573493759483999,gaussian_noise
learned_recurrent_error_zeroed,2011_09_26/2011_09_26_drive_0039_sync,81,disturbance,41,81,0000000081.png,2,0.4481253630107728,0.34062773455696743,0.7103226724934201,gaussian_noise
learned_recurrent_error_zeroed,2011_09_26/2011_09_26_drive_0039_sync,81,disturbance,41,81,0000000081.png,3,0.8300679728368713,0.7436862600215467,0.5807330501211051,gaussian_noise
learned_recurrent_error_zeroed,2011_09_26/2011_09_26_drive_0039_sync,81,disturbance,41,81,0000000081.png,4,1.308972213009016,1.2556063691375585,0.45088475438237796,gaussian_noise
learned_recurrent_error_zeroed,2011_09_26/2011_09_26_drive_0039_sync,81,disturbance,41,81,0000000081.png,5,0.9539491797424777,0.9404409786435082,0.3430583020119862,gaussian_noise
learned_recurrent_error_zeroed,2011_09_26/2011_09_26_drive_0039_sync,82,disturbance,42,82,0000000082.png,1,0.42106760681656563,0.27285683885960854,0.5750652502655677,gaussian_noise
learned_recurrent_error_zeroed,2011_09_26/2011_09_26_drive_0039_sync,82,disturbance,42,82,0000000082.png,2,0.44939597707650647,0.3409745306673368,0.7133174740858044,gaussian_noise
learned_recurrent_error_zeroed,2011_09_26/2011_09_26_drive_0039_sync,82,disturbance,42,82,0000000082.png,3,0.825133658585719,0.7455683979064218,0.5816975672138509,gaussian_noise
learned_recurrent_error_zeroed,2011_09_26/2011_09_26_drive_0039_sync,82,disturbance,42,82,0000000082.png,4,1.3121355108531703,1.2566055095753978,0.4527333894424226,gaussian_noise
learned_recurrent_error_zeroed,2011_09_26/2011_09_26_drive_0039_sync,82,disturbance,42,82,0000000082.png,5,0.956555346902585,0.9406079127394739,0.347734606168501,gaussian_noise
learned_recurrent_error_zeroed,2011_09_26/2011_09_26_drive_0039_sync,83,disturbance,43,83,0000000083.png,1,0.4181224474084492,0.27167171350910935,0.5809637998345886,gaussian_noise
learned_recurrent_error_zeroed,2011_09_26/2011_09_26_drive_0039_sync,83,disturbance,43,83,0000000083.png,2,0.4493416374933189,0.34129526691995393,0.7215760111987699,gaussian_noise
learned_recurrent_error_zeroed,2011_09_26/2011_09_26_drive_0039_sync,83,disturbance,43,83,0000000083.png,3,0.8193299791099163,0.7462513040868974,0.5796507412348815,gaussian_noise
learned_recurrent_error_zeroed,2011_09_26/2011_09_26_drive_0039_sync,83,disturbance,43,83,0000000083.png,4,1.3074807687650873,1.2575670482470835,0.45261020454567913,gaussian_noise
learned_recurrent_error_zeroed,2011_09_26/2011_09_26_drive_0039_sync,83,disturbance,43,83,0000000083.png,5,0.957544752012839,0.9411980268529212,0.35288299586387184,gaussian_noise
learned_recurrent_error_zeroed,2011_09_26/2011_09_26_drive_0039_sync,84,disturbance,44,84,0000000084.png,1,0.4133736470057616,0.27186560374261504,0.5807140322804972,gaussian_noise
learned_recurrent_error_zeroed,2011_09_26/2011_09_26_drive_0039_sync,84,disturbance,44,84,0000000084.png,2,0.44685514910268637,0.34148387172965633,0.7239735115814967,gaussian_noise
learned_recurrent_error_zeroed,2011_09_26/2011_09_26_drive_0039_sync,84,disturbance,44,84,0000000084.png,3,0.8250711060071706,0.7471917686246897,0.5803676419409751,gaussian_noise
learned_recurrent_error_zeroed,2011_09_26/2011_09_26_drive_0039_sync,84,disturbance,44,84,0000000084.png,4,1.3062465004816997,1.258396914125608,0.4522982041126414,gaussian_noise
learned_recurrent_error_zeroed,2011_09_26/2011_09_26_drive_0039_sync,84,disturbance,44,84,0000000084.png,5,0.9582417569273141,0.9421296342865683,0.35791519473525657,gaussian_noise
learned_recurrent_error_zeroed,2011_09_26/2011_09_26_drive_0039_sync,85,disturbance,45,85,0000000085.png,1,0.4187013687379125,0.2726966218696261,0.582356383056243,gaussian_noise
learned_recurrent_error_zeroed,2011_09_26/2011_09_26_drive_0039_sync,85,disturbance,45,85,0000000085.png,2,0.4448312517529793,0.34145339803267555,0.7274530410746426,gaussian_noise
learned_recurrent_error_zeroed,2011_09_26/2011_09_26_drive_0039_sync,85,disturbance,45,85,0000000085.png,3,0.8241833387775381,0.7489852769923323,0.5822183874579653,gaussian_noise
learned_recurrent_error_zeroed,2011_09_26/2011_09_26_drive_0039_sync,85,disturbance,45,85,0000000085.png,4,1.308591714592208,1.26000512634065,0.45306438770583013,gaussian_noise
learned_recurrent_error_zeroed,2011_09_26/2011_09_26_drive_0039_sync,85,disturbance,45,85,0000000085.png,5,0.9587348961255415,0.9433216953082337,0.3631665876461406,gaussian_noise
learned_recurrent_error_zeroed,2011_09_26/2011_09_26_drive_0039_sync,86,disturbance,46,86,0000000086.png,1,0.4266570598173031,0.2733702298196486,0.5928037127316564,gaussian_noise
learned_recurrent_error_zeroed,2011_09_26/2011_09_26_drive_0039_sync,86,disturbance,46,86,0000000086.png,2,0.4476301754406741,0.3412228063961938,0.7395468532492446,gaussian_noise
learned_recurrent_error_zeroed,2011_09_26/2011_09_26_drive_0039_sync,86,disturbance,46,86,0000000086.png,3,0.8159978568955364,0.7489390589933803,0.5816447776838357,gaussian_noise
learned_recurrent_error_zeroed,2011_09_26/2011_09_26_drive_0039_sync,86,disturbance,46,86,0000000086.png,4,1.3004860988546905,1.260832116243062,0.4519631861943804,gaussian_noise
learned_recurrent_error_zeroed,2011_09_26/2011_09_26_drive_0039_sync,86,disturbance,46,86,0000000086.png,5,0.9565880232826621,0.9441902249812263,0.36681640673326044,gaussian_noise
learned_recurrent_error_zeroed,2011_09_26/2011_09_26_drive_0039_sync,87,disturbance,47,87,0000000087.png,1,0.43078865155412494,0.2755609462080627,0.5986952980413968,gaussian_noise
learned_recurrent_error_zeroed,2011_09_26/2011_09_26_drive_0039_sync,87,disturbance,47,87,0000000087.png,2,0.44825205973780274,0.34095108568864935,0.7515360068089186,gaussian_noise
learned_recurrent_error_zeroed,2011_09_26/2011_09_26_drive_0039_sync,87,disturbance,47,87,0000000087.png,3,0.8088842208294058,0.7467947607017394,0.5797673452805577,gaussian_noise
learned_recurrent_error_zeroed,2011_09_26/2011_09_26_drive_0039_sync,87,disturbance,47,87,0000000087.png,4,1.2853509709273336,1.2586116339408961,0.44896284010899873,gaussian_noise
learned_recurrent_error_zeroed,2011_09_26/2011_09_26_drive_0039_sync,87,disturbance,47,87,0000000087.png,5,0.9516452463780835,0.944005953360632,0.3691235811991373,gaussian_noise
learned_recurrent_error_zeroed,2011_09_26/2011_09_26_drive_0039_sync,88,disturbance,48,88,0000000088.png,1,0.4362485922885809,0.2796436578833187,0.5905134077508245,gaussian_noise
learned_recurrent_error_zeroed,2011_09_26/2011_09_26_drive_0039_sync,88,disturbance,48,88,0000000088.png,2,0.4488294108554919,0.34081185001683223,0.7485666889466707,gaussian_noise
learned_recurrent_error_zeroed,2011_09_26/2011_09_26_drive_0039_sync,88,disturbance,48,88,0000000088.png,3,0.8136778571816581,0.7441512974634611,0.5761492230983914,gaussian_noise
learned_recurrent_error_zeroed,2011_09_26/2011_09_26_drive_0039_sync,88,disturbance,48,88,0000000088.png,4,1.2722193618076019,1.2528011027757695,0.4448432422387886,gaussian_noise
learned_recurrent_error_zeroed,2011_09_26/2011_09_26_drive_0039_sync,88,disturbance,48,88,0000000088.png,5,0.9468808702430596,0.9427100608285397,0.37101014224889506,gaussian_noise
learned_recurrent_error_zeroed,2011_09_26/2011_09_26_drive_0039_sync,89,disturbance,49,89,0000000089.png,1,0.4424468461245773,0.281308065032707,0.5926644744183025,gaussian_noise
learned_recurrent_error_zeroed,2011_09_26/2011_09_26_drive_0039_sync,89,disturbance,49,89,0000000089.png,2,0.4477639364191004,0.3405889189607202,0.7494372707411006,gaussian_noise
learned_recurrent_error_zeroed,2011_09_26/2011_09_26_drive_0039_sync,89,disturbance,49,89,0000000089.png,3,0.8046649490993119,0.7414141784958886,0.5750300676770551,gaussian_noise
learned_recurrent_error_zeroed,2011_09_26/2011_09_26_drive_0039_sync,89,disturbance,49,89,0000000089.png,4,1.2696196619956912,1.2468576055091127,0.44286872020000007,gaussian_noise
learned_recurrent_error_zeroed,2011_09_26/2011_09_26_drive_0039_sync,89,disturbance,49,89,0000000089.png,5,0.9446816138310763,0.9409588712814769,0.37380010643072303,gaussian_noise
learned_recurrent_error_zeroed,2011_09_26/2011_09_26_drive_0039_sync,90,disturbance,50,90,0000000090.png,1,0.4303441101504505,0.2802571009620622,0.5949322971701994,gaussian_noise
learned_recurrent_error_zeroed,2011_09_26/2011_09_26_drive_0039_sync,90,disturbance,50,90,0000000090.png,2,0.44545727396543594,0.340574238450225,0.7503966514520951,gaussian_noise
learned_recurrent_error_zeroed,2011_09_26/2011_09_26_drive_0039_sync,90,disturbance,50,90,0000000090.png,3,0.7975909432695029,0.7391472505880887,0.5735342881902575,gaussian_noise
learned_recurrent_error_zeroed,2011_09_26/2011_09_26_drive_0039_sync,90,disturbance,50,90,0000000090.png,4,1.2693440693489475,1.2429161594409135,0.4431370313439731,gaussian_noise
learned_recurrent_error_zeroed,2011_09_26/2011_09_26_drive_0039_sync,90,disturbance,50,90,0000000090.png,5,0.9443351167940037,0.9394108278849421,0.3774754190842002,gaussian_noise
learned_recurrent_error_zeroed,2011_09_26/2011_09_26_drive_0039_sync,91,disturbance,51,91,0000000091.png,1,0.4249162187939781,0.2806186355129525,0.5938380129761336,gaussian_noise
learned_recurrent_error_zeroed,2011_09_26/2011_09_26_drive_0039_sync,91,disturbance,51,91,0000000091.png,2,0.44505102193985546,0.34076973208620936,0.749720523181292,gaussian_noise
learned_recurrent_error_zeroed,2011_09_26/2011_09_26_drive_0039_sync,91,disturbance,51,91,0000000091.png,3,0.7985815075677251,0.7377212341065582,0.57180813003164,gaussian_noise
learned_recurrent_error_zeroed,2011_09_26/2011_09_26_drive_0039_sync,91,disturbance,51,91,0000000091.png,4,1.2686667150622222,1.2407771327760497,0.44467734668881226,gaussian_noise
learned_recurrent_error_zeroed,2011_09_26/2011_09_26_drive_0039_sync,91,disturbance,51,91,0000000091.png,5,0.9445148667894069,0.9383327054448505,0.3815235919693891,gaussian_noise
learned_recurrent_error_zeroed,2011_09_26/2011_09_26_drive_0039_sync,92,disturbance,52,92,0000000092.png,1,0.423740066718632,0.2828945345647036,0.5815668922246217,gaussian_noise
learned_recurrent_error_zeroed,2011_09_26/2011_09_26_drive_0039_sync,92,disturbance,52,92,0000000092.png,2,0.44510066314234464,0.3410320663314175,0.73656746014942,gaussian_noise
learned_recurrent_error_zeroed,2011_09_26/2011_09_26_drive_0039_sync,92,disturbance,52,92,0000000092.png,3,0.8100798760692991,0.7377915670614023,0.5719987909228204,gaussian_noise
learned_recurrent_error_zeroed,2011_09_26/2011_09_26_drive_0039_sync,92,disturbance,52,92,0000000092.png,4,1.2695884947268534,1.2395456619433032,0.44517667755182605,gaussian_noise
learned_recurrent_error_zeroed,2011_09_26/2011_09_26_drive_0039_sync,92,disturbance,52,92,0000000092.png,5,0.9447947236242467,0.9377844146883467,0.3859072253721734,gaussian_noise
learned_recurrent_error_zeroed,2011_09_26/2011_09_26_drive_0039_sync,93,disturbance,53,93,0000000093.png,1,0.43094760857518677,0.28522442587775343,0.5807076408186211,gaussian_noise
learned_recurrent_error_zeroed,2011_09_26/2011_09_26_drive_0039_sync,93,disturbance,53,93,0000000093.png,2,0.4452392400490731,0.34122660251508935,0.7304332519836277,gaussian_noise
learned_recurrent_error_zeroed,2011_09_26/2011_09_26_drive_0039_sync,93,disturbance,53,93,0000000093.png,3,0.8130233539990048,0.7389413265230695,0.5735644848457045,gaussian_noise
learned_recurrent_error_zeroed,2011_09_26/2011_09_26_drive_0039_sync,93,disturbance,53,93,0000000093.png,4,1.2751442202123064,1.2393034103273497,0.444431972736746,gaussian_noise
learned_recurrent_error_zeroed,2011_09_26/2011_09_26_drive_0039_sync,93,disturbance,53,93,0000000093.png,5,0.9455176821561315,0.9376308100772413,0.38966069056435704,gaussian_noise
learned_recurrent_error_zeroed,2011_09_26/2011_09_26_drive_0039_sync,94,disturbance,54,94,0000000094.png,1,0.4339747541889148,0.2869578686334171,0.5816811675721569,gaussian_noise
learned_recurrent_error_zeroed,2011_09_26/2011_09_26_drive_0039_sync,94,disturbance,54,94,0000000094.png,2,0.44536392189257107,0.34121034083487184,0.730658830426076,gaussian_noise
learned_recurrent_error_zeroed,2011_09_26/2011_09_26_drive_0039_sync,94,disturbance,54,94,0000000094.png,3,0.810085181118788,0.7396564178801474,0.5756407707383852,gaussian_noise
learned_recurrent_error_zeroed,2011_09_26/2011_09_26_drive_0039_sync,94,disturbance,54,94,0000000094.png,4,1.2797763013998509,1.2400463909514836,0.4429559119736206,gaussian_noise
learned_recurrent_error_zeroed,2011_09_26/2011_09_26_drive_0039_sync,94,disturbance,54,94,0000000094.png,5,0.9457165633725132,0.9375694135524885,0.39163802719155655,gaussian_noise
learned_recurrent_error_zeroed,2011_09_26/2011_09_26_drive_0039_sync,95,disturbance,55,95,0000000095.png,1,0.4382212970347174,0.28940116484416206,0.5838855382844472,gaussian_noise
learned_recurrent_error_zeroed,2011_09_26/2011_09_26_drive_0039_sync,95,disturbance,55,95,0000000095.png,2,0.44697280007024964,0.341253645872969,0.7326694984604222,gaussian_noise
learned_recurrent_error_zeroed,2011_09_26/2011_09_26_drive_0039_sync,95,disturbance,55,95,0000000095.png,3,0.8061130512991466,0.7395197303179841,0.5759258396731147,gaussian_noise
learned_recurrent_error_zeroed,2011_09_26/2011_09_26_drive_0039_sync,95,disturbance,55,95,0000000095.png,4,1.2808198989726323,1.2411286716949996,0.4408568269908499,gaussian_noise
learned_recurrent_error_zeroed,2011_09_26/2011_09_26_drive_0039_sync,95,disturbance,55,95,0000000095.png,5,0.9444455660825256,0.9373013210538614,0.392098328182744,gaussian_noise
learned_recurrent_error_zeroed,2011_09_26/2011_09_26_drive_0039_sync,96,disturbance,56,96,0000000096.png,1,0.4406509487391527,0.29239792464050895,0.582547039620692,gaussian_noise
learned_recurrent_error_zeroed,2011_09_26/2011_09_26_drive_0039_sync,96,disturbance,56,96,0000000096.png,2,0.44674086062959556,0.34111929221087073,0.7289381038231271,gaussian_noise
learned_recurrent_error_zeroed,2011_09_26/2011_09_26_drive_0039_sync,96,disturbance,56,96,0000000096.png,3,0.8065662865318801,0.7387606036086592,0.5735384967847023,gaussian_noise
learned_recurrent_error_zeroed,2011_09_26/2011_09_26_drive_0039_sync,96,disturbance,56,96,0000000096.png,4,1.2804116773936778,1.24165294885647,0.4388460083924458,gaussian_noise
learned_recurrent_error_zeroed,2011_09_26/2011_09_26_drive_0039_sync,96,disturbance,56,96,0000000096.png,5,0.9425727439322659,0.9366581455908743,0.39163804954388304,gaussian_noise
learned_recurrent_error_zeroed,2011_09_26/2011_09_26_drive_0039_sync,97,disturbance,57,97,0000000097.png,1,0.42826187604724586,0.2928953828826428,0.5763717384206558,gaussian_noise
learned_recurrent_error_zeroed,2011_09_26/2011_09_26_drive_0039_sync,97,disturbance,57,97,0000000097.png,2,0.44608802868190434,0.34080192639199647,0.7174857491707808,gaussian_noise
learned_recurrent_error_zeroed,2011_09_26/2011_09_26_drive_0039_sync,97,disturbance,57,97,0000000097.png,3,0.8149612953187773,0.7384971625952155,0.5710119999667292,gaussian_noise
learned_recurrent_error_zeroed,2011_09_26/2011_09_26_drive_0039_sync,97,disturbance,57,97,0000000097.png,4,1.2841867275321461,1.241763381138794,0.43665346662880544,gaussian_noise
learned_recurrent_error_zeroed,2011_09_26/2011_09_26_drive_0039_sync,97,disturbance,57,97,0000000097.png,5,0.9419670756591496,0.9357654147456314,0.3904055571013355,gaussian_noise
learned_recurrent_error_zeroed,2011_09_26/2011_09_26_drive_0039_sync,98,disturbance,58,98,0000000098.png,1,0.42501937477648544,0.291432792685373,0.5745882051475073,gaussian_noise
learned_recurrent_error_zeroed,2011_09_26/2011_09_26_drive_0039_sync,98,disturbance,58,98,0000000098.png,2,0.44573701435512975,0.3404562135589914,0.7083020550112352,gaussian_noise
learned_recurrent_error_zeroed,2011_09_26/2011_09_26_drive_0039_sync,98,disturbance,58,98,0000000098.png,3,0.8203137523946029,0.7393709497800288,0.5703290228542225,gaussian_noise
learned_recurrent_error_zeroed,2011_09_26/2011_09_26_drive_0039_sync,98,disturbance,58,98,0000000098.png,4,1.293773738134233,1.2426543860233865,0.43531186543947653,gaussian_noise
learned_recurrent_error_zeroed,2011_09_26/2011_09_26_drive_0039_sync,98,disturbance,58,98,0000000098.png,5,0.9429097186268656,0.934799450559862,0.3891842117333525,gaussian_noise
learned_recurrent_error_zeroed,2011_09_26/2011_09_26_drive_0039_sync,99,disturbance,59,99,0000000099.png,1,0.41728092639305064,0.28866201596759056,0.567774108977294,gaussian_noise
learned_recurrent_error_zeroed,2011_09_26/2011_09_26_drive_0039_sync,99,disturbance,59,99,0000000099.png,2,0.4461278255231187,0.3402079078622245,0.6970694105619549,gaussian_noise
learned_recurrent_error_zeroed,2011_09_26/2011_09_26_drive_0039_sync,99,disturbance,59,99,0000000099.png,3,0.8252076254936229,0.7410178315680701,0.5696723796249613,gaussian_noise
learned_recurrent_error_zeroed,2011_09_26/2011_09_26_drive_0039_sync,99,disturbance,59,99,0000000099.png,4,1.3055644096924013,1.2449811673930524,0.43576480613810314,gaussian_noise
learned_recurrent_error_zeroed,2011_09_26/2011_09_26_drive_0039_sync,99,disturbance,59,99,0000000099.png,5,0.9452948900650711,0.9340852241661979,0.3888070221804093,gaussian_noise
learned_recurrent_error_zeroed,2011_09_26/2011_09_26_drive_0039_sync,100,disturbance,60,100,0000000100.png,1,0.41149988133924054,0.2846652662201431,0.5617845316014833,gaussian_noise
learned_recurrent_error_zeroed,2011_09_26/2011_09_26_drive_0039_sync,100,disturbance,60,100,0000000100.png,2,0.44734155277195725,0.3402482233651302,0.6872636939989393,gaussian_noise
learned_recurrent_error_zeroed,2011_09_26/2011_09_26_drive_0039_sync,100,disturbance,60,100,0000000100.png,3,0.8309145869032423,0.743411270187952,0.5677201880870104,gaussian_noise
learned_recurrent_error_zeroed,2011_09_26/2011_09_26_drive_0039_sync,100,disturbance,60,100,0000000100.png,4,1.3169983197182236,1.2486519102136473,0.4370065278064507,gaussian_noise
learned_recurrent_error_zeroed,2011_09_26/2011_09_26_drive_0039_sync,100,disturbance,60,100,0000000100.png,5,0.9487128978736471,0.9338863637367107,0.3890178378961817,gaussian_noise
learned_recurrent_error_zeroed,2011_09_26/2011_09_26_drive_0039_sync,101,disturbance,61,101,0000000101.png,1,0.41513145295055953,0.2822510117406247,0.558863933712416,gaussian_noise
learned_recurrent_error_zeroed,2011_09_26/2011_09_26_drive_0039_sync,101,disturbance,61,101,0000000101.png,2,0.45091011316244656,0.3407622236045931,0.6811490034597061,gaussian_noise
learned_recurrent_error_zeroed,2011_09_26/2011_09_26_drive_0039_sync,101,disturbance,61,101,0000000101.png,3,0.8339168281506536,0.7460441270687692,0.565092936464429,gaussian_noise
learned_recurrent_error_zeroed,2011_09_26/2011_09_26_drive_0039_sync,101,disturbance,61,101,0000000101.png,4,1.3261231770944877,1.253432411403718,0.438367506154572,gaussian_noise
learned_recurrent_error_zeroed,2011_09_26/2011_09_26_drive_0039_sync,101,disturbance,61,101,0000000101.png,5,0.9526473097761453,0.9343848796551093,0.38885795684430474,gaussian_noise
learned_recurrent_error_zeroed,2011_09_26/2011_09_26_drive_0039_sync,102,disturbance,62,102,0000000102.png,1,0.41689849680489444,0.2797244716235568,0.5568092481317336,gaussian_noise
learned_recurrent_error_zeroed,2011_09_26/2011_09_26_drive_0039_sync,102,disturbance,62,102,0000000102.png,2,0.4523650803173491,0.3414981343454826,0.6791804890756458,gaussian_noise
learned_recurrent_error_zeroed,2011_09_26/2011_09_26_drive_0039_sync,102,disturbance,62,102,0000000102.png,3,0.8343780015116034,0.7483886506853197,0.5619723066467613,gaussian_noise
learned_recurrent_error_zeroed,2011_09_26/2011_09_26_drive_0039_sync,102,disturbance,62,102,0000000102.png,4,1.3321398527679835,1.2587109409374257,0.43971316463959936,gaussian_noise
learned_recurrent_error_zeroed,2011_09_26/2011_09_26_drive_0039_sync,102,disturbance,62,102,0000000102.png,5,0.9562416938525575,0.9355005378278869,0.3882639409838155,gaussian_noise
learned_recurrent_error_zeroed,2011_09_26/2011_09_26_drive_0039_sync,103,disturbance,63,103,0000000103.png,1,0.41689660548420365,0.27865200918273697,0.5483718121214431,gaussian_noise
learned_recurrent_error_zeroed,2011_09_26/2011_09_26_drive_0039_sync,103,disturbance,63,103,0000000103.png,2,0.45318927273882026,0.34263329743733567,0.6733467384286819,gaussian_noise
learned_recurrent_error_zeroed,2011_09_26/2011_09_26_drive_0039_sync,103,disturbance,63,103,0000000103.png,3,0.8407376473790238,0.7511106577700672,0.5596752061935468,gaussian_noise
learned_recurrent_error_zeroed,2011_09_26/2011_09_26_drive_0039_sync,103,disturbance,63,103,0000000103.png,4,1.3390255870275485,1.2642888517114301,0.44122949546737855,gaussian_noise
learned_recurrent_error_zeroed,2011_09_26/2011_09_26_drive_0039_sync,103,disturbance,63,103,0000000103.png,5,0.9593280082600242,0.9370781601563776,0.3880582244187853,gaussian_noise
learned_recurrent_error_zeroed,2011_09_26/2011_09_26_drive_0039_sync,104,disturbance,64,104,0000000104.png,1,0.4232183400981203,0.2782318371061684,0.5511082209914535,gaussian_noise
learned_recurrent_error_zeroed,2011_09_26/2011_09_26_drive_0039_sync,104,disturbance,64,104,0000000104.png,2,0.4548138763184264,0.3436442099000888,0.6776973836574166,gaussian_noise
learned_recurrent_error_zeroed,2011_09_26/2011_09_26_drive_0039_sync,104,disturbance,64,104,0000000104.png,3,0.8380032139646351,0.7536978065871287,0.5605610439212412,gaussian_noise
learned_recurrent_error_zeroed,2011_09_26/2011_09_26_drive_0039_sync,104,disturbance,64,104,0000000104.png,4,1.3401723069132676,1.2696267449845196,0.44205669917262064,gaussian_noise
learned_recurrent_error_zeroed,2011_09_26/2011_09_26_drive_0039_sync,104,disturbance,64,104,0000000104.png,5,0.9608077488541399,0.9389183344548623,0.3876055820787224,gaussian_noise
learned_recurrent_error_zeroed,2011_09_26/2011_09_26_drive_0039_sync,105,disturbance,65,105,0000000105.png,1,0.4206879420251839,0.2770487687389032,0.5526587663116768,gaussian_noise
learned_recurrent_error_zeroed,2011_09_26/2011_09_26_drive_0039_sync,105,disturbance,65,105,0000000105.png,2,0.45780365715740395,0.3449663046078861,0.6861172113223774,gaussian_noise
learned_recurrent_error_zeroed,2011_09_26/2011_09_26_drive_0039_sync,105,disturbance,65,105,0000000105.png,3,0.8359539371105903,0.7552302218967155,0.5623311890523683,gaussian_noise
learned_recurrent_error_zeroed,2011_09_26/2011_09_26_drive_0039_sync,105,disturbance,65,105,0000000105.png,4,1.3337902851812014,1.273351034534249,0.44118002803608936,gaussian_noise
learned_recurrent_error_zeroed,2011_09_26/2011_09_26_drive_0039_sync,105,disturbance,65,105,0000000105.png,5,0.9596478877215178,0.9405105068779546,0.3858809371188599,gaussian_noise
learned_recurrent_error_zeroed,2011_09_26/2011_09_26_drive_0039_sync,106,disturbance,66,106,0000000106.png,1,0.41591496096393205,0.2753179892321422,0.5528111203758973,gaussian_noise
learned_recurrent_error_zeroed,2011_09_26/2011_09_26_drive_0039_sync,106,disturbance,66,106,0000000106.png,2,0.4583307916949649,0.34618774093083027,0.6888294553551181,gaussian_noise
learned_recurrent_error_zeroed,2011_09_26/2011_09_26_drive_0039_sync,106,disturbance,66,106,0000000106.png,3,0.8412059570493311,0.7565629445281679,0.5637639863913482,gaussian_noise
learned_recurrent_error_zeroed,2011_09_26/2011_09_26_drive_0039_sync,106,disturbance,66,106,0000000106.png,4,1.3290873302016102,1.2751305961459727,0.4397005690023247,gaussian_noise
learned_recurrent_error_zeroed,2011_09_26/2011_09_26_drive_0039_sync,106,disturbance,66,106,0000000106.png,5,0.9568514181641564,0.9413771253505967,0.38268982234005927,gaussian_noise
learned_recurrent_error_zeroed,2011_09_26/2011_09_26_drive_0039_sync,107,disturbance,67,107,0000000107.png,1,0.41575214894786394,0.2743960352986754,0.5541910498652352,gaussian_noise
learned_recurrent_error_zeroed,2011_09_26/2011_09_26_drive_0039_sync,107,disturbance,67,107,0000000107.png,2,0.4549982762506522,0.34683175788895904,0.6887537184152941,gaussian_noise
learned_recurrent_error_zeroed,2011_09_26/2011_09_26_drive_0039_sync,107,disturbance,67,107,0000000107.png,3,0.8464876803640902,0.7591027030174584,0.5656490741604129,gaussian_noise
learned_recurrent_error_zeroed,2011_09_26/2011_09_26_drive_0039_sync,107,disturbance,67,107,0000000107.png,4,1.3316152620270676,1.2764521107826237,0.4403907591061376,gaussian_noise
learned_recurrent_error_zeroed,2011_09_26/2011_09_26_drive_0039_sync,107,disturbance,67,107,0000000107.png,5,0.9540617691561676,0.9414581369152476,0.37931978115742504,gaussian_noise
learned_recurrent_error_zeroed,2011_09_26/2011_09_26_drive_0039_sync,108,disturbance,68,108,0000000108.png,1,0.4159213381567171,0.2750553839431685,0.5499959734001381,gaussian_noise
learned_recurrent_error_zeroed,2011_09_26/2011_09_26_drive_0039_sync,108,disturbance,68,108,0000000108.png,2,0.454298511675497,0.3474640234427415,0.6835613021105761,gaussian_noise
learned_recurrent_error_zeroed,2011_09_26/2011_09_26_drive_0039_sync,108,disturbance,68,108,0000000108.png,3,0.8552371140631997,0.7628354508840753,0.5661499972428438,gaussian_noise
learned_recurrent_error_zeroed,2011_09_26/2011_09_26_drive_0039_sync,108,disturbance,68,108,0000000108.png,4,1.339092153290555,1.2785083012184604,0.4419157244715096,gaussian_noise
learned_recurrent_error_zeroed,2011_09_26/2011_09_26_drive_0039_sync,108,disturbance,68,108,0000000108.png,5,0.9522868269775175,0.9410792932789429,0.3765686160806464,gaussian_noise
learned_recurrent_error_zeroed,2011_09_26/2011_09_26_drive_0039_sync,109,disturbance,69,109,0000000109.png,1,0.42715632456511515,0.2773746624084995,0.5547034785093379,gaussian_noise
learned_recurrent_error_zeroed,2011_09_26/2011_09_26_drive_0039_sync,109,disturbance,69,109,0000000109.png,2,0.4552203970791924,0.3481565956230824,0.6861082071260325,gaussian_noise
learned_recurrent_error_zeroed,2011_09_26/2011_09_26_drive_0039_sync,109,disturbance,69,109,0000000109.png,3,0.8547038341189155,0.766412125777011,0.5677702367771742,gaussian_noise
learned_recurrent_error_zeroed,2011_09_26/2011_09_26_drive_0039_sync,109,disturbance,69,109,0000000109.png,4,1.3438915068517037,1.2811180164191451,0.4433949052370399,gaussian_noise
learned_recurrent_error_zeroed,2011_09_26/2011_09_26_drive_0039_sync,109,disturbance,69,109,0000000109.png,5,0.950743584531217,0.9404462810258829,0.3746920747983887,gaussian_noise
learned_recurrent_error_zeroed,2011_09_26/2011_09_26_drive_0039_sync,110,disturbance,70,110,0000000110.png,1,0.43010230190103926,0.2796603448616082,0.5654118194237897,gaussian_noise
learned_recurrent_error_zeroed,2011_09_26/2011_09_26_drive_0039_sync,110,disturbance,70,110,0000000110.png,2,0.4581918558227518,0.3485857280167248,0.6984767252265902,gaussian_noise
learned_recurrent_error_zeroed,2011_09_26/2011_09_26_drive_0039_sync,110,disturbance,70,110,0000000110.png,3,0.846172483501954,0.7678051216390889,0.5707089995549943,gaussian_noise
learned_recurrent_error_zeroed,2011_09_26/2011_09_26_drive_0039_sync,110,disturbance,70,110,0000000110.png,4,1.3379630477232578,1.2827822816246068,0.4447997280616612,gaussian_noise
learned_recurrent_error_zeroed,2011_09_26/2011_09_26_drive_0039_sync,110,disturbance,70,110,0000000110.png,5,0.9486573224669079,0.9396336530152251,0.3733182853286748,gaussian_noise
learned_recurrent_error_zeroed,2011_09_26/2011_09_26_drive_0039_sync,111,disturbance,71,111,0000000111.png,1,0.4361255057067152,0.28397021618015306,0.5705018794167737,gaussian_noise
learned_recurrent_error_zeroed,2011_09_26/2011_09_26_drive_0039_sync,111,disturbance,71,111,0000000111.png,2,0.45977230760946025,0.3491360081864013,0.7103334821984337,gaussian_noise
learned_recurrent_error_zeroed,2011_09_26/2011_09_26_drive_0039_sync,111,disturbance,71,111,0000000111.png,3,0.8396112478119642,0.7670913030991287,0.5723801633418707,gaussian_noise
learned_recurrent_error_zeroed,2011_09_26/2011_09_26_drive_0039_sync,111,disturbance,71,111,0000000111.png,4,1.3250387823092364,1.2815564222551503,0.44504971858549824,gaussian_noise
learned_recurrent_error_zeroed,2011_09_26/2011_09_26_drive_0039_sync,111,disturbance,71,111,0000000111.png,5,0.9459688552247969,0.9385270753122246,0.372438608159728,gaussian_noise
learned_recurrent_error_zeroed,2011_09_26/2011_09_26_drive_0039_sync,112,disturbance,72,112,0000000112.png,1,0.4437208108503426,0.2904464289451086,0.5633163359010537,gaussian_noise
learned_recurrent_error_zeroed,2011_09_26/2011_09_26_drive_0039_sync,112,disturbance,72,112,0000000112.png,2,0.4609786959107339,0.3500405265535777,0.713142241421855,gaussian_noise
learned_recurrent_error_zeroed,2011_09_26/2011_09_26_drive_0039_sync,112,disturbance,72,112,0000000112.png,3,0.8426106513866402,0.7657543801849033,0.5728802502943231,gaussian_noise
learned_recurrent_error_zeroed,2011_09_26/2011_09_26_drive_0039_sync,112,disturbance,72,112,0000000112.png,4,1.3171276233693103,1.277843733790931,0.4447686593944402,gaussian_noise
learned_recurrent_error_zeroed,2011_09_26/2011_09_26_drive_0039_sync,112,disturbance,72,112,0000000112.png,5,0.9444780588291531,0.937262546320684,0.37207514179082385,gaussian_noise
learned_recurrent_error_zeroed,2011_09_26/2011_09_26_drive_0039_sync,113,disturbance,73,113,0000000113.png,1,0.45024062305908635,0.29724309605673244,0.5559093467238895,gaussian_noise
learned_recurrent_error_zeroed,2011_09_26/2011_09_26_drive_0039_sync,113,disturbance,73,113,0000000113.png,2,0.4602391404879393,0.3509419405777956,0.7090697860423032,gaussian_noise
learned_recurrent_error_zeroed,2011_09_26/2011_09_26_drive_0039_sync,113,disturbance,73,113,0000000113.png,3,0.8491098753287175,0.7651600142417387,0.5717334667069548,gaussian_noise
learned_recurrent_error_zeroed,2011_09_26/2011_09_26_drive_0039_sync,113,disturbance,73,113,0000000113.png,4,1.3196190301189488,1.273832248405248,0.44338485652254633,gaussian_noise
learned_recurrent_error_zeroed,2011_09_26/2011_09_26_drive_0039_sync,113,disturbance,73,113,0000000113.png,5,0.9453168267988674,0.9362956199528608,0.37221552948502284,gaussian_noise
learned_recurrent_error_zeroed,2011_09_26/2011_09_26_drive_0039_sync,114,disturbance,74,114,0000000114.png,1,0.45089461655793595,0.3023638176766175,0.553482954118881,gaussian_noise
learned_recurrent_error_zeroed,2011_09_26/2011_09_26_drive_0039_sync,114,disturbance,74,114,0000000114.png,2,0.461047898142414,0.35161586475738543,0.7068998169161603,gaussian_noise
learned_recurrent_error_zeroed,2011_09_26/2011_09_26_drive_0039_sync,114,disturbance,74,114,0000000114.png,3,0.848480289491787,0.7654712340912225,0.5713456973145127,gaussian_noise
learned_recurrent_error_zeroed,2011_09_26/2011_09_26_drive_0039_sync,114,disturbance,74,114,0000000114.png,4,1.3278478346420337,1.2718964997958364,0.4423553993187744,gaussian_noise
learned_recurrent_error_zeroed,2011_09_26/2011_09_26_drive_0039_sync,114,disturbance,74,114,0000000114.png,5,0.9479275447250548,0.9360255854926657,0.37260070175030224,gaussian_noise
learned_recurrent_error_zeroed,2011_09_26/2011_09_26_drive_0039_sync,115,disturbance,75,115,0000000115.png,1,0.45634732596302235,0.30416452513000053,0.5570654804942894,gaussian_noise
learned_recurrent_error_zeroed,2011_09_26/2011_09_26_drive_0039_sync,115,disturbance,75,115,0000000115.png,2,0.46524731027456145,0.3525854726362628,0.7142113633460967,gaussian_noise
learned_recurrent_error_zeroed,2011_09_26/2011_09_26_drive_0039_sync,115,disturbance,75,115,0000000115.png,3,0.8380413055734496,0.7651615125836462,0.5689890664068382,gaussian_noise
learned_recurrent_error_zeroed,2011_09_26/2011_09_26_drive_0039_sync,115,disturbance,75,115,0000000115.png,4,1.3265173568698116,1.2720016523817594,0.44158365400238514,gaussian_noise
learned_recurrent_error_zeroed,2011_09_26/2011_09_26_drive_0039_sync,115,disturbance,75,115,0000000115.png,5,0.9496124123416111,0.9363361154978459,0.3728042214032679,gaussian_noise
learned_recurrent_error_zeroed,2011_09_26/2011_09_26_drive_0039_sync,116,disturbance,76,116,0000000116.png,1,0.4524145210680313,0.30236735323824104,0.5645664874894333,gaussian_noise
learned_recurrent_error_zeroed,2011_09_26/2011_09_26_drive_0039_sync,116,disturbance,76,116,0000000116.png,2,0.4666049408562629,0.353561586403551,0.7258197534158111,gaussian_noise
learned_recurrent_error_zeroed,2011_09_26/2011_09_26_drive_0039_sync,116,disturbance,76,116,0000000116.png,3,0.8263714000017376,0.7631041116166869,0.5650094183585063,gaussian_noise
learned_recurrent_error_zeroed,2011_09_26/2011_09_26_drive_0039_sync,116,disturbance,76,116,0000000116.png,4,1.3127593909978912,1.2712494883539978,0.43894606240411355,gaussian_noise
learned_recurrent_error_zeroed,2011_09_26/2011_09_26_drive_0039_sync,116,disturbance,76,116,0000000116.png,5,0.9487427901607673,0.9367004943774658,0.371643252910964,gaussian_noise
learned_recurrent_error_zeroed,2011_09_26/2011_09_26_drive_0039_sync,117,disturbance,77,117,0000000117.png,1,0.44751737783538925,0.3011833749662724,0.5685898712523275,gaussian_noise
learned_recurrent_error_zeroed,2011_09_26/2011_09_26_drive_0039_sync,117,disturbance,77,117,0000000117.png,2,0.4649586258934788,0.3537786466482869,0.7355685178456796,gaussian_noise
learned_recurrent_error_zeroed,2011_09_26/2011_09_26_drive_0039_sync,117,disturbance,77,117,0000000117.png,3,0.8187869283017891,0.7594978573119054,0.5616716446967008,gaussian_noise
learned_recurrent_error_zeroed,2011_09_26/2011_09_26_drive_0039_sync,117,disturbance,77,117,0000000117.png,4,1.294222005451564,1.2673914702813718,0.43392057660460503,gaussian_noise
learned_recurrent_error_zeroed,2011_09_26/2011_09_26_drive_0039_sync,117,disturbance,77,117,0000000117.png,5,0.9456920789827069,0.9364910661293074,0.3687843258768047,gaussian_noise
learned_recurrent_error_zeroed,2011_09_26/2011_09_26_drive_0039_sync,118,disturbance,78,118,0000000118.png,1,0.4400419256735774,0.3019527173798429,0.563804690884144,gaussian_noise
learned_recurrent_error_zeroed,2011_09_26/2011_09_26_drive_0039_sync,118,disturbance,78,118,0000000118.png,2,0.46378456403342355,0.35385990186877936,0.7353908361790557,gaussian_noise
learned_recurrent_error_zeroed,2011_09_26/2011_09_26_drive_0039_sync,118,disturbance,78,118,0000000118.png,3,0.8209365398659184,0.7556560949684255,0.5621905001459037,gaussian_noise
learned_recurrent_error_zeroed,2011_09_26/2011_09_26_drive_0039_sync,118,disturbance,78,118,0000000118.png,4,1.279078216242468,1.2602922599561286,0.42865901401488926,gaussian_noise
learned_recurrent_error_zeroed,2011_09_26/2011_09_26_drive_0039_sync,118,disturbance,78,118,0000000118.png,5,0.9421250855296144,0.9355145206758717,0.36557969208657015,gaussian_noise
learned_recurrent_error_zeroed,2011_09_26/2011_09_26_drive_0039_sync,119,disturbance,79,119,0000000119.png,1,0.4466897402140484,0.3033776523340201,0.5655710398515665,gaussian_noise
learned_recurrent_error_zeroed,2011_09_26/2011_09_26_drive_0039_sync,119,disturbance,79,119,0000000119.png,2,0.46260510724770043,0.35383302043647297,0.7382659130025786,gaussian_noise
learned_recurrent_error_zeroed,2011_09_26/2011_09_26_drive_0039_sync,119,disturbance,79,119,0000000119.png,3,0.8182220320737824,0.7522817259398153,0.5661665545207674,gaussian_noise
learned_recurrent_error_zeroed,2011_09_26/2011_09_26_drive_0039_sync,119,disturbance,79,119,0000000119.png,4,1.2741745337498147,1.2525542632368323,0.42653825004690116,gaussian_noise
learned_recurrent_error_zeroed,2011_09_26/2011_09_26_drive_0039_sync,119,disturbance,79,119,0000000119.png,5,0.9387492034738132,0.9338587191801075,0.36348221407737874,gaussian_noise
learned_recurrent_error_zeroed,2011_09_26/2011_09_26_drive_0039_sync,120,recovery,0,120,0000000120.png,1,0.3371262369872963,0.289208402496267,0.4228789329359308,gaussian_noise
learned_recurrent_error_zeroed,2011_09_26/2011_09_26_drive_0039_sync,120,recovery,0,120,0000000120.png,2,0.41389076595129576,0.3493767408183669,0.6903288455708542,gaussian_noise
learned_recurrent_error_zeroed,2011_09_26/2011_09_26_drive_0039_sync,120,recovery,0,120,0000000120.png,3,0.7888846357007031,0.7446401253705697,0.5570971126472628,gaussian_noise
learned_recurrent_error_zeroed,2011_09_26/2011_09_26_drive_0039_sync,120,recovery,0,120,0000000120.png,4,1.2738508118577205,1.2459954489869012,0.423730646989572,gaussian_noise
learned_recurrent_error_zeroed,2011_09_26/2011_09_26_drive_0039_sync,120,recovery,0,120,0000000120.png,5,0.9366646649903975,0.9319235096075047,0.36156049203309903,gaussian_noise
learned_recurrent_error_zeroed,2011_09_26/2011_09_26_drive_0039_sync,121,recovery,1,121,0000000121.png,1,0.332891073424253,0.28137161434129965,0.3302451559841807,gaussian_noise
learned_recurrent_error_zeroed,2011_09_26/2011_09_26_drive_0039_sync,121,recovery,1,121,0000000121.png,2,0.3939593790571908,0.34238861379972446,0.6183057801933868,gaussian_noise
learned_recurrent_error_zeroed,2011_09_26/2011_09_26_drive_0039_sync,121,recovery,1,121,0000000121.png,3,0.757341400514753,0.7316926913338104,0.5341877422698403,gaussian_noise
learned_recurrent_error_zeroed,2011_09_26/2011_09_26_drive_0039_sync,121,recovery,1,121,0000000121.png,4,1.2723331865973602,1.2406594489540277,0.4159015266252486,gaussian_noise
learned_recurrent_error_zeroed,2011_09_26/2011_09_26_drive_0039_sync,121,recovery,1,121,0000000121.png,5,0.9357440134933814,0.9301876978272056,0.3588790164693991,gaussian_noise
learned_recurrent_error_zeroed,2011_09_26/2011_09_26_drive_0039_sync,122,recovery,2,122,0000000122.png,1,0.3360106524750251,0.2773029833772861,0.2602198569599951,gaussian_noise
learned_recurrent_error_zeroed,2011_09_26/2011_09_26_drive_0039_sync,122,recovery,2,122,0000000122.png,2,0.38072784701050455,0.3341855599712119,0.5369530663718834,gaussian_noise
learned_recurrent_error_zeroed,2011_09_26/2011_09_26_drive_0039_sync,122,recovery,2,122,0000000122.png,3,0.7362364154695872,0.7148210215022063,0.5008105102818705,gaussian_noise
learned_recurrent_error_zeroed,2011_09_26/2011_09_26_drive_0039_sync,122,recovery,2,122,0000000122.png,4,1.2720122379011287,1.2355340030408157,0.39986809953931846,gaussian_noise
learned_recurrent_error_zeroed,2011_09_26/2011_09_26_drive_0039_sync,122,recovery,2,122,0000000122.png,5,0.9354892172547187,0.9288193653758356,0.35415504286737054,gaussian_noise
learned_recurrent_error_zeroed,2011_09_26/2011_09_26_drive_0039_sync,123,recovery,3,123,0000000123.png,1,0.34193815292473206,0.2754407983841698,0.20612590395385402,gaussian_noise
learned_recurrent_error_zeroed,2011_09_26/2011_09_26_drive_0039_sync,123,recovery,3,123,0000000123.png,2,0.3697721321601369,0.32548855431586865,0.4558095951005801,gaussian_noise
learned_recurrent_error_zeroed,2011_09_26/2011_09_26_drive_0039_sync,123,recovery,3,123,0000000123.png,3,0.7280194819146847,0.6969403805793082,0.4596907610646831,gaussian_noise
learned_recurrent_error_zeroed,2011_09_26/2011_09_26_drive_0039_sync,123,recovery,3,123,0000000123.png,4,1.2792212706779558,1.2303282709489372,0.3776302739380854,gaussian_noise
learned_recurrent_error_zeroed,2011_09_26/2011_09_26_drive_0039_sync,123,recovery,3,123,0000000123.png,5,0.9364700373012429,0.9275828804857317,0.347127306989184,gaussian_noise
learned_recurrent_error_zeroed,2011_09_26/2011_09_26_drive_0039_sync,124,recovery,4,124,0000000124.png,1,0.35500625744798076,0.27678002876134367,0.1636080448316002,gaussian_noise
learned_recurrent_error_zeroed,2011_09_26/2011_09_26_drive_0039_sync,124,recovery,4,124,0000000124.png,2,0.3614293685611529,0.3169568226409606,0.3790293869038954,gaussian_noise
learned_recurrent_error_zeroed,2011_09_26/2011_09_26_drive_0039_sync,124,recovery,4,124,0000000124.png,3,0.7329202876616882,0.6812180516888833,0.412713634613033,gaussian_noise
learned_recurrent_error_zeroed,2011_09_26/2011_09_26_drive_0039_sync,124,recovery,4,124,0000000124.png,4,1.2974793362236081,1.2263462131789935,0.3520206478435869,gaussian_noise
learned_recurrent_error_zeroed,2011_09_26/2011_09_26_drive_0039_sync,124,recovery,4,124,0000000124.png,5,0.9399582618851087,0.9264727760661201,0.33748960395067534,gaussian_noise
learned_recurrent_error_zeroed,2011_09_26/2011_09_26_drive_0039_sync,125,recovery,5,125,0000000125.png,1,0.34918541577701634,0.2756138168845556,0.1328209303714827,gaussian_noise
learned_recurrent_error_zeroed,2011_09_26/2011_09_26_drive_0039_sync,125,recovery,5,125,0000000125.png,2,0.35729689996866987,0.30896393244373943,0.31646211154994686,gaussian_noise
learned_recurrent_error_zeroed,2011_09_26/2011_09_26_drive_0039_sync,125,recovery,5,125,0000000125.png,3,0.7238930923720244,0.667950508294341,0.36449114567995405,gaussian_noise
learned_recurrent_error_zeroed,2011_09_26/2011_09_26_drive_0039_sync,125,recovery,5,125,0000000125.png,4,1.3167994780579775,1.2254218828782002,0.3257550576308006,gaussian_noise
learned_recurrent_error_zeroed,2011_09_26/2011_09_26_drive_0039_sync,125,recovery,5,125,0000000125.png,5,0.9448848451262201,0.9256527510877798,0.3255642053564287,gaussian_noise
learned_recurrent_error_zeroed,2011_09_26/2011_09_26_drive_0039_sync,126,recovery,6,126,0000000126.png,1,0.3140419484706917,0.26688200146150465,0.1090494245332219,gaussian_noise
learned_recurrent_error_zeroed,2011_09_26/2011_09_26_drive_0039_sync,126,recovery,6,126,0000000126.png,2,0.3568711463428488,0.3021293763803233,0.26799364881413784,gaussian_noise
learned_recurrent_error_zeroed,2011_09_26/2011_09_26_drive_0039_sync,126,recovery,6,126,0000000126.png,3,0.702503516836699,0.654950421448306,0.3180478372435914,gaussian_noise
learned_recurrent_error_zeroed,2011_09_26/2011_09_26_drive_0039_sync,126,recovery,6,126,0000000126.png,4,1.322791979587691,1.2270953756477978,0.29781550865120776,gaussian_noise
learned_recurrent_error_zeroed,2011_09_26/2011_09_26_drive_0039_sync,126,recovery,6,126,0000000126.png,5,0.9485101297493549,0.9252939630613787,0.31236035154859376,gaussian_noise
learned_recurrent_error_zeroed,2011_09_26/2011_09_26_drive_0039_sync,127,recovery,7,127,0000000127.png,1,0.2837774776553725,0.2565286343750623,0.0878936511734615,gaussian_noise
learned_recurrent_error_zeroed,2011_09_26/2011_09_26_drive_0039_sync,127,recovery,7,127,0000000127.png,2,0.35488847124293194,0.2968300067323807,0.22205343041296538,gaussian_noise
learned_recurrent_error_zeroed,2011_09_26/2011_09_26_drive_0039_sync,127,recovery,7,127,0000000127.png,3,0.702336217507298,0.643558028867011,0.2736292368814417,gaussian_noise
learned_recurrent_error_zeroed,2011_09_26/2011_09_26_drive_0039_sync,127,recovery,7,127,0000000127.png,4,1.3259102052883853,1.2297296837815073,0.2682078111202313,gaussian_noise
learned_recurrent_error_zeroed,2011_09_26/2011_09_26_drive_0039_sync,127,recovery,7,127,0000000127.png,5,0.9515472049228894,0.9255385225813543,0.29851727790677,gaussian_noise
learned_recurrent_error_zeroed,2011_09_26/2011_09_26_drive_0039_sync,128,recovery,8,128,0000000128.png,1,0.27448576346580406,0.24467027543092845,0.07230975062832447,gaussian_noise
learned_recurrent_error_zeroed,2011_09_26/2011_09_26_drive_0039_sync,128,recovery,8,128,0000000128.png,2,0.34319426454200574,0.29153602336358464,0.18470102308008868,gaussian_noise
learned_recurrent_error_zeroed,2011_09_26/2011_09_26_drive_0039_sync,128,recovery,8,128,0000000128.png,3,0.698104053505397,0.6359397164319196,0.23324648082222357,gaussian_noise
learned_recurrent_error_zeroed,2011_09_26/2011_09_26_drive_0039_sync,128,recovery,8,128,0000000128.png,4,1.3307664661420253,1.2335462219252695,0.23746224814489292,gaussian_noise
learned_recurrent_error_zeroed,2011_09_26/2011_09_26_drive_0039_sync,128,recovery,8,128,0000000128.png,5,0.955155378617516,0.9265330674024012,0.2847436963850687,gaussian_noise
learned_recurrent_error_zeroed,2011_09_26/2011_09_26_drive_0039_sync,129,recovery,9,129,0000000129.png,1,0.27226263961636193,0.23416645952970228,0.06016213968038941,gaussian_noise
learned_recurrent_error_zeroed,2011_09_26/2011_09_26_drive_0039_sync,129,recovery,9,129,0000000129.png,2,0.3399084252408787,0.2860723110859266,0.15602449518348863,gaussian_noise
learned_recurrent_error_zeroed,2011_09_26/2011_09_26_drive_0039_sync,129,recovery,9,129,0000000129.png,3,0.680952862330406,0.6277943612538123,0.19881334169872356,gaussian_noise
learned_recurrent_error_zeroed,2011_09_26/2011_09_26_drive_0039_sync,129,recovery,9,129,0000000129.png,4,1.3196553072747108,1.2361581964443853,0.20914875395536678,gaussian_noise
learned_recurrent_error_zeroed,2011_09_26/2011_09_26_drive_0039_sync,129,recovery,9,129,0000000129.png,5,0.9571085841575695,0.9281111907947147,0.27178670416849665,gaussian_noise
learned_recurrent_error_zeroed,2011_09_26/2011_09_26_drive_0039_sync,130,recovery,10,130,0000000130.png,1,0.2611446065779569,0.22510674091372906,0.04908003768249665,gaussian_noise
learned_recurrent_error_zeroed,2011_09_26/2011_09_26_drive_0039_sync,130,recovery,10,130,0000000130.png,2,0.33750784721814925,0.2813863058760843,0.1292009382891433,gaussian_noise
learned_recurrent_error_zeroed,2011_09_26/2011_09_26_drive_0039_sync,130,recovery,10,130,0000000130.png,3,0.6827775928612997,0.6197797791762739,0.16846672716107117,gaussian_noise
learned_recurrent_error_zeroed,2011_09_26/2011_09_26_drive_0039_sync,130,recovery,10,130,0000000130.png,4,1.3073534834772904,1.2356971952998337,0.18373133446531797,gaussian_noise
learned_recurrent_error_zeroed,2011_09_26/2011_09_26_drive_0039_sync,130,recovery,10,130,0000000130.png,5,0.9578019439751789,0.9299101565655783,0.25985209264866876,gaussian_noise
learned_recurrent_error_zeroed,2011_09_26/2011_09_26_drive_0039_sync,131,recovery,11,131,0000000131.png,1,0.26597670190567757,0.21740018743345793,0.040411035080306364,gaussian_noise
learned_recurrent_error_zeroed,2011_09_26/2011_09_26_drive_0039_sync,131,recovery,11,131,0000000131.png,2,0.3270268001286295,0.2763884604154274,0.10608775157514476,gaussian_noise
learned_recurrent_error_zeroed,2011_09_26/2011_09_26_drive_0039_sync,131,recovery,11,131,0000000131.png,3,0.6857845946312688,0.6140751225544372,0.14201692746368583,gaussian_noise
learned_recurrent_error_zeroed,2011_09_26/2011_09_26_drive_0039_sync,131,recovery,11,131,0000000131.png,4,1.3071981392268448,1.234036402525899,0.1621734096282936,gaussian_noise
learned_recurrent_error_zeroed,2011_09_26/2011_09_26_drive_0039_sync,131,recovery,11,131,0000000131.png,5,0.9592754006666703,0.9318336391744338,0.2493601061960677,gaussian_noise
learned_recurrent_error_zeroed,2011_09_26/2011_09_26_drive_0039_sync,132,recovery,12,132,0000000132.png,1,0.2682543838996795,0.21050157663212776,0.03353232646951731,gaussian_noise
learned_recurrent_error_zeroed,2011_09_26/2011_09_26_drive_0039_sync,132,recovery,12,132,0000000132.png,2,0.3263406081575696,0.27210905941629293,0.08826436090978947,gaussian_noise
learned_recurrent_error_zeroed,2011_09_26/2011_09_26_drive_0039_sync,132,recovery,12,132,0000000132.png,3,0.6761022792556842,0.6102445061268345,0.11975544436146411,gaussian_noise
learned_recurrent_error_zeroed,2011_09_26/2011_09_26_drive_0039_sync,132,recovery,12,132,0000000132.png,4,1.311074683174938,1.2335990121450204,0.14344624774698245,gaussian_noise
learned_recurrent_error_zeroed,2011_09_26/2011_09_26_drive_0039_sync,132,recovery,12,132,0000000132.png,5,0.9609882508846439,0.9338077629737523,0.2406619962128391,gaussian_noise
learned_recurrent_error_zeroed,2011_09_26/2011_09_26_drive_0039_sync,133,recovery,13,133,0000000133.png,1,0.2513361204787078,0.20490788005248922,0.027576618281994144,gaussian_noise
learned_recurrent_error_zeroed,2011_09_26/2011_09_26_drive_0039_sync,133,recovery,13,133,0000000133.png,2,0.32474724944107686,0.26883438942630233,0.07294753684185114,gaussian_noise
learned_recurrent_error_zeroed,2011_09_26/2011_09_26_drive_0039_sync,133,recovery,13,133,0000000133.png,3,0.6774362212994312,0.607412681179886,0.10080707580936507,gaussian_noise
learned_recurrent_error_zeroed,2011_09_26/2011_09_26_drive_0039_sync,133,recovery,13,133,0000000133.png,4,1.3141051199185834,1.234548018766572,0.12676408107764822,gaussian_noise
learned_recurrent_error_zeroed,2011_09_26/2011_09_26_drive_0039_sync,133,recovery,13,133,0000000133.png,5,0.9626219530377104,0.9358265629956919,0.23371499910826207,gaussian_noise
learned_recurrent_error_zeroed,2011_09_26/2011_09_26_drive_0039_sync,134,recovery,14,134,0000000134.png,1,0.24876213903843772,0.20141632599363782,0.022554239546750836,gaussian_noise
learned_recurrent_error_zeroed,2011_09_26/2011_09_26_drive_0039_sync,134,recovery,14,134,0000000134.png,2,0.32465950435400626,0.2662365248933145,0.059620570892947325,gaussian_noise
learned_recurrent_error_zeroed,2011_09_26/2011_09_26_drive_0039_sync,134,recovery,14,134,0000000134.png,3,0.6902320470036913,0.6066443278602707,0.08448663507403877,gaussian_noise
learned_recurrent_error_zeroed,2011_09_26/2011_09_26_drive_0039_sync,134,recovery,14,134,0000000134.png,4,1.3195242707349855,1.2363300011675495,0.11191606676736968,gaussian_noise
learned_recurrent_error_zeroed,2011_09_26/2011_09_26_drive_0039_sync,134,recovery,14,134,0000000134.png,5,0.9646257101867916,0.9379274996999237,0.22815515710988668,gaussian_noise
learned_recurrent_error_zeroed,2011_09_26/2011_09_26_drive_0039_sync,135,recovery,15,135,0000000135.png,1,0.2523155395512236,0.19956054186347177,0.018503871589796113,gaussian_noise
learned_recurrent_error_zeroed,2011_09_26/2011_09_26_drive_0039_sync,135,recovery,15,135,0000000135.png,2,0.32327390937911726,0.26386025286311643,0.04849354458148729,gaussian_noise
learned_recurrent_error_zeroed,2011_09_26/2011_09_26_drive_0039_sync,135,recovery,15,135,0000000135.png,3,0.705611011265397,0.608457367469861,0.07052095655627416,gaussian_noise
learned_recurrent_error_zeroed,2011_09_26/2011_09_26_drive_0039_sync,135,recovery,15,135,0000000135.png,4,1.3298531458791396,1.2387531657537862,0.10011960505159576,gaussian_noise
learned_recurrent_error_zeroed,2011_09_26/2011_09_26_drive_0039_sync,135,recovery,15,135,0000000135.png,5,0.9671279819971496,0.940067543478679,0.22380842301181847,gaussian_noise
learned_recurrent_error_zeroed,2011_09_26/2011_09_26_drive_0039_sync,136,recovery,16,136,0000000136.png,1,0.26093516293937447,0.19767930538986128,0.015344499495672017,gaussian_noise
learned_recurrent_error_zeroed,2011_09_26/2011_09_26_drive_0039_sync,136,recovery,16,136,0000000136.png,2,0.32454615924049074,0.2617242270507171,0.039658046470435165,gaussian_noise
learned_recurrent_error_zeroed,2011_09_26/2011_09_26_drive_0039_sync,136,recovery,16,136,0000000136.png,3,0.7114439708092762,0.6114602981344358,0.05890393131374434,gaussian_noise
learned_recurrent_error_zeroed,2011_09_26/2011_09_26_drive_0039_sync,136,recovery,16,136,0000000136.png,4,1.341855970347516,1.242111483208691,0.09077890842106749,gaussian_noise
learned_recurrent_error_zeroed,2011_09_26/2011_09_26_drive_0039_sync,136,recovery,16,136,0000000136.png,5,0.9700827983052411,0.9421416241095213,0.2204327343455572,gaussian_noise
learned_recurrent_error_zeroed,2011_09_26/2011_09_26_drive_0039_sync,137,recovery,17,137,0000000137.png,1,0.2630164158515349,0.19703281673881273,0.012708746389970448,gaussian_noise
learned_recurrent_error_zeroed,2011_09_26/2011_09_26_drive_0039_sync,137,recovery,17,137,0000000137.png,2,0.3267796550762918,0.260279664294326,0.032406383374054555,gaussian_noise
learned_recurrent_error_zeroed,2011_09_26/2011_09_26_drive_0039_sync,137,recovery,17,137,0000000137.png,3,0.718977223636592,0.6154864091622623,0.04927499554725459,gaussian_noise
learned_recurrent_error_zeroed,2011_09_26/2011_09_26_drive_0039_sync,137,recovery,17,137,0000000137.png,4,1.3539816234037902,1.2465344386014654,0.0833411678756445,gaussian_noise
learned_recurrent_error_zeroed,2011_09_26/2011_09_26_drive_0039_sync,137,recovery,17,137,0000000137.png,5,0.9736029435954349,0.9442542308016016,0.2177265310540656,gaussian_noise
learned_recurrent_error_zeroed,2011_09_26/2011_09_26_drive_0039_sync,138,recovery,18,138,0000000138.png,1,0.272916838555906,0.1973691170253057,0.010620398459249785,gaussian_noise
learned_recurrent_error_zeroed,2011_09_26/2011_09_26_drive_0039_sync,138,recovery,18,138,0000000138.png,2,0.3300060238662759,0.2595408096359657,0.026777566670154483,gaussian_noise
learned_recurrent_error_zeroed,2011_09_26/2011_09_26_drive_0039_sync,138,recovery,18,138,0000000138.png,3,0.7165448222413441,0.61874185741438,0.041603295277604174,gaussian_noise
learned_recurrent_error_zeroed,2011_09_26/2011_09_26_drive_0039_sync,138,recovery,18,138,0000000138.png,4,1.3597698405330316,1.251465290599902,0.07743080348353183,gaussian_noise
learned_recurrent_error_zeroed,2011_09_26/2011_09_26_drive_0039_sync,138,recovery,18,138,0000000138.png,5,0.9758050771238603,0.9464131444099316,0.21535172315741133,gaussian_noise
learned_recurrent_error_zeroed,2011_09_26/2011_09_26_drive_0039_sync,139,recovery,19,139,0000000139.png,1,0.2725191864849417,0.1973975854324457,0.00886629624028726,gaussian_noise
learned_recurrent_error_zeroed,2011_09_26/2011_09_26_drive_0039_sync,139,recovery,19,139,0000000139.png,2,0.33398103258622214,0.2594699124442161,0.022207681066483322,gaussian_noise
learned_recurrent_error_zeroed,2011_09_26/2011_09_26_drive_0039_sync,139,recovery,19,139,0000000139.png,3,0.7148733277278071,0.6204746670966503,0.03565443453773335,gaussian_noise
learned_recurrent_error_zeroed,2011_09_26/2011_09_26_drive_0039_sync,139,recovery,19,139,0000000139.png,4,1.3586938192033977,1.255354779256809,0.07303020984093302,gaussian_noise
learned_recurrent_error_zeroed,2011_09_26/2011_09_26_drive_0039_sync,139,recovery,19,139,0000000139.png,5,0.9756977868770434,0.9483131099302385,0.21306306591650306,gaussian_noise
learned_recurrent_error_zeroed,2011_09_26/2011_09_26_drive_0039_sync,140,recovery,20,140,0000000140.png,1,0.27041846703895017,0.19714821137683852,0.007396348535923058,gaussian_noise
learned_recurrent_error_zeroed,2011_09_26/2011_09_26_drive_0039_sync,140,recovery,20,140,0000000140.png,2,0.3373882077459674,0.25983564148203664,0.018353376345844958,gaussian_noise
learned_recurrent_error_zeroed,2011_09_26/2011_09_26_drive_0039_sync,140,recovery,20,140,0000000140.png,3,0.7175972170821757,0.6212693549644598,0.031021018207639688,gaussian_noise
learned_recurrent_error_zeroed,2011_09_26/2011_09_26_drive_0039_sync,140,recovery,20,140,0000000140.png,4,1.3564905813413926,1.2574350509097287,0.0699338647421648,gaussian_noise
learned_recurrent_error_zeroed,2011_09_26/2011_09_26_drive_0039_sync,140,recovery,20,140,0000000140.png,5,0.9743512311513932,0.9496143334210542,0.21083270495183679,gaussian_noise
learned_recurrent_error_zeroed,2011_09_26/2011_09_26_drive_0039_sync,141,recovery,21,141,0000000141.png,1,0.2769801925768146,0.1971613164692834,0.006203254062190398,gaussian_noise
learned_recurrent_error_zeroed,2011_09_26/2011_09_26_drive_0039_sync,141,recovery,21,141,0000000141.png,2,0.3394180582267197,0.26020323401493206,0.015214508158104482,gaussian_noise
learned_recurrent_error_zeroed,2011_09_26/2011_09_26_drive_0039_sync,141,recovery,21,141,0000000141.png,3,0.7186735210143242,0.6216453658390271,0.027492036651142904,gaussian_noise
learned_recurrent_error_zeroed,2011_09_26/2011_09_26_drive_0039_sync,141,recovery,21,141,0000000141.png,4,1.3536233744105755,1.2577204107748317,0.0677195496649229,gaussian_noise
learned_recurrent_error_zeroed,2011_09_26/2011_09_26_drive_0039_sync,141,recovery,21,141,0000000141.png,5,0.9723362977608636,0.9501462949973616,0.20864654603419946,gaussian_noise
learned_recurrent_error_zeroed,2011_09_26/2011_09_26_drive_0039_sync,142,recovery,22,142,0000000142.png,1,0.2815607912830393,0.1976098398041405,0.00518775005999562,gaussian_noise
learned_recurrent_error_zeroed,2011_09_26/2011_09_26_drive_0039_sync,142,recovery,22,142,0000000142.png,2,0.3423241719500404,0.26082476468861104,0.012594105666630169,gaussian_noise
learned_recurrent_error_zeroed,2011_09_26/2011_09_26_drive_0039_sync,142,recovery,22,142,0000000142.png,3,0.7227300176924538,0.6222558698120723,0.02488575919711345,gaussian_noise
learned_recurrent_error_zeroed,2011_09_26/2011_09_26_drive_0039_sync,142,recovery,22,142,0000000142.png,4,1.352897722935848,1.256901378087894,0.06618316363405996,gaussian_noise
learned_recurrent_error_zeroed,2011_09_26/2011_09_26_drive_0039_sync,142,recovery,22,142,0000000142.png,5,0.9699183223952468,0.9499682579417862,0.2065955792496433,gaussian_noise
learned_recurrent_error_zeroed,2011_09_26/2011_09_26_drive_0039_sync,143,recovery,23,143,0000000143.png,1,0.2858570696399628,0.19781618618736765,0.004321194398083552,gaussian_noise
learned_recurrent_error_zeroed,2011_09_26/2011_09_26_drive_0039_sync,143,recovery,23,143,0000000143.png,2,0.3415650559250349,0.26167879964298285,0.010392597662838954,gaussian_noise
learned_recurrent_error_zeroed,2011_09_26/2011_09_26_drive_0039_sync,143,recovery,23,143,0000000143.png,3,0.7341261716637996,0.624505006310144,0.023012809661821766,gaussian_noise
learned_recurrent_error_zeroed,2011_09_26/2011_09_26_drive_0039_sync,143,recovery,23,143,0000000143.png,4,1.3585812424006025,1.256506733177558,0.06508107283842059,gaussian_noise
learned_recurrent_error_zeroed,2011_09_26/2011_09_26_drive_0039_sync,143,recovery,23,143,0000000143.png,5,0.9683162372094162,0.9494117532731818,0.20470550459351133,gaussian_noise
learned_recurrent_error_zeroed,2011_09_26/2011_09_26_drive_0039_sync,144,recovery,24,144,0000000144.png,1,0.28316047036629305,0.19748968283370602,0.0036258168777233485,gaussian_noise
learned_recurrent_error_zeroed,2011_09_26/2011_09_26_drive_0039_sync,144,recovery,24,144,0000000144.png,2,0.3425340627752202,0.26215098149834687,0.008669541005892517,gaussian_noise
learned_recurrent_error_zeroed,2011_09_26/2011_09_26_drive_0039_sync,144,recovery,24,144,0000000144.png,3,0.7406002489665232,0.6279734260956168,0.021769036106946596,gaussian_noise
learned_recurrent_error_zeroed,2011_09_26/2011_09_26_drive_0039_sync,144,recovery,24,144,0000000144.png,4,1.3653762739886355,1.2573721336189307,0.06431553623130276,gaussian_noise
learned_recurrent_error_zeroed,2011_09_26/2011_09_26_drive_0039_sync,144,recovery,24,144,0000000144.png,5,0.9673885512002448,0.9487922010407155,0.20303688519236812,gaussian_noise
learned_recurrent_error_zeroed,2011_09_26/2011_09_26_drive_0039_sync,145,recovery,25,145,0000000145.png,1,0.2730240180169122,0.19692186165323922,0.003023992703784475,gaussian_noise
learned_recurrent_error_zeroed,2011_09_26/2011_09_26_drive_0039_sync,145,recovery,25,145,0000000145.png,2,0.3456454544433253,0.2630872865588517,0.00725011947286347,gaussian_noise
learned_recurrent_error_zeroed,2011_09_26/2011_09_26_drive_0039_sync,145,recovery,25,145,0000000145.png,3,0.7503690938246061,0.632577672230098,0.02097567226830732,gaussian_noise
learned_recurrent_error_zeroed,2011_09_26/2011_09_26_drive_0039_sync,145,recovery,25,145,0000000145.png,4,1.3741970409209214,1.2597325366713192,0.06378046244623584,gaussian_noise
learned_recurrent_error_zeroed,2011_09_26/2011_09_26_drive_0039_sync,145,recovery,25,145,0000000145.png,5,0.9673389493008043,0.948212002512475,0.20134665663450646,gaussian_noise
learned_recurrent_error_zeroed,2011_09_26/2011_09_26_drive_0039_sync,146,recovery,26,146,0000000146.png,1,0.27249753669891813,0.1970567646090523,0.0025402102963900663,gaussian_noise
learned_recurrent_error_zeroed,2011_09_26/2011_09_26_drive_0039_sync,146,recovery,26,146,0000000146.png,2,0.34278234261543367,0.2639887369282209,0.006119509135279731,gaussian_noise
learned_recurrent_error_zeroed,2011_09_26/2011_09_26_drive_0039_sync,146,recovery,26,146,0000000146.png,3,0.754860961898779,0.6381320343465965,0.02050615048996063,gaussian_noise
learned_recurrent_error_zeroed,2011_09_26/2011_09_26_drive_0039_sync,146,recovery,26,146,0000000146.png,4,1.3858645630991284,1.2641072877850956,0.06341488558116264,gaussian_noise
learned_recurrent_error_zeroed,2011_09_26/2011_09_26_drive_0039_sync,146,recovery,26,146,0000000146.png,5,0.9690712748381108,0.9478923556699673,0.19951031643173336,gaussian_noise
learned_recurrent_error_zeroed,2011_09_26/2011_09_26_drive_0039_sync,147,recovery,27,147,0000000147.png,1,0.2722233229450228,0.19861116647911684,0.0021370884240832903,gaussian_noise
learned_recurrent_error_zeroed,2011_09_26/2011_09_26_drive_0039_sync,147,recovery,27,147,0000000147.png,2,0.3435172560920127,0.26463147065096315,0.00524461770753551,gaussian_noise
learned_recurrent_error_zeroed,2011_09_26/2011_09_26_drive_0039_sync,147,recovery,27,147,0000000147.png,3,0.7552852963432107,0.643090408661329,0.020275182747871684,gaussian_noise
learned_recurrent_error_zeroed,2011_09_26/2011_09_26_drive_0039_sync,147,recovery,27,147,0000000147.png,4,1.393740312631055,1.2697204289456903,0.06307843222862589,gaussian_noise
learned_recurrent_error_zeroed,2011_09_26/2011_09_26_drive_0039_sync,147,recovery,27,147,0000000147.png,5,0.9718594975743494,0.9480542351361623,0.197521572040698,gaussian_noise
learned_recurrent_error_zeroed,2011_09_26/2011_09_26_drive_0039_sync,148,recovery,28,148,0000000148.png,1,0.27460562917691533,0.20025210423129725,0.0017920277604636548,gaussian_noise
learned_recurrent_error_zeroed,2011_09_26/2011_09_26_drive_0039_sync,148,recovery,28,148,0000000148.png,2,0.34402794797909114,0.2653944499481406,0.004538523102849933,gaussian_noise
learned_recurrent_error_zeroed,2011_09_26/2011_09_26_drive_0039_sync,148,recovery,28,148,0000000148.png,3,0.7642057085651354,0.6485816236909854,0.02011326718316681,gaussian_noise
learned_recurrent_error_zeroed,2011_09_26/2011_09_26_drive_0039_sync,148,recovery,28,148,0000000148.png,4,1.4031738989823628,1.2762865204616771,0.06258525706792932,gaussian_noise
learned_recurrent_error_zeroed,2011_09_26/2011_09_26_drive_0039_sync,148,recovery,28,148,0000000148.png,5,0.9761058888924273,0.9489360359505989,0.19552451700981358,gaussian_noise
learned_recurrent_error_zeroed,2011_09_26/2011_09_26_drive_0039_sync,149,recovery,29,149,0000000149.png,1,0.28185984050603263,0.2015183874421433,0.001529602819158144,gaussian_noise
learned_recurrent_error_zeroed,2011_09_26/2011_09_26_drive_0039_sync,149,recovery,29,149,0000000149.png,2,0.34529211104539803,0.2659441677364423,0.004053321969018238,gaussian_noise
learned_recurrent_error_zeroed,2011_09_26/2011_09_26_drive_0039_sync,149,recovery,29,149,0000000149.png,3,0.7603380875884368,0.6534319745359264,0.020037254351361937,gaussian_noise
learned_recurrent_error_zeroed,2011_09_26/2011_09_26_drive_0039_sync,149,recovery,29,149,0000000149.png,4,1.4077268190435646,1.2833176177617949,0.06204295061927427,gaussian_noise
learned_recurrent_error_zeroed,2011_09_26/2011_09_26_drive_0039_sync,149,recovery,29,149,0000000149.png,5,0.9797217571021581,0.9504590474292235,0.1937893587153185,gaussian_noise
learned_recurrent_error_zeroed,2011_09_26/2011_09_26_drive_0039_sync,150,recovery,30,150,0000000150.png,1,0.28479500850459316,0.20434471008138144,0.0013014516653117646,gaussian_noise
learned_recurrent_error_zeroed,2011_09_26/2011_09_26_drive_0039_sync,150,recovery,30,150,0000000150.png,2,0.3484510199483467,0.2670555831283808,0.0036876241541478763,gaussian_noise
learned_recurrent_error_zeroed,2011_09_26/2011_09_26_drive_0039_sync,150,recovery,30,150,0000000150.png,3,0.7569162376979776,0.656597784648284,0.020028394838182337,gaussian_noise
learned_recurrent_error_zeroed,2011_09_26/2011_09_26_drive_0039_sync,150,recovery,30,150,0000000150.png,4,1.4041515470899173,1.2892623496284252,0.061564863446091536,gaussian_noise
learned_recurrent_error_zeroed,2011_09_26/2011_09_26_drive_0039_sync,150,recovery,30,150,0000000150.png,5,0.9809689562075268,0.952226755352236,0.19223463362759988,gaussian_noise
learned_recurrent_error_zeroed,2011_09_26/2011_09_26_drive_0039_sync,151,recovery,31,151,0000000151.png,1,0.29055995892145725,0.20798582824169026,0.0011076428030456888,gaussian_noise
learned_recurrent_error_zeroed,2011_09_26/2011_09_26_drive_0039_sync,151,recovery,31,151,0000000151.png,2,0.3476081949631556,0.26816915904163235,0.003388543992047108,gaussian_noise
learned_recurrent_error_zeroed,2011_09_26/2011_09_26_drive_0039_sync,151,recovery,31,151,0000000151.png,3,0.7592886074708379,0.6587840791160222,0.019992777873038527,gaussian_noise
learned_recurrent_error_zeroed,2011_09_26/2011_09_26_drive_0039_sync,151,recovery,31,151,0000000151.png,4,1.4003839088482024,1.2936192944478933,0.06107330529754765,gaussian_noise
learned_recurrent_error_zeroed,2011_09_26/2011_09_26_drive_0039_sync,151,recovery,31,151,0000000151.png,5,0.9808157086876622,0.9539024621290613,0.19057071358033884,gaussian_noise
learned_recurrent_error_zeroed,2011_09_26/2011_09_26_drive_0039_sync,152,recovery,32,152,0000000152.png,1,0.30360159154101213,0.21303581772422217,0.0009523250003150884,gaussian_noise
learned_recurrent_error_zeroed,2011_09_26/2011_09_26_drive_0039_sync,152,recovery,32,152,0000000152.png,2,0.3425792686068697,0.2684757803461568,0.003167114644002378,gaussian_noise
learned_recurrent_error_zeroed,2011_09_26/2011_09_26_drive_0039_sync,152,recovery,32,152,0000000152.png,3,0.7584002416929005,0.6603420518821909,0.019947195011935048,gaussian_noise
learned_recurrent_error_zeroed,2011_09_26/2011_09_26_drive_0039_sync,152,recovery,32,152,0000000152.png,4,1.397430634642926,1.2966325702265824,0.06050555223522541,gaussian_noise
learned_recurrent_error_zeroed,2011_09_26/2011_09_26_drive_0039_sync,152,recovery,32,152,0000000152.png,5,0.9803114400686876,0.9553888986466438,0.18868088047454926,gaussian_noise
learned_recurrent_error_zeroed,2011_09_26/2011_09_26_drive_0039_sync,153,recovery,33,153,0000000153.png,1,0.3135915930729774,0.21842573075118019,0.0008227284921666104,gaussian_noise
learned_recurrent_error_zeroed,2011_09_26/2011_09_26_drive_0039_sync,153,recovery,33,153,0000000153.png,2,0.34329260148515905,0.2684131221344293,0.0030063400471112916,gaussian_noise
learned_recurrent_error_zeroed,2011_09_26/2011_09_26_drive_0039_sync,153,recovery,33,153,0000000153.png,3,0.7596341312782272,0.6613707528521404,0.019852221082341973,gaussian_noise
learned_recurrent_error_zeroed,2011_09_26/2011_09_26_drive_0039_sync,153,recovery,33,153,0000000153.png,4,1.3960899477228246,1.2985648223898694,0.059762560957265065,gaussian_noise
learned_recurrent_error_zeroed,2011_09_26/2011_09_26_drive_0039_sync,153,recovery,33,153,0000000153.png,5,0.9802060251973753,0.9567766438388361,0.18645239349349493,gaussian_noise
learned_recurrent_error_zeroed,2011_09_26/2011_09_26_drive_0039_sync,154,recovery,34,154,0000000154.png,1,0.3069557948459215,0.22233483873253201,0.0007222831822467599,gaussian_noise
learned_recurrent_error_zeroed,2011_09_26/2011_09_26_drive_0039_sync,154,recovery,34,154,0000000154.png,2,0.3410206228941829,0.26768048370331565,0.0028975698439424108,gaussian_noise
learned_recurrent_error_zeroed,2011_09_26/2011_09_26_drive_0039_sync,154,recovery,34,154,0000000154.png,3,0.7590220753691111,0.6616644055997419,0.019702569191474867,gaussian_noise
learned_recurrent_error_zeroed,2011_09_26/2011_09_26_drive_0039_sync,154,recovery,34,154,0000000154.png,4,1.394787874991284,1.2994045401397236,0.05888310173720429,gaussian_noise
learned_recurrent_error_zeroed,2011_09_26/2011_09_26_drive_0039_sync,154,recovery,34,154,0000000154.png,5,0.9802035742613943,0.9579978919740566,0.18372354476172492,gaussian_noise
learned_recurrent_error_zeroed,2011_09_26/2011_09_26_drive_0039_sync,155,recovery,35,155,0000000155.png,1,0.28637217007351473,0.22207876381880318,0.0006440671645817454,gaussian_noise
learned_recurrent_error_zeroed,2011_09_26/2011_09_26_drive_0039_sync,155,recovery,35,155,0000000155.png,2,0.3391743902256162,0.26665681177457107,0.0028114754775456726,gaussian_noise
learned_recurrent_error_zeroed,2011_09_26/2011_09_26_drive_0039_sync,155,recovery,35,155,0000000155.png,3,0.7604651654753625,0.6619927493085556,0.01947353011325094,gaussian_noise
learned_recurrent_error_zeroed,2011_09_26/2011_09_26_drive_0039_sync,155,recovery,35,155,0000000155.png,4,1.3945463575926547,1.299627306097672,0.057896363066585015,gaussian_noise
learned_recurrent_error_zeroed,2011_09_26/2011_09_26_drive_0039_sync,155,recovery,35,155,0000000155.png,5,0.9803440532445823,0.9589859518413485,0.18044908213300478,gaussian_noise
learned_recurrent_error_zeroed,2011_09_26/2011_09_26_drive_0039_sync,156,recovery,36,156,0000000156.png,1,0.27915774125203924,0.22106816067519347,0.0005826799598464647,gaussian_noise
learned_recurrent_error_zeroed,2011_09_26/2011_09_26_drive_0039_sync,156,recovery,36,156,0000000156.png,2,0.33946868128093743,0.2656722517075294,0.0027434764264944607,gaussian_noise
learned_recurrent_error_zeroed,2011_09_26/2011_09_26_drive_0039_sync,156,recovery,36,156,0000000156.png,3,0.7596319952144673,0.6622720703379096,0.019216400575587142,gaussian_noise
learned_recurrent_error_zeroed,2011_09_26/2011_09_26_drive_0039_sync,156,recovery,36,156,0000000156.png,4,1.39301444064088,1.2992870700470875,0.05680179813767756,gaussian_noise
learned_recurrent_error_zeroed,2011_09_26/2011_09_26_drive_0039_sync,156,recovery,36,156,0000000156.png,5,0.980487879171517,0.9597027987742096,0.17687383680804974,gaussian_noise
learned_recurrent_error_zeroed,2011_09_26/2011_09_26_drive_0039_sync,157,recovery,37,157,0000000157.png,1,0.2774200531082498,0.21961560540656028,0.0005313818936349035,gaussian_noise
learned_recurrent_error_zeroed,2011_09_26/2011_09_26_drive_0039_sync,157,recovery,37,157,0000000157.png,2,0.34257332684520525,0.2655901436696899,0.002673053025932631,gaussian_noise
learned_recurrent_error_zeroed,2011_09_26/2011_09_26_drive_0039_sync,157,recovery,37,157,0000000157.png,3,0.7612320280490731,0.662715304333532,0.018911695851973113,gaussian_noise
learned_recurrent_error_zeroed,2011_09_26/2011_09_26_drive_0039_sync,157,recovery,37,157,0000000157.png,4,1.3937722019181615,1.2988041545521622,0.055644227933610776,gaussian_noise
learned_recurrent_error_zeroed,2011_09_26/2011_09_26_drive_0039_sync,157,recovery,37,157,0000000157.png,5,0.9807291790568162,0.9601475043821553,0.17316633006962506,gaussian_noise
learned_recurrent_error_zeroed,2011_09_26/2011_09_26_drive_0039_sync,158,recovery,38,158,0000000158.png,1,0.28372168294135724,0.21962621879206204,0.0004947058179380529,gaussian_noise
learned_recurrent_error_zeroed,2011_09_26/2011_09_26_drive_0039_sync,158,recovery,38,158,0000000158.png,2,0.3388113248113269,0.26526085586859616,0.0026255455046308436,gaussian_noise
learned_recurrent_error_zeroed,2011_09_26/2011_09_26_drive_0039_sync,158,recovery,38,158,0000000158.png,3,0.7561799577373778,0.6629358730483343,0.018563152649196744,gaussian_noise
learned_recurrent_error_zeroed,2011_09_26/2011_09_26_drive_0039_sync,158,recovery,38,158,0000000158.png,4,1.3963081306825345,1.29903148123678,0.05439788154901639,gaussian_noise
learned_recurrent_error_zeroed,2011_09_26/2011_09_26_drive_0039_sync,158,recovery,38,158,0000000158.png,5,0.9814833295690095,0.9604879113819479,0.16934533358436007,gaussian_noise
learned_recurrent_error_zeroed,2011_09_26/2011_09_26_drive_0039_sync,159,recovery,39,159,0000000159.png,1,0.29177900968532255,0.2200660937879485,0.0004705576268298349,gaussian_noise
learned_recurrent_error_zeroed,2011_09_26/2011_09_26_drive_0039_sync,159,recovery,39,159,0000000159.png,2,0.3419804943728641,0.2645408731537443,0.0026351265646079387,gaussian_noise
learned_recurrent_error_zeroed,2011_09_26/2011_09_26_drive_0039_sync,159,recovery,39,159,0000000159.png,3,0.735053397400669,0.6600059472465797,0.018307911159021063,gaussian_noise
learned_recurrent_error_zeroed,2011_09_26/2011_09_26_drive_0039_sync,159,recovery,39,159,0000000159.png,4,1.3870717081117663,1.2983715313850146,0.05319812955104,gaussian_noise
learned_recurrent_error_zeroed,2011_09_26/2011_09_26_drive_0039_sync,159,recovery,39,159,0000000159.png,5,0.9803803254106023,0.9605660503024913,0.16563829645847059,gaussian_noise
