condition,split,drive,sample_index,current_raw_frame_index,future_raw_frame_index,current_frame_name,future_frame_name,horizon_frames,horizon_seconds,temporal_fusion_applied,alignment_applied,feature_mse,feature_cosine,normalized_feature_error,copy_mse,raw_previous_to_current_mse,aligned_previous_to_current_mse,alignment_mse_reduction_fraction,alignment_patch_matching_mse,nonzero_motion_fraction,mean_motion_magnitude_cells,prediction_base_current_max_abs,aligned_temporal_difference_rms,predicted_residual_rms
aligned_temporal_difference,train,2011_09_26/2011_09_26_drive_0005_sync,0,0,1,0000000000.png,0000000001.png,1,0.1035,False,False,0.07603607326745987,0.8735837936401367,0.49964866042137146,0.07799730449914932,,,,,,,0.0,0.0,0.050342408203349946
aligned_temporal_difference,train,2011_09_26/2011_09_26_drive_0005_sync,1,1,2,0000000001.png,0000000002.png,1,0.1035,False,True,0.10459313541650772,0.8168583512306213,0.6023876667022705,0.10942087322473526,0.07799730449914932,0.07605593651533127,0.02489019327378458,0.06547671556472778,0.25,0.25,0.0,0.2757824079148836,0.05862104058506349
aligned_temporal_difference,train,2011_09_26/2011_09_26_drive_0005_sync,2,2,3,0000000002.png,0000000003.png,1,0.1035,False,True,0.08386188745498657,0.8365927338600159,0.5879839062690735,0.08856498450040817,0.10942087322473526,0.10442636162042618,0.04564496203618344,0.08990355581045151,0.18877550959587097,0.18877550959587097,0.0,0.3231506794367392,0.061181020010489494
aligned_temporal_difference,train,2011_09_26/2011_09_26_drive_0005_sync,3,3,4,0000000003.png,0000000004.png,1,0.1035,False,True,0.08861864358186722,0.8002556562423706,0.6410039067268372,0.09268239885568619,0.08856498450040817,0.08472807705402374,0.04332307477981602,0.07224933058023453,0.18877550959587097,0.18877550959587097,0.0,0.2910808771699435,0.052688289302268106
aligned_temporal_difference,train,2011_09_26/2011_09_26_drive_0005_sync,4,4,5,0000000004.png,0000000005.png,1,0.1035,False,True,0.06887616962194443,0.8307364583015442,0.5796623826026917,0.07182956486940384,0.09268239885568619,0.07876823097467422,0.15012740339918715,0.06627785414457321,0.3622449040412903,0.36858493089675903,0.0,0.28065678501449814,0.04969420754769942
aligned_temporal_difference,train,2011_09_26/2011_09_26_drive_0005_sync,5,5,6,0000000005.png,0000000006.png,1,0.1035,False,True,0.06106622889637947,0.8572807908058167,0.519040584564209,0.06177518144249916,0.07182956486940384,0.06872899830341339,0.04316560418579327,0.05857082083821297,0.2448979616165161,0.2448979616165161,0.0,0.2621621603195499,0.047437680692196664
aligned_temporal_difference,train,2011_09_26/2011_09_26_drive_0005_sync,6,6,7,0000000006.png,0000000007.png,1,0.1035,False,True,0.05606068670749664,0.862395167350769,0.5375742316246033,0.0585758350789547,0.06177518144249916,0.058313339948654175,0.056039357764854095,0.05259326845407486,0.2142857164144516,0.2142857164144516,0.0,0.2414815519841095,0.048253487989314
aligned_temporal_difference,train,2011_09_26/2011_09_26_drive_0005_sync,7,7,8,0000000007.png,0000000008.png,1,0.1035,False,True,0.07229916751384735,0.8292629718780518,0.5628061294555664,0.07368078082799911,0.0585758350789547,0.055999383330345154,0.04398489146824333,0.04844014346599579,0.2551020383834839,0.2551020383834839,0.0,0.23664188836794123,0.04481387112427233
aligned_temporal_difference,train,2011_09_26/2011_09_26_drive_0005_sync,8,8,9,0000000008.png,0000000009.png,1,0.1035,False,True,0.07963339984416962,0.8305182456970215,0.5647895932197571,0.08166414499282837,0.07368078082799911,0.07261144369840622,0.014513107998803147,0.061543677002191544,0.12244898080825806,0.12244898080825806,0.0,0.26946510664352485,0.05049225525923038
aligned_temporal_difference,train,2011_09_26/2011_09_26_drive_0005_sync,9,9,10,0000000009.png,0000000010.png,1,0.1035,False,True,0.07129136472940445,0.8395752906799316,0.5827086567878723,0.07530926167964935,0.08166414499282837,0.07642728090286255,0.06412684649335047,0.06770753115415573,0.22959183156490326,0.22959183156490326,0.0,0.276454844238372,0.0523749504938381
aligned_temporal_difference,train,2011_09_26/2011_09_26_drive_0005_sync,10,10,11,0000000010.png,0000000011.png,1,0.1035,False,True,0.07990626990795135,0.8164072036743164,0.5879974961280823,0.08186785876750946,0.07530926167964935,0.07164324820041656,0.048679450541253236,0.0646776482462883,0.19897958636283875,0.19897958636283875,0.0,0.26766256406232186,0.046305952531781
aligned_temporal_difference,train,2011_09_26/2011_09_26_drive_0005_sync,11,11,12,0000000011.png,0000000012.png,1,0.1035,False,True,0.0676373541355133,0.8439380526542664,0.5567216277122498,0.07066186517477036,0.08186785876750946,0.07537711411714554,0.07928318571023718,0.06812170147895813,0.27040815353393555,0.27040815353393555,0.0,0.27454892845747103,0.052207279493724286
aligned_temporal_difference,train,2011_09_26/2011_09_26_drive_0005_sync,12,12,13,0000000012.png,0000000013.png,1,0.1035,False,True,0.07454118877649307,0.8317049741744995,0.5653424859046936,0.07631371170282364,0.07066186517477036,0.06544392555952072,0.07384378550359419,0.06009017676115036,0.18877550959587097,0.19511549174785614,0.0,0.2558201039002227,0.047788454305574345
aligned_temporal_difference,train,2011_09_26/2011_09_26_drive_0005_sync,13,13,14,0000000013.png,0000000014.png,1,0.1035,False,True,0.07391631603240967,0.8515909314155579,0.52689129114151,0.07405053824186325,0.07631371170282364,0.07291338592767715,0.0445572060285553,0.06519967317581177,0.18367347121238708,0.18578681349754333,0.0,0.27002478761713183,0.05037398433193849
aligned_temporal_difference,train,2011_09_26/2011_09_26_drive_0005_sync,14,14,15,0000000014.png,0000000015.png,1,0.1035,False,True,0.08802150934934616,0.8253017663955688,0.5859476923942566,0.09168550372123718,0.07405053824186325,0.07299412786960602,0.01426607283807707,0.06689324229955673,0.06122449040412903,0.06122449040412903,0.0,0.2701742546387535,0.05532452485268454
aligned_temporal_difference,train,2011_09_26/2011_09_26_drive_0005_sync,15,15,16,0000000015.png,0000000016.png,1,0.1035,False,True,0.08555834740400314,0.8396645188331604,0.5490276217460632,0.08866777271032333,0.09168550372123718,0.0869041234254837,0.0521497957876842,0.07933966815471649,0.11224489659070969,0.11224489659070969,0.0,0.2947950532581639,0.05417592175137004
aligned_temporal_difference,train,2011_09_26/2011_09_26_drive_0005_sync,16,16,17,0000000016.png,0000000017.png,1,0.1035,False,True,0.09810368716716766,0.8209482431411743,0.589396595954895,0.10221537202596664,0.08866777271032333,0.08141051232814789,0.0818477803190663,0.07368624955415726,0.2448979616165161,0.2448979616165161,0.0,0.2853252746045255,0.05522597190666879
aligned_temporal_difference,train,2011_09_26/2011_09_26_drive_0005_sync,17,17,18,0000000017.png,0000000018.png,1,0.1035,False,True,0.0766577199101448,0.8595407009124756,0.5235427021980286,0.07831722497940063,0.10221537202596664,0.09759308397769928,0.04522106564454048,0.08382683992385864,0.11734693497419357,0.11946026980876923,0.0,0.31239891801621095,0.05701032582940608
aligned_temporal_difference,train,2011_09_26/2011_09_26_drive_0005_sync,18,18,19,0000000018.png,0000000019.png,1,0.1035,False,True,0.10086285322904587,0.8335959315299988,0.5558857917785645,0.1017996147274971,0.07831722497940063,0.0741775780916214,0.05285742553912074,0.06740693747997284,0.10204081237316132,0.10204081237316132,0.0,0.27235560962025623,0.05333678668748503
aligned_temporal_difference,train,2011_09_26/2011_09_26_drive_0005_sync,19,19,20,0000000019.png,0000000020.png,1,0.1035,False,True,0.11453688889741898,0.820878267288208,0.5859411954879761,0.11862939596176147,0.1017996147274971,0.10089004039764404,0.008934948646788668,0.08820502460002899,0.07653061300516129,0.07653061300516129,0.0,0.31763192597351425,0.06189792434766632
aligned_temporal_difference,train,2011_09_26/2011_09_26_drive_0005_sync,20,20,21,0000000020.png,0000000021.png,1,0.1035,False,True,0.08781229704618454,0.8583797216415405,0.5335789918899536,0.09178938716650009,0.11862939596176147,0.11435586214065552,0.03602423991506684,0.10520639270544052,0.09693877398967743,0.09693877398967743,0.0,0.3381654360526154,0.06220186360272491
aligned_temporal_difference,train,2011_09_26/2011_09_26_drive_0005_sync,21,21,22,0000000021.png,0000000022.png,1,0.1035,False,True,0.10942292213439941,0.8395352959632874,0.5454893708229065,0.11077208817005157,0.09178938716650009,0.09071102738380432,0.011748196779434799,0.08119843900203705,0.07653061300516129,0.07653061300516129,0.0,0.3011827142845424,0.058697366491180375
aligned_temporal_difference,train,2011_09_26/2011_09_26_drive_0005_sync,22,22,23,0000000022.png,0000000023.png,1,0.1035,False,True,0.09704151749610901,0.8531196117401123,0.5540764331817627,0.10159407556056976,0.11077208817005157,0.1058226004242897,0.044681722873759266,0.09591951966285706,0.12755101919174194,0.1338910311460495,0.0,0.3253038586065184,0.06397789538065628
aligned_temporal_difference,train,2011_09_26/2011_09_26_drive_0005_sync,23,23,24,0000000023.png,0000000024.png,1,0.1035,False,True,0.11404172331094742,0.828392744064331,0.5667023062705994,0.11601276695728302,0.10159407556056976,0.09997161477804184,0.01597003342542964,0.09116028249263763,0.05612244829535484,0.05612244829535484,0.0,0.31618288185485605,0.059312318432417466
aligned_temporal_difference,train,2011_09_26/2011_09_26_drive_0005_sync,24,24,25,0000000024.png,0000000025.png,1,0.1035,False,True,0.14179325103759766,0.8278211355209351,0.5617916584014893,0.1441359966993332,0.11601276695728302,0.11423534899950027,0.01532088238561888,0.10221374779939651,0.11224489659070969,0.1164715588092804,0.0,0.3379872024197074,0.06509497776352437
aligned_temporal_difference,train,2011_09_26/2011_09_26_drive_0005_sync,25,25,26,0000000025.png,0000000026.png,1,0.1035,False,True,0.18269985914230347,0.789891242980957,0.6363729238510132,0.19106584787368774,0.1441359966993332,0.1428309828042984,0.009054045657706457,0.12902773916721344,0.06632652878761292,0.06632652878761292,0.0,0.37792986492773817,0.07291068715316859
aligned_temporal_difference,train,2011_09_26/2011_09_26_drive_0005_sync,26,26,27,0000000026.png,0000000027.png,1,0.1035,False,True,0.22784224152565002,0.790831983089447,0.6136589050292969,0.23276744782924652,0.19106584787368774,0.18218857049942017,0.04646187412905043,0.1688675731420517,0.2448979616165161,0.2448979616165161,0.0,0.426835530971146,0.0748200994556059
aligned_temporal_difference,train,2011_09_26/2011_09_26_drive_0005_sync,27,27,28,0000000027.png,0000000028.png,1,0.1035,False,True,0.211229145526886,0.8116246461868286,0.6131361126899719,0.22674190998077393,0.23276744782924652,0.22743116319179535,0.022925390501191394,0.21151386201381683,0.12244898080825806,0.12244898080825806,0.0,0.47689743466682155,0.08643258870788192
aligned_temporal_difference,train,2011_09_26/2011_09_26_drive_0005_sync,28,28,29,0000000028.png,0000000029.png,1,0.1035,False,True,0.17996148765087128,0.8288657069206238,0.5821568369865417,0.19272425770759583,0.22674190998077393,0.21790526807308197,0.03897224782326848,0.2083785980939865,0.1071428582072258,0.11136952042579651,0.0,0.466803243426052,0.08477712895958017
aligned_temporal_difference,train,2011_09_26/2011_09_26_drive_0005_sync,29,29,30,0000000029.png,0000000030.png,1,0.1035,False,True,0.19520798325538635,0.8054976463317871,0.6178264021873474,0.20656220614910126,0.19272425770759583,0.18654237687587738,0.03207629856900364,0.17834308743476868,0.18877550959587097,0.18877550959587097,0.0,0.4319055184596249,0.07950664630115957
aligned_temporal_difference,train,2011_09_26/2011_09_26_drive_0005_sync,30,30,31,0000000030.png,0000000031.png,1,0.1035,False,True,0.19255240261554718,0.8048211932182312,0.6149580478668213,0.20174197852611542,0.20656220614910126,0.18667173385620117,0.09629289241102844,0.1842213273048401,0.15306122601032257,0.15517455339431763,0.0,0.43205524398646195,0.07884946434569123
aligned_temporal_difference,train,2011_09_26/2011_09_26_drive_0005_sync,31,31,32,0000000031.png,0000000032.png,1,0.1035,False,True,0.179782897233963,0.8151363134384155,0.6008018851280212,0.18790657818317413,0.20174197852611542,0.18759988248348236,0.0700999174586878,0.18099448084831238,0.21938775479793549,0.21938775479793549,0.0,0.4331280208939181,0.07874272038479774
aligned_temporal_difference,train,2011_09_26/2011_09_26_drive_0005_sync,32,32,33,0000000032.png,0000000033.png,1,0.1035,False,True,0.18917478621006012,0.8134076595306396,0.5928550958633423,0.19727739691734314,0.18790657818317413,0.1836995780467987,0.02238878583736638,0.1763758361339569,0.15306122601032257,0.15306122601032257,0.0,0.4286018875912689,0.07690865337808594
aligned_temporal_difference,train,2011_09_26/2011_09_26_drive_0005_sync,33,33,34,0000000033.png,0000000034.png,1,0.1035,False,True,0.19383615255355835,0.813124418258667,0.6016743779182434,0.2055416852235794,0.19727739691734314,0.18881730735301971,0.04288423152637249,0.18420663475990295,0.0714285671710968,0.0714285671710968,0.0,0.4345311350789719,0.08147902751412227
aligned_temporal_difference,train,2011_09_26/2011_09_26_drive_0005_sync,34,34,35,0000000034.png,0000000035.png,1,0.1035,False,True,0.22242605686187744,0.8021036386489868,0.6066902875900269,0.23189370334148407,0.2055416852235794,0.18958987295627594,0.07760864785141647,0.18308903276920319,0.13775509595870972,0.13775509595870972,0.0,0.4354191922231678,0.07727399098046996
aligned_temporal_difference,train,2011_09_26/2011_09_26_drive_0005_sync,35,35,36,0000000035.png,0000000036.png,1,0.1035,False,True,0.23986531794071198,0.804671585559845,0.6060718297958374,0.24855482578277588,0.23189370334148407,0.2278456687927246,0.017456422880091617,0.21628184616565704,0.12755101919174194,0.12755101919174194,0.0,0.47733182252257667,0.08469896376183098
aligned_temporal_difference,train,2011_09_26/2011_09_26_drive_0005_sync,36,36,37,0000000036.png,0000000037.png,1,0.1035,False,True,0.19554822146892548,0.8477620482444763,0.5393325090408325,0.20318922400474548,0.24855482578277588,0.23760966956615448,0.04403517888720013,0.22224858403205872,0.19387754797935486,0.19387754797935486,0.0,0.48745222285487066,0.08971615728912467
aligned_temporal_difference,train,2011_09_26/2011_09_26_drive_0005_sync,37,37,38,0000000037.png,0000000038.png,1,0.1035,False,True,0.21782170236110687,0.8282588720321655,0.5817198157310486,0.23010116815567017,0.20318922400474548,0.19797924160957336,0.025641036923544924,0.18334271013736725,0.11734693497419357,0.12368694692850113,0.0,0.44494858310772645,0.08697617647271584
aligned_temporal_difference,train,2011_09_26/2011_09_26_drive_0005_sync,38,38,39,0000000038.png,0000000039.png,1,0.1035,False,True,0.21531865000724792,0.8228030204772949,0.59052973985672,0.22741864621639252,0.23010116815567017,0.21791104972362518,0.05297721228341619,0.20801867544651031,0.20408162474632263,0.20408162474632263,0.0,0.46680943619813986,0.08605882089707916
aligned_temporal_difference,train,2011_09_26/2011_09_26_drive_0005_sync,39,39,40,0000000039.png,0000000040.png,1,0.1035,False,True,0.18534590303897858,0.8393746614456177,0.5657750368118286,0.19405615329742432,0.22741864621639252,0.22653287649154663,0.0038948861035917963,0.2133622020483017,0.02551020309329033,0.02551020309329033,0.0,0.47595470004144996,0.08324178930086211
aligned_temporal_difference,train,2011_09_26/2011_09_26_drive_0005_sync,40,40,41,0000000040.png,0000000041.png,1,0.1035,False,True,0.17386506497859955,0.845970094203949,0.5462454557418823,0.18110567331314087,0.19405615329742432,0.18165086209774017,0.06392629653268922,0.17020568251609802,0.27551019191741943,0.27551019191741943,0.0,0.426205187788394,0.07892713624413666
aligned_temporal_difference,train,2011_09_26/2011_09_26_drive_0005_sync,41,41,42,0000000041.png,0000000042.png,1,0.1035,False,True,0.19734935462474823,0.8279863595962524,0.5747013688087463,0.2049420326948166,0.18110567331314087,0.16494935750961304,0.08920933015495734,0.15796397626399994,0.27040815353393555,0.27040815353393555,0.0,0.4061395788514252,0.0766855155403204
aligned_temporal_difference,train,2011_09_26/2011_09_26_drive_0005_sync,42,42,43,0000000042.png,0000000043.png,1,0.1035,False,True,0.2153712809085846,0.8383572101593018,0.5468878149986267,0.2190990000963211,0.2049420326948166,0.19440697133541107,0.05140507889415489,0.1784520447254181,0.2806122303009033,0.2869522273540497,0.0,0.4409160592849971,0.07993433999622643
aligned_temporal_difference,train,2011_09_26/2011_09_26_drive_0005_sync,43,43,44,0000000043.png,0000000044.png,1,0.1035,False,True,0.23590119183063507,0.8356181383132935,0.5596286654472351,0.24403820931911469,0.2190990000963211,0.20074878633022308,0.08375306942537772,0.19034443795681,0.34693875908851624,0.34693875908851624,0.0,0.44804998195538753,0.08571845825495426
aligned_temporal_difference,train,2011_09_26/2011_09_26_drive_0005_sync,44,44,45,0000000044.png,0000000045.png,1,0.1035,False,True,0.21449804306030273,0.8417716026306152,0.5710557699203491,0.22904345393180847,0.24403820931911469,0.20384356379508972,0.16470636150040235,0.19523264467716217,0.3877550959587097,0.39409512281417847,0.0,0.4514903806229871,0.08958359557028395
aligned_temporal_difference,train,2011_09_26/2011_09_26_drive_0005_sync,45,45,46,0000000045.png,0000000046.png,1,0.1035,False,True,0.21613693237304688,0.8281594514846802,0.5797590017318726,0.22501903772354126,0.22904345393180847,0.18536372482776642,0.1907049878711946,0.18148207664489746,0.43877550959587097,0.43877550959587097,0.0,0.43053887725473344,0.08117012340998218
aligned_temporal_difference,train,2011_09_26/2011_09_26_drive_0005_sync,46,46,47,0000000046.png,0000000047.png,1,0.1035,False,True,0.20235022902488708,0.8410165309906006,0.5513597726821899,0.20925238728523254,0.22501903772354126,0.20292213559150696,0.09820014499920932,0.18930578231811523,0.43877550959587097,0.4408888518810272,0.0,0.4504687953582434,0.0830179236368623
aligned_temporal_difference,train,2011_09_26/2011_09_26_drive_0005_sync,47,47,48,0000000047.png,0000000048.png,1,0.1035,False,True,0.20559433102607727,0.8253534436225891,0.6082594394683838,0.2207878679037094,0.20925238728523254,0.19090531766414642,0.08767914124715422,0.17720693349838257,0.33673468232154846,0.33673468232154846,0.0,0.43692713084008233,0.08572147321199775
aligned_temporal_difference,train,2011_09_26/2011_09_26_drive_0005_sync,48,48,49,0000000048.png,0000000049.png,1,0.1035,False,True,0.183745339512825,0.8254209756851196,0.5861338376998901,0.19174225628376007,0.2207878679037094,0.18242162466049194,0.17376970758171303,0.1718360185623169,0.40816324949264526,0.40816324949264526,0.0,0.4271084460186803,0.07866011876926911
aligned_temporal_difference,train,2011_09_26/2011_09_26_drive_0005_sync,49,49,50,0000000049.png,0000000050.png,1,0.1035,False,True,0.18950490653514862,0.8180046081542969,0.5921292901039124,0.19646523892879486,0.19174225628376007,0.17425411939620972,0.09120648325776241,0.16127900779247284,0.31122449040412903,0.31122449040412903,0.0,0.41743756347052635,0.07680317118496997
aligned_temporal_difference,train,2011_09_26/2011_09_26_drive_0005_sync,50,50,51,0000000050.png,0000000051.png,1,0.1035,False,True,0.2165721356868744,0.7899153828620911,0.6414783596992493,0.22652466595172882,0.19646523892879486,0.16239327192306519,0.17342491318822267,0.1519535779953003,0.357142835855484,0.357142835855484,0.0,0.4029804857844424,0.0761408070026448
aligned_temporal_difference,train,2011_09_26/2011_09_26_drive_0005_sync,51,51,52,0000000051.png,0000000052.png,1,0.1035,False,True,0.20888157188892365,0.7914362549781799,0.6379692554473877,0.22058884799480438,0.22652466595172882,0.20790868997573853,0.08218078988341719,0.19090858101844788,0.3520407974720001,0.3520407974720001,0.0,0.45597005381465405,0.07971655816048637
aligned_temporal_difference,train,2011_09_26/2011_09_26_drive_0005_sync,52,52,53,0000000052.png,0000000053.png,1,0.1035,False,True,0.22726774215698242,0.7794928550720215,0.6451873183250427,0.23648682236671448,0.22058884799480438,0.18036596477031708,0.18234323081207937,0.1680540144443512,0.43877550959587097,0.43877550959587097,0.0,0.42469514333262287,0.07536747965039839
aligned_temporal_difference,train,2011_09_26/2011_09_26_drive_0005_sync,53,53,54,0000000053.png,0000000054.png,1,0.1035,False,True,0.21899573504924774,0.8007023334503174,0.6132672429084778,0.22961527109146118,0.23648682236671448,0.21646259725093842,0.08467374594227907,0.20108366012573242,0.31122449040412903,0.31122449040412903,0.0,0.4652554107701902,0.08267073350254212
aligned_temporal_difference,train,2011_09_26/2011_09_26_drive_0005_sync,54,54,55,0000000054.png,0000000055.png,1,0.1035,False,True,0.2484922558069229,0.7972819805145264,0.6132488250732422,0.25746890902519226,0.22961527109146118,0.20740529894828796,0.09672689467734252,0.1888565868139267,0.2908163070678711,0.2908163070678711,0.0,0.4554177191856812,0.08187319651648514
aligned_temporal_difference,train,2011_09_26/2011_09_26_drive_0005_sync,55,55,56,0000000055.png,0000000056.png,1,0.1035,False,True,0.2173193246126175,0.8077391982078552,0.6560749411582947,0.23634734749794006,0.25746890902519226,0.22936201095581055,0.10916618311623626,0.2150478959083557,0.3928571343421936,0.3928571343421936,0.0,0.47891754087296756,0.0893052799210877
aligned_temporal_difference,train,2011_09_26/2011_09_26_drive_0005_sync,56,56,57,0000000056.png,0000000057.png,1,0.1035,False,True,0.19526076316833496,0.8040928244590759,0.6135197877883911,0.20507395267486572,0.23634734749794006,0.19980493187904358,0.1546131826980414,0.1825757920742035,0.37244898080825806,0.37244898080825806,0.0,0.4469954495059693,0.07630150719361112
aligned_temporal_difference,train,2011_09_26/2011_09_26_drive_0005_sync,57,57,58,0000000057.png,0000000058.png,1,0.1035,False,True,0.18915335834026337,0.7974330186843872,0.6450637578964233,0.20491759479045868,0.20507395267486572,0.16984841227531433,0.17176993928331644,0.15473690629005432,0.3214285671710968,0.3214285671710968,0.0,0.41212669444639755,0.07747206231476558
aligned_temporal_difference,train,2011_09_26/2011_09_26_drive_0005_sync,58,58,59,0000000058.png,0000000059.png,1,0.1035,False,True,0.13818727433681488,0.8505454063415527,0.5327253341674805,0.14257827401161194,0.20491759479045868,0.15849490463733673,0.22654321216580797,0.14522671699523926,0.30102041363716125,0.30102041363716125,0.0,0.3981141854259111,0.07027394840570028
aligned_temporal_difference,train,2011_09_26/2011_09_26_drive_0005_sync,59,59,60,0000000059.png,0000000060.png,1,0.1035,False,True,0.13583968579769135,0.8457078337669373,0.5672158002853394,0.14430588483810425,0.14257827401161194,0.12405873835086823,0.12989030614324476,0.11161988973617554,0.19897958636283875,0.19897958636283875,0.0,0.3522197302123608,0.07016859959016851
aligned_temporal_difference,train,2011_09_26/2011_09_26_drive_0005_sync,60,60,61,0000000060.png,0000000061.png,1,0.1035,False,True,0.12370815873146057,0.8441087603569031,0.5579726696014404,0.1298249512910843,0.14430588483810425,0.12930704653263092,0.10393781461026637,0.11173376441001892,0.16326530277729034,0.16326530277729034,0.0,0.3595928899917668,0.06698857956671442
aligned_temporal_difference,train,2011_09_26/2011_09_26_drive_0005_sync,61,61,62,0000000061.png,0000000062.png,1,0.1035,False,True,0.10976304858922958,0.8520915508270264,0.5445009469985962,0.11542931944131851,0.1298249512910843,0.10309727489948273,0.20587472689802644,0.09488030523061752,0.34693875908851624,0.34693875908851624,0.0,0.321087643641861,0.06332419521798921
aligned_temporal_difference,train,2011_09_26/2011_09_26_drive_0005_sync,62,62,63,0000000062.png,0000000063.png,1,0.1035,False,True,0.08221346139907837,0.887793779373169,0.4659700095653534,0.08442313969135284,0.11542931944131851,0.10149027407169342,0.1207582738691565,0.08253157883882523,0.178571417927742,0.178571417927742,0.0,0.31857538208671027,0.061501739475293825
aligned_temporal_difference,train,2011_09_26/2011_09_26_drive_0005_sync,63,63,64,0000000063.png,0000000064.png,1,0.1035,False,True,0.08699041604995728,0.8807578086853027,0.4839996099472046,0.09020446240901947,0.08442313969135284,0.07469106465578079,0.1152773406811459,0.06395172327756882,0.1428571343421936,0.1428571343421936,0.0,0.27329666052804374,0.05915646553806349
aligned_temporal_difference,train,2011_09_26/2011_09_26_drive_0005_sync,64,64,65,0000000064.png,0000000065.png,1,0.1035,False,True,0.066326804459095,0.9126805067062378,0.4095863699913025,0.06609661877155304,0.09020446240901947,0.08212108910083771,0.08961167876073405,0.07092595100402832,0.12755101919174194,0.12755101919174194,0.0,0.28656777400963585,0.05732992865152068
aligned_temporal_difference,train,2011_09_26/2011_09_26_drive_0005_sync,65,65,66,0000000065.png,0000000066.png,1,0.1035,False,True,0.07888060808181763,0.899522066116333,0.44033083319664,0.08030994981527328,0.06609661877155304,0.06266816705465317,0.05187030411872482,0.054681017994880676,0.11224489659070969,0.11224489659070969,0.0,0.2503361081718999,0.05677916995281654
aligned_temporal_difference,train,2011_09_26/2011_09_26_drive_0005_sync,66,66,67,0000000066.png,0000000067.png,1,0.1035,False,True,0.09357103705406189,0.8751229047775269,0.504761278629303,0.09760009497404099,0.08030994981527328,0.07967469841241837,0.007909996262183043,0.06746495515108109,0.05102040618658066,0.05102040618658066,0.0,0.2822670693021387,0.060020182507026384
aligned_temporal_difference,train,2011_09_26/2011_09_26_drive_0005_sync,67,67,68,0000000067.png,0000000068.png,1,0.1035,False,True,0.09809641540050507,0.8567496538162231,0.5367125868797302,0.10314976423978806,0.09760009497404099,0.09156538546085358,0.06183097992673552,0.0767957791686058,0.13775509595870972,0.13775509595870972,0.0,0.30259772877675994,0.05866324158362249
aligned_temporal_difference,train,2011_09_26/2011_09_26_drive_0005_sync,68,68,69,0000000068.png,0000000069.png,1,0.1035,False,True,0.08002718538045883,0.8803317546844482,0.48189854621887207,0.08196736872196198,0.10314976423978806,0.09106075018644333,0.11719865908022715,0.07733991742134094,0.17346937954425812,0.17558272182941437,0.0,0.30176273823393657,0.05495529089540528
aligned_temporal_difference,train,2011_09_26/2011_09_26_drive_0005_sync,69,69,70,0000000069.png,0000000070.png,1,0.1035,False,True,0.06624432653188705,0.9037625789642334,0.4308641850948334,0.06674595922231674,0.08196736872196198,0.07750093936920166,0.054490334658792085,0.06877841800451279,0.14795918762683868,0.14795918762683868,0.0,0.27838990529328045,0.054322817063004084
aligned_temporal_difference,train,2011_09_26/2011_09_26_drive_0005_sync,70,70,71,0000000070.png,0000000071.png,1,0.1035,False,True,0.0778348296880722,0.8855527639389038,0.47563913464546204,0.08020421862602234,0.06674595922231674,0.06565317511558533,0.016372288591906828,0.06024421006441116,0.09183673560619354,0.09183673560619354,0.0,0.25622875544244705,0.05378462115507896
aligned_temporal_difference,train,2011_09_26/2011_09_26_drive_0005_sync,71,71,72,0000000071.png,0000000072.png,1,0.1035,False,True,0.09176735579967499,0.8582056760787964,0.5332061052322388,0.09416482597589493,0.08020421862602234,0.07762225717306137,0.032192339719687116,0.07087056338787079,0.11734693497419357,0.11734693497419357,0.0,0.2786077119770043,0.054254014436343534
aligned_temporal_difference,train,2011_09_26/2011_09_26_drive_0005_sync,72,72,73,0000000072.png,0000000073.png,1,0.1035,False,True,0.08561968058347702,0.865559458732605,0.5095685720443726,0.08743762969970703,0.09416482597589493,0.0903441533446312,0.040574307780718244,0.08208546787500381,0.30102041363716125,0.30102041363716125,0.0,0.3005730416132345,0.05568532997550171
aligned_temporal_difference,train,2011_09_26/2011_09_26_drive_0005_sync,73,73,74,0000000073.png,0000000074.png,1,0.1035,False,True,0.10961339622735977,0.8216596841812134,0.5992265343666077,0.11442648619413376,0.08743762969970703,0.07957872003316879,0.08988017737361619,0.07159825414419174,0.34183672070503235,0.34183672070503235,0.0,0.28209700465118165,0.05513931436540356
aligned_temporal_difference,train,2011_09_26/2011_09_26_drive_0005_sync,74,74,75,0000000074.png,0000000075.png,1,0.1035,False,True,0.12716779112815857,0.8034111261367798,0.6042388677597046,0.13139688968658447,0.11442648619413376,0.09979048371315002,0.12790747114398476,0.08827471733093262,0.4336734712123871,0.4336734712123871,0.0,0.31589631797972895,0.05766051287967508
aligned_temporal_difference,train,2011_09_26/2011_09_26_drive_0005_sync,75,75,76,0000000075.png,0000000076.png,1,0.1035,False,True,0.12282044440507889,0.8117393255233765,0.6117905974388123,0.12991675734519958,0.13139688968658447,0.11285603791475296,0.14110571274598838,0.10014861077070236,0.3520407974720001,0.35415413975715637,0.0,0.33594052734785207,0.062251451747671584
aligned_temporal_difference,train,2011_09_26/2011_09_26_drive_0005_sync,76,76,77,0000000076.png,0000000077.png,1,0.1035,False,True,0.11304328590631485,0.8268775939941406,0.5757352709770203,0.11648022383451462,0.12991675734519958,0.10433963686227798,0.19687314404685358,0.09486517310142517,0.34693875908851624,0.34693875908851624,0.0,0.323016465311411,0.05801466650881239
aligned_temporal_difference,train,2011_09_26/2011_09_26_drive_0005_sync,77,77,78,0000000077.png,0000000078.png,1,0.1035,False,True,0.09635712951421738,0.8520581722259521,0.5386559963226318,0.09955175220966339,0.11648022383451462,0.09522924572229385,0.182442799409558,0.08594474196434021,0.6377550959587097,0.6377550959587097,0.0,0.3085923617367965,0.059605138791898056
aligned_temporal_difference,train,2011_09_26/2011_09_26_drive_0005_sync,78,78,79,0000000078.png,0000000079.png,1,0.1035,False,True,0.12372276186943054,0.8220804929733276,0.5765143036842346,0.12814439833164215,0.09955175220966339,0.09020598977804184,0.09387843231466866,0.08269853889942169,0.27551019191741943,0.27551019191741943,0.0,0.3003431200777568,0.058773876522705826
aligned_temporal_difference,train,2011_09_26/2011_09_26_drive_0005_sync,79,79,80,0000000079.png,0000000080.png,1,0.1035,False,True,0.14111413061618805,0.8024474382400513,0.6194807887077332,0.147882342338562,0.12814439833164215,0.11437908560037613,0.10742032356062038,0.09754513204097748,0.5051020383834839,0.5051020383834839,0.0,0.3381997717331816,0.06385785174600672
aligned_temporal_difference,train,2011_09_26/2011_09_26_drive_0005_sync,80,80,81,0000000080.png,0000000081.png,1,0.1035,False,True,0.11179561913013458,0.8570737242698669,0.5174093842506409,0.11517239362001419,0.147882342338562,0.11072320491075516,0.25127501255514795,0.10156559199094772,0.5918367505073547,0.6045166850090027,0.0,0.33275096530401704,0.061922170156323626
aligned_temporal_difference,train,2011_09_26/2011_09_26_drive_0005_sync,81,81,82,0000000081.png,0000000082.png,1,0.1035,False,True,0.14003370702266693,0.8342549800872803,0.5607665181159973,0.14757095277309418,0.11517239362001419,0.0980653241276741,0.14853446172857251,0.09108369797468185,0.6020408272743225,0.6020408272743225,0.0,0.3131538346047739,0.06446302583538982
aligned_temporal_difference,train,2011_09_26/2011_09_26_drive_0005_sync,82,82,83,0000000082.png,0000000083.png,1,0.1035,False,True,0.12271997332572937,0.8603253960609436,0.5174505710601807,0.12867261469364166,0.14757095277309418,0.11251530796289444,0.23755111796358372,0.10313543677330017,0.5510203838348389,0.5531337261199951,0.0,0.33543301561249816,0.06815860761988157
aligned_temporal_difference,train,2011_09_26/2011_09_26_drive_0005_sync,83,83,84,0000000083.png,0000000084.png,1,0.1035,False,True,0.1267029494047165,0.8531877994537354,0.5393285751342773,0.1356273889541626,0.12867261469364166,0.09960530698299408,0.22590127495158407,0.09199760854244232,0.5306122303009033,0.5306122303009033,0.0,0.3156030845587446,0.06729930042486716
aligned_temporal_difference,train,2011_09_26/2011_09_26_drive_0005_sync,84,84,85,0000000084.png,0000000085.png,1,0.1035,False,True,0.12042602896690369,0.8741658926010132,0.4860992431640625,0.12429229170084,0.1356273889541626,0.10292857140302658,0.24109302555538464,0.09144999086856842,0.6938775181770325,0.6938775181770325,0.0,0.3208248297794711,0.06453750606581538
aligned_temporal_difference,train,2011_09_26/2011_09_26_drive_0005_sync,85,85,86,0000000085.png,0000000086.png,1,0.1035,False,True,0.13510502874851227,0.8557542562484741,0.5392624735832214,0.14448675513267517,0.12429229170084,0.10335884988307953,0.1684210785021594,0.09665995836257935,0.43877550959587097,0.43877550959587097,0.0,0.3214947120608355,0.07163182253407825
aligned_temporal_difference,train,2011_09_26/2011_09_26_drive_0005_sync,86,86,87,0000000086.png,0000000087.png,1,0.1035,False,True,0.13378000259399414,0.8563951253890991,0.5239787697792053,0.1409803032875061,0.14448675513267517,0.11320808529853821,0.21648122560033464,0.1000395268201828,0.6581632494926453,0.6581632494926453,0.0,0.3364640921384304,0.06706997564716652
aligned_temporal_difference,train,2011_09_26/2011_09_26_drive_0005_sync,87,87,88,0000000087.png,0000000088.png,1,0.1035,False,True,0.12622904777526855,0.8696904182434082,0.49918341636657715,0.1329975128173828,0.1409803032875061,0.10145016014575958,0.28039479430776443,0.09293974190950394,0.6326530575752258,0.6326530575752258,0.0,0.31851241756917353,0.06969847059818428
aligned_temporal_difference,train,2011_09_26/2011_09_26_drive_0005_sync,88,88,89,0000000088.png,0000000089.png,1,0.1035,False,True,0.14835019409656525,0.8458572626113892,0.5497346520423889,0.15787383913993835,0.1329975128173828,0.09787055104970932,0.2641174336538599,0.08739996701478958,0.5969387888908386,0.5969387888908386,0.0,0.3128426937770951,0.07146129965302027
aligned_temporal_difference,train,2011_09_26/2011_09_26_drive_0005_sync,89,89,90,0000000089.png,0000000090.png,1,0.1035,False,True,0.14243432879447937,0.854316234588623,0.5267255902290344,0.14929543435573578,0.15787383913993835,0.10223065316677094,0.3524534924614436,0.0940251424908638,0.7244898080825806,0.7244898080825806,0.0,0.31973528608330193,0.0723445339088317
aligned_temporal_difference,train,2011_09_26/2011_09_26_drive_0005_sync,90,90,91,0000000090.png,0000000091.png,1,0.1035,False,True,0.15930524468421936,0.8472226858139038,0.5369633436203003,0.17149800062179565,0.14929543435573578,0.11114540696144104,0.25553378480009126,0.10141674429178238,0.6530612111091614,0.6530612111091614,0.0,0.3333847731397477,0.07726843471066278
aligned_temporal_difference,train,2011_09_26/2011_09_26_drive_0005_sync,91,91,92,0000000091.png,0000000092.png,1,0.1035,False,True,0.15372402966022491,0.8490368127822876,0.5466446280479431,0.16686797142028809,0.17149800062179565,0.11286042630672455,0.34191404041137763,0.09966740757226944,0.5408163070678711,0.5408163070678711,0.0,0.3359470587856434,0.08125348587994723
aligned_temporal_difference,train,2011_09_26/2011_09_26_drive_0005_sync,92,92,93,0000000092.png,0000000093.png,1,0.1035,False,True,0.15067437291145325,0.8399233222007751,0.5680088400840759,0.166594460606575,0.16686797142028809,0.10956431925296783,0.34340713607041057,0.09906614571809769,0.668367326259613,0.668367326259613,0.0,0.3310050139393176,0.07700559816701492
aligned_temporal_difference,train,2011_09_26/2011_09_26_drive_0005_sync,93,93,94,0000000093.png,0000000094.png,1,0.1035,False,True,0.12732882797718048,0.8605854511260986,0.5186493992805481,0.13361774384975433,0.166594460606575,0.10334616154432297,0.37965427440962474,0.09639954566955566,0.5306122303009033,0.5306122303009033,0.0,0.32147497809988723,0.06744778306621345
aligned_temporal_difference,train,2011_09_26/2011_09_26_drive_0005_sync,94,94,95,0000000094.png,0000000095.png,1,0.1035,False,True,0.1495816558599472,0.8392062187194824,0.5556961894035339,0.15842358767986298,0.13361774384975433,0.10100258141756058,0.24409304851657784,0.09115449339151382,0.5561224222183228,0.5561224222183228,0.0,0.3178090329389028,0.06816085190302965
aligned_temporal_difference,train,2011_09_26/2011_09_26_drive_0005_sync,95,95,96,0000000095.png,0000000096.png,1,0.1035,False,True,0.1264604777097702,0.8598827719688416,0.5275309085845947,0.13499172031879425,0.15842358767986298,0.10188007354736328,0.35691348088114827,0.09558601677417755,0.6326530575752258,0.6326530575752258,0.0,0.31918658108912296,0.06849494161906805
aligned_temporal_difference,train,2011_09_26/2011_09_26_drive_0005_sync,96,96,97,0000000096.png,0000000097.png,1,0.1035,False,True,0.11400442570447922,0.8637315034866333,0.5256047248840332,0.12025904655456543,0.13499172031879425,0.1074836403131485,0.2037760533807786,0.09761612862348557,0.4234693646430969,0.4234693646430969,0.0,0.3278469769772912,0.06519767562670098
aligned_temporal_difference,train,2011_09_26/2011_09_26_drive_0005_sync,97,97,98,0000000097.png,0000000098.png,1,0.1035,False,True,0.14299531280994415,0.8033291101455688,0.6511192917823792,0.1522868424654007,0.12025904655456543,0.08802108466625214,0.26807099184580585,0.08018983155488968,0.5408163070678711,0.5408163070678711,0.0,0.29668347555307517,0.06297094638841721
aligned_temporal_difference,train,2011_09_26/2011_09_26_drive_0005_sync,98,98,99,0000000098.png,0000000099.png,1,0.1035,False,True,0.1441006064414978,0.7776456475257874,0.6578028798103333,0.15295158326625824,0.1522868424654007,0.11282463371753693,0.25913078312612275,0.09809106588363647,0.7193877696990967,0.7193877696990967,0.0,0.33589378338626175,0.0622751991301331
aligned_temporal_difference,train,2011_09_26/2011_09_26_drive_0005_sync,99,99,100,0000000099.png,0000000100.png,1,0.1035,False,True,0.13709883391857147,0.7966862320899963,0.6189128160476685,0.14267125725746155,0.15295158326625824,0.1209351196885109,0.20932417235598705,0.10263059288263321,0.5510203838348389,0.5510203838348389,0.0,0.3477572712230628,0.06169204654831121
aligned_temporal_difference,train,2011_09_26/2011_09_26_drive_0005_sync,100,100,101,0000000100.png,0000000101.png,1,0.1035,False,True,0.14916415512561798,0.779133677482605,0.6588866114616394,0.15845045447349548,0.14267125725746155,0.1166667640209198,0.1822686204384853,0.09730850905179977,0.5867346525192261,0.5867346525192261,0.0,0.341565168043991,0.06432448901958678
aligned_temporal_difference,train,2011_09_26/2011_09_26_drive_0005_sync,101,101,102,0000000101.png,0000000102.png,1,0.1035,False,True,0.1157059371471405,0.8158450126647949,0.613609254360199,0.12246593087911606,0.15845045447349548,0.11772634088993073,0.25701481083714284,0.10483652353286743,0.6938775181770325,0.6938775181770325,0.0,0.3431127232994001,0.06124917654109178
aligned_temporal_difference,train,2011_09_26/2011_09_26_drive_0005_sync,102,102,103,0000000102.png,0000000103.png,1,0.1035,False,True,0.09528233855962753,0.8411428928375244,0.5547447800636292,0.09974890202283859,0.12246593087911606,0.0982789397239685,0.19749975345406146,0.08588983118534088,0.4591836631298065,0.4591836631298065,0.0,0.31349472040844406,0.057499004645647334
aligned_temporal_difference,train,2011_09_26/2011_09_26_drive_0005_sync,103,103,104,0000000103.png,0000000104.png,1,0.1035,False,True,0.12041451781988144,0.7945839762687683,0.6376052498817444,0.12676984071731567,0.09974890202283859,0.07990352064371109,0.19895338170823862,0.07341185957193375,0.5714285373687744,0.5714285373687744,0.0,0.282672108004506,0.0558817126053741
aligned_temporal_difference,train,2011_09_26/2011_09_26_drive_0005_sync,104,104,105,0000000104.png,0000000105.png,1,0.1035,False,True,0.11126788705587387,0.8064167499542236,0.6129301190376282,0.1172647774219513,0.12676984071731567,0.09639743715524673,0.239586982126107,0.08600951731204987,0.6989795565605164,0.7010928988456726,0.0,0.3104793667141936,0.057528690489702626
aligned_temporal_difference,train,2011_09_26/2011_09_26_drive_0005_sync,105,105,106,0000000105.png,0000000106.png,1,0.1035,False,True,0.12758715450763702,0.8025978207588196,0.6028249263763428,0.13370832800865173,0.1172647774219513,0.10521113872528076,0.10278993370104807,0.09537885338068008,0.4336734712123871,0.4336734712123871,0.0,0.32436266543065767,0.05787971461982093
aligned_temporal_difference,train,2011_09_26/2011_09_26_drive_0005_sync,106,106,107,0000000106.png,0000000107.png,1,0.1035,False,True,0.14119961857795715,0.7950871586799622,0.62687087059021,0.14934448897838593,0.13370832800865173,0.098579540848732,0.26272699451934434,0.0888587012887001,0.714285671710968,0.714285671710968,0.0,0.31397379006651494,0.061946023098635346
aligned_temporal_difference,train,2011_09_26/2011_09_26_drive_0005_sync,107,107,108,0000000107.png,0000000108.png,1,0.1035,False,True,0.12796279788017273,0.815670371055603,0.599047839641571,0.1356765180826187,0.14934448897838593,0.11021889001131058,0.2619822079456702,0.09679053723812103,0.6989795565605164,0.6989795565605164,0.0,0.33199230414470543,0.06461329498991956
aligned_temporal_difference,train,2011_09_26/2011_09_26_drive_0005_sync,108,108,109,0000000108.png,0000000109.png,1,0.1035,False,True,0.1609135866165161,0.7706050872802734,0.6643326878547668,0.17109286785125732,0.1356765180826187,0.12021468579769135,0.11396100447913954,0.1094878688454628,0.4897959232330322,0.4897959232330322,0.0,0.34671989530122344,0.06335026574415924
aligned_temporal_difference,train,2011_09_26/2011_09_26_drive_0005_sync,109,109,110,0000000109.png,0000000110.png,1,0.1035,False,True,0.13498662412166595,0.8085479736328125,0.6106569170951843,0.14416265487670898,0.17109286785125732,0.127736434340477,0.2534087718283677,0.11108919978141785,0.6734693646430969,0.6734693646430969,0.0,0.35740234238247093,0.06712334891505034
aligned_temporal_difference,train,2011_09_26/2011_09_26_drive_0005_sync,110,110,111,0000000110.png,0000000111.png,1,0.1035,False,True,0.12916652858257294,0.815831184387207,0.5993897318840027,0.13693398237228394,0.14416265487670898,0.1273217797279358,0.11681856971332745,0.1068384125828743,0.40816324949264526,0.40816324949264526,0.0,0.35682177586007247,0.06412859696460457
aligned_temporal_difference,train,2011_09_26/2011_09_26_drive_0005_sync,111,111,112,0000000111.png,0000000112.png,1,0.1035,False,True,0.10077878087759018,0.8535165786743164,0.538250744342804,0.10609229654073715,0.13693398237228394,0.10468219220638275,0.23552802311859947,0.09624773263931274,0.4285714328289032,0.4285714328289032,0.0,0.32354627521636337,0.059889252273468696
aligned_temporal_difference,train,2011_09_26/2011_09_26_drive_0005_sync,112,112,113,0000000112.png,0000000113.png,1,0.1035,False,True,0.11239337921142578,0.8387298583984375,0.5563296675682068,0.11794868856668472,0.10609229654073715,0.09705451130867004,0.08518794980177277,0.08999583125114441,0.33673468232154846,0.33673468232154846,0.0,0.31153573038845805,0.05830435813781134
aligned_temporal_difference,train,2011_09_26/2011_09_26_drive_0005_sync,113,113,114,0000000113.png,0000000114.png,1,0.1035,False,True,0.12011750787496567,0.844169020652771,0.5405820608139038,0.12495029717683792,0.11794868856668472,0.10061448812484741,0.1469639099211948,0.0926695317029953,0.5867346525192261,0.5867346525192261,0.0,0.3171978690420971,0.059254426312495244
aligned_temporal_difference,train,2011_09_26/2011_09_26_drive_0005_sync,114,114,115,0000000114.png,0000000115.png,1,0.1035,False,True,0.12134049832820892,0.8479329347610474,0.5440998673439026,0.12838411331176758,0.12495029717683792,0.11142029613256454,0.10828306414609662,0.10079730302095413,0.3520407974720001,0.3520407974720001,0.0,0.333796788679227,0.0637845344478107
aligned_temporal_difference,train,2011_09_26/2011_09_26_drive_0005_sync,115,115,116,0000000115.png,0000000116.png,1,0.1035,False,True,0.13107022643089294,0.8451775908470154,0.5410877466201782,0.1367676705121994,0.12838411331176758,0.12066245079040527,0.06014500020427795,0.10964801907539368,0.25,0.25,0.0,0.34736501088970556,0.0642031641595869
aligned_temporal_difference,train,2011_09_26/2011_09_26_drive_0005_sync,116,116,117,0000000116.png,0000000117.png,1,0.1035,False,True,0.14578774571418762,0.8282668590545654,0.5825793147087097,0.15616047382354736,0.1367676705121994,0.11552440375089645,0.155323744871476,0.10550053417682648,0.4693877398967743,0.4693877398967743,0.0,0.33988881086451855,0.06721333946659239
aligned_temporal_difference,train,2011_09_26/2011_09_26_drive_0005_sync,117,117,118,0000000117.png,0000000118.png,1,0.1035,False,True,0.13823461532592773,0.8410670161247253,0.5501667261123657,0.143997922539711,0.15616047382354736,0.13239802420139313,0.1521668642540396,0.1240810677409172,0.4234693646430969,0.4276960492134094,0.0,0.36386539297024817,0.06596277268429993
aligned_temporal_difference,train,2011_09_26/2011_09_26_drive_0005_sync,118,118,119,0000000118.png,0000000119.png,1,0.1035,False,True,0.11549992114305496,0.8762303590774536,0.4851749539375305,0.12012386322021484,0.143997922539711,0.1331944465637207,0.07502522109658193,0.11759296804666519,0.3316326439380646,0.3316326439380646,0.0,0.3649581435777543,0.06906819698734383
aligned_temporal_difference,train,2011_09_26/2011_09_26_drive_0005_sync,119,119,120,0000000119.png,0000000120.png,1,0.1035,False,True,0.14267630875110626,0.8343580961227417,0.6059858798980713,0.15460205078125,0.12012386322021484,0.11206471920013428,0.06709028334616819,0.09905185550451279,0.23469386994838715,0.23469386994838715,0.0,0.3347606894486482,0.06855674928026383
aligned_temporal_difference,train,2011_09_26/2011_09_26_drive_0005_sync,120,120,121,0000000120.png,0000000121.png,1,0.1035,False,True,0.11459015309810638,0.8579754829406738,0.5189265012741089,0.11817687004804611,0.15460205078125,0.11934717744588852,0.22803625926828366,0.10182047635316849,0.5510203838348389,0.5510203838348389,0.0,0.34546660829360704,0.06075864527515313
aligned_temporal_difference,train,2011_09_26/2011_09_26_drive_0005_sync,121,121,122,0000000121.png,0000000122.png,1,0.1035,False,True,0.13482588529586792,0.8288983106613159,0.5872794985771179,0.14474458992481232,0.11817687004804611,0.10982934385538101,0.07063587137881822,0.0961463674902916,0.2857142686843872,0.2857142686843872,0.0,0.33140510535503376,0.06771140901597901
aligned_temporal_difference,train,2011_09_26/2011_09_26_drive_0005_sync,122,122,123,0000000122.png,0000000123.png,1,0.1035,False,True,0.13883917033672333,0.8043079376220703,0.6388875842094421,0.14853528141975403,0.14474458992481232,0.13208959996700287,0.08742979592109862,0.11047584563493729,0.45408162474632263,0.45408162474632263,0.0,0.3634413294701125,0.0657768965195703
aligned_temporal_difference,train,2011_09_26/2011_09_26_drive_0005_sync,123,123,124,0000000123.png,0000000124.png,1,0.1035,False,True,0.10292739421129227,0.8494430780410767,0.5379024744033813,0.10622652620077133,0.14853528141975403,0.12829039990901947,0.1362967863071093,0.11061234027147293,0.4642857015132904,0.4685123860836029,0.0,0.3581764926806608,0.05925724554513627
aligned_temporal_difference,train,2011_09_26/2011_09_26_drive_0005_sync,124,124,125,0000000124.png,0000000125.png,1,0.1035,False,True,0.10752757638692856,0.8544093370437622,0.5250520706176758,0.1109183132648468,0.10622652620077133,0.08946248143911362,0.15781411066735973,0.08072450757026672,0.44897958636283875,0.44897958636283875,0.0,0.2991027941011478,0.056548658473420076
aligned_temporal_difference,train,2011_09_26/2011_09_26_drive_0005_sync,125,125,126,0000000125.png,0000000126.png,1,0.1035,False,True,0.09772931784391403,0.8688414096832275,0.5103402137756348,0.10107174515724182,0.1109183132648468,0.08721330016851425,0.21371595364717244,0.08070147782564163,0.43877550959587097,0.43877550959587097,0.0,0.29531898037294224,0.05780904153840784
aligned_temporal_difference,train,2011_09_26/2011_09_26_drive_0005_sync,126,126,127,0000000126.png,0000000127.png,1,0.1035,False,True,0.09851571917533875,0.8684110641479492,0.5038182735443115,0.10096952319145203,0.10107174515724182,0.08591353893280029,0.14997471549402092,0.08231230825185776,0.30612245202064514,0.30612245202064514,0.0,0.2931101140063241,0.05754225918189469
aligned_temporal_difference,train,2011_09_26/2011_09_26_drive_0005_sync,127,127,128,0000000127.png,0000000128.png,1,0.1035,False,True,0.11479499191045761,0.8633801341056824,0.5063584446907043,0.11609821021556854,0.10096952319145203,0.090708427131176,0.10162567610445768,0.08334450423717499,0.34183672070503235,0.34183672070503235,0.0,0.3011783975174448,0.05823514996576684
aligned_temporal_difference,train,2011_09_26/2011_09_26_drive_0005_sync,128,128,129,0000000128.png,0000000129.png,1,0.1035,False,True,0.11815594136714935,0.8546215891838074,0.5518761873245239,0.12568634748458862,0.11609821021556854,0.10333959013223648,0.10989506263397293,0.09573603421449661,0.22959183156490326,0.22959183156490326,0.0,0.3214647572164583,0.06548773624547209
aligned_temporal_difference,train,2011_09_26/2011_09_26_drive_0005_sync,129,129,130,0000000129.png,0000000130.png,1,0.1035,False,True,0.09777752310037613,0.8744235038757324,0.49136582016944885,0.10136324167251587,0.12568634748458862,0.10864964872598648,0.13554931859795785,0.09800171852111816,0.2602040767669678,0.2602040767669678,0.0,0.329620461631232,0.059994226947226434
aligned_temporal_difference,train,2011_09_26/2011_09_26_drive_0005_sync,130,130,131,0000000130.png,0000000131.png,1,0.1035,False,True,0.0945286750793457,0.8798141479492188,0.4858577847480774,0.09736695140600204,0.10136324167251587,0.099565789103508,0.01773278497559381,0.08799519389867783,0.08673468977212906,0.09307470172643661,0.0,0.31554047141929037,0.05872702342990896
aligned_temporal_difference,train,2011_09_26/2011_09_26_drive_0005_sync,131,131,132,0000000131.png,0000000132.png,1,0.1035,False,True,0.07960252463817596,0.8983743786811829,0.44607412815093994,0.08139404654502869,0.09736695140600204,0.09120146930217743,0.06332212331590525,0.08358829468488693,0.14795918762683868,0.14795918762683868,0.0,0.3019958100738774,0.05839674534148155
aligned_temporal_difference,train,2011_09_26/2011_09_26_drive_0005_sync,132,132,133,0000000132.png,0000000133.png,1,0.1035,False,True,0.0852159857749939,0.8928490877151489,0.45522093772888184,0.08616886287927628,0.08139404654502869,0.0791095718741417,0.028066852157585996,0.0718131959438324,0.06632652878761292,0.06632652878761292,0.0,0.2812642385269441,0.05803107660523939
aligned_temporal_difference,train,2011_09_26/2011_09_26_drive_0005_sync,133,133,134,0000000133.png,0000000134.png,1,0.1035,False,True,0.08831150829792023,0.8914474248886108,0.4586793780326843,0.09015218168497086,0.08616886287927628,0.08678144216537476,-0.0071090561675011535,0.07695350795984268,0.010204081423580647,0.010204081423580647,0.0,0.29458690087200884,0.059277985866280185
aligned_temporal_difference,train,2011_09_26/2011_09_26_drive_0005_sync,134,134,135,0000000134.png,0000000135.png,1,0.1035,False,True,0.13855646550655365,0.8383928537368774,0.5534536838531494,0.14363300800323486,0.09015218168497086,0.08613793551921844,0.044527443382123055,0.07744986563920975,0.05612244829535484,0.05612244829535484,0.0,0.2934926498555261,0.06159318081674072
aligned_temporal_difference,train,2011_09_26/2011_09_26_drive_0005_sync,135,135,136,0000000135.png,0000000136.png,1,0.1035,False,True,0.14489780366420746,0.8298119902610779,0.5826229453086853,0.15433070063591003,0.14363300800323486,0.1307322382926941,0.08981758364518985,0.11656711995601654,0.11224489659070969,0.11224489659070969,0.0,0.36156913348997877,0.0705670081840666
aligned_temporal_difference,train,2011_09_26/2011_09_26_drive_0005_sync,136,136,137,0000000136.png,0000000137.png,1,0.1035,False,True,0.14797711372375488,0.8169927597045898,0.6026766300201416,0.15816068649291992,0.15433070063591003,0.13026678562164307,0.1559243553947018,0.11512573063373566,0.11224489659070969,0.11224489659070969,0.0,0.3609249030222812,0.06824865229772889
aligned_temporal_difference,train,2011_09_26/2011_09_26_drive_0005_sync,137,137,138,0000000137.png,0000000138.png,1,0.1035,False,True,0.0911402776837349,0.880108118057251,0.4955269992351532,0.09421121329069138,0.15816068649291992,0.11664366722106934,0.26249898247444126,0.10144916921854019,0.27551019191741943,0.27551019191741943,0.0,0.34153135613157004,0.0606881270604586
aligned_temporal_difference,train,2011_09_26/2011_09_26_drive_0005_sync,138,138,139,0000000138.png,0000000139.png,1,0.1035,False,True,0.08889666199684143,0.8766412734985352,0.49312108755111694,0.09175189584493637,0.09421121329069138,0.08988702297210693,0.045898892154610405,0.08338338136672974,0.12755101919174194,0.12755101919174194,0.0,0.29981164582468595,0.05612290688864483
aligned_temporal_difference,train,2011_09_26/2011_09_26_drive_0005_sync,139,139,140,0000000139.png,0000000140.png,1,0.1035,False,True,0.1281772255897522,0.8445153832435608,0.5372142195701599,0.12977515161037445,0.09175189584493637,0.08567145466804504,0.0662704690829219,0.07703620195388794,0.178571417927742,0.178571417927742,0.0,0.2926968648073379,0.05596041427824638
aligned_temporal_difference,train,2011_09_26/2011_09_26_drive_0005_sync,140,140,141,0000000140.png,0000000141.png,1,0.1035,False,True,0.13180191814899445,0.8456729054450989,0.5505860447883606,0.13770867884159088,0.12977515161037445,0.12138239294290543,0.06467153814365564,0.11350823193788528,0.29591837525367737,0.29591837525367737,0.0,0.3483997602509299,0.06466550227248377
aligned_temporal_difference,train,2011_09_26/2011_09_26_drive_0005_sync,141,141,142,0000000141.png,0000000142.png,1,0.1035,False,True,0.12614884972572327,0.8551578521728516,0.5278944969177246,0.13123928010463715,0.13770867884159088,0.12318285554647446,0.10548226456972823,0.1130528524518013,0.14795918762683868,0.14795918762683868,0.0,0.35097415224838774,0.06395512062894976
aligned_temporal_difference,train,2011_09_26/2011_09_26_drive_0005_sync,142,142,143,0000000142.png,0000000143.png,1,0.1035,False,True,0.13956443965435028,0.8404874801635742,0.5601292252540588,0.1450844556093216,0.13123928010463715,0.12087154388427734,0.07899872821683875,0.10828378051519394,0.19387754797935486,0.19387754797935486,0.0,0.3476658509032449,0.06457224949137046
aligned_temporal_difference,train,2011_09_26/2011_09_26_drive_0005_sync,143,143,144,0000000143.png,0000000144.png,1,0.1035,False,True,0.14760348200798035,0.8218530416488647,0.602641761302948,0.15724730491638184,0.1450844556093216,0.13211318850517273,0.08940494038229323,0.11595449596643448,0.2602040767669678,0.2602040767669678,0.0,0.36347377966666694,0.06784955032716343
aligned_temporal_difference,train,2011_09_26/2011_09_26_drive_0005_sync,144,144,145,0000000144.png,0000000145.png,1,0.1035,False,True,0.12303083389997482,0.8444110155105591,0.5526515245437622,0.1278984099626541,0.15724730491638184,0.12681174278259277,0.19355220205505932,0.11221349239349365,0.23469386994838715,0.2410338670015335,0.0,0.3561063644230369,0.06299277592672407
aligned_temporal_difference,train,2011_09_26/2011_09_26_drive_0005_sync,145,145,146,0000000145.png,0000000146.png,1,0.1035,False,True,0.12186692655086517,0.8408677577972412,0.5644620060920715,0.1275864541530609,0.1278984099626541,0.11589112132787704,0.09388145355585856,0.10191591084003448,0.23469386994838715,0.23469386994838715,0.0,0.3404278503998711,0.06179433552169538
aligned_temporal_difference,train,2011_09_26/2011_09_26_drive_0005_sync,146,146,147,0000000146.png,0000000147.png,1,0.1035,False,True,0.1119803711771965,0.854381799697876,0.5293638706207275,0.11508745700120926,0.1275864541530609,0.11313033103942871,0.11330452914922855,0.10079426318407059,0.17346937954425812,0.17346937954425812,0.0,0.33634852614427896,0.059679542907992114
aligned_temporal_difference,train,2011_09_26/2011_09_26_drive_0005_sync,147,147,148,0000000147.png,0000000148.png,1,0.1035,False,True,0.12157750129699707,0.8595979809761047,0.513604462146759,0.12306863069534302,0.11508745700120926,0.11024202406406403,0.04210218092745173,0.09992332011461258,0.1428571343421936,0.1428571343421936,0.0,0.33202714356519714,0.05972961520582485
aligned_temporal_difference,train,2011_09_26/2011_09_26_drive_0005_sync,148,148,149,0000000148.png,0000000149.png,1,0.1035,False,True,0.10648943483829498,0.8788920640945435,0.4912775754928589,0.1096368283033371,0.12306863069534302,0.11998294293880463,0.025072902323720704,0.10970239341259003,0.1428571343421936,0.1428571343421936,0.0,0.34638554089165535,0.06498229023381569
aligned_temporal_difference,train,2011_09_26/2011_09_26_drive_0005_sync,149,149,150,0000000149.png,0000000150.png,1,0.1035,False,True,0.11074042320251465,0.8756940364837646,0.48934468626976013,0.11339399218559265,0.1096368283033371,0.10759840905666351,0.018592468226404715,0.0957074910402298,0.06122449040412903,0.06122449040412903,0.0,0.32802196428999003,0.06268681605275911
aligned_temporal_difference,train,2011_09_26/2011_09_26_drive_0005_sync,150,150,151,0000000150.png,0000000151.png,1,0.1035,False,True,0.15346089005470276,0.8349684476852417,0.5631699562072754,0.15606406331062317,0.11339399218559265,0.11032330244779587,0.027079827410705908,0.09844552725553513,0.06632652878761292,0.06632652878761292,0.0,0.33214951821099464,0.06289920126446882
aligned_temporal_difference,train,2011_09_26/2011_09_26_drive_0005_sync,151,151,152,0000000151.png,0000000152.png,1,0.1035,False,True,0.1440572738647461,0.8417137265205383,0.5676736235618591,0.15007953345775604,0.15606406331062317,0.1505243480205536,0.035496418410198446,0.14147789776325226,0.08163265138864517,0.08163265138864517,0.0,0.38797467445769396,0.0696057289091271
aligned_temporal_difference,train,2011_09_26/2011_09_26_drive_0005_sync,152,152,153,0000000152.png,0000000153.png,1,0.1035,False,True,0.1129087284207344,0.8751306533813477,0.49053412675857544,0.11518770456314087,0.15007953345775604,0.14628921449184418,0.02525540210970041,0.135751873254776,0.06632652878761292,0.06632652878761292,0.0,0.3824777307136249,0.06679419838411363
aligned_temporal_difference,val,2011_09_26/2011_09_26_drive_0011_sync,0,0,1,0000000000.png,0000000001.png,1,0.1035,False,False,0.06412727385759354,0.826028048992157,0.5718488693237305,0.06383103877305984,,,,,,,0.0,0.0,0.038199963195019115
aligned_temporal_difference,val,2011_09_26/2011_09_26_drive_0011_sync,1,1,2,0000000001.png,0000000002.png,1,0.1035,False,True,0.06560376286506653,0.834919810295105,0.5614683628082275,0.06508775800466537,0.06383103877305984,0.06089819595217705,0.04594696995782897,0.0531495027244091,0.19387754797935486,0.1959908902645111,0.0,0.24677559837264512,0.04910743696067417
aligned_temporal_difference,val,2011_09_26/2011_09_26_drive_0011_sync,2,2,3,0000000002.png,0000000003.png,1,0.1035,False,True,0.09132971614599228,0.7939522862434387,0.6187570691108704,0.09126594662666321,0.06508775800466537,0.06402541697025299,0.016321671954597626,0.05771157890558243,0.09693877398967743,0.09693877398967743,0.0,0.2530324425251691,0.05098241383305109
aligned_temporal_difference,val,2011_09_26/2011_09_26_drive_0011_sync,3,3,4,0000000003.png,0000000004.png,1,0.1035,False,True,0.11441753059625626,0.7512522339820862,0.6997635364532471,0.11523982137441635,0.09126594662666321,0.08677258342504501,0.0492337324895008,0.07441669702529907,0.14795918762683868,0.15852585434913635,0.0,0.29457186461888213,0.05771942886948288
aligned_temporal_difference,val,2011_09_26/2011_09_26_drive_0011_sync,4,4,5,0000000004.png,0000000005.png,1,0.1035,False,True,0.11106759309768677,0.7489654421806335,0.7099831104278564,0.11184829473495483,0.11523982137441635,0.10304909944534302,0.10578567185960354,0.08904699981212616,0.2806122303009033,0.31653892993927,0.0,0.32101261571057144,0.058869321824929516
aligned_temporal_difference,val,2011_09_26/2011_09_26_drive_0011_sync,5,5,6,0000000005.png,0000000006.png,1,0.1035,False,True,0.08320686966180801,0.7970166206359863,0.6429023146629333,0.08434171974658966,0.11184829473495483,0.09856759011745453,0.1187385525096416,0.08037333190441132,0.23469386994838715,0.25160056352615356,0.0,0.31395475807423995,0.05559094127027028
aligned_temporal_difference,val,2011_09_26/2011_09_26_drive_0011_sync,6,6,7,0000000006.png,0000000007.png,1,0.1035,False,True,0.07545572519302368,0.8087961077690125,0.6097859740257263,0.07586677372455597,0.08434171974658966,0.07576251029968262,0.10171964091654584,0.06316312402486801,0.18367347121238708,0.19846680760383606,0.0,0.27524990517651887,0.05117329693776955
aligned_temporal_difference,val,2011_09_26/2011_09_26_drive_0011_sync,7,7,8,0000000007.png,0000000008.png,1,0.1035,False,True,0.0845748707652092,0.7965953350067139,0.6195652484893799,0.08473705500364304,0.07586677372455597,0.07032237946987152,0.07308066472964939,0.0620279498398304,0.2806122303009033,0.2869522273540497,0.0,0.2651836711976654,0.04985953097616417
aligned_temporal_difference,val,2011_09_26/2011_09_26_drive_0011_sync,8,8,9,0000000008.png,0000000009.png,1,0.1035,False,True,0.07569937407970428,0.8134510517120361,0.6186800003051758,0.07705152034759521,0.08473705500364304,0.07956991344690323,0.060978535972458094,0.06916353851556778,0.18877550959587097,0.20779551565647125,0.0,0.28208139507401625,0.05335086289646914
aligned_temporal_difference,val,2011_09_26/2011_09_26_drive_0011_sync,9,9,10,0000000009.png,0000000010.png,1,0.1035,False,True,0.06674949079751968,0.8194162845611572,0.6057764291763306,0.06762634962797165,0.07705152034759521,0.06682631373405457,0.1327060980420976,0.056796882301568985,0.2551020383834839,0.26989540457725525,0.0,0.25850786010110904,0.04944526484474035
aligned_temporal_difference,val,2011_09_26/2011_09_26_drive_0011_sync,10,10,11,0000000010.png,0000000011.png,1,0.1035,False,True,0.04342174530029297,0.8777031898498535,0.48900914192199707,0.042667195200920105,0.06762634962797165,0.06301083415746689,0.06825025298416652,0.04579709470272064,0.23469386994838715,0.2537138760089874,0.0,0.2510195891906982,0.04693133227693806
aligned_temporal_difference,val,2011_09_26/2011_09_26_drive_0011_sync,11,11,12,0000000011.png,0000000012.png,1,0.1035,False,True,0.046418197453022,0.8569189310073853,0.5649573802947998,0.04733975604176521,0.042667195200920105,0.0380263514816761,0.10876842729854258,0.033227913081645966,0.07653061300516129,0.07864394038915634,0.0,0.19500346530684037,0.04369279045841952
aligned_temporal_difference,val,2011_09_26/2011_09_26_drive_0011_sync,12,12,13,0000000012.png,0000000013.png,1,0.1035,False,True,0.0474049411714077,0.8360039591789246,0.5627192854881287,0.04704558104276657,0.04733975604176521,0.04266801476478577,0.0986853686541568,0.038993824273347855,0.2142857164144516,0.2142857164144516,0.0,0.20656237499793076,0.04154963498597877
aligned_temporal_difference,val,2011_09_26/2011_09_26_drive_0011_sync,13,13,14,0000000013.png,0000000014.png,1,0.1035,False,True,0.05709081143140793,0.8102554678916931,0.6029309630393982,0.05713709071278572,0.04704558104276657,0.04569811746478081,0.02864166087694523,0.038359299302101135,0.12755101919174194,0.12755101919174194,0.0,0.21377118015481134,0.043093001821048776
aligned_temporal_difference,val,2011_09_26/2011_09_26_drive_0011_sync,14,14,15,0000000014.png,0000000015.png,1,0.1035,False,True,0.06495495140552521,0.7903366684913635,0.6364312767982483,0.06575465202331543,0.05713709071278572,0.054586011916399,0.04464838451804227,0.044491659849882126,0.15306122601032257,0.16362789273262024,0.0,0.23363649525790914,0.04486301702289552
aligned_temporal_difference,val,2011_09_26/2011_09_26_drive_0011_sync,15,15,16,0000000015.png,0000000016.png,1,0.1035,False,True,0.06691385805606842,0.7773261070251465,0.6724054217338562,0.0678025633096695,0.06575465202331543,0.06371616572141647,0.03100140049674577,0.053370844572782516,0.16326530277729034,0.16326530277729034,0.0,0.25242061271103927,0.04586597065390867
aligned_temporal_difference,val,2011_09_26/2011_09_26_drive_0011_sync,16,16,17,0000000016.png,0000000017.png,1,0.1035,False,True,0.055999454110860825,0.8093937635421753,0.6066398024559021,0.05616186931729317,0.0678025633096695,0.0554199256002903,0.18262786987602395,0.04744502902030945,0.25,0.26690664887428284,0.0,0.23541436999531337,0.04386223118561539
aligned_temporal_difference,val,2011_09_26/2011_09_26_drive_0011_sync,17,17,18,0000000017.png,0000000018.png,1,0.1035,False,True,0.050532884895801544,0.8326718211174011,0.5689477324485779,0.05043289437890053,0.05616186931729317,0.052201248705387115,0.07052152394590099,0.046238042414188385,0.16836734116077423,0.17259401082992554,0.0,0.22847592587707596,0.04453666490961116
aligned_temporal_difference,val,2011_09_26/2011_09_26_drive_0011_sync,18,18,19,0000000018.png,0000000019.png,1,0.1035,False,True,0.0680784210562706,0.783954381942749,0.6418394446372986,0.06851363182067871,0.05043289437890053,0.045165397226810455,0.10444566422294853,0.040746163576841354,0.2142857164144516,0.22062571346759796,0.0,0.21252152179675934,0.043359333223030656
aligned_temporal_difference,val,2011_09_26/2011_09_26_drive_0011_sync,19,19,20,0000000019.png,0000000020.png,1,0.1035,False,True,0.06798714399337769,0.7935079336166382,0.6290692687034607,0.06905017793178558,0.06851363182067871,0.06268643587827682,0.08505162823149492,0.05170847475528717,0.22448979318141937,0.2329431176185608,0.0,0.25037259410382123,0.04858951441284217
aligned_temporal_difference,val,2011_09_26/2011_09_26_drive_0011_sync,20,20,21,0000000020.png,0000000021.png,1,0.1035,False,True,0.04965286701917648,0.8578754663467407,0.5212358236312866,0.04869149625301361,0.06905017793178558,0.058281827718019485,0.15594963744197896,0.050801586359739304,0.16836734116077423,0.1747073531150818,0.0,0.24141629546909107,0.046816230231707355
aligned_temporal_difference,val,2011_09_26/2011_09_26_drive_0011_sync,21,21,22,0000000021.png,0000000022.png,1,0.1035,False,True,0.04667409881949425,0.8684978485107422,0.5080310106277466,0.04675665497779846,0.04869149625301361,0.0450466126203537,0.07485667751346464,0.039497699588537216,0.09183673560619354,0.09606339782476425,0.0,0.21224187291944466,0.04647261296453269
aligned_temporal_difference,val,2011_09_26/2011_09_26_drive_0011_sync,22,22,23,0000000022.png,0000000023.png,1,0.1035,False,True,0.057768505066633224,0.8431066870689392,0.5472477078437805,0.05749141424894333,0.04675665497779846,0.04475238174200058,0.04286605268810556,0.04134884104132652,0.11734693497419357,0.11734693497419357,0.0,0.21154758741711185,0.045605368072921426
aligned_temporal_difference,val,2011_09_26/2011_09_26_drive_0011_sync,23,23,24,0000000023.png,0000000024.png,1,0.1035,False,True,0.06274068355560303,0.8447630405426025,0.5410693883895874,0.06194210797548294,0.05749141424894333,0.05477180331945419,0.047304644789445606,0.04749644920229912,0.1071428582072258,0.1071428582072258,0.0,0.2340337653405042,0.048675905423579593
aligned_temporal_difference,val,2011_09_26/2011_09_26_drive_0011_sync,24,24,25,0000000024.png,0000000025.png,1,0.1035,False,True,0.04575785622000694,0.8872665166854858,0.4758513271808624,0.04513958469033241,0.06194210797548294,0.059216540306806564,0.04400185524449979,0.051178812980651855,0.1071428582072258,0.11136952042579651,0.0,0.24334448895918429,0.05042351519842953
aligned_temporal_difference,val,2011_09_26/2011_09_26_drive_0011_sync,25,25,26,0000000025.png,0000000026.png,1,0.1035,False,True,0.055329546332359314,0.8644430637359619,0.5106368064880371,0.05447850748896599,0.04513958469033241,0.04497520625591278,0.0036415584136917645,0.039142001420259476,0.05612244829535484,0.0582357794046402,0.0,0.21207358688887398,0.04762616644376411
aligned_temporal_difference,val,2011_09_26/2011_09_26_drive_0011_sync,26,26,27,0000000026.png,0000000027.png,1,0.1035,False,True,0.059521351009607315,0.8661946058273315,0.5034527778625488,0.05857355147600174,0.05447850748896599,0.052807778120040894,0.030667678795412708,0.04669388011097908,0.0714285671710968,0.0714285671710968,0.0,0.22979943019955662,0.0504551513187585
aligned_temporal_difference,val,2011_09_26/2011_09_26_drive_0011_sync,27,27,28,0000000027.png,0000000028.png,1,0.1035,False,True,0.062124937772750854,0.8607646822929382,0.5272344350814819,0.062054261565208435,0.05857355147600174,0.05682091787457466,0.029921928195614917,0.051314279437065125,0.1071428582072258,0.1071428582072258,0.0,0.23837138644261535,0.05313667956107305
aligned_temporal_difference,val,2011_09_26/2011_09_26_drive_0011_sync,28,28,29,0000000028.png,0000000029.png,1,0.1035,False,True,0.0842851996421814,0.8379022479057312,0.5468018054962158,0.0829576924443245,0.062054261565208435,0.05961490049958229,0.03931012962039347,0.05464303493499756,0.09183673560619354,0.09183673560619354,0.0,0.24416162781973397,0.05298592036661704
aligned_temporal_difference,val,2011_09_26/2011_09_26_drive_0011_sync,29,29,30,0000000029.png,0000000030.png,1,0.1035,False,True,0.07886559516191483,0.8548599481582642,0.5351979732513428,0.07843921333551407,0.0829576924443245,0.0795179232954979,0.0414641372906453,0.07067380100488663,0.15306122601032257,0.15728788077831268,0.0,0.28198922549540417,0.0605204951592981
aligned_temporal_difference,val,2011_09_26/2011_09_26_drive_0011_sync,30,30,31,0000000030.png,0000000031.png,1,0.1035,False,True,0.09134220331907272,0.8332080841064453,0.5682392120361328,0.09121870249509811,0.07843921333551407,0.0776490718126297,0.010073297388955647,0.07085264474153519,0.040816325694322586,0.040816325694322586,0.0,0.2786558303941077,0.05833231897231437
aligned_temporal_difference,val,2011_09_26/2011_09_26_drive_0011_sync,31,31,32,0000000031.png,0000000032.png,1,0.1035,False,True,0.08037016540765762,0.8525243997573853,0.5400296449661255,0.07960996776819229,0.09121870249509811,0.08836431056261063,0.03129174011920282,0.0799027755856514,0.06122449040412903,0.06333781778812408,0.0,0.29726135060348935,0.058393794851210344
aligned_temporal_difference,val,2011_09_26/2011_09_26_drive_0011_sync,32,32,33,0000000032.png,0000000033.png,1,0.1035,False,True,0.06690403074026108,0.8722803592681885,0.505582869052887,0.06650024652481079,0.07960996776819229,0.07900003343820572,0.007661532181027563,0.07156572490930557,0.04591836780309677,0.04591836780309677,0.0,0.28106944593499616,0.05598257149363367
aligned_temporal_difference,val,2011_09_26/2011_09_26_drive_0011_sync,33,33,34,0000000033.png,0000000034.png,1,0.1035,False,True,0.09235526621341705,0.8259264230728149,0.5770662426948547,0.09164832532405853,0.06650024652481079,0.06584423035383224,0.00986486825629723,0.05883471667766571,0.020408162847161293,0.020408162847161293,0.0,0.25660130622004296,0.05302714607735843
aligned_temporal_difference,val,2011_09_26/2011_09_26_drive_0011_sync,34,34,35,0000000034.png,0000000035.png,1,0.1035,False,True,0.08974092453718185,0.8272315263748169,0.5925715565681458,0.09040938317775726,0.09164832532405853,0.0852215588092804,0.07012421113046843,0.07764126360416412,0.12244898080825806,0.12667563557624817,0.0,0.29192731768246766,0.059023396503350936
aligned_temporal_difference,val,2011_09_26/2011_09_26_drive_0011_sync,35,35,36,0000000035.png,0000000036.png,1,0.1035,False,True,0.11470804363489151,0.7918965816497803,0.6206190586090088,0.11387097835540771,0.09040938317775726,0.08563397824764252,0.05281979328103195,0.07495062053203583,0.1071428582072258,0.11348286271095276,0.0,0.2926328386351103,0.05625346449607084
aligned_temporal_difference,val,2011_09_26/2011_09_26_drive_0011_sync,36,36,37,0000000036.png,0000000037.png,1,0.1035,False,True,0.1152905598282814,0.8053205013275146,0.6118375658988953,0.11493261158466339,0.11387097835540771,0.11048377305269241,0.029745992803744483,0.09645470231771469,0.08163265138864517,0.08374598622322083,0.0,0.3323909942412586,0.062312018552114004
aligned_temporal_difference,val,2011_09_26/2011_09_26_drive_0011_sync,37,37,38,0000000037.png,0000000038.png,1,0.1035,False,True,0.11694014817476273,0.801785945892334,0.6259159445762634,0.11815128475427628,0.11493261158466339,0.09801508486270905,0.14719518236555776,0.08552484214305878,0.1428571343421936,0.15131047368049622,0.0,0.3130736093360618,0.0619374190538322
aligned_temporal_difference,val,2011_09_26/2011_09_26_drive_0011_sync,38,38,39,0000000038.png,0000000039.png,1,0.1035,False,True,0.07380726933479309,0.8742522597312927,0.49382340908050537,0.07274326682090759,0.11815128475427628,0.09859657287597656,0.16550570667909698,0.08199182897806168,0.17346937954425812,0.20516939461231232,0.0,0.31400091222156756,0.05918234592547609
aligned_temporal_difference,val,2011_09_26/2011_09_26_drive_0011_sync,39,39,40,0000000039.png,0000000040.png,1,0.1035,False,True,0.07069479674100876,0.8904310464859009,0.45593395829200745,0.0691225528717041,0.07274326682090759,0.06781712919473648,0.06771949956961873,0.058837246149778366,0.09693877398967743,0.10327877849340439,0.0,0.2604172213866366,0.057300026059789705
aligned_temporal_difference,val,2011_09_26/2011_09_26_drive_0011_sync,40,40,41,0000000040.png,0000000041.png,1,0.1035,False,True,0.07472552359104156,0.891814112663269,0.45528075098991394,0.07321666926145554,0.0691225528717041,0.06461789458990097,0.06516915383845945,0.05560089647769928,0.16326530277729034,0.16749197244644165,0.0,0.2542005007664245,0.05792798456182813
aligned_temporal_difference,val,2011_09_26/2011_09_26_drive_0011_sync,41,41,42,0000000041.png,0000000042.png,1,0.1035,False,True,0.060903653502464294,0.9147624969482422,0.4065382182598114,0.05994086340069771,0.07321666926145554,0.06565480679273605,0.10328061280302434,0.05973872169852257,0.13265305757522583,0.1389930695295334,0.0,0.2562319394469317,0.05905141707222699
aligned_temporal_difference,val,2011_09_26/2011_09_26_drive_0011_sync,42,42,43,0000000042.png,0000000043.png,1,0.1035,False,True,0.07087719440460205,0.9012251496315002,0.4394288659095764,0.07014279067516327,0.05994086340069771,0.05900486931204796,0.015615292065326754,0.052136264741420746,0.040816325694322586,0.040816325694322586,0.0,0.24290917914325091,0.05971608149801035
aligned_temporal_difference,val,2011_09_26/2011_09_26_drive_0011_sync,43,43,44,0000000043.png,0000000044.png,1,0.1035,False,True,0.0661015659570694,0.9134132862091064,0.407638818025589,0.06436052173376083,0.07014279067516327,0.07021534442901611,-0.0010343722163671293,0.05902732163667679,0.030612245202064514,0.03483891487121582,0.0,0.2649817813152748,0.060992491115211635
aligned_temporal_difference,val,2011_09_26/2011_09_26_drive_0011_sync,44,44,45,0000000044.png,0000000045.png,1,0.1035,False,True,0.06717018038034439,0.9191634654998779,0.39405834674835205,0.06462816148996353,0.06436052173376083,0.06074373796582222,0.056195687519440984,0.05369243770837784,0.05102040618658066,0.05313374102115631,0.0,0.24646244737448791,0.060365545711479084
aligned_temporal_difference,val,2011_09_26/2011_09_26_drive_0011_sync,45,45,46,0000000045.png,0000000046.png,1,0.1035,False,True,0.06782453507184982,0.9131135940551758,0.44356316328048706,0.06955726444721222,0.06462816148996353,0.06290645897388458,0.02664012833393569,0.055280670523643494,0.08163265138864517,0.08163265138864517,0.0,0.25081160055684143,0.061641810089100434
aligned_temporal_difference,val,2011_09_26/2011_09_26_drive_0011_sync,46,46,47,0000000046.png,0000000047.png,1,0.1035,False,True,0.05781015008687973,0.9222861528396606,0.38650816679000854,0.055599696934223175,0.06955726444721222,0.06401333212852478,0.07970313902863145,0.055366866290569305,0.15816326439380646,0.1602765917778015,0.0,0.2530085613739677,0.05596196617215237
aligned_temporal_difference,val,2011_09_26/2011_09_26_drive_0011_sync,47,47,48,0000000047.png,0000000048.png,1,0.1035,False,True,0.054861750453710556,0.9292963743209839,0.37007012963294983,0.05307528376579285,0.055599696934223175,0.05513707920908928,0.008320508035883585,0.04908742755651474,0.05612244829535484,0.0582357794046402,0.0,0.23481285997382953,0.05770238340034507
aligned_temporal_difference,val,2011_09_26/2011_09_26_drive_0011_sync,48,48,49,0000000048.png,0000000049.png,1,0.1035,False,True,0.06918063759803772,0.9109489917755127,0.4176701307296753,0.0681355819106102,0.05307528376579285,0.05218980088829994,0.016683526015617848,0.04657021164894104,0.0357142835855484,0.0357142835855484,0.0,0.228450871935959,0.058526805543592214
aligned_temporal_difference,val,2011_09_26/2011_09_26_drive_0011_sync,49,49,50,0000000049.png,0000000050.png,1,0.1035,False,True,0.09094659239053726,0.8888036012649536,0.46066904067993164,0.08995809406042099,0.0681355819106102,0.06734570860862732,0.011592669789173388,0.058484576642513275,0.06632652878761292,0.06632652878761292,0.0,0.2595105173372118,0.060968860861361204
aligned_temporal_difference,val,2011_09_26/2011_09_26_drive_0011_sync,50,50,51,0000000050.png,0000000051.png,1,0.1035,False,True,0.09526462852954865,0.8818823099136353,0.4860880672931671,0.09618056565523148,0.08995809406042099,0.08325666189193726,0.07449504392548234,0.07183527946472168,0.07653061300516129,0.080757275223732,0.0,0.2885423052031318,0.06477150885724689
aligned_temporal_difference,val,2011_09_26/2011_09_26_drive_0011_sync,51,51,52,0000000051.png,0000000052.png,1,0.1035,False,True,0.07293953746557236,0.9093074798583984,0.41897761821746826,0.07127164304256439,0.09618056565523148,0.08299949765205383,0.13704502477586225,0.07231023907661438,0.1428571343421936,0.1470838040113449,0.0,0.2880963339788513,0.06248868154321356
aligned_temporal_difference,val,2011_09_26/2011_09_26_drive_0011_sync,52,52,53,0000000052.png,0000000053.png,1,0.1035,False,True,0.07281360775232315,0.9068527221679688,0.4318975806236267,0.07307543605566025,0.07127164304256439,0.06687244027853012,0.06172444714663036,0.056747917085886,0.08673468977212906,0.08673468977212906,0.0,0.25859706162006196,0.06177210131582661
aligned_temporal_difference,val,2011_09_26/2011_09_26_drive_0011_sync,53,53,54,0000000053.png,0000000054.png,1,0.1035,False,True,0.14181052148342133,0.8390161395072937,0.5456861257553101,0.1416785717010498,0.07307543605566025,0.07307543605566025,0.0,0.06272438168525696,0.0,0.0,0.0,0.2703246863600516,0.062277197453448375
aligned_temporal_difference,val,2011_09_26/2011_09_26_drive_0011_sync,54,54,55,0000000054.png,0000000055.png,1,0.1035,False,True,0.09939621388912201,0.8914653062820435,0.46128028631210327,0.0985790342092514,0.1416785717010498,0.12189450114965439,0.13964052794900403,0.10476668179035187,0.20408162474632263,0.20408162474632263,0.0,0.34913393010369875,0.07205857114077566
aligned_temporal_difference,val,2011_09_26/2011_09_26_drive_0011_sync,55,55,56,0000000055.png,0000000056.png,1,0.1035,False,True,0.09983622282743454,0.8875918388366699,0.4730127453804016,0.1004461795091629,0.0985790342092514,0.09247690439224243,0.06190088862157164,0.07691989094018936,0.09693877398967743,0.09693877398967743,0.0,0.3041001551993067,0.0676411190413658
aligned_temporal_difference,val,2011_09_26/2011_09_26_drive_0011_sync,56,56,57,0000000056.png,0000000057.png,1,0.1035,False,True,0.07407301664352417,0.9116076231002808,0.4216630458831787,0.07415518909692764,0.1004461795091629,0.07186610996723175,0.28453117561653024,0.0661236047744751,0.1428571343421936,0.15553715825080872,0.0,0.26807855185977064,0.06270318605770292
aligned_temporal_difference,val,2011_09_26/2011_09_26_drive_0011_sync,57,57,58,0000000057.png,0000000058.png,1,0.1035,False,True,0.05753464624285698,0.9265413284301758,0.38549235463142395,0.05693674832582474,0.07415518909692764,0.0667887032032013,0.09933877835707054,0.0575769767165184,0.13265305757522583,0.14110639691352844,0.0,0.25843510443281753,0.06020082519063112
aligned_temporal_difference,val,2011_09_26/2011_09_26_drive_0011_sync,58,58,59,0000000058.png,0000000059.png,1,0.1035,False,True,0.06850723177194595,0.920768141746521,0.39044052362442017,0.06581684947013855,0.05693674832582474,0.05445060506463051,0.04366500255629442,0.04929286614060402,0.05102040618658066,0.05102040618658066,0.0,0.23334653428887797,0.05849102273718579
aligned_temporal_difference,val,2011_09_26/2011_09_26_drive_0011_sync,59,59,60,0000000059.png,0000000060.png,1,0.1035,False,True,0.062541663646698,0.9302912950515747,0.3678244352340698,0.059970032423734665,0.06581684947013855,0.0653529167175293,0.0070488447311617625,0.056212764233350754,0.0357142835855484,0.0357142835855484,0.0,0.25564216537482487,0.06344155299811721
aligned_temporal_difference,val,2011_09_26/2011_09_26_drive_0011_sync,60,60,61,0000000060.png,0000000061.png,1,0.1035,False,True,0.06502605974674225,0.9278123378753662,0.37583428621292114,0.06369742751121521,0.059970032423734665,0.05908157303929329,0.01481505592933022,0.051705438643693924,0.030612245202064514,0.030612245202064514,0.0,0.24306701347425425,0.06320309419124309
aligned_temporal_difference,val,2011_09_26/2011_09_26_drive_0011_sync,61,61,62,0000000061.png,0000000062.png,1,0.1035,False,True,0.08460208028554916,0.9065797328948975,0.4262824058532715,0.08330243825912476,0.06369742751121521,0.05931368097662926,0.06882140623048091,0.052093397825956345,0.08673468977212906,0.08673468977212906,0.0,0.24354400213642965,0.06195412424238967
aligned_temporal_difference,val,2011_09_26/2011_09_26_drive_0011_sync,62,62,63,0000000062.png,0000000063.png,1,0.1035,False,True,0.047821227461099625,0.9475821852684021,0.3205552399158478,0.04527880251407623,0.08330243825912476,0.07389754801988602,0.112900539717498,0.06475836038589478,0.16836734116077423,0.1747073531150818,0.0,0.2718410344666272,0.06414274417800761
aligned_temporal_difference,val,2011_09_26/2011_09_26_drive_0011_sync,63,63,64,0000000063.png,0000000064.png,1,0.1035,False,True,0.05748512223362923,0.9433764219284058,0.33255377411842346,0.05409301817417145,0.04527880251407623,0.045169517397880554,0.0024136043827948906,0.041455939412117004,0.0357142835855484,0.0357142835855484,0.0,0.21253121511411108,0.06088435617369856
aligned_temporal_difference,val,2011_09_26/2011_09_26_drive_0011_sync,64,64,65,0000000064.png,0000000065.png,1,0.1035,False,True,0.08819624781608582,0.9144315123558044,0.407429039478302,0.08626455068588257,0.05409301817417145,0.05315093323588371,0.01741601726223451,0.04949682578444481,0.02551020309329033,0.02551020309329033,0.0,0.2305448616557821,0.06487138099145111
aligned_temporal_difference,val,2011_09_26/2011_09_26_drive_0011_sync,65,65,66,0000000065.png,0000000066.png,1,0.1035,False,True,0.08273974806070328,0.9199024438858032,0.3962174952030182,0.08011674880981445,0.08626455068588257,0.08114916831254959,0.059298777222636406,0.07341235131025314,0.08673468977212906,0.08884802460670471,0.0,0.2848669308862466,0.06914258242923611
aligned_temporal_difference,val,2011_09_26/2011_09_26_drive_0011_sync,66,66,67,0000000066.png,0000000067.png,1,0.1035,False,True,0.06831607222557068,0.9358540177345276,0.3527762293815613,0.0659634992480278,0.08011674880981445,0.07662029564380646,0.04364197521679354,0.06721808761358261,0.06122449040412903,0.06545116007328033,0.0,0.2768037132045133,0.06784220293285116
aligned_temporal_difference,val,2011_09_26/2011_09_26_drive_0011_sync,67,67,68,0000000067.png,0000000068.png,1,0.1035,False,True,0.09071842581033707,0.9115877151489258,0.42397409677505493,0.09035415947437286,0.0659634992480278,0.06602773070335388,-0.0009737423887196332,0.057178039103746414,0.005102040711790323,0.005102040711790323,0.0,0.2569586167135749,0.06829776712540536
aligned_temporal_difference,val,2011_09_26/2011_09_26_drive_0011_sync,68,68,69,0000000068.png,0000000069.png,1,0.1035,False,True,0.058986663818359375,0.941303014755249,0.3382696509361267,0.05644757300615311,0.09035415947437286,0.08348706364631653,0.07600198892895516,0.07340388000011444,0.06122449040412903,0.06122449040412903,0.0,0.2889412806199843,0.06807896116543005
aligned_temporal_difference,val,2011_09_26/2011_09_26_drive_0011_sync,69,69,70,0000000069.png,0000000070.png,1,0.1035,False,True,0.07632717490196228,0.9279563426971436,0.37294432520866394,0.07360284775495529,0.05644757300615311,0.055188629776239395,0.022302876153355248,0.04944334179162979,0.030612245202064514,0.030612245202064514,0.0,0.23492260380014393,0.06514557673834587
aligned_temporal_difference,val,2011_09_26/2011_09_26_drive_0011_sync,70,70,71,0000000070.png,0000000071.png,1,0.1035,False,True,0.0702032670378685,0.9339398145675659,0.35997503995895386,0.06882677972316742,0.07360284775495529,0.07342007756233215,0.0024831945800742944,0.0656442642211914,0.020408162847161293,0.020408162847161293,0.0,0.27096139496675936,0.06872050061561287
aligned_temporal_difference,val,2011_09_26/2011_09_26_drive_0011_sync,71,71,72,0000000071.png,0000000072.png,1,0.1035,False,True,0.06675716489553452,0.9361034035682678,0.35504695773124695,0.06478773802518845,0.06882677972316742,0.06874237954616547,0.0012262694454313345,0.05995088443160057,0.010204081423580647,0.0123174162581563,0.0,0.26218768000454457,0.0676591018665959
aligned_temporal_difference,val,2011_09_26/2011_09_26_drive_0011_sync,72,72,73,0000000072.png,0000000073.png,1,0.1035,False,True,0.08965963870286942,0.9102855920791626,0.42456382513046265,0.08952707797288895,0.06478773802518845,0.06451582908630371,0.004196919774834881,0.057805318385362625,0.015306122601032257,0.015306122601032257,0.0,0.25399966355549314,0.06659514544495963
aligned_temporal_difference,val,2011_09_26/2011_09_26_drive_0011_sync,73,73,74,0000000073.png,0000000074.png,1,0.1035,False,True,0.07156038284301758,0.9283899664878845,0.3727092742919922,0.06862929463386536,0.08952707797288895,0.08911899477243423,0.0045582097583737715,0.07900535315275192,0.020408162847161293,0.020408162847161293,0.0,0.2985280468773985,0.06726033371595357
aligned_temporal_difference,val,2011_09_26/2011_09_26_drive_0011_sync,74,74,75,0000000074.png,0000000075.png,1,0.1035,False,True,0.08739452064037323,0.9157832860946655,0.40322673320770264,0.08551397919654846,0.06862929463386536,0.06988155841827393,-0.018246782093409943,0.06055287644267082,0.010204081423580647,0.010204081423580647,0.0,0.264351202793318,0.06615185394195879
aligned_temporal_difference,val,2011_09_26/2011_09_26_drive_0011_sync,75,75,76,0000000075.png,0000000076.png,1,0.1035,False,True,0.07844214886426926,0.9272551536560059,0.37552905082702637,0.07579709589481354,0.08551397919654846,0.08079995214939117,0.055125806230141565,0.07152845710515976,0.09183673560619354,0.0939500629901886,0.0,0.28425332390209823,0.06911399403866805
aligned_temporal_difference,val,2011_09_26/2011_09_26_drive_0011_sync,76,76,77,0000000076.png,0000000077.png,1,0.1035,False,True,0.07936237752437592,0.9288756847381592,0.37133899331092834,0.0766737088561058,0.07579709589481354,0.07369942218065262,0.027674856000709305,0.06744426488876343,0.06632652878761292,0.06632652878761292,0.0,0.27147637499541766,0.06906126244005781
aligned_temporal_difference,val,2011_09_26/2011_09_26_drive_0011_sync,77,77,78,0000000077.png,0000000078.png,1,0.1035,False,True,0.07916765660047531,0.9283643364906311,0.3764464855194092,0.07689855247735977,0.0766737088561058,0.07394486665725708,0.03559032476138549,0.06661007553339005,0.05612244829535484,0.05612244829535484,0.0,0.2719280541931212,0.07200057809278088
aligned_temporal_difference,val,2011_09_26/2011_09_26_drive_0011_sync,78,78,79,0000000078.png,0000000079.png,1,0.1035,False,True,0.0832434818148613,0.9223989844322205,0.39161035418510437,0.08223406970500946,0.07689855247735977,0.07212807238101959,0.06203601943930855,0.06449740380048752,0.09693877398967743,0.09905210882425308,0.0,0.2685667000598168,0.07017166882108587
aligned_temporal_difference,val,2011_09_26/2011_09_26_drive_0011_sync,79,79,80,0000000079.png,0000000080.png,1,0.1035,False,True,0.07755718380212784,0.9270297288894653,0.3777921795845032,0.07601311802864075,0.08223406970500946,0.07778090983629227,0.054152249605201284,0.06871844828128815,0.09183673560619354,0.10240340232849121,0.0,0.2788922907437426,0.06851314891986536
aligned_temporal_difference,val,2011_09_26/2011_09_26_drive_0011_sync,80,80,81,0000000080.png,0000000081.png,1,0.1035,False,True,0.09569773077964783,0.9106265902519226,0.4174480736255646,0.0946897342801094,0.07601311802864075,0.07530808448791504,0.009275156170544939,0.06641329079866409,0.020408162847161293,0.020408162847161293,0.0,0.2744231850407597,0.06947153224577386
aligned_temporal_difference,val,2011_09_26/2011_09_26_drive_0011_sync,81,81,82,0000000081.png,0000000082.png,1,0.1035,False,True,0.09700487554073334,0.9149073362350464,0.4043596684932709,0.09351485222578049,0.0946897342801094,0.0908876359462738,0.04015322635279877,0.08261306583881378,0.05102040618658066,0.05102040618658066,0.0,0.3014757634475345,0.07143287001813858
aligned_temporal_difference,val,2011_09_26/2011_09_26_drive_0011_sync,82,82,83,0000000082.png,0000000083.png,1,0.1035,False,True,0.07380175590515137,0.9334328174591064,0.3689124584197998,0.0721936896443367,0.09351485222578049,0.09174887835979462,0.01888442128660094,0.08319946378469467,0.04591836780309677,0.04591836780309677,0.0,0.30290077312511865,0.07658774606813985
aligned_temporal_difference,val,2011_09_26/2011_09_26_drive_0011_sync,83,83,84,0000000083.png,0000000084.png,1,0.1035,False,True,0.0830228328704834,0.9255552291870117,0.37917453050613403,0.0790378525853157,0.0721936896443367,0.0721936896443367,0.0,0.06590569019317627,0.0,0.0,0.0,0.2686888342383001,0.07037206616816356
aligned_temporal_difference,val,2011_09_26/2011_09_26_drive_0011_sync,84,84,85,0000000084.png,0000000085.png,1,0.1035,False,True,0.0895610898733139,0.915901780128479,0.418796569108963,0.08931315690279007,0.0790378525853157,0.07797805219888687,0.013408769997702737,0.07159221172332764,0.02551020309329033,0.02551020309329033,0.0,0.2792455052438389,0.07256953669057475
aligned_temporal_difference,val,2011_09_26/2011_09_26_drive_0011_sync,85,85,86,0000000085.png,0000000086.png,1,0.1035,False,True,0.07695742696523666,0.9343506097793579,0.3581012487411499,0.0725933164358139,0.08931315690279007,0.08931315690279007,0.0,0.08168873935937881,0.0,0.0,0.0,0.29885306908711856,0.06858181185881992
aligned_temporal_difference,val,2011_09_26/2011_09_26_drive_0011_sync,86,86,87,0000000086.png,0000000087.png,1,0.1035,False,True,0.06824301183223724,0.9401857852935791,0.3452889621257782,0.06631852686405182,0.0725933164358139,0.0724998265504837,0.0012878580277133746,0.0658668503165245,0.005102040711790323,0.005102040711790323,0.0,0.2692579182688667,0.07293444513250293
aligned_temporal_difference,val,2011_09_26/2011_09_26_drive_0011_sync,87,87,88,0000000087.png,0000000088.png,1,0.1035,False,True,0.07317350804805756,0.9341192245483398,0.35993722081184387,0.07078734785318375,0.06631852686405182,0.06522051990032196,0.01655656444210067,0.05954986438155174,0.040816325694322586,0.040816325694322586,0.0,0.25538308460100084,0.07045819829976828
aligned_temporal_difference,val,2011_09_26/2011_09_26_drive_0011_sync,88,88,89,0000000088.png,0000000089.png,1,0.1035,False,True,0.07378581166267395,0.9352941513061523,0.35446327924728394,0.07016481459140778,0.07078734785318375,0.07078734785318375,0.0,0.06456926465034485,0.0,0.0,0.0,0.2660589180109995,0.07149690546891044
aligned_temporal_difference,val,2011_09_26/2011_09_26_drive_0011_sync,89,89,90,0000000089.png,0000000090.png,1,0.1035,False,True,0.09048406034708023,0.9189785122871399,0.4017726182937622,0.08871839195489883,0.07016481459140778,0.06967609375715256,0.006965326383333252,0.0631408765912056,0.02551020309329033,0.02551020309329033,0.0,0.2639622960900904,0.07256944685588165
aligned_temporal_difference,val,2011_09_26/2011_09_26_drive_0011_sync,90,90,91,0000000090.png,0000000091.png,1,0.1035,False,True,0.10150790214538574,0.9048658609390259,0.43454018235206604,0.1008203849196434,0.08871839195489883,0.08936231583356857,-0.007258065261113908,0.0811804011464119,0.020408162847161293,0.020408162847161293,0.0,0.2989353037591388,0.07453886127694652
aligned_temporal_difference,val,2011_09_26/2011_09_26_drive_0011_sync,91,91,92,0000000091.png,0000000092.png,1,0.1035,False,True,0.07827556133270264,0.926294207572937,0.37884804606437683,0.07597135752439499,0.1008203849196434,0.10110419988632202,-0.0028150553769937265,0.0875941663980484,0.02551020309329033,0.02551020309329033,0.0,0.3179688662217136,0.07278427028040015
aligned_temporal_difference,val,2011_09_26/2011_09_26_drive_0011_sync,92,92,93,0000000092.png,0000000093.png,1,0.1035,False,True,0.08783884346485138,0.916318416595459,0.4058208167552948,0.08712457120418549,0.07597135752439499,0.07597135752439499,0.0,0.06801073253154755,0.0,0.0,0.0,0.2756290215568654,0.0725095312198228
aligned_temporal_difference,val,2011_09_26/2011_09_26_drive_0011_sync,93,93,94,0000000093.png,0000000094.png,1,0.1035,False,True,0.08871288597583771,0.9137436151504517,0.41263437271118164,0.08639766275882721,0.08712457120418549,0.08708016574382782,0.0005096778066614205,0.07641064375638962,0.005102040711790323,0.005102040711790323,0.0,0.2950934864476473,0.07307566149496547
aligned_temporal_difference,val,2011_09_26/2011_09_26_drive_0011_sync,94,94,95,0000000094.png,0000000095.png,1,0.1035,False,True,0.08594207465648651,0.9166631698608398,0.402314692735672,0.08361019939184189,0.08639766275882721,0.0860823392868042,0.0036496759513415635,0.07693164795637131,0.010204081423580647,0.010204081423580647,0.0,0.29339791970428863,0.07214210560435773
aligned_temporal_difference,val,2011_09_26/2011_09_26_drive_0011_sync,95,95,96,0000000095.png,0000000096.png,1,0.1035,False,True,0.10471466183662415,0.9014460444450378,0.436416357755661,0.10251977294683456,0.08361019939184189,0.08361019939184189,0.0,0.07330960780382156,0.0,0.0,0.0,0.2891542830252422,0.07274490019081273
aligned_temporal_difference,val,2011_09_26/2011_09_26_drive_0011_sync,96,96,97,0000000096.png,0000000097.png,1,0.1035,False,True,0.10941995680332184,0.9109231233596802,0.4127066135406494,0.1046111062169075,0.10251977294683456,0.10208257287740707,0.004264543871495078,0.09012866020202637,0.005102040711790323,0.005102040711790323,0.0,0.31950363515523117,0.07494773297699366
aligned_temporal_difference,val,2011_09_26/2011_09_26_drive_0011_sync,97,97,98,0000000097.png,0000000098.png,1,0.1035,False,True,0.121780626475811,0.9047029614448547,0.429359495639801,0.11895304173231125,0.1046111062169075,0.1046111062169075,0.0,0.0904850959777832,0.0,0.0,0.0,0.32343640212089225,0.08249379495925424
aligned_temporal_difference,val,2011_09_26/2011_09_26_drive_0011_sync,98,98,99,0000000098.png,0000000099.png,1,0.1035,False,True,0.10239294171333313,0.9235870838165283,0.3843141496181488,0.09718988835811615,0.11895304173231125,0.09992901235818863,0.15992890217077246,0.09363976866006851,0.11224489659070969,0.11224489659070969,0.0,0.31611550477347455,0.08283254688914675
aligned_temporal_difference,val,2011_09_26/2011_09_26_drive_0011_sync,99,99,100,0000000099.png,0000000100.png,1,0.1035,False,True,0.10007279366254807,0.9205994606018066,0.42505162954330444,0.10103411972522736,0.09718988835811615,0.09538387507200241,0.018582316706230912,0.08658556640148163,0.030612245202064514,0.030612245202064514,0.0,0.30884279993550506,0.08410456285736931
aligned_temporal_difference,val,2011_09_26/2011_09_26_drive_0011_sync,100,100,101,0000000100.png,0000000101.png,1,0.1035,False,True,0.13527455925941467,0.86692214012146,0.5310829281806946,0.13455957174301147,0.10103411972522736,0.10103411972522736,0.0,0.08979718387126923,0.0,0.0,0.0,0.31785864739727837,0.07461041704418815
aligned_temporal_difference,val,2011_09_26/2011_09_26_drive_0011_sync,101,101,102,0000000101.png,0000000102.png,1,0.1035,False,True,0.11939863860607147,0.8762432932853699,0.48742642998695374,0.11828237771987915,0.13455957174301147,0.10921349376440048,0.18836324796736265,0.10216329246759415,0.09183673560619354,0.0939500629901886,0.0,0.3304746492008131,0.0707978050658729
aligned_temporal_difference,val,2011_09_26/2011_09_26_drive_0011_sync,102,102,103,0000000102.png,0000000103.png,1,0.1035,False,True,0.09152171015739441,0.9085997939109802,0.4204730987548828,0.08995617181062698,0.11828237771987915,0.10778588801622391,0.08874094269996356,0.10225653648376465,0.05102040618658066,0.05102040618658066,0.0,0.328307611876764,0.07328677727467194
aligned_temporal_difference,val,2011_09_26/2011_09_26_drive_0011_sync,103,103,104,0000000103.png,0000000104.png,1,0.1035,False,True,0.08285383135080338,0.9212009906768799,0.39031895995140076,0.0791611447930336,0.08995617181062698,0.0872507095336914,0.03007533805052348,0.07653773576021194,0.030612245202064514,0.030612245202064514,0.0,0.2953823108002431,0.07388011638174878
aligned_temporal_difference,val,2011_09_26/2011_09_26_drive_0011_sync,104,104,105,0000000104.png,0000000105.png,1,0.1035,False,True,0.08228560537099838,0.9175007343292236,0.41828641295433044,0.08328517526388168,0.0791611447930336,0.0782693400979042,0.01126568719364801,0.06979017704725266,0.015306122601032257,0.015306122601032257,0.0,0.2797665814530109,0.07312379487075718
aligned_temporal_difference,val,2011_09_26/2011_09_26_drive_0011_sync,105,105,106,0000000105.png,0000000106.png,1,0.1035,False,True,0.10198501497507095,0.8856371641159058,0.4804040193557739,0.10061022639274597,0.08328517526388168,0.07565297931432724,0.09163930946140784,0.06811992079019547,0.06632652878761292,0.06632652878761292,0.0,0.2750508667761788,0.06826802348762498
aligned_temporal_difference,val,2011_09_26/2011_09_26_drive_0011_sync,106,106,107,0000000106.png,0000000107.png,1,0.1035,False,True,0.08367356657981873,0.9006975889205933,0.44533297419548035,0.0815807357430458,0.10061022639274597,0.0762755274772644,0.2418710283037004,0.07202796638011932,0.09693877398967743,0.1075054481625557,0.0,0.27618024454559453,0.06776309168009649
aligned_temporal_difference,val,2011_09_26/2011_09_26_drive_0011_sync,107,107,108,0000000107.png,0000000108.png,1,0.1035,False,True,0.06908269971609116,0.9095458984375,0.45145729184150696,0.06884735077619553,0.0815807357430458,0.07264847308397293,0.109489851712134,0.06522496044635773,0.13265305757522583,0.1389930695295334,0.0,0.26953380694074897,0.06643923473201709
aligned_temporal_difference,val,2011_09_26/2011_09_26_drive_0011_sync,108,108,109,0000000108.png,0000000109.png,1,0.1035,False,True,0.08591385185718536,0.8575014472007751,0.5717202425003052,0.08704742044210434,0.06884735077619553,0.05298633873462677,0.23037940985018723,0.05120546743273735,0.08163265138864517,0.09219932556152344,0.0,0.2301876163798278,0.05694946816953191
aligned_temporal_difference,val,2011_09_26/2011_09_26_drive_0011_sync,109,109,110,0000000109.png,0000000110.png,1,0.1035,False,True,0.039214469492435455,0.9261437058448792,0.3782820403575897,0.03731541335582733,0.08704742044210434,0.05414760857820511,0.37795274916596816,0.04881897196173668,0.07653061300516129,0.08287061750888824,0.0,0.23269638711893467,0.05103646847147068
aligned_temporal_difference,val,2011_09_26/2011_09_26_drive_0011_sync,110,110,111,0000000110.png,0000000111.png,1,0.1035,False,True,0.04254364222288132,0.925102710723877,0.37990236282348633,0.041386816650629044,0.03731541335582733,0.03638733923435211,0.024871066350663586,0.03416130319237709,0.05612244829535484,0.05612244829535484,0.0,0.19075465717604934,0.04895849466719998
aligned_temporal_difference,val,2011_09_26/2011_09_26_drive_0011_sync,111,111,112,0000000111.png,0000000112.png,1,0.1035,False,True,0.04749632626771927,0.9164297580718994,0.40526989102363586,0.046401262283325195,0.041386816650629044,0.041386816650629044,0.0,0.03972357138991356,0.0,0.0,0.0,0.20343750060062438,0.051719646957490914
aligned_temporal_difference,val,2011_09_26/2011_09_26_drive_0011_sync,112,112,113,0000000112.png,0000000113.png,1,0.1035,False,True,0.035119250416755676,0.9356563687324524,0.3592211902141571,0.034553367644548416,0.046401262283325195,0.04543948546051979,0.02072738489166123,0.04359045624732971,0.030612245202064514,0.030612245202064514,0.0,0.21316539461300887,0.053236515532992
aligned_temporal_difference,val,2011_09_26/2011_09_26_drive_0011_sync,113,113,114,0000000113.png,0000000114.png,1,0.1035,False,True,0.043919794261455536,0.917533278465271,0.40174123644828796,0.042686909437179565,0.034553367644548416,0.03456393629312515,-0.00030586450170230794,0.032791174948215485,0.010204081423580647,0.010204081423580647,0.0,0.1859137872593777,0.050101008777095515
aligned_temporal_difference,val,2011_09_26/2011_09_26_drive_0011_sync,114,114,115,0000000114.png,0000000115.png,1,0.1035,False,True,0.036783330142498016,0.9294286966323853,0.3740009367465973,0.03551461175084114,0.042686909437179565,0.042686909437179565,0.0,0.04032857343554497,0.0,0.0,0.0,0.2066081059328979,0.050230399348211545
aligned_temporal_difference,val,2011_09_26/2011_09_26_drive_0011_sync,115,115,116,0000000115.png,0000000116.png,1,0.1035,False,True,0.04131252318620682,0.9185773134231567,0.4006977081298828,0.04091939702630043,0.03551461175084114,0.03538292273879051,0.0037080234179248683,0.03273627907037735,0.010204081423580647,0.010204081423580647,0.0,0.18810348943810296,0.04887316295626915
aligned_temporal_difference,val,2011_09_26/2011_09_26_drive_0011_sync,116,116,117,0000000116.png,0000000117.png,1,0.1035,False,True,0.03794851526618004,0.9239785671234131,0.38663336634635925,0.037008654326200485,0.04091939702630043,0.03842024505138397,0.06107499514985911,0.036108922213315964,0.06122449040412903,0.06122449040412903,0.0,0.19601082891356786,0.04785873398272146
aligned_temporal_difference,val,2011_09_26/2011_09_26_drive_0011_sync,117,117,118,0000000117.png,0000000118.png,1,0.1035,False,True,0.04602574557065964,0.9145799279212952,0.4045679271221161,0.044560693204402924,0.037008654326200485,0.035983145236968994,0.02770998048706343,0.034465715289115906,0.020408162847161293,0.020408162847161293,0.0,0.1896922382096036,0.04734193674870515
aligned_temporal_difference,val,2011_09_26/2011_09_26_drive_0011_sync,118,118,119,0000000118.png,0000000119.png,1,0.1035,False,True,0.03950069844722748,0.9288064241409302,0.3724445700645447,0.03807048872113228,0.044560693204402924,0.04406510293483734,0.011121691201980994,0.04120642691850662,0.040816325694322586,0.040816325694322586,0.0,0.20991689530582655,0.050266383838884245
aligned_temporal_difference,val,2011_09_26/2011_09_26_drive_0011_sync,119,119,120,0000000119.png,0000000120.png,1,0.1035,False,True,0.0388847216963768,0.9287277460098267,0.3759974241256714,0.03801145404577255,0.03807048872113228,0.037989020347595215,0.002139935059248186,0.03465360403060913,0.010204081423580647,0.010204081423580647,0.0,0.1949077226473985,0.049685635111858
aligned_temporal_difference,val,2011_09_26/2011_09_26_drive_0011_sync,120,120,121,0000000120.png,0000000121.png,1,0.1035,False,True,0.03747721388936043,0.9303167462348938,0.3695946931838989,0.03619590774178505,0.03801145404577255,0.037998899817466736,0.00033027487690155514,0.03479545935988426,0.02551020309329033,0.02551020309329033,0.0,0.1949330649670977,0.0489923813846008
aligned_temporal_difference,val,2011_09_26/2011_09_26_drive_0011_sync,121,121,122,0000000121.png,0000000122.png,1,0.1035,False,True,0.026281487196683884,0.9500768184661865,0.31468266248703003,0.02517799474298954,0.03619590774178505,0.03249739482998848,0.10218041603435064,0.03132065013051033,0.12755101919174194,0.12755101919174194,0.0,0.18027033818681454,0.047362096516057654
aligned_temporal_difference,val,2011_09_26/2011_09_26_drive_0011_sync,122,122,123,0000000122.png,0000000123.png,1,0.1035,False,True,0.03726324811577797,0.933893084526062,0.35757124423980713,0.03522959351539612,0.02517799474298954,0.024935215711593628,0.00964250862207804,0.02328723669052124,0.040816325694322586,0.040816325694322586,0.0,0.15790888420729732,0.0470863138993648
aligned_temporal_difference,val,2011_09_26/2011_09_26_drive_0011_sync,123,123,124,0000000123.png,0000000124.png,1,0.1035,False,True,0.041082002222537994,0.9271382689476013,0.3784315586090088,0.039900317788124084,0.03522959351539612,0.0350726917386055,0.004453692510589125,0.031902723014354706,0.030612245202064514,0.030612245202064514,0.0,0.18727704541295365,0.050914141193216106
aligned_temporal_difference,val,2011_09_26/2011_09_26_drive_0011_sync,124,124,125,0000000124.png,0000000125.png,1,0.1035,False,True,0.028642995283007622,0.9483197927474976,0.31939274072647095,0.027283044531941414,0.039900317788124084,0.03844519332051277,0.036468994441052185,0.035359304398298264,0.04591836780309677,0.04591836780309677,0.0,0.1960744586133359,0.05019878160237218
aligned_temporal_difference,val,2011_09_26/2011_09_26_drive_0011_sync,125,125,126,0000000125.png,0000000126.png,1,0.1035,False,True,0.03440282121300697,0.9351470470428467,0.36127716302871704,0.03350653871893883,0.027283044531941414,0.02725052274763584,0.0011920144860482077,0.024686260148882866,0.010204081423580647,0.010204081423580647,0.0,0.16507732354153262,0.04905391938503818
aligned_temporal_difference,val,2011_09_26/2011_09_26_drive_0011_sync,126,126,127,0000000126.png,0000000127.png,1,0.1035,False,True,0.029409468173980713,0.9422403573989868,0.3376946747303009,0.028187505900859833,0.03350653871893883,0.03077596053481102,0.08149389010403539,0.029799537733197212,0.06632652878761292,0.06632652878761292,0.0,0.1754307855959467,0.04825476422639907
aligned_temporal_difference,val,2011_09_26/2011_09_26_drive_0011_sync,127,127,128,0000000127.png,0000000128.png,1,0.1035,False,True,0.03024560958147049,0.9409544467926025,0.339403361082077,0.02873600274324417,0.028187505900859833,0.02803555317223072,0.00539078303570225,0.026636039838194847,0.02551020309329033,0.02551020309329033,0.0,0.16743820702644518,0.04732102052285819
aligned_temporal_difference,val,2011_09_26/2011_09_26_drive_0011_sync,128,128,129,0000000128.png,0000000129.png,1,0.1035,False,True,0.035058025270700455,0.9302712678909302,0.3718074858188629,0.034288566559553146,0.02873600274324417,0.028333313763141632,0.014013395798314753,0.02736680395901203,0.010204081423580647,0.010204081423580647,0.0,0.16832502417389292,0.048181863281324386
aligned_temporal_difference,val,2011_09_26/2011_09_26_drive_0011_sync,129,129,130,0000000129.png,0000000130.png,1,0.1035,False,True,0.023582428693771362,0.9552549719810486,0.2959560453891754,0.021612931042909622,0.034288566559553146,0.03144887089729309,0.0828175671131661,0.030720481649041176,0.1071428582072258,0.1071428582072258,0.0,0.1773382950670641,0.04787719293164785
aligned_temporal_difference,val,2011_09_26/2011_09_26_drive_0011_sync,130,130,131,0000000130.png,0000000131.png,1,0.1035,False,True,0.026736298575997353,0.9480310082435608,0.3209671378135681,0.025721155107021332,0.021612931042909622,0.021494748070836067,0.005468160326746904,0.02034803107380867,0.0357142835855484,0.0357142835855484,0.0,0.14661087296253325,0.04815240847772856
aligned_temporal_difference,val,2011_09_26/2011_09_26_drive_0011_sync,131,131,132,0000000131.png,0000000132.png,1,0.1035,False,True,0.029854489490389824,0.9431281685829163,0.33262935280799866,0.02809484489262104,0.025721155107021332,0.025731798261404037,-0.0004137899071181423,0.024439556524157524,0.015306122601032257,0.015306122601032257,0.0,0.1604113408129364,0.04914502306119696
aligned_temporal_difference,val,2011_09_26/2011_09_26_drive_0011_sync,132,132,133,0000000132.png,0000000133.png,1,0.1035,False,True,0.04233607277274132,0.9261714220046997,0.37710434198379517,0.03986027091741562,0.02809484489262104,0.02778732031583786,0.010945943213373992,0.02672617696225643,0.04591836780309677,0.04591836780309677,0.0,0.16669529182264825,0.04982356106553209
aligned_temporal_difference,val,2011_09_26/2011_09_26_drive_0011_sync,133,133,134,0000000133.png,0000000134.png,1,0.1035,False,True,0.0466805063188076,0.9172388315200806,0.4058395326137543,0.04678492620587349,0.03986027091741562,0.03841584175825119,0.036237314145633,0.03631158173084259,0.07653061300516129,0.07653061300516129,0.0,0.19599959632165365,0.05314390016340202
aligned_temporal_difference,val,2011_09_26/2011_09_26_drive_0011_sync,134,134,135,0000000134.png,0000000135.png,1,0.1035,False,True,0.028078870847821236,0.9472875595092773,0.32614532113075256,0.027060285210609436,0.04678492620587349,0.03859551623463631,0.17504377232958135,0.040828850120306015,0.1071428582072258,0.1071428582072258,0.0,0.1964574158300885,0.05039295193008779
aligned_temporal_difference,val,2011_09_26/2011_09_26_drive_0011_sync,135,135,136,0000000135.png,0000000136.png,1,0.1035,False,True,0.04254740849137306,0.92789226770401,0.3734143078327179,0.04041539877653122,0.027060285210609436,0.02696637250483036,0.0034704994809979157,0.025101888924837112,0.015306122601032257,0.015306122601032257,0.0,0.16421441016192934,0.04789341098980157
aligned_temporal_difference,val,2011_09_26/2011_09_26_drive_0011_sync,136,136,137,0000000136.png,0000000137.png,1,0.1035,False,True,0.05171816423535347,0.9120166897773743,0.41595327854156494,0.05125300586223602,0.04041539877653122,0.04015730693936348,0.006385977745631226,0.03604155406355858,0.0357142835855484,0.0357142835855484,0.0,0.20039288145880702,0.0527032345203197
aligned_temporal_difference,val,2011_09_26/2011_09_26_drive_0011_sync,137,137,138,0000000137.png,0000000138.png,1,0.1035,False,True,0.04667799547314644,0.9265404939651489,0.3761952221393585,0.04436427727341652,0.05125300586223602,0.05061347410082817,0.012477936672180015,0.045357659459114075,0.07653061300516129,0.07653061300516129,0.0,0.2249743854327158,0.05405937229877353
aligned_temporal_difference,val,2011_09_26/2011_09_26_drive_0011_sync,138,138,139,0000000138.png,0000000139.png,1,0.1035,False,True,0.04230553284287453,0.9377914071083069,0.3472290635108948,0.03984416276216507,0.04436427727341652,0.04309602454304695,0.028587251011739496,0.04015951603651047,0.08673468977212906,0.08673468977212906,0.0,0.20759582014830394,0.05530381959958139
aligned_temporal_difference,val,2011_09_26/2011_09_26_drive_0011_sync,139,139,140,0000000139.png,0000000140.png,1,0.1035,False,True,0.06949065625667572,0.8936893939971924,0.4647114872932434,0.06999391317367554,0.03984416276216507,0.0379863865673542,0.046626056767717076,0.03566174954175949,0.07653061300516129,0.07653061300516129,0.0,0.19490096605033594,0.055789705324869966
aligned_temporal_difference,val,2011_09_26/2011_09_26_drive_0011_sync,140,140,141,0000000140.png,0000000141.png,1,0.1035,False,True,0.047524552792310715,0.9260543584823608,0.3789096772670746,0.04599456489086151,0.06999391317367554,0.06156792864203453,0.12038167534273522,0.058163587003946304,0.15816326439380646,0.15816326439380646,0.0,0.24812885491621994,0.056507719249482266
aligned_temporal_difference,val,2011_09_26/2011_09_26_drive_0011_sync,141,141,142,0000000141.png,0000000142.png,1,0.1035,False,True,0.04268135875463486,0.9332948923110962,0.3620970547199249,0.040934108197689056,0.04599456489086151,0.044100917875766754,0.04117110401170462,0.04072587192058563,0.08673468977212906,0.08673468977212906,0.0,0.21000218540712084,0.054640360082568284
aligned_temporal_difference,val,2011_09_26/2011_09_26_drive_0011_sync,142,142,143,0000000142.png,0000000143.png,1,0.1035,False,True,0.04496156424283981,0.9279127717018127,0.37764158844947815,0.0438709482550621,0.040934108197689056,0.03914431482553482,0.04372376609527013,0.03748878836631775,0.06632652878761292,0.06632652878761292,0.0,0.1978492224537029,0.05346131841035233
aligned_temporal_difference,val,2011_09_26/2011_09_26_drive_0011_sync,143,143,144,0000000143.png,0000000144.png,1,0.1035,False,True,0.040320467203855515,0.9350662231445312,0.35613197088241577,0.03842506930232048,0.0438709482550621,0.043599311262369156,0.0061917283190158585,0.04005724936723709,0.040816325694322586,0.040816325694322586,0.0,0.20880448094418175,0.05354114266931104
aligned_temporal_difference,val,2011_09_26/2011_09_26_drive_0011_sync,144,144,145,0000000144.png,0000000145.png,1,0.1035,False,True,0.05681994557380676,0.9056322574615479,0.4344496428966522,0.0563945509493351,0.03842506930232048,0.0381120927631855,0.008145113198691841,0.03488646820187569,0.05612244829535484,0.05612244829535484,0.0,0.19522318705314054,0.05311649785658036
aligned_temporal_difference,val,2011_09_26/2011_09_26_drive_0011_sync,145,145,146,0000000145.png,0000000146.png,1,0.1035,False,True,0.04203464463353157,0.9312006831169128,0.36500129103660583,0.04048656299710274,0.0563945509493351,0.04170995205640793,0.260390386052011,0.04027589410543442,0.14795918762683868,0.14795918762683868,0.0,0.20423014482785817,0.05213917505321925
aligned_temporal_difference,val,2011_09_26/2011_09_26_drive_0011_sync,146,146,147,0000000146.png,0000000147.png,1,0.1035,False,True,0.04686177521944046,0.9222223162651062,0.3923971354961395,0.04600035399198532,0.04048656299710274,0.035495370626449585,0.12328021943997389,0.03566925227642059,0.1428571343421936,0.1428571343421936,0.0,0.18840215133179766,0.05275319346455168
aligned_temporal_difference,val,2011_09_26/2011_09_26_drive_0011_sync,147,147,148,0000000147.png,0000000148.png,1,0.1035,False,True,0.03184651955962181,0.9462953805923462,0.32454827427864075,0.03040393441915512,0.04600035399198532,0.03598712757229805,0.21767716008080903,0.03571680188179016,0.16836734116077423,0.16836734116077423,0.0,0.1897027347517638,0.05157027140848192
aligned_temporal_difference,val,2011_09_26/2011_09_26_drive_0011_sync,148,148,149,0000000148.png,0000000149.png,1,0.1035,False,True,0.037075746804475784,0.9391523599624634,0.3437933325767517,0.03578808903694153,0.03040393441915512,0.02722509391605854,0.10455359031079359,0.02736370824277401,0.1071428582072258,0.1071428582072258,0.0,0.16500028459387137,0.05086243769291366
aligned_temporal_difference,val,2011_09_26/2011_09_26_drive_0011_sync,149,149,150,0000000149.png,0000000150.png,1,0.1035,False,True,0.03746088966727257,0.9408451318740845,0.3390186131000519,0.035742662847042084,0.03578808903694153,0.03208911046385765,0.10335781184811746,0.032203614711761475,0.07653061300516129,0.07653061300516129,0.0,0.17913433636200976,0.052420356724237824
aligned_temporal_difference,val,2011_09_26/2011_09_26_drive_0011_sync,150,150,151,0000000150.png,0000000151.png,1,0.1035,False,True,0.047346893697977066,0.9300921559333801,0.3673739731311798,0.04516782611608505,0.035742662847042084,0.030181728303432465,0.15558254759605353,0.031957246363162994,0.12755101919174194,0.12755101919174194,0.0,0.17372889311635087,0.05299635336345507
aligned_temporal_difference,val,2011_09_26/2011_09_26_drive_0011_sync,151,151,152,0000000151.png,0000000152.png,1,0.1035,False,True,0.050010036677122116,0.9255068302154541,0.38371631503105164,0.04918123781681061,0.04516782611608505,0.03652121126651764,0.19143305297325794,0.03811703994870186,0.15306122601032257,0.15306122601032257,0.0,0.19110523610439784,0.05495336103171713
aligned_temporal_difference,val,2011_09_26/2011_09_26_drive_0011_sync,152,152,153,0000000152.png,0000000153.png,1,0.1035,False,True,0.0585639625787735,0.9120343923568726,0.4141656458377838,0.057976752519607544,0.04918123781681061,0.04247375205159187,0.13638302049661005,0.04433196410536766,0.1071428582072258,0.1071428582072258,0.0,0.20609161082293445,0.054500291334557985
aligned_temporal_difference,val,2011_09_26/2011_09_26_drive_0011_sync,153,153,154,0000000153.png,0000000154.png,1,0.1035,False,True,0.058709386736154556,0.9121571779251099,0.41372495889663696,0.05779414251446724,0.057976752519607544,0.04637134075164795,0.20017353962753748,0.047340936958789825,0.15816326439380646,0.15816326439380646,0.0,0.21534005839984335,0.05565242478367512
aligned_temporal_difference,val,2011_09_26/2011_09_26_drive_0011_sync,154,154,155,0000000154.png,0000000155.png,1,0.1035,False,True,0.07647839188575745,0.8912665843963623,0.45594656467437744,0.07400255650281906,0.05779414251446724,0.057911988347768784,-0.0020390618871461686,0.05184221267700195,0.02551020309329033,0.02551020309329033,0.0,0.2406490979575215,0.05814114645337356
aligned_temporal_difference,val,2011_09_26/2011_09_26_drive_0011_sync,155,155,156,0000000155.png,0000000156.png,1,0.1035,False,True,0.08120592683553696,0.8863445520401001,0.470904678106308,0.080176442861557,0.07400255650281906,0.06322500109672546,0.14563760923155453,0.06099272519350052,0.11734693497419357,0.11734693497419357,0.0,0.25144582139444166,0.05995921697850737
aligned_temporal_difference,val,2011_09_26/2011_09_26_drive_0011_sync,156,156,157,0000000156.png,0000000157.png,1,0.1035,False,True,0.08035051077604294,0.9045588970184326,0.42685359716415405,0.07611314207315445,0.080176442861557,0.07829882204532623,0.02341860962169295,0.07215562462806702,0.06122449040412903,0.06122449040412903,0.0,0.2798192667514627,0.06284098813619154
aligned_temporal_difference,val,2011_09_26/2011_09_26_drive_0011_sync,157,157,158,0000000157.png,0000000158.png,1,0.1035,False,True,0.0750170648097992,0.9118849039077759,0.4145576059818268,0.07210332155227661,0.07611314207315445,0.07052925229072571,0.07336301761214785,0.06635033339262009,0.10204081237316132,0.10204081237316132,0.0,0.26557344048440856,0.06932615157364998
aligned_temporal_difference,val,2011_09_26/2011_09_26_drive_0011_sync,158,158,159,0000000158.png,0000000159.png,1,0.1035,False,True,0.06284921616315842,0.923493504524231,0.3904234766960144,0.06066770479083061,0.07210332155227661,0.06776412576436996,0.06018024821173636,0.0629706010222435,0.08673468977212906,0.08673468977212906,0.0,0.26031543512509964,0.06893184600592821
aligned_temporal_difference,val,2011_09_26/2011_09_26_drive_0011_sync,159,159,160,0000000159.png,0000000160.png,1,0.1035,False,True,0.09548365324735641,0.893629789352417,0.448926717042923,0.0926172062754631,0.06066770479083061,0.05831972882151604,0.03870223832284242,0.05209630727767944,0.06632652878761292,0.06632652878761292,0.0,0.24149478011235778,0.06477632909814118
aligned_temporal_difference,val,2011_09_26/2011_09_26_drive_0011_sync,160,160,161,0000000160.png,0000000161.png,1,0.1035,False,True,0.05828629434108734,0.9329848289489746,0.36929625272750854,0.05752689763903618,0.0926172062754631,0.06862453371286392,0.2590520004591794,0.06761429458856583,0.15816326439380646,0.15816326439380646,0.0,0.26196284796295816,0.0730977032017673
aligned_temporal_difference,val,2011_09_26/2011_09_26_drive_0011_sync,161,161,162,0000000161.png,0000000162.png,1,0.1035,False,True,0.05491698533296585,0.9418344497680664,0.337352991104126,0.0495016984641552,0.05752689763903618,0.05690457299351692,0.010817976825799904,0.05213321000337601,0.0357142835855484,0.0357142835855484,0.0,0.2385467941379991,0.06742147359363858
aligned_temporal_difference,val,2011_09_26/2011_09_26_drive_0011_sync,162,162,163,0000000162.png,0000000163.png,1,0.1035,False,True,0.06279616057872772,0.9405596256256104,0.3407939076423645,0.057532086968421936,0.0495016984641552,0.04736241325736046,0.04321640010683314,0.04668506234884262,0.0357142835855484,0.0357142835855484,0.0,0.2176290726381943,0.0715688772722841
aligned_temporal_difference,val,2011_09_26/2011_09_26_drive_0011_sync,163,163,164,0000000163.png,0000000164.png,1,0.1035,False,True,0.0772148072719574,0.929175615310669,0.36997392773628235,0.07350744307041168,0.057532086968421936,0.049862246960401535,0.13331412803137496,0.05127589404582977,0.06632652878761292,0.06632652878761292,0.0,0.2232985601395619,0.0759229045202635
aligned_temporal_difference,val,2011_09_26/2011_09_26_drive_0011_sync,164,164,165,0000000164.png,0000000165.png,1,0.1035,False,True,0.09423637390136719,0.9123296737670898,0.41617438197135925,0.09143027663230896,0.07350744307041168,0.07350744307041168,0.0,0.0707678273320198,0.0,0.0,0.0,0.27112256097641835,0.07735291978153637
aligned_temporal_difference,val,2011_09_26/2011_09_26_drive_0011_sync,165,165,166,0000000165.png,0000000166.png,1,0.1035,False,True,0.0926409512758255,0.9160391688346863,0.4019203782081604,0.08901075273752213,0.09143027663230896,0.08404586464166641,0.0807654998173012,0.08339988440275192,0.0714285671710968,0.0714285671710968,0.0,0.2899066481501699,0.07911634601387726
aligned_temporal_difference,val,2011_09_26/2011_09_26_drive_0011_sync,166,166,167,0000000166.png,0000000167.png,1,0.1035,False,True,0.10708974301815033,0.9146332740783691,0.40437254309654236,0.10039177536964417,0.08901075273752213,0.08901075273752213,0.0,0.08437176793813705,0.0,0.0,0.0,0.2983466988882601,0.08091531974329166
aligned_temporal_difference,val,2011_09_26/2011_09_26_drive_0011_sync,167,167,168,0000000167.png,0000000168.png,1,0.1035,False,True,0.09552852064371109,0.9302974939346313,0.36682069301605225,0.08694318681955338,0.10039177536964417,0.08869701623916626,0.11649120744620374,0.089683897793293,0.11224489659070969,0.11224489659070969,0.0,0.29782044295038956,0.0874181791697025
aligned_temporal_difference,val,2011_09_26/2011_09_26_drive_0011_sync,168,168,169,0000000168.png,0000000169.png,1,0.1035,False,True,0.08377809822559357,0.9344412088394165,0.37206628918647766,0.08523032069206238,0.08694318681955338,0.08109249919652939,0.06729322718716099,0.0813223198056221,0.0714285671710968,0.0714285671710968,0.0,0.28476744757175,0.09133273840739334
aligned_temporal_difference,val,2011_09_26/2011_09_26_drive_0011_sync,169,169,170,0000000169.png,0000000170.png,1,0.1035,False,True,0.09891339391469955,0.9184828996658325,0.39691343903541565,0.09467726200819016,0.08523032069206238,0.08110225945711136,0.048434186348608584,0.08130995184183121,0.040816325694322586,0.040816325694322586,0.0,0.28478458430384074,0.08162203684378587
aligned_temporal_difference,val,2011_09_26/2011_09_26_drive_0011_sync,170,170,171,0000000170.png,0000000171.png,1,0.1035,False,True,0.09323658794164658,0.9330630302429199,0.36073964834213257,0.08574438095092773,0.09467726200819016,0.08214374631643295,0.13238147603669587,0.08657663315534592,0.13265305757522583,0.13265305757522583,0.0,0.28660730332012296,0.08316698520733339
aligned_temporal_difference,val,2011_09_26/2011_09_26_drive_0011_sync,171,171,172,0000000171.png,0000000172.png,1,0.1035,False,True,0.14116789400577545,0.9120423793792725,0.4105892479419708,0.1321834772825241,0.08574438095092773,0.08574438095092773,0.0,0.08291757851839066,0.0,0.0,0.0,0.2928214147751625,0.08955637956964364
aligned_temporal_difference,val,2011_09_26/2011_09_26_drive_0011_sync,172,172,173,0000000172.png,0000000173.png,1,0.1035,False,True,0.09756071865558624,0.9354501962661743,0.3673495650291443,0.09725157916545868,0.1321834772825241,0.1269318163394928,0.03973008617262053,0.12569811940193176,0.0714285671710968,0.0714285671710968,0.0,0.3562749167980996,0.09951400398572877
aligned_temporal_difference,val,2011_09_26/2011_09_26_drive_0011_sync,173,173,174,0000000173.png,0000000174.png,1,0.1035,False,True,0.11311839520931244,0.9339823722839355,0.36083605885505676,0.10307024419307709,0.09725157916545868,0.08386008441448212,0.1376995095184314,0.08967775106430054,0.06632652878761292,0.06632652878761292,0.0,0.2895860570097982,0.08837002767572308
aligned_temporal_difference,val,2011_09_26/2011_09_26_drive_0011_sync,174,174,175,0000000174.png,0000000175.png,1,0.1035,False,True,0.09059692919254303,0.9463968276977539,0.3235655426979065,0.08424556255340576,0.10307024419307709,0.09858652949333191,0.04350154338769225,0.09875712543725967,0.040816325694322586,0.040816325694322586,0.0,0.3139849192132194,0.09893444885662754
aligned_temporal_difference,val,2011_09_26/2011_09_26_drive_0011_sync,175,175,176,0000000175.png,0000000176.png,1,0.1035,False,True,0.0991782620549202,0.9405831098556519,0.3412959575653076,0.0939369946718216,0.08424556255340576,0.08424556255340576,0.0,0.08263716101646423,0.0,0.0,0.0,0.29025086141716405,0.09602059529928784
aligned_temporal_difference,val,2011_09_26/2011_09_26_drive_0011_sync,176,176,177,0000000176.png,0000000177.png,1,0.1035,False,True,0.08776427805423737,0.9446423053741455,0.33399149775505066,0.0826670303940773,0.0939369946718216,0.09328950941562653,0.0068927610304877615,0.09118124097585678,0.06632652878761292,0.06632652878761292,0.0,0.3054333141876088,0.09621505640206272
aligned_temporal_difference,val,2011_09_26/2011_09_26_drive_0011_sync,177,177,178,0000000177.png,0000000178.png,1,0.1035,False,True,0.09324201941490173,0.9406102895736694,0.3398432433605194,0.08716049045324326,0.0826670303940773,0.0826670303940773,0.0,0.08130138367414474,0.0,0.0,0.0,0.2875187479001627,0.09125363639059107
aligned_temporal_difference,val,2011_09_26/2011_09_26_drive_0011_sync,178,178,179,0000000178.png,0000000179.png,1,0.1035,False,True,0.0972675085067749,0.9338729381561279,0.3727242052555084,0.09632712602615356,0.08716049045324326,0.07548485696315765,0.1339555735559901,0.0809357762336731,0.05612244829535484,0.05612244829535484,0.0,0.27474507632195644,0.09271077499317544
aligned_temporal_difference,val,2011_09_26/2011_09_26_drive_0011_sync,179,179,180,0000000179.png,0000000180.png,1,0.1035,False,True,0.10438699275255203,0.9247540235519409,0.3819419741630554,0.10095158219337463,0.09632712602615356,0.0903342217206955,0.062214088104641976,0.09215094149112701,0.05102040618658066,0.05102040618658066,0.0,0.30055652001028943,0.08762642038366837
aligned_temporal_difference,val,2011_09_26/2011_09_26_drive_0011_sync,180,180,181,0000000180.png,0000000181.png,1,0.1035,False,True,0.08351387828588486,0.9458509683609009,0.32549312710762024,0.07580055296421051,0.10095158219337463,0.09283716976642609,0.08037924964271723,0.09521186351776123,0.04591836780309677,0.04591836780309677,0.0,0.3046919259948089,0.08816580080677285
aligned_temporal_difference,val,2011_09_26/2011_09_26_drive_0011_sync,181,181,182,0000000181.png,0000000182.png,1,0.1035,False,True,0.10818114131689072,0.932729184627533,0.3606572449207306,0.09986648708581924,0.07580055296421051,0.07580055296421051,0.0,0.07461535930633545,0.0,0.0,0.0,0.27531900218512073,0.09182894430627479
aligned_temporal_difference,val,2011_09_26/2011_09_26_drive_0011_sync,182,182,183,0000000182.png,0000000183.png,1,0.1035,False,True,0.0922418087720871,0.9432615041732788,0.33270952105522156,0.08690301328897476,0.09986648708581924,0.09671946614980698,0.031512282326581764,0.09661538153886795,0.02551020309329033,0.02551020309329033,0.0,0.3109975339931283,0.09603837712868088
aligned_temporal_difference,val,2011_09_26/2011_09_26_drive_0011_sync,183,183,184,0000000183.png,0000000184.png,1,0.1035,False,True,0.09700623899698257,0.937843382358551,0.3521067798137665,0.09366168826818466,0.08690301328897476,0.08207491040229797,0.0555573702677272,0.08222996443510056,0.04591836780309677,0.04591836780309677,0.0,0.2864871906426149,0.09369546575699926
aligned_temporal_difference,val,2011_09_26/2011_09_26_drive_0011_sync,184,184,185,0000000184.png,0000000185.png,1,0.1035,False,True,0.08914931863546371,0.9372928142547607,0.36183926463127136,0.08927243947982788,0.09366168826818466,0.08485108613967896,0.094068367668945,0.08425547182559967,0.09693877398967743,0.09693877398967743,0.0,0.2912920976265559,0.09187436891034122
aligned_temporal_difference,val,2011_09_26/2011_09_26_drive_0011_sync,185,185,186,0000000185.png,0000000186.png,1,0.1035,False,True,0.09394960850477219,0.9257590770721436,0.38621005415916443,0.09281603246927261,0.08927243947982788,0.07142845541238785,0.19988233962702545,0.07247377932071686,0.10204081237316132,0.10204081237316132,0.0,0.2672610248659311,0.08472411539088567
aligned_temporal_difference,val,2011_09_26/2011_09_26_drive_0011_sync,186,186,187,0000000186.png,0000000187.png,1,0.1035,False,True,0.07858733832836151,0.9321494698524475,0.37286192178726196,0.0776527002453804,0.09281603246927261,0.09130150824785233,0.016317485041409,0.08741631358861923,0.030612245202064514,0.030612245202064514,0.0,0.30216139437038003,0.08556862526310481
aligned_temporal_difference,val,2011_09_26/2011_09_26_drive_0011_sync,187,187,188,0000000187.png,0000000188.png,1,0.1035,False,True,0.08734051138162613,0.9215086102485657,0.39053529500961304,0.08371789008378983,0.0776527002453804,0.06779909878969193,0.12689322360396182,0.06983793526887894,0.09693877398967743,0.09693877398967743,0.0,0.2603826007814115,0.07957684229339977
aligned_temporal_difference,val,2011_09_26/2011_09_26_drive_0011_sync,188,188,189,0000000188.png,0000000189.png,1,0.1035,False,True,0.07910194247961044,0.9252849221229553,0.3881959319114685,0.07900546491146088,0.08371789008378983,0.08127395808696747,0.029192470024941207,0.08120138943195343,0.040816325694322586,0.040816325694322586,0.0,0.28508587844186084,0.08268021283076996
aligned_temporal_difference,val,2011_09_26/2011_09_26_drive_0011_sync,189,189,190,0000000189.png,0000000190.png,1,0.1035,False,True,0.08582819253206253,0.9288064241409302,0.3725663721561432,0.07974330335855484,0.07900546491146088,0.06349103897809982,0.1963715541797978,0.06671412289142609,0.07653061300516129,0.07653061300516129,0.0,0.25197428237441183,0.07537440547997284
aligned_temporal_difference,val,2011_09_26/2011_09_26_drive_0011_sync,190,190,191,0000000190.png,0000000191.png,1,0.1035,False,True,0.061669882386922836,0.9448903799057007,0.34225621819496155,0.061744168400764465,0.07974330335855484,0.077921561896801,0.022845071435812412,0.07744240015745163,0.02551020309329033,0.02551020309329033,0.0,0.27914433882276923,0.08224049912182985
aligned_temporal_difference,val,2011_09_26/2011_09_26_drive_0011_sync,191,191,192,0000000191.png,0000000192.png,1,0.1035,False,True,0.0802559182047844,0.915355920791626,0.42843014001846313,0.08287521451711655,0.061744168400764465,0.0550965778529644,0.10766345583687154,0.0558655746281147,0.05612244829535484,0.05612244829535484,0.0,0.23472660235466367,0.07237679719505372
aligned_temporal_difference,val,2011_09_26/2011_09_26_drive_0011_sync,192,192,193,0000000192.png,0000000193.png,1,0.1035,False,True,0.051947157829999924,0.9404350519180298,0.3405396342277527,0.04884447157382965,0.08287521451711655,0.05266650766134262,0.3645083398189552,0.0551781952381134,0.16326530277729034,0.16326530277729034,0.0,0.22949184661190605,0.06357948688647833
aligned_temporal_difference,val,2011_09_26/2011_09_26_drive_0011_sync,193,193,194,0000000193.png,0000000194.png,1,0.1035,False,True,0.05425655469298363,0.9385499954223633,0.3460370898246765,0.0511661097407341,0.04884447157382965,0.04621270298957825,0.05388058258084375,0.04526599496603012,0.0357142835855484,0.0357142835855484,0.0,0.2149714003991653,0.066406491924294
aligned_temporal_difference,val,2011_09_26/2011_09_26_drive_0011_sync,194,194,195,0000000194.png,0000000195.png,1,0.1035,False,True,0.045587584376335144,0.9469796419143677,0.32362866401672363,0.043955087661743164,0.0511661097407341,0.0511661097407341,0.0,0.048267703503370285,0.0,0.0,0.0,0.22619926998276121,0.0693021712219942
aligned_temporal_difference,val,2011_09_26/2011_09_26_drive_0011_sync,195,195,196,0000000195.png,0000000196.png,1,0.1035,False,True,0.060220569372177124,0.9262584447860718,0.38399702310562134,0.06059440225362778,0.043955087661743164,0.0441325418651104,-0.004037170958065968,0.04063288867473602,0.02551020309329033,0.02551020309329033,0.0,0.2100774663430383,0.0654094935326935
aligned_temporal_difference,val,2011_09_26/2011_09_26_drive_0011_sync,196,196,197,0000000196.png,0000000197.png,1,0.1035,False,True,0.05209841951727867,0.9335205554962158,0.3617538511753082,0.05045527592301369,0.06059440225362778,0.05748261511325836,0.051354366486602535,0.051598407328128815,0.05102040618658066,0.05102040618658066,0.0,0.23975532343048894,0.06583829585982764
aligned_temporal_difference,val,2011_09_26/2011_09_26_drive_0011_sync,197,197,198,0000000197.png,0000000198.png,1,0.1035,False,True,0.0386015810072422,0.9526896476745605,0.3039973974227905,0.03452841565012932,0.05045527592301369,0.04053935036063194,0.19652901269456516,0.037881746888160706,0.0714285671710968,0.0714285671710968,0.0,0.20134386099564083,0.06358267644358104
aligned_temporal_difference,val,2011_09_26/2011_09_26_drive_0011_sync,198,198,199,0000000198.png,0000000199.png,1,0.1035,False,True,0.05452363193035126,0.9276347160339355,0.40070897340774536,0.05816418677568436,0.03452841565012932,0.03452841565012932,0.0,0.027605408802628517,0.0,0.0,0.0,0.1858182328247939,0.06591487806633327
aligned_temporal_difference,val,2011_09_26/2011_09_26_drive_0011_sync,199,199,200,0000000199.png,0000000200.png,1,0.1035,False,True,0.03164326772093773,0.9500190019607544,0.319924920797348,0.03119838982820511,0.05816418677568436,0.030675722286105156,0.47260120038454323,0.028442351147532463,0.09183673560619354,0.09183673560619354,0.0,0.1751448608612458,0.054486223632797634
aligned_temporal_difference,val,2011_09_26/2011_09_26_drive_0011_sync,200,200,201,0000000200.png,0000000201.png,1,0.1035,False,True,0.005651236046105623,0.990647554397583,0.13660280406475067,0.0033405928406864405,0.03119838982820511,0.019339635968208313,0.3801078813777694,0.01677561178803444,0.06632652878761292,0.06632652878761292,0.0,0.13906701969988539,0.0510493842663595
aligned_temporal_difference,val,2011_09_26/2011_09_26_drive_0011_sync,201,201,202,0000000201.png,0000000202.png,1,0.1035,False,True,0.004902585409581661,0.9921785593032837,0.12682628631591797,0.0025539775379002094,0.0033405928406864405,0.0033405928406864405,0.0,0.002974023576825857,0.0,0.0,0.0,0.05779786190410888,0.0487349192817335
aligned_temporal_difference,val,2011_09_26/2011_09_26_drive_0011_sync,202,202,203,0000000202.png,0000000203.png,1,0.1035,False,True,0.005265035200864077,0.9923046827316284,0.129147469997406,0.0026817412581294775,0.0025539775379002094,0.0025539775379002094,0.0,0.0023443852551281452,0.0,0.0,0.0,0.05053689283978794,0.04868993277219572
aligned_temporal_difference,val,2011_09_26/2011_09_26_drive_0011_sync,203,203,204,0000000203.png,0000000204.png,1,0.1035,False,True,0.004387425724416971,0.9928090572357178,0.1198107898235321,0.0023378338664770126,0.0026817412581294775,0.0026817412581294775,0.0,0.002489079488441348,0.0,0.0,0.0,0.0517855313589566,0.04967589414880247
aligned_temporal_difference,val,2011_09_26/2011_09_26_drive_0011_sync,204,204,205,0000000204.png,0000000205.png,1,0.1035,False,True,0.005387871526181698,0.9913202524185181,0.13275457918643951,0.0032262983731925488,0.0023378338664770126,0.0023378338664770126,0.0,0.0021447588223963976,0.0,0.0,0.0,0.048351151656160295,0.04851194772820648
aligned_temporal_difference,val,2011_09_26/2011_09_26_drive_0011_sync,205,205,206,0000000205.png,0000000206.png,1,0.1035,False,True,0.005923803895711899,0.9902801513671875,0.13974039256572723,0.003701192094013095,0.0032262983731925488,0.0032262983731925488,0.0,0.0028490801341831684,0.0,0.0,0.0,0.05680051384620168,0.048860848905365864
aligned_temporal_difference,val,2011_09_26/2011_09_26_drive_0011_sync,206,206,207,0000000206.png,0000000207.png,1,0.1035,False,True,0.00477184634655714,0.9923858642578125,0.12510570883750916,0.002509175566956401,0.003701192094013095,0.003701192094013095,0.0,0.0033650228288024664,0.0,0.0,0.0,0.06083742346626043,0.04851544880028762
aligned_temporal_difference,val,2011_09_26/2011_09_26_drive_0011_sync,207,207,208,0000000207.png,0000000208.png,1,0.1035,False,True,0.004426951054483652,0.9931683540344238,0.11973391473293304,0.002045365981757641,0.002509175566956401,0.002509175566956401,0.0,0.002317024627700448,0.0,0.0,0.0,0.05009167163268163,0.04854006195605047
aligned_temporal_difference,val,2011_09_26/2011_09_26_drive_0011_sync,208,208,209,0000000208.png,0000000209.png,1,0.1035,False,True,0.004450696986168623,0.9928417205810547,0.12054402381181717,0.002237472217530012,0.002045365981757641,0.002045365981757641,0.0,0.0018720742082223296,0.0,0.0,0.0,0.04522572256755707,0.048979186987950424
aligned_temporal_difference,val,2011_09_26/2011_09_26_drive_0011_sync,209,209,210,0000000209.png,0000000210.png,1,0.1035,False,True,0.00496682757511735,0.9923509359359741,0.12635602056980133,0.0025516310706734657,0.002237472217530012,0.002229065168648958,0.0037573869365558534,0.001979017863050103,0.005102040711790323,0.005102040711790323,0.0,0.04721297669760887,0.04874902517157137
aligned_temporal_difference,val,2011_09_26/2011_09_26_drive_0011_sync,210,210,211,0000000210.png,0000000211.png,1,0.1035,False,True,0.0046971943229436874,0.9924421906471252,0.12358172237873077,0.0024619761388748884,0.0025516310706734657,0.0025516310706734657,0.0,0.002358627039939165,0.0,0.0,0.0,0.050513672116303976,0.0493348436543916
aligned_temporal_difference,val,2011_09_26/2011_09_26_drive_0011_sync,211,211,212,0000000211.png,0000000212.png,1,0.1035,False,True,0.005009723361581564,0.9924288988113403,0.12633687257766724,0.002502218121662736,0.0024619761388748884,0.0024619761388748884,0.0,0.0022986214607954025,0.0,0.0,0.0,0.04961830447400323,0.04901511389523952
aligned_temporal_difference,val,2011_09_26/2011_09_26_drive_0011_sync,212,212,213,0000000212.png,0000000213.png,1,0.1035,False,True,0.00457396125420928,0.9925754070281982,0.12200947850942612,0.0024614823050796986,0.002502218121662736,0.002502218121662736,0.0,0.0023156472016125917,0.0,0.0,0.0,0.0500221762987451,0.04945111289834994
aligned_temporal_difference,val,2011_09_26/2011_09_26_drive_0011_sync,213,213,214,0000000213.png,0000000214.png,1,0.1035,False,True,0.0046903714537620544,0.9927893280982971,0.12273029237985611,0.002245001494884491,0.0024614823050796986,0.0024614823050796986,0.0,0.0022300092969089746,0.0,0.0,0.0,0.04961332789764963,0.048909193927622746
aligned_temporal_difference,val,2011_09_26/2011_09_26_drive_0011_sync,214,214,215,0000000214.png,0000000215.png,1,0.1035,False,True,0.004710578825324774,0.9925919771194458,0.12307658046483994,0.0024551034439355135,0.002245001494884491,0.002245001494884491,0.0,0.002045928267762065,0.0,0.0,0.0,0.04738144673692954,0.049222195217109854
aligned_temporal_difference,val,2011_09_26/2011_09_26_drive_0011_sync,215,215,216,0000000215.png,0000000216.png,1,0.1035,False,True,0.005093169864267111,0.992093563079834,0.12753453850746155,0.0026738157030194998,0.0024551034439355135,0.0024551034439355135,0.0,0.0022539652418345213,0.0,0.0,0.0,0.049549000433263164,0.0492445166822395
aligned_temporal_difference,val,2011_09_26/2011_09_26_drive_0011_sync,216,216,217,0000000216.png,0000000217.png,1,0.1035,False,True,0.005055116023868322,0.9921071529388428,0.1269899159669876,0.002743249526247382,0.0026738157030194998,0.0026738157030194998,0.0,0.002457901369780302,0.0,0.0,0.0,0.051708951865412044,0.049540771804862285
aligned_temporal_difference,val,2011_09_26/2011_09_26_drive_0011_sync,217,217,218,0000000217.png,0000000218.png,1,0.1035,False,True,0.005215551238507032,0.9920761585235596,0.128200501203537,0.002719947835430503,0.002743249526247382,0.002743249526247382,0.0,0.002520303474739194,0.0,0.0,0.0,0.05237603961972862,0.04934124981798478
aligned_temporal_difference,val,2011_09_26/2011_09_26_drive_0011_sync,218,218,219,0000000218.png,0000000219.png,1,0.1035,False,True,0.0045309304259717464,0.993135929107666,0.11921904236078262,0.002055590972304344,0.002719947835430503,0.0026781305205076933,0.015374307690055725,0.0024640776682645082,0.010204081423580647,0.010204081423580647,0.0,0.051750657198799836,0.04961862825092722
aligned_temporal_difference,val,2011_09_26/2011_09_26_drive_0011_sync,219,219,220,0000000219.png,0000000220.png,1,0.1035,False,True,0.0044623808935284615,0.993166446685791,0.11842349171638489,0.0021110782399773598,0.002055590972304344,0.002035469049587846,0.009788874823643266,0.001848928746767342,0.005102040711790323,0.005102040711790323,0.0,0.045116172816273385,0.049720203981262825
aligned_temporal_difference,val,2011_09_26/2011_09_26_drive_0011_sync,220,220,221,0000000220.png,0000000221.png,1,0.1035,False,True,0.004960380960255861,0.9925962686538696,0.12412403523921967,0.002547729993239045,0.0021110782399773598,0.0021110782399773598,0.0,0.001923608360812068,0.0,0.0,0.0,0.04594647146383887,0.04949121840837165
aligned_temporal_difference,val,2011_09_26/2011_09_26_drive_0011_sync,221,221,222,0000000221.png,0000000222.png,1,0.1035,False,True,0.004849158693104982,0.9921256303787231,0.12524697184562683,0.0028583109378814697,0.002547729993239045,0.002547729993239045,0.0,0.0023113128263503313,0.0,0.0,0.0,0.05047504327129443,0.049950792081848924
aligned_temporal_difference,val,2011_09_26/2011_09_26_drive_0011_sync,222,222,223,0000000222.png,0000000223.png,1,0.1035,False,True,0.00468070525676012,0.9932793974876404,0.1211089938879013,0.0020917276851832867,0.0028583109378814697,0.0028583109378814697,0.0,0.002616334240883589,0.0,0.0,0.0,0.053463173660768304,0.048866545343639434
aligned_temporal_difference,val,2011_09_26/2011_09_26_drive_0011_sync,223,223,224,0000000223.png,0000000224.png,1,0.1035,False,True,0.0051566073670983315,0.9916862845420837,0.12883900105953217,0.0030837368685752153,0.0020917276851832867,0.0020917276851832867,0.0,0.0019074814626947045,0.0,0.0,0.0,0.045735409533350486,0.04978639603362256
aligned_temporal_difference,val,2011_09_26/2011_09_26_drive_0011_sync,224,224,225,0000000224.png,0000000225.png,1,0.1035,False,True,0.004900656174868345,0.992314338684082,0.12541626393795013,0.0025824098847806454,0.0030837368685752153,0.0030837368685752153,0.0,0.0028505506925284863,0.0,0.0,0.0,0.05553140434542616,0.0488179816200703
aligned_temporal_difference,val,2011_09_26/2011_09_26_drive_0011_sync,225,225,226,0000000225.png,0000000226.png,1,0.1035,False,True,0.004633988719433546,0.993012547492981,0.12108798325061798,0.0021525556221604347,0.0025824098847806454,0.0025824098847806454,0.0,0.0024279493372887373,0.0,0.0,0.0,0.050817417139998815,0.049009857538549285
aligned_temporal_difference,val,2011_09_26/2011_09_26_drive_0011_sync,226,226,227,0000000226.png,0000000227.png,1,0.1035,False,True,0.004600916523486376,0.9926663041114807,0.12157910317182541,0.0024334283079952,0.0021525556221604347,0.0021525556221604347,0.0,0.002006263704970479,0.0,0.0,0.0,0.04639564227554604,0.04950756143952049
aligned_temporal_difference,val,2011_09_26/2011_09_26_drive_0011_sync,227,227,228,0000000227.png,0000000228.png,1,0.1035,False,True,0.005413558799773455,0.9920960068702698,0.12990283966064453,0.002773340092971921,0.0024334283079952,0.0024334283079952,0.0,0.0021984786726534367,0.0,0.0,0.0,0.049329791282704614,0.04929880970802324
aligned_temporal_difference,val,2011_09_26/2011_09_26_drive_0011_sync,228,228,229,0000000228.png,0000000229.png,1,0.1035,False,True,0.004772362299263477,0.9923074245452881,0.1238982230424881,0.0027681251522153616,0.002773340092971921,0.002773340092971921,0.0,0.002577366540208459,0.0,0.0,0.0,0.05266251126723754,0.04977335131057991
aligned_temporal_difference,val,2011_09_26/2011_09_26_drive_0011_sync,229,229,230,0000000229.png,0000000230.png,1,0.1035,False,True,0.005193615332245827,0.9920607805252075,0.12836164236068726,0.002833561273291707,0.0027681251522153616,0.0027681251522153616,0.0,0.0025953291915357113,0.0,0.0,0.0,0.05261297513176157,0.04919433357106243
aligned_temporal_difference,val,2011_09_26/2011_09_26_drive_0011_sync,230,230,231,0000000230.png,0000000231.png,1,0.1035,False,True,0.005553093273192644,0.9910144209861755,0.1340562403202057,0.003519929712638259,0.002833561273291707,0.002833561273291707,0.0,0.002689304295927286,0.0,0.0,0.0,0.05323120582225906,0.04923927535748657
aligned_temporal_difference,val,2011_09_26/2011_09_26_drive_0011_sync,231,231,232,0000000231.png,0000000232.png,1,0.1035,False,True,0.005765404086560011,0.9918832778930664,0.13353581726551056,0.003112013218924403,0.003519929712638259,0.003519929712638259,0.0,0.003352272091433406,0.0,0.0,0.0,0.05932899554718805,0.04892321863525398
